name,country,price,rating,image_url,bottle_image_url,region,winery,flavor,food_pairing,grapes
Charles Smith Kung Fu Girl Riesling 2018,United States,19.96,3.8,images/Charles_Smith_Kung_Fu_Girl_Riesling_2018.png,images/bottle_Charles_Smith_Kung_Fu_Girl_Riesling_2018.png,Washington,Charles Smith,"tree fruit, citrus fruit, earth, tropical fruit, microbio, vegetal, floral, oak, spices, non oak, red fruit, black fruit, dried fruit","Pork, Shellfish, Spicy food, Poultry, Cured Meat",Riesling
Long Shadows Poet's Leap Riesling 2024,United States,20,4,images/Long_Shadows_Poets_Leap_Riesling_2024.png,images/bottle_Long_Shadows_Poets_Leap_Riesling_2024.png,Columbia Valley,Long Shadows,"tree fruit, citrus fruit, earth, tropical fruit, floral, microbio, vegetal, oak, spices, non oak, red fruit, black fruit, dried fruit","Pork, Shellfish, Spicy food, Poultry, Cured Meat",Riesling
Pacific Rim Dry Riesling 2022,United States,19.99,3.7,images/Pacific_Rim_Dry_Riesling_2022.png,images/bottle_Pacific_Rim_Dry_Riesling_2022.png,Columbia Valley,Pacific Rim,"tree fruit, citrus fruit, earth, floral, tropical fruit, microbio, oak, red fruit, spices, vegetal, non oak, black fruit, dried fruit","Pork, Shellfish, Spicy food, Poultry, Cured Meat",Riesling
Dr. Loosen Dr. L Riesling 2015,Germany,12.99,3.8,images/Dr_Loosen_Dr_L_Riesling_2015.png,images/bottle_Dr_Loosen_Dr_L_Riesling_2015.png,Mosel,Dr. Loosen,"tree fruit, citrus fruit, earth, tropical fruit, microbio, floral, vegetal, oak, spices, non oak, red fruit, dried fruit, black fruit","Pork, Shellfish, Spicy food, Poultry, Cured Meat",Riesling
Trimbach Riesling Alsace 2017,France,24.66,3.7,images/Trimbach_Riesling_Alsace_2017.png,images/bottle_Trimbach_Riesling_Alsace_2017.png,Alsace,Trimbach,"citrus fruit, tree fruit, earth, tropical fruit, microbio, vegetal, oak, floral, spices, non oak, red fruit, black fruit, dried fruit","Pork, Rich fish (salmon, tuna etc), Spicy food, Vegetarian, Cured Meat",Riesling
El Enemigo Cabernet Franc 2021,Argentina,27.99,4.3,images/El_Enemigo_Cabernet_Franc_2021.png,images/bottle_El_Enemigo_Cabernet_Franc_2021.png,Mendoza,El Enemigo,"oak, black fruit, non oak, spices, earth, red fruit, microbio, floral, vegetal, dried fruit, citrus fruit, tree fruit, tropical fruit","Beef, Lamb, Pork, Vegetarian, Poultry, Goat's Milk Cheese",Cabernet Franc
Lieu Dit Cabernet Franc 2023,United States,29.99,4,images/Lieu_Dit_Cabernet_Franc_2023.png,images/bottle_Lieu_Dit_Cabernet_Franc_2023.png,Santa Ynez Valley,Lieu Dit,"red fruit, earth, spices, oak, black fruit, non oak, vegetal, floral, microbio, dried fruit, tree fruit, citrus fruit, tropical fruit","Beef, Pork, Game (deer, venison), Poultry",Cabernet Franc
Chateau Ste. Michelle Riesling 2019,United States,15.26,3.8,images/Chateau_Ste_Michelle_Riesling_2019.png,images/bottle_Chateau_Ste_Michelle_Riesling_2019.png,Columbia Valley,Chateau Ste. Michelle,"tree fruit, citrus fruit, earth, tropical fruit, microbio, oak, vegetal, floral, spices, non oak, red fruit, black fruit, dried fruit","Pork, Shellfish, Spicy food, Poultry, Cured Meat",Riesling
Domaine Ostertag Muenchberg Riesling 2022,France,89.99,4.2,images/Domaine_Ostertag_Muenchberg_Riesling_2022.png,images/bottle_Domaine_Ostertag_Muenchberg_Riesling_2022.png,Alsace Grand Cru 'Muenchberg',Domaine Ostertag,"tree fruit, earth, citrus fruit, tropical fruit, microbio, oak, non oak, floral, spices, vegetal, dried fruit","Pork, Rich fish (salmon, tuna etc), Spicy food, Vegetarian, Cured Meat",Riesling
Bouvet Ladubay Bouvet Excellence Crémant de Loire Rosé Brut,France,16.99,3.9,images/Bouvet_Ladubay_Bouvet_Excellence_Crmant_de_Loire_R.png,images/bottle_Bouvet_Ladubay_Bouvet_Excellence_Crmant_de_.png,Crémant de Loire,Bouvet Ladubay,"red fruit, microbio, tree fruit, citrus fruit, non oak, earth, oak, spices, vegetal, floral, black fruit, tropical fruit, dried fruit","Shellfish, Poultry, Appetizers and snacks, Lean fish, Aperitif","Chardonnay, Pinot Gris, Pinot Noir, Roussanne, Pinot Blanc, Auxerrois"
Dr. Loosen Dr. L Riesling 2022,Germany,14.99,4,images/Dr_Loosen_Dr_L_Riesling_2022.png,images/bottle_Dr_Loosen_Dr_L_Riesling_2022.png,Mosel,Dr. Loosen,"tree fruit, citrus fruit, earth, tropical fruit, microbio, floral, vegetal, oak, spices, non oak, red fruit, dried fruit, black fruit","Pork, Shellfish, Spicy food, Poultry, Cured Meat",Riesling
El Enemigo Cabernet Franc 2022,Argentina,31.99,4.3,images/El_Enemigo_Cabernet_Franc_2022.png,images/bottle_El_Enemigo_Cabernet_Franc_2022.png,Mendoza,El Enemigo,"oak, black fruit, non oak, spices, earth, red fruit, microbio, floral, vegetal, dried fruit, citrus fruit, tree fruit, tropical fruit","Beef, Lamb, Pork, Vegetarian, Poultry, Goat's Milk Cheese",Cabernet Franc
Von Winning Riesling Winnings 2023,Germany,21.99,3.9,images/Von_Winning_Riesling_Winnings_2023.png,images/bottle_Von_Winning_Riesling_Winnings_2023.png,Pfalz,Von Winning,"tree fruit, citrus fruit, earth, tropical fruit, microbio, oak, spices, floral, vegetal, non oak, dried fruit, red fruit","Pork, Shellfish, Spicy food, Poultry, Cured Meat",Riesling
Trimbach Riesling Alsace 2020,France,24.99,3.8,images/Trimbach_Riesling_Alsace_2020.png,images/bottle_Trimbach_Riesling_Alsace_2020.png,Alsace,Trimbach,"citrus fruit, tree fruit, earth, tropical fruit, microbio, vegetal, oak, floral, spices, non oak, red fruit, black fruit, dried fruit","Pork, Rich fish (salmon, tuna etc), Spicy food, Vegetarian, Cured Meat",Riesling
Dönnhoff Niederhäuser Hermannshöhle Riesling Spätlese 2023,Germany,70,4.2,images/Dnnhoff_Niederhuser_Hermannshhle_Riesling_Sptlese_.png,images/bottle_Dnnhoff_Niederhuser_Hermannshhle_Riesling_S.png,Nahe,Dönnhoff,"earth, tree fruit, citrus fruit, tropical fruit, microbio, oak, floral, non oak, vegetal, spices, dried fruit, red fruit, black fruit","Pork, Shellfish, Spicy food, Poultry, Cured Meat",Riesling
Dr. Loosen Dr. L Riesling 2023,Germany,12.99,3.9,images/Dr_Loosen_Dr_L_Riesling_2023.png,images/bottle_Dr_Loosen_Dr_L_Riesling_2023.png,Mosel,Dr. Loosen,"tree fruit, citrus fruit, earth, tropical fruit, microbio, floral, vegetal, oak, spices, non oak, red fruit, dried fruit, black fruit","Pork, Shellfish, Spicy food, Poultry, Cured Meat",Riesling
Leitz Eins Zwei Zero Riesling,Germany,15.49,3.3,images/Leitz_Eins_Zwei_Zero_Riesling.png,images/bottle_Leitz_Eins_Zwei_Zero_Riesling.png,Rüdesheim,Leitz,"tree fruit, citrus fruit, earth, tropical fruit, floral, vegetal, microbio, red fruit, spices","Pork, Shellfish, Spicy food, Poultry, Cured Meat",Riesling
Bernard Baudry La Croix Boissée Chinon Rouge 2021,France,56.99,4,images/Bernard_Baudry_La_Croix_Boisse_Chinon_Rouge_2021.png,images/bottle_Bernard_Baudry_La_Croix_Boisse_Chinon_Rouge.png,Chinon,Bernard Baudry,"earth, oak, red fruit, black fruit, non oak, spices, vegetal, microbio, floral, tree fruit, dried fruit, citrus fruit","Lamb, Vegetarian, Poultry, Goat's Milk Cheese",Cabernet Franc
Selbach-Oster Riesling Kabinett 2022,Germany,24,3.9,images/Selbach_Oster_Riesling_Kabinett_2022.png,images/bottle_Selbach_Oster_Riesling_Kabinett_2022.png,Mosel,Selbach-Oster,"tree fruit, earth, citrus fruit, tropical fruit, vegetal, microbio, floral, oak, non oak, spices, dried fruit, red fruit","Pork, Shellfish, Spicy food, Poultry, Cured Meat",Riesling
Schmitt Söhne Riesling 2018,Germany,14.08,3.7,images/Schmitt_Shne_Riesling_2018.png,images/bottle_Schmitt_Shne_Riesling_2018.png,Mosel,Schmitt Söhne,"tree fruit, citrus fruit, earth, microbio, tropical fruit, red fruit, spices, floral, vegetal, oak, non oak","Pork, Shellfish, Spicy food, Poultry, Cured Meat",Riesling
Peter Lauer Barrel X Riesling 2024,Germany,22.99,4.1,images/Peter_Lauer_Barrel_X_Riesling_2024.png,images/bottle_Peter_Lauer_Barrel_X_Riesling_2024.png,Mosel,Peter Lauer,"tree fruit, earth, citrus fruit, tropical fruit, floral, vegetal, microbio, oak, spices, non oak, black fruit, red fruit","Pork, Shellfish, Spicy food, Poultry, Cured Meat",Riesling
Van Volxem Goldberg Riesling 2007,Germany,85,4,images/Van_Volxem_Goldberg_Riesling_2007.png,images/bottle_Van_Volxem_Goldberg_Riesling_2007.png,Wawern,Van Volxem,"earth, tree fruit, citrus fruit, tropical fruit, oak, vegetal, spices, non oak, floral, microbio","Pork, Shellfish, Spicy food, Poultry, Cured Meat",Riesling
Field Recordings Franc 2023,United States,25,3.8,images/Field_Recordings_Franc_2023.png,images/bottle_Field_Recordings_Franc_2023.png,Paso Robles,Field Recordings,"red fruit, spices, black fruit, oak, earth, non oak, vegetal, microbio, dried fruit, floral, tree fruit, citrus fruit, tropical fruit","Beef, Pork, Game (deer, venison), Poultry",Cabernet Franc
Joh. Jos. Prüm Bernkasteler Badstube Riesling Kabinett 2022,Germany,54.99,4.1,images/Joh_Jos_Prm_Bernkasteler_Badstube_Riesling_Kabinet.png,images/bottle_Joh_Jos_Prm_Bernkasteler_Badstube_Riesling_.png,Bernkastel,Joh. Jos. Prüm,"tree fruit, earth, citrus fruit, tropical fruit, floral, vegetal, microbio, non oak, oak, dried fruit, black fruit, spices","Pork, Shellfish, Spicy food, Poultry, Cured Meat",Riesling
Emrich-Schönleber Frühlingsplätzchen Riesling GG 2023,Germany,110.99,4.2,images/Emrich_Schnleber_Frhlingspltzchen_Riesling_GG_2023.png,images/bottle_Emrich_Schnleber_Frhlingspltzchen_Riesling_.png,Nahe,Emrich-Schönleber,"earth, tree fruit, citrus fruit, tropical fruit, vegetal, microbio, non oak, oak, spices, black fruit, floral, red fruit, dried fruit","Pork, Shellfish, Spicy food, Poultry, Cured Meat",Riesling
Dr. Hermann H Riesling 2023,Germany,17.99,3.9,images/Dr_Hermann_H_Riesling_2023.png,images/bottle_Dr_Hermann_H_Riesling_2023.png,Mosel,Dr. Hermann,"tree fruit, earth, citrus fruit, floral, tropical fruit, oak, microbio, spices, non oak, vegetal, black fruit, red fruit, dried fruit","Pork, Shellfish, Spicy food, Poultry, Cured Meat",Riesling
Selbach-Oster Riesling Trocken 2023,Germany,15.99,3.8,images/Selbach_Oster_Riesling_Trocken_2023.png,images/bottle_Selbach_Oster_Riesling_Trocken_2023.png,Mosel,Selbach-Oster,"tree fruit, citrus fruit, earth, tropical fruit, microbio, oak, vegetal, non oak, floral, spices, black fruit, red fruit, dried fruit","Pork, Shellfish, Spicy food, Poultry, Cured Meat",Riesling
Ökonomierat Rebholz Ganz Horn Im Sonnenschein GG 2021,Germany,129.99,4.2,images/konomierat_Rebholz_Ganz_Horn_Im_Sonnenschein_GG_20.png,images/bottle_konomierat_Rebholz_Ganz_Horn_Im_Sonnenschei.png,Pfalz,Ökonomierat Rebholz,"tree fruit, earth, citrus fruit, tropical fruit, spices, non oak, oak, floral, microbio, dried fruit, vegetal, red fruit, black fruit","Pork, Shellfish, Spicy food, Poultry, Cured Meat",Riesling
B. Lovely Late Harvest Riesling 2023,United States,15.97,3.9,images/B_Lovely_Late_Harvest_Riesling_2023.jpg,,Washington,B. Lovely,"tree fruit, earth, floral, citrus fruit, tropical fruit, oak, microbio, spices, vegetal, dried fruit, non oak, red fruit, black fruit",,
Domaine des Nouelles Rosé d'Anjou 2024,France,12.99,3.9,images/Domaine_des_Nouelles_Ros_dAnjou_2024.png,images/bottle_Domaine_des_Nouelles_Ros_dAnjou_2024.png,Rosé d'Anjou,Domaine des Nouelles,"red fruit, tree fruit, citrus fruit, earth, oak, microbio, spices, vegetal, non oak, floral, tropical fruit, dried fruit, black fruit","Lamb, Rich fish (salmon, tuna etc), Poultry, Mild and soft cheese, Cured Meat",
Robert Weil Kiedrich Gräfenberg Riesling Auslese 2020,Germany,79.99,4.3,images/Robert_Weil_Kiedrich_Grfenberg_Riesling_Auslese_20.png,images/bottle_Robert_Weil_Kiedrich_Grfenberg_Riesling_Aus.png,Rheingau,Robert Weil,"tree fruit, earth, citrus fruit, tropical fruit, oak, non oak, spices, microbio, dried fruit, vegetal, floral, red fruit","Pork, Shellfish, Spicy food, Poultry, Cured Meat",Riesling
La Jota Cabernet Franc 1994,United States,190,4.4,images/La_Jota_Cabernet_Franc_1994.png,images/bottle_La_Jota_Cabernet_Franc_1994.png,Howell Mountain,La Jota,"black fruit, oak, earth, spices, non oak, red fruit, vegetal, microbio, floral, dried fruit, tree fruit","Beef, Pork, Game (deer, venison), Poultry",Cabernet Franc
Spring Valley Vineyard Katherine Corkrum Cabernet Franc 2022,United States,65,4.2,images/Spring_Valley_Vineyard_Katherine_Corkrum_Cabernet_.png,images/bottle_Spring_Valley_Vineyard_Katherine_Corkrum_Ca.png,Walla Walla Valley,Spring Valley Vineyard,"red fruit, oak, earth, black fruit, spices, non oak, vegetal, microbio, floral, dried fruit, citrus fruit, tree fruit","Beef, Lamb, Vegetarian, Poultry, Goat's Milk Cheese",Cabernet Franc
Spring Valley Vineyard Katherine Corkrum Cabernet Franc 2019,United States,65,4.2,images/Spring_Valley_Vineyard_Katherine_Corkrum_Cabernet_.png,images/bottle_Spring_Valley_Vineyard_Katherine_Corkrum_Ca.png,Walla Walla Valley,Spring Valley Vineyard,"red fruit, oak, earth, black fruit, spices, non oak, vegetal, microbio, floral, dried fruit, citrus fruit, tree fruit","Beef, Lamb, Vegetarian, Poultry, Goat's Milk Cheese",Cabernet Franc
Spring Valley Vineyard Katherine Corkrum Cabernet Franc 2018,United States,65,4.2,images/Spring_Valley_Vineyard_Katherine_Corkrum_Cabernet_.png,images/bottle_Spring_Valley_Vineyard_Katherine_Corkrum_Ca.png,Walla Walla Valley,Spring Valley Vineyard,"red fruit, oak, earth, black fruit, spices, non oak, vegetal, microbio, floral, dried fruit, citrus fruit, tree fruit","Beef, Lamb, Vegetarian, Poultry, Goat's Milk Cheese",Cabernet Franc
Spring Valley Vineyard Katherine Corkrum Cabernet Franc 2021,United States,65,4.2,images/Spring_Valley_Vineyard_Katherine_Corkrum_Cabernet_.png,images/bottle_Spring_Valley_Vineyard_Katherine_Corkrum_Ca.png,Walla Walla Valley,Spring Valley Vineyard,"red fruit, oak, earth, black fruit, spices, non oak, vegetal, microbio, floral, dried fruit, citrus fruit, tree fruit","Beef, Lamb, Vegetarian, Poultry, Goat's Milk Cheese",Cabernet Franc
Fritz Windisch Niersteiner Spiegelberg Riesling Kabinett 2022,Germany,15.99,3.8,images/Fritz_Windisch_Niersteiner_Spiegelberg_Riesling_Ka.png,images/bottle_Fritz_Windisch_Niersteiner_Spiegelberg_Ries.png,Nierstein,Fritz Windisch,"tree fruit, earth, citrus fruit, floral, oak, tropical fruit, microbio, spices, vegetal, non oak, red fruit, dried fruit, black fruit","Pork, Shellfish, Spicy food, Poultry, Cured Meat",Riesling
McBride Sisters Black Girl Magic Riesling 2021,United States,23.99,3.9,images/McBride_Sisters_Black_Girl_Magic_Riesling_2021.png,images/bottle_McBride_Sisters_Black_Girl_Magic_Riesling_2.png,California,McBride Sisters,"tree fruit, earth, citrus fruit, tropical fruit, floral, vegetal, microbio, oak, spices, black fruit, red fruit, non oak","Pork, Shellfish, Spicy food, Poultry, Cured Meat",Riesling
Grosset Alea Riesling 2024,Australia,49.99,4,images/Grosset_Alea_Riesling_2024.png,images/bottle_Grosset_Alea_Riesling_2024.png,Clare Valley,Grosset,"citrus fruit, tree fruit, earth, tropical fruit, microbio, spices, vegetal, oak, floral, non oak, red fruit","Pork, Shellfish, Poultry, Appetizers and snacks, Cured Meat",Riesling
Von Winning Riesling Extra Brut,Germany,29.99,3.8,images/Von_Winning_Riesling_Extra_Brut.png,images/bottle_Von_Winning_Riesling_Extra_Brut.png,Pfalz,Von Winning,"tree fruit, citrus fruit, earth, microbio, vegetal, spices, oak, non oak, tropical fruit, floral, black fruit","Poultry, Appetizers and snacks, Lean fish, Aperitif","Chardonnay, Gewürztraminer, Riesling, Grauburgunder, Silvaner, Kerner, Weissburgunder, Huxelrebe"
Tenuta di Trinoro Toscana Le Cupole Rosso 2021,Italy,39,4.1,images/Tenuta_di_Trinoro_Toscana_Le_Cupole_Rosso_2021.png,images/bottle_Tenuta_di_Trinoro_Toscana_Le_Cupole_Rosso_2.png,Toscana,Tenuta di Trinoro,"oak, earth, red fruit, non oak, black fruit, spices, microbio, dried fruit, floral, vegetal, citrus fruit, tree fruit, tropical fruit","Beef, Lamb, Veal, Poultry, Cured Meat","Cabernet Sauvignon, Merlot, Sangiovese, Canaiolo Nero"
Reichsgraf von Kesselstatt Scharzhofberger Riesling Spatlese 2018,Germany,23.71,4.2,images/Reichsgraf_von_Kesselstatt_Scharzhofberger_Rieslin.png,images/bottle_Reichsgraf_von_Kesselstatt_Scharzhofberger_.png,Mosel,Reichsgraf von Kesselstatt,"tree fruit, earth, citrus fruit, tropical fruit, microbio, oak, spices, non oak, dried fruit, floral, vegetal, black fruit","Pork, Shellfish, Spicy food, Poultry, Cured Meat",Riesling
Joh. Jos. Prüm Bernkasteler Badstube Riesling Spätlese 2022,Germany,71.99,4.2,images/Joh_Jos_Prm_Bernkasteler_Badstube_Riesling_Sptlese.png,images/bottle_Joh_Jos_Prm_Bernkasteler_Badstube_Riesling_.png,Bernkastel,Joh. Jos. Prüm,"tree fruit, earth, citrus fruit, floral, tropical fruit, microbio, spices, oak, non oak, vegetal, dried fruit","Pork, Shellfish, Spicy food, Poultry, Cured Meat",Riesling
Blue Nun 24K Gold Edition Sparkling,Germany,18.95,3.5,images/Blue_Nun_24K_Gold_Edition_Sparkling.png,images/bottle_Blue_Nun_24K_Gold_Edition_Sparkling.png,Rheinhessen,Blue Nun,"tree fruit, citrus fruit, earth, tropical fruit, vegetal, microbio, oak, floral, non oak","Poultry, Appetizers and snacks, Lean fish, Aperitif","Chardonnay, Gewürztraminer, Riesling, Grauburgunder, Silvaner, Kerner, Weissburgunder, Huxelrebe"
Tenuta di Trinoro Toscana Campo di Magnacosta  Rosso 2020,Italy,125,4.2,images/Tenuta_di_Trinoro_Toscana_Campo_di_Magnacosta_Ross.png,images/bottle_Tenuta_di_Trinoro_Toscana_Campo_di_Magnacos.png,Toscana,Tenuta di Trinoro,"red fruit, oak, black fruit, earth, non oak, spices, microbio, vegetal, floral, dried fruit, citrus fruit, tropical fruit","Beef, Lamb, Veal, Poultry, Cured Meat","Cabernet Sauvignon, Merlot, Sangiovese, Canaiolo Nero"
Blue Vin Riesling 2024,Germany,11.97,3.8,images/Blue_Vin_Riesling_2024.jpg,,Mosel,Blue Vin,"tree fruit, citrus fruit, earth, microbio, tropical fruit, spices, red fruit, floral, vegetal, oak","Pork, Shellfish, Spicy food, Poultry, Cured Meat",Riesling
Franz Hirtzberger Ried Setzberg - Riesling Smaragd 2023,Austria,95.99,4.3,images/Franz_Hirtzberger_Ried_Setzberg_Riesling_Smaragd_2.jpg,,Wachau,Franz Hirtzberger,"citrus fruit, earth, tree fruit, tropical fruit, microbio, vegetal, non oak, spices, oak, floral, red fruit","Pork, Shellfish, Spicy food, Poultry, Cured Meat",Riesling
Guy Saget Marie de Beauregard Chinon 2019,France,19.99,3.7,images/Guy_Saget_Marie_de_Beauregard_Chinon_2019.png,images/bottle_Guy_Saget_Marie_de_Beauregard_Chinon_2019.png,Chinon,Guy Saget,"red fruit, spices, earth, black fruit, oak, non oak, vegetal, microbio, dried fruit, citrus fruit, floral, tree fruit","Lamb, Vegetarian, Poultry, Goat's Milk Cheese",Cabernet Franc
Joh. Jos. Prüm Zeltinger Sonnenuhr Riesling Spätlese 2022,Germany,87,4.2,images/Joh_Jos_Prm_Zeltinger_Sonnenuhr_Riesling_Sptlese_2.png,images/bottle_Joh_Jos_Prm_Zeltinger_Sonnenuhr_Riesling_Sp.png,Zeltingen,Joh. Jos. Prüm,"tree fruit, earth, citrus fruit, tropical fruit, floral, microbio, vegetal, non oak, dried fruit, oak, spices, black fruit, red fruit","Pork, Shellfish, Spicy food, Poultry, Cured Meat",Riesling
Trimbach Riesling Alsace 2022,France,16.99,3.9,images/Trimbach_Riesling_Alsace_2022.png,images/bottle_Trimbach_Riesling_Alsace_2022.png,Alsace,Trimbach,"citrus fruit, tree fruit, earth, tropical fruit, microbio, vegetal, oak, floral, spices, non oak, red fruit, black fruit, dried fruit","Pork, Rich fish (salmon, tuna etc), Spicy food, Vegetarian, Cured Meat",Riesling
Achaval-Ferrer Cabernet Franc 2016,Argentina,19.99,3.9,images/Achaval_Ferrer_Cabernet_Franc_2016.png,images/bottle_Achaval_Ferrer_Cabernet_Franc_2016.png,Mendoza,Achaval-Ferrer,"oak, red fruit, earth, black fruit, non oak, spices, vegetal, microbio, floral, citrus fruit, dried fruit, tree fruit","Beef, Lamb, Pork, Vegetarian, Poultry, Goat's Milk Cheese",Cabernet Franc
Clean Slate Riesling 2019,Germany,10.99,3.9,images/Clean_Slate_Riesling_2019.png,images/bottle_Clean_Slate_Riesling_2019.png,Mosel,Clean Slate,"tree fruit, citrus fruit, earth, tropical fruit, microbio, vegetal, floral, oak, spices, non oak, red fruit, dried fruit, black fruit","Pork, Shellfish, Spicy food, Poultry, Cured Meat",Riesling
Pichler-Krutzler Loibenberg Riesling 2022,Austria,83.99,4,images/Pichler_Krutzler_Loibenberg_Riesling_2022.png,images/bottle_Pichler_Krutzler_Loibenberg_Riesling_2022.png,Wachau,Pichler-Krutzler,"tree fruit, earth, citrus fruit, microbio, oak, spices, vegetal, non oak, tropical fruit, floral, red fruit","Pork, Shellfish, Spicy food, Poultry, Cured Meat",Riesling
J & H Selbach Incline Riesling 2020,Germany,10.99,4,images/J_H_Selbach_Incline_Riesling_2020.png,images/bottle_J_H_Selbach_Incline_Riesling_2020.png,Mosel,J & H Selbach,"tree fruit, citrus fruit, earth, vegetal, microbio, tropical fruit, floral, oak, spices, non oak, red fruit","Pork, Shellfish, Spicy food, Poultry, Cured Meat",Riesling
Dönnhoff Riesling Trocken 2023,Germany,19.99,3.9,images/Dnnhoff_Riesling_Trocken_2023.png,images/bottle_Dnnhoff_Riesling_Trocken_2023.png,Nahe,Dönnhoff,"tree fruit, citrus fruit, earth, tropical fruit, vegetal, microbio, floral, oak, non oak, spices, red fruit, black fruit, dried fruit","Pork, Shellfish, Spicy food, Poultry, Cured Meat",Riesling
Mascota Vineyards La Mascota Cabernet Franc 2022,Argentina,16.97,3.9,images/Mascota_Vineyards_La_Mascota_Cabernet_Franc_2022.png,images/bottle_Mascota_Vineyards_La_Mascota_Cabernet_Franc.png,Mendoza,Mascota Vineyards,"oak, black fruit, spices, earth, non oak, red fruit, vegetal, microbio, floral, dried fruit, tree fruit, citrus fruit","Beef, Lamb, Pork, Vegetarian, Poultry, Goat's Milk Cheese",Cabernet Franc
Willi Schaefer Graacher Domprobst Riesling Auslese 2004,Germany,153,4.3,images/Willi_Schaefer_Graacher_Domprobst_Riesling_Auslese.png,images/bottle_Willi_Schaefer_Graacher_Domprobst_Riesling_.png,Mosel,Willi Schaefer,"earth, tree fruit, citrus fruit, tropical fruit, floral, microbio, oak, spices, dried fruit, non oak, red fruit, black fruit, vegetal","Pork, Shellfish, Spicy food, Poultry, Cured Meat",Riesling
Willi Schaefer Graacher Domprobst Riesling Auslese 2002,Germany,151,4.3,images/Willi_Schaefer_Graacher_Domprobst_Riesling_Auslese.png,images/bottle_Willi_Schaefer_Graacher_Domprobst_Riesling_.png,Mosel,Willi Schaefer,"earth, tree fruit, citrus fruit, tropical fruit, floral, microbio, oak, spices, dried fruit, non oak, red fruit, black fruit, vegetal","Pork, Shellfish, Spicy food, Poultry, Cured Meat",Riesling
Peter Lauer Kern Ayler Kupp Fass 9 2023,Germany,49.99,4.3,images/Peter_Lauer_Kern_Ayler_Kupp_Fass_9_2023.png,images/bottle_Peter_Lauer_Kern_Ayler_Kupp_Fass_9_2023.png,Mosel,Peter Lauer,"tree fruit, citrus fruit, earth, tropical fruit, floral, oak, non oak, microbio, spices, black fruit, red fruit, vegetal","Pork, Shellfish, Spicy food, Poultry, Cured Meat",Riesling
Château de Coulaine Les Picasses Chinon 2021,France,29.99,3.9,images/Chteau_de_Coulaine_Les_Picasses_Chinon_2021.png,images/bottle_Chteau_de_Coulaine_Les_Picasses_Chinon_2021.png,Chinon,Château de Coulaine,"red fruit, earth, spices, oak, non oak, black fruit, dried fruit, microbio, vegetal, floral","Lamb, Vegetarian, Poultry, Goat's Milk Cheese",Cabernet Franc
Charles Joguet Chinon Rosé 2023,France,27.99,4,images/Charles_Joguet_Chinon_Ros_2023.png,images/bottle_Charles_Joguet_Chinon_Ros_2023.png,Chinon,Charles Joguet,"red fruit, earth, tree fruit, citrus fruit, microbio, vegetal, oak, spices, non oak, tropical fruit, floral, black fruit","Lamb, Rich fish (salmon, tuna etc), Poultry, Mild and soft cheese, Cured Meat",
Domaine Ostertag Clos Mathis Riesling 2022,France,61.99,4,images/Domaine_Ostertag_Clos_Mathis_Riesling_2022.png,images/bottle_Domaine_Ostertag_Clos_Mathis_Riesling_2022.png,Alsace,Domaine Ostertag,"earth, citrus fruit, tree fruit, microbio, spices, oak, tropical fruit, floral, vegetal, non oak, black fruit, dried fruit","Pork, Rich fish (salmon, tuna etc), Spicy food, Vegetarian, Cured Meat",Riesling
Painted Rock Estate Grown Cabernet Franc 2022,Canada,60,4.2,images/Painted_Rock_Estate_Grown_Cabernet_Franc_2022.png,images/bottle_Painted_Rock_Estate_Grown_Cabernet_Franc_20.png,Skaha Bench,Painted Rock,"black fruit, oak, spices, non oak, red fruit, earth, vegetal, microbio, floral, dried fruit, tree fruit","Beef, Pork, Game (deer, venison), Poultry",Cabernet Franc
Painted Rock Estate Grown Cabernet Franc 2007,Canada,38.56,4.2,images/Painted_Rock_Estate_Grown_Cabernet_Franc_2007.png,images/bottle_Painted_Rock_Estate_Grown_Cabernet_Franc_20.png,Skaha Bench,Painted Rock,"black fruit, oak, spices, non oak, red fruit, earth, vegetal, microbio, floral, dried fruit, tree fruit","Beef, Pork, Game (deer, venison), Poultry",Cabernet Franc
Pierre Sparr Riesling 2022,France,14.99,3.6,images/Pierre_Sparr_Riesling_2022.png,images/bottle_Pierre_Sparr_Riesling_2022.png,Alsace,Pierre Sparr,"tree fruit, citrus fruit, earth, floral, microbio, tropical fruit, vegetal, spices, oak, red fruit, non oak, dried fruit","Pork, Rich fish (salmon, tuna etc), Spicy food, Vegetarian, Cured Meat",Riesling
Gut Hermannsberg Riesling Brut,Germany,34,3.9,images/Gut_Hermannsberg_Riesling_Brut.png,images/bottle_Gut_Hermannsberg_Riesling_Brut.png,Nahe,Gut Hermannsberg,"tree fruit, citrus fruit, earth, microbio, non oak, oak, tropical fruit, black fruit, spices","Poultry, Appetizers and snacks, Lean fish, Aperitif","Chardonnay, Gewürztraminer, Riesling, Grauburgunder, Silvaner, Kerner, Weissburgunder, Huxelrebe"
Hugel Riesling Grossi Laüe 2012,France,66,4.3,images/Hugel_Riesling_Grossi_Lae_2012.png,images/bottle_Hugel_Riesling_Grossi_Lae_2012.png,Alsace,Hugel,"earth, citrus fruit, tree fruit, tropical fruit, oak, microbio, floral, non oak, vegetal, spices, red fruit, dried fruit, black fruit","Pork, Rich fish (salmon, tuna etc), Spicy food, Vegetarian, Cured Meat",Riesling
Leitz Riesling Leitz Out 2022,Germany,17.99,3.9,images/Leitz_Riesling_Leitz_Out_2022.png,images/bottle_Leitz_Riesling_Leitz_Out_2022.png,Rheingau,Leitz,"tree fruit, earth, citrus fruit, tropical fruit, red fruit, microbio, floral, vegetal, oak, black fruit, spices, dried fruit, non oak","Pork, Shellfish, Spicy food, Poultry, Cured Meat",Riesling
Gaspard Cabernet Franc 2022,France,18.99,3.9,images/Gaspard_Cabernet_Franc_2022.png,images/bottle_Gaspard_Cabernet_Franc_2022.png,Touraine,Gaspard,"earth, oak, red fruit, black fruit, non oak, spices, vegetal, dried fruit, microbio, tree fruit, floral","Lamb, Vegetarian, Poultry, Goat's Milk Cheese",Cabernet Franc
Thirsty Owl Wine Company Dry Riesling 2023,United States,16.99,3.8,images/Thirsty_Owl_Wine_Company_Dry_Riesling_2023.png,images/bottle_Thirsty_Owl_Wine_Company_Dry_Riesling_2023.png,Finger Lakes,Thirsty Owl Wine Company,"tree fruit, citrus fruit, earth, oak, non oak, tropical fruit, vegetal, spices, floral, microbio, dried fruit, red fruit","Pork, Shellfish, Spicy food, Vegetarian, Cured Meat",Riesling
Trimbach Riesling Alsace Réserve 2022,France,29,3.9,images/Trimbach_Riesling_Alsace_Rserve_2022.png,images/bottle_Trimbach_Riesling_Alsace_Rserve_2022.png,Alsace,Trimbach,"citrus fruit, tree fruit, earth, microbio, tropical fruit, oak, vegetal, floral, non oak, spices, red fruit, dried fruit, black fruit","Pork, Rich fish (salmon, tuna etc), Spicy food, Vegetarian, Cured Meat",Riesling
Joh. Jos. Prüm Wehlener Sonnenuhr Riesling Kabinett 2020,Germany,56,4.1,images/Joh_Jos_Prm_Wehlener_Sonnenuhr_Riesling_Kabinett_2.png,images/bottle_Joh_Jos_Prm_Wehlener_Sonnenuhr_Riesling_Kab.png,Wehlen,Joh. Jos. Prüm,"earth, tree fruit, citrus fruit, tropical fruit, floral, microbio, oak, vegetal, non oak, spices, dried fruit, red fruit, black fruit","Pork, Shellfish, Spicy food, Poultry, Cured Meat",Riesling
M. Bonnamy Crémant de Loire Brut Rosé,France,22.2,3.8,images/M_Bonnamy_Crmant_de_Loire_Brut_Ros.png,images/bottle_M_Bonnamy_Crmant_de_Loire_Brut_Ros.png,Crémant de Loire,M. Bonnamy,"tree fruit, red fruit, microbio, citrus fruit, non oak, earth, oak, tropical fruit, spices, floral, vegetal, dried fruit","Shellfish, Poultry, Appetizers and snacks, Lean fish, Aperitif","Chardonnay, Pinot Gris, Pinot Noir, Roussanne, Pinot Blanc, Auxerrois"
Albert Boxler Riesling Alsace Grand Cru 'Brand' 2018,France,75.99,4.2,images/Albert_Boxler_Riesling_Alsace_Grand_Cru_Brand_2018.png,images/bottle_Albert_Boxler_Riesling_Alsace_Grand_Cru_Bra.png,Alsace Grand Cru 'Brand',Albert Boxler,"tree fruit, earth, citrus fruit, microbio, tropical fruit, floral, oak, vegetal, spices, dried fruit, non oak","Pork, Rich fish (salmon, tuna etc), Spicy food, Vegetarian, Cured Meat",Riesling
Fürst Centgrafenberg GG Riesling 2023,Germany,128,4.1,images/Frst_Centgrafenberg_GG_Riesling_2023.png,images/bottle_Frst_Centgrafenberg_GG_Riesling_2023.png,Franken,Fürst,"citrus fruit, earth, tree fruit, tropical fruit, microbio, oak, vegetal, non oak, spices, floral, dried fruit, red fruit","Pork, Shellfish, Spicy food, Poultry, Cured Meat",Riesling
F.X. Pichler Ried Loibenberg Riesling Smaragd 2020,Austria,75.99,4.3,images/FX_Pichler_Ried_Loibenberg_Riesling_Smaragd_2020.png,images/bottle_FX_Pichler_Ried_Loibenberg_Riesling_Smaragd.png,Wachau,F.X. Pichler,"tree fruit, earth, citrus fruit, tropical fruit, microbio, oak, spices, floral, vegetal, non oak, red fruit, dried fruit, black fruit","Pork, Shellfish, Spicy food, Poultry, Cured Meat",Riesling
F.X. Pichler Ried Loibenberg Riesling Smaragd 2021,Austria,81,4.3,images/FX_Pichler_Ried_Loibenberg_Riesling_Smaragd_2021.png,images/bottle_FX_Pichler_Ried_Loibenberg_Riesling_Smaragd.png,Wachau,F.X. Pichler,"tree fruit, earth, citrus fruit, tropical fruit, microbio, oak, spices, floral, vegetal, non oak, red fruit, dried fruit, black fruit","Pork, Shellfish, Spicy food, Poultry, Cured Meat",Riesling
Le Macchiole Paleo Rosso 2019,Italy,175.97,4.4,images/Le_Macchiole_Paleo_Rosso_2019.png,images/bottle_Le_Macchiole_Paleo_Rosso_2019.png,Toscana,Le Macchiole,"oak, earth, black fruit, non oak, spices, red fruit, vegetal, microbio, floral, dried fruit, citrus fruit, tree fruit, tropical fruit","Beef, Lamb, Veal, Poultry, Cured Meat","Cabernet Sauvignon, Merlot, Sangiovese, Canaiolo Nero"
Teperberg Legacy Cabernet Franc 2020,Israel,69.99,4.3,images/Teperberg_Legacy_Cabernet_Franc_2020.png,images/bottle_Teperberg_Legacy_Cabernet_Franc_2020.png,Judean Hills,Teperberg,"oak, spices, red fruit, non oak, earth, black fruit, vegetal, floral, microbio, dried fruit","Beef, Lamb, Veal, Blue cheese, Goat's Milk Cheese",Cabernet Franc
Couly-Dutheil Blanc de Franc 2022,France,23.99,3.8,images/Couly_Dutheil_Blanc_de_Franc_2022.png,images/bottle_Couly_Dutheil_Blanc_de_Franc_2022.png,Loire Valley,Couly-Dutheil,"tree fruit, earth, microbio, red fruit, citrus fruit, tropical fruit, non oak, oak, spices, vegetal, black fruit, floral",,
Thomas Schmitt Riesling Spätlese 2023,Germany,16.99,4,images/Thomas_Schmitt_Riesling_Sptlese_2023.png,images/bottle_Thomas_Schmitt_Riesling_Sptlese_2023.png,Mosel,Thomas Schmitt,"tree fruit, earth, citrus fruit, tropical fruit, microbio, floral, oak, spices, vegetal, dried fruit, non oak","Pork, Shellfish, Spicy food, Poultry, Cured Meat",Riesling
Crocker & Starr Bridesmaid Red Blend of Cabernet Franc 2021,United States,83.99,4.4,images/Crocker_Starr_Bridesmaid_Red_Blend_of_Cabernet_Fra.png,images/bottle_Crocker_Starr_Bridesmaid_Red_Blend_of_Caber.png,Napa Valley,Crocker & Starr,"oak, black fruit, red fruit, earth, spices, non oak, floral, vegetal, microbio, tropical fruit, citrus fruit","Beef, Pork, Game (deer, venison), Poultry",Cabernet Franc
Detert Family Vineyards Cabernet Franc 2020,United States,110,4.4,images/Detert_Family_Vineyards_Cabernet_Franc_2020.png,images/bottle_Detert_Family_Vineyards_Cabernet_Franc_2020.png,Oakville,Detert Family Vineyards,"oak, black fruit, non oak, earth, spices, red fruit, vegetal, floral, microbio, dried fruit, tree fruit","Beef, Pork, Game (deer, venison), Poultry",Cabernet Franc
Trimbach Clos Sainte Hune Riesling Alsace 2009,France,279.99,4.4,images/Trimbach_Clos_Sainte_Hune_Riesling_Alsace_2009.png,images/bottle_Trimbach_Clos_Sainte_Hune_Riesling_Alsace_2.png,Alsace,Trimbach,"earth, tree fruit, citrus fruit, oak, tropical fruit, non oak, microbio, spices, floral, vegetal, dried fruit, red fruit, black fruit","Pork, Rich fish (salmon, tuna etc), Spicy food, Vegetarian, Cured Meat",Riesling
Domaine des Hauts de Sanziers Saumur Rouge 2023,France,16.99,3.4,images/Domaine_des_Hauts_de_Sanziers_Saumur_Rouge_2023.png,images/bottle_Domaine_des_Hauts_de_Sanziers_Saumur_Rouge_.png,Saumur,Domaine des Hauts de Sanziers,"oak, earth, non oak, red fruit, spices, tree fruit, microbio, tropical fruit, floral, vegetal","Lamb, Vegetarian, Poultry, Goat's Milk Cheese",Cabernet Franc
Sheldrake Point Dry Riesling 2023,United States,18.99,3.9,images/Sheldrake_Point_Dry_Riesling_2023.png,images/bottle_Sheldrake_Point_Dry_Riesling_2023.png,Finger Lakes,Sheldrake Point,"citrus fruit, tree fruit, earth, oak, microbio, tropical fruit, vegetal, floral, non oak, spices","Pork, Shellfish, Spicy food, Vegetarian, Cured Meat",Riesling
Hermann J. Wiemer Dry Riesling 2017,United States,22.99,3.9,images/Hermann_J_Wiemer_Dry_Riesling_2017.png,images/bottle_Hermann_J_Wiemer_Dry_Riesling_2017.png,Seneca Lake,Hermann J. Wiemer,"tree fruit, earth, citrus fruit, tropical fruit, microbio, floral, oak, spices, vegetal, non oak, red fruit, dried fruit","Pork, Shellfish, Spicy food, Vegetarian, Cured Meat",Riesling
Michael David Winery Inkblot Cabernet Franc 2020,United States,34.99,4.2,images/Michael_David_Winery_Inkblot_Cabernet_Franc_2020.png,images/bottle_Michael_David_Winery_Inkblot_Cabernet_Franc.png,Lodi,Michael David Winery,"black fruit, oak, earth, non oak, spices, red fruit, microbio, dried fruit, vegetal, floral, tree fruit, citrus fruit, tropical fruit","Beef, Pork, Game (deer, venison), Poultry",Cabernet Franc
Maison Foucher Les Chais Saint Laurent Chinon 'La Verre en Vignon' Rouge 2023,France,12.99,3.7,images/Maison_Foucher_Les_Chais_Saint_Laurent_Chinon_La_V.png,images/bottle_Maison_Foucher_Les_Chais_Saint_Laurent_Chin.png,Chinon,Maison Foucher,"red fruit, earth, oak, spices, black fruit, non oak, vegetal, microbio, dried fruit, floral, tree fruit","Lamb, Vegetarian, Poultry, Goat's Milk Cheese",Cabernet Franc
A to Z Wineworks Riesling 2018,United States,19.96,3.8,images/A_to_Z_Wineworks_Riesling_2018.png,images/bottle_A_to_Z_Wineworks_Riesling_2018.png,Oregon,A to Z Wineworks,"tree fruit, earth, citrus fruit, floral, tropical fruit, vegetal, microbio, oak, spices, non oak, red fruit, black fruit","Pork, Shellfish, Spicy food, Poultry, Cured Meat",Riesling
Domaine des Closiers Saumur-Champigny 2022,France,45,3.6,images/Domaine_des_Closiers_Saumur_Champigny_2022.jpg,,Saumur-Champigny,Domaine des Closiers,"black fruit, red fruit, spices, earth, oak, non oak, dried fruit, vegetal, microbio","Lamb, Vegetarian, Poultry, Goat's Milk Cheese",Cabernet Franc
Gut Hermannsberg 7 Terroirs 2020,Germany,25,3.9,images/Gut_Hermannsberg_7_Terroirs_2020.png,images/bottle_Gut_Hermannsberg_7_Terroirs_2020.png,Nahe,Gut Hermannsberg,"tree fruit, citrus fruit, earth, oak, non oak, spices, tropical fruit, microbio, floral, vegetal, black fruit","Pork, Shellfish, Spicy food, Poultry, Cured Meat",Riesling
Joh. Jos. Prüm Graacher Himmelreich Riesling Kabinett 2020,Germany,51,4.2,images/Joh_Jos_Prm_Graacher_Himmelreich_Riesling_Kabinett.png,images/bottle_Joh_Jos_Prm_Graacher_Himmelreich_Riesling_K.png,Graach,Joh. Jos. Prüm,"tree fruit, earth, citrus fruit, tropical fruit, floral, vegetal, microbio, oak, spices, non oak, dried fruit, red fruit, black fruit","Pork, Shellfish, Spicy food, Poultry, Cured Meat",Riesling
Dominique Joseph - Le Petit Saint Vincent Les Poyeux Saumur-Champigny 2013,France,35,3.9,images/Dominique_Joseph_Le_Petit_Saint_Vincent_Les_Poyeux.png,images/bottle_Dominique_Joseph_Le_Petit_Saint_Vincent_Les.png,Saumur-Champigny,Dominique Joseph - Le Petit Saint Vincent,"earth, black fruit, red fruit, oak, non oak, spices, dried fruit, vegetal, microbio, tree fruit, citrus fruit, floral","Lamb, Vegetarian, Poultry, Goat's Milk Cheese",Cabernet Franc
Moselland Neuschwanstein Castle Riesling 2022,Germany,14.99,3.9,images/Moselland_Neuschwanstein_Castle_Riesling_2022.png,images/bottle_Moselland_Neuschwanstein_Castle_Riesling_20.png,Mosel,Moselland,"tree fruit, earth, tropical fruit, citrus fruit, microbio, oak, vegetal","Pork, Shellfish, Spicy food, Poultry, Cured Meat",Riesling
A to Z Wineworks Riesling 2021,United States,15.99,4,images/A_to_Z_Wineworks_Riesling_2021.png,images/bottle_A_to_Z_Wineworks_Riesling_2021.png,Oregon,A to Z Wineworks,"tree fruit, earth, citrus fruit, floral, tropical fruit, vegetal, microbio, oak, spices, non oak, red fruit, black fruit","Pork, Shellfish, Spicy food, Poultry, Cured Meat",Riesling
Dönnhoff Oberhäuser Leistenberg Riesling Kabinett 2020,Germany,29,4,images/Dnnhoff_Oberhuser_Leistenberg_Riesling_Kabinett_20.png,images/bottle_Dnnhoff_Oberhuser_Leistenberg_Riesling_Kabi.png,Nahe,Dönnhoff,"tree fruit, earth, citrus fruit, tropical fruit, floral, microbio, spices, vegetal, oak, non oak, red fruit, dried fruit, black fruit","Pork, Shellfish, Spicy food, Poultry, Cured Meat",Riesling
Nikolaihof Vinothek Riesling 2002,Austria,149,4.3,images/Nikolaihof_Vinothek_Riesling_2002.png,images/bottle_Nikolaihof_Vinothek_Riesling_2002.png,Wachau,Nikolaihof,"earth, tree fruit, oak, citrus fruit, microbio, non oak, tropical fruit, spices, floral, vegetal, dried fruit, black fruit","Pork, Shellfish, Spicy food, Poultry, Cured Meat",Riesling
Maximin Grünhaus Maximin Grünhäuser Abtsberg Riesling Kabinett 2020,Germany,36,4.2,images/Maximin_Grnhaus_Maximin_Grnhuser_Abtsberg_Riesling.png,images/bottle_Maximin_Grnhaus_Maximin_Grnhuser_Abtsberg_R.png,Mosel,Maximin Grünhaus,"tree fruit, earth, citrus fruit, tropical fruit, microbio, oak, floral, spices, non oak, vegetal, red fruit, black fruit, dried fruit","Pork, Shellfish, Spicy food, Poultry, Cured Meat",Riesling
Bully Hill Bass Riesling,United States,15.99,3.9,images/Bully_Hill_Bass_Riesling.png,images/bottle_Bully_Hill_Bass_Riesling.png,New York,Bully Hill,"tree fruit, tropical fruit, earth, citrus fruit, floral","Pork, Shellfish, Spicy food, Poultry, Cured Meat",Riesling
Leitz Eins Zwei Zero Sparkling Riesling,Germany,23.99,3.5,images/Leitz_Eins_Zwei_Zero_Sparkling_Riesling.png,images/bottle_Leitz_Eins_Zwei_Zero_Sparkling_Riesling.png,Rheingau,Leitz,"tree fruit, citrus fruit, earth, microbio, tropical fruit","Poultry, Appetizers and snacks, Lean fish, Aperitif","Chardonnay, Gewürztraminer, Riesling, Grauburgunder, Silvaner, Kerner, Weissburgunder, Huxelrebe"
Matthiasson Matthiasson Vineyard Cabernet Franc 2022,United States,65,4.1,images/Matthiasson_Matthiasson_Vineyard_Cabernet_Franc_20.png,images/bottle_Matthiasson_Matthiasson_Vineyard_Cabernet_F.png,Napa Valley,Matthiasson,"red fruit, black fruit, earth, oak, spices, vegetal, non oak, dried fruit, citrus fruit, floral, microbio","Beef, Pork, Game (deer, venison), Poultry",Cabernet Franc
Paradise Springs Sommet Blanc 2023,United States,27,3.8,images/Paradise_Springs_Sommet_Blanc_2023.jpg,,Virginia,Paradise Springs,"tree fruit, tropical fruit, citrus fruit, earth, microbio, oak, vegetal, floral, red fruit, spices, non oak","Pork, Shellfish, Poultry, Appetizers and snacks, Lean fish",
Foxen Foxen 7200 Tinaquaic Vineyard Cabernet Franc 2021,United States,54,4.2,images/Foxen_Foxen_7200_Tinaquaic_Vineyard_Cabernet_Franc.jpg,,Santa Maria Valley,Foxen,"oak, earth, black fruit, non oak, spices, red fruit, vegetal, dried fruit, microbio, citrus fruit, floral","Beef, Pork, Game (deer, venison), Poultry",Cabernet Franc
Poggio Al Tesoro Dedicato a Walter Bolgheri Superiore 2013,Italy,199.99,4.5,images/Poggio_Al_Tesoro_Dedicato_a_Walter_Bolgheri_Superi.png,images/bottle_Poggio_Al_Tesoro_Dedicato_a_Walter_Bolgheri.png,Bolgheri Superiore,Poggio Al Tesoro,"oak, spices, black fruit, earth, non oak, red fruit, vegetal, dried fruit, floral, microbio, citrus fruit, tree fruit","Beef, Pasta, Lamb, Veal, Game (deer, venison)","Cabernet Sauvignon, Merlot, Sangiovese"
Domaine de la Haute Coudraie Cabernet d'Anjou 2023,France,22.99,4.2,images/Domaine_de_la_Haute_Coudraie_Cabernet_dAnjou_2023.png,images/bottle_Domaine_de_la_Haute_Coudraie_Cabernet_dAnjo.png,Cabernet d'Anjou,Domaine de la Haute Coudraie,red fruit,"Lamb, Rich fish (salmon, tuna etc), Poultry, Mild and soft cheese, Cured Meat",
Château de Targé Les Cerisiers de Targé Saumur-Champigny Cabernet Franc 2018,France,14,3.9,images/Chteau_de_Targ_Les_Cerisiers_de_Targ_Saumur_Champi.jpg,,Saumur-Champigny,Château de Targé,"red fruit, oak, spices, earth, black fruit, non oak, floral, microbio, dried fruit, tropical fruit, tree fruit, vegetal","Lamb, Vegetarian, Poultry, Goat's Milk Cheese",Cabernet Franc
Hofgut Falkenstein Krettnacher Euchariusberg Riesling Kabinett Alte Reben A.P. 8 2023,Germany,75,4.2,images/Hofgut_Falkenstein_Krettnacher_Euchariusberg_Riesl.png,images/bottle_Hofgut_Falkenstein_Krettnacher_Euchariusber.png,Mosel,Hofgut Falkenstein,"earth, citrus fruit, tree fruit, floral, non oak, oak, tropical fruit, vegetal, microbio","Pork, Shellfish, Spicy food, Poultry, Cured Meat",Riesling
Maddalena Wines Riesling 2023,United States,14.99,3.9,images/Maddalena_Wines_Riesling_2023.png,images/bottle_Maddalena_Wines_Riesling_2023.png,Monterey,Maddalena Wines,"tree fruit, earth, tropical fruit, citrus fruit, floral, red fruit, vegetal, oak, microbio","Pork, Shellfish, Spicy food, Poultry, Cured Meat",Riesling
Weinreich Riesling 2022,Germany,27.99,3.8,images/Weinreich_Riesling_2022.png,images/bottle_Weinreich_Riesling_2022.png,Rheinhessen,Weinreich,"tree fruit, citrus fruit, earth, tropical fruit, spices, vegetal, microbio, non oak","Pork, Shellfish, Spicy food, Poultry, Cured Meat",Riesling
Trimbach Riesling Alsace Sélection de Vieilles Vignes 2019,France,42,4,images/Trimbach_Riesling_Alsace_Slection_de_Vieilles_Vign.png,images/bottle_Trimbach_Riesling_Alsace_Slection_de_Vieill.png,Alsace,Trimbach,"earth, citrus fruit, tree fruit, tropical fruit, microbio, floral, vegetal, non oak, oak, spices, dried fruit, black fruit","Pork, Rich fish (salmon, tuna etc), Spicy food, Vegetarian, Cured Meat",Riesling
Pichler-Krutzler Kellerberg Riesling 2020,Austria,89.99,4.3,images/Pichler_Krutzler_Kellerberg_Riesling_2020.png,images/bottle_Pichler_Krutzler_Kellerberg_Riesling_2020.png,Wachau,Pichler-Krutzler,"tree fruit, earth, citrus fruit, tropical fruit, spices, non oak, floral, microbio, oak, dried fruit","Pork, Shellfish, Spicy food, Poultry, Cured Meat",Riesling
Pichler-Krutzler Kellerberg Riesling 2021,Austria,84,4.3,images/Pichler_Krutzler_Kellerberg_Riesling_2021.png,images/bottle_Pichler_Krutzler_Kellerberg_Riesling_2021.png,Wachau,Pichler-Krutzler,"tree fruit, earth, citrus fruit, tropical fruit, spices, non oak, floral, microbio, oak, dried fruit","Pork, Shellfish, Spicy food, Poultry, Cured Meat",Riesling
Carmelo Patti Cabernet Franc 2018,Argentina,34.99,4.1,images/Carmelo_Patti_Cabernet_Franc_2018.png,images/bottle_Carmelo_Patti_Cabernet_Franc_2018.png,Lujan de Cuyo,Carmelo Patti,"spices, oak, red fruit, earth, non oak, black fruit, dried fruit, vegetal, microbio","Beef, Lamb, Pork, Vegetarian, Poultry, Goat's Milk Cheese",Cabernet Franc
Schäfer-Fröhlich Frühlingsplätzchen Riesling GG 2021,Germany,114,4.1,images/Schfer_Frhlich_Frhlingspltzchen_Riesling_GG_2021.png,images/bottle_Schfer_Frhlich_Frhlingspltzchen_Riesling_GG.png,Nahe,Schäfer-Fröhlich,"tree fruit, earth, citrus fruit, tropical fruit, microbio, floral, non oak, oak, red fruit, spices","Pork, Shellfish, Spicy food, Poultry, Cured Meat",Riesling
Boordy Riesling 2022,United States,15.99,3.8,images/Boordy_Riesling_2022.jpg,,Maryland,Boordy,"tree fruit, earth, citrus fruit, floral, vegetal, microbio, oak, red fruit, tropical fruit","Rich fish (salmon, tuna etc), Shellfish, Appetizers and snacks",
Echeverría I No Es Pituko Cabernet Franc 2022,Chile,11.99,4,images/Echeverra_I_No_Es_Pituko_Cabernet_Franc_2022.png,images/bottle_Echeverra_I_No_Es_Pituko_Cabernet_Franc_202.png,Curico Valley,Echeverría,"red fruit, spices, earth, black fruit, oak, vegetal, non oak, microbio, citrus fruit, floral, tree fruit, dried fruit, tropical fruit",,
Egon Müller - Scharzhof Scharzhofberger Riesling Kabinett 2020,Germany,236,4.4,images/Egon_Mller_Scharzhof_Scharzhofberger_Riesling_Kabi.png,images/bottle_Egon_Mller_Scharzhof_Scharzhofberger_Riesli.png,Wiltingen,Egon Müller - Scharzhof,"earth, tree fruit, citrus fruit, tropical fruit, floral, microbio, spices, vegetal, non oak, oak, dried fruit, black fruit, red fruit","Pork, Shellfish, Spicy food, Poultry, Cured Meat",Riesling
JAX Vineyards Cabernet Franc 2021,United States,59.99,4.4,images/JAX_Vineyards_Cabernet_Franc_2021.png,images/bottle_JAX_Vineyards_Cabernet_Franc_2021.png,Calistoga,JAX Vineyards,"black fruit, oak, non oak, earth, spices, red fruit, vegetal, dried fruit, floral","Beef, Pork, Game (deer, venison), Poultry",Cabernet Franc
Trespass Vineyard Cabernet Franc 2022,United States,110,4.6,images/Trespass_Vineyard_Cabernet_Franc_2022.png,images/bottle_Trespass_Vineyard_Cabernet_Franc_2022.png,St. Helena,Trespass Vineyard,"black fruit, red fruit, spices, oak, non oak, earth, dried fruit, citrus fruit, vegetal","Beef, Pork, Game (deer, venison), Poultry",Cabernet Franc
Dönnhoff Tonschiefer Riesling Trocken 2022,Germany,28,3.9,images/Dnnhoff_Tonschiefer_Riesling_Trocken_2022.png,images/bottle_Dnnhoff_Tonschiefer_Riesling_Trocken_2022.png,Nahe,Dönnhoff,"earth, tree fruit, citrus fruit, tropical fruit, microbio, floral, spices, vegetal, oak, non oak, red fruit, dried fruit","Pork, Shellfish, Spicy food, Poultry, Cured Meat",Riesling
Le Macchiole Paleo Rosso 2020,Italy,169.99,4.4,images/Le_Macchiole_Paleo_Rosso_2020.png,images/bottle_Le_Macchiole_Paleo_Rosso_2020.png,Toscana,Le Macchiole,"oak, earth, black fruit, non oak, spices, red fruit, vegetal, microbio, floral, dried fruit, citrus fruit, tree fruit, tropical fruit","Beef, Lamb, Veal, Poultry, Cured Meat","Cabernet Sauvignon, Merlot, Sangiovese, Canaiolo Nero"
Kurt Darting Dürkheimer Nonnengarten Riesling kabinett 2022,Germany,22.99,3.9,images/Kurt_Darting_Drkheimer_Nonnengarten_Riesling_kabin.png,images/bottle_Kurt_Darting_Drkheimer_Nonnengarten_Rieslin.png,Pfalz,Kurt Darting,"tree fruit, earth, citrus fruit, vegetal, tropical fruit, floral, spices, microbio, oak","Pork, Shellfish, Spicy food, Poultry, Cured Meat",Riesling
Dr. Wagner Ockfener Bockstein Riesling Kabinett 2020,Germany,29.99,3.8,images/Dr_Wagner_Ockfener_Bockstein_Riesling_Kabinett_202.png,images/bottle_Dr_Wagner_Ockfener_Bockstein_Riesling_Kabin.png,Ockfen,Dr. Wagner,"tree fruit, earth, citrus fruit, tropical fruit, floral, microbio, oak, spices, vegetal, non oak","Pork, Shellfish, Spicy food, Poultry, Cured Meat",Riesling
Hillick & Hobbs Estate Vineyard Dry Riesling 2019,United States,29.99,4.1,images/Hillick_Hobbs_Estate_Vineyard_Dry_Riesling_2019.png,images/bottle_Hillick_Hobbs_Estate_Vineyard_Dry_Riesling_.png,Seneca Lake,Hillick & Hobbs,"tree fruit, citrus fruit, earth, floral, vegetal, microbio, oak, non oak, tropical fruit, spices, red fruit","Pork, Shellfish, Spicy food, Vegetarian, Cured Meat",Riesling
Koehler-Ruprecht Kallstadter Saumagen Riesling Spätlese Trocken RR 2020,Germany,49,4,images/Koehler_Ruprecht_Kallstadter_Saumagen_Riesling_Spt.png,images/bottle_Koehler_Ruprecht_Kallstadter_Saumagen_Riesl.png,Pfalz,Koehler-Ruprecht,"earth, tree fruit, citrus fruit, microbio, tropical fruit, spices, oak, non oak","Pork, Shellfish, Spicy food, Poultry, Cured Meat",Riesling
Koehler-Ruprecht Kallstadter Saumagen Riesling Spätlese Trocken RR 2016,Germany,59,4,images/Koehler_Ruprecht_Kallstadter_Saumagen_Riesling_Spt.png,images/bottle_Koehler_Ruprecht_Kallstadter_Saumagen_Riesl.png,Pfalz,Koehler-Ruprecht,"earth, tree fruit, citrus fruit, microbio, tropical fruit, spices, oak, non oak","Pork, Shellfish, Spicy food, Poultry, Cured Meat",Riesling
Château Yvonne Saumur-Champigny La Folie 2021,France,47.99,4,images/Chteau_Yvonne_Saumur_Champigny_La_Folie_2021.png,images/bottle_Chteau_Yvonne_Saumur_Champigny_La_Folie_202.png,Saumur-Champigny,Château Yvonne,"earth, red fruit, black fruit, oak, spices, non oak, vegetal, floral, microbio, dried fruit, citrus fruit, tree fruit","Lamb, Vegetarian, Poultry, Goat's Milk Cheese",Cabernet Franc
Joh. Jos. Prüm Wehlener Sonnenuhr Riesling Spätlese 2007,Germany,224,4.1,images/Joh_Jos_Prm_Wehlener_Sonnenuhr_Riesling_Sptlese_20.png,images/bottle_Joh_Jos_Prm_Wehlener_Sonnenuhr_Riesling_Spt.png,Wehlen,Joh. Jos. Prüm,"earth, tree fruit, tropical fruit, citrus fruit, floral, microbio, oak, vegetal, non oak, spices, dried fruit, red fruit, black fruit","Pork, Shellfish, Spicy food, Poultry, Cured Meat",Riesling
Koehler-Ruprecht Kallstadter Saumagen Riesling Auslese Trocken 2016,Germany,176,4.1,images/Koehler_Ruprecht_Kallstadter_Saumagen_Riesling_Aus.png,images/bottle_Koehler_Ruprecht_Kallstadter_Saumagen_Riesl.png,Pfalz,Koehler-Ruprecht,"earth, citrus fruit, tree fruit, tropical fruit, oak, floral, non oak, spices, vegetal, microbio","Pork, Shellfish, Spicy food, Poultry, Cured Meat",Riesling
Laroque Cité de Carcassonne Cabernet Franc 2020,France,11.99,3.8,images/Laroque_Cit_de_Carcassonne_Cabernet_Franc_2020.png,images/bottle_Laroque_Cit_de_Carcassonne_Cabernet_Franc_2.png,Cite de Carcassonne,Laroque,"earth, red fruit, oak, spices, black fruit, non oak, vegetal, microbio, floral, dried fruit, tree fruit, citrus fruit, tropical fruit","Beef, Pasta, Veal","Shiraz/Syrah, Grenache, Mourvedre"
Catena Appellation San Carlos Cabernet Franc 2022,Argentina,24.99,4.1,images/Catena_Appellation_San_Carlos_Cabernet_Franc_2022.png,images/bottle_Catena_Appellation_San_Carlos_Cabernet_Fran.png,San Carlos,Catena,"oak, black fruit, spices, non oak, red fruit, earth, microbio, vegetal, dried fruit, floral, citrus fruit, tree fruit, tropical fruit","Beef, Lamb, Pork, Vegetarian, Goat's Milk Cheese, Cured Meat",Cabernet Franc
Albert Boxler Réserve Riesling 2021,France,62,4.1,images/Albert_Boxler_Rserve_Riesling_2021.png,images/bottle_Albert_Boxler_Rserve_Riesling_2021.png,Alsace,Albert Boxler,"tree fruit, earth, citrus fruit, floral, vegetal, microbio, non oak, oak, dried fruit, tropical fruit, spices","Pork, Rich fish (salmon, tuna etc), Spicy food, Vegetarian, Cured Meat",Riesling
Dönnhoff Oberhäuser Leistenberg Riesling Kabinett 2022,Germany,24.99,4.1,images/Dnnhoff_Oberhuser_Leistenberg_Riesling_Kabinett_20.png,images/bottle_Dnnhoff_Oberhuser_Leistenberg_Riesling_Kabi.png,Nahe,Dönnhoff,"tree fruit, earth, citrus fruit, tropical fruit, floral, microbio, spices, vegetal, oak, non oak, red fruit, dried fruit, black fruit","Pork, Shellfish, Spicy food, Poultry, Cured Meat",Riesling
Dönnhoff Schlossböckelheimer Felsenberg Riesling Spätlese 2018,Germany,80,4.2,images/Dnnhoff_Schlossbckelheimer_Felsenberg_Riesling_Spt.png,images/bottle_Dnnhoff_Schlossbckelheimer_Felsenberg_Riesl.png,Nahe,Dönnhoff,"tree fruit, earth, citrus fruit, tropical fruit, microbio, floral, vegetal, oak","Pork, Shellfish, Spicy food, Poultry, Cured Meat",Riesling
Dönnhoff Schlossböckelheimer Felsenberg Riesling Spätlese 2019,Germany,85,4.2,images/Dnnhoff_Schlossbckelheimer_Felsenberg_Riesling_Spt.png,images/bottle_Dnnhoff_Schlossbckelheimer_Felsenberg_Riesl.png,Nahe,Dönnhoff,"tree fruit, earth, citrus fruit, tropical fruit, microbio, floral, vegetal, oak","Pork, Shellfish, Spicy food, Poultry, Cured Meat",Riesling
Weiser-Künstler Trarbacher Schlossberg Riesling Kabinett 2023,Germany,38,4.1,images/Weiser_Knstler_Trarbacher_Schlossberg_Riesling_Kab.png,images/bottle_Weiser_Knstler_Trarbacher_Schlossberg_Riesl.png,Mosel,Weiser-Künstler,"tree fruit, earth, citrus fruit, tropical fruit, spices, floral, vegetal, non oak, oak","Pork, Shellfish, Spicy food, Poultry, Cured Meat",Riesling
Fritz Haag Riesling Trocken Brauneberger Juffer Sonnenuhr GG 2020,Germany,65,4.1,images/Fritz_Haag_Riesling_Trocken_Brauneberger_Juffer_So.png,images/bottle_Fritz_Haag_Riesling_Trocken_Brauneberger_Ju.png,Brauneberg,Fritz Haag,"earth, citrus fruit, tree fruit, tropical fruit, microbio, vegetal, oak, floral, spices, non oak, dried fruit, red fruit, black fruit","Pork, Shellfish, Spicy food, Poultry, Cured Meat",Riesling
Karthäuserhof Karthäuserhofberg Riesling GG Trocken 2018,Germany,89,4.2,images/Karthuserhof_Karthuserhofberg_Riesling_GG_Trocken_.png,images/bottle_Karthuserhof_Karthuserhofberg_Riesling_GG_T.png,Mosel,Karthäuserhof,"earth, tree fruit, citrus fruit, tropical fruit, microbio, non oak, oak, vegetal, spices, floral, dried fruit","Pork, Shellfish, Spicy food, Poultry, Cured Meat",Riesling
A. J. Adam Hofberg Riesling 2021,Germany,73,4.1,images/A_J_Adam_Hofberg_Riesling_2021.png,images/bottle_A_J_Adam_Hofberg_Riesling_2021.png,Dhron,A. J. Adam,"earth, tree fruit, citrus fruit, tropical fruit, spices, vegetal, non oak, oak, dried fruit, floral, microbio","Pork, Shellfish, Spicy food, Poultry, Cured Meat",Riesling
Lamé Delisle Boucard Nom de Zeus!!! 2024,France,18.99,3.8,images/Lam_Delisle_Boucard_Nom_de_Zeus_2024.jpg,,Touraine,Lamé Delisle Boucard,"oak, tree fruit, non oak, red fruit, citrus fruit, spices, tropical fruit, floral, earth, microbio","Lamb, Vegetarian, Poultry, Goat's Milk Cheese",Cabernet Franc
Joh. Jos. Prüm Wehlener Sonnenuhr Riesling Auslese 2020,Germany,74.99,4.3,images/Joh_Jos_Prm_Wehlener_Sonnenuhr_Riesling_Auslese_20.png,images/bottle_Joh_Jos_Prm_Wehlener_Sonnenuhr_Riesling_Aus.png,Wehlen,Joh. Jos. Prüm,"earth, tree fruit, citrus fruit, tropical fruit, floral, microbio, oak, non oak, spices, vegetal, dried fruit, black fruit, red fruit","Pork, Shellfish, Spicy food, Poultry, Cured Meat",Riesling
A. J. Adam Hofberg Riesling 2020,Germany,73,4.1,images/A_J_Adam_Hofberg_Riesling_2020.png,images/bottle_A_J_Adam_Hofberg_Riesling_2020.png,Dhron,A. J. Adam,"earth, tree fruit, citrus fruit, tropical fruit, spices, vegetal, non oak, oak, dried fruit, floral, microbio","Pork, Shellfish, Spicy food, Poultry, Cured Meat",Riesling
Willi Schaefer Graacher Himmelreich Riesling Auslese 2005,Germany,192,4.3,images/Willi_Schaefer_Graacher_Himmelreich_Riesling_Ausle.png,images/bottle_Willi_Schaefer_Graacher_Himmelreich_Rieslin.png,Mosel,Willi Schaefer,"tree fruit, earth, tropical fruit, citrus fruit, microbio, spices, oak, floral, non oak, red fruit, vegetal","Pork, Shellfish, Spicy food, Poultry, Cured Meat",Riesling
Prost Riesling 2023,Germany,17.99,4,images/Prost_Riesling_2023.png,images/bottle_Prost_Riesling_2023.png,Mosel,Prost,"tree fruit, citrus fruit, earth, vegetal, red fruit, spices, floral, oak","Pork, Shellfish, Spicy food, Poultry, Cured Meat",Riesling
Van Volxem Saar Riesling 2023,Germany,26,4,images/Van_Volxem_Saar_Riesling_2023.png,images/bottle_Van_Volxem_Saar_Riesling_2023.png,Mosel,Van Volxem,"tree fruit, earth, citrus fruit, tropical fruit, microbio, vegetal, floral, oak, spices, non oak, dried fruit, black fruit, red fruit","Pork, Shellfish, Spicy food, Poultry, Cured Meat",Riesling
A. J. Adam Ín der Sängerei Riesling 2021,Germany,50,4.2,images/A_J_Adam_n_der_Sngerei_Riesling_2021.png,images/bottle_A_J_Adam_n_der_Sngerei_Riesling_2021.png,Dhron,A. J. Adam,"tree fruit, earth, tropical fruit, citrus fruit, spices, oak, non oak, microbio, floral, vegetal","Pork, Shellfish, Spicy food, Poultry, Cured Meat",Riesling
Fess Parker Rodney's Vineyard Dry Riesling 2020,United States,17.99,3.9,images/Fess_Parker_Rodneys_Vineyard_Dry_Riesling_2020.png,images/bottle_Fess_Parker_Rodneys_Vineyard_Dry_Riesling_2.png,Santa Barbara County,Fess Parker,"tree fruit, citrus fruit, earth, vegetal, microbio, oak, tropical fruit, floral, non oak","Pork, Shellfish, Spicy food, Poultry, Cured Meat",Riesling
Paumanok Riesling Semi Dry 2017,United States,23.48,3.9,images/Paumanok_Riesling_Semi_Dry_2017.png,images/bottle_Paumanok_Riesling_Semi_Dry_2017.png,North Fork of Long Island,Paumanok,"tree fruit, earth, oak, citrus fruit, microbio, non oak, spices, floral, vegetal","Pork, Shellfish, Spicy food, Poultry, Cured Meat",Riesling
Hermann J. Wiemer Dry Riesling 2022,United States,19.99,3.9,images/Hermann_J_Wiemer_Dry_Riesling_2022.png,images/bottle_Hermann_J_Wiemer_Dry_Riesling_2022.png,Seneca Lake,Hermann J. Wiemer,"tree fruit, earth, citrus fruit, tropical fruit, microbio, floral, oak, spices, vegetal, non oak, red fruit, dried fruit","Pork, Shellfish, Spicy food, Vegetarian, Cured Meat",Riesling
Emrich-Schönleber Halenberg Riesling GG 2020,Germany,109,4.2,images/Emrich_Schnleber_Halenberg_Riesling_GG_2020.png,images/bottle_Emrich_Schnleber_Halenberg_Riesling_GG_2020.png,Nahe,Emrich-Schönleber,"earth, tree fruit, citrus fruit, tropical fruit, oak, microbio, vegetal, non oak, spices, floral, black fruit, red fruit, dried fruit","Pork, Shellfish, Spicy food, Poultry, Cured Meat",Riesling
Cenyth Rosé 2022,United States,39.99,3.9,images/Cenyth_Ros_2022.png,images/bottle_Cenyth_Ros_2022.png,Sonoma County,Cenyth,"red fruit, citrus fruit, earth, floral, tree fruit, microbio, vegetal, spices, non oak, oak","Shellfish, Spicy food, Appetizers and snacks, Fruity desserts, Aperitif","Shiraz/Syrah, Cabernet Sauvignon, Pinot Noir, Sangiovese, Zinfandel, Barbera"
Von Hövel Saar Riesling Feinherb 2020,Germany,26.99,3.8,images/Von_Hvel_Saar_Riesling_Feinherb_2020.jpg,,Mosel,Von Hövel,"tree fruit, citrus fruit, earth, tropical fruit, spices, vegetal","Pork, Shellfish, Spicy food, Poultry, Cured Meat",Riesling
Grosset Springvale Riesling 2022,Australia,50,3.9,images/Grosset_Springvale_Riesling_2022.png,images/bottle_Grosset_Springvale_Riesling_2022.png,Clare Valley,Grosset,"citrus fruit, tree fruit, earth, vegetal, tropical fruit, floral, microbio, non oak, spices, oak, red fruit, dried fruit","Pork, Shellfish, Poultry, Appetizers and snacks, Cured Meat",Riesling
Veyder-Malberg Schöner Riesling 2021,Austria,69.99,4.1,images/Veyder_Malberg_Schner_Riesling_2021.png,images/bottle_Veyder_Malberg_Schner_Riesling_2021.png,Wachau,Veyder-Malberg,"tree fruit, citrus fruit, microbio, tropical fruit, earth, oak","Pork, Shellfish, Spicy food, Poultry, Cured Meat",Riesling
Pewsey Vale Riesling 2022,Australia,19.99,3.7,images/Pewsey_Vale_Riesling_2022.png,images/bottle_Pewsey_Vale_Riesling_2022.png,Eden Valley,Pewsey Vale,"citrus fruit, tree fruit, earth, tropical fruit, vegetal, floral, microbio, spices, oak, non oak, red fruit, dried fruit, black fruit","Pork, Shellfish, Poultry, Appetizers and snacks, Cured Meat",Riesling
Clos Pegase Cabernet Franc 2021,United States,78,4.2,images/Clos_Pegase_Cabernet_Franc_2021.png,images/bottle_Clos_Pegase_Cabernet_Franc_2021.png,Napa Valley,Clos Pegase,"black fruit, spices, earth, oak, red fruit, non oak, microbio, citrus fruit, floral, tree fruit, vegetal","Beef, Pork, Game (deer, venison), Poultry",Cabernet Franc
Gut Hermannsberg JUST Riesling 2021,Germany,24,3.8,images/Gut_Hermannsberg_JUST_Riesling_2021.png,images/bottle_Gut_Hermannsberg_JUST_Riesling_2021.png,Nahe,Gut Hermannsberg,"tree fruit, citrus fruit, earth, tropical fruit, microbio, spices, floral, vegetal, oak, non oak","Pork, Shellfish, Spicy food, Poultry, Cured Meat",Riesling
Rancho Sisquoc Riesling 2021,United States,18,3.9,images/Rancho_Sisquoc_Riesling_2021.png,images/bottle_Rancho_Sisquoc_Riesling_2021.png,Santa Barbara County,Rancho Sisquoc,"tree fruit, citrus fruit, earth, spices, microbio, oak, floral, non oak, red fruit, tropical fruit","Pork, Shellfish, Spicy food, Poultry, Cured Meat",Riesling
Joh. Jos. Prüm Graacher Himmelreich Riesling Spätlese 2020,Germany,59.99,4.2,images/Joh_Jos_Prm_Graacher_Himmelreich_Riesling_Sptlese_.png,images/bottle_Joh_Jos_Prm_Graacher_Himmelreich_Riesling_S.png,Graach,Joh. Jos. Prüm,"tree fruit, earth, citrus fruit, tropical fruit, floral, microbio, oak, spices, vegetal, non oak, dried fruit, red fruit, black fruit","Pork, Shellfish, Spicy food, Poultry, Cured Meat",Riesling
Nein Lives Riesling No. 1 2023,Germany,11.99,3.8,images/Nein_Lives_Riesling_No_1_2023.png,images/bottle_Nein_Lives_Riesling_No_1_2023.png,Mosel,Nein Lives,"tree fruit, citrus fruit, earth, tropical fruit, microbio, vegetal, oak","Pork, Shellfish, Spicy food, Poultry, Cured Meat",Riesling
Boundary Breaks Riesling Ice Wine 2022,United States,69.99,4.2,images/Boundary_Breaks_Riesling_Ice_Wine_2022.png,images/bottle_Boundary_Breaks_Riesling_Ice_Wine_2022.png,Finger Lakes,Boundary Breaks,"tree fruit, earth, tropical fruit, citrus fruit, dried fruit, floral, microbio, oak, non oak, black fruit, vegetal",,
Brecon Estate Cabernet Franc 2022,United States,77,4.3,images/Brecon_Estate_Cabernet_Franc_2022.png,images/bottle_Brecon_Estate_Cabernet_Franc_2022.png,Paso Robles,Brecon Estate,"black fruit, oak, spices, earth, red fruit, non oak, vegetal, floral, microbio","Beef, Pork, Game (deer, venison), Poultry",Cabernet Franc
Long Shadows Poet's Leap Riesling 2022,United States,30,4.1,images/Long_Shadows_Poets_Leap_Riesling_2022.png,images/bottle_Long_Shadows_Poets_Leap_Riesling_2022.png,Columbia Valley,Long Shadows,"tree fruit, citrus fruit, earth, tropical fruit, floral, microbio, vegetal, oak, spices, non oak, red fruit, black fruit, dried fruit","Pork, Shellfish, Spicy food, Poultry, Cured Meat",Riesling
Guiberteau Saumur Rouge 2022,France,39.99,4.1,images/Guiberteau_Saumur_Rouge_2022.png,images/bottle_Guiberteau_Saumur_Rouge_2022.png,Saumur,Guiberteau,"red fruit, earth, black fruit, oak, spices, non oak, vegetal, microbio, floral, tree fruit, citrus fruit, dried fruit, tropical fruit","Lamb, Vegetarian, Poultry, Goat's Milk Cheese",Cabernet Franc
Veyder-Malberg Elsarner Ried Brandstatt Riesling 2016,Austria,159,4.2,images/Veyder_Malberg_Elsarner_Ried_Brandstatt_Riesling_2.png,images/bottle_Veyder_Malberg_Elsarner_Ried_Brandstatt_Rie.png,Wachau,Veyder-Malberg,"tree fruit, earth, citrus fruit, tropical fruit, floral, non oak, oak","Pork, Shellfish, Spicy food, Poultry, Cured Meat",Riesling
Alzinger Smaragd Liebenberg Riesling 2017,Austria,69,3.9,images/Alzinger_Smaragd_Liebenberg_Riesling_2017.png,images/bottle_Alzinger_Smaragd_Liebenberg_Riesling_2017.png,Wachau,Alzinger,"tree fruit, earth, citrus fruit, tropical fruit, microbio, spices, floral, vegetal, oak","Pork, Shellfish, Spicy food, Poultry, Cured Meat",Riesling
Alzinger Smaragd Liebenberg Riesling 2020,Austria,40,3.9,images/Alzinger_Smaragd_Liebenberg_Riesling_2020.png,images/bottle_Alzinger_Smaragd_Liebenberg_Riesling_2020.png,Wachau,Alzinger,"tree fruit, earth, citrus fruit, tropical fruit, microbio, spices, floral, vegetal, oak","Pork, Shellfish, Spicy food, Poultry, Cured Meat",Riesling
Piaggia Poggio de’Colli Cabernet Franc Toscana 2011,Italy,54.04,4.2,images/Piaggia_Poggio_deColli_Cabernet_Franc_Toscana_2011.png,images/bottle_Piaggia_Poggio_deColli_Cabernet_Franc_Tosca.png,Toscana,Piaggia,"oak, non oak, spices, earth, black fruit, red fruit, microbio, dried fruit, floral, vegetal, citrus fruit","Beef, Lamb, Veal, Poultry, Cured Meat","Cabernet Sauvignon, Merlot, Sangiovese, Canaiolo Nero"
Bernard Baudry Le Clos Guillot Chinon 2019,France,95,3.9,images/Bernard_Baudry_Le_Clos_Guillot_Chinon_2019.png,images/bottle_Bernard_Baudry_Le_Clos_Guillot_Chinon_2019.png,Chinon,Bernard Baudry,"earth, red fruit, black fruit, oak, spices, vegetal, non oak, floral, microbio, dried fruit, citrus fruit, tree fruit, tropical fruit","Lamb, Vegetarian, Poultry, Goat's Milk Cheese",Cabernet Franc
Antinori Tenuta Guado al Tasso Matarocchio 2015,Italy,569.99,4.5,images/Antinori_Tenuta_Guado_al_Tasso_Matarocchio_2015.png,images/bottle_Antinori_Tenuta_Guado_al_Tasso_Matarocchio_.png,Maremma Toscana,Antinori,"oak, black fruit, earth, spices, non oak, red fruit, microbio, vegetal, floral, dried fruit, citrus fruit","Beef, Lamb, Veal, Poultry, Cured Meat","Cabernet Sauvignon, Merlot, Sangiovese, Canaiolo Nero"
Figgins Walla Walla Valley Riesling 2023,United States,43.99,4.1,images/Figgins_Walla_Walla_Valley_Riesling_2023.png,images/bottle_Figgins_Walla_Walla_Valley_Riesling_2023.png,Walla Walla Valley,Figgins,"tree fruit, citrus fruit, earth, floral, tropical fruit, microbio, vegetal, oak","Pork, Shellfish, Spicy food, Poultry, Cured Meat",Riesling
Domaine Olga Raffault Les Picasses Chinon 2018,France,36.99,4,images/Domaine_Olga_Raffault_Les_Picasses_Chinon_2018.png,images/bottle_Domaine_Olga_Raffault_Les_Picasses_Chinon_2.png,Chinon,Domaine Olga Raffault,"earth, oak, red fruit, spices, non oak, black fruit, vegetal, microbio, floral, dried fruit, citrus fruit, tree fruit, tropical fruit","Lamb, Vegetarian, Poultry, Goat's Milk Cheese",Cabernet Franc
Antinori Tenuta Guado al Tasso Matarocchio 2017,Italy,699.99,4.6,images/Antinori_Tenuta_Guado_al_Tasso_Matarocchio_2017.png,images/bottle_Antinori_Tenuta_Guado_al_Tasso_Matarocchio_.png,Maremma Toscana,Antinori,"oak, black fruit, earth, spices, non oak, red fruit, microbio, vegetal, floral, dried fruit, citrus fruit","Beef, Lamb, Veal, Poultry, Cured Meat","Cabernet Sauvignon, Merlot, Sangiovese, Canaiolo Nero"
Croteaux Jolie Cabernet Franc Rosé 2024,United States,38,4,images/Croteaux_Jolie_Cabernet_Franc_Ros_2024.png,images/bottle_Croteaux_Jolie_Cabernet_Franc_Ros_2024.png,Long Island,Croteaux,"red fruit, citrus fruit, tree fruit, spices, vegetal, earth, microbio","Shellfish, Spicy food, Mature and hard cheese, Appetizers and snacks, Lean fish, Cured Meat",
Von Winning Riesling 2021,Germany,26,3.9,images/Von_Winning_Riesling_2021.png,images/bottle_Von_Winning_Riesling_2021.png,Pfalz,Von Winning,"citrus fruit, tree fruit, earth, tropical fruit, floral, oak, black fruit, red fruit, spices, vegetal, non oak","Pork, Shellfish, Spicy food, Poultry, Cured Meat",Riesling
Domaine Olga Raffault Les Barnabés Chinon 2021,France,26.99,4,images/Domaine_Olga_Raffault_Les_Barnabs_Chinon_2021.png,images/bottle_Domaine_Olga_Raffault_Les_Barnabs_Chinon_20.png,Chinon,Domaine Olga Raffault,"earth, red fruit, oak, spices, non oak, black fruit, vegetal, microbio, floral, tree fruit, citrus fruit, dried fruit, tropical fruit","Lamb, Vegetarian, Poultry, Goat's Milk Cheese",Cabernet Franc
J & H Selbach Incline Riesling 2021,Germany,11.99,3.9,images/J_H_Selbach_Incline_Riesling_2021.png,images/bottle_J_H_Selbach_Incline_Riesling_2021.png,Mosel,J & H Selbach,"tree fruit, citrus fruit, earth, vegetal, microbio, tropical fruit, floral, oak, spices, non oak, red fruit","Pork, Shellfish, Spicy food, Poultry, Cured Meat",Riesling
Domaine Olga Raffault La Fraîch Chinon 2023,France,25,3.7,images/Domaine_Olga_Raffault_La_Frach_Chinon_2023.png,images/bottle_Domaine_Olga_Raffault_La_Frach_Chinon_2023.png,Chinon,Domaine Olga Raffault,,"Lamb, Vegetarian, Poultry, Goat's Milk Cheese",Cabernet Franc
Trimbach Clos Sainte Hune Riesling Alsace 2003,France,334,4.6,images/Trimbach_Clos_Sainte_Hune_Riesling_Alsace_2003.png,images/bottle_Trimbach_Clos_Sainte_Hune_Riesling_Alsace_2.png,Alsace,Trimbach,"earth, tree fruit, citrus fruit, oak, tropical fruit, non oak, microbio, spices, floral, vegetal, dried fruit, red fruit, black fruit","Pork, Rich fish (salmon, tuna etc), Spicy food, Vegetarian, Cured Meat",Riesling
Schäfer-Fröhlich Felseneck Riesling GG 2021,Germany,134,4.3,images/Schfer_Frhlich_Felseneck_Riesling_GG_2021.png,images/bottle_Schfer_Frhlich_Felseneck_Riesling_GG_2021.png,Nahe,Schäfer-Fröhlich,"earth, citrus fruit, tree fruit, tropical fruit, microbio, vegetal, oak, non oak, spices, floral, dried fruit, red fruit, black fruit","Pork, Shellfish, Spicy food, Poultry, Cured Meat",Riesling
Reichsgraf von Kesselstatt Juffer-Sonnenuhr Riesling Spätlese 2018,Germany,24,4.2,images/Reichsgraf_von_Kesselstatt_Juffer_Sonnenuhr_Riesli.png,images/bottle_Reichsgraf_von_Kesselstatt_Juffer_Sonnenuhr.png,Brauneberg,Reichsgraf von Kesselstatt,"earth, tree fruit, citrus fruit, tropical fruit, floral, dried fruit, spices, vegetal, microbio, oak","Pork, Shellfish, Spicy food, Poultry, Cured Meat",Riesling
Joh. Jos. Prüm Wehlener Sonnenuhr Riesling Kabinett 2022,Germany,69.88,4.2,images/Joh_Jos_Prm_Wehlener_Sonnenuhr_Riesling_Kabinett_2.png,images/bottle_Joh_Jos_Prm_Wehlener_Sonnenuhr_Riesling_Kab.png,Wehlen,Joh. Jos. Prüm,"earth, tree fruit, citrus fruit, tropical fruit, floral, microbio, oak, vegetal, non oak, spices, dried fruit, red fruit, black fruit","Pork, Shellfish, Spicy food, Poultry, Cured Meat",Riesling
Hagafen Lake County White Riesling 2020,United States,32.99,4,images/Hagafen_Lake_County_White_Riesling_2020.png,images/bottle_Hagafen_Lake_County_White_Riesling_2020.png,Lake County,Hagafen,"tree fruit, citrus fruit, earth, tropical fruit, vegetal, microbio, oak, non oak, floral, spices","Pork, Shellfish, Spicy food, Poultry, Cured Meat",Riesling
Eva Fricke Rheingau 2023,Germany,37.99,4.1,images/Eva_Fricke_Rheingau_2023.png,images/bottle_Eva_Fricke_Rheingau_2023.png,Rheingau,Eva Fricke,"tree fruit, citrus fruit, earth, tropical fruit, floral, microbio, spices, vegetal, oak, non oak","Pork, Shellfish, Spicy food, Poultry, Cured Meat",Riesling
Keller Riesling Hubacker GG 2020,Germany,264,4.4,images/Keller_Riesling_Hubacker_GG_2020.png,images/bottle_Keller_Riesling_Hubacker_GG_2020.png,Rheinhessen,Keller,"earth, tree fruit, citrus fruit, tropical fruit, microbio, oak, vegetal, non oak, spices, floral, dried fruit","Pork, Shellfish, Spicy food, Poultry, Cured Meat",Riesling
Kendall-Jackson Vintner's Reserve Riesling 2022,United States,12.99,3.6,images/Kendall_Jackson_Vintners_Reserve_Riesling_2022.png,images/bottle_Kendall_Jackson_Vintners_Reserve_Riesling_2.png,Monterey County,Kendall-Jackson,"tree fruit, earth, citrus fruit, floral, oak, tropical fruit, microbio, vegetal, spices, non oak, dried fruit, red fruit, black fruit","Pork, Shellfish, Spicy food, Poultry, Cured Meat",Riesling
Hillick & Hobbs Estate Vineyard Dry Riesling 2021,United States,32.99,4.1,images/Hillick_Hobbs_Estate_Vineyard_Dry_Riesling_2021.png,images/bottle_Hillick_Hobbs_Estate_Vineyard_Dry_Riesling_.png,Seneca Lake,Hillick & Hobbs,"tree fruit, citrus fruit, earth, floral, vegetal, microbio, oak, non oak, tropical fruit, spices, red fruit","Pork, Shellfish, Spicy food, Vegetarian, Cured Meat",Riesling
Grosset Polish Hill Riesling 2023,Australia,68.99,4.1,images/Grosset_Polish_Hill_Riesling_2023.png,images/bottle_Grosset_Polish_Hill_Riesling_2023.png,Clare Valley,Grosset,"citrus fruit, earth, tree fruit, microbio, vegetal, oak, floral, tropical fruit, non oak, spices, red fruit, dried fruit, black fruit","Pork, Shellfish, Poultry, Appetizers and snacks, Cured Meat",Riesling
Anthonij Rupert Cabernet Franc 2018,South Africa,74.99,4.4,images/Anthonij_Rupert_Cabernet_Franc_2018.png,images/bottle_Anthonij_Rupert_Cabernet_Franc_2018.png,Franschhoek,Anthonij Rupert,"oak, earth, black fruit, non oak, spices, red fruit, vegetal, dried fruit, microbio, floral, citrus fruit, tree fruit, tropical fruit","Beef, Lamb, Game (deer, venison), Poultry",Cabernet Franc
Egon Müller - Scharzhof Scharzhofberger Riesling Spätlese 2009,Germany,259,4.5,images/Egon_Mller_Scharzhof_Scharzhofberger_Riesling_Sptl.png,images/bottle_Egon_Mller_Scharzhof_Scharzhofberger_Riesli.png,Wiltingen,Egon Müller - Scharzhof,"earth, tree fruit, citrus fruit, tropical fruit, microbio, oak, non oak, floral, spices, dried fruit, vegetal, red fruit, black fruit","Pork, Shellfish, Spicy food, Poultry, Cured Meat",Riesling
SeaGlass Riesling 2015,United States,17.13,3.7,images/SeaGlass_Riesling_2015.png,images/bottle_SeaGlass_Riesling_2015.png,Monterey County,SeaGlass,"tree fruit, earth, citrus fruit, tropical fruit, floral, microbio, oak, spices, non oak, vegetal, red fruit, black fruit, dried fruit","Pork, Shellfish, Spicy food, Poultry, Cured Meat",Riesling
Wittmann Morstein Riesling GG 2021,Germany,126,4.3,images/Wittmann_Morstein_Riesling_GG_2021.png,images/bottle_Wittmann_Morstein_Riesling_GG_2021.png,Rheinhessen,Wittmann,"earth, citrus fruit, tree fruit, tropical fruit, microbio, oak, non oak, floral, spices, vegetal, dried fruit, black fruit, red fruit","Pork, Shellfish, Spicy food, Poultry, Cured Meat",Riesling
Koehler-Ruprecht Kallstadter Saumagen Riesling Kabinett Trocken 2021,Germany,36,4,images/Koehler_Ruprecht_Kallstadter_Saumagen_Riesling_Kab.png,images/bottle_Koehler_Ruprecht_Kallstadter_Saumagen_Riesl.png,Pfalz,Koehler-Ruprecht,"earth, tree fruit, citrus fruit, tropical fruit, microbio, vegetal, oak, spices, non oak, floral, black fruit, dried fruit","Pork, Shellfish, Spicy food, Poultry, Cured Meat",Riesling
Vignamaggio Cabernet Franc 2011,Italy,52.86,4.3,images/Vignamaggio_Cabernet_Franc_2011.png,images/bottle_Vignamaggio_Cabernet_Franc_2011.png,Toscana,Vignamaggio,"earth, oak, black fruit, spices, non oak, red fruit, microbio, dried fruit, vegetal, floral","Beef, Lamb, Veal, Poultry, Cured Meat","Cabernet Sauvignon, Merlot, Sangiovese, Canaiolo Nero"
Thibaud Boudignon Rosé de Loire 2020,France,20,3.9,images/Thibaud_Boudignon_Ros_de_Loire_2020.png,images/bottle_Thibaud_Boudignon_Ros_de_Loire_2020.png,Rosé de Loire,Thibaud Boudignon,"red fruit, earth, citrus fruit, tree fruit, spices, floral, vegetal, microbio, oak, black fruit, tropical fruit, non oak","Lamb, Rich fish (salmon, tuna etc), Poultry, Mild and soft cheese, Cured Meat",
Grabenwerkstatt Trenning Riesling 2018,Austria,95,4.2,images/Grabenwerkstatt_Trenning_Riesling_2018.png,images/bottle_Grabenwerkstatt_Trenning_Riesling_2018.png,Wachau,Grabenwerkstatt,"earth, tree fruit, citrus fruit, microbio","Pork, Shellfish, Spicy food, Poultry, Cured Meat",Riesling
Von Winning Forster Riesling 2021,Germany,32,4.1,images/Von_Winning_Forster_Riesling_2021.png,images/bottle_Von_Winning_Forster_Riesling_2021.png,Pfalz,Von Winning,"citrus fruit, tree fruit, earth, oak, floral, tropical fruit, spices, vegetal, non oak","Pork, Shellfish, Spicy food, Poultry, Cured Meat",Riesling
Antoine Sanzay Saumur Champigny 'Les Poyeux' 2020,France,124,4.2,images/Antoine_Sanzay_Saumur_Champigny_Les_Poyeux_2020.png,images/bottle_Antoine_Sanzay_Saumur_Champigny_Les_Poyeux_.png,Saumur-Champigny,Antoine Sanzay,"earth, oak, black fruit, red fruit, spices, non oak, vegetal, microbio, floral, dried fruit, citrus fruit, tree fruit, tropical fruit","Lamb, Vegetarian, Poultry, Goat's Milk Cheese",Cabernet Franc
Von Winning Marmar 2016,Germany,175,4.4,images/Von_Winning_Marmar_2016.png,images/bottle_Von_Winning_Marmar_2016.png,Pfalz,Von Winning,"earth, oak, tree fruit, tropical fruit, non oak, citrus fruit, spices, microbio, vegetal, floral","Pork, Shellfish, Spicy food, Poultry, Cured Meat",Riesling
Joh. Jos. Prüm Wehlener Sonnenuhr Riesling Spätlese 2021,Germany,179,4.2,images/Joh_Jos_Prm_Wehlener_Sonnenuhr_Riesling_Sptlese_20.png,images/bottle_Joh_Jos_Prm_Wehlener_Sonnenuhr_Riesling_Spt.png,Wehlen,Joh. Jos. Prüm,"earth, tree fruit, tropical fruit, citrus fruit, floral, microbio, oak, vegetal, non oak, spices, dried fruit, red fruit, black fruit","Pork, Shellfish, Spicy food, Poultry, Cured Meat",Riesling
Wittmann Morstein Riesling GG 2020,Germany,132,4.3,images/Wittmann_Morstein_Riesling_GG_2020.png,images/bottle_Wittmann_Morstein_Riesling_GG_2020.png,Rheinhessen,Wittmann,"earth, citrus fruit, tree fruit, tropical fruit, microbio, oak, non oak, floral, spices, vegetal, dried fruit, black fruit, red fruit","Pork, Shellfish, Spicy food, Poultry, Cured Meat",Riesling
Domaine Ostertag Muenchberg Riesling 2019,France,84,4.3,images/Domaine_Ostertag_Muenchberg_Riesling_2019.png,images/bottle_Domaine_Ostertag_Muenchberg_Riesling_2019.png,Alsace Grand Cru 'Muenchberg',Domaine Ostertag,"tree fruit, earth, citrus fruit, tropical fruit, microbio, oak, non oak, floral, spices, vegetal, dried fruit","Pork, Rich fish (salmon, tuna etc), Spicy food, Vegetarian, Cured Meat",Riesling
Schäfer-Fröhlich Felseneck Riesling GG 2020,Germany,129,4.1,images/Schfer_Frhlich_Felseneck_Riesling_GG_2020.png,images/bottle_Schfer_Frhlich_Felseneck_Riesling_GG_2020.png,Nahe,Schäfer-Fröhlich,"earth, citrus fruit, tree fruit, tropical fruit, microbio, vegetal, oak, non oak, spices, floral, dried fruit, red fruit, black fruit","Pork, Shellfish, Spicy food, Poultry, Cured Meat",Riesling
Von Winning Pechstein GG 2020,Germany,95,4.4,images/Von_Winning_Pechstein_GG_2020.png,images/bottle_Von_Winning_Pechstein_GG_2020.png,Pfalz,Von Winning,"earth, tree fruit, citrus fruit, oak, tropical fruit, microbio, spices, vegetal, non oak, floral, black fruit","Pork, Shellfish, Spicy food, Poultry, Cured Meat",Riesling
Potomac Point Cabernet Franc 2022,United States,36,3.8,images/Potomac_Point_Cabernet_Franc_2022.jpg,,Virginia,Potomac Point,"spices, black fruit, red fruit, oak, earth, vegetal, microbio, non oak, floral","Beef, Veal, Game (deer, venison), Vegetarian, Mushrooms",
Clau de Nell Cabernet Franc 2017,France,60,3.9,images/Clau_de_Nell_Cabernet_Franc_2017.png,images/bottle_Clau_de_Nell_Cabernet_Franc_2017.png,Anjou,Clau de Nell,"earth, oak, black fruit, red fruit, spices, non oak, vegetal, floral, microbio, dried fruit, tree fruit, citrus fruit","Lamb, Vegetarian, Poultry, Goat's Milk Cheese",Cabernet Franc
Witwe Dr. H. Thanisch Erben Müller-Burggraef Berncasteler Doctor Riesling Kabinett 2019,Germany,55,4.2,images/Witwe_Dr_H_Thanisch_Erben_Mller_Burggraef_Berncast.png,images/bottle_Witwe_Dr_H_Thanisch_Erben_Mller_Burggraef_B.png,Mosel,Witwe Dr. H. Thanisch Erben Müller-Burggraef,"tree fruit, earth, citrus fruit, tropical fruit, floral, microbio, vegetal, oak, non oak, spices, red fruit, dried fruit, black fruit","Pork, Shellfish, Spicy food, Poultry, Cured Meat",Riesling
Arbor Crest Conner Lee Vineyard Cabernet Franc 2021,United States,40,3.8,images/Arbor_Crest_Conner_Lee_Vineyard_Cabernet_Franc_202.jpg,,Columbia Valley,Arbor Crest,"oak, black fruit, earth, red fruit, non oak, spices, dried fruit, microbio, vegetal","Beef, Lamb, Vegetarian, Poultry, Goat's Milk Cheese",Cabernet Franc
Casadei Cabernet Franc (Filare 18) 2018,Italy,53.95,4.2,images/Casadei_Cabernet_Franc_Filare_18_2018.png,images/bottle_Casadei_Cabernet_Franc_Filare_18_2018.png,Toscana,Casadei,"oak, black fruit, spices, non oak, earth, red fruit, floral, dried fruit, vegetal, microbio, citrus fruit","Beef, Lamb, Veal, Poultry, Cured Meat","Cabernet Sauvignon, Merlot, Sangiovese, Canaiolo Nero"
Domaine Weinbach Clos des Capucins Cuvée Colette Riesling Alsace 2021,France,58.99,4.1,images/Domaine_Weinbach_Clos_des_Capucins_Cuve_Colette_Ri.png,images/bottle_Domaine_Weinbach_Clos_des_Capucins_Cuve_Col.png,Alsace Grand Cru,Domaine Weinbach,"earth, tree fruit, citrus fruit, tropical fruit, oak, microbio, floral, spices, non oak, vegetal, red fruit, black fruit, dried fruit","Pork, Rich fish (salmon, tuna etc), Spicy food, Vegetarian, Cured Meat",Riesling
Smith-Madrone Winery & Vineyards Riesling 2018,United States,31.99,4.1,images/Smith_Madrone_Winery_Vineyards_Riesling_2018.png,images/bottle_Smith_Madrone_Winery_Vineyards_Riesling_201.png,Spring Mountain District,Smith-Madrone Winery & Vineyards,"tree fruit, earth, citrus fruit, microbio, tropical fruit, floral, vegetal, oak, non oak, spices, dried fruit, red fruit, black fruit","Pork, Shellfish, Spicy food, Poultry, Cured Meat",Riesling
Dönnhoff Norheimer Kirschheck Riesling Spätlese 2020,Germany,45,4.1,images/Dnnhoff_Norheimer_Kirschheck_Riesling_Sptlese_2020.png,images/bottle_Dnnhoff_Norheimer_Kirschheck_Riesling_Sptle.png,Nahe,Dönnhoff,"tree fruit, earth, citrus fruit, tropical fruit, floral, microbio, oak, spices, vegetal, non oak, red fruit, dried fruit, black fruit","Pork, Shellfish, Spicy food, Poultry, Cured Meat",Riesling
Cascina Belmonte Firmamento  Riesling Renano 2022,Italy,18.99,4,images/Cascina_Belmonte_Firmamento_Riesling_Renano_2022.png,images/bottle_Cascina_Belmonte_Firmamento_Riesling_Renano.png,Benaco Bresciano,Cascina Belmonte,"tree fruit, citrus fruit, earth, vegetal","Pasta, Shellfish, Mature and hard cheese, Lean fish, Cured Meat","Arneis, Pinot Blanc, Cortese, Tocai Friulano"
Joh. Jos. Prüm Wehlener Sonnenuhr Riesling Spätlese 2008,Germany,224,4.3,images/Joh_Jos_Prm_Wehlener_Sonnenuhr_Riesling_Sptlese_20.png,images/bottle_Joh_Jos_Prm_Wehlener_Sonnenuhr_Riesling_Spt.png,Wehlen,Joh. Jos. Prüm,"earth, tree fruit, tropical fruit, citrus fruit, floral, microbio, oak, vegetal, non oak, spices, dried fruit, red fruit, black fruit","Pork, Shellfish, Spicy food, Poultry, Cured Meat",Riesling
Joh. Jos. Prüm Wehlener Sonnenuhr Riesling Auslese 2021,Germany,199,4.3,images/Joh_Jos_Prm_Wehlener_Sonnenuhr_Riesling_Auslese_20.png,images/bottle_Joh_Jos_Prm_Wehlener_Sonnenuhr_Riesling_Aus.png,Wehlen,Joh. Jos. Prüm,"earth, tree fruit, citrus fruit, tropical fruit, floral, microbio, oak, non oak, spices, vegetal, dried fruit, black fruit, red fruit","Pork, Shellfish, Spicy food, Poultry, Cured Meat",Riesling
Emrich-Schönleber Halenberg Riesling GG 2021,Germany,109,4.2,images/Emrich_Schnleber_Halenberg_Riesling_GG_2021.png,images/bottle_Emrich_Schnleber_Halenberg_Riesling_GG_2021.png,Nahe,Emrich-Schönleber,"earth, tree fruit, citrus fruit, tropical fruit, oak, microbio, vegetal, non oak, spices, floral, black fruit, red fruit, dried fruit","Pork, Shellfish, Spicy food, Poultry, Cured Meat",Riesling
Clos Rougeard Saumur Champigny 2018,France,199,4.4,images/Clos_Rougeard_Saumur_Champigny_2018.png,images/bottle_Clos_Rougeard_Saumur_Champigny_2018.png,Saumur-Champigny,Clos Rougeard,"earth, oak, red fruit, black fruit, spices, non oak, vegetal, floral, microbio, dried fruit, citrus fruit, tree fruit, tropical fruit","Lamb, Vegetarian, Poultry, Goat's Milk Cheese",Cabernet Franc
Weingut Gunderloch Jean-Baptiste Riesling Kabinett 2022,Germany,16.99,4.2,images/Weingut_Gunderloch_Jean_Baptiste_Riesling_Kabinett.png,images/bottle_Weingut_Gunderloch_Jean_Baptiste_Riesling_K.png,Rheinhessen,Weingut Gunderloch,"tree fruit, earth, citrus fruit, tropical fruit, microbio, floral, oak, spices, non oak, vegetal, red fruit, black fruit","Pork, Shellfish, Spicy food, Poultry, Cured Meat",Riesling
Hugel Classic Riesling 2023,France,16.99,3.8,images/Hugel_Classic_Riesling_2023.png,images/bottle_Hugel_Classic_Riesling_2023.png,Alsace,Hugel,"citrus fruit, tree fruit, earth, vegetal, tropical fruit, microbio, oak, spices, floral, non oak, dried fruit, black fruit, red fruit","Pork, Rich fish (salmon, tuna etc), Spicy food, Vegetarian, Cured Meat",Riesling
Schloss Gobelsburg Riesling Tradition 2012,Austria,105,4.1,images/Schloss_Gobelsburg_Riesling_Tradition_2012.png,images/bottle_Schloss_Gobelsburg_Riesling_Tradition_2012.png,Kamptal,Schloss Gobelsburg,"earth, tree fruit, citrus fruit, oak, microbio, tropical fruit, non oak, spices, floral, vegetal, red fruit","Pork, Shellfish, Spicy food, Poultry, Cured Meat",Riesling
Maximin Grünhaus Maximin Grünhäuser Herrenberg Riesling Kabinett 2020,Germany,36,4,images/Maximin_Grnhaus_Maximin_Grnhuser_Herrenberg_Riesli.png,images/bottle_Maximin_Grnhaus_Maximin_Grnhuser_Herrenberg.png,Mosel,Maximin Grünhaus,"tree fruit, earth, citrus fruit, tropical fruit, floral, vegetal, microbio, oak, non oak, spices, black fruit, dried fruit","Pork, Shellfish, Spicy food, Poultry, Cured Meat",Riesling
Lang & Reed Cabernet Franc 2022,United States,29.99,4,images/Lang_Reed_Cabernet_Franc_2022.png,images/bottle_Lang_Reed_Cabernet_Franc_2022.png,California,Lang & Reed,"red fruit, earth, black fruit, oak, spices, non oak, vegetal, floral, microbio, dried fruit, tree fruit, citrus fruit, tropical fruit","Beef, Pork, Game (deer, venison), Poultry",Cabernet Franc
Mercer Estates Small Lot Riesling 2023,United States,29,3.8,images/Mercer_Estates_Small_Lot_Riesling_2023.jpg,,Yakima Valley,Mercer Estates,"earth, citrus fruit, tree fruit, microbio, tropical fruit, oak, black fruit, red fruit, vegetal, non oak","Pork, Shellfish, Spicy food, Poultry, Cured Meat",Riesling
Kruger-Rumpf Im Pitterberg  Riesling GG 2023,Germany,59.99,4.1,images/Kruger_Rumpf_Im_Pitterberg_Riesling_GG_2023.png,images/bottle_Kruger_Rumpf_Im_Pitterberg_Riesling_GG_2023.png,Nahe,Kruger-Rumpf,"tree fruit, earth, citrus fruit, tropical fruit, vegetal, microbio, oak, non oak, floral, spices, dried fruit","Pork, Shellfish, Spicy food, Poultry, Cured Meat",Riesling
The Winery At Holy Cross Abbey Cabernet Franc 2022,United States,38,3.7,images/The_Winery_At_Holy_Cross_Abbey_Cabernet_Franc_2022.jpg,,Colorado,The Winery At Holy Cross Abbey,"black fruit, red fruit, spices, earth, oak, tree fruit, floral, vegetal, non oak","Beef, Lamb, Veal, Game (deer, venison), Vegetarian, Mushrooms",
Teperberg Legacy Cabernet Franc 2016,Israel,74.99,4.3,images/Teperberg_Legacy_Cabernet_Franc_2016.png,images/bottle_Teperberg_Legacy_Cabernet_Franc_2016.png,Judean Hills,Teperberg,"oak, spices, red fruit, non oak, earth, black fruit, vegetal, floral, microbio, dried fruit","Beef, Lamb, Veal, Blue cheese, Goat's Milk Cheese",Cabernet Franc
Matthews Reserve Cabernet Franc 2021,United States,135,4.4,images/Matthews_Reserve_Cabernet_Franc_2021.png,images/bottle_Matthews_Reserve_Cabernet_Franc_2021.png,Columbia Valley,Matthews,"black fruit, oak, earth, red fruit, non oak, spices, vegetal, citrus fruit, microbio","Beef, Lamb, Vegetarian, Poultry, Goat's Milk Cheese",Cabernet Franc
Matthews Reserve Cabernet Franc 2022,United States,135,4.4,images/Matthews_Reserve_Cabernet_Franc_2022.png,images/bottle_Matthews_Reserve_Cabernet_Franc_2022.png,Columbia Valley,Matthews,"black fruit, oak, earth, red fruit, non oak, spices, vegetal, citrus fruit, microbio","Beef, Lamb, Vegetarian, Poultry, Goat's Milk Cheese",Cabernet Franc
Château du Petit Thouars Chinon 2022,France,19.99,3.9,images/Chteau_du_Petit_Thouars_Chinon_2022.jpg,,Chinon,Château du Petit Thouars,"oak, spices, red fruit, earth, non oak, black fruit, floral","Lamb, Vegetarian, Poultry, Goat's Milk Cheese",Cabernet Franc
Joh. Jos. Prüm Graacher Himmelreich Riesling Kabinett 2022,Germany,78,4.2,images/Joh_Jos_Prm_Graacher_Himmelreich_Riesling_Kabinett.png,images/bottle_Joh_Jos_Prm_Graacher_Himmelreich_Riesling_K.png,Graach,Joh. Jos. Prüm,"tree fruit, earth, citrus fruit, tropical fruit, floral, vegetal, microbio, oak, spices, non oak, dried fruit, red fruit, black fruit","Pork, Shellfish, Spicy food, Poultry, Cured Meat",Riesling
Georg Breuer Nonnenberg Monopol Riesling 2018,Germany,79,4.3,images/Georg_Breuer_Nonnenberg_Monopol_Riesling_2018.png,images/bottle_Georg_Breuer_Nonnenberg_Monopol_Riesling_20.png,Rheingau,Georg Breuer,"earth, tree fruit, citrus fruit, tropical fruit, microbio, vegetal, floral, oak, spices, non oak, dried fruit, black fruit, red fruit","Pork, Shellfish, Spicy food, Poultry, Cured Meat",Riesling
Field Recordings Pét Nat 2021,United States,17.99,4,images/Field_Recordings_Pt_Nat_2021.png,images/bottle_Field_Recordings_Pt_Nat_2021.png,Arroyo Grande Valley,Field Recordings,"citrus fruit, red fruit, tree fruit, microbio, earth, non oak, floral, vegetal, oak, tropical fruit, spices, dried fruit","Shellfish, Appetizers and snacks, Lean fish, Aperitif","Chardonnay, Pinot Noir"
Painted Rock Estate Grown Cabernet Franc 2016,Canada,50,4.2,images/Painted_Rock_Estate_Grown_Cabernet_Franc_2016.png,images/bottle_Painted_Rock_Estate_Grown_Cabernet_Franc_20.png,Skaha Bench,Painted Rock,"black fruit, oak, spices, non oak, red fruit, earth, vegetal, microbio, floral, dried fruit, tree fruit","Beef, Pork, Game (deer, venison), Poultry",Cabernet Franc
Christian Tschida Himmel Auf Erden Rosé 2022,Austria,44,4.1,images/Christian_Tschida_Himmel_Auf_Erden_Ros_2022.png,images/bottle_Christian_Tschida_Himmel_Auf_Erden_Ros_2022.png,Neusiedlersee,Christian Tschida,"red fruit, earth, citrus fruit, vegetal, microbio, spices, tree fruit, oak, floral, non oak, black fruit, tropical fruit, dried fruit","Pork, Shellfish, Appetizers and snacks, Mild and soft cheese, Cured Meat",
Egon Müller - Scharzhof Scharzhofberger Riesling Spätlese 2020,Germany,299.88,4.5,images/Egon_Mller_Scharzhof_Scharzhofberger_Riesling_Sptl.png,images/bottle_Egon_Mller_Scharzhof_Scharzhofberger_Riesli.png,Wiltingen,Egon Müller - Scharzhof,"earth, tree fruit, citrus fruit, tropical fruit, microbio, oak, non oak, floral, spices, dried fruit, vegetal, red fruit, black fruit","Pork, Shellfish, Spicy food, Poultry, Cured Meat",Riesling
Prinz Salm Two Princes Riesling 2017,Germany,12.99,4.1,images/Prinz_Salm_Two_Princes_Riesling_2017.png,images/bottle_Prinz_Salm_Two_Princes_Riesling_2017.png,Rheinhessen,Prinz Salm,"tree fruit, citrus fruit, earth, tropical fruit, microbio, oak, non oak, red fruit, spices, vegetal, black fruit, floral, dried fruit","Pork, Shellfish, Spicy food, Poultry, Cured Meat",Riesling
Peter Lauer Faß 5 Kupp Kabinett 2019,Germany,131,4.3,images/Peter_Lauer_Fa_5_Kupp_Kabinett_2019.png,images/bottle_Peter_Lauer_Fa_5_Kupp_Kabinett_2019.png,Mosel,Peter Lauer,"citrus fruit, tree fruit, earth, tropical fruit, spices, microbio, non oak, oak, dried fruit, floral, vegetal","Pork, Shellfish, Spicy food, Poultry, Cured Meat",Riesling
Willi Schaefer Graacher Himmelreich Riesling Kabinett 2020,Germany,50,4.1,images/Willi_Schaefer_Graacher_Himmelreich_Riesling_Kabin.png,images/bottle_Willi_Schaefer_Graacher_Himmelreich_Rieslin.png,Mosel,Willi Schaefer,"tree fruit, earth, citrus fruit, tropical fruit, floral, microbio, vegetal, oak, spices, non oak, red fruit, dried fruit","Pork, Shellfish, Spicy food, Poultry, Cured Meat",Riesling
Lang & Reed Cabernet Franc 2021,United States,19.99,4.1,images/Lang_Reed_Cabernet_Franc_2021.png,images/bottle_Lang_Reed_Cabernet_Franc_2021.png,California,Lang & Reed,"red fruit, earth, black fruit, oak, spices, non oak, vegetal, floral, microbio, dried fruit, tree fruit, citrus fruit, tropical fruit","Beef, Pork, Game (deer, venison), Poultry",Cabernet Franc
Willi Schaefer Graacher Domprobst Riesling Kabinett 2020,Germany,50,4.2,images/Willi_Schaefer_Graacher_Domprobst_Riesling_Kabinet.png,images/bottle_Willi_Schaefer_Graacher_Domprobst_Riesling_.png,Mosel,Willi Schaefer,"tree fruit, earth, citrus fruit, tropical fruit, floral, microbio, vegetal, oak, non oak, black fruit, dried fruit, red fruit, spices","Pork, Shellfish, Spicy food, Poultry, Cured Meat",Riesling
Domaine de la Lande Bourgueil 'Domaine' 2019,France,22.99,3.6,images/Domaine_de_la_Lande_Bourgueil_Domaine_2019.jpg,,Bourgueil,Domaine de la Lande,"red fruit, black fruit","Lamb, Vegetarian, Poultry, Goat's Milk Cheese",Cabernet Franc
Selbach-Oster Riesling Trocken 2021,Germany,19.99,3.9,images/Selbach_Oster_Riesling_Trocken_2021.png,images/bottle_Selbach_Oster_Riesling_Trocken_2021.png,Mosel,Selbach-Oster,"tree fruit, citrus fruit, earth, tropical fruit, microbio, oak, vegetal, non oak, floral, spices, black fruit, red fruit, dried fruit","Pork, Shellfish, Spicy food, Poultry, Cured Meat",Riesling
Wittmann Kirchspiel Riesling GG 2020,Germany,117,4.3,images/Wittmann_Kirchspiel_Riesling_GG_2020.png,images/bottle_Wittmann_Kirchspiel_Riesling_GG_2020.png,Rheinhessen,Wittmann,"earth, tree fruit, citrus fruit, tropical fruit, microbio, vegetal, oak, non oak, spices, floral, red fruit, dried fruit","Pork, Shellfish, Spicy food, Poultry, Cured Meat",Riesling
Domäne Serrig Vogelsang Grosse Lage 2020,Germany,185,4.5,images/Domne_Serrig_Vogelsang_Grosse_Lage_2020.png,images/bottle_Domne_Serrig_Vogelsang_Grosse_Lage_2020.png,Mosel,Domäne Serrig,,"Pork, Shellfish, Spicy food, Poultry, Cured Meat",Riesling
Tobin James Cellars Riesling James Gang Reserve 2021,United States,20,3.7,images/Tobin_James_Cellars_Riesling_James_Gang_Reserve_20.jpg,,Monterey County,Tobin James Cellars,"tree fruit, citrus fruit, earth, oak, microbio, black fruit, dried fruit, red fruit, tropical fruit, spices, floral, non oak","Pork, Shellfish, Spicy food, Poultry, Cured Meat",Riesling
Peter Lauer Faß 23 Ayler Kupp Spätlese Riesling 2019,Germany,114,4.1,images/Peter_Lauer_Fa_23_Ayler_Kupp_Sptlese_Riesling_2019.png,images/bottle_Peter_Lauer_Fa_23_Ayler_Kupp_Sptlese_Riesli.png,Mosel,Peter Lauer,"tree fruit, tropical fruit, earth, citrus fruit, spices, non oak, oak, red fruit, floral","Pork, Shellfish, Spicy food, Poultry, Cured Meat",Riesling
Eva Fricke Kiedrich 2022,Germany,39.99,4.1,images/Eva_Fricke_Kiedrich_2022.png,images/bottle_Eva_Fricke_Kiedrich_2022.png,Rheingau,Eva Fricke,"citrus fruit, tree fruit, earth, tropical fruit, microbio, vegetal, oak, floral, non oak, spices, black fruit","Pork, Shellfish, Spicy food, Poultry, Cured Meat",Riesling
Bernard Baudry La Croix Boissée Chinon Rouge 2020,France,53,4.1,images/Bernard_Baudry_La_Croix_Boisse_Chinon_Rouge_2020.png,images/bottle_Bernard_Baudry_La_Croix_Boisse_Chinon_Rouge.png,Chinon,Bernard Baudry,"earth, oak, red fruit, black fruit, non oak, spices, vegetal, microbio, floral, tree fruit, dried fruit, citrus fruit","Lamb, Vegetarian, Poultry, Goat's Milk Cheese",Cabernet Franc
Willi Schaefer Graacher Domprobst Riesling Spätlese 2020,Germany,66,4.2,images/Willi_Schaefer_Graacher_Domprobst_Riesling_Sptlese.png,images/bottle_Willi_Schaefer_Graacher_Domprobst_Riesling_.png,Mosel,Willi Schaefer,"tree fruit, earth, citrus fruit, tropical fruit, microbio, floral, oak, vegetal, non oak, black fruit, spices, dried fruit, red fruit","Pork, Shellfish, Spicy food, Poultry, Cured Meat",Riesling
Gut Hermannsberg Kupfergrube GG 2017,Germany,74,4.3,images/Gut_Hermannsberg_Kupfergrube_GG_2017.png,images/bottle_Gut_Hermannsberg_Kupfergrube_GG_2017.png,Nahe,Gut Hermannsberg,"earth, citrus fruit, tree fruit, microbio, non oak, oak, tropical fruit, spices, vegetal, floral, black fruit","Pork, Shellfish, Spicy food, Poultry, Cured Meat",Riesling
Cavit Collection Riesling 2018,Italy,10.98,3.7,images/Cavit_Collection_Riesling_2018.png,images/bottle_Cavit_Collection_Riesling_2018.png,Provincia di Pavia,Cavit,"tree fruit, citrus fruit, earth, tropical fruit, red fruit, floral, microbio, oak, black fruit, dried fruit, vegetal","Pasta, Shellfish, Mature and hard cheese, Lean fish, Cured Meat","Arneis, Pinot Blanc, Cortese, Tocai Friulano"
Schäfer-Fröhlich Stromberg Riesling GG 2020,Germany,124,4.1,images/Schfer_Frhlich_Stromberg_Riesling_GG_2020.png,images/bottle_Schfer_Frhlich_Stromberg_Riesling_GG_2020.png,Nahe,Schäfer-Fröhlich,"earth, citrus fruit, tree fruit, tropical fruit, vegetal, spices, microbio, non oak, oak, floral, black fruit, dried fruit","Pork, Shellfish, Spicy food, Poultry, Cured Meat",Riesling
Wood Family Vineyards Cabernet Franc 2022,United States,45,4.2,images/Wood_Family_Vineyards_Cabernet_Franc_2022.jpg,,Livermore Valley,Wood Family Vineyards,"red fruit, spices, non oak, black fruit, oak, earth, dried fruit","Beef, Pork, Game (deer, venison), Poultry",Cabernet Franc
Dönnhoff Höllenpfad im Mühlenberg Riesling GG 2020,Germany,80,4.3,images/Dnnhoff_Hllenpfad_im_Mhlenberg_Riesling_GG_2020.png,images/bottle_Dnnhoff_Hllenpfad_im_Mhlenberg_Riesling_GG_.png,Nahe,Dönnhoff,"citrus fruit, tree fruit, earth, tropical fruit, vegetal, floral, spices, non oak, oak, red fruit, microbio","Pork, Shellfish, Spicy food, Poultry, Cured Meat",Riesling
Veyder-Malberg Bruck Riesling 2018,Austria,69.99,4.1,images/Veyder_Malberg_Bruck_Riesling_2018.png,images/bottle_Veyder_Malberg_Bruck_Riesling_2018.png,Wachau,Veyder-Malberg,"earth, citrus fruit, tree fruit, floral, tropical fruit, spices, microbio, vegetal, oak","Pork, Shellfish, Spicy food, Poultry, Cured Meat",Riesling
Gut Hermannsberg Steinterrassen 2020,Germany,31,4,images/Gut_Hermannsberg_Steinterrassen_2020.png,images/bottle_Gut_Hermannsberg_Steinterrassen_2020.png,Nahe,Gut Hermannsberg,"earth, tree fruit, citrus fruit, microbio, tropical fruit, non oak, oak, floral, spices, vegetal, dried fruit, red fruit","Pork, Shellfish, Spicy food, Poultry, Cured Meat",Riesling
Gut Hermannsberg Steinberg GG 2018,Germany,49,4.1,images/Gut_Hermannsberg_Steinberg_GG_2018.png,images/bottle_Gut_Hermannsberg_Steinberg_GG_2018.png,Nahe,Gut Hermannsberg,"earth, tree fruit, citrus fruit, tropical fruit, microbio, red fruit, oak, spices, non oak, vegetal, floral","Pork, Shellfish, Spicy food, Poultry, Cured Meat",Riesling
Wwe. Dr. H. Thanisch - Erben Thanisch Bernkasteler Badstube Riesling Kabinett 2020,Germany,49.99,4,images/Wwe_Dr_H_Thanisch_Erben_Thanisch_Bernkasteler_Bads.png,images/bottle_Wwe_Dr_H_Thanisch_Erben_Thanisch_Bernkastel.png,Mosel,Wwe. Dr. H. Thanisch - Erben Thanisch,"tree fruit, earth, citrus fruit, tropical fruit, floral, microbio, vegetal, oak, spices, non oak, red fruit, dried fruit","Pork, Shellfish, Spicy food, Poultry, Cured Meat",Riesling
Joh. Jos. Prüm Wehlener Sonnenuhr Riesling Spätlese 2022,Germany,92.99,4.3,images/Joh_Jos_Prm_Wehlener_Sonnenuhr_Riesling_Sptlese_20.png,images/bottle_Joh_Jos_Prm_Wehlener_Sonnenuhr_Riesling_Spt.png,Wehlen,Joh. Jos. Prüm,"earth, tree fruit, tropical fruit, citrus fruit, floral, microbio, oak, vegetal, non oak, spices, dried fruit, red fruit, black fruit","Pork, Shellfish, Spicy food, Poultry, Cured Meat",Riesling
Schäfer-Fröhlich Felseneck Riesling GG 2019,Germany,80,4.3,images/Schfer_Frhlich_Felseneck_Riesling_GG_2019.png,images/bottle_Schfer_Frhlich_Felseneck_Riesling_GG_2019.png,Nahe,Schäfer-Fröhlich,"earth, citrus fruit, tree fruit, tropical fruit, microbio, vegetal, oak, non oak, spices, floral, dried fruit, red fruit, black fruit","Pork, Shellfish, Spicy food, Poultry, Cured Meat",Riesling
Château de Targé Saumur Brut Rosé 2020,France,17,3.9,images/Chteau_de_Targ_Saumur_Brut_Ros_2020.jpg,,Saumur,Château de Targé,"microbio, red fruit, earth, non oak, tree fruit, vegetal, oak","Shellfish, Poultry, Appetizers and snacks, Lean fish, Aperitif",
Clemens Busch Marienburg Auslese Falkenlay 2019,Germany,62.99,4.2,images/Clemens_Busch_Marienburg_Auslese_Falkenlay_2019.png,images/bottle_Clemens_Busch_Marienburg_Auslese_Falkenlay_.png,Mosel,Clemens Busch,"microbio, earth, tree fruit, non oak, oak, citrus fruit, spices, floral, tropical fruit, vegetal","Pork, Shellfish, Spicy food, Poultry, Cured Meat",Riesling
Hosmer Riesling 2023,United States,17.99,4.1,images/Hosmer_Riesling_2023.png,images/bottle_Hosmer_Riesling_2023.png,Cayuga Lake,Hosmer,"citrus fruit, tree fruit, earth, tropical fruit, vegetal","Pork, Shellfish, Spicy food, Vegetarian, Cured Meat",Riesling
Stein Blauschiefer Riesling Trocken 2023,Germany,26.99,4.1,images/Stein_Blauschiefer_Riesling_Trocken_2023.png,images/bottle_Stein_Blauschiefer_Riesling_Trocken_2023.png,Mosel,Stein,"tree fruit, earth, citrus fruit, tropical fruit, microbio, vegetal, oak, non oak, red fruit, spices, floral","Pork, Shellfish, Spicy food, Poultry, Cured Meat",Riesling
Lamé Delisle Boucard Vieilles Vignes Bourgueil 2022,France,19.99,4,images/Lam_Delisle_Boucard_Vieilles_Vignes_Bourgueil_2022.jpg,,Bourgueil,Lamé Delisle Boucard,"earth, black fruit, red fruit, spices, vegetal, oak, non oak","Lamb, Vegetarian, Poultry, Goat's Milk Cheese",Cabernet Franc
Stargazer Riesling 2021,Australia,43.99,4.2,images/Stargazer_Riesling_2021.png,images/bottle_Stargazer_Riesling_2021.png,Tasmania,Stargazer,"citrus fruit, tree fruit, earth, spices, vegetal, oak, microbio, floral, non oak, tropical fruit, black fruit","Pork, Shellfish, Poultry, Appetizers and snacks, Cured Meat",Riesling
Painted Rock Estate Grown Cabernet Franc 2017,Canada,50,4.2,images/Painted_Rock_Estate_Grown_Cabernet_Franc_2017.png,images/bottle_Painted_Rock_Estate_Grown_Cabernet_Franc_20.png,Skaha Bench,Painted Rock,"black fruit, oak, spices, non oak, red fruit, earth, vegetal, microbio, floral, dried fruit, tree fruit","Beef, Pork, Game (deer, venison), Poultry",Cabernet Franc
Von Winning Drache Riesling 2023,Germany,24.99,4,images/Von_Winning_Drache_Riesling_2023.png,images/bottle_Von_Winning_Drache_Riesling_2023.png,Pfalz,Von Winning,"tree fruit, citrus fruit, earth, tropical fruit, vegetal, floral, microbio, oak, spices, non oak, red fruit, dried fruit, black fruit","Pork, Shellfish, Spicy food, Poultry, Cured Meat",Riesling
L’Autre Côte Cabernet Franc 2022,United States,125,4.2,images/LAutre_Cte_Cabernet_Franc_2022.png,images/bottle_LAutre_Cte_Cabernet_Franc_2022.png,Livermore Valley,L’Autre Côte,"spices, red fruit, oak, non oak, black fruit, vegetal, earth, microbio","Beef, Pork, Game (deer, venison), Poultry",Cabernet Franc
Domaine Breton - Catherine & Pierre Breton Trinch! 2022,France,76.99,3.9,images/Domaine_Breton_Catherine_Pierre_Breton_Trinch_2022.png,images/bottle_Domaine_Breton_Catherine_Pierre_Breton_Trin.png,Bourgueil,Domaine Breton - Catherine & Pierre Breton,"earth, red fruit, black fruit, oak, spices, non oak, vegetal, microbio, floral, tree fruit, dried fruit, citrus fruit","Lamb, Vegetarian, Poultry, Goat's Milk Cheese",Cabernet Franc
Peter Lauer Faß 12 Ayler Kupp Unterstenberg Riesling 2020,Germany,47,4.2,images/Peter_Lauer_Fa_12_Ayler_Kupp_Unterstenberg_Rieslin.png,images/bottle_Peter_Lauer_Fa_12_Ayler_Kupp_Unterstenberg_.png,Mosel,Peter Lauer,"earth, tree fruit, citrus fruit, microbio, tropical fruit, non oak, oak, spices, floral, vegetal","Pork, Shellfish, Spicy food, Poultry, Cured Meat",Riesling
Alpasión Grand Cabernet Franc 2021,Argentina,29.99,4.1,images/Alpasin_Grand_Cabernet_Franc_2021.png,images/bottle_Alpasin_Grand_Cabernet_Franc_2021.png,Uco Valley,Alpasión,"oak, black fruit, spices, non oak, earth, red fruit, microbio, dried fruit, vegetal, floral","Beef, Lamb, Pork, Vegetarian, Goat's Milk Cheese, Cured Meat",Cabernet Franc
Blue Mountain Vineyard Riesling 2023,United States,16.98,3.5,images/Blue_Mountain_Vineyard_Riesling_2023.jpg,,Pennsylvania,Blue Mountain Vineyard,"citrus fruit, tropical fruit, tree fruit, microbio, oak, black fruit, spices, vegetal","Mature and hard cheese, Vegetarian, Poultry, Appetizers and snacks, Lean fish, Mild and soft cheese",
K.Wechsler Kirchspiel Riesling 2020,Germany,56,3.7,images/KWechsler_Kirchspiel_Riesling_2020.png,images/bottle_KWechsler_Kirchspiel_Riesling_2020.png,Rheinhessen,K.Wechsler,"citrus fruit, earth, tree fruit, vegetal, tropical fruit, oak, floral, non oak, spices, microbio, red fruit","Pork, Shellfish, Spicy food, Poultry, Cured Meat",Riesling
Sutcliffe Vineyards Cabernet Franc 2022,United States,48,4.1,images/Sutcliffe_Vineyards_Cabernet_Franc_2022.jpg,,Colorado,Sutcliffe Vineyards,"oak, red fruit, non oak, earth, spices, vegetal","Beef, Lamb, Veal, Game (deer, venison), Vegetarian, Mushrooms",
Domaine Ostertag Muenchberg Riesling 2021,France,89.99,4.2,images/Domaine_Ostertag_Muenchberg_Riesling_2021.png,images/bottle_Domaine_Ostertag_Muenchberg_Riesling_2021.png,Alsace Grand Cru 'Muenchberg',Domaine Ostertag,"tree fruit, earth, citrus fruit, tropical fruit, microbio, oak, non oak, floral, spices, vegetal, dried fruit","Pork, Rich fish (salmon, tuna etc), Spicy food, Vegetarian, Cured Meat",Riesling
Albert Boxler Riesling Alsace Grand Cru 'Sommerberg' 'D' 2016,France,118,4.3,images/Albert_Boxler_Riesling_Alsace_Grand_Cru_Sommerberg.png,images/bottle_Albert_Boxler_Riesling_Alsace_Grand_Cru_Som.png,Alsace Grand Cru 'Sommerberg',Albert Boxler,"tropical fruit, earth, tree fruit, floral, vegetal, microbio, non oak, oak","Pork, Rich fish (salmon, tuna etc), Spicy food, Vegetarian, Cured Meat",Riesling
Albert Boxler Riesling Alsace Grand Cru 'Sommerberg' 'D' 2018,France,118,4.3,images/Albert_Boxler_Riesling_Alsace_Grand_Cru_Sommerberg.png,images/bottle_Albert_Boxler_Riesling_Alsace_Grand_Cru_Som.png,Alsace Grand Cru 'Sommerberg',Albert Boxler,"tropical fruit, earth, tree fruit, floral, vegetal, microbio, non oak, oak","Pork, Rich fish (salmon, tuna etc), Spicy food, Vegetarian, Cured Meat",Riesling
McGregor Vineyard Reserve Cabernet Franc 2022,United States,28,3.9,images/McGregor_Vineyard_Reserve_Cabernet_Franc_2022.jpg,,Finger Lakes,McGregor Vineyard,"red fruit, oak, non oak, earth, black fruit, tree fruit, vegetal, microbio","Beef, Pasta, Pork, Poultry",Cabernet Franc
Domaine des Closiers Les Coudraies 2021,France,63,4.2,images/Domaine_des_Closiers_Les_Coudraies_2021.png,images/bottle_Domaine_des_Closiers_Les_Coudraies_2021.png,Saumur-Champigny,Domaine des Closiers,"earth, black fruit, red fruit, oak, spices, vegetal, microbio, floral, non oak","Lamb, Vegetarian, Poultry, Goat's Milk Cheese",Cabernet Franc
Arbor Crest Dionysus Vineyard Riesling 2024,United States,18,3.8,images/Arbor_Crest_Dionysus_Vineyard_Riesling_2024.jpg,,Columbia Valley,Arbor Crest,"tropical fruit, citrus fruit, earth, non oak, tree fruit, red fruit, microbio, dried fruit, floral, vegetal, oak","Pork, Shellfish, Spicy food, Poultry, Cured Meat",Riesling
Wölffer Estate Cabernet Franc 2017,United States,30.53,3.8,images/Wlffer_Estate_Cabernet_Franc_2017.png,images/bottle_Wlffer_Estate_Cabernet_Franc_2017.png,Long Island,Wölffer Estate,"red fruit, oak, earth, black fruit, spices, non oak, dried fruit, vegetal, microbio, floral, tree fruit, citrus fruit","Beef, Pasta, Pork, Poultry",Cabernet Franc
Day Wines Vin de Days Blanc 2023,United States,26,4.1,images/Day_Wines_Vin_de_Days_Blanc_2023.png,images/bottle_Day_Wines_Vin_de_Days_Blanc_2023.png,Oregon,Day Wines,"tree fruit, earth, citrus fruit, tropical fruit, microbio, floral, spices, oak, vegetal, red fruit, non oak, dried fruit","Pork, Shellfish, Spicy food, Poultry, Cured Meat",Riesling
Domaine Maurice Schoech Riesling Alsace Grand Cru 'Kaefferkopf' 2020,France,44.99,4,images/Domaine_Maurice_Schoech_Riesling_Alsace_Grand_Cru_.jpg,,Alsace Grand Cru 'Kaefferkopf',Domaine Maurice Schoech,"tree fruit, citrus fruit, earth, microbio, oak, spices, non oak, tropical fruit, floral, vegetal, dried fruit, red fruit","Pork, Rich fish (salmon, tuna etc), Spicy food, Vegetarian, Cured Meat",Riesling
Joh. Jos. Prüm Graacher Himmelreich Riesling Auslese 2022,Germany,59.99,4.3,images/Joh_Jos_Prm_Graacher_Himmelreich_Riesling_Auslese_.png,images/bottle_Joh_Jos_Prm_Graacher_Himmelreich_Riesling_A.png,Graach,Joh. Jos. Prüm,"earth, tree fruit, citrus fruit, tropical fruit, floral, oak, microbio, non oak, spices, vegetal, dried fruit, red fruit, black fruit","Pork, Shellfish, Spicy food, Poultry, Cured Meat",Riesling
Philippe Alliet Chinon Rouge 2022,France,31.99,3.7,images/Philippe_Alliet_Chinon_Rouge_2022.png,images/bottle_Philippe_Alliet_Chinon_Rouge_2022.png,Chinon,Philippe Alliet,"earth, red fruit, oak, black fruit, spices, non oak, vegetal, floral, microbio, dried fruit, tree fruit","Lamb, Vegetarian, Poultry, Goat's Milk Cheese",Cabernet Franc
Domaine du Bel Air Bourgueil 'Grand-Mont' 2017,France,113,4.2,images/Domaine_du_Bel_Air_Bourgueil_Grand_Mont_2017.png,images/bottle_Domaine_du_Bel_Air_Bourgueil_Grand_Mont_201.png,Bourgueil,Domaine du Bel Air,"black fruit, earth, oak, red fruit, non oak, spices, vegetal, dried fruit, floral, microbio, tree fruit, citrus fruit","Lamb, Vegetarian, Poultry, Goat's Milk Cheese",Cabernet Franc
Ziata Cabernet Franc 2019,United States,150,4.3,images/Ziata_Cabernet_Franc_2019.jpg,,Oakville,Ziata,"oak, earth, non oak, dried fruit, vegetal, microbio","Beef, Pork, Game (deer, venison), Poultry",Cabernet Franc
La Jota Cabernet Franc 2018,United States,115.99,4.4,images/La_Jota_Cabernet_Franc_2018.png,images/bottle_La_Jota_Cabernet_Franc_2018.png,Howell Mountain,La Jota,"black fruit, oak, earth, spices, non oak, red fruit, vegetal, microbio, floral, dried fruit, tree fruit","Beef, Pork, Game (deer, venison), Poultry",Cabernet Franc
McGregor Vineyard Dry Riesling 2023,United States,22,3.5,images/McGregor_Vineyard_Dry_Riesling_2023.jpg,,Finger Lakes,McGregor Vineyard,"citrus fruit, earth, tree fruit, floral, vegetal, microbio","Pork, Shellfish, Spicy food, Vegetarian, Cured Meat",Riesling
Beneduce Dry Riesling 2023,United States,30,3.9,images/Beneduce_Dry_Riesling_2023.jpg,,New Jersey,Beneduce,"oak, citrus fruit, earth","Rich fish (salmon, tuna etc), Shellfish, Appetizers and snacks, Lean fish",
Durigutti Family Winemakers Durigutti Cabernet Franc 2021,Argentina,16,3.8,images/Durigutti_Family_Winemakers_Durigutti_Cabernet_Fra.png,images/bottle_Durigutti_Family_Winemakers_Durigutti_Caber.png,Mendoza,Durigutti Family Winemakers,"oak, black fruit, red fruit, earth, non oak, spices, vegetal, dried fruit, microbio, floral, tree fruit, citrus fruit","Beef, Lamb, Pork, Vegetarian, Poultry, Goat's Milk Cheese",Cabernet Franc
Später-Veit Riesling Feinherb 2022,Germany,19.99,3.6,images/Spter_Veit_Riesling_Feinherb_2022.jpg,,Mosel,Später-Veit,"citrus fruit, tree fruit, floral, earth","Pork, Shellfish, Spicy food, Poultry, Cured Meat",Riesling
B Cellars Sugarloaf Vineyard Cabernet Franc 2023,United States,145,4.6,images/B_Cellars_Sugarloaf_Vineyard_Cabernet_Franc_2023.jpg,,Napa Valley,B Cellars,"oak, black fruit, red fruit, spices, earth, non oak","Beef, Pork, Game (deer, venison), Poultry",Cabernet Franc
B Cellars Sugarloaf Vineyard Cabernet Franc 2022,United States,145,4.6,images/B_Cellars_Sugarloaf_Vineyard_Cabernet_Franc_2022.jpg,,Napa Valley,B Cellars,"oak, black fruit, red fruit, spices, earth, non oak","Beef, Pork, Game (deer, venison), Poultry",Cabernet Franc
David Hill Estate Riesling 2022,United States,25,3.5,images/David_Hill_Estate_Riesling_2022.jpg,,Willamette Valley,David Hill,"citrus fruit, tree fruit, earth, vegetal, microbio, tropical fruit, spices, oak, floral, non oak","Pork, Shellfish, Spicy food, Poultry, Cured Meat",Riesling
Dr. Konstantin Frank Riesling Semi Dry 2023,United States,15.99,4.1,images/Dr_Konstantin_Frank_Riesling_Semi_Dry_2023.png,images/bottle_Dr_Konstantin_Frank_Riesling_Semi_Dry_2023.png,Finger Lakes,Dr. Konstantin Frank,"tree fruit, citrus fruit, earth, tropical fruit, floral, microbio, vegetal, oak, spices, non oak, red fruit, dried fruit","Pork, Shellfish, Spicy food, Vegetarian, Cured Meat",Riesling
Argyle Minus Five Riesling 2021,United States,40,4.1,images/Argyle_Minus_Five_Riesling_2021.png,images/bottle_Argyle_Minus_Five_Riesling_2021.png,Eola-Amity Hills,Argyle,"tree fruit, earth, citrus fruit, tropical fruit, microbio, dried fruit, spices, floral","Pork, Shellfish, Spicy food, Poultry, Cured Meat",Riesling
J.B. Becker Wallufer Walkenberg Riesling Spätlese Trocken 2018,Germany,36,3.9,images/JB_Becker_Wallufer_Walkenberg_Riesling_Sptlese_Tro.png,images/bottle_JB_Becker_Wallufer_Walkenberg_Riesling_Sptl.png,Rheingau,J.B. Becker,"earth, citrus fruit, tree fruit, microbio, tropical fruit, oak, non oak, floral, spices, dried fruit, vegetal, red fruit","Pork, Shellfish, Spicy food, Poultry, Cured Meat",Riesling
Woodward Canyon Estate Cabernet Franc 2021,United States,55,4.1,images/Woodward_Canyon_Estate_Cabernet_Franc_2021.jpg,,Walla Walla Valley,Woodward Canyon,"black fruit, earth, red fruit, non oak, oak","Beef, Lamb, Vegetarian, Poultry, Goat's Milk Cheese",Cabernet Franc
Lieu Dit Cabernet Franc 2022,United States,29.99,4,images/Lieu_Dit_Cabernet_Franc_2022.png,images/bottle_Lieu_Dit_Cabernet_Franc_2022.png,Santa Ynez Valley,Lieu Dit,"red fruit, earth, spices, oak, black fruit, non oak, vegetal, floral, microbio, dried fruit, tree fruit, citrus fruit, tropical fruit","Beef, Pork, Game (deer, venison), Poultry",Cabernet Franc
Domaine des Roches Neuves Terres Chaudes Saumur-Champigny 2022,France,45.99,3.8,images/Domaine_des_Roches_Neuves_Terres_Chaudes_Saumur_Ch.png,images/bottle_Domaine_des_Roches_Neuves_Terres_Chaudes_Sa.png,Saumur-Champigny,Domaine des Roches Neuves,"red fruit, black fruit, earth, oak, spices, vegetal, non oak, floral, microbio, dried fruit, citrus fruit, tree fruit","Lamb, Vegetarian, Poultry, Goat's Milk Cheese",Cabernet Franc
Domaine Ogereau Anjou Rouge 2019,France,22.99,3.8,images/Domaine_Ogereau_Anjou_Rouge_2019.png,images/bottle_Domaine_Ogereau_Anjou_Rouge_2019.png,Anjou,Domaine Ogereau,"black fruit, oak, red fruit, tree fruit, spices, earth, non oak","Lamb, Vegetarian, Poultry, Goat's Milk Cheese",Cabernet Franc
Ökonomierat Rebholz Kastanienbusch GG 2020,Germany,129.99,4.3,images/konomierat_Rebholz_Kastanienbusch_GG_2020.png,images/bottle_konomierat_Rebholz_Kastanienbusch_GG_2020.png,Pfalz,Ökonomierat Rebholz,"earth, tree fruit, citrus fruit, tropical fruit, spices, oak, microbio, non oak, vegetal, floral, dried fruit, black fruit, red fruit","Pork, Shellfish, Spicy food, Poultry, Cured Meat",Riesling
Field Recordings Pét Nat 2022,United States,18.99,4,images/Field_Recordings_Pt_Nat_2022.png,images/bottle_Field_Recordings_Pt_Nat_2022.png,Arroyo Grande Valley,Field Recordings,"citrus fruit, red fruit, tree fruit, microbio, earth, non oak, floral, vegetal, oak, tropical fruit, spices, dried fruit","Shellfish, Appetizers and snacks, Lean fish, Aperitif","Chardonnay, Pinot Noir"
K.Wechsler Benn Riesling 2020,Germany,48,3.8,images/KWechsler_Benn_Riesling_2020.png,images/bottle_KWechsler_Benn_Riesling_2020.png,Rheinhessen,K.Wechsler,"earth, citrus fruit, tree fruit, tropical fruit, microbio, oak, vegetal, non oak, spices, red fruit","Pork, Shellfish, Spicy food, Poultry, Cured Meat",Riesling
Domaine des Sables Verts Les Poyeux Saumur-Champigny 2021,France,33,4.1,images/Domaine_des_Sables_Verts_Les_Poyeux_Saumur_Champig.png,images/bottle_Domaine_des_Sables_Verts_Les_Poyeux_Saumur_.png,Saumur-Champigny,Domaine des Sables Verts,"red fruit, black fruit, spices, oak, non oak, vegetal, earth, dried fruit, floral","Lamb, Vegetarian, Poultry, Goat's Milk Cheese",Cabernet Franc
McGregor Vineyard Semi-Dry Riesling 2023,United States,22,3.9,images/McGregor_Vineyard_Semi_Dry_Riesling_2023.jpg,,Finger Lakes,McGregor Vineyard,"tree fruit, earth, citrus fruit, red fruit, tropical fruit, spices, floral, vegetal","Pork, Shellfish, Spicy food, Vegetarian, Cured Meat",Riesling
Keller Nierstein Pettenthal Riesling Kabinett 2021,Germany,759,4.4,images/Keller_Nierstein_Pettenthal_Riesling_Kabinett_2021.jpg,,Rheinhessen,Keller,"tropical fruit, citrus fruit, earth, tree fruit, spices, floral, vegetal","Pork, Shellfish, Spicy food, Poultry, Cured Meat",Riesling
Willi Schaefer Graacher Domprobst Riesling Kabinett 2011,Germany,68,3.9,images/Willi_Schaefer_Graacher_Domprobst_Riesling_Kabinet.png,images/bottle_Willi_Schaefer_Graacher_Domprobst_Riesling_.png,Mosel,Willi Schaefer,"tree fruit, earth, citrus fruit, tropical fruit, floral, microbio, vegetal, oak, non oak, black fruit, dried fruit, red fruit, spices","Pork, Shellfish, Spicy food, Poultry, Cured Meat",Riesling
Selbach-Oster Riesling Feinherb 2022,Germany,16.99,3.9,images/Selbach_Oster_Riesling_Feinherb_2022.png,images/bottle_Selbach_Oster_Riesling_Feinherb_2022.png,Mosel,Selbach-Oster,"tree fruit, earth, citrus fruit, tropical fruit, microbio, spices, floral, vegetal, red fruit, oak, black fruit, dried fruit, non oak","Pork, Shellfish, Spicy food, Poultry, Cured Meat",Riesling
Joh. Jos. Prüm Bernkasteler Badstube Riesling Spätlese 2020,Germany,49.99,4.2,images/Joh_Jos_Prm_Bernkasteler_Badstube_Riesling_Sptlese.png,images/bottle_Joh_Jos_Prm_Bernkasteler_Badstube_Riesling_.png,Bernkastel,Joh. Jos. Prüm,"tree fruit, earth, citrus fruit, floral, tropical fruit, microbio, spices, oak, non oak, vegetal, dried fruit","Pork, Shellfish, Spicy food, Poultry, Cured Meat",Riesling
Maximin Grünhaus Maximin Grünhäuser Abtsberg Riesling Spätlese 2020,Germany,68.99,4.3,images/Maximin_Grnhaus_Maximin_Grnhuser_Abtsberg_Riesling.png,images/bottle_Maximin_Grnhaus_Maximin_Grnhuser_Abtsberg_R.png,Mosel,Maximin Grünhaus,"tree fruit, earth, citrus fruit, tropical fruit, microbio, floral, oak, non oak, vegetal, spices, red fruit, dried fruit, black fruit","Pork, Shellfish, Spicy food, Poultry, Cured Meat",Riesling
Karthäuserhof Karthäuserhofberg Riesling Kabinett 2020,Germany,42,4,images/Karthuserhof_Karthuserhofberg_Riesling_Kabinett_20.png,images/bottle_Karthuserhof_Karthuserhofberg_Riesling_Kabi.png,Mosel,Karthäuserhof,"tree fruit, earth, citrus fruit, tropical fruit, floral, microbio, black fruit, spices, vegetal, non oak, oak","Pork, Shellfish, Spicy food, Poultry, Cured Meat",Riesling
Heinrichshof Zeltinger Riesling Trocken 2021,Germany,19.99,3.8,images/Heinrichshof_Zeltinger_Riesling_Trocken_2021.jpg,,Mosel,Heinrichshof,"citrus fruit, tree fruit, vegetal, tropical fruit, spices, floral, earth","Pork, Shellfish, Spicy food, Poultry, Cured Meat",Riesling
Painted Rock Estate Grown Cabernet Franc 2018,Canada,50,4.3,images/Painted_Rock_Estate_Grown_Cabernet_Franc_2018.png,images/bottle_Painted_Rock_Estate_Grown_Cabernet_Franc_20.png,Skaha Bench,Painted Rock,"black fruit, oak, spices, non oak, red fruit, earth, vegetal, microbio, floral, dried fruit, tree fruit","Beef, Pork, Game (deer, venison), Poultry",Cabernet Franc
Trimbach Riesling Alsace Grand Cru 'Schlossberg' 2018,France,129.99,4.1,images/Trimbach_Riesling_Alsace_Grand_Cru_Schlossberg_201.png,images/bottle_Trimbach_Riesling_Alsace_Grand_Cru_Schlossb.png,Alsace Grand Cru 'Schlossberg',Trimbach,"earth, tree fruit, citrus fruit, tropical fruit, floral, spices, vegetal, microbio, non oak, oak","Pork, Rich fish (salmon, tuna etc), Spicy food, Vegetarian, Cured Meat",Riesling
Domaine de la Chanteleuserie Fine Bulles Touraine,France,19.99,4,images/Domaine_de_la_Chanteleuserie_Fine_Bulles_Touraine.png,images/bottle_Domaine_de_la_Chanteleuserie_Fine_Bulles_To.png,Touraine,Domaine de la Chanteleuserie,"red fruit, tree fruit, citrus fruit, spices, microbio, non oak, oak, floral, vegetal, earth","Shellfish, Poultry, Appetizers and snacks, Lean fish, Aperitif",
Emrich-Schönleber Halenberg Riesling GG 2023,Germany,122.99,4.2,images/Emrich_Schnleber_Halenberg_Riesling_GG_2023.png,images/bottle_Emrich_Schnleber_Halenberg_Riesling_GG_2023.png,Nahe,Emrich-Schönleber,"earth, tree fruit, citrus fruit, tropical fruit, oak, microbio, vegetal, non oak, spices, floral, black fruit, red fruit, dried fruit","Pork, Shellfish, Spicy food, Poultry, Cured Meat",Riesling
Quintarelli Giuseppe Veneto Alzero Cabernet 2015,Italy,514,4.6,images/Quintarelli_Giuseppe_Veneto_Alzero_Cabernet_2015.png,images/bottle_Quintarelli_Giuseppe_Veneto_Alzero_Cabernet.png,Veneto,Quintarelli Giuseppe,"oak, black fruit, non oak, earth, red fruit, dried fruit, spices, microbio, vegetal, citrus fruit, tree fruit, floral, tropical fruit","Beef, Pasta, Lamb, Game (deer, venison)","Nebbiolo, Barbera, Dolcetto"
Karthäuserhof Karthäuserhofberg Riesling GG Trocken 2015,Germany,99,4.1,images/Karthuserhof_Karthuserhofberg_Riesling_GG_Trocken_.png,images/bottle_Karthuserhof_Karthuserhofberg_Riesling_GG_T.png,Mosel,Karthäuserhof,"earth, tree fruit, citrus fruit, tropical fruit, microbio, non oak, oak, vegetal, spices, floral, dried fruit","Pork, Shellfish, Spicy food, Poultry, Cured Meat",Riesling
Grosset Springvale Riesling 2023,Australia,58.99,3.9,images/Grosset_Springvale_Riesling_2023.png,images/bottle_Grosset_Springvale_Riesling_2023.png,Clare Valley,Grosset,"citrus fruit, tree fruit, earth, vegetal, tropical fruit, floral, microbio, non oak, spices, oak, red fruit, dried fruit","Pork, Shellfish, Poultry, Appetizers and snacks, Cured Meat",Riesling
Quintarelli Giuseppe Veneto Alzero Cabernet 2016,Italy,369.99,4.6,images/Quintarelli_Giuseppe_Veneto_Alzero_Cabernet_2016.png,images/bottle_Quintarelli_Giuseppe_Veneto_Alzero_Cabernet.png,Veneto,Quintarelli Giuseppe,"oak, black fruit, non oak, earth, red fruit, dried fruit, spices, microbio, vegetal, citrus fruit, tree fruit, floral, tropical fruit","Beef, Pasta, Lamb, Game (deer, venison)","Nebbiolo, Barbera, Dolcetto"
Bernard Baudry Les Granges Chinon 2023,France,23.99,3.8,images/Bernard_Baudry_Les_Granges_Chinon_2023.png,images/bottle_Bernard_Baudry_Les_Granges_Chinon_2023.png,Chinon,Bernard Baudry,"earth, red fruit, oak, black fruit, spices, non oak, vegetal, floral, microbio, dried fruit, tree fruit, citrus fruit, tropical fruit","Lamb, Vegetarian, Poultry, Goat's Milk Cheese",Cabernet Franc
Egon Müller - Scharzhof Riesling 'Le Gallais' Wiltinger Braune Kupp Kabinett 2021,Germany,103,4.3,images/Egon_Mller_Scharzhof_Riesling_Le_Gallais_Wiltinger.png,images/bottle_Egon_Mller_Scharzhof_Riesling_Le_Gallais_Wi.png,Wiltingen,Egon Müller - Scharzhof,"earth, tree fruit, citrus fruit, tropical fruit, floral, microbio, oak, non oak, vegetal, spices, dried fruit","Pork, Shellfish, Spicy food, Poultry, Cured Meat",Riesling
Balthasar Ress Riesling Trocken 2023,Germany,21.97,3.9,images/Balthasar_Ress_Riesling_Trocken_2023.png,images/bottle_Balthasar_Ress_Riesling_Trocken_2023.png,Rheingau,Balthasar Ress,"tree fruit, earth, citrus fruit, vegetal, tropical fruit, microbio, oak, non oak, dried fruit, black fruit, red fruit, floral","Pork, Shellfish, Spicy food, Poultry, Cured Meat",Riesling
Stefan Vetter Riesling Steinterrassen 2019,Germany,51,3.7,images/Stefan_Vetter_Riesling_Steinterrassen_2019.jpg,,Franken,Stefan Vetter,"tropical fruit, earth, tree fruit, citrus fruit","Pork, Shellfish, Spicy food, Poultry, Cured Meat",Riesling
Stefan Vetter Riesling Steinterrassen 2020,Germany,44,3.7,images/Stefan_Vetter_Riesling_Steinterrassen_2020.jpg,,Franken,Stefan Vetter,"tropical fruit, earth, tree fruit, citrus fruit","Pork, Shellfish, Spicy food, Poultry, Cured Meat",Riesling
State Of Mind Zillah Ranch Vineyard Riesling 2023,United States,23.99,4,images/State_Of_Mind_Zillah_Ranch_Vineyard_Riesling_2023.jpg,,Columbia Valley,State Of Mind,"tropical fruit, citrus fruit","Pork, Shellfish, Spicy food, Poultry, Cured Meat",Riesling
Trimbach Clos Sainte Hune Riesling Alsace 1996,France,739,4.6,images/Trimbach_Clos_Sainte_Hune_Riesling_Alsace_1996.png,images/bottle_Trimbach_Clos_Sainte_Hune_Riesling_Alsace_1.png,Alsace,Trimbach,"earth, tree fruit, citrus fruit, oak, tropical fruit, non oak, microbio, spices, floral, vegetal, dried fruit, red fruit, black fruit","Pork, Rich fish (salmon, tuna etc), Spicy food, Vegetarian, Cured Meat",Riesling
Veyder-Malberg Bruck Riesling 2021,Austria,69.99,4.1,images/Veyder_Malberg_Bruck_Riesling_2021.png,images/bottle_Veyder_Malberg_Bruck_Riesling_2021.png,Wachau,Veyder-Malberg,"earth, citrus fruit, tree fruit, floral, tropical fruit, spices, microbio, vegetal, oak","Pork, Shellfish, Spicy food, Poultry, Cured Meat",Riesling
Pride Mountain Vineyards Cabernet Franc 2005,United States,249,4.3,images/Pride_Mountain_Vineyards_Cabernet_Franc_2005.png,images/bottle_Pride_Mountain_Vineyards_Cabernet_Franc_200.png,Sonoma County,Pride Mountain Vineyards,"oak, black fruit, earth, non oak, red fruit, spices, vegetal, floral, microbio, dried fruit, citrus fruit, tree fruit, tropical fruit","Beef, Pork, Game (deer, venison), Poultry",Cabernet Franc
Prager Ried Achleiten Riesling Smaragd 2008,Austria,115,4.4,images/Prager_Ried_Achleiten_Riesling_Smaragd_2008.png,images/bottle_Prager_Ried_Achleiten_Riesling_Smaragd_2008.png,Wachau,Prager,"earth, tree fruit, citrus fruit, tropical fruit, microbio, floral, oak, spices, non oak, dried fruit, black fruit, red fruit, vegetal","Pork, Shellfish, Spicy food, Poultry, Cured Meat",Riesling
Domaine du Bel Air Bourgueil 'Grand-Mont' 2016,France,113,4.1,images/Domaine_du_Bel_Air_Bourgueil_Grand_Mont_2016.png,images/bottle_Domaine_du_Bel_Air_Bourgueil_Grand_Mont_201.png,Bourgueil,Domaine du Bel Air,"black fruit, earth, oak, red fruit, non oak, spices, vegetal, dried fruit, floral, microbio, tree fruit, citrus fruit","Lamb, Vegetarian, Poultry, Goat's Milk Cheese",Cabernet Franc
Domaine du Bel Air Bourgueil 'Grand-Mont' 2018,France,113,4.1,images/Domaine_du_Bel_Air_Bourgueil_Grand_Mont_2018.png,images/bottle_Domaine_du_Bel_Air_Bourgueil_Grand_Mont_201.png,Bourgueil,Domaine du Bel Air,"black fruit, earth, oak, red fruit, non oak, spices, vegetal, dried fruit, floral, microbio, tree fruit, citrus fruit","Lamb, Vegetarian, Poultry, Goat's Milk Cheese",Cabernet Franc
Coeur de Terre Vineyard Dry Riesling 2024,United States,27,4,images/Coeur_de_Terre_Vineyard_Dry_Riesling_2024.jpg,,McMinnville,Coeur de Terre Vineyard,"tree fruit, citrus fruit, earth, dried fruit, vegetal","Pork, Shellfish, Spicy food, Poultry, Cured Meat",Riesling
Coeur de Terre Vineyard Dry Riesling 2023,United States,27,4,images/Coeur_de_Terre_Vineyard_Dry_Riesling_2023.jpg,,McMinnville,Coeur de Terre Vineyard,"tree fruit, citrus fruit, earth, dried fruit, vegetal","Pork, Shellfish, Spicy food, Poultry, Cured Meat",Riesling
Teutonic Medici Vineyard Riesling 2023,United States,27.99,3.9,images/Teutonic_Medici_Vineyard_Riesling_2023.jpg,,Chehalem Mountains,Teutonic,"tree fruit, earth","Pork, Shellfish, Spicy food, Poultry, Cured Meat",Riesling
Guiberteau Les Moulins Saumur Rouge 2023,France,39.99,4.1,images/Guiberteau_Les_Moulins_Saumur_Rouge_2023.png,images/bottle_Guiberteau_Les_Moulins_Saumur_Rouge_2023.png,Saumur,Guiberteau,"earth, black fruit, spices, oak, red fruit, vegetal, non oak, microbio, floral, tree fruit, citrus fruit, dried fruit","Lamb, Vegetarian, Poultry, Goat's Milk Cheese",Cabernet Franc
Steven Kent Small-Lot Offering Cabernet Franc 2022,United States,48,4,images/Steven_Kent_Small_Lot_Offering_Cabernet_Franc_2022.jpg,,Livermore Valley,Steven Kent,"black fruit, spices, red fruit, vegetal, earth, non oak, oak","Beef, Pork, Game (deer, venison), Poultry",Cabernet Franc
Dönnhoff Höllenpfad im Mühlenberg Riesling GG 2018,Germany,80,4.1,images/Dnnhoff_Hllenpfad_im_Mhlenberg_Riesling_GG_2018.png,images/bottle_Dnnhoff_Hllenpfad_im_Mhlenberg_Riesling_GG_.png,Nahe,Dönnhoff,"citrus fruit, tree fruit, earth, tropical fruit, vegetal, floral, spices, non oak, oak, red fruit, microbio","Pork, Shellfish, Spicy food, Poultry, Cured Meat",Riesling
Emrich-Schönleber Frühlingsplätzchen Riesling GG 2021,Germany,103,4.3,images/Emrich_Schnleber_Frhlingspltzchen_Riesling_GG_2021.png,images/bottle_Emrich_Schnleber_Frhlingspltzchen_Riesling_.png,Nahe,Emrich-Schönleber,"earth, tree fruit, citrus fruit, tropical fruit, vegetal, microbio, non oak, oak, spices, black fruit, floral, red fruit, dried fruit","Pork, Shellfish, Spicy food, Poultry, Cured Meat",Riesling
Immich-Batterieberg Escheburg 2022,Germany,38,3.9,images/Immich_Batterieberg_Escheburg_2022.png,images/bottle_Immich_Batterieberg_Escheburg_2022.png,Mosel,Immich-Batterieberg,"tree fruit, earth, citrus fruit, vegetal, tropical fruit, floral, microbio, oak, black fruit, spices, non oak, dried fruit","Pork, Shellfish, Spicy food, Poultry, Cured Meat",Riesling
Charles Joguet Clos de la Dioterie Chinon 2018,France,84,4,images/Charles_Joguet_Clos_de_la_Dioterie_Chinon_2018.png,images/bottle_Charles_Joguet_Clos_de_la_Dioterie_Chinon_2.png,Chinon,Charles Joguet,"oak, black fruit, earth, red fruit, non oak, spices, vegetal, floral, microbio, dried fruit, citrus fruit, tree fruit, tropical fruit","Lamb, Vegetarian, Poultry, Goat's Milk Cheese",Cabernet Franc
Silver Ghost Cabernet Franc 2019,United States,29.99,4.2,images/Silver_Ghost_Cabernet_Franc_2019.jpg,,Napa Valley,Silver Ghost,"black fruit, red fruit, floral, earth, oak","Beef, Pork, Game (deer, venison), Poultry",Cabernet Franc
McGregor Vineyard Rosé d'Cabernet Franc 2024,United States,22,3.8,images/McGregor_Vineyard_Ros_dCabernet_Franc_2024.jpg,,Finger Lakes,McGregor Vineyard,"red fruit, tree fruit, citrus fruit, earth",,
John Alan Cabernet Franc 2022,United States,25,4,images/John_Alan_Cabernet_Franc_2022.jpg,,Paso Robles,John Alan,"oak, red fruit, spices, non oak, black fruit, earth, tropical fruit, microbio","Beef, Pork, Game (deer, venison), Poultry",Cabernet Franc
John Alan Cabernet Franc 2019,United States,25,4,images/John_Alan_Cabernet_Franc_2019.jpg,,Paso Robles,John Alan,"oak, red fruit, spices, non oak, black fruit, earth, tropical fruit, microbio","Beef, Pork, Game (deer, venison), Poultry",Cabernet Franc
Karthäuserhof Karthäuserhofberg Riesling Spätlese 2020,Germany,42,4.1,images/Karthuserhof_Karthuserhofberg_Riesling_Sptlese_202.png,images/bottle_Karthuserhof_Karthuserhofberg_Riesling_Sptl.png,Mosel,Karthäuserhof,"earth, tree fruit, citrus fruit, tropical fruit, microbio, floral, oak, non oak, spices, vegetal, dried fruit, black fruit, red fruit","Pork, Shellfish, Spicy food, Poultry, Cured Meat",Riesling
Gut Hermannsberg Bastei GG 2020,Germany,72,4.2,images/Gut_Hermannsberg_Bastei_GG_2020.png,images/bottle_Gut_Hermannsberg_Bastei_GG_2020.png,Nahe,Gut Hermannsberg,"earth, tree fruit, tropical fruit, citrus fruit, microbio, oak, non oak, floral, vegetal, black fruit, red fruit, dried fruit, spices","Pork, Shellfish, Spicy food, Poultry, Cured Meat",Riesling
Domaine Ostertag Heissenberg Riesling 2019,France,62,4.3,images/Domaine_Ostertag_Heissenberg_Riesling_2019.png,images/bottle_Domaine_Ostertag_Heissenberg_Riesling_2019.png,Alsace,Domaine Ostertag,"earth, citrus fruit, tree fruit, tropical fruit, oak, non oak, microbio, spices, floral, vegetal, black fruit, dried fruit","Pork, Rich fish (salmon, tuna etc), Spicy food, Vegetarian, Cured Meat",Riesling
Hofgut Falkenstein Krettnacher Euchariusberg Riesling Kabinett Alte Reben A.P. 8 2019,Germany,124,4.5,images/Hofgut_Falkenstein_Krettnacher_Euchariusberg_Riesl.png,images/bottle_Hofgut_Falkenstein_Krettnacher_Euchariusber.png,Mosel,Hofgut Falkenstein,"earth, citrus fruit, tree fruit, floral, non oak, oak, tropical fruit, vegetal, microbio","Pork, Shellfish, Spicy food, Poultry, Cured Meat",Riesling
Joh. Jos. Prüm Wehlener Sonnenuhr Riesling Auslese 2022,Germany,62.99,4.4,images/Joh_Jos_Prm_Wehlener_Sonnenuhr_Riesling_Auslese_20.png,images/bottle_Joh_Jos_Prm_Wehlener_Sonnenuhr_Riesling_Aus.png,Wehlen,Joh. Jos. Prüm,"earth, tree fruit, citrus fruit, tropical fruit, floral, microbio, oak, non oak, spices, vegetal, dried fruit, black fruit, red fruit","Pork, Shellfish, Spicy food, Poultry, Cured Meat",Riesling
Wittmann Kirchspiel Riesling GG 2022,Germany,117,4.3,images/Wittmann_Kirchspiel_Riesling_GG_2022.png,images/bottle_Wittmann_Kirchspiel_Riesling_GG_2022.png,Rheinhessen,Wittmann,"earth, tree fruit, citrus fruit, tropical fruit, microbio, vegetal, oak, non oak, spices, floral, red fruit, dried fruit","Pork, Shellfish, Spicy food, Poultry, Cured Meat",Riesling
Von Winning Jesuitengarten Forst GG 2020,Germany,139.99,4.3,images/Von_Winning_Jesuitengarten_Forst_GG_2020.png,images/bottle_Von_Winning_Jesuitengarten_Forst_GG_2020.png,Pfalz,Von Winning,"earth, tree fruit, citrus fruit, tropical fruit, oak, non oak, microbio, floral","Pork, Shellfish, Spicy food, Poultry, Cured Meat",Riesling
Schlink Haus Riesling 2020,Germany,11.99,3.7,images/Schlink_Haus_Riesling_2020.png,images/bottle_Schlink_Haus_Riesling_2020.png,Nahe,Schlink Haus,"tree fruit, citrus fruit, earth, tropical fruit, microbio, spices, floral, vegetal, non oak, oak, red fruit","Pork, Shellfish, Spicy food, Poultry, Cured Meat",Riesling
Bernard Baudry Les Grézeaux Chinon 2022,France,29.99,3.9,images/Bernard_Baudry_Les_Grzeaux_Chinon_2022.png,images/bottle_Bernard_Baudry_Les_Grzeaux_Chinon_2022.png,Chinon,Bernard Baudry,"earth, red fruit, oak, black fruit, spices, vegetal, non oak, microbio, floral, dried fruit, citrus fruit, tree fruit","Lamb, Vegetarian, Poultry, Goat's Milk Cheese",Cabernet Franc
Dönnhoff Dellchen Riesling GG 2023,Germany,100,4.1,images/Dnnhoff_Dellchen_Riesling_GG_2023.png,images/bottle_Dnnhoff_Dellchen_Riesling_GG_2023.png,Nahe,Dönnhoff,"earth, tree fruit, citrus fruit, tropical fruit, non oak, oak, microbio, vegetal, floral, spices, dried fruit, red fruit","Pork, Shellfish, Spicy food, Poultry, Cured Meat",Riesling
Dönnhoff Höllenpfad im Mühlenberg Riesling GG 2023,Germany,96,4.1,images/Dnnhoff_Hllenpfad_im_Mhlenberg_Riesling_GG_2023.png,images/bottle_Dnnhoff_Hllenpfad_im_Mhlenberg_Riesling_GG_.png,Nahe,Dönnhoff,"citrus fruit, tree fruit, earth, tropical fruit, vegetal, floral, spices, non oak, oak, red fruit, microbio","Pork, Shellfish, Spicy food, Poultry, Cured Meat",Riesling
Keller Nierstein Hipping Riesling Kabinett 2021,Germany,759,4.4,images/Keller_Nierstein_Hipping_Riesling_Kabinett_2021.png,images/bottle_Keller_Nierstein_Hipping_Riesling_Kabinett_.png,Rheinhessen,Keller,"tropical fruit, tree fruit, citrus fruit, microbio","Pork, Shellfish, Spicy food, Poultry, Cured Meat",Riesling
Marcel Deiss Alsace Grand Cru Schoenenbourg 2019,France,114.99,4.3,images/Marcel_Deiss_Alsace_Grand_Cru_Schoenenbourg_2019.png,images/bottle_Marcel_Deiss_Alsace_Grand_Cru_Schoenenbourg.png,Alsace Grand Cru,Marcel Deiss,"earth, tree fruit, citrus fruit, oak, microbio, non oak, spices, tropical fruit, floral, dried fruit, vegetal, black fruit, red fruit","Pork, Rich fish (salmon, tuna etc), Spicy food, Vegetarian, Cured Meat",Riesling
Antoine Sanzay Saumur Champigny 'Les Poyeux' 2021,France,63,4.1,images/Antoine_Sanzay_Saumur_Champigny_Les_Poyeux_2021.png,images/bottle_Antoine_Sanzay_Saumur_Champigny_Les_Poyeux_.png,Saumur-Champigny,Antoine Sanzay,"earth, oak, black fruit, red fruit, spices, non oak, vegetal, microbio, floral, dried fruit, citrus fruit, tree fruit, tropical fruit","Lamb, Vegetarian, Poultry, Goat's Milk Cheese",Cabernet Franc
Alain et Jerome Lenoir Les Roches Chinon 2010,France,199,4.2,images/Alain_et_Jerome_Lenoir_Les_Roches_Chinon_2010.png,images/bottle_Alain_et_Jerome_Lenoir_Les_Roches_Chinon_20.png,Chinon,Alain et Jerome Lenoir,"earth, oak, red fruit, microbio, black fruit, vegetal, non oak, tree fruit, citrus fruit, dried fruit, tropical fruit, floral","Lamb, Vegetarian, Poultry, Goat's Milk Cheese",Cabernet Franc
Dönnhoff Krötenpfuhl Riesling GG 2018,Germany,70,4.1,images/Dnnhoff_Krtenpfuhl_Riesling_GG_2018.png,images/bottle_Dnnhoff_Krtenpfuhl_Riesling_GG_2018.png,Nahe,Dönnhoff,"citrus fruit, earth, tree fruit, tropical fruit, floral, spices, vegetal, microbio, non oak, oak","Pork, Shellfish, Spicy food, Poultry, Cured Meat",Riesling
Dr. Bürklin-Wolf Forst Village Riesling 2022,Germany,39.99,4,images/Dr_Brklin_Wolf_Forst_Village_Riesling_2022.png,images/bottle_Dr_Brklin_Wolf_Forst_Village_Riesling_2022.png,Pfalz,Dr. Bürklin-Wolf,"tree fruit, citrus fruit, earth, tropical fruit","Pork, Shellfish, Spicy food, Poultry, Cured Meat",Riesling
Schäfer-Fröhlich Riesling Medium Dry 2022,Germany,34.99,3.7,images/Schfer_Frhlich_Riesling_Medium_Dry_2022.jpg,,Nahe,Schäfer-Fröhlich,"tree fruit, citrus fruit, earth","Pork, Shellfish, Spicy food, Poultry, Cured Meat",Riesling
Franz Hirtzberger Singerriedel - Riesling Smaragd 2023,Austria,185.99,4.4,images/Franz_Hirtzberger_Singerriedel_Riesling_Smaragd_20.png,images/bottle_Franz_Hirtzberger_Singerriedel_Riesling_Sma.png,Wachau,Franz Hirtzberger,"earth, tree fruit, citrus fruit, tropical fruit, microbio, oak, non oak, spices, floral, vegetal, dried fruit, red fruit","Pork, Shellfish, Spicy food, Poultry, Cured Meat",Riesling
Tobin James Cellars Cabernet Franc James Gang Reserve 2018,United States,48,4.1,images/Tobin_James_Cellars_Cabernet_Franc_James_Gang_Rese.jpg,,Paso Robles,Tobin James Cellars,"oak, black fruit, red fruit, spices, non oak, earth, tree fruit, floral, vegetal, microbio","Beef, Pork, Game (deer, venison), Poultry",Cabernet Franc
Domaine du Bel Air Bourgueil 'Grand-Mont' 2015,France,113,4.3,images/Domaine_du_Bel_Air_Bourgueil_Grand_Mont_2015.png,images/bottle_Domaine_du_Bel_Air_Bourgueil_Grand_Mont_201.png,Bourgueil,Domaine du Bel Air,"black fruit, earth, oak, red fruit, non oak, spices, vegetal, dried fruit, floral, microbio, tree fruit, citrus fruit","Lamb, Vegetarian, Poultry, Goat's Milk Cheese",Cabernet Franc
Château Soucherie 'Reliefs' Anjou Rouge 2021,France,22.99,3.6,images/Chteau_Soucherie_Reliefs_Anjou_Rouge_2021.png,images/bottle_Chteau_Soucherie_Reliefs_Anjou_Rouge_2021.png,Anjou,Château Soucherie,"black fruit, earth, red fruit, oak, spices, non oak, floral, vegetal, microbio, dried fruit, tropical fruit, citrus fruit","Lamb, Vegetarian, Poultry, Goat's Milk Cheese",Cabernet Franc
Lieu Dit Rosé 2019,United States,24.99,4.1,images/Lieu_Dit_Ros_2019.jpg,,Santa Barbara County,Lieu Dit,"red fruit, tropical fruit, tree fruit, microbio","Shellfish, Spicy food, Appetizers and snacks, Fruity desserts, Aperitif","Shiraz/Syrah, Cabernet Sauvignon, Pinot Noir, Sangiovese, Zinfandel, Barbera"
Albert Boxler Riesling Alsace Grand Cru 'Sommerberg' Vanne 2022,France,118,4.3,images/Albert_Boxler_Riesling_Alsace_Grand_Cru_Sommerberg.png,images/bottle_Albert_Boxler_Riesling_Alsace_Grand_Cru_Som.png,Alsace Grand Cru 'Sommerberg',Albert Boxler,tree fruit,"Pork, Rich fish (salmon, tuna etc), Spicy food, Vegetarian, Cured Meat",Riesling
Emrich-Schönleber Halgans Monzinger Riesling Trocken 2023,Germany,50.99,4,images/Emrich_Schnleber_Halgans_Monzinger_Riesling_Trocke.png,images/bottle_Emrich_Schnleber_Halgans_Monzinger_Riesling.png,Nahe,Emrich-Schönleber,"earth, tree fruit, citrus fruit, tropical fruit, vegetal, spices, oak, microbio, non oak, floral, black fruit, red fruit","Pork, Shellfish, Spicy food, Poultry, Cured Meat",Riesling
Dönnhoff Höllenpfad Riesling Trocken 2023,Germany,45.99,4.1,images/Dnnhoff_Hllenpfad_Riesling_Trocken_2023.png,images/bottle_Dnnhoff_Hllenpfad_Riesling_Trocken_2023.png,Nahe,Dönnhoff,"citrus fruit, tree fruit, earth, tropical fruit, spices, vegetal, microbio, oak, floral, non oak, dried fruit, red fruit","Pork, Shellfish, Spicy food, Poultry, Cured Meat",Riesling
Joh. Jos. Prüm Zeltinger Sonnenuhr Riesling Spätlese 2020,Germany,60,4.1,images/Joh_Jos_Prm_Zeltinger_Sonnenuhr_Riesling_Sptlese_2.png,images/bottle_Joh_Jos_Prm_Zeltinger_Sonnenuhr_Riesling_Sp.png,Zeltingen,Joh. Jos. Prüm,"tree fruit, earth, citrus fruit, tropical fruit, floral, microbio, vegetal, non oak, dried fruit, oak, spices, black fruit, red fruit","Pork, Shellfish, Spicy food, Poultry, Cured Meat",Riesling
K.Wechsler Morstein Riesling 2020,Germany,66,4,images/KWechsler_Morstein_Riesling_2020.png,images/bottle_KWechsler_Morstein_Riesling_2020.png,Rheinhessen,K.Wechsler,"citrus fruit, tree fruit, earth, microbio, tropical fruit, non oak, oak, vegetal, red fruit, spices, floral","Pork, Shellfish, Spicy food, Poultry, Cured Meat",Riesling
Brecon Estate Reserve Cabernet Franc 2022,United States,96,4.3,images/Brecon_Estate_Reserve_Cabernet_Franc_2022.jpg,,Paso Robles,Brecon Estate,"black fruit, red fruit, earth, oak","Beef, Pork, Game (deer, venison), Poultry",Cabernet Franc
Müller-Catoir Im Breumel Bürgergarten GG 2019,Germany,69,3.9,images/Mller_Catoir_Im_Breumel_Brgergarten_GG_2019.png,images/bottle_Mller_Catoir_Im_Breumel_Brgergarten_GG_2019.png,Pfalz,Müller-Catoir,"tree fruit, earth, citrus fruit, tropical fruit, floral, vegetal, spices, non oak, oak","Pork, Shellfish, Spicy food, Poultry, Cured Meat",Riesling
Karthäuserhof Karthäuserhofberg Riesling GG Trocken 2019,Germany,92,4,images/Karthuserhof_Karthuserhofberg_Riesling_GG_Trocken_.png,images/bottle_Karthuserhof_Karthuserhofberg_Riesling_GG_T.png,Mosel,Karthäuserhof,"earth, tree fruit, citrus fruit, tropical fruit, microbio, non oak, oak, vegetal, spices, floral, dried fruit","Pork, Shellfish, Spicy food, Poultry, Cured Meat",Riesling
College Cellars Clarke Vineyard Cabernet Franc 2019,United States,35,4,images/College_Cellars_Clarke_Vineyard_Cabernet_Franc_201.jpg,,Walla Walla Valley,College Cellars,"black fruit, red fruit, oak, spices, earth, non oak, microbio","Beef, Lamb, Vegetarian, Poultry, Goat's Milk Cheese",Cabernet Franc
Château du Petit Thouars Les Foux Méthode Traditionnelle,France,28.99,3.9,images/Chteau_du_Petit_Thouars_Les_Foux_Mthode_Traditionn.png,images/bottle_Chteau_du_Petit_Thouars_Les_Foux_Mthode_Tra.png,Loire Valley,Château du Petit Thouars,"red fruit, tree fruit, citrus fruit, spices, floral, microbio","Shellfish, Poultry, Appetizers and snacks, Lean fish, Aperitif",
Spring Valley Vineyard Katherine Corkrum Cabernet Franc 2017,United States,65,4.1,images/Spring_Valley_Vineyard_Katherine_Corkrum_Cabernet_.png,images/bottle_Spring_Valley_Vineyard_Katherine_Corkrum_Ca.png,Walla Walla Valley,Spring Valley Vineyard,"red fruit, oak, earth, black fruit, spices, non oak, vegetal, microbio, floral, dried fruit, citrus fruit, tree fruit","Beef, Lamb, Vegetarian, Poultry, Goat's Milk Cheese",Cabernet Franc
Beurer Stettener Riesling Schilfsandstein 2020,Germany,27.99,3.9,images/Beurer_Stettener_Riesling_Schilfsandstein_2020.png,images/bottle_Beurer_Stettener_Riesling_Schilfsandstein_2.png,Württemberg,Beurer,"earth, tree fruit, citrus fruit, tropical fruit, microbio, floral, oak, spices, vegetal, non oak","Pork, Shellfish, Spicy food, Poultry, Cured Meat",Riesling
Franz Hirtzberger Steinterrassen - Riesling Federspiel 2022,Austria,51.99,4.1,images/Franz_Hirtzberger_Steinterrassen_Riesling_Federspi.png,images/bottle_Franz_Hirtzberger_Steinterrassen_Riesling_F.png,Wachau,Franz Hirtzberger,"earth, tree fruit, citrus fruit, floral, vegetal, microbio, oak, tropical fruit, dried fruit, spices, non oak","Pork, Shellfish, Spicy food, Poultry, Cured Meat",Riesling
Brendan Stater-West La Ripaille Saumur 2020,France,55.99,4.2,images/Brendan_Stater_West_La_Ripaille_Saumur_2020.png,images/bottle_Brendan_Stater_West_La_Ripaille_Saumur_2020.png,Saumur,Brendan Stater-West,"black fruit, red fruit, vegetal, spices, earth","Lamb, Vegetarian, Poultry, Goat's Milk Cheese",Cabernet Franc
Beringer Third Century Cabernet Franc 1996,United States,168,4.4,images/Beringer_Third_Century_Cabernet_Franc_1996.png,images/bottle_Beringer_Third_Century_Cabernet_Franc_1996.png,Howell Mountain,Beringer,"oak, black fruit, non oak, red fruit, earth, spices, dried fruit, vegetal, microbio","Beef, Pork, Game (deer, venison), Poultry",Cabernet Franc
Hofgut Falkenstein Krettnacher Euchariusberg Riesling Kabinett Alte Reben A.P. 8 2022,Germany,75,4.1,images/Hofgut_Falkenstein_Krettnacher_Euchariusberg_Riesl.png,images/bottle_Hofgut_Falkenstein_Krettnacher_Euchariusber.png,Mosel,Hofgut Falkenstein,"earth, citrus fruit, tree fruit, floral, non oak, oak, tropical fruit, vegetal, microbio","Pork, Shellfish, Spicy food, Poultry, Cured Meat",Riesling
Weingut Stadt Krems Kremstal Riesling 2023,Austria,16.99,4,images/Weingut_Stadt_Krems_Kremstal_Riesling_2023.jpg,,Kremstal,Weingut Stadt Krems,"tree fruit, citrus fruit, earth, tropical fruit, floral, microbio, vegetal, black fruit, spices, oak","Pork, Shellfish, Spicy food, Poultry, Cured Meat",Riesling
Wittmann Morstein Riesling GG 2022,Germany,132,4.3,images/Wittmann_Morstein_Riesling_GG_2022.png,images/bottle_Wittmann_Morstein_Riesling_GG_2022.png,Rheinhessen,Wittmann,"earth, citrus fruit, tree fruit, tropical fruit, microbio, oak, non oak, floral, spices, vegetal, dried fruit, black fruit, red fruit","Pork, Shellfish, Spicy food, Poultry, Cured Meat",Riesling
Detert Family Vineyards Cabernet Franc 2019,United States,90,4.4,images/Detert_Family_Vineyards_Cabernet_Franc_2019.png,images/bottle_Detert_Family_Vineyards_Cabernet_Franc_2019.png,Oakville,Detert Family Vineyards,"oak, black fruit, non oak, earth, spices, red fruit, vegetal, floral, microbio, dried fruit, tree fruit","Beef, Pork, Game (deer, venison), Poultry",Cabernet Franc
Forstmeister Geltz-Zilliken Saarburger Rausch Riesling Spätlese 2009,Germany,96.99,4.1,images/Forstmeister_Geltz_Zilliken_Saarburger_Rausch_Ries.png,images/bottle_Forstmeister_Geltz_Zilliken_Saarburger_Raus.png,Mosel,Forstmeister Geltz-Zilliken,"earth, tree fruit, tropical fruit, citrus fruit, oak, microbio, non oak, floral, spices, vegetal, dried fruit, red fruit, black fruit","Pork, Shellfish, Spicy food, Poultry, Cured Meat",Riesling
Domaine Ostertag Clos Mathis Riesling 2021,France,61.99,4.1,images/Domaine_Ostertag_Clos_Mathis_Riesling_2021.png,images/bottle_Domaine_Ostertag_Clos_Mathis_Riesling_2021.png,Alsace,Domaine Ostertag,"earth, citrus fruit, tree fruit, microbio, spices, oak, tropical fruit, floral, vegetal, non oak, black fruit, dried fruit","Pork, Rich fish (salmon, tuna etc), Spicy food, Vegetarian, Cured Meat",Riesling
J. Lohr Vineyards & Wines Bay Mist White Riesling 2011,United States,16.41,3.3,images/J_Lohr_Vineyards_Wines_Bay_Mist_White_Riesling_201.png,images/bottle_J_Lohr_Vineyards_Wines_Bay_Mist_White_Riesl.png,Arroyo Seco,J. Lohr Vineyards & Wines,"tree fruit, earth, citrus fruit, tropical fruit, floral, vegetal, microbio, oak, spices, non oak, black fruit, dried fruit, red fruit","Pork, Shellfish, Spicy food, Poultry, Cured Meat",Riesling
Ingleside Cabernet Franc 2022,United States,24.95,3.8,images/Ingleside_Cabernet_Franc_2022.jpg,,Virginia,Ingleside,"oak, red fruit, spices, black fruit, dried fruit, earth, non oak, citrus fruit, microbio","Beef, Veal, Game (deer, venison), Vegetarian, Mushrooms",
Pas Touche Chinon Cabernet Franc 2022,France,24,3.8,images/Pas_Touche_Chinon_Cabernet_Franc_2022.jpg,,Chinon,Pas Touche,red fruit,"Lamb, Vegetarian, Poultry, Goat's Milk Cheese",Cabernet Franc
Albert Boxler Riesling Alsace Grand Cru 'Brand' 2016,France,118,4.2,images/Albert_Boxler_Riesling_Alsace_Grand_Cru_Brand_2016.png,images/bottle_Albert_Boxler_Riesling_Alsace_Grand_Cru_Bra.png,Alsace Grand Cru 'Brand',Albert Boxler,"tree fruit, earth, citrus fruit, microbio, tropical fruit, floral, oak, vegetal, spices, dried fruit, non oak","Pork, Rich fish (salmon, tuna etc), Spicy food, Vegetarian, Cured Meat",Riesling
Domaine du Bel Air Bourgueil 'Grand-Mont' 2013,France,113,3.9,images/Domaine_du_Bel_Air_Bourgueil_Grand_Mont_2013.png,images/bottle_Domaine_du_Bel_Air_Bourgueil_Grand_Mont_201.png,Bourgueil,Domaine du Bel Air,"black fruit, earth, oak, red fruit, non oak, spices, vegetal, dried fruit, floral, microbio, tree fruit, citrus fruit","Lamb, Vegetarian, Poultry, Goat's Milk Cheese",Cabernet Franc
Ramazzotti Cabernet Franc 2021,United States,65,3.9,images/Ramazzotti_Cabernet_Franc_2021.jpg,,Alexander Valley,Ramazzotti,"oak, black fruit, spices, earth, non oak","Beef, Pork, Game (deer, venison), Poultry",Cabernet Franc
Schäfer-Fröhlich Stromberg Riesling GG 2021,Germany,124,4.3,images/Schfer_Frhlich_Stromberg_Riesling_GG_2021.png,images/bottle_Schfer_Frhlich_Stromberg_Riesling_GG_2021.png,Nahe,Schäfer-Fröhlich,"earth, citrus fruit, tree fruit, tropical fruit, vegetal, spices, microbio, non oak, oak, floral, black fruit, dried fruit","Pork, Shellfish, Spicy food, Poultry, Cured Meat",Riesling
Gritsch Mauritiushof Kalkofen Riesling Smaragd 2019,Austria,84.99,4.4,images/Gritsch_Mauritiushof_Kalkofen_Riesling_Smaragd_201.png,images/bottle_Gritsch_Mauritiushof_Kalkofen_Riesling_Smar.png,Wachau,Gritsch Mauritiushof,"tropical fruit, tree fruit, citrus fruit, earth, spices, microbio, non oak, oak, dried fruit, floral, vegetal","Pork, Shellfish, Spicy food, Poultry, Cured Meat",Riesling
Maximin Grünhaus Maximin Grünhäuser Riesling 2022,Germany,20,3.8,images/Maximin_Grnhaus_Maximin_Grnhuser_Riesling_2022.png,images/bottle_Maximin_Grnhaus_Maximin_Grnhuser_Riesling_2.png,Mosel,Maximin Grünhaus,"tree fruit, earth, citrus fruit, microbio, tropical fruit, vegetal, oak, floral, non oak, spices","Pork, Shellfish, Spicy food, Poultry, Cured Meat",Riesling
Domaine du Bel Air Bourgueil 'Grand-Mont' 2014,France,113,3.8,images/Domaine_du_Bel_Air_Bourgueil_Grand_Mont_2014.png,images/bottle_Domaine_du_Bel_Air_Bourgueil_Grand_Mont_201.png,Bourgueil,Domaine du Bel Air,"black fruit, earth, oak, red fruit, non oak, spices, vegetal, dried fruit, floral, microbio, tree fruit, citrus fruit","Lamb, Vegetarian, Poultry, Goat's Milk Cheese",Cabernet Franc
Willi Schaefer Graacher Himmelreich Riesling Spätlese 2010,Germany,149,4.4,images/Willi_Schaefer_Graacher_Himmelreich_Riesling_Sptle.png,images/bottle_Willi_Schaefer_Graacher_Himmelreich_Rieslin.png,Mosel,Willi Schaefer,"tree fruit, earth, citrus fruit, tropical fruit, floral, microbio, spices, vegetal, dried fruit, black fruit, non oak, oak, red fruit","Pork, Shellfish, Spicy food, Poultry, Cured Meat",Riesling
Ramazzotti Cabernet Franc 2020,United States,58,3.9,images/Ramazzotti_Cabernet_Franc_2020.jpg,,Alexander Valley,Ramazzotti,"oak, black fruit, spices, earth, non oak","Beef, Pork, Game (deer, venison), Poultry",Cabernet Franc
Red Tail Ridge Good Karma 2016,United States,16.43,3.6,images/Red_Tail_Ridge_Good_Karma_2016.png,images/bottle_Red_Tail_Ridge_Good_Karma_2016.png,Finger Lakes,Red Tail Ridge,"tree fruit, tropical fruit, earth, citrus fruit, microbio, floral, vegetal, oak, red fruit, spices, non oak","Pork, Shellfish, Spicy food, Vegetarian, Cured Meat",Riesling
Veyder-Malberg Elsarner Ried Brandstatt Riesling 2019,Austria,109.19,4.4,images/Veyder_Malberg_Elsarner_Ried_Brandstatt_Riesling_2.png,images/bottle_Veyder_Malberg_Elsarner_Ried_Brandstatt_Rie.png,Wachau,Veyder-Malberg,"tree fruit, earth, citrus fruit, tropical fruit, floral, non oak, oak","Pork, Shellfish, Spicy food, Poultry, Cured Meat",Riesling
Domaine Breton - Catherine & Pierre Breton Trinch! 2023,France,31.99,3.9,images/Domaine_Breton_Catherine_Pierre_Breton_Trinch_2023.png,images/bottle_Domaine_Breton_Catherine_Pierre_Breton_Trin.png,Bourgueil,Domaine Breton - Catherine & Pierre Breton,"earth, red fruit, black fruit, oak, spices, non oak, vegetal, microbio, floral, tree fruit, dried fruit, citrus fruit","Lamb, Vegetarian, Poultry, Goat's Milk Cheese",Cabernet Franc
