name,country,price,rating,image_url,bottle_image_url,region,winery,flavor,food_pairing,grapes
The Prisoner Saldo Zinfandel,United States,19.99,4.2,images/The_Prisoner_Saldo_Zinfandel.png,images/bottle_The_Prisoner_Saldo_Zinfandel.png,California,The Prisoner,"oak, black fruit, red fruit, spices, non oak, earth, dried fruit, microbio, floral, vegetal, tree fruit, citrus fruit, tropical fruit","Beef, Lamb, Poultry",Zinfandel
Joel Gott Zinfandel 2006,United States,22.84,3.8,images/Joel_Gott_Zinfandel_2006.png,images/bottle_Joel_Gott_Zinfandel_2006.png,California,Joel Gott,"oak, black fruit, red fruit, spices, non oak, earth, dried fruit, microbio, vegetal, citrus fruit, tree fruit, floral, tropical fruit","Beef, Lamb, Poultry",Zinfandel
Marietta Old Vine Red (OVR),United States,15.99,3.7,images/Marietta_Old_Vine_Red_OVR.png,images/bottle_Marietta_Old_Vine_Red_OVR.png,California,Marietta,"red fruit, black fruit, oak, spices, earth, non oak, dried fruit, microbio, floral, vegetal, tree fruit, citrus fruit, tropical fruit","Beef, Lamb, Poultry",Zinfandel
Edmeades Mendocino County Zinfandel 2006,United States,22.99,3.9,images/Edmeades_Mendocino_County_Zinfandel_2006.png,images/bottle_Edmeades_Mendocino_County_Zinfandel_2006.png,Mendocino County,Edmeades,"oak, black fruit, red fruit, non oak, spices, earth, dried fruit, microbio, floral, vegetal, citrus fruit, tree fruit, tropical fruit","Beef, Lamb, Poultry",Zinfandel
Robert Biale Vineyards Black Chicken Zinfandel 2023,United States,55,4.3,images/Robert_Biale_Vineyards_Black_Chicken_Zinfandel_202.png,images/bottle_Robert_Biale_Vineyards_Black_Chicken_Zinfan.png,Napa Valley,Robert Biale Vineyards,"black fruit, oak, red fruit, spices, non oak, earth, dried fruit, microbio, floral, vegetal, citrus fruit, tree fruit, tropical fruit","Beef, Lamb, Poultry",Zinfandel
Gnarly Head Old Vine Zinfandel 2018,United States,12.84,3.8,images/Gnarly_Head_Old_Vine_Zinfandel_2018.png,images/bottle_Gnarly_Head_Old_Vine_Zinfandel_2018.png,Lodi,Gnarly Head,"oak, black fruit, spices, non oak, red fruit, earth, dried fruit, microbio, vegetal, floral, tree fruit, citrus fruit, tropical fruit","Beef, Lamb, Poultry",Zinfandel
Grgich Hills Zinfandel 1996,United States,125,4,images/Grgich_Hills_Zinfandel_1996.png,images/bottle_Grgich_Hills_Zinfandel_1996.png,Napa Valley,Grgich Hills,"black fruit, red fruit, oak, spices, earth, non oak, dried fruit, microbio, vegetal, floral, citrus fruit, tree fruit, tropical fruit","Beef, Lamb, Poultry",Zinfandel
Château Graville-Lacoste Graves Blanc 2024,France,22.99,3.9,images/Chteau_Graville_Lacoste_Graves_Blanc_2024.png,images/bottle_Chteau_Graville_Lacoste_Graves_Blanc_2024.png,Graves,Château Graville-Lacoste,"citrus fruit, tree fruit, earth, vegetal, tropical fruit, microbio, oak, floral, spices, non oak, red fruit, black fruit, dried fruit","Pork, Vegetarian, Poultry, Appetizers and snacks, Lean fish","Sauvignon Blanc, Sémillon, Muscadelle"
7 Deadly Wines 7 Deadly Zins Old Vine Zinfandel 2016,United States,11.99,3.8,images/7_Deadly_Wines_7_Deadly_Zins_Old_Vine_Zinfandel_20.png,images/bottle_7_Deadly_Wines_7_Deadly_Zins_Old_Vine_Zinfa.png,Lodi,7 Deadly Wines,"oak, black fruit, non oak, earth, red fruit, spices, dried fruit, microbio, vegetal, floral, tree fruit, citrus fruit, tropical fruit","Beef, Lamb, Poultry",Zinfandel
Carol Shelton Wild Thing Old Vine Zinfandel 2022,United States,18.99,3.9,images/Carol_Shelton_Wild_Thing_Old_Vine_Zinfandel_2022.png,images/bottle_Carol_Shelton_Wild_Thing_Old_Vine_Zinfandel.png,Mendocino County,Carol Shelton,"red fruit, oak, black fruit, spices, non oak, earth, microbio, dried fruit, vegetal, floral, tree fruit, citrus fruit, tropical fruit","Beef, Lamb, Poultry",Zinfandel
Seghesio Sonoma Zinfandel 2019,United States,29.99,4.1,images/Seghesio_Sonoma_Zinfandel_2019.png,images/bottle_Seghesio_Sonoma_Zinfandel_2019.png,Sonoma County,Seghesio,"black fruit, oak, spices, red fruit, non oak, earth, dried fruit, microbio, floral, vegetal, tree fruit, citrus fruit, tropical fruit","Beef, Lamb, Poultry",Zinfandel
Ridge Vineyards Pagani Ranch Zinfandel 2001,United States,199,4.2,images/Ridge_Vineyards_Pagani_Ranch_Zinfandel_2001.png,images/bottle_Ridge_Vineyards_Pagani_Ranch_Zinfandel_2001.png,Sonoma Valley,Ridge Vineyards,"oak, black fruit, red fruit, non oak, spices, earth, dried fruit, microbio, floral, vegetal, tree fruit, citrus fruit, tropical fruit","Beef, Lamb, Poultry",Zinfandel
Carnivor Zinfandel 2015,United States,12.99,3.8,images/Carnivor_Zinfandel_2015.png,images/bottle_Carnivor_Zinfandel_2015.png,California,Carnivor,"oak, black fruit, non oak, red fruit, spices, earth, dried fruit, microbio, floral, vegetal, tree fruit, citrus fruit, tropical fruit","Beef, Lamb, Poultry",Zinfandel
Ravenswood Old Vine Zinfandel 2022,United States,42,3.8,images/Ravenswood_Old_Vine_Zinfandel_2022.png,images/bottle_Ravenswood_Old_Vine_Zinfandel_2022.png,Napa Valley,Ravenswood,"oak, black fruit, red fruit, non oak, spices, earth, microbio, dried fruit, vegetal, tree fruit, floral, citrus fruit, tropical fruit","Beef, Lamb, Poultry",Zinfandel
Santa Margherita Pinot Grigio Valdadige 2022,Italy,13.99,4,images/Santa_Margherita_Pinot_Grigio_Valdadige_2022.png,images/bottle_Santa_Margherita_Pinot_Grigio_Valdadige_202.png,Valdadige,Santa Margherita,"tree fruit, citrus fruit, earth, vegetal, microbio, oak, tropical fruit, non oak, floral, spices, red fruit, black fruit, dried fruit","Shellfish, Vegetarian, Mushrooms, Aperitif",Pinot Grigio
Chateau Montelena Zinfandel 1973,United States,369,4.1,images/Chateau_Montelena_Zinfandel_1973.png,images/bottle_Chateau_Montelena_Zinfandel_1973.png,Calistoga,Chateau Montelena,"oak, black fruit, non oak, spices, red fruit, earth, dried fruit, microbio, floral, vegetal, tropical fruit, citrus fruit, tree fruit","Beef, Lamb, Poultry",Zinfandel
Jean Foillard Morgon 'Cuvée Corcelette' 2023,France,59,4.2,images/Jean_Foillard_Morgon_Cuve_Corcelette_2023.png,images/bottle_Jean_Foillard_Morgon_Cuve_Corcelette_2023.png,Morgon,Jean Foillard,"red fruit, earth, oak, non oak, spices, black fruit, floral, vegetal, microbio, citrus fruit, dried fruit, tropical fruit, tree fruit","Pasta, Veal, Pork, Poultry, Cured Meat",Gamay
Opolo Summit Creek Zinfandel 2009,United States,62.99,3.8,images/Opolo_Summit_Creek_Zinfandel_2009.png,images/bottle_Opolo_Summit_Creek_Zinfandel_2009.png,Paso Robles,Opolo,"oak, black fruit, red fruit, non oak, spices, earth, dried fruit, microbio, vegetal, citrus fruit, floral, tree fruit","Beef, Lamb, Poultry",Zinfandel
Mezzacorona Pinot Grigio Trentino 2018,Italy,12.98,3.7,images/Mezzacorona_Pinot_Grigio_Trentino_2018.png,images/bottle_Mezzacorona_Pinot_Grigio_Trentino_2018.png,Trentino,Mezzacorona,"tree fruit, citrus fruit, earth, vegetal, microbio, oak, tropical fruit, floral, non oak, spices, red fruit, black fruit, dried fruit","Shellfish, Vegetarian, Mushrooms, Aperitif",Pinot Grigio
Bogle Old Vine Zinfandel 2017,United States,14.08,3.9,images/Bogle_Old_Vine_Zinfandel_2017.png,images/bottle_Bogle_Old_Vine_Zinfandel_2017.png,California,Bogle,"oak, black fruit, spices, non oak, red fruit, earth, dried fruit, microbio, vegetal, floral, tree fruit, citrus fruit, tropical fruit","Beef, Lamb, Poultry",Zinfandel
The Prisoner Saldo Zinfandel 2018,United States,29.99,4.2,images/The_Prisoner_Saldo_Zinfandel_2018.png,images/bottle_The_Prisoner_Saldo_Zinfandel_2018.png,California,The Prisoner,"oak, black fruit, red fruit, spices, non oak, earth, dried fruit, microbio, floral, vegetal, tree fruit, citrus fruit, tropical fruit","Beef, Lamb, Poultry",Zinfandel
Colterenzio (Schreckbichl) Pinot Grigio 2024,Italy,16.99,3.8,images/Colterenzio_Schreckbichl_Pinot_Grigio_2024.png,images/bottle_Colterenzio_Schreckbichl_Pinot_Grigio_2024.png,Südtirol - Alto Adige,Colterenzio (Schreckbichl),"tree fruit, citrus fruit, earth, microbio, vegetal, oak, floral, non oak, tropical fruit, spices, dried fruit, red fruit","Shellfish, Vegetarian, Mushrooms, Aperitif",Pinot Grigio
Ca' Bolani Pinot Grigio 2024,Italy,11.99,3.7,images/Ca_Bolani_Pinot_Grigio_2024.png,images/bottle_Ca_Bolani_Pinot_Grigio_2024.png,Friuli Aquileia,Ca' Bolani,"tree fruit, citrus fruit, earth, microbio, oak, tropical fruit, vegetal, floral, non oak, spices, red fruit","Shellfish, Vegetarian, Mushrooms, Aperitif",Pinot Grigio
Ancient Peaks Zinfandel 2022,United States,16.99,3.9,images/Ancient_Peaks_Zinfandel_2022.png,images/bottle_Ancient_Peaks_Zinfandel_2022.png,Paso Robles,Ancient Peaks,"black fruit, oak, red fruit, spices, non oak, earth, dried fruit, microbio, vegetal, floral, citrus fruit, tree fruit","Beef, Lamb, Poultry",Zinfandel
Château Larrivet Haut-Brion Pessac-Léognan Blanc 2022,France,69.99,4.1,images/Chteau_Larrivet_Haut_Brion_Pessac_Lognan_Blanc_202.png,images/bottle_Chteau_Larrivet_Haut_Brion_Pessac_Lognan_Bl.png,Pessac-Léognan,Château Larrivet Haut-Brion,"oak, citrus fruit, earth, tree fruit, non oak, microbio, spices, vegetal, tropical fruit, floral, red fruit, black fruit, dried fruit","Pork, Vegetarian, Poultry, Appetizers and snacks, Lean fish","Sauvignon Blanc, Sémillon, Muscadelle"
Jean Foillard Fleurie 2023,France,72,4.1,images/Jean_Foillard_Fleurie_2023.png,images/bottle_Jean_Foillard_Fleurie_2023.png,Fleurie,Jean Foillard,"red fruit, earth, oak, black fruit, non oak, spices, floral, microbio, dried fruit, vegetal, citrus fruit, tropical fruit, tree fruit","Pasta, Veal, Pork, Poultry, Cured Meat",Gamay
Château Thivin Côte de Brouilly 2023,France,36.99,3.9,images/Chteau_Thivin_Cte_de_Brouilly_2023.png,images/bottle_Chteau_Thivin_Cte_de_Brouilly_2023.png,Côte de Brouilly,Château Thivin,"red fruit, earth, oak, black fruit, spices, non oak, floral, microbio, dried fruit, vegetal, citrus fruit, tropical fruit, tree fruit","Pasta, Veal, Pork, Poultry, Cured Meat",Gamay
Chateau Montelena The Montelena Estate Zinfandel 2003,United States,139,4.1,images/Chateau_Montelena_The_Montelena_Estate_Zinfandel_2.png,images/bottle_Chateau_Montelena_The_Montelena_Estate_Zinf.png,Calistoga,Chateau Montelena,"oak, red fruit, earth, black fruit, spices, non oak, dried fruit, microbio, floral, tree fruit, vegetal, citrus fruit, tropical fruit","Beef, Lamb, Poultry",Zinfandel
Jean Foillard Morgon Côte du Py 2018,France,52.86,4.3,images/Jean_Foillard_Morgon_Cte_du_Py_2018.png,images/bottle_Jean_Foillard_Morgon_Cte_du_Py_2018.png,Morgon,Jean Foillard,"red fruit, earth, oak, black fruit, spices, non oak, floral, microbio, vegetal, dried fruit, tropical fruit, citrus fruit, tree fruit","Pasta, Veal, Pork, Poultry, Cured Meat",Gamay
Foxglove Zinfandel 2021,United States,23,3.7,images/Foxglove_Zinfandel_2021.png,images/bottle_Foxglove_Zinfandel_2021.png,Paso Robles,Foxglove,"red fruit, black fruit, oak, spices, earth, non oak, dried fruit, microbio, vegetal, citrus fruit, floral, tree fruit, tropical fruit","Beef, Lamb, Poultry",Zinfandel
Gemma di Luna Pinot Grigio 2023,Italy,12.99,3.9,images/Gemma_di_Luna_Pinot_Grigio_2023.png,images/bottle_Gemma_di_Luna_Pinot_Grigio_2023.png,delle Venezie,Gemma di Luna,"tree fruit, citrus fruit, floral, tropical fruit, earth, vegetal, microbio, oak, non oak, spices, dried fruit, red fruit","Shellfish, Vegetarian, Mushrooms, Aperitif",Pinot Grigio
Domaine Marcel Lapierre Morgon 2021,France,98,4.1,images/Domaine_Marcel_Lapierre_Morgon_2021.png,images/bottle_Domaine_Marcel_Lapierre_Morgon_2021.png,Morgon,Domaine Marcel Lapierre,"red fruit, earth, oak, spices, black fruit, non oak, microbio, floral, vegetal, tropical fruit, dried fruit, citrus fruit, tree fruit","Pasta, Veal, Pork, Poultry, Cured Meat",Gamay
Guy Breton Vieilles Vignes Morgon 2023,France,40,4,images/Guy_Breton_Vieilles_Vignes_Morgon_2023.png,images/bottle_Guy_Breton_Vieilles_Vignes_Morgon_2023.png,Morgon,Guy Breton,"red fruit, earth, oak, spices, non oak, black fruit, floral, microbio, vegetal, dried fruit, citrus fruit, tropical fruit, tree fruit","Pasta, Veal, Pork, Poultry, Cured Meat",Gamay
San Marzano 60 Sessantanni Old Vines Primitivo di Manduria 2019,Italy,34.99,4.3,images/San_Marzano_60_Sessantanni_Old_Vines_Primitivo_di_.png,images/bottle_San_Marzano_60_Sessantanni_Old_Vines_Primit.png,Primitivo di Manduria,San Marzano,"oak, black fruit, non oak, red fruit, spices, earth, dried fruit, microbio, floral, vegetal, citrus fruit, tree fruit, tropical fruit","Beef, Pasta, Lamb, Poultry",Primitivo
Storybook Mountain Zinfandel Mayacamas Range 1994,United States,86,4.1,images/Storybook_Mountain_Zinfandel_Mayacamas_Range_1994.png,images/bottle_Storybook_Mountain_Zinfandel_Mayacamas_Rang.png,Napa Valley,Storybook Mountain,"red fruit, oak, black fruit, spices, earth, non oak, dried fruit, microbio, floral, vegetal, tree fruit","Beef, Lamb, Poultry",Zinfandel
Abbazia di Novacella (Stiftskellerei Neustift) Pinot Grigio 2024,Italy,24.99,3.9,images/Abbazia_di_Novacella_Stiftskellerei_Neustift_Pinot.png,images/bottle_Abbazia_di_Novacella_Stiftskellerei_Neustif.png,Südtirol - Alto Adige,Abbazia di Novacella (Stiftskellerei Neustift),"tree fruit, citrus fruit, earth, microbio, tropical fruit, oak, vegetal, floral, non oak, spices, red fruit","Shellfish, Vegetarian, Mushrooms, Aperitif",Pinot Grigio
Tobin James Cellars Zinfandel Ballistic 2019,United States,22,3.9,images/Tobin_James_Cellars_Zinfandel_Ballistic_2019.png,images/bottle_Tobin_James_Cellars_Zinfandel_Ballistic_201.png,Paso Robles,Tobin James Cellars,"black fruit, spices, oak, red fruit, non oak, earth, dried fruit, microbio, vegetal, floral, citrus fruit, tree fruit","Beef, Lamb, Poultry",Zinfandel
Sterling Vineyards Vintner's Collection Pinot Grigio 2022,United States,11.99,3.6,images/Sterling_Vineyards_Vintners_Collection_Pinot_Grigi.png,images/bottle_Sterling_Vineyards_Vintners_Collection_Pino.png,Central Coast,Sterling Vineyards,"tree fruit, citrus fruit, earth, vegetal, microbio, oak, floral, tropical fruit, non oak, spices, black fruit, red fruit","Pork, Spicy food, Mushrooms, Cured Meat",Pinot Gris
Georges Duboeuf Beaujolais Nouveau 2022,France,11.74,3.6,images/Georges_Duboeuf_Beaujolais_Nouveau_2022.png,images/bottle_Georges_Duboeuf_Beaujolais_Nouveau_2022.png,Beaujolais Nouveau,Georges Duboeuf,"red fruit, microbio, tropical fruit, black fruit, oak, spices, non oak, earth, floral, tree fruit, dried fruit, citrus fruit, vegetal","Poultry, Cured Meat",Gamay
Sérol Turbullent,France,24.99,4,images/Srol_Turbullent.png,images/bottle_Srol_Turbullent.png,Lower Loire,Sérol,"red fruit, tree fruit, microbio, citrus fruit, earth, vegetal, floral, non oak, spices, black fruit, tropical fruit, oak, dried fruit","Shellfish, Poultry, Appetizers and snacks, Lean fish, Aperitif",
I Lauri Tavo Pinot Grigio delle Venezie 2024,Italy,11.99,3.8,images/I_Lauri_Tavo_Pinot_Grigio_delle_Venezie_2024.png,images/bottle_I_Lauri_Tavo_Pinot_Grigio_delle_Venezie_202.png,delle Venezie,I Lauri,"tree fruit, citrus fruit, earth, tropical fruit, microbio, oak, vegetal, spices, floral, non oak, red fruit","Shellfish, Vegetarian, Mushrooms, Aperitif",Pinot Grigio
Château Caillou Sauternes (Grand Cru Classé) 1967,France,415,4.2,images/Chteau_Caillou_Sauternes_Grand_Cru_Class_1967.png,images/bottle_Chteau_Caillou_Sauternes_Grand_Cru_Class_19.png,Sauternes,Château Caillou,"earth, tree fruit, oak, non oak, citrus fruit, microbio, spices, dried fruit, tropical fruit, vegetal, floral, black fruit, red fruit","Fruity desserts, Blue cheese","Sauvignon Blanc, Sémillon, Muscadelle"
Santi Sortesele Pinot Grigio 2023,Italy,11.99,3.6,images/Santi_Sortesele_Pinot_Grigio_2023.png,images/bottle_Santi_Sortesele_Pinot_Grigio_2023.png,delle Venezie,Santi,"tree fruit, citrus fruit, earth, oak, microbio, spices, vegetal, non oak, floral, red fruit, black fruit, tropical fruit, dried fruit","Shellfish, Vegetarian, Mushrooms, Aperitif",Pinot Grigio
Cavit Collection Pinot Grigio 2016,Italy,10.98,3.6,images/Cavit_Collection_Pinot_Grigio_2016.png,images/bottle_Cavit_Collection_Pinot_Grigio_2016.png,Valdadige,Cavit,"tree fruit, citrus fruit, earth, vegetal, microbio, oak, tropical fruit, floral, spices, non oak, red fruit, dried fruit, black fruit","Shellfish, Vegetarian, Mushrooms, Aperitif",Pinot Grigio
Château Roûmieu-Lacoste Sauternes 2001,France,49,4.1,images/Chteau_Romieu_Lacoste_Sauternes_2001.png,images/bottle_Chteau_Romieu_Lacoste_Sauternes_2001.png,Sauternes,Château Roûmieu-Lacoste,"earth, tree fruit, citrus fruit, oak, microbio, tropical fruit, non oak, spices, floral, dried fruit, vegetal, red fruit, black fruit","Fruity desserts, Blue cheese","Sauvignon Blanc, Sémillon, Muscadelle"
Yohan Lardy Vieilles Vignes Moulin-à-Vent 1903,France,38.3,4.1,images/Yohan_Lardy_Vieilles_Vignes_Moulin_Vent_1903.png,images/bottle_Yohan_Lardy_Vieilles_Vignes_Moulin_Vent_190.png,Moulin-à-Vent,Yohan Lardy,"red fruit, earth, spices, oak, black fruit, non oak, floral, microbio, vegetal, tropical fruit, dried fruit, tree fruit","Pasta, Veal, Pork, Poultry, Cured Meat",Gamay
Guy Breton Régnié 2023,France,43.99,3.9,images/Guy_Breton_Rgni_2023.png,images/bottle_Guy_Breton_Rgni_2023.png,Régnié,Guy Breton,"red fruit, earth, spices, oak, black fruit, microbio, non oak, floral, citrus fruit, dried fruit, vegetal, tropical fruit, tree fruit","Pasta, Veal, Pork, Poultry, Cured Meat",Gamay
Turley Hayne Vineyard Zinfandel 1994,United States,164,4.4,images/Turley_Hayne_Vineyard_Zinfandel_1994.png,images/bottle_Turley_Hayne_Vineyard_Zinfandel_1994.png,Napa Valley,Turley,"black fruit, oak, red fruit, spices, earth, non oak, dried fruit, microbio, tree fruit, citrus fruit, vegetal, floral, tropical fruit","Beef, Lamb, Poultry",Zinfandel
Scarbolo Pinot Grigio 2022,Italy,18.99,3.8,images/Scarbolo_Pinot_Grigio_2022.png,images/bottle_Scarbolo_Pinot_Grigio_2022.png,Friuli-Venezia Giulia,Scarbolo,"citrus fruit, tree fruit, earth, microbio, vegetal, oak, tropical fruit, non oak, spices, floral, red fruit","Shellfish, Vegetarian, Mushrooms, Aperitif",Pinot Grigio
Bear Flag Zinfandel 2015,United States,16.99,4.1,images/Bear_Flag_Zinfandel_2015.png,images/bottle_Bear_Flag_Zinfandel_2015.png,Sonoma County,Bear Flag,"oak, black fruit, non oak, spices, red fruit, earth, microbio, dried fruit, floral, vegetal, tree fruit, citrus fruit, tropical fruit","Beef, Lamb, Poultry",Zinfandel
Conte Priola Gold Release Pinot Grigio Friuli Grave 2024,Italy,14.97,3.7,images/Conte_Priola_Gold_Release_Pinot_Grigio_Friuli_Grav.jpg,,Friuli Grave,Conte Priola,"tree fruit, citrus fruit, earth, tropical fruit, floral, vegetal, microbio, oak, spices, non oak","Shellfish, Vegetarian, Mushrooms, Aperitif",Pinot Grigio
Outpost Zinfandel 2020,United States,88,4.3,images/Outpost_Zinfandel_2020.png,images/bottle_Outpost_Zinfandel_2020.png,Howell Mountain,Outpost,"black fruit, oak, spices, red fruit, non oak, earth, dried fruit, microbio, citrus fruit, floral, vegetal, tree fruit, tropical fruit","Beef, Lamb, Poultry",Zinfandel
Stella Pinot Grigio 2024,Italy,11.99,3.4,images/Stella_Pinot_Grigio_2024.png,images/bottle_Stella_Pinot_Grigio_2024.png,Sicilia,Stella,"tree fruit, citrus fruit, oak, vegetal, earth, microbio, spices, tropical fruit, non oak, black fruit, dried fruit","Shellfish, Vegetarian, Appetizers and snacks","Malvasia, Fiano, Catarratto Bianco"
Santa Margherita Pinot Grigio Alto Adige 2015,Italy,37.84,4.1,images/Santa_Margherita_Pinot_Grigio_Alto_Adige_2015.png,images/bottle_Santa_Margherita_Pinot_Grigio_Alto_Adige_20.png,Südtirol - Alto Adige,Santa Margherita,"citrus fruit, tree fruit, earth, vegetal, microbio, oak, tropical fruit, spices, floral, non oak, red fruit","Shellfish, Vegetarian, Mushrooms, Aperitif",Pinot Grigio
Barefoot Bubbly Pinot Grigio (Champagne),United States,10.99,3.5,images/Barefoot_Bubbly_Pinot_Grigio_Champagne.png,images/bottle_Barefoot_Bubbly_Pinot_Grigio_Champagne.png,California,Barefoot,"tree fruit, citrus fruit, tropical fruit, earth, floral, microbio, red fruit, oak, vegetal, non oak, black fruit, spices","Shellfish, Appetizers and snacks, Lean fish, Aperitif","Chardonnay, Pinot Noir"
Tobin James Cellars Zinfandel James Gang Reserve 2019,United States,34,4.1,images/Tobin_James_Cellars_Zinfandel_James_Gang_Reserve_2.png,images/bottle_Tobin_James_Cellars_Zinfandel_James_Gang_Re.png,Paso Robles,Tobin James Cellars,"black fruit, oak, earth, red fruit, non oak, spices, dried fruit, microbio, tree fruit, vegetal","Beef, Lamb, Poultry",Zinfandel
Banfi Le Rime Pinot Grigio 2015,Italy,11.99,3.7,images/Banfi_Le_Rime_Pinot_Grigio_2015.png,images/bottle_Banfi_Le_Rime_Pinot_Grigio_2015.png,Toscana,Banfi,"citrus fruit, tree fruit, earth, vegetal, microbio, tropical fruit, oak, floral, non oak, red fruit, spices","Pasta, Vegetarian, Appetizers and snacks, Lean fish, Cured Meat","Trebbiano, Verdicchio"
Shenandoah Vineyards Zinfandel (Special Reserve) 2021,United States,15.97,3.5,images/Shenandoah_Vineyards_Zinfandel_Special_Reserve_202.png,images/bottle_Shenandoah_Vineyards_Zinfandel_Special_Rese.png,Amador County,Shenandoah Vineyards,"oak, black fruit, red fruit, spices, earth, non oak, dried fruit, microbio, citrus fruit, vegetal, tropical fruit, tree fruit, floral","Beef, Lamb, Poultry",Zinfandel
Domaine du Clos du Fief (Michel Tete) Tradition Juliénas 2023,France,26.99,3.8,images/Domaine_du_Clos_du_Fief_Michel_Tete_Tradition_Juli.png,images/bottle_Domaine_du_Clos_du_Fief_Michel_Tete_Traditi.png,Juliénas,Domaine du Clos du Fief (Michel Tete),"red fruit, earth, oak, black fruit, spices, non oak, floral, microbio, dried fruit, vegetal, tropical fruit, citrus fruit, tree fruit","Pasta, Veal, Pork, Poultry, Cured Meat",Gamay
Vincent Tricot Les Petites Fleurs 2024,France,39.99,3.9,images/Vincent_Tricot_Les_Petites_Fleurs_2024.png,images/bottle_Vincent_Tricot_Les_Petites_Fleurs_2024.png,Côtes d’Auvergne,Vincent Tricot,"red fruit, earth, oak, vegetal, non oak, spices, black fruit, floral, microbio, dried fruit, tree fruit",,
Smoking Loon Pinot Grigio 2022,United States,11.99,3.5,images/Smoking_Loon_Pinot_Grigio_2022.png,images/bottle_Smoking_Loon_Pinot_Grigio_2022.png,California,Smoking Loon,"tree fruit, citrus fruit, tropical fruit, earth, microbio, spices, vegetal, oak, non oak, black fruit, red fruit, floral","Pork, Spicy food, Mushrooms, Cured Meat",Pinot Gris
Cline Ancient Vines Zinfandel 2021,United States,15.99,4,images/Cline_Ancient_Vines_Zinfandel_2021.png,images/bottle_Cline_Ancient_Vines_Zinfandel_2021.png,Contra Costa County,Cline,"oak, red fruit, black fruit, spices, non oak, earth, dried fruit, microbio, vegetal, floral, citrus fruit, tree fruit, tropical fruit","Beef, Lamb, Poultry",Zinfandel
Long Shadows Julia's Dazzle Rosé 2024,United States,20,3.8,images/Long_Shadows_Julias_Dazzle_Ros_2024.png,images/bottle_Long_Shadows_Julias_Dazzle_Ros_2024.png,Horse Heaven Hills,Long Shadows,"red fruit, tree fruit, citrus fruit, microbio, tropical fruit, floral, earth, vegetal, non oak, oak, spices, dried fruit","Shellfish, Spicy food, Mature and hard cheese, Appetizers and snacks, Lean fish, Cured Meat",
Livio Felluga Pinot Grigio 2020,Italy,65,4.1,images/Livio_Felluga_Pinot_Grigio_2020.png,images/bottle_Livio_Felluga_Pinot_Grigio_2020.png,Colli Orientali del Friuli,Livio Felluga,"tree fruit, earth, citrus fruit, microbio, oak, vegetal, non oak, tropical fruit, spices, floral, red fruit, dried fruit, black fruit","Shellfish, Vegetarian, Mushrooms, Aperitif",Pinot Grigio
Rombauer Vineyards Zinfandel 2020,United States,39.99,4.3,images/Rombauer_Vineyards_Zinfandel_2020.png,images/bottle_Rombauer_Vineyards_Zinfandel_2020.png,California,Rombauer Vineyards,"oak, black fruit, red fruit, spices, non oak, earth, dried fruit, microbio, vegetal, floral, citrus fruit, tree fruit, tropical fruit","Beef, Lamb, Poultry",Zinfandel
Camp Zinfandel 2023,United States,21,3.6,images/Camp_Zinfandel_2023.png,images/bottle_Camp_Zinfandel_2023.png,Sonoma County,Camp,"red fruit, oak, black fruit, spices, non oak, earth, dried fruit, citrus fruit, microbio, floral, vegetal","Beef, Lamb, Poultry",Zinfandel
Ridge Vineyards Lytton Springs 2020,United States,29.99,4.2,images/Ridge_Vineyards_Lytton_Springs_2020.png,images/bottle_Ridge_Vineyards_Lytton_Springs_2020.png,Dry Creek Valley,Ridge Vineyards,"oak, black fruit, spices, non oak, red fruit, earth, dried fruit, microbio, floral, vegetal, citrus fruit, tree fruit, tropical fruit","Beef, Lamb, Poultry",Zinfandel
Era Boira' Pinot Grigio 2023,Italy,14.99,3.7,images/Era_Boira_Pinot_Grigio_2023.png,images/bottle_Era_Boira_Pinot_Grigio_2023.png,Veneto,Era,"tree fruit, citrus fruit, earth, vegetal, tropical fruit, microbio, oak","Shellfish, Vegetarian, Mushrooms, Aperitif",Pinot Grigio
Château Gaillard Morgon 2023,France,24.99,3.7,images/Chteau_Gaillard_Morgon_2023.png,images/bottle_Chteau_Gaillard_Morgon_2023.png,Morgon,Château Gaillard,"red fruit, oak, earth, black fruit, microbio, citrus fruit, spices, non oak, dried fruit, vegetal","Pasta, Veal, Pork, Poultry, Cured Meat",Gamay
Bieler Daisy Pinot Grigio 2024,United States,14.99,3.7,images/Bieler_Daisy_Pinot_Grigio_2024.png,images/bottle_Bieler_Daisy_Pinot_Grigio_2024.png,Washington,Bieler,"tree fruit, citrus fruit, earth, tropical fruit, floral, vegetal, microbio, spices, oak, red fruit, non oak","Shellfish, Poultry, Lean fish, Mild and soft cheese",Pinot Gris
Frank Family Zinfandel 2018,United States,38.99,4.3,images/Frank_Family_Zinfandel_2018.png,images/bottle_Frank_Family_Zinfandel_2018.png,Napa Valley,Frank Family,"oak, black fruit, spices, red fruit, non oak, earth, dried fruit, microbio, vegetal, floral, tree fruit, citrus fruit, tropical fruit","Beef, Lamb, Poultry",Zinfandel
Cave de Ribeauville Pinot Gris 2022,France,18.99,3.6,images/Cave_de_Ribeauville_Pinot_Gris_2022.png,images/bottle_Cave_de_Ribeauville_Pinot_Gris_2022.png,Alsace,Cave de Ribeauville,"tree fruit, citrus fruit, microbio, tropical fruit, oak, spices, vegetal, earth","Pork, Spicy food, Mushrooms, Cured Meat",Pinot Gris
Turley Kirschenmann Vineyard Zinfandel 2023,United States,49.99,4.2,images/Turley_Kirschenmann_Vineyard_Zinfandel_2023.png,images/bottle_Turley_Kirschenmann_Vineyard_Zinfandel_2023.png,Lodi,Turley,"black fruit, red fruit, oak, spices, non oak, earth, microbio, tree fruit, dried fruit, floral, citrus fruit, vegetal, tropical fruit","Beef, Lamb, Poultry",Zinfandel
Mina Mesa Zinfandel 2022,United States,13.98,3.7,images/Mina_Mesa_Zinfandel_2022.png,images/bottle_Mina_Mesa_Zinfandel_2022.png,Paso Robles,Mina Mesa,"oak, black fruit, non oak, earth, spices, red fruit, dried fruit, microbio, floral, vegetal","Beef, Lamb, Poultry",Zinfandel
Predator Old Vine Zinfandel 2021,United States,15.99,3.9,images/Predator_Old_Vine_Zinfandel_2021.png,images/bottle_Predator_Old_Vine_Zinfandel_2021.png,Lodi,Predator,"oak, non oak, earth, black fruit, spices, red fruit, microbio, dried fruit, vegetal, floral, tree fruit, citrus fruit, tropical fruit","Beef, Lamb, Poultry",Zinfandel
Ravenswood Dickerson Zinfandel 1988,United States,79,3.9,images/Ravenswood_Dickerson_Zinfandel_1988.png,images/bottle_Ravenswood_Dickerson_Zinfandel_1988.png,Napa Valley,Ravenswood,"red fruit, black fruit, oak, spices, non oak, earth, dried fruit, microbio, vegetal, citrus fruit, tree fruit, floral","Beef, Lamb, Poultry",Zinfandel
Carol Shelton Monga Zin Old Vine Zinfandel 2022,United States,30,3.9,images/Carol_Shelton_Monga_Zin_Old_Vine_Zinfandel_2022.png,images/bottle_Carol_Shelton_Monga_Zin_Old_Vine_Zinfandel_.png,Cucamonga Valley,Carol Shelton,"oak, red fruit, non oak, black fruit, spices, earth, dried fruit, microbio, citrus fruit, vegetal, floral","Beef, Lamb, Poultry",Zinfandel
Josh Cellars Reserve Bourbon Barrel Aged Zinfandel 2020,United States,19.99,3.8,images/Josh_Cellars_Reserve_Bourbon_Barrel_Aged_Zinfandel.png,images/bottle_Josh_Cellars_Reserve_Bourbon_Barrel_Aged_Zi.png,California,Josh Cellars,"oak, black fruit, non oak, spices, red fruit, earth, dried fruit, tree fruit, microbio","Beef, Lamb, Poultry",Zinfandel
Ruffino Il Ducale Pinot Grigio 2021,Italy,13.99,3.6,images/Ruffino_Il_Ducale_Pinot_Grigio_2021.png,images/bottle_Ruffino_Il_Ducale_Pinot_Grigio_2021.png,Friuli,Ruffino,"tree fruit, citrus fruit, tropical fruit, earth, spices, vegetal, microbio, floral, oak","Shellfish, Vegetarian, Mushrooms, Aperitif",Pinot Grigio
Muri-Gries Pinot Grigio Südtirol 2023,Italy,19.99,3.8,images/Muri_Gries_Pinot_Grigio_Sdtirol_2023.png,images/bottle_Muri_Gries_Pinot_Grigio_Sdtirol_2023.png,Südtirol - Alto Adige,Muri-Gries,"tree fruit, earth, citrus fruit, microbio, vegetal, oak, non oak, tropical fruit, spices, floral","Shellfish, Vegetarian, Mushrooms, Aperitif",Pinot Grigio
Vie di Romans Dessimis Pinot Grigio 2021,Italy,48.99,4.3,images/Vie_di_Romans_Dessimis_Pinot_Grigio_2021.png,images/bottle_Vie_di_Romans_Dessimis_Pinot_Grigio_2021.png,Friuli Isonzo,Vie di Romans,"tree fruit, citrus fruit, oak, earth, microbio, non oak, spices, vegetal, red fruit, tropical fruit, floral, dried fruit, black fruit","Shellfish, Vegetarian, Mushrooms, Aperitif",Pinot Grigio
Zenato Pinot Grigio delle Venezie 2021,Italy,10.99,3.8,images/Zenato_Pinot_Grigio_delle_Venezie_2021.png,images/bottle_Zenato_Pinot_Grigio_delle_Venezie_2021.png,delle Venezie,Zenato,"tree fruit, citrus fruit, earth, microbio, tropical fruit, vegetal, oak, non oak, spices, floral, red fruit","Shellfish, Vegetarian, Mushrooms, Aperitif",Pinot Grigio
Cantine Leonardo da Vinci Da Vinci Pinot Grigio 2020,Italy,12.99,3.8,images/Cantine_Leonardo_da_Vinci_Da_Vinci_Pinot_Grigio_20.png,images/bottle_Cantine_Leonardo_da_Vinci_Da_Vinci_Pinot_Gr.png,delle Venezie,Cantine Leonardo da Vinci,"tree fruit, citrus fruit, tropical fruit, earth, microbio, oak, vegetal, non oak, spices, floral, black fruit, red fruit","Shellfish, Vegetarian, Mushrooms, Aperitif",Pinot Grigio
The Marigny Carbonic Maceration Pinot Gris 2022,United States,28.99,4.2,images/The_Marigny_Carbonic_Maceration_Pinot_Gris_2022.png,images/bottle_The_Marigny_Carbonic_Maceration_Pinot_Gris_.png,Willamette Valley,The Marigny,"red fruit, tree fruit, citrus fruit, earth, oak, microbio, vegetal, non oak, spices, floral, tropical fruit, dried fruit, black fruit","Pork, Spicy food, Mushrooms, Cured Meat",Pinot Gris
Yohan Lardy Cru Fleurie Le Vivier 2023,France,28.99,3.9,images/Yohan_Lardy_Cru_Fleurie_Le_Vivier_2023.png,images/bottle_Yohan_Lardy_Cru_Fleurie_Le_Vivier_2023.png,Fleurie,Yohan Lardy,"red fruit, earth, spices, black fruit, oak, floral, microbio, non oak, dried fruit, citrus fruit","Pasta, Veal, Pork, Poultry, Cured Meat",Gamay
Anne Sophie Dubois Fleurie 'Les Labourons' 2023,France,50,4.2,images/Anne_Sophie_Dubois_Fleurie_Les_Labourons_2023.png,images/bottle_Anne_Sophie_Dubois_Fleurie_Les_Labourons_20.png,Fleurie,Anne Sophie Dubois,"red fruit, earth, black fruit, oak, spices, non oak, floral, microbio, vegetal, tropical fruit, citrus fruit, tree fruit, dried fruit","Pasta, Veal, Pork, Poultry, Cured Meat",Gamay
Bella Vineyards Lily Hill Estate Zinfandel 2021,United States,60,4.3,images/Bella_Vineyards_Lily_Hill_Estate_Zinfandel_2021.png,images/bottle_Bella_Vineyards_Lily_Hill_Estate_Zinfandel_.png,Dry Creek Valley,Bella Vineyards,"black fruit, oak, red fruit, spices, non oak, earth, dried fruit, floral, microbio, vegetal, citrus fruit","Beef, Lamb, Poultry",Zinfandel
Stéphane Aviron Vieilles Vignes Chenas 2022,France,22,3.8,images/Stphane_Aviron_Vieilles_Vignes_Chenas_2022.png,images/bottle_Stphane_Aviron_Vieilles_Vignes_Chenas_2022.png,Chénas,Stéphane Aviron,"red fruit, spices, earth, black fruit, oak, floral, non oak, dried fruit, vegetal, tropical fruit, microbio, citrus fruit","Pasta, Veal, Pork, Poultry, Cured Meat",Gamay
Dubost Beaujolais-Villages 2020,France,75,3.7,images/Dubost_Beaujolais_Villages_2020.png,images/bottle_Dubost_Beaujolais_Villages_2020.png,Beaujolais-Villages,Dubost,"red fruit, earth, black fruit, oak, non oak, microbio, spices, floral, tree fruit, dried fruit, vegetal, tropical fruit, citrus fruit","Pasta, Veal, Pork, Poultry, Cured Meat",Gamay
Ruffino Lumina Pinot Grigio 2022,Italy,14.79,3.7,images/Ruffino_Lumina_Pinot_Grigio_2022.png,images/bottle_Ruffino_Lumina_Pinot_Grigio_2022.png,Atesino delle Venezie,Ruffino,"citrus fruit, tree fruit, earth, vegetal, microbio, tropical fruit, oak, spices, non oak, floral, red fruit, black fruit, dried fruit","Shellfish, Vegetarian, Mushrooms, Aperitif",Pinot Grigio
Château de Lacarelle Beaujolais-Villages Rouge 2021,France,12.99,3.5,images/Chteau_de_Lacarelle_Beaujolais_Villages_Rouge_2021.png,images/bottle_Chteau_de_Lacarelle_Beaujolais_Villages_Rou.png,Beaujolais-Villages,Château de Lacarelle,"red fruit, spices, oak, earth, non oak, black fruit, microbio, floral, tropical fruit, vegetal, citrus fruit","Pasta, Veal, Pork, Poultry, Cured Meat",Gamay
Scherrer Scherrer Vineyard Old and Mature Zinfandel 1993,United States,175,4.1,images/Scherrer_Scherrer_Vineyard_Old_and_Mature_Zinfande.png,images/bottle_Scherrer_Scherrer_Vineyard_Old_and_Mature_Z.png,Alexander Valley,Scherrer,"red fruit, black fruit, oak, earth, non oak, spices, dried fruit, vegetal, tree fruit, citrus fruit, floral, microbio","Beef, Lamb, Poultry",Zinfandel
Herzog Baron Herzog White Zinfandel 2024,United States,11.99,3.5,images/Herzog_Baron_Herzog_White_Zinfandel_2024.png,images/bottle_Herzog_Baron_Herzog_White_Zinfandel_2024.png,California,Herzog,"red fruit, tree fruit, oak, earth, microbio, citrus fruit, tropical fruit, spices, black fruit, floral, vegetal, non oak, dried fruit","Shellfish, Spicy food, Appetizers and snacks, Fruity desserts, Aperitif","Shiraz/Syrah, Cabernet Sauvignon, Pinot Noir, Sangiovese, Zinfandel, Barbera"
Lamborn Zinfandel 2019,United States,83.99,4.3,images/Lamborn_Zinfandel_2019.png,images/bottle_Lamborn_Zinfandel_2019.png,Howell Mountain,Lamborn,"oak, spices, black fruit, non oak, earth, red fruit, dried fruit, microbio, vegetal, citrus fruit, floral","Beef, Lamb, Poultry",Zinfandel
Hartford Court Hartford Vineyard Old Vine Zinfandel 2023,United States,65,4.1,images/Hartford_Court_Hartford_Vineyard_Old_Vine_Zinfande.png,images/bottle_Hartford_Court_Hartford_Vineyard_Old_Vine_Z.png,Russian River Valley,Hartford Court,"black fruit, oak, spices, red fruit, non oak, earth, citrus fruit, vegetal, dried fruit, floral, microbio, tropical fruit","Beef, Lamb, Poultry",Zinfandel
Decoy Zinfandel 2021,United States,21.99,3.9,images/Decoy_Zinfandel_2021.png,images/bottle_Decoy_Zinfandel_2021.png,California,Decoy,"oak, black fruit, red fruit, spices, non oak, earth, dried fruit, microbio, floral, vegetal, tree fruit, citrus fruit, tropical fruit","Beef, Lamb, Poultry",Zinfandel
Carol Shelton Rocky Reserve Zinfandel (Florence Vineyard) 2021,United States,44,4.2,images/Carol_Shelton_Rocky_Reserve_Zinfandel_Florence_Vin.png,images/bottle_Carol_Shelton_Rocky_Reserve_Zinfandel_Flore.png,Rockpile,Carol Shelton,"black fruit, oak, red fruit, earth, spices, non oak, microbio, dried fruit, tropical fruit, floral","Beef, Lamb, Poultry",Zinfandel
Wilson Zinfandel 2022,United States,29,4.1,images/Wilson_Zinfandel_2022.png,images/bottle_Wilson_Zinfandel_2022.png,Dry Creek Valley,Wilson,"oak, red fruit, black fruit, non oak, spices, earth, microbio, dried fruit, vegetal","Beef, Lamb, Poultry",Zinfandel
Maso Poli Pinot Grigio 2023,Italy,19.99,3.8,images/Maso_Poli_Pinot_Grigio_2023.png,images/bottle_Maso_Poli_Pinot_Grigio_2023.png,Trentino,Maso Poli,"tree fruit, citrus fruit, earth, microbio, oak, vegetal, non oak, tropical fruit, spices, floral","Shellfish, Vegetarian, Mushrooms, Aperitif",Pinot Grigio
Robert Biale Vineyards R.W. Moore Vineyard Zinfandel 2023,United States,65,4.2,images/Robert_Biale_Vineyards_RW_Moore_Vineyard_Zinfandel.png,images/bottle_Robert_Biale_Vineyards_RW_Moore_Vineyard_Zi.png,Coombsville,Robert Biale Vineyards,"oak, red fruit, spices, black fruit, non oak, earth, microbio, dried fruit, floral, vegetal, tree fruit, citrus fruit","Beef, Lamb, Poultry",Zinfandel
Terlan (Terlano) Tradition Pinot Grigio 2023,Italy,21.99,4,images/Terlan_Terlano_Tradition_Pinot_Grigio_2023.png,images/bottle_Terlan_Terlano_Tradition_Pinot_Grigio_2023.png,Südtirol - Alto Adige,Terlan (Terlano),"tree fruit, citrus fruit, earth, microbio, vegetal, oak, tropical fruit, non oak, spices, floral, red fruit, black fruit, dried fruit","Shellfish, Vegetarian, Mushrooms, Aperitif",Pinot Grigio
Domaine Marcel Lapierre Raisins Gaulois 2023,France,23.99,4,images/Domaine_Marcel_Lapierre_Raisins_Gaulois_2023.png,images/bottle_Domaine_Marcel_Lapierre_Raisins_Gaulois_202.png,Vin de France,Domaine Marcel Lapierre,"red fruit, earth, oak, black fruit, spices, microbio, non oak, dried fruit, floral, tropical fruit, vegetal, citrus fruit, tree fruit",,
Francis Ford Coppola Winery Diamond Collection Zinfandel 2021,United States,17.99,3.9,images/Francis_Ford_Coppola_Winery_Diamond_Collection_Zin.png,images/bottle_Francis_Ford_Coppola_Winery_Diamond_Collect.png,California,Francis Ford Coppola Winery,"oak, red fruit, black fruit, spices, non oak, earth, dried fruit, microbio, vegetal, floral, tree fruit, citrus fruit, tropical fruit","Beef, Lamb, Poultry",Zinfandel
Domaine Mee Godard Morgon 'Corcelette' 2022,France,50.99,3.9,images/Domaine_Mee_Godard_Morgon_Corcelette_2022.png,images/bottle_Domaine_Mee_Godard_Morgon_Corcelette_2022.png,Morgon,Domaine Mee Godard,"red fruit, black fruit, oak, earth, spices, non oak, vegetal, microbio, dried fruit, tropical fruit, floral","Pasta, Veal, Pork, Poultry, Cured Meat",Gamay
Torrevento Primitivo Puglia Infinitum 2020,Italy,11.98,3.8,images/Torrevento_Primitivo_Puglia_Infinitum_2020.png,images/bottle_Torrevento_Primitivo_Puglia_Infinitum_2020.png,Puglia,Torrevento,"black fruit, oak, red fruit, spices, non oak, dried fruit, earth, floral, microbio, tree fruit","Beef, Pasta, Lamb, Poultry",Primitivo
Matua Gisborne Pinot Gris 2022,New Zealand,14.98,3.6,images/Matua_Gisborne_Pinot_Gris_2022.jpg,,Gisborne,Matua,"citrus fruit, tree fruit, tropical fruit, earth, microbio, vegetal, oak, red fruit, spices, non oak","Pork, Spicy food, Mushrooms, Cured Meat",Pinot Gris
Altschwager Kenneally Tapi Pinot Gris 2024,New Zealand,15.99,3.7,images/Altschwager_Kenneally_Tapi_Pinot_Gris_2024.jpg,,Marlborough,Altschwager Kenneally,"tree fruit, earth, citrus fruit, tropical fruit, microbio, red fruit, oak","Pork, Spicy food, Mushrooms, Cured Meat",Pinot Gris
Ledson Dry Creek Valley Old Vine Zinfandel 2021,United States,32,4.2,images/Ledson_Dry_Creek_Valley_Old_Vine_Zinfandel_2021.jpg,,Dry Creek Valley,Ledson,"oak, black fruit, spices, earth, red fruit, non oak, microbio, dried fruit, citrus fruit, vegetal","Beef, Lamb, Poultry",Zinfandel
Guy Breton Côte de Brouilly 2022,France,50,4,images/Guy_Breton_Cte_de_Brouilly_2022.png,images/bottle_Guy_Breton_Cte_de_Brouilly_2022.png,Côte de Brouilly,Guy Breton,"red fruit, earth, oak, black fruit, non oak, spices, floral, microbio, vegetal, dried fruit, tree fruit","Pasta, Veal, Pork, Poultry, Cured Meat",Gamay
Storybook Mountain Zinfandel Reserve 1988,United States,95,4.3,images/Storybook_Mountain_Zinfandel_Reserve_1988.png,images/bottle_Storybook_Mountain_Zinfandel_Reserve_1988.png,Napa Valley,Storybook Mountain,"black fruit, oak, red fruit, non oak, spices, earth, dried fruit, citrus fruit, floral, tropical fruit, tree fruit, vegetal","Beef, Lamb, Poultry",Zinfandel
Pierre Sparr Pinot Gris 2022,France,19.99,3.7,images/Pierre_Sparr_Pinot_Gris_2022.png,images/bottle_Pierre_Sparr_Pinot_Gris_2022.png,Alsace,Pierre Sparr,"tree fruit, earth, microbio, oak, tropical fruit, citrus fruit, vegetal, non oak, floral, spices, dried fruit, black fruit","Pork, Spicy food, Mushrooms, Cured Meat",Pinot Gris
Mount Peak Rattlesnake Zinfandel 2020,United States,49.99,4.3,images/Mount_Peak_Rattlesnake_Zinfandel_2020.png,images/bottle_Mount_Peak_Rattlesnake_Zinfandel_2020.png,Sonoma County,Mount Peak,"oak, black fruit, spices, red fruit, non oak, earth, dried fruit, microbio, floral, vegetal, tree fruit, citrus fruit","Beef, Lamb, Poultry",Zinfandel
Michel Guignier Les Amethystes Vieilles Vignes Morgon 2023,France,24.99,3.7,images/Michel_Guignier_Les_Amethystes_Vieilles_Vignes_Mor.png,images/bottle_Michel_Guignier_Les_Amethystes_Vieilles_Vig.png,Morgon,Michel Guignier,"red fruit, oak, spices, black fruit, earth, floral, non oak, vegetal, citrus fruit, microbio","Pasta, Veal, Pork, Poultry, Cured Meat",Gamay
St. Michael-Eppan Pinot Grigio 2022,Italy,14.99,3.9,images/St_Michael_Eppan_Pinot_Grigio_2022.png,images/bottle_St_Michael_Eppan_Pinot_Grigio_2022.png,Südtirol - Alto Adige,St. Michael-Eppan,"tree fruit, citrus fruit, earth, microbio, vegetal, oak, spices, tropical fruit, non oak, floral, red fruit, black fruit, dried fruit","Shellfish, Vegetarian, Mushrooms, Aperitif",Pinot Grigio
Ochota Barrels The Price of Silence Gamay 2022,Australia,63,4,images/Ochota_Barrels_The_Price_of_Silence_Gamay_2022.png,images/bottle_Ochota_Barrels_The_Price_of_Silence_Gamay_2.png,Adelaide Hills,Ochota Barrels,"red fruit, spices, earth, non oak, oak, black fruit, vegetal, dried fruit, microbio, tropical fruit, tree fruit, floral, citrus fruit",,
Robert Biale Vineyards Stagecoach Vineyard Biale Block Zinfandel 2023,United States,70,4.1,images/Robert_Biale_Vineyards_Stagecoach_Vineyard_Biale_B.png,images/bottle_Robert_Biale_Vineyards_Stagecoach_Vineyard_.png,Napa Valley,Robert Biale Vineyards,"black fruit, red fruit, oak, spices, earth, non oak, microbio, dried fruit, citrus fruit, floral, vegetal","Beef, Lamb, Poultry",Zinfandel
Villa Puccini Pinot Grigio Veneto 2024,Italy,13.99,3.7,images/Villa_Puccini_Pinot_Grigio_Veneto_2024.png,images/bottle_Villa_Puccini_Pinot_Grigio_Veneto_2024.png,Veneto,Villa Puccini,"citrus fruit, tree fruit, vegetal, microbio, earth, oak, non oak","Shellfish, Vegetarian, Mushrooms, Aperitif",Pinot Grigio
Klinker Brick Old Vine Zinfandel 2020,United States,18.99,3.9,images/Klinker_Brick_Old_Vine_Zinfandel_2020.png,images/bottle_Klinker_Brick_Old_Vine_Zinfandel_2020.png,Lodi,Klinker Brick,"oak, black fruit, non oak, spices, earth, red fruit, dried fruit, microbio, vegetal, floral, citrus fruit, tree fruit, tropical fruit","Beef, Lamb, Poultry",Zinfandel
Elena Walch Pinot Grigio (Selezione) 2023,Italy,22.99,4,images/Elena_Walch_Pinot_Grigio_Selezione_2023.png,images/bottle_Elena_Walch_Pinot_Grigio_Selezione_2023.png,Südtirol - Alto Adige,Elena Walch,"tree fruit, citrus fruit, earth, microbio, vegetal, spices, tropical fruit, oak, non oak, floral, black fruit, red fruit, dried fruit","Shellfish, Vegetarian, Mushrooms, Aperitif",Pinot Grigio
Lo Triolet Gamay 2022,Italy,28.99,3.7,images/Lo_Triolet_Gamay_2022.png,images/bottle_Lo_Triolet_Gamay_2022.png,Valle d'Aosta,Lo Triolet,"red fruit, black fruit, spices, microbio, oak, earth, vegetal, citrus fruit, tropical fruit, non oak, dried fruit, floral, tree fruit","Beef, Pasta, Lamb, Game (deer, venison)","Nebbiolo, Barbera, Dolcetto"
Bow & Arrow Gamay 2023,United States,25,3.6,images/Bow_Arrow_Gamay_2023.png,images/bottle_Bow_Arrow_Gamay_2023.png,Willamette Valley,Bow & Arrow,"red fruit, earth, black fruit, oak, non oak, spices, floral, citrus fruit, microbio, vegetal, dried fruit, tree fruit, tropical fruit","Vegetarian, Mushrooms",
Riff Pinot Grigio 2019,Italy,15.26,3.5,images/Riff_Pinot_Grigio_2019.png,images/bottle_Riff_Pinot_Grigio_2019.png,Venezia,Riff,"tree fruit, citrus fruit, earth, microbio, vegetal, tropical fruit, oak, non oak, spices, floral, red fruit, dried fruit, black fruit","Shellfish, Vegetarian, Mushrooms, Aperitif",Pinot Grigio
Dry Creek Vineyard Zinfandel Heritage Vines 2021,United States,24.99,4,images/Dry_Creek_Vineyard_Zinfandel_Heritage_Vines_2021.png,images/bottle_Dry_Creek_Vineyard_Zinfandel_Heritage_Vines.png,Sonoma County,Dry Creek Vineyard,"black fruit, oak, red fruit, spices, non oak, earth, microbio, dried fruit, vegetal, floral, citrus fruit, tree fruit, tropical fruit","Beef, Lamb, Poultry",Zinfandel
Jaillance Cuvée de L'Abbaye Crémant de Bordeaux Brut,France,24.66,3.6,images/Jaillance_Cuve_de_LAbbaye_Crmant_de_Bordeaux_Brut.png,images/bottle_Jaillance_Cuve_de_LAbbaye_Crmant_de_Bordeau.png,Crémant de Bordeaux,Jaillance,"citrus fruit, tree fruit, earth, microbio, non oak, oak, red fruit, vegetal, floral, tropical fruit, spices, black fruit","Shellfish, Poultry, Appetizers and snacks, Lean fish, Aperitif","Chardonnay, Pinot Gris, Pinot Noir, Roussanne, Pinot Blanc, Auxerrois"
Cantina Zaccagnini Pinot Grigio (Tralcetto) 2023,Italy,14.99,4,images/Cantina_Zaccagnini_Pinot_Grigio_Tralcetto_2023.png,images/bottle_Cantina_Zaccagnini_Pinot_Grigio_Tralcetto_2.png,Terre di Chieti,Cantina Zaccagnini,"citrus fruit, tree fruit, earth, vegetal, oak, microbio, tropical fruit, non oak, spices, floral, red fruit, dried fruit, black fruit","Pasta, Vegetarian, Appetizers and snacks, Lean fish, Cured Meat","Trebbiano, Verdicchio"
Woodbridge by Robert Mondavi Pinot Grigio 2017,United States,10.97,3.2,images/Woodbridge_by_Robert_Mondavi_Pinot_Grigio_2017.png,images/bottle_Woodbridge_by_Robert_Mondavi_Pinot_Grigio_2.png,California,Woodbridge by Robert Mondavi,"citrus fruit, tree fruit, oak, earth, microbio, tropical fruit, non oak, vegetal, red fruit, spices, black fruit, dried fruit","Pork, Spicy food, Mushrooms, Cured Meat",Pinot Gris
Daniel Bouland Vieilles Vignes Morgon 2019,France,31.72,3.9,images/Daniel_Bouland_Vieilles_Vignes_Morgon_2019.png,images/bottle_Daniel_Bouland_Vieilles_Vignes_Morgon_2019.png,Morgon,Daniel Bouland,"red fruit, black fruit, earth, spices, oak, non oak, floral, dried fruit, microbio, tropical fruit, tree fruit","Pasta, Veal, Pork, Poultry, Cured Meat",Gamay
Laurence et Rémi Dufaitre Côte de Brouilly 2022,France,27.99,4,images/Laurence_et_Rmi_Dufaitre_Cte_de_Brouilly_2022.png,images/bottle_Laurence_et_Rmi_Dufaitre_Cte_de_Brouilly_20.png,Côte de Brouilly,Laurence et Rémi Dufaitre,"red fruit, earth, oak, non oak, black fruit, spices, microbio, floral, citrus fruit, tropical fruit, vegetal, tree fruit","Pasta, Veal, Pork, Poultry, Cured Meat",Gamay
Preston Farm & Winery Zinfandel 2022,United States,45,4.1,images/Preston_Farm_Winery_Zinfandel_2022.png,images/bottle_Preston_Farm_Winery_Zinfandel_2022.png,Dry Creek Valley,Preston Farm & Winery,"oak, black fruit, non oak, earth, spices, red fruit, microbio, vegetal, dried fruit, tropical fruit, citrus fruit, floral","Beef, Lamb, Poultry",Zinfandel
Easton Amador County Zinfandel 2016,United States,22.99,3.9,images/Easton_Amador_County_Zinfandel_2016.png,images/bottle_Easton_Amador_County_Zinfandel_2016.png,Amador County,Easton,"black fruit, red fruit, oak, earth, spices, non oak, dried fruit, microbio, vegetal, citrus fruit, floral, tree fruit, tropical fruit","Beef, Lamb, Poultry",Zinfandel
Bruno Verdi Pinot Grigio 2024,Italy,22.99,4,images/Bruno_Verdi_Pinot_Grigio_2024.png,images/bottle_Bruno_Verdi_Pinot_Grigio_2024.png,Oltrepo Pavese Pinot Grigio,Bruno Verdi,"tree fruit, citrus fruit, earth, tropical fruit, vegetal, microbio, spices, floral, non oak, oak","Shellfish, Vegetarian, Mushrooms, Aperitif",Pinot Grigio
Selby Old Vines Zinfandel 2021,United States,40,4.2,images/Selby_Old_Vines_Zinfandel_2021.png,images/bottle_Selby_Old_Vines_Zinfandel_2021.png,Sonoma County,Selby,"oak, spices, black fruit, non oak, red fruit, earth, dried fruit, citrus fruit, floral, microbio","Beef, Lamb, Poultry",Zinfandel
Louis Jadot Beaujolais-Villages 2023,France,12.99,3.7,images/Louis_Jadot_Beaujolais_Villages_2023.png,images/bottle_Louis_Jadot_Beaujolais_Villages_2023.png,Beaujolais-Villages,Louis Jadot,"red fruit, black fruit, earth, oak, spices, non oak, microbio, floral, tropical fruit, dried fruit, vegetal, citrus fruit, tree fruit","Pasta, Veal, Pork, Poultry, Cured Meat",Gamay
Robert Biale Vineyards Aldo's Vineyard Zinfandel 2022,United States,95,4.4,images/Robert_Biale_Vineyards_Aldos_Vineyard_Zinfandel_20.png,images/bottle_Robert_Biale_Vineyards_Aldos_Vineyard_Zinfa.png,Oak Knoll District,Robert Biale Vineyards,"black fruit, red fruit, spices, oak, non oak, earth, dried fruit, microbio, floral, tropical fruit, citrus fruit, vegetal","Beef, Lamb, Poultry",Zinfandel
Hobo Zinfandel 2022,United States,26,3.7,images/Hobo_Zinfandel_2022.png,images/bottle_Hobo_Zinfandel_2022.png,Dry Creek Valley,Hobo,"oak, non oak, spices, red fruit, earth, black fruit, citrus fruit, dried fruit, tree fruit, vegetal, microbio","Beef, Lamb, Poultry",Zinfandel
The Beach House Pinot Grigio 2023,Italy,11.99,3.6,images/The_Beach_House_Pinot_Grigio_2023.png,images/bottle_The_Beach_House_Pinot_Grigio_2023.png,Provincia di Pavia,The Beach House,"citrus fruit, tropical fruit, tree fruit, earth, floral","Shellfish, Vegetarian, Mushrooms, Aperitif",Pinot Grigio
Château la Rame Les Coteaux de la Rame Sainte-Croix-du-Mont 1985,France,98,4,images/Chteau_la_Rame_Les_Coteaux_de_la_Rame_Sainte_Croix.png,images/bottle_Chteau_la_Rame_Les_Coteaux_de_la_Rame_Saint.png,Saint-Croix-du-Mont,Château la Rame,"earth, tree fruit, citrus fruit, oak, non oak, tropical fruit, dried fruit, vegetal, microbio, spices, black fruit, red fruit, floral","Fruity desserts, Blue cheese","Sauvignon Blanc, Sémillon, Muscadelle, Sauvignon Gris"
La Chapelle des Bois Chiroubles 2022,France,20.99,3.7,images/La_Chapelle_des_Bois_Chiroubles_2022.png,images/bottle_La_Chapelle_des_Bois_Chiroubles_2022.png,Chiroubles,La Chapelle des Bois,"red fruit, earth, black fruit, microbio, oak, spices, non oak, dried fruit, floral, citrus fruit, tropical fruit","Pasta, Veal, Pork, Poultry, Cured Meat",Gamay
Big Smooth Old Vine Zinfandel 2013,United States,28.56,4,images/Big_Smooth_Old_Vine_Zinfandel_2013.png,images/bottle_Big_Smooth_Old_Vine_Zinfandel_2013.png,Lodi,Big Smooth,"oak, black fruit, non oak, red fruit, spices, earth, dried fruit, microbio, floral, vegetal, tropical fruit, tree fruit","Beef, Lamb, Poultry",Zinfandel
Barton & Guestier Beaujolais-Villages 2022,France,17.99,3.6,images/Barton_Guestier_Beaujolais_Villages_2022.png,images/bottle_Barton_Guestier_Beaujolais_Villages_2022.png,Beaujolais-Villages,Barton & Guestier,"red fruit, black fruit, earth, spices, floral, non oak, oak, dried fruit, vegetal","Pasta, Veal, Pork, Poultry, Cured Meat",Gamay
Polvanera Calx Primitivo 2021,Italy,12.99,3.8,images/Polvanera_Calx_Primitivo_2021.jpg,,Puglia,Polvanera,"red fruit, earth, oak, non oak, spices, black fruit, microbio, vegetal, dried fruit, tree fruit, citrus fruit, floral, tropical fruit","Beef, Pasta, Lamb, Poultry",Primitivo
Tratturi Primitivo Salento 2023,Italy,12.99,3.7,images/Tratturi_Primitivo_Salento_2023.png,images/bottle_Tratturi_Primitivo_Salento_2023.png,Salento,Tratturi,"oak, earth, red fruit, non oak, black fruit, spices, microbio, tropical fruit, dried fruit","Beef, Pasta, Lamb, Poultry",Primitivo
Kendall-Jackson Vintner's Reserve Zinfandel 2022,United States,13.99,3.9,images/Kendall_Jackson_Vintners_Reserve_Zinfandel_2022.png,images/bottle_Kendall_Jackson_Vintners_Reserve_Zinfandel_.png,Mendocino County,Kendall-Jackson,"oak, black fruit, red fruit, non oak, spices, earth, dried fruit, microbio, floral, vegetal, tree fruit, citrus fruit, tropical fruit","Beef, Lamb, Poultry",Zinfandel
Era Pinot Grigio 2023,Italy,11.99,3.5,images/Era_Pinot_Grigio_2023.png,images/bottle_Era_Pinot_Grigio_2023.png,delle Venezie,Era,"tree fruit, citrus fruit, earth, non oak, oak","Shellfish, Vegetarian, Mushrooms, Aperitif",Pinot Grigio
François Chidaine Gamay Touraine 2023,France,17.99,3.7,images/Franois_Chidaine_Gamay_Touraine_2023.jpg,,Touraine,François Chidaine,"red fruit, earth, citrus fruit, oak, tree fruit, non oak, spices, microbio, black fruit, floral, vegetal","Lamb, Pork, Poultry, Goat's Milk Cheese","Cabernet Sauvignon, Cabernet Franc, Pinot Noir, Gamay, Grolleau, Côt, Pineau D'Aunis"
Château Lestignac Michel Michel 2024,France,21.99,4.2,images/Chteau_Lestignac_Michel_Michel_2024.png,images/bottle_Chteau_Lestignac_Michel_Michel_2024.png,South West France,Château Lestignac,"citrus fruit, earth, tree fruit, spices, vegetal, floral, non oak, oak, red fruit, tropical fruit, microbio","Shellfish, Vegetarian, Poultry, Lean fish",
Vigneti del Sole Pinot Grigio 2023,Italy,15.99,4,images/Vigneti_del_Sole_Pinot_Grigio_2023.png,images/bottle_Vigneti_del_Sole_Pinot_Grigio_2023.png,delle Venezie,Vigneti del Sole,"citrus fruit, tree fruit, earth, vegetal, microbio, tropical fruit, oak, non oak, spices, floral, black fruit, red fruit","Shellfish, Vegetarian, Mushrooms, Aperitif",Pinot Grigio
Michael David Winery Freakshow Zinfandel 2020,United States,20.99,3.9,images/Michael_David_Winery_Freakshow_Zinfandel_2020.png,images/bottle_Michael_David_Winery_Freakshow_Zinfandel_20.png,Lodi,Michael David Winery,"black fruit, oak, red fruit, non oak, spices, earth, dried fruit, microbio, floral, vegetal, tree fruit, citrus fruit, tropical fruit","Beef, Lamb, Poultry",Zinfandel
Banfi San Angelo Pinot Grigio 2023,Italy,14.99,3.9,images/Banfi_San_Angelo_Pinot_Grigio_2023.png,images/bottle_Banfi_San_Angelo_Pinot_Grigio_2023.png,Toscana,Banfi,"tree fruit, citrus fruit, earth, tropical fruit, microbio, vegetal, oak, spices, non oak, floral, red fruit, dried fruit, black fruit","Pasta, Vegetarian, Appetizers and snacks, Lean fish, Cured Meat","Trebbiano, Verdicchio"
Josh Cellars Pinot Grigio 2023,United States,13.99,3.7,images/Josh_Cellars_Pinot_Grigio_2023.png,images/bottle_Josh_Cellars_Pinot_Grigio_2023.png,California,Josh Cellars,"tree fruit, citrus fruit, oak, microbio, tropical fruit, earth, vegetal, spices, red fruit, floral, non oak, black fruit","Pork, Spicy food, Mushrooms, Cured Meat",Pinot Gris
Robert Biale Vineyards Varozza Vineyard Zinfandel 2023,United States,64,4.3,images/Robert_Biale_Vineyards_Varozza_Vineyard_Zinfandel_.png,images/bottle_Robert_Biale_Vineyards_Varozza_Vineyard_Zin.png,St. Helena,Robert Biale Vineyards,"oak, black fruit, red fruit, spices, non oak, earth, dried fruit, microbio","Beef, Lamb, Poultry",Zinfandel
Attems Pinot Grigio 2023,Italy,16.99,3.9,images/Attems_Pinot_Grigio_2023.png,images/bottle_Attems_Pinot_Grigio_2023.png,Friuli-Venezia Giulia,Attems,"tree fruit, citrus fruit, earth, microbio, vegetal, tropical fruit, oak, non oak, spices, floral, black fruit, red fruit, dried fruit","Shellfish, Vegetarian, Mushrooms, Aperitif",Pinot Grigio
Elderton Golden Semillon 2020,Australia,20,3.9,images/Elderton_Golden_Semillon_2020.png,images/bottle_Elderton_Golden_Semillon_2020.png,Barossa Valley,Elderton,"earth, tree fruit, non oak, oak, tropical fruit, spices, dried fruit, red fruit, citrus fruit, microbio, floral, black fruit",,
Bucklin Old Hill Ranch Bambino (Field Blend) 2020,United States,30.99,3.9,images/Bucklin_Old_Hill_Ranch_Bambino_Field_Blend_2020.png,images/bottle_Bucklin_Old_Hill_Ranch_Bambino_Field_Blend_.png,Sonoma Valley,Bucklin,"red fruit, black fruit, spices, oak, earth, non oak, dried fruit, microbio, vegetal, tree fruit, citrus fruit, floral","Beef, Lamb, Poultry",Zinfandel
Ravenswood Estate Zinfandel 1985,United States,78,3.8,images/Ravenswood_Estate_Zinfandel_1985.png,images/bottle_Ravenswood_Estate_Zinfandel_1985.png,Sonoma Valley,Ravenswood,"black fruit, oak, red fruit, non oak, earth, spices, dried fruit, microbio, vegetal","Beef, Lamb, Poultry",Zinfandel
McManis Zinfandel 2019,United States,10.99,3.8,images/McManis_Zinfandel_2019.png,images/bottle_McManis_Zinfandel_2019.png,Lodi,McManis,"oak, red fruit, non oak, black fruit, spices, earth, microbio, dried fruit, vegetal, floral, citrus fruit, tropical fruit, tree fruit","Beef, Lamb, Poultry",Zinfandel
Ridge Vineyards Dusi Ranch Paso Robles Zinfandel 1995,United States,110,4.2,images/Ridge_Vineyards_Dusi_Ranch_Paso_Robles_Zinfandel_1.png,images/bottle_Ridge_Vineyards_Dusi_Ranch_Paso_Robles_Zinf.png,Paso Robles,Ridge Vineyards,"black fruit, oak, dried fruit, red fruit, earth, spices, non oak, microbio, vegetal, tree fruit, citrus fruit","Beef, Lamb, Poultry",Zinfandel
Castello Monaci Primitivo Salento Pilùna 2023,Italy,10.99,3.9,images/Castello_Monaci_Primitivo_Salento_Pilna_2023.png,images/bottle_Castello_Monaci_Primitivo_Salento_Pilna_202.png,Salento,Castello Monaci,"oak, black fruit, red fruit, spices, non oak, earth, dried fruit, microbio, vegetal, floral, citrus fruit, tree fruit, tropical fruit","Beef, Pasta, Lamb, Poultry",Primitivo
SeaGlass Pinot Grigio 2022,United States,14.99,3.7,images/SeaGlass_Pinot_Grigio_2022.png,images/bottle_SeaGlass_Pinot_Grigio_2022.png,Santa Barbara County,SeaGlass,"citrus fruit, tree fruit, tropical fruit, earth, microbio, floral, vegetal, oak, spices, non oak, red fruit","Pork, Spicy food, Mushrooms, Cured Meat",Pinot Gris
Hervé Souhaut La Souteronne 2021,France,39.99,4.1,images/Herv_Souhaut_La_Souteronne_2021.png,images/bottle_Herv_Souhaut_La_Souteronne_2021.png,Vin de France,Hervé Souhaut,"red fruit, earth, black fruit, spices, oak, non oak, floral, vegetal, microbio, dried fruit, tree fruit, tropical fruit, citrus fruit",,
Manoir du Carra Beaujolais Nouveau 2024,France,14.99,3.5,images/Manoir_du_Carra_Beaujolais_Nouveau_2024.png,images/bottle_Manoir_du_Carra_Beaujolais_Nouveau_2024.png,Beaujolais Nouveau,Manoir du Carra,"red fruit, spices, microbio, oak, tropical fruit, non oak, black fruit, floral, tree fruit, citrus fruit, vegetal, earth","Poultry, Cured Meat",Gamay
Jermann Pinot Grigio 2023,Italy,21.99,4,images/Jermann_Pinot_Grigio_2023.png,images/bottle_Jermann_Pinot_Grigio_2023.png,Venezia Giulia,Jermann,"tree fruit, citrus fruit, earth, microbio, vegetal, tropical fruit, oak, non oak, spices, floral, red fruit, dried fruit, black fruit","Shellfish, Vegetarian, Mushrooms, Aperitif",Pinot Grigio
Tiefenbrunner Pinot Grigio 2022,Italy,13.99,4,images/Tiefenbrunner_Pinot_Grigio_2022.png,images/bottle_Tiefenbrunner_Pinot_Grigio_2022.png,Südtirol - Alto Adige,Tiefenbrunner,"tree fruit, citrus fruit, earth, microbio, vegetal, oak, tropical fruit, non oak, floral, spices, red fruit, black fruit, dried fruit","Shellfish, Vegetarian, Mushrooms, Aperitif",Pinot Grigio
Masseria Cuturi Chidro Primitivo 2021,Italy,37.99,3.9,images/Masseria_Cuturi_Chidro_Primitivo_2021.png,images/bottle_Masseria_Cuturi_Chidro_Primitivo_2021.png,Salento,Masseria Cuturi,"oak, spices, non oak, red fruit, earth, black fruit, dried fruit, floral","Beef, Pasta, Lamb, Poultry",Primitivo
Frey Organic Zinfandel 2021,United States,12.99,3.4,images/Frey_Organic_Zinfandel_2021.png,images/bottle_Frey_Organic_Zinfandel_2021.png,Mendocino,Frey,"red fruit, spices, black fruit, earth, oak, non oak, dried fruit","Beef, Lamb, Poultry",Zinfandel
La Crema Monterey Pinot Gris 2013,United States,17.13,3.7,images/La_Crema_Monterey_Pinot_Gris_2013.png,images/bottle_La_Crema_Monterey_Pinot_Gris_2013.png,Monterey,La Crema,"tree fruit, citrus fruit, oak, microbio, earth, tropical fruit, non oak, spices, vegetal, floral, red fruit, black fruit, dried fruit","Pork, Spicy food, Mushrooms, Cured Meat",Pinot Gris
Buehler Zinfandel White 2023,United States,15,3.5,images/Buehler_Zinfandel_White_2023.png,images/bottle_Buehler_Zinfandel_White_2023.png,Napa Valley,Buehler,"red fruit, earth, citrus fruit, oak, non oak, dried fruit, spices, black fruit, floral, vegetal, microbio, tree fruit, tropical fruit","Shellfish, Spicy food, Appetizers and snacks, Fruity desserts, Aperitif","Shiraz/Syrah, Cabernet Sauvignon, Pinot Noir, Sangiovese, Zinfandel, Barbera"
Domaine Zind Humbrecht Pinot Gris Alsace Clos Jebsal Sélection De Grains Nobles Trie Spéciale 2002,France,158,4.5,images/Domaine_Zind_Humbrecht_Pinot_Gris_Alsace_Clos_Jebs.png,images/bottle_Domaine_Zind_Humbrecht_Pinot_Gris_Alsace_Cl.png,Alsace,Domaine Zind Humbrecht,"earth, dried fruit, tree fruit, citrus fruit, non oak, oak, tropical fruit, floral, microbio, black fruit","Pork, Spicy food, Mushrooms, Cured Meat",Pinot Gris
Jean Foillard Morgon Cuvée 3.14 2016,France,150,4.4,images/Jean_Foillard_Morgon_Cuve_314_2016.png,images/bottle_Jean_Foillard_Morgon_Cuve_314_2016.png,Morgon,Jean Foillard,"red fruit, earth, oak, black fruit, spices, floral, non oak, vegetal, microbio, dried fruit, tropical fruit, citrus fruit","Pasta, Veal, Pork, Poultry, Cured Meat",Gamay
Belvino Gold Edition Pinot Grigio 2023,Italy,10.97,3.7,images/Belvino_Gold_Edition_Pinot_Grigio_2023.jpg,,delle Venezie,Belvino,"tree fruit, citrus fruit, earth, vegetal, tropical fruit, microbio, floral","Shellfish, Vegetarian, Mushrooms, Aperitif",Pinot Grigio
St. Francis Old Vines Zinfandel 2021,United States,19.99,3.9,images/St_Francis_Old_Vines_Zinfandel_2021.png,images/bottle_St_Francis_Old_Vines_Zinfandel_2021.png,Sonoma County,St. Francis,"oak, red fruit, black fruit, spices, non oak, earth, dried fruit, microbio, vegetal, tree fruit, floral, citrus fruit, tropical fruit","Beef, Lamb, Poultry",Zinfandel
Château Thivin Brouilly Reverdon 2022,France,29.99,4,images/Chteau_Thivin_Brouilly_Reverdon_2022.png,images/bottle_Chteau_Thivin_Brouilly_Reverdon_2022.png,Brouilly,Château Thivin,"red fruit, earth, black fruit, oak, spices, microbio, non oak, dried fruit, floral, vegetal, citrus fruit, tree fruit, tropical fruit","Pasta, Veal, Pork, Poultry, Cured Meat",Gamay
Hartford Court Fanucchi-Wood Road Vineyard Old Vine Zinfandel 2023,United States,65,4.3,images/Hartford_Court_Fanucchi_Wood_Road_Vineyard_Old_Vin.png,images/bottle_Hartford_Court_Fanucchi_Wood_Road_Vineyard_.png,Russian River Valley,Hartford Court,"black fruit, oak, spices, earth, red fruit, non oak, dried fruit, tree fruit, citrus fruit, floral, vegetal, microbio","Beef, Lamb, Poultry",Zinfandel
Chloe Pinot Grigio 2023,Italy,11.99,3.7,images/Chloe_Pinot_Grigio_2023.png,images/bottle_Chloe_Pinot_Grigio_2023.png,Valdadige,Chloe,"citrus fruit, tree fruit, earth, floral, microbio, oak, tropical fruit, vegetal, non oak, spices, black fruit, red fruit","Shellfish, Vegetarian, Mushrooms, Aperitif",Pinot Grigio
Maddalena Wines Pinot Grigio 2023,United States,14.95,3.7,images/Maddalena_Wines_Pinot_Grigio_2023.png,images/bottle_Maddalena_Wines_Pinot_Grigio_2023.png,Monterey,Maddalena Wines,"tree fruit, citrus fruit, oak, microbio, earth","Pork, Spicy food, Mushrooms, Cured Meat",Pinot Gris
Hartford Court Jolene's Vineyard Old Vine Zinfandel 2022,United States,65,4.2,images/Hartford_Court_Jolenes_Vineyard_Old_Vine_Zinfandel.png,images/bottle_Hartford_Court_Jolenes_Vineyard_Old_Vine_Zi.png,Russian River Valley,Hartford Court,"black fruit, red fruit, oak, non oak, dried fruit, earth, spices, vegetal, microbio, citrus fruit, floral","Beef, Lamb, Poultry",Zinfandel
Gaierhof Pinot Grigio 2023,Italy,15.99,3.5,images/Gaierhof_Pinot_Grigio_2023.png,images/bottle_Gaierhof_Pinot_Grigio_2023.png,Trentino,Gaierhof,"tree fruit, earth, microbio, spices, floral, citrus fruit, vegetal, non oak, oak","Shellfish, Vegetarian, Mushrooms, Aperitif",Pinot Grigio
Joseph Swan Vineyards Bastoni Vineyards Zinfandel 1983,United States,498,4,images/Joseph_Swan_Vineyards_Bastoni_Vineyards_Zinfandel_.png,images/bottle_Joseph_Swan_Vineyards_Bastoni_Vineyards_Zin.png,Sonoma County,Joseph Swan Vineyards,"red fruit, black fruit, oak, earth, spices, dried fruit, non oak, vegetal, microbio","Beef, Lamb, Poultry",Zinfandel
Bella Vineyards Special Release Late Harvest Zinfandel 2024,United States,35,4.2,images/Bella_Vineyards_Special_Release_Late_Harvest_Zinfa.jpg,,Alexander Valley,Bella Vineyards,"oak, black fruit, dried fruit, red fruit, earth, microbio, non oak, spices, tropical fruit, tree fruit, floral, vegetal","Sweet desserts, Mild and soft cheese, Fruity desserts, Blue cheese",
Pedroncelli Mother Clone Zinfandel 2022,United States,16,4,images/Pedroncelli_Mother_Clone_Zinfandel_2022.png,images/bottle_Pedroncelli_Mother_Clone_Zinfandel_2022.png,Dry Creek Valley,Pedroncelli,"black fruit, oak, spices, non oak, red fruit, earth, dried fruit, microbio, vegetal, floral, tree fruit, citrus fruit, tropical fruit","Beef, Lamb, Poultry",Zinfandel
Albert Boxler Pinot Gris Alsace Grand Cru 'Sommerberg' 2015,France,79.99,4.2,images/Albert_Boxler_Pinot_Gris_Alsace_Grand_Cru_Sommerbe.png,images/bottle_Albert_Boxler_Pinot_Gris_Alsace_Grand_Cru_S.png,Alsace Grand Cru 'Sommerberg',Albert Boxler,"earth, tree fruit, citrus fruit, spices, tropical fruit, floral, dried fruit, microbio, non oak, oak, red fruit","Pork, Spicy food, Mushrooms, Cured Meat",Pinot Gris
Puccioni Old Vine  Zinfandel 2022,United States,39,4,images/Puccioni_Old_Vine_Zinfandel_2022.jpg,,Dry Creek Valley,Puccioni,"black fruit, oak, non oak, red fruit, spices, earth, microbio, vegetal, dried fruit, citrus fruit, floral","Beef, Lamb, Poultry",Zinfandel
Clendenen Family Vineyards Bien Nacido Estate Plantings Petit Verdot 2017,United States,45.99,4,images/Clendenen_Family_Vineyards_Bien_Nacido_Estate_Plan.png,images/bottle_Clendenen_Family_Vineyards_Bien_Nacido_Esta.png,Santa Maria Valley,Clendenen Family Vineyards,"earth, oak, red fruit, black fruit, spices, non oak, vegetal, dried fruit, tropical fruit, citrus fruit, floral",,
Château Fuissé Domaine de la Conseillère Juliénas 2020,France,30,3.8,images/Chteau_Fuiss_Domaine_de_la_Conseillre_Julinas_2020.png,images/bottle_Chteau_Fuiss_Domaine_de_la_Conseillre_Julin.png,Juliénas,Château Fuissé,"red fruit, black fruit, earth, non oak, oak, spices, microbio, dried fruit, tree fruit, vegetal","Pasta, Veal, Pork, Poultry, Cured Meat",Gamay
Robert Biale Vineyards Grande Vineyard Zinfandel 2022,United States,62,4.1,images/Robert_Biale_Vineyards_Grande_Vineyard_Zinfandel_2.png,images/bottle_Robert_Biale_Vineyards_Grande_Vineyard_Zinf.png,Napa Valley,Robert Biale Vineyards,"black fruit, red fruit, oak, spices, non oak, earth, dried fruit, citrus fruit, floral","Beef, Lamb, Poultry",Zinfandel
Ridge Vineyards Sonoma Station Zinfandel 2000,United States,165,4.1,images/Ridge_Vineyards_Sonoma_Station_Zinfandel_2000.jpg,,California,Ridge Vineyards,"spices, black fruit, red fruit, oak, earth, non oak, dried fruit, floral, microbio","Beef, Lamb, Poultry",Zinfandel
B Cellars Zinfandel 2021,United States,80,4.4,images/B_Cellars_Zinfandel_2021.jpg,,Dry Creek Valley,B Cellars,"black fruit, oak, spices, red fruit, non oak, earth, microbio","Beef, Lamb, Poultry",Zinfandel
Spring Valley Vineyard Sharilee Petit Verdot 2021,United States,65,4.2,images/Spring_Valley_Vineyard_Sharilee_Petit_Verdot_2021.png,images/bottle_Spring_Valley_Vineyard_Sharilee_Petit_Verdo.png,Walla Walla Valley,Spring Valley Vineyard,"black fruit, oak, earth, non oak, spices, red fruit, floral, dried fruit, citrus fruit, microbio, tropical fruit, vegetal",,
Kris Pinot Grigio 2022,Italy,12.99,3.7,images/Kris_Pinot_Grigio_2022.png,images/bottle_Kris_Pinot_Grigio_2022.png,delle Venezie,Kris,"citrus fruit, tree fruit, earth, microbio, oak, vegetal, non oak, tropical fruit, floral, spices, black fruit","Shellfish, Vegetarian, Mushrooms, Aperitif",Pinot Grigio
Terlato Pinot Grigio 2022,Italy,19.99,4,images/Terlato_Pinot_Grigio_2022.png,images/bottle_Terlato_Pinot_Grigio_2022.png,Colli Orientali del Friuli,Terlato,"tree fruit, citrus fruit, earth, microbio, oak, vegetal, tropical fruit, non oak, spices, floral, red fruit, dried fruit, black fruit","Shellfish, Vegetarian, Mushrooms, Aperitif",Pinot Grigio
Gooseneck Vineyards Pinot Grigio 2022,Italy,14.99,3.7,images/Gooseneck_Vineyards_Pinot_Grigio_2022.png,images/bottle_Gooseneck_Vineyards_Pinot_Grigio_2022.png,Veneto,Gooseneck Vineyards,"citrus fruit, tree fruit, vegetal, spices, earth, tropical fruit, microbio, oak","Shellfish, Vegetarian, Mushrooms, Aperitif",Pinot Grigio
Barone Fini Pinot Grigio Alto Adige 2024,Italy,21.99,3.9,images/Barone_Fini_Pinot_Grigio_Alto_Adige_2024.png,images/bottle_Barone_Fini_Pinot_Grigio_Alto_Adige_2024.png,Südtirol - Alto Adige,Barone Fini,"citrus fruit, tree fruit, earth, vegetal, microbio, tropical fruit, oak, spices, floral","Shellfish, Vegetarian, Mushrooms, Aperitif",Pinot Grigio
Foradori Fuoripista Pinot Grigio 2022,Italy,54.99,4.1,images/Foradori_Fuoripista_Pinot_Grigio_2022.png,images/bottle_Foradori_Fuoripista_Pinot_Grigio_2022.png,Vigneti delle Dolomiti,Foradori,"citrus fruit, red fruit, tree fruit, earth, oak, non oak, spices, floral, vegetal, microbio, tropical fruit, black fruit","Shellfish, Vegetarian, Mushrooms, Aperitif",Pinot Grigio
Sheldrake Point Pinot Gris 2023,United States,18.99,3.6,images/Sheldrake_Point_Pinot_Gris_2023.png,images/bottle_Sheldrake_Point_Pinot_Gris_2023.png,Finger Lakes,Sheldrake Point,"tree fruit, earth, citrus fruit, tropical fruit, vegetal, microbio, oak, non oak, floral",,
Turley Old Vines Zinfandel 2022,United States,31,4.1,images/Turley_Old_Vines_Zinfandel_2022.png,images/bottle_Turley_Old_Vines_Zinfandel_2022.png,California,Turley,"black fruit, oak, red fruit, spices, non oak, earth, dried fruit, microbio, floral, vegetal, tree fruit, citrus fruit, tropical fruit","Beef, Lamb, Poultry",Zinfandel
Frog's Leap Zinfandel 2021,United States,39.99,4,images/Frogs_Leap_Zinfandel_2021.png,images/bottle_Frogs_Leap_Zinfandel_2021.png,Napa Valley,Frog's Leap,"oak, red fruit, black fruit, non oak, spices, earth, dried fruit, microbio, vegetal, floral, citrus fruit, tree fruit, tropical fruit","Beef, Lamb, Poultry",Zinfandel
Marietta Román (Estate Grown) Zinfandel 2021,United States,21.99,4.1,images/Marietta_Romn_Estate_Grown_Zinfandel_2021.png,images/bottle_Marietta_Romn_Estate_Grown_Zinfandel_2021.png,Sonoma County,Marietta,"black fruit, oak, red fruit, non oak, earth, spices, dried fruit, vegetal, floral, tree fruit, citrus fruit, microbio, tropical fruit","Beef, Lamb, Poultry",Zinfandel
Donkey & Goat Ramato Pinot Gris 2024,United States,35.99,3.9,images/Donkey_Goat_Ramato_Pinot_Gris_2024.png,images/bottle_Donkey_Goat_Ramato_Pinot_Gris_2024.png,Anderson Valley,Donkey & Goat,"tree fruit, citrus fruit, earth, red fruit, tropical fruit, floral, microbio, non oak, oak, spices, vegetal, black fruit, dried fruit","Pork, Spicy food, Mushrooms, Cured Meat",Pinot Gris
Robert Biale Vineyards Bedrock Vineyard Zinfandel 2023,United States,68,4.4,images/Robert_Biale_Vineyards_Bedrock_Vineyard_Zinfandel_.png,images/bottle_Robert_Biale_Vineyards_Bedrock_Vineyard_Zin.png,Sonoma County,Robert Biale Vineyards,"red fruit, spices, earth, oak, black fruit, non oak","Beef, Lamb, Poultry",Zinfandel
Domaine Weinbach Clos des Capucins Pinot Gris Alsace Altenbourg 2022,France,56.99,4.2,images/Domaine_Weinbach_Clos_des_Capucins_Pinot_Gris_Alsa.png,images/bottle_Domaine_Weinbach_Clos_des_Capucins_Pinot_Gr.png,Alsace,Domaine Weinbach,"earth, tropical fruit, citrus fruit, dried fruit, non oak, oak, tree fruit, spices, vegetal, microbio","Pork, Spicy food, Mushrooms, Cured Meat",Pinot Gris
Ledson Howell Mountain Zinfandel 2021,United States,72,4.2,images/Ledson_Howell_Mountain_Zinfandel_2021.png,images/bottle_Ledson_Howell_Mountain_Zinfandel_2021.png,Howell Mountain,Ledson,"earth, oak, red fruit, non oak, black fruit, dried fruit, spices, vegetal","Beef, Lamb, Poultry",Zinfandel
Chateau Ste. Michelle Pinot Gris 2022,United States,10.99,3.7,images/Chateau_Ste_Michelle_Pinot_Gris_2022.png,images/bottle_Chateau_Ste_Michelle_Pinot_Gris_2022.png,Columbia Valley,Chateau Ste. Michelle,"tree fruit, citrus fruit, earth, oak, microbio, tropical fruit, vegetal, spices, non oak, floral, red fruit, black fruit, dried fruit","Shellfish, Poultry, Lean fish, Mild and soft cheese",Pinot Gris
Paradise Springs Petit Verdot 2021,United States,55,3.9,images/Paradise_Springs_Petit_Verdot_2021.jpg,,Virginia,Paradise Springs,"black fruit, red fruit, earth, oak, non oak, spices, vegetal","Beef, Veal, Game (deer, venison), Vegetarian, Mushrooms",
"Turley Moore ""Earthquake"" Vineyard Zinfandel 1996",United States,118,4.2,images/Turley_Moore_Earthquake_Vineyard_Zinfandel_1996.png,images/bottle_Turley_Moore_Earthquake_Vineyard_Zinfandel_.png,Napa Valley,Turley,"black fruit, spices, oak, earth, red fruit, non oak, dried fruit, citrus fruit, microbio, tree fruit, floral, vegetal","Beef, Lamb, Poultry",Zinfandel
Turley Tofanelli Vineyard Zinfandel 1996,United States,165,4.2,images/Turley_Tofanelli_Vineyard_Zinfandel_1996.png,images/bottle_Turley_Tofanelli_Vineyard_Zinfandel_1996.png,Napa Valley,Turley,"black fruit, red fruit, earth, dried fruit, spices, non oak, oak, floral, microbio","Beef, Lamb, Poultry",Zinfandel
Grégoire Hoppenot Fleurie Indigène 2023,France,29.99,3.8,images/Grgoire_Hoppenot_Fleurie_Indigne_2023.jpg,,Fleurie,Grégoire Hoppenot,"red fruit, non oak, oak, earth, spices, microbio, black fruit, tropical fruit","Pasta, Veal, Pork, Poultry, Cured Meat",Gamay
Domaine de la Grand'Cour - Jean Louis Dutraive Fleurie 'Clos de la Grand'Cour' 2022,France,44.99,4.2,images/Domaine_de_la_GrandCour_Jean_Louis_Dutraive_Fleuri.png,images/bottle_Domaine_de_la_GrandCour_Jean_Louis_Dutraive.png,Fleurie,Domaine de la Grand'Cour - Jean Louis Dutraive,"red fruit, earth, oak, spices, non oak, black fruit, floral, vegetal, microbio, tree fruit, tropical fruit, citrus fruit, dried fruit","Pasta, Veal, Pork, Poultry, Cured Meat",Gamay
Yohan Lardy Cru Chénas Les Deschamps 2022,France,29.99,3.9,images/Yohan_Lardy_Cru_Chnas_Les_Deschamps_2022.png,images/bottle_Yohan_Lardy_Cru_Chnas_Les_Deschamps_2022.png,Chénas,Yohan Lardy,"red fruit, black fruit, oak, earth, microbio, non oak, tropical fruit, spices, floral, vegetal","Pasta, Veal, Pork, Poultry, Cured Meat",Gamay
Wilson Ellie's Old Vine Zinfandel 2022,United States,42,4.2,images/Wilson_Ellies_Old_Vine_Zinfandel_2022.jpg,,Dry Creek Valley,Wilson,"red fruit, black fruit, earth, oak, spices, non oak, tree fruit","Beef, Lamb, Poultry",Zinfandel
Passalacqua Landy Vineyard Zinfandel 2023,United States,60,4.2,images/Passalacqua_Landy_Vineyard_Zinfandel_2023.jpg,,Sonoma County,Passalacqua,"earth, non oak, oak, black fruit, red fruit, dried fruit, tree fruit, spices, microbio","Beef, Lamb, Poultry",Zinfandel
Carol Shelton Black Magic Late Harvest Zinfandel 2023,United States,21,3.9,images/Carol_Shelton_Black_Magic_Late_Harvest_Zinfandel_2.png,images/bottle_Carol_Shelton_Black_Magic_Late_Harvest_Zinf.png,Sonoma County,Carol Shelton,"oak, black fruit, dried fruit, red fruit, spices, earth, non oak, floral, microbio","Sweet desserts, Mild and soft cheese, Fruity desserts, Blue cheese",
Terra Alpina Pinot Grigio 2023,Italy,19.99,3.8,images/Terra_Alpina_Pinot_Grigio_2023.png,images/bottle_Terra_Alpina_Pinot_Grigio_2023.png,Vigneti delle Dolomiti,Terra Alpina,"tree fruit, citrus fruit, earth, vegetal, microbio, tropical fruit, oak, spices, non oak, floral, red fruit, black fruit, dried fruit","Shellfish, Vegetarian, Mushrooms, Aperitif",Pinot Grigio
J. Chamonard Morgon Le Clos de Lys 2015,France,53,4.1,images/J_Chamonard_Morgon_Le_Clos_de_Lys_2015.png,images/bottle_J_Chamonard_Morgon_Le_Clos_de_Lys_2015.png,Morgon,J. Chamonard,"red fruit, earth, oak, spices, non oak, microbio, black fruit, floral, vegetal, citrus fruit, tropical fruit, dried fruit, tree fruit","Pasta, Veal, Pork, Poultry, Cured Meat",Gamay
Martine et Pierre Marie Chermette - Domaine du Vissoux Les Griottes Beaujolais Rouge 2023,France,18.99,3.9,images/Martine_et_Pierre_Marie_Chermette_Domaine_du_Visso.png,images/bottle_Martine_et_Pierre_Marie_Chermette_Domaine_d.png,Beaujolais,Martine et Pierre Marie Chermette - Domaine du Vissoux,"red fruit, earth, black fruit, oak, microbio, spices, non oak, floral, tropical fruit, dried fruit, citrus fruit, vegetal, tree fruit","Pasta, Veal, Pork, Poultry, Cured Meat",Gamay
Wilson Sydney Zinfandel 2022,United States,42,4.1,images/Wilson_Sydney_Zinfandel_2022.jpg,,Dry Creek Valley,Wilson,"black fruit, earth, oak, red fruit, spices, non oak, dried fruit, vegetal, microbio","Beef, Lamb, Poultry",Zinfandel
Nicolas Potel Beaujolais Villages 2023,France,18,3.8,images/Nicolas_Potel_Beaujolais_Villages_2023.png,images/bottle_Nicolas_Potel_Beaujolais_Villages_2023.png,Beaujolais-Villages,Nicolas Potel,"red fruit, black fruit, oak, dried fruit, earth, non oak, tree fruit, spices, microbio","Pasta, Veal, Pork, Poultry, Cured Meat",Gamay
Wilson Carl's Zinfandel 2022,United States,42,4,images/Wilson_Carls_Zinfandel_2022.png,images/bottle_Wilson_Carls_Zinfandel_2022.png,Dry Creek Valley,Wilson,"black fruit, oak, earth, non oak, red fruit, spices, dried fruit, microbio","Beef, Lamb, Poultry",Zinfandel
Aurélien Chatagnier Guilleret 2022,France,29.99,3.7,images/Aurlien_Chatagnier_Guilleret_2022.png,images/bottle_Aurlien_Chatagnier_Guilleret_2022.png,Collines Rhodaniennes,Aurélien Chatagnier,"earth, non oak, oak","Beef, Lamb, Game (deer, venison), Mushrooms",
Jean Foillard Beaujolais-Villages 2022,France,29.99,4.1,images/Jean_Foillard_Beaujolais_Villages_2022.png,images/bottle_Jean_Foillard_Beaujolais_Villages_2022.png,Beaujolais-Villages,Jean Foillard,"red fruit, earth, oak, black fruit, spices, non oak, floral, microbio, tropical fruit, tree fruit, vegetal, citrus fruit, dried fruit","Pasta, Veal, Pork, Poultry, Cured Meat",Gamay
Cameron Ramato 2022,United States,33.99,4.2,images/Cameron_Ramato_2022.png,images/bottle_Cameron_Ramato_2022.png,Dundee Hills,Cameron,"citrus fruit, tree fruit, earth, microbio, red fruit, spices, floral, vegetal, non oak, oak, dried fruit","Pork, Spicy food, Mushrooms, Cured Meat",Pinot Gris
Bertani Velante Pinot Grigio 2022,Italy,10.99,4,images/Bertani_Velante_Pinot_Grigio_2022.png,images/bottle_Bertani_Velante_Pinot_Grigio_2022.png,Veneto,Bertani,"tree fruit, citrus fruit, earth, microbio, oak, tropical fruit, floral, vegetal, non oak, spices, black fruit, red fruit","Shellfish, Vegetarian, Mushrooms, Aperitif",Pinot Grigio
David Hill Estate Pinot Gris 2022,United States,28,3.9,images/David_Hill_Estate_Pinot_Gris_2022.png,images/bottle_David_Hill_Estate_Pinot_Gris_2022.png,Willamette Valley,David Hill,"tree fruit, citrus fruit, oak, microbio, earth, non oak, vegetal, black fruit, red fruit, spices, floral","Pork, Spicy food, Mushrooms, Cured Meat",Pinot Gris
Coeur de Terre Vineyard Pinot Gris 2024,United States,22,3.8,images/Coeur_de_Terre_Vineyard_Pinot_Gris_2024.png,images/bottle_Coeur_de_Terre_Vineyard_Pinot_Gris_2024.png,Willamette Valley,Coeur de Terre Vineyard,"tree fruit, citrus fruit, earth, oak, tropical fruit, spices, vegetal, non oak, black fruit, red fruit, floral, microbio","Pork, Spicy food, Mushrooms, Cured Meat",Pinot Gris
Bella Vineyards Two Patch Zinfandel 2019,United States,53,3.9,images/Bella_Vineyards_Two_Patch_Zinfandel_2019.png,images/bottle_Bella_Vineyards_Two_Patch_Zinfandel_2019.png,Alexander Valley,Bella Vineyards,"oak, black fruit, red fruit, non oak, earth, spices, dried fruit, vegetal, microbio, tree fruit","Beef, Lamb, Poultry",Zinfandel
August Briggs Old Vines Zinfandel 2007,United States,29.99,4.1,images/August_Briggs_Old_Vines_Zinfandel_2007.png,images/bottle_August_Briggs_Old_Vines_Zinfandel_2007.png,Calistoga,August Briggs,"earth, oak, black fruit, non oak, spices, red fruit, floral, vegetal, tree fruit, microbio","Beef, Lamb, Poultry",Zinfandel
Scopa Pinot Grigio 2023,Italy,13.99,3.6,images/Scopa_Pinot_Grigio_2023.png,images/bottle_Scopa_Pinot_Grigio_2023.png,delle Venezie,Scopa,"tree fruit, citrus fruit, earth, vegetal","Shellfish, Vegetarian, Mushrooms, Aperitif",Pinot Grigio
Willm Pinot Gris Réserve 2021,France,16.99,3.8,images/Willm_Pinot_Gris_Rserve_2021.png,images/bottle_Willm_Pinot_Gris_Rserve_2021.png,Alsace,Willm,"tree fruit, earth, citrus fruit, microbio, oak, tropical fruit, vegetal, floral, non oak, spices, red fruit, black fruit, dried fruit","Pork, Spicy food, Mushrooms, Cured Meat",Pinot Gris
Bedrock Wine Co. Old Vine Zinfandel 2022,United States,29.99,3.9,images/Bedrock_Wine_Co_Old_Vine_Zinfandel_2022.png,images/bottle_Bedrock_Wine_Co_Old_Vine_Zinfandel_2022.png,Sonoma Valley,Bedrock Wine Co.,"black fruit, oak, red fruit, spices, non oak, earth, dried fruit, floral, microbio, tree fruit, vegetal, citrus fruit, tropical fruit","Beef, Lamb, Poultry",Zinfandel
Ecco Domani Pinot Grigio 2023,Italy,10.99,3.7,images/Ecco_Domani_Pinot_Grigio_2023.png,images/bottle_Ecco_Domani_Pinot_Grigio_2023.png,delle Venezie,Ecco Domani,"tree fruit, citrus fruit, tropical fruit, earth, microbio, vegetal, oak, floral, non oak, spices, red fruit, black fruit, dried fruit","Shellfish, Vegetarian, Mushrooms, Aperitif",Pinot Grigio
Château des Tours Brouilly 2022,France,17.99,3.9,images/Chteau_des_Tours_Brouilly_2022.png,images/bottle_Chteau_des_Tours_Brouilly_2022.png,Brouilly,Château des Tours,"red fruit, oak, black fruit, earth, spices, non oak, floral, microbio, tropical fruit, dried fruit, citrus fruit, vegetal","Pasta, Veal, Pork, Poultry, Cured Meat",Gamay
Kendall-Jackson Vintner's Reserve Pinot Gris 2018,United States,22.84,3.5,images/Kendall_Jackson_Vintners_Reserve_Pinot_Gris_2018.png,images/bottle_Kendall_Jackson_Vintners_Reserve_Pinot_Gris.png,California,Kendall-Jackson,"tree fruit, citrus fruit, earth, tropical fruit, oak, vegetal, microbio, spices, floral, non oak, red fruit","Pork, Spicy food, Mushrooms, Cured Meat",Pinot Gris
Louis Jadot Beaujolais 2023,France,10.69,3.9,images/Louis_Jadot_Beaujolais_2023.png,images/bottle_Louis_Jadot_Beaujolais_2023.png,Beaujolais,Louis Jadot,"red fruit, oak, black fruit, spices, earth, non oak, microbio, dried fruit, floral, tropical fruit, citrus fruit, vegetal, tree fruit","Pasta, Veal, Pork, Poultry, Cured Meat",Gamay
Scar Of The Sea Lopez Vineyard Zinfandel 2024,United States,39,4,images/Scar_Of_The_Sea_Lopez_Vineyard_Zinfandel_2024.png,images/bottle_Scar_Of_The_Sea_Lopez_Vineyard_Zinfandel_20.png,Cucamonga Valley,Scar Of The Sea,"red fruit, black fruit, spices, oak, floral, non oak, vegetal, earth, dried fruit, tree fruit","Beef, Lamb, Poultry",Zinfandel
Sequum Kidd Ranch Zinfandel 2022,United States,40,4.1,images/Sequum_Kidd_Ranch_Zinfandel_2022.jpg,,Napa Valley,Sequum,"red fruit, oak, black fruit, spices, non oak, microbio, vegetal, earth","Beef, Lamb, Poultry",Zinfandel
Tommasi Le Rosse Pinot Grigio 2011,Italy,14.99,3.6,images/Tommasi_Le_Rosse_Pinot_Grigio_2011.png,images/bottle_Tommasi_Le_Rosse_Pinot_Grigio_2011.png,Valpolicella,Tommasi,"tree fruit, citrus fruit, earth, tropical fruit, vegetal, microbio, oak, non oak, spices, floral, red fruit, dried fruit","Shellfish, Vegetarian, Mushrooms, Aperitif",Pinot Grigio
Dupeuble Beaujolais Rouge 2023,France,16.99,4,images/Dupeuble_Beaujolais_Rouge_2023.png,images/bottle_Dupeuble_Beaujolais_Rouge_2023.png,Beaujolais,Dupeuble,"red fruit, earth, oak, black fruit, spices, non oak, microbio, floral, tropical fruit, dried fruit, citrus fruit, tree fruit, vegetal","Pasta, Veal, Pork, Poultry, Cured Meat",Gamay
Sun Goddess Pinot Grigio Ramato 2021,Italy,19.99,3.9,images/Sun_Goddess_Pinot_Grigio_Ramato_2021.png,images/bottle_Sun_Goddess_Pinot_Grigio_Ramato_2021.png,Friuli,Sun Goddess,"tree fruit, citrus fruit, red fruit, earth, microbio, oak, tropical fruit, vegetal, spices, non oak, floral, black fruit, dried fruit","Shellfish, Mature and hard cheese, Appetizers and snacks, Lean fish, Mild and soft cheese, Cured Meat",
Passalacqua Zinfandel 2022,United States,60,4.2,images/Passalacqua_Zinfandel_2022.jpg,,Dry Creek Valley,Passalacqua,"earth, oak, non oak, black fruit, red fruit, spices, vegetal, tree fruit","Beef, Lamb, Poultry",Zinfandel
Château la Rame Saint-Croix-du-Mont 2018,France,28,4.1,images/Chteau_la_Rame_Saint_Croix_du_Mont_2018.png,images/bottle_Chteau_la_Rame_Saint_Croix_du_Mont_2018.png,Saint-Croix-du-Mont,Château la Rame,"earth, tree fruit, citrus fruit, tropical fruit, oak, non oak, spices, dried fruit, microbio, floral, vegetal, black fruit, red fruit","Fruity desserts, Blue cheese","Sauvignon Blanc, Sémillon, Muscadelle, Sauvignon Gris"
Francis Ford Coppola Winery Diamond Collection Pinot Grigio 2023,United States,11.99,3.7,images/Francis_Ford_Coppola_Winery_Diamond_Collection_Pin.png,images/bottle_Francis_Ford_Coppola_Winery_Diamond_Collect.png,California,Francis Ford Coppola Winery,"tree fruit, citrus fruit, earth, vegetal, tropical fruit, oak, spices, floral, microbio, non oak, red fruit, black fruit","Pork, Spicy food, Mushrooms, Cured Meat",Pinot Gris
Parco dei Monaci Monacello Matera Primitivo 2016,Italy,29.99,3.9,images/Parco_dei_Monaci_Monacello_Matera_Primitivo_2016.png,images/bottle_Parco_dei_Monaci_Monacello_Matera_Primitivo.png,Basilicata,Parco dei Monaci,"black fruit, earth, red fruit, oak, dried fruit, non oak, spices, vegetal, microbio, citrus fruit","Beef, Pasta, Lamb, Poultry",Primitivo
Château du Moulin-à-Vent Couvent des Thorins Moulin-À-Vent 2020,France,25.99,3.9,images/Chteau_du_Moulin_Vent_Couvent_des_Thorins_Moulin_V.png,images/bottle_Chteau_du_Moulin_Vent_Couvent_des_Thorins_M.png,Moulin-à-Vent,Château du Moulin-à-Vent,"red fruit, earth, oak, black fruit, spices, non oak, microbio, dried fruit, vegetal, floral, citrus fruit, tropical fruit, tree fruit","Pasta, Veal, Pork, Poultry, Cured Meat",Gamay
Caposaldo Pinot Grigio 2021,Italy,10.99,3.8,images/Caposaldo_Pinot_Grigio_2021.png,images/bottle_Caposaldo_Pinot_Grigio_2021.png,delle Venezie,Caposaldo,"tree fruit, citrus fruit, earth, microbio, oak, vegetal, tropical fruit, spices, non oak, red fruit, floral","Shellfish, Vegetarian, Mushrooms, Aperitif",Pinot Grigio
Mann Letzenberg Pinot Gris 2017,France,29.99,4,images/Mann_Letzenberg_Pinot_Gris_2017.png,images/bottle_Mann_Letzenberg_Pinot_Gris_2017.png,Alsace,Mann,"citrus fruit, tree fruit, earth, tropical fruit, floral, non oak, oak","Pork, Spicy food, Mushrooms, Cured Meat",Pinot Gris
Alpasión Grand Petit Verdot 2020,Argentina,34.99,4.2,images/Alpasin_Grand_Petit_Verdot_2020.png,images/bottle_Alpasin_Grand_Petit_Verdot_2020.png,Uco Valley,Alpasión,"black fruit, oak, spices, earth, non oak, red fruit, floral, dried fruit, microbio, tropical fruit, vegetal","Beef, Lamb, Game (deer, venison), Mature and hard cheese",Petit Verdot
J. Rickards 1908 Brignole Reserve Old Vine Zinfandel 2022,United States,57,4.4,images/J_Rickards_1908_Brignole_Reserve_Old_Vine_Zinfande.jpg,,Sonoma County,J. Rickards,"oak, spices, black fruit, red fruit, earth, non oak, dried fruit, citrus fruit, microbio","Beef, Lamb, Poultry",Zinfandel
Wood Family Vineyards Big Wood Zin Zinfandel 2022,United States,42,4.1,images/Wood_Family_Vineyards_Big_Wood_Zin_Zinfandel_2022.jpg,,Livermore Valley,Wood Family Vineyards,"red fruit, oak, spices, non oak, black fruit, earth, floral","Beef, Lamb, Poultry",Zinfandel
Laurent Gauthier Côte du Py Vieilles Vignes Morgon 2020,France,18,3.9,images/Laurent_Gauthier_Cte_du_Py_Vieilles_Vignes_Morgon_.png,images/bottle_Laurent_Gauthier_Cte_du_Py_Vieilles_Vignes_.png,Morgon,Laurent Gauthier,"red fruit, earth, oak, black fruit, spices, non oak, microbio, floral, tropical fruit, citrus fruit, dried fruit","Pasta, Veal, Pork, Poultry, Cured Meat",Gamay
Domaine Marcel Lapierre Cuvée Marcel 2009,France,349,4.2,images/Domaine_Marcel_Lapierre_Cuve_Marcel_2009.png,images/bottle_Domaine_Marcel_Lapierre_Cuve_Marcel_2009.png,Morgon,Domaine Marcel Lapierre,"red fruit, earth, black fruit, oak, spices, non oak, floral, microbio, vegetal, dried fruit, citrus fruit, tropical fruit, tree fruit","Pasta, Veal, Pork, Poultry, Cured Meat",Gamay
Château Moulin Favre La Centenaire Juliénas 2023,France,26.99,3.7,images/Chteau_Moulin_Favre_La_Centenaire_Julinas_2023.png,images/bottle_Chteau_Moulin_Favre_La_Centenaire_Julinas_2.png,Juliénas,Château Moulin Favre,"black fruit, spices, red fruit, floral, earth, non oak, oak","Pasta, Veal, Pork, Poultry, Cured Meat",Gamay
Larson Family Winery Pinot Grigio 2023,United States,32,3.3,images/Larson_Family_Winery_Pinot_Grigio_2023.jpg,,Sonoma Valley,Larson Family Winery,"citrus fruit, tree fruit, floral, earth, microbio, non oak, oak","Pork, Spicy food, Mushrooms, Cured Meat",Pinot Gris
Croad Zinfandel Pure 2020,United States,51,4.2,images/Croad_Zinfandel_Pure_2020.jpg,,Paso Robles,Croad,"black fruit, red fruit, oak, non oak, spices, earth","Beef, Lamb, Poultry",Zinfandel
Attems Pinot Grigio Ramato 2022,Italy,17.99,3.8,images/Attems_Pinot_Grigio_Ramato_2022.png,images/bottle_Attems_Pinot_Grigio_Ramato_2022.png,Friuli-Venezia Giulia,Attems,"citrus fruit, tree fruit, red fruit, earth, microbio, vegetal, oak, spices, non oak, tropical fruit, floral, dried fruit, black fruit","Shellfish, Vegetarian, Mushrooms, Aperitif",Pinot Grigio
Portlandia Pinot Gris 2022,United States,14.99,3.8,images/Portlandia_Pinot_Gris_2022.png,images/bottle_Portlandia_Pinot_Gris_2022.png,Oregon,Portlandia,"tree fruit, earth, citrus fruit, tropical fruit, floral, oak, non oak, spices, vegetal, microbio, red fruit, dried fruit, black fruit","Pork, Spicy food, Mushrooms, Cured Meat",Pinot Gris
Daniel Bouland Delys Morgon 2022,France,50,4,images/Daniel_Bouland_Delys_Morgon_2022.png,images/bottle_Daniel_Bouland_Delys_Morgon_2022.png,Morgon,Daniel Bouland,"red fruit, earth, black fruit, oak, spices, non oak, floral, microbio, vegetal, dried fruit, tropical fruit, citrus fruit","Pasta, Veal, Pork, Poultry, Cured Meat",Gamay
Domaine de Boischampt Juliénas Les 4 Cerisiers 2022,France,37.99,4.1,images/Domaine_de_Boischampt_Julinas_Les_4_Cerisiers_2022.png,images/bottle_Domaine_de_Boischampt_Julinas_Les_4_Cerisie.png,Juliénas,Domaine de Boischampt,"red fruit, black fruit, spices, non oak, oak, floral, earth","Pasta, Veal, Pork, Poultry, Cured Meat",Gamay
Château des Bachelards - Comtesse de Vazeilles Fleurie 2020,France,49.99,4.1,images/Chteau_des_Bachelards_Comtesse_de_Vazeilles_Fleuri.png,images/bottle_Chteau_des_Bachelards_Comtesse_de_Vazeilles.png,Fleurie,Château des Bachelards - Comtesse de Vazeilles,"red fruit, oak, earth, non oak, spices, black fruit, floral, microbio, dried fruit, tree fruit","Pasta, Veal, Pork, Poultry, Cured Meat",Gamay
Jermann Ramât Pinot Grigio 2022,Italy,39.99,4.1,images/Jermann_Ramt_Pinot_Grigio_2022.jpg,,Friuli-Venezia Giulia,Jermann,tree fruit,"Shellfish, Vegetarian, Mushrooms, Aperitif",Pinot Grigio
Ziobaffa Pinot Grigio 2024,Italy,12.99,4,images/Ziobaffa_Pinot_Grigio_2024.png,images/bottle_Ziobaffa_Pinot_Grigio_2024.png,Terre Siciliane,Ziobaffa,"tree fruit, citrus fruit, earth, tropical fruit, spices, vegetal, oak, microbio, floral, non oak, black fruit, red fruit, dried fruit","Shellfish, Vegetarian, Appetizers and snacks","Malvasia, Fiano, Catarratto Bianco"
Thibault Ducroux Morgon Corcelette 2022,France,33.99,4,images/Thibault_Ducroux_Morgon_Corcelette_2022.png,images/bottle_Thibault_Ducroux_Morgon_Corcelette_2022.png,Beaujolais,Thibault Ducroux,,"Pasta, Veal, Pork, Poultry, Cured Meat",Gamay
Josh Cellars Zinfandel 2022,United States,14.99,3.8,images/Josh_Cellars_Zinfandel_2022.png,images/bottle_Josh_Cellars_Zinfandel_2022.png,Lodi,Josh Cellars,"oak, red fruit, black fruit, spices, non oak, earth, dried fruit, microbio, floral, tree fruit, vegetal, citrus fruit, tropical fruit","Beef, Lamb, Poultry",Zinfandel
Jean-Philippe Guillot La Chapelle des Bois Fleurie 2022,France,104,3.6,images/Jean_Philippe_Guillot_La_Chapelle_des_Bois_Fleurie.jpg,,Fleurie,Jean-Philippe Guillot,,"Pasta, Veal, Pork, Poultry, Cured Meat",Gamay
Chalk Hill Estate Vineyard Selection Botrytised Sémillon 1986,United States,45,4.2,images/Chalk_Hill_Estate_Vineyard_Selection_Botrytised_Sm.png,images/bottle_Chalk_Hill_Estate_Vineyard_Selection_Botryt.png,Chalk Hill,Chalk Hill,"tree fruit, earth, citrus fruit, tropical fruit, non oak, vegetal, microbio, oak, spices","Sweet desserts, Mild and soft cheese, Fruity desserts, Blue cheese",
Domaine Rochette Régnié 2021,France,19.99,3.5,images/Domaine_Rochette_Rgni_2021.jpg,,Régnié,Domaine Rochette,"red fruit, black fruit, earth, dried fruit, tree fruit, microbio, non oak, oak","Pasta, Veal, Pork, Poultry, Cured Meat",Gamay
Alex Foillard Brouilly 2021,France,39.99,4.2,images/Alex_Foillard_Brouilly_2021.png,images/bottle_Alex_Foillard_Brouilly_2021.png,Brouilly,Alex Foillard,"red fruit, earth, black fruit, oak, floral, non oak, spices, microbio, vegetal, dried fruit, citrus fruit, tree fruit, tropical fruit","Pasta, Veal, Pork, Poultry, Cured Meat",Gamay
Terra Sávia Sanel Valley Vineyards Reserve Petit Verdot 2013,United States,30,3.6,images/Terra_Svia_Sanel_Valley_Vineyards_Reserve_Petit_Ve.png,images/bottle_Terra_Svia_Sanel_Valley_Vineyards_Reserve_P.png,Mendocino,Terra Sávia,"oak, black fruit, microbio, red fruit, vegetal, earth, non oak",,
Marc Delienne À La Folie Arpayé 2019,France,45,4.1,images/Marc_Delienne_La_Folie_Arpay_2019.png,images/bottle_Marc_Delienne_La_Folie_Arpay_2019.png,Saint-Amour,Marc Delienne,"red fruit, black fruit, spices, vegetal, earth, microbio, floral","Pasta, Veal, Pork, Poultry, Cured Meat",Gamay
Herzog Baron Herzog Pinot Grigio 2018,United States,12.99,3.4,images/Herzog_Baron_Herzog_Pinot_Grigio_2018.png,images/bottle_Herzog_Baron_Herzog_Pinot_Grigio_2018.png,Clarksburg,Herzog,"tropical fruit, tree fruit, citrus fruit, red fruit, vegetal, microbio, non oak, oak","Pork, Spicy food, Mushrooms, Cured Meat",Pinot Gris
Storrs Rusty Ridge Zinfandel 2019,United States,36,4,images/Storrs_Rusty_Ridge_Zinfandel_2019.png,images/bottle_Storrs_Rusty_Ridge_Zinfandel_2019.png,Central Coast,Storrs,"spices, black fruit, red fruit, earth, oak, dried fruit, non oak, tree fruit, citrus fruit","Beef, Lamb, Poultry",Zinfandel
Trénel Beaujolais-Villages 2021,France,20,3.7,images/Trnel_Beaujolais_Villages_2021.png,images/bottle_Trnel_Beaujolais_Villages_2021.png,Beaujolais-Villages,Trénel,"red fruit, black fruit, earth, oak, spices, microbio, non oak, floral, vegetal, tree fruit, tropical fruit, citrus fruit","Pasta, Veal, Pork, Poultry, Cured Meat",Gamay
Arnot-Roberts Kirschenmann Vineyard Zinfandel 2023,United States,46,4.1,images/Arnot_Roberts_Kirschenmann_Vineyard_Zinfandel_2023.png,images/bottle_Arnot_Roberts_Kirschenmann_Vineyard_Zinfand.png,Mokelumne River,Arnot-Roberts,"red fruit, earth, spices, black fruit, floral, oak, vegetal, non oak, dried fruit, tropical fruit","Beef, Lamb, Poultry",Zinfandel
Julien Sunier Fleurie 2022,France,81,4,images/Julien_Sunier_Fleurie_2022.png,images/bottle_Julien_Sunier_Fleurie_2022.png,Fleurie,Julien Sunier,"red fruit, earth, spices, oak, black fruit, non oak, floral, microbio, vegetal, tropical fruit, dried fruit, citrus fruit, tree fruit","Pasta, Veal, Pork, Poultry, Cured Meat",Gamay
Wilson Heartland Zinfandel 2022,United States,42,4.2,images/Wilson_Heartland_Zinfandel_2022.jpg,,Dry Creek Valley,Wilson,"oak, red fruit, earth, non oak, black fruit, spices, microbio","Beef, Lamb, Poultry",Zinfandel
Baptiste Nayrand Toit du Monde 2020,France,34.99,4.1,images/Baptiste_Nayrand_Toit_du_Monde_2020.png,images/bottle_Baptiste_Nayrand_Toit_du_Monde_2020.png,Coteaux du Lyonnais,Baptiste Nayrand,"red fruit, dried fruit, non oak, oak",,
Storrs Zinfandel 2021,United States,34,3.9,images/Storrs_Zinfandel_2021.jpg,,Central Coast,Storrs,"black fruit, red fruit, earth, oak, spices, non oak, dried fruit, floral","Beef, Lamb, Poultry",Zinfandel
Domaine de Roche Guillon Moulin à Vent 2020,France,29.99,3.8,images/Domaine_de_Roche_Guillon_Moulin_Vent_2020.png,images/bottle_Domaine_de_Roche_Guillon_Moulin_Vent_2020.png,Beaujolais,Domaine de Roche Guillon,"black fruit, earth, red fruit","Pasta, Veal, Pork, Poultry, Cured Meat",Gamay
Maggio Family Vineyards Zinfandel 2009,United States,12.99,3.7,images/Maggio_Family_Vineyards_Zinfandel_2009.png,images/bottle_Maggio_Family_Vineyards_Zinfandel_2009.png,Lodi,Maggio Family Vineyards,"oak, non oak, red fruit, black fruit, spices, earth, dried fruit, microbio, vegetal, tree fruit, floral, tropical fruit","Beef, Lamb, Poultry",Zinfandel
Lc Villa Pinot Grigio 2023,Italy,10.98,3.6,images/Lc_Villa_Pinot_Grigio_2023.jpg,,Terre Siciliane,Lc Villa,"tree fruit, non oak, oak, citrus fruit, vegetal, earth, microbio","Shellfish, Vegetarian, Appetizers and snacks","Malvasia, Fiano, Catarratto Bianco"
Domaine de la Grand'Cour - Jean Louis Dutraive Cuvée Vieilles Vignes Brouilly 2019,France,104,4.2,images/Domaine_de_la_GrandCour_Jean_Louis_Dutraive_Cuve_V.png,images/bottle_Domaine_de_la_GrandCour_Jean_Louis_Dutraive.png,Brouilly,Domaine de la Grand'Cour - Jean Louis Dutraive,"red fruit, earth, oak, spices, black fruit, non oak, floral, vegetal, microbio, tropical fruit, dried fruit, tree fruit, citrus fruit","Pasta, Veal, Pork, Poultry, Cured Meat",Gamay
Sandlands Zinfandel 2021,United States,58,4.1,images/Sandlands_Zinfandel_2021.jpg,,Lodi,Sandlands,"black fruit, red fruit, spices, earth, oak, dried fruit, floral, vegetal, non oak","Beef, Lamb, Poultry",Zinfandel
Noble Vines Marquis Red 2021,United States,10.99,4,images/Noble_Vines_Marquis_Red_2021.png,images/bottle_Noble_Vines_Marquis_Red_2021.png,California,Noble Vines,"oak, non oak, spices, red fruit, black fruit, earth, dried fruit, floral, microbio, citrus fruit, tree fruit","Beef, Lamb, Poultry",Zinfandel
L'Umami Pinot Gris 2023,United States,14.99,3.9,images/LUmami_Pinot_Gris_2023.png,images/bottle_LUmami_Pinot_Gris_2023.png,Willamette Valley,L'Umami,"tree fruit, earth, spices, oak, citrus fruit, non oak","Pork, Spicy food, Mushrooms, Cured Meat",Pinot Gris
Pavolino Pinot Grigio 2023,Italy,13.99,3.3,images/Pavolino_Pinot_Grigio_2023.png,images/bottle_Pavolino_Pinot_Grigio_2023.png,Veneto,Pavolino,"citrus fruit, tree fruit, earth, red fruit, tropical fruit, floral, vegetal","Shellfish, Vegetarian, Mushrooms, Aperitif",Pinot Grigio
Bollini Pinot Grigio 2023,Italy,14.99,3.8,images/Bollini_Pinot_Grigio_2023.png,images/bottle_Bollini_Pinot_Grigio_2023.png,Vigneti delle Dolomiti,Bollini,"tree fruit, citrus fruit, earth, microbio, oak, vegetal, non oak, tropical fruit, spices, floral, red fruit","Shellfish, Vegetarian, Mushrooms, Aperitif",Pinot Grigio
Ledson Sonoma County Zinfandel 2022,United States,32,4.1,images/Ledson_Sonoma_County_Zinfandel_2022.jpg,,Sonoma County,Ledson,"spices, oak, black fruit, red fruit, non oak","Beef, Lamb, Poultry",Zinfandel
Schiopetto Collio Pinot Grigio 2020,Italy,42.99,4,images/Schiopetto_Collio_Pinot_Grigio_2020.png,images/bottle_Schiopetto_Collio_Pinot_Grigio_2020.png,Collio,Schiopetto,"tree fruit, earth, citrus fruit, tropical fruit, microbio, oak, non oak, spices, vegetal, floral, dried fruit, red fruit","Shellfish, Vegetarian, Mushrooms, Aperitif",Pinot Grigio
The Federalist Zinfandel Bourbon Barrel Aged 2021,United States,22.99,3.8,images/The_Federalist_Zinfandel_Bourbon_Barrel_Aged_2021.png,images/bottle_The_Federalist_Zinfandel_Bourbon_Barrel_Age.png,Mendocino County,The Federalist,"oak, non oak, spices, red fruit, earth, black fruit, microbio, dried fruit, vegetal, floral, tree fruit, citrus fruit, tropical fruit","Beef, Lamb, Poultry",Zinfandel
Bel Lago Pinot Grigio 2023,United States,22,3.9,images/Bel_Lago_Pinot_Grigio_2023.jpg,,Leelanau Peninsula,Bel Lago,"citrus fruit, microbio, oak, black fruit, tree fruit, vegetal, non oak","Pork, Shellfish, Vegetarian, Poultry, Appetizers and snacks, Lean fish",
The Simple Grape Pinot Grigio 2022,United States,14.99,3.8,images/The_Simple_Grape_Pinot_Grigio_2022.png,images/bottle_The_Simple_Grape_Pinot_Grigio_2022.png,California,The Simple Grape,"citrus fruit, tree fruit","Pork, Spicy food, Mushrooms, Cured Meat",Pinot Gris
Henry Marionnet Renaissance Touraine 2018,France,35.99,4,images/Henry_Marionnet_Renaissance_Touraine_2018.png,images/bottle_Henry_Marionnet_Renaissance_Touraine_2018.png,Touraine,Henry Marionnet,"red fruit, oak, spices, non oak, earth, black fruit, dried fruit, floral, microbio, vegetal","Lamb, Pork, Poultry, Goat's Milk Cheese","Cabernet Sauvignon, Cabernet Franc, Pinot Noir, Gamay, Grolleau, Côt, Pineau D'Aunis"
Cline Old Vines Zinfandel 2022,United States,13.99,3.7,images/Cline_Old_Vines_Zinfandel_2022.png,images/bottle_Cline_Old_Vines_Zinfandel_2022.png,Lodi,Cline,"black fruit, oak, red fruit, non oak, spices, earth, dried fruit, microbio, vegetal, tree fruit, floral","Beef, Lamb, Poultry",Zinfandel
Four Vines Old Vine Zinfandel (Truant) 2021,United States,14.99,3.8,images/Four_Vines_Old_Vine_Zinfandel_Truant_2021.png,images/bottle_Four_Vines_Old_Vine_Zinfandel_Truant_2021.png,California,Four Vines,"oak, black fruit, non oak, red fruit, earth, spices, microbio, dried fruit, floral, vegetal, tree fruit, citrus fruit, tropical fruit","Beef, Lamb, Poultry",Zinfandel
Radikon Sivi Pinot Grigio 2022,Italy,49.99,4,images/Radikon_Sivi_Pinot_Grigio_2022.png,images/bottle_Radikon_Sivi_Pinot_Grigio_2022.png,Friuli-Venezia Giulia,Radikon,"citrus fruit, red fruit, earth, tree fruit, vegetal, oak, spices, microbio, non oak, dried fruit, floral, black fruit, tropical fruit","Shellfish, Vegetarian, Mushrooms, Aperitif",Pinot Grigio
Passalacqua Bacigalupi Vineyard Zinfandel 2023,United States,58,4.2,images/Passalacqua_Bacigalupi_Vineyard_Zinfandel_2023.jpg,,Sonoma County,Passalacqua,"red fruit, spices, oak, earth, non oak, black fruit","Beef, Lamb, Poultry",Zinfandel
Marc Delienne Abbaye Road 2019,France,55,4,images/Marc_Delienne_Abbaye_Road_2019.png,images/bottle_Marc_Delienne_Abbaye_Road_2019.png,Fleurie,Marc Delienne,"red fruit, earth, oak, black fruit, non oak, spices, floral, microbio, vegetal, citrus fruit, tropical fruit","Pasta, Veal, Pork, Poultry, Cured Meat",Gamay
Domaine de la Grand'Cour - Jean Louis Dutraive Cuvée Vieilles Vignes Fleurie 'Le Clos' 2020,France,112,4.2,images/Domaine_de_la_GrandCour_Jean_Louis_Dutraive_Cuve_V.png,images/bottle_Domaine_de_la_GrandCour_Jean_Louis_Dutraive.png,Fleurie,Domaine de la Grand'Cour - Jean Louis Dutraive,"red fruit, earth, black fruit, oak, non oak, spices, citrus fruit, microbio, floral, dried fruit, tropical fruit, vegetal, tree fruit","Pasta, Veal, Pork, Poultry, Cured Meat",Gamay
Wilson Reserve Zinfandel 2022,United States,32,4.2,images/Wilson_Reserve_Zinfandel_2022.jpg,,Dry Creek Valley,Wilson,"red fruit, earth, oak, black fruit, non oak, citrus fruit, spices","Beef, Lamb, Poultry",Zinfandel
Paul Henri Thillardon Chassignol Chénas 2019,France,53,4,images/Paul_Henri_Thillardon_Chassignol_Chnas_2019.png,images/bottle_Paul_Henri_Thillardon_Chassignol_Chnas_2019.png,Chénas,Paul Henri Thillardon,"red fruit, earth, spices, oak, non oak, black fruit, floral, microbio, citrus fruit, tropical fruit, vegetal, dried fruit","Pasta, Veal, Pork, Poultry, Cured Meat",Gamay
Andretti Pinot Grigio 2023,United States,53,3.5,images/Andretti_Pinot_Grigio_2023.jpg,,Napa Valley,Andretti,"tree fruit, citrus fruit, red fruit, floral, vegetal, earth, microbio, non oak","Pork, Spicy food, Mushrooms, Cured Meat",Pinot Gris
Ridge Vineyards Dusi Ranch Paso Robles Zinfandel Late Harvest 1978,United States,365,4.2,images/Ridge_Vineyards_Dusi_Ranch_Paso_Robles_Zinfandel_L.png,images/bottle_Ridge_Vineyards_Dusi_Ranch_Paso_Robles_Zinf.png,Paso Robles,Ridge Vineyards,"black fruit, dried fruit, red fruit, microbio","Sweet desserts, Mild and soft cheese, Fruity desserts, Blue cheese",
Turley Dusi Vineyard Zinfandel 2021,United States,54.99,4.3,images/Turley_Dusi_Vineyard_Zinfandel_2021.png,images/bottle_Turley_Dusi_Vineyard_Zinfandel_2021.png,Paso Robles,Turley,"black fruit, red fruit, oak, spices, non oak, earth, dried fruit, microbio, tree fruit, floral, vegetal, citrus fruit","Beef, Lamb, Poultry",Zinfandel
Julien Sunier Wild Soul 2022,France,24.99,3.9,images/Julien_Sunier_Wild_Soul_2022.png,images/bottle_Julien_Sunier_Wild_Soul_2022.png,Beaujolais,Julien Sunier,"red fruit, earth, spices, oak, black fruit, microbio, tropical fruit, non oak, vegetal, tree fruit, citrus fruit, floral","Pasta, Veal, Pork, Poultry, Cured Meat",Gamay
Bobcat Bobcat Zinfandel 2022,United States,48,4.6,images/Bobcat_Bobcat_Zinfandel_2022.jpg,,Sonoma Valley,Bobcat,"red fruit, spices, oak","Beef, Lamb, Poultry",Zinfandel
Turley Estate Zinfandel 2021,United States,45,4.2,images/Turley_Estate_Zinfandel_2021.png,images/bottle_Turley_Estate_Zinfandel_2021.png,Napa Valley,Turley,"oak, black fruit, red fruit, spices, non oak, earth, microbio, dried fruit, citrus fruit, floral, vegetal, tree fruit","Beef, Lamb, Poultry",Zinfandel
Ridge Vineyards Coast Range Zinfandel 1997,United States,115,4.1,images/Ridge_Vineyards_Coast_Range_Zinfandel_1997.png,images/bottle_Ridge_Vineyards_Coast_Range_Zinfandel_1997.png,California,Ridge Vineyards,"black fruit, red fruit, oak, citrus fruit, earth, non oak","Beef, Lamb, Poultry",Zinfandel
Potomac Point Petit Verdot 2019,United States,32,3.9,images/Potomac_Point_Petit_Verdot_2019.jpg,,Virginia,Potomac Point,"oak, red fruit, earth, non oak, spices, black fruit, floral","Beef, Veal, Game (deer, venison), Vegetarian, Mushrooms",
Scarbolo ILRamato 2022,Italy,24.99,3.9,images/Scarbolo_ILRamato_2022.png,images/bottle_Scarbolo_ILRamato_2022.png,Friuli,Scarbolo,"citrus fruit, tree fruit, earth, red fruit, microbio, floral, oak, spices, vegetal, non oak, tropical fruit, black fruit, dried fruit","Shellfish, Vegetarian, Mushrooms, Aperitif",Pinot Grigio
Turley Juvenile Zinfandel 2023,United States,29.99,4.2,images/Turley_Juvenile_Zinfandel_2023.png,images/bottle_Turley_Juvenile_Zinfandel_2023.png,California,Turley,"black fruit, oak, red fruit, spices, non oak, earth, dried fruit, microbio, floral, vegetal, citrus fruit, tree fruit, tropical fruit","Beef, Lamb, Poultry",Zinfandel
Elk Cove Pinot Gris 2023,United States,19.99,4,images/Elk_Cove_Pinot_Gris_2023.png,images/bottle_Elk_Cove_Pinot_Gris_2023.png,Willamette Valley,Elk Cove,"tree fruit, citrus fruit, earth, tropical fruit, oak, microbio, spices, vegetal, non oak, floral, red fruit, black fruit, dried fruit","Pork, Spicy food, Mushrooms, Cured Meat",Pinot Gris
Sokol Blosser Estate Pinot Gris 2022,United States,22.99,3.9,images/Sokol_Blosser_Estate_Pinot_Gris_2022.png,images/bottle_Sokol_Blosser_Estate_Pinot_Gris_2022.png,Willamette Valley,Sokol Blosser,"tree fruit, citrus fruit, earth, microbio, non oak, floral, oak, tropical fruit, vegetal, spices, dried fruit","Pork, Spicy food, Mushrooms, Cured Meat",Pinot Gris
Robert Biale Vineyards Falleri Vineyard Zinfandel 2023,United States,68,4.2,images/Robert_Biale_Vineyards_Falleri_Vineyard_Zinfandel_.png,images/bottle_Robert_Biale_Vineyards_Falleri_Vineyard_Zin.png,Calistoga,Robert Biale Vineyards,"red fruit, spices, black fruit, dried fruit, citrus fruit, non oak, oak","Beef, Lamb, Poultry",Zinfandel
Chrysalis Vineyards Hollin Reserve Petit Verdot 2020,United States,45,3.9,images/Chrysalis_Vineyards_Hollin_Reserve_Petit_Verdot_20.jpg,,Virginia,Chrysalis Vineyards,"black fruit, oak, red fruit, spices, earth, non oak, vegetal, floral, microbio, dried fruit","Beef, Veal, Game (deer, venison), Vegetarian, Mushrooms",
Once & Future Oakley Road Vineyard Zinfandel 2019,United States,59.99,4.1,images/Once_Future_Oakley_Road_Vineyard_Zinfandel_2019.png,images/bottle_Once_Future_Oakley_Road_Vineyard_Zinfandel_.png,Contra Costa County,Once & Future,"black fruit, oak, red fruit, non oak, spices, earth, dried fruit, floral, vegetal","Beef, Lamb, Poultry",Zinfandel
Les Bertrand Les Bambins Saint-Amour 2022,France,28,4,images/Les_Bertrand_Les_Bambins_Saint_Amour_2022.png,images/bottle_Les_Bertrand_Les_Bambins_Saint_Amour_2022.png,Saint-Amour,Les Bertrand,"red fruit, earth, oak, black fruit, microbio, floral, spices, non oak, tree fruit, tropical fruit, citrus fruit, vegetal, dried fruit","Pasta, Veal, Pork, Poultry, Cured Meat",Gamay
Bastian Wolber Laisse Tomber Gamay 2022,France,119,4.3,images/Bastian_Wolber_Laisse_Tomber_Gamay_2022.jpg,,Vin de France,Bastian Wolber,,,
Four Virtues Bourbon Barrel Aged Zinfandel 2021,United States,17.99,4.1,images/Four_Virtues_Bourbon_Barrel_Aged_Zinfandel_2021.png,images/bottle_Four_Virtues_Bourbon_Barrel_Aged_Zinfandel_.png,Lodi,Four Virtues,"oak, non oak, spices, earth, black fruit, red fruit, microbio, dried fruit, tree fruit, vegetal, floral, citrus fruit","Beef, Lamb, Poultry",Zinfandel
FitVine Pinot Grigio 2017,United States,13.99,3.2,images/FitVine_Pinot_Grigio_2017.png,images/bottle_FitVine_Pinot_Grigio_2017.png,California,FitVine,"tree fruit, citrus fruit, earth, oak, vegetal, microbio, tropical fruit, spices","Pork, Spicy food, Mushrooms, Cured Meat",Pinot Gris
Pascal Aufranc Chénas 2020,France,15,3.8,images/Pascal_Aufranc_Chnas_2020.png,images/bottle_Pascal_Aufranc_Chnas_2020.png,Chénas,Pascal Aufranc,"red fruit, earth, spices, oak, black fruit, non oak, vegetal, floral, dried fruit, citrus fruit, microbio, tropical fruit","Pasta, Veal, Pork, Poultry, Cured Meat",Gamay
Field Recordings Loomis No. 1 Zinfandel 2021,United States,55,4,images/Field_Recordings_Loomis_No_1_Zinfandel_2021.jpg,,Paso Robles,Field Recordings,"red fruit, oak, black fruit, non oak, spices, earth, dried fruit, tree fruit, floral","Beef, Lamb, Poultry",Zinfandel
Villa Toscano Centurion Old Vine Zinfandel 2020,United States,50,4.1,images/Villa_Toscano_Centurion_Old_Vine_Zinfandel_2020.jpg,,California Shenandoah Valley,Villa Toscano,"spices, black fruit, floral, vegetal, earth, non oak, oak","Beef, Lamb, Poultry",Zinfandel
Robert Biale Vineyards Valsecchi Vineyard Zinfandel 2023,United States,65,4.4,images/Robert_Biale_Vineyards_Valsecchi_Vineyard_Zinfande.png,images/bottle_Robert_Biale_Vineyards_Valsecchi_Vineyard_Z.png,Los Carneros,Robert Biale Vineyards,"black fruit, red fruit, earth, spices, non oak, oak","Beef, Lamb, Poultry",Zinfandel
Maison Noir Free Gamay 2022,United States,25.99,3.9,images/Maison_Noir_Free_Gamay_2022.jpg,,Willamette Valley,Maison Noir,,"Vegetarian, Mushrooms",
Domaine Franck Besson Juliénas Le Griottier 2022,France,24.99,3.8,images/Domaine_Franck_Besson_Julinas_Le_Griottier_2022.png,images/bottle_Domaine_Franck_Besson_Julinas_Le_Griottier_.png,Juliénas,Domaine Franck Besson,"black fruit, red fruit, tree fruit, spices, oak, citrus fruit, floral, vegetal, earth, microbio, non oak","Pasta, Veal, Pork, Poultry, Cured Meat",Gamay
Tulocay Zinfandel 2022,United States,45,4.2,images/Tulocay_Zinfandel_2022.jpg,,Amador County,Tulocay,"oak, non oak, black fruit, red fruit, spices, earth, dried fruit","Beef, Lamb, Poultry",Zinfandel
Bellande Pinot Gris 2022,United States,19.99,3.9,images/Bellande_Pinot_Gris_2022.jpg,,Willamette Valley,Bellande,"tree fruit, spices, microbio, oak, citrus fruit, earth, non oak","Pork, Spicy food, Mushrooms, Cured Meat",Pinot Gris
02Y Vinum Bibo 2021,France,44,3.9,images/02Y_Vinum_Bibo_2021.jpg,,Vin de France,02Y,"red fruit, tree fruit, spices, non oak, oak",,
Domaine de la Prébende Beaujolais Rouge 2023,France,19.99,3.7,images/Domaine_de_la_Prbende_Beaujolais_Rouge_2023.png,images/bottle_Domaine_de_la_Prbende_Beaujolais_Rouge_2023.png,Beaujolais,Domaine de la Prébende,"red fruit, earth, oak, black fruit, spices, microbio, non oak, floral, vegetal, tropical fruit, dried fruit, citrus fruit","Pasta, Veal, Pork, Poultry, Cured Meat",Gamay
Domaine de Boischampt Saint-Amour 2019,France,34.99,3.9,images/Domaine_de_Boischampt_Saint_Amour_2019.png,images/bottle_Domaine_de_Boischampt_Saint_Amour_2019.png,Saint-Amour,Domaine de Boischampt,red fruit,"Pasta, Veal, Pork, Poultry, Cured Meat",Gamay
Clos Pegase Petit Verdot 2021,United States,78,4.4,images/Clos_Pegase_Petit_Verdot_2021.jpg,,Napa Valley,Clos Pegase,"black fruit, oak, red fruit, spices, earth, non oak",,
Ingleside Petit Verdot 2022,United States,32.95,4,images/Ingleside_Petit_Verdot_2022.jpg,,Virginia,Ingleside,"oak, black fruit, earth, non oak, red fruit, spices, floral, microbio","Beef, Veal, Game (deer, venison), Vegetarian, Mushrooms",
Domaine Lafarge Vial Fleurie Clos Vernay 2016,France,35,3.9,images/Domaine_Lafarge_Vial_Fleurie_Clos_Vernay_2016.png,images/bottle_Domaine_Lafarge_Vial_Fleurie_Clos_Vernay_20.png,Fleurie,Domaine Lafarge Vial,"red fruit, oak, non oak, spices, earth, black fruit, microbio, floral, tropical fruit, vegetal, dried fruit, tree fruit","Pasta, Veal, Pork, Poultry, Cured Meat",Gamay
Crane Lake Pinot Grigio 2018,United States,10.56,3.4,images/Crane_Lake_Pinot_Grigio_2018.png,images/bottle_Crane_Lake_Pinot_Grigio_2018.png,California,Crane Lake,"tree fruit, citrus fruit, oak, vegetal, earth, tropical fruit, red fruit, spices, floral, microbio, non oak","Pork, Spicy food, Mushrooms, Cured Meat",Pinot Gris
HandCraft Pinot Grigio 2015,United States,10.99,3.6,images/HandCraft_Pinot_Grigio_2015.png,images/bottle_HandCraft_Pinot_Grigio_2015.png,California,HandCraft,"tree fruit, citrus fruit, tropical fruit, earth, microbio, floral, vegetal, oak","Pork, Spicy food, Mushrooms, Cured Meat",Pinot Gris
Ledson Dry Creek Valley Old Vine Reserve Zinfandel 2019,United States,64,4.2,images/Ledson_Dry_Creek_Valley_Old_Vine_Reserve_Zinfandel.jpg,,Dry Creek Valley,Ledson,"black fruit, spices, oak, red fruit, microbio, non oak","Beef, Lamb, Poultry",Zinfandel
Turley Ueberroth Zinfandel 2021,United States,67.99,4.2,images/Turley_Ueberroth_Zinfandel_2021.png,images/bottle_Turley_Ueberroth_Zinfandel_2021.png,Paso Robles,Turley,"red fruit, black fruit, oak, spices, earth, non oak, dried fruit, microbio, tree fruit, citrus fruit, vegetal, floral, tropical fruit","Beef, Lamb, Poultry",Zinfandel
AmByth Estate CrossLynn Estate Zinfandel 2018,United States,32,3.7,images/AmByth_Estate_CrossLynn_Estate_Zinfandel_2018.jpg,,Paso Robles,AmByth Estate,"dried fruit, red fruit, spices, black fruit, earth, oak, non oak","Beef, Lamb, Poultry",Zinfandel
Jean Foillard Eponym' Morgon 2021,France,56,4.2,images/Jean_Foillard_Eponym_Morgon_2021.png,images/bottle_Jean_Foillard_Eponym_Morgon_2021.png,Morgon,Jean Foillard,"red fruit, earth, oak, black fruit, spices, floral, non oak, microbio, vegetal, citrus fruit, tropical fruit, dried fruit, tree fruit","Pasta, Veal, Pork, Poultry, Cured Meat",Gamay
Wilson Buzz Reserve Zinfandel 2022,United States,60,4.4,images/Wilson_Buzz_Reserve_Zinfandel_2022.jpg,,Dry Creek Valley,Wilson,"spices, earth, black fruit, non oak, oak","Beef, Lamb, Poultry",Zinfandel
Alex Foillard Beaujolais-Villages 2023,France,29.99,4,images/Alex_Foillard_Beaujolais_Villages_2023.jpg,,Beaujolais-Villages,Alex Foillard,"red fruit, earth, spices, oak, black fruit, non oak, dried fruit, vegetal, floral, microbio, tropical fruit, citrus fruit","Pasta, Veal, Pork, Poultry, Cured Meat",Gamay
Pighin Pinot Grigio Friuli Grave 2022,Italy,14.99,3.6,images/Pighin_Pinot_Grigio_Friuli_Grave_2022.png,images/bottle_Pighin_Pinot_Grigio_Friuli_Grave_2022.png,Friuli Grave,Pighin,"citrus fruit, tree fruit, earth, tropical fruit, vegetal, microbio, oak, spices, non oak, floral, black fruit","Shellfish, Vegetarian, Mushrooms, Aperitif",Pinot Grigio
Wilson Grower Series Treborce Zinfandel Reserve 2022,United States,60,4.4,images/Wilson_Grower_Series_Treborce_Zinfandel_Reserve_20.jpg,,Sonoma County,Wilson,"oak, black fruit, red fruit, spices, non oak, earth, dried fruit, floral","Beef, Lamb, Poultry",Zinfandel
Lytton Springs Winery Zinfandel 1991,United States,129,4.2,images/Lytton_Springs_Winery_Zinfandel_1991.jpg,,Sonoma Coast,Lytton Springs Winery,"black fruit, dried fruit, red fruit, spices, earth, non oak, oak","Beef, Lamb, Poultry",Zinfandel
Domaine Lafarge Vial Côte de Brouilly 2019,France,35,4.1,images/Domaine_Lafarge_Vial_Cte_de_Brouilly_2019.png,images/bottle_Domaine_Lafarge_Vial_Cte_de_Brouilly_2019.png,Côte de Brouilly,Domaine Lafarge Vial,"oak, red fruit, spices, non oak, earth, black fruit, floral, dried fruit, vegetal, microbio, tree fruit","Pasta, Veal, Pork, Poultry, Cured Meat",Gamay
L'Ecole No 41 Sémillon 2022,United States,19.99,3.7,images/LEcole_No_41_Smillon_2022.png,images/bottle_LEcole_No_41_Smillon_2022.png,Columbia Valley,L'Ecole No 41,"tree fruit, citrus fruit, earth, oak, microbio, non oak, tropical fruit, floral, spices, vegetal, dried fruit, black fruit, red fruit",,
Clos de la Roilette Cuvée Tardive Fleurie 2023,France,31.99,4,images/Clos_de_la_Roilette_Cuve_Tardive_Fleurie_2023.png,images/bottle_Clos_de_la_Roilette_Cuve_Tardive_Fleurie_20.png,Fleurie,Clos de la Roilette,"red fruit, earth, black fruit, oak, spices, non oak, floral, microbio, vegetal, dried fruit, tropical fruit, citrus fruit, tree fruit","Pasta, Veal, Pork, Poultry, Cured Meat",Gamay
Amapola Creek Monte Rosso Vineyards Zinfandel 2016,United States,29.99,4.2,images/Amapola_Creek_Monte_Rosso_Vineyards_Zinfandel_2016.png,images/bottle_Amapola_Creek_Monte_Rosso_Vineyards_Zinfand.png,Sonoma Valley,Amapola Creek,"black fruit, oak, spices, red fruit, earth, non oak, dried fruit, floral, vegetal, microbio, tree fruit, citrus fruit","Beef, Lamb, Poultry",Zinfandel
The Eyrie Vineyards Pinot Gris 2021,United States,59.99,4,images/The_Eyrie_Vineyards_Pinot_Gris_2021.png,images/bottle_The_Eyrie_Vineyards_Pinot_Gris_2021.png,Dundee Hills,The Eyrie Vineyards,"tree fruit, earth, citrus fruit, oak, microbio, non oak, tropical fruit, spices, vegetal, floral, red fruit","Pork, Spicy food, Mushrooms, Cured Meat",Pinot Gris
Domaine Marcel Lapierre Roche du Py Morgon Camille 2023,France,69,4.1,images/Domaine_Marcel_Lapierre_Roche_du_Py_Morgon_Camille.png,images/bottle_Domaine_Marcel_Lapierre_Roche_du_Py_Morgon_.png,Morgon,Domaine Marcel Lapierre,"red fruit, oak, earth, black fruit, non oak, spices, microbio, tropical fruit, vegetal, citrus fruit, tree fruit, dried fruit, floral","Pasta, Veal, Pork, Poultry, Cured Meat",Gamay
Albino Armani Pinot Grigio Delle Venezie 2023,Italy,14.97,3.6,images/Albino_Armani_Pinot_Grigio_Delle_Venezie_2023.png,images/bottle_Albino_Armani_Pinot_Grigio_Delle_Venezie_20.png,delle Venezie,Albino Armani,"tree fruit, citrus fruit, earth, vegetal, microbio, tropical fruit, spices, oak","Shellfish, Vegetarian, Mushrooms, Aperitif",Pinot Grigio
Loxton Stonetree Vineyard Zinfandel 2022,United States,35,3.8,images/Loxton_Stonetree_Vineyard_Zinfandel_2022.jpg,,Sonoma County,Loxton,"earth, oak, spices, black fruit, dried fruit, red fruit, microbio, non oak","Beef, Lamb, Poultry",Zinfandel
di Lenardo Pinot Grigio (Monovitigno) 2023,Italy,14.99,3.9,images/di_Lenardo_Pinot_Grigio_Monovitigno_2023.png,images/bottle_di_Lenardo_Pinot_Grigio_Monovitigno_2023.png,Venezia Giulia,di Lenardo,"tree fruit, citrus fruit, earth, microbio, tropical fruit, vegetal, non oak, oak, floral, spices, dried fruit, red fruit","Shellfish, Vegetarian, Mushrooms, Aperitif",Pinot Grigio
Ministry of The Vinterior Old Vine Zinfandel 2019,United States,18.99,3.8,images/Ministry_of_The_Vinterior_Old_Vine_Zinfandel_2019.jpg,,Amador County,Ministry of The Vinterior,"black fruit, red fruit, citrus fruit, spices, earth, non oak, oak","Beef, Lamb, Poultry",Zinfandel
Turley Rattlesnake Ridge Zinfandel 2021,United States,59.99,4.3,images/Turley_Rattlesnake_Ridge_Zinfandel_2021.png,images/bottle_Turley_Rattlesnake_Ridge_Zinfandel_2021.png,Howell Mountain,Turley,"black fruit, spices, oak, earth, red fruit, non oak, dried fruit, floral, microbio, vegetal, citrus fruit, tree fruit","Beef, Lamb, Poultry",Zinfandel
Modeano Pinot Grigio 2023,Italy,14.99,3.5,images/Modeano_Pinot_Grigio_2023.png,images/bottle_Modeano_Pinot_Grigio_2023.png,Venezia Giulia,Modeano,"tree fruit, citrus fruit","Shellfish, Vegetarian, Mushrooms, Aperitif",Pinot Grigio
Grégoire Hoppenot Fleurie Origines 2023,France,24.99,4.2,images/Grgoire_Hoppenot_Fleurie_Origines_2023.png,images/bottle_Grgoire_Hoppenot_Fleurie_Origines_2023.png,Fleurie,Grégoire Hoppenot,"red fruit, earth, black fruit, oak, spices, non oak, floral, microbio, tropical fruit, citrus fruit, dried fruit, tree fruit, vegetal","Pasta, Veal, Pork, Poultry, Cured Meat",Gamay
Tobin James Cellars Zinfandel French Camp Vineyard 2020,United States,38,4.2,images/Tobin_James_Cellars_Zinfandel_French_Camp_Vineyard.png,images/bottle_Tobin_James_Cellars_Zinfandel_French_Camp_V.png,Paso Robles,Tobin James Cellars,"black fruit, red fruit, spices, oak, earth, non oak, dried fruit, microbio, vegetal, tree fruit, floral, citrus fruit","Beef, Lamb, Poultry",Zinfandel
Domaine Vavril Cuvée de Chatenay Chiroubles 2023,France,21,3.9,images/Domaine_Vavril_Cuve_de_Chatenay_Chiroubles_2023.png,images/bottle_Domaine_Vavril_Cuve_de_Chatenay_Chiroubles_.png,Chiroubles,Domaine Vavril,"black fruit, red fruit, earth, dried fruit, spices, floral, non oak, oak","Pasta, Veal, Pork, Poultry, Cured Meat",Gamay
Louis Jadot Château des Jacques Moulin-a-Vent Clos du Grand Carquelin 2020,France,69,4,images/Louis_Jadot_Chteau_des_Jacques_Moulin_a_Vent_Clos_.png,images/bottle_Louis_Jadot_Chteau_des_Jacques_Moulin_a_Ven.png,Moulin-à-Vent,Louis Jadot,"red fruit, oak, earth, black fruit, spices, non oak, microbio, floral, dried fruit, vegetal","Pasta, Veal, Pork, Poultry, Cured Meat",Gamay
Paul Blanck Pinot Gris Alsace 2020,France,26.99,3.8,images/Paul_Blanck_Pinot_Gris_Alsace_2020.png,images/bottle_Paul_Blanck_Pinot_Gris_Alsace_2020.png,Alsace,Paul Blanck,"tree fruit, citrus fruit, earth, microbio, vegetal, oak, tropical fruit, non oak, spices, floral, dried fruit","Pork, Spicy food, Mushrooms, Cured Meat",Pinot Gris
Domaine Vignes du Maynes Mâcon-Cruzille Manganite 2022,France,69,4.1,images/Domaine_Vignes_du_Maynes_Mcon_Cruzille_Manganite_2.png,images/bottle_Domaine_Vignes_du_Maynes_Mcon_Cruzille_Mang.png,Mâcon-Cruzille,Domaine Vignes du Maynes,"red fruit, earth, black fruit, spices, oak, microbio, non oak, dried fruit, citrus fruit, floral, tree fruit, vegetal","Beef, Veal, Game (deer, venison), Poultry",Pinot Noir
Ingleside Pinot Grigio 2024,United States,21.95,3.4,images/Ingleside_Pinot_Grigio_2024.jpg,,Northern Neck George Washington Birthplace,Ingleside,"tree fruit, earth, citrus fruit, spices, microbio, non oak, oak","Pork, Shellfish, Poultry, Appetizers and snacks, Lean fish",
Tobin James Cellars Zinfandel Dusi Vineyard 2020,United States,38,4.2,images/Tobin_James_Cellars_Zinfandel_Dusi_Vineyard_2020.jpg,,Paso Robles,Tobin James Cellars,"oak, black fruit, spices, red fruit, non oak, earth, dried fruit, microbio, floral, vegetal, tree fruit","Beef, Lamb, Poultry",Zinfandel
Kim Crawford Pinot Gris (Pinot Grigio) 2023,New Zealand,15.99,3.6,images/Kim_Crawford_Pinot_Gris_Pinot_Grigio_2023.png,images/bottle_Kim_Crawford_Pinot_Gris_Pinot_Grigio_2023.png,Marlborough,Kim Crawford,"tree fruit, citrus fruit, tropical fruit, earth, microbio, oak, floral, vegetal, spices, non oak, red fruit, black fruit","Pork, Spicy food, Mushrooms, Cured Meat",Pinot Gris
Frey Organic Pinot Grigio 2022,United States,15.99,3.3,images/Frey_Organic_Pinot_Grigio_2022.png,images/bottle_Frey_Organic_Pinot_Grigio_2022.png,Mendocino,Frey,citrus fruit,"Pork, Spicy food, Mushrooms, Cured Meat",Pinot Gris
Francois Rousset-Martin Barbe Fleurie Gamay 2022,France,58,4.1,images/Francois_Rousset_Martin_Barbe_Fleurie_Gamay_2022.jpg,,Vin de France,Francois Rousset-Martin,,,
Domaine Les Garçons Beaujolais-Villages Rouge 2022,France,33,3.9,images/Domaine_Les_Garons_Beaujolais_Villages_Rouge_2022.png,images/bottle_Domaine_Les_Garons_Beaujolais_Villages_Roug.png,Beaujolais-Villages,Domaine Les Garçons,,"Pasta, Veal, Pork, Poultry, Cured Meat",Gamay
Lujon Pinot Gris 2023,United States,16,3.5,images/Lujon_Pinot_Gris_2023.png,images/bottle_Lujon_Pinot_Gris_2023.png,Willamette Valley,Lujon,"tree fruit, earth, citrus fruit, vegetal, non oak, spices, oak","Pork, Spicy food, Mushrooms, Cured Meat",Pinot Gris
Avio Pinot Grigio 2024,Italy,26,3.4,images/Avio_Pinot_Grigio_2024.jpg,,Trentino,Avio,"citrus fruit, spices, vegetal, earth, non oak, oak","Shellfish, Vegetarian, Mushrooms, Aperitif",Pinot Grigio
Turley Del Barba Vineyards Zinfandel 2021,United States,32,4.2,images/Turley_Del_Barba_Vineyards_Zinfandel_2021.png,images/bottle_Turley_Del_Barba_Vineyards_Zinfandel_2021.png,Contra Costa County,Turley,,"Beef, Lamb, Poultry",Zinfandel
Domaine des Gaudets Morgon 'Côte du Py' 2018,France,19.99,3.8,images/Domaine_des_Gaudets_Morgon_Cte_du_Py_2018.png,images/bottle_Domaine_des_Gaudets_Morgon_Cte_du_Py_2018.png,Morgon,Domaine des Gaudets,"red fruit, earth, oak, black fruit, spices, floral, non oak, citrus fruit, microbio","Pasta, Veal, Pork, Poultry, Cured Meat",Gamay
Richard Rottiers Moulin à Vent 'Les Thorins' 2021,France,22,4,images/Richard_Rottiers_Moulin_Vent_Les_Thorins_2021.png,images/bottle_Richard_Rottiers_Moulin_Vent_Les_Thorins_20.png,Moulin-à-Vent,Richard Rottiers,"red fruit, black fruit, oak, vegetal, earth, non oak","Pasta, Veal, Pork, Poultry, Cured Meat",Gamay
Louis Jadot Château des Jacques Morgon Côte du Py 2020,France,29,4.1,images/Louis_Jadot_Chteau_des_Jacques_Morgon_Cte_du_Py_20.png,images/bottle_Louis_Jadot_Chteau_des_Jacques_Morgon_Cte_d.png,Morgon,Louis Jadot,"red fruit, black fruit, earth, oak, non oak, spices, floral, microbio, vegetal, tree fruit, tropical fruit, citrus fruit, dried fruit","Pasta, Veal, Pork, Poultry, Cured Meat",Gamay
Le Monde Pinot Grigio 2022,Italy,17.99,3.6,images/Le_Monde_Pinot_Grigio_2022.png,images/bottle_Le_Monde_Pinot_Grigio_2022.png,Friuli Grave,Le Monde,"tree fruit, citrus fruit, earth, microbio, oak, non oak, vegetal, tropical fruit, spices, floral, red fruit, dried fruit","Shellfish, Vegetarian, Mushrooms, Aperitif",Pinot Grigio
Charly Thévenet Grain & Granit Régnié 2022,France,33.99,4,images/Charly_Thvenet_Grain_Granit_Rgni_2022.png,images/bottle_Charly_Thvenet_Grain_Granit_Rgni_2022.png,Régnié,Charly Thévenet,"red fruit, earth, oak, black fruit, spices, non oak, vegetal, floral, microbio, dried fruit, citrus fruit, tropical fruit, tree fruit","Pasta, Veal, Pork, Poultry, Cured Meat",Gamay
Kiwi Cuvée Pinot Grigio 2023,Italy,12.97,3.2,images/Kiwi_Cuve_Pinot_Grigio_2023.jpg,,Veneto,Kiwi Cuvée,"tree fruit, citrus fruit","Shellfish, Vegetarian, Mushrooms, Aperitif",Pinot Grigio
Emmanuel Fellot Vigneron Beaujolais-Villages Rouge 2023,France,22.99,3.9,images/Emmanuel_Fellot_Vigneron_Beaujolais_Villages_Rouge.jpg,,Beaujolais-Villages,Emmanuel Fellot Vigneron,,"Pasta, Veal, Pork, Poultry, Cured Meat",Gamay
Yvon Métras Fleurie Vieilles Vignes 2023,France,79,4.1,images/Yvon_Mtras_Fleurie_Vieilles_Vignes_2023.jpg,,Fleurie,Yvon Métras,"black fruit, earth, microbio","Pasta, Veal, Pork, Poultry, Cured Meat",Gamay
L'Auratae Catarratto - Pinot Grigio 2023,Italy,13.97,3.7,images/LAuratae_Catarratto_Pinot_Grigio_2023.png,images/bottle_LAuratae_Catarratto_Pinot_Grigio_2023.png,Terre Siciliane,L'Auratae,"citrus fruit, tree fruit, earth, tropical fruit, vegetal, floral, microbio, spices, oak, black fruit, red fruit, non oak","Shellfish, Vegetarian, Appetizers and snacks","Malvasia, Fiano, Catarratto Bianco"
Golan Heights Winery Yarden Pinot Gris 2018,Israel,22,3.9,images/Golan_Heights_Winery_Yarden_Pinot_Gris_2018.png,images/bottle_Golan_Heights_Winery_Yarden_Pinot_Gris_2018.png,Galilee,Golan Heights Winery,"tree fruit, citrus fruit, earth, tropical fruit, microbio, oak, spices, vegetal, floral, non oak","Pasta, Vegetarian, Poultry, Appetizers and snacks, Lean fish, Goat's Milk Cheese",
Daniel Bouland Bellevue Sable Morgon 2022,France,42.99,4.1,images/Daniel_Bouland_Bellevue_Sable_Morgon_2022.png,images/bottle_Daniel_Bouland_Bellevue_Sable_Morgon_2022.png,Morgon,Daniel Bouland,"red fruit, black fruit, floral, microbio, spices, earth, oak, vegetal, dried fruit, tropical fruit, citrus fruit, non oak","Pasta, Veal, Pork, Poultry, Cured Meat",Gamay
Kings Ridge Pinot Gris 2023,United States,19.99,3.9,images/Kings_Ridge_Pinot_Gris_2023.png,images/bottle_Kings_Ridge_Pinot_Gris_2023.png,Willamette Valley,Kings Ridge,"tree fruit, citrus fruit, earth, tropical fruit, microbio, oak, floral, non oak, spices, vegetal, red fruit, black fruit, dried fruit","Pork, Spicy food, Mushrooms, Cured Meat",Pinot Gris
Surh Cellars Zinfandel 2022,United States,45,4.2,images/Surh_Cellars_Zinfandel_2022.jpg,,Napa Valley,Surh Cellars,"black fruit, red fruit, oak, spices","Beef, Lamb, Poultry",Zinfandel
Italo Cescon Pinot Grigio delle Venezie Il Tralcetto 2023,Italy,16.99,4.1,images/Italo_Cescon_Pinot_Grigio_delle_Venezie_Il_Tralcet.png,images/bottle_Italo_Cescon_Pinot_Grigio_delle_Venezie_Il_.png,delle Venezie,Italo Cescon,"tree fruit, citrus fruit, earth, microbio, oak, vegetal, tropical fruit, non oak, floral, spices, black fruit, red fruit, dried fruit","Shellfish, Vegetarian, Mushrooms, Aperitif",Pinot Grigio
Balistreri Late Harvest Zinfandel 2022,United States,20,4.1,images/Balistreri_Late_Harvest_Zinfandel_2022.jpg,,Colorado,Balistreri,"dried fruit, red fruit, spices",,
Bella Vineyards Westphall Vineyard Zinfandel 2021,United States,65,4.3,images/Bella_Vineyards_Westphall_Vineyard_Zinfandel_2021.jpg,,Rockpile,Bella Vineyards,"earth, oak, black fruit, vegetal","Beef, Lamb, Poultry",Zinfandel
Jean Marc Lafont - Domaine de Bel Air Beaujolais-Villages Nouveau 2023,France,18.99,3.9,images/Jean_Marc_Lafont_Domaine_de_Bel_Air_Beaujolais_Vil.png,images/bottle_Jean_Marc_Lafont_Domaine_de_Bel_Air_Beaujol.png,Beaujolais-Villages,Jean Marc Lafont - Domaine de Bel Air,"red fruit, floral, oak, black fruit, spices, non oak, tree fruit, earth, microbio","Poultry, Cured Meat",Gamay
Worlds Apart Wines Blue Eyes 2023,Australia,34.99,3.8,images/Worlds_Apart_Wines_Blue_Eyes_2023.jpg,,Adelaide Hills,Worlds Apart Wines,"black fruit, red fruit, spices, non oak, oak, citrus fruit",,
RR Wines Ridgecrest Pinot Gris 2023,United States,29.99,3.8,images/RR_Wines_Ridgecrest_Pinot_Gris_2023.png,images/bottle_RR_Wines_Ridgecrest_Pinot_Gris_2023.png,Oregon,RR Wines,"tree fruit, earth, citrus fruit, oak, dried fruit, microbio, non oak","Pork, Spicy food, Mushrooms, Cured Meat",Pinot Gris
Caloz La Mourziere les Côteaux de Sierre Gamay 2020,Switzerland,55,4,images/Caloz_La_Mourziere_les_Cteaux_de_Sierre_Gamay_2020.jpg,,Sierre,Caloz,"red fruit, tropical fruit, spices","Rich fish (salmon, tuna etc), Mature and hard cheese, Poultry, Mushrooms, Mild and soft cheese, Cured Meat",Gamay
Maloof Thistle Vineyard Pinot Gris 2022,United States,24.99,4.2,images/Maloof_Thistle_Vineyard_Pinot_Gris_2022.jpg,,Dundee Hills,Maloof,"citrus fruit, tree fruit, tropical fruit, oak, earth, spices, microbio, non oak, vegetal, floral","Pork, Spicy food, Mushrooms, Cured Meat",Pinot Gris
Once & Future Green & Red Vineyard Zinfandel 2019,United States,59.99,4.1,images/Once_Future_Green_Red_Vineyard_Zinfandel_2019.jpg,,Napa Valley,Once & Future,,"Beef, Lamb, Poultry",Zinfandel
J Dusi Pinot Grigio 2016,United States,20.7,3.6,images/J_Dusi_Pinot_Grigio_2016.png,images/bottle_J_Dusi_Pinot_Grigio_2016.png,Paso Robles,J Dusi,"citrus fruit, tree fruit, oak, tropical fruit, microbio, earth, spices, floral","Pork, Spicy food, Mushrooms, Cured Meat",Pinot Gris
Dashe Vineyard Select Zinfandel 2022,United States,25,3.7,images/Dashe_Vineyard_Select_Zinfandel_2022.png,images/bottle_Dashe_Vineyard_Select_Zinfandel_2022.png,California,Dashe,"red fruit, black fruit, oak, non oak, spices, earth, dried fruit, microbio, floral, vegetal","Beef, Lamb, Poultry",Zinfandel
Domaine Weinbach Pinot Gris Alsace Altenbourg Quintessence de Grains Noble Cuvée D'Or 2009,France,252,4.4,images/Domaine_Weinbach_Pinot_Gris_Alsace_Altenbourg_Quin.jpg,,Alsace,Domaine Weinbach,"citrus fruit, earth, microbio, oak","Mild and soft cheese, Fruity desserts, Blue cheese",Pinot Gris
Mayacamas Late Harvest Zinfandel 1976,United States,335,4.1,images/Mayacamas_Late_Harvest_Zinfandel_1976.png,images/bottle_Mayacamas_Late_Harvest_Zinfandel_1976.png,Napa Valley,Mayacamas,"dried fruit, black fruit, earth, non oak, oak","Sweet desserts, Mild and soft cheese, Fruity desserts, Blue cheese",
Trig Point Zinfandel (The Railyard) 2020,United States,23.99,4.1,images/Trig_Point_Zinfandel_The_Railyard_2020.png,images/bottle_Trig_Point_Zinfandel_The_Railyard_2020.png,Alexander Valley,Trig Point,"oak, red fruit, spices, black fruit, non oak, earth, dried fruit, microbio, citrus fruit","Beef, Lamb, Poultry",Zinfandel
Château Moulin Favre Cuvée Célina Vieilles Vignes Brouilly 2023,France,29.99,4.2,images/Chteau_Moulin_Favre_Cuve_Clina_Vieilles_Vignes_Bro.jpg,,Brouilly,Château Moulin Favre,,"Pasta, Veal, Pork, Poultry, Cured Meat",Gamay
Rocky Creek Cellars Zinfandel 2015,United States,60,3.2,images/Rocky_Creek_Cellars_Zinfandel_2015.jpg,,Paso Robles,Rocky Creek Cellars,"spices, non oak, oak, black fruit","Beef, Lamb, Poultry",Zinfandel
Saint Cyr Terroir de Bellevue Beaujolais 2022,France,29.99,3.9,images/Saint_Cyr_Terroir_de_Bellevue_Beaujolais_2022.png,images/bottle_Saint_Cyr_Terroir_de_Bellevue_Beaujolais_20.png,Beaujolais,Saint Cyr,"red fruit, earth, oak, black fruit, spices, non oak, microbio, floral, tropical fruit, tree fruit, vegetal","Pasta, Veal, Pork, Poultry, Cured Meat",Gamay
Conte Fini Pinot Grigio Valdadige 2023,Italy,17.97,4,images/Conte_Fini_Pinot_Grigio_Valdadige_2023.png,images/bottle_Conte_Fini_Pinot_Grigio_Valdadige_2023.png,Valdadige,Conte Fini,"tree fruit, citrus fruit, microbio, earth, tropical fruit, oak, floral, spices, vegetal, red fruit, non oak","Shellfish, Vegetarian, Mushrooms, Aperitif",Pinot Grigio
Andrian Pinot Grigio 2023,Italy,18.99,3.9,images/Andrian_Pinot_Grigio_2023.png,images/bottle_Andrian_Pinot_Grigio_2023.png,Südtirol - Alto Adige,Andrian,"tree fruit, citrus fruit, earth, tropical fruit, vegetal, microbio, oak, non oak, spices, floral, red fruit","Shellfish, Vegetarian, Mushrooms, Aperitif",Pinot Grigio
Arnot-Roberts Gamay Noir 2023,United States,35,4.2,images/Arnot_Roberts_Gamay_Noir_2023.png,images/bottle_Arnot_Roberts_Gamay_Noir_2023.png,El Dorado,Arnot-Roberts,"red fruit, earth, spices, oak, non oak, black fruit, microbio, citrus fruit, vegetal, floral, dried fruit, tropical fruit, tree fruit",,
Daniel Bouland Corcelette Vieilles Vignes Morgon 2022,France,49,4,images/Daniel_Bouland_Corcelette_Vieilles_Vignes_Morgon_2.png,images/bottle_Daniel_Bouland_Corcelette_Vieilles_Vignes_M.png,Morgon,Daniel Bouland,"red fruit, earth, black fruit, oak, non oak, spices, microbio, floral, tropical fruit, citrus fruit, dried fruit, vegetal","Pasta, Veal, Pork, Poultry, Cured Meat",Gamay
Campus Oaks Old Vine Zinfandel 2009,United States,14.27,3.5,images/Campus_Oaks_Old_Vine_Zinfandel_2009.png,images/bottle_Campus_Oaks_Old_Vine_Zinfandel_2009.png,Lodi,Campus Oaks,"oak, red fruit, black fruit, non oak, spices, earth, dried fruit, microbio, tree fruit, citrus fruit, tropical fruit, vegetal","Beef, Lamb, Poultry",Zinfandel
Guy Breton P'tit Max 2021,France,147.99,4.1,images/Guy_Breton_Ptit_Max_2021.png,images/bottle_Guy_Breton_Ptit_Max_2021.png,Morgon,Guy Breton,"red fruit, spices, earth, oak, non oak, microbio, black fruit, floral, dried fruit, citrus fruit, vegetal, tree fruit","Pasta, Veal, Pork, Poultry, Cured Meat",Gamay
Yohan Lardy Cru Moulin-a-Vent Les Michelons 2023,France,29.99,3.9,images/Yohan_Lardy_Cru_Moulin_a_Vent_Les_Michelons_2023.png,images/bottle_Yohan_Lardy_Cru_Moulin_a_Vent_Les_Michelons.png,Moulin-à-Vent,Yohan Lardy,"red fruit, earth, black fruit, oak, spices, non oak, floral, microbio, dried fruit, vegetal, tree fruit, citrus fruit","Pasta, Veal, Pork, Poultry, Cured Meat",Gamay
Tobin James Cellars Zinfandel Silver Reserve 2020,United States,52,4.3,images/Tobin_James_Cellars_Zinfandel_Silver_Reserve_2020.png,images/bottle_Tobin_James_Cellars_Zinfandel_Silver_Reserv.png,Paso Robles,Tobin James Cellars,"black fruit, red fruit, spices, oak, non oak, earth, dried fruit, microbio, tropical fruit, floral, vegetal","Beef, Lamb, Poultry",Zinfandel
Kudos Pinot Gris 2022,United States,18.97,4,images/Kudos_Pinot_Gris_2022.png,images/bottle_Kudos_Pinot_Gris_2022.png,Willamette Valley,Kudos,"tree fruit, citrus fruit, earth, microbio, vegetal, tropical fruit, oak, non oak, spices, floral","Pork, Spicy food, Mushrooms, Cured Meat",Pinot Gris
Teldeschi Zinfandel 2019,United States,60,4.1,images/Teldeschi_Zinfandel_2019.jpg,,Dry Creek Valley,Teldeschi,"red fruit, spices, non oak, oak, dried fruit","Beef, Lamb, Poultry",Zinfandel
Kellerei Eisacktal - Cantina Valle Isarco Pinot Grigio 2023,Italy,16.99,3.9,images/Kellerei_Eisacktal_Cantina_Valle_Isarco_Pinot_Grig.png,images/bottle_Kellerei_Eisacktal_Cantina_Valle_Isarco_Pin.png,Südtirol - Alto Adige,Kellerei Eisacktal - Cantina Valle Isarco,"citrus fruit, tree fruit, earth, tropical fruit, vegetal, microbio, oak, non oak, spices, floral","Shellfish, Vegetarian, Mushrooms, Aperitif",Pinot Grigio
Domaine Schoffit Clos Saint-Theobald Pinot Gris (Tokay) 'Rangen de Thann' Vendanges Tardives 2002,France,84,4.4,images/Domaine_Schoffit_Clos_Saint_Theobald_Pinot_Gris_To.jpg,,Alsace Grand Cru 'Rangen',Domaine Schoffit,"earth, tropical fruit, tree fruit, citrus fruit, vegetal, microbio, non oak, oak","Mild and soft cheese, Fruity desserts, Blue cheese",Pinot Gris
Wilson Forchini Old Vine Zinfandel 2022,United States,44,4.2,images/Wilson_Forchini_Old_Vine_Zinfandel_2022.png,images/bottle_Wilson_Forchini_Old_Vine_Zinfandel_2022.png,Dry Creek Valley,Wilson,"red fruit, black fruit, spices, microbio, non oak, oak","Beef, Lamb, Poultry",Zinfandel
Herzog Late Harvest Zinfandel 2022,United States,27.99,3.9,images/Herzog_Late_Harvest_Zinfandel_2022.png,images/bottle_Herzog_Late_Harvest_Zinfandel_2022.png,Lodi,Herzog,"red fruit, black fruit, dried fruit","Sweet desserts, Mild and soft cheese, Fruity desserts, Blue cheese",
Turley Zinfandel Rosé 2022,United States,28.99,4,images/Turley_Zinfandel_Ros_2022.png,images/bottle_Turley_Zinfandel_Ros_2022.png,Napa Valley,Turley,"red fruit, tree fruit, earth, spices, citrus fruit, oak, non oak, floral, vegetal, microbio, black fruit, tropical fruit, dried fruit","Shellfish, Spicy food, Appetizers and snacks, Fruity desserts, Aperitif","Shiraz/Syrah, Cabernet Sauvignon, Pinot Noir, Sangiovese, Zinfandel, Barbera"
Massican Pinot Grigio 2023,United States,27,4.1,images/Massican_Pinot_Grigio_2023.png,images/bottle_Massican_Pinot_Grigio_2023.png,California,Massican,,"Pork, Spicy food, Mushrooms, Cured Meat",Pinot Gris
Collalbrigo Pinot Grigio 2021,Italy,18.99,4,images/Collalbrigo_Pinot_Grigio_2021.png,images/bottle_Collalbrigo_Pinot_Grigio_2021.png,delle Venezie,Collalbrigo,,"Shellfish, Vegetarian, Mushrooms, Aperitif",Pinot Grigio
Daniel Bouland Bellevue Cailloux Morgon 2022,France,42.99,4.1,images/Daniel_Bouland_Bellevue_Cailloux_Morgon_2022.png,images/bottle_Daniel_Bouland_Bellevue_Cailloux_Morgon_202.png,Morgon,Daniel Bouland,"red fruit, earth, black fruit, spices, floral, oak, non oak, citrus fruit","Pasta, Veal, Pork, Poultry, Cured Meat",Gamay
Robert Biale Vineyards Zinfandel Party Line 2023,United States,28,4.2,images/Robert_Biale_Vineyards_Zinfandel_Party_Line_2023.png,images/bottle_Robert_Biale_Vineyards_Zinfandel_Party_Line.png,Napa Valley,Robert Biale Vineyards,"black fruit, oak, red fruit, earth, spices, non oak, dried fruit, microbio, tropical fruit, citrus fruit, floral","Beef, Lamb, Poultry",Zinfandel
Old Parcel Block No. 4 Zinfandel 2020,United States,12.99,3.8,images/Old_Parcel_Block_No_4_Zinfandel_2020.jpg,,Lodi,Old Parcel,red fruit,"Beef, Lamb, Poultry",Zinfandel
Clos de la Roilette La Griffe du Marquis Fleurie 2021,France,53,4.1,images/Clos_de_la_Roilette_La_Griffe_du_Marquis_Fleurie_2.png,images/bottle_Clos_de_la_Roilette_La_Griffe_du_Marquis_Fl.png,Fleurie,Clos de la Roilette,"red fruit, oak, spices, black fruit, non oak, earth, floral, dried fruit, tropical fruit, microbio, tree fruit, vegetal","Pasta, Veal, Pork, Poultry, Cured Meat",Gamay
Tobin James Cellars Zinfandel Fat Boy 2021,United States,55,4.3,images/Tobin_James_Cellars_Zinfandel_Fat_Boy_2021.png,images/bottle_Tobin_James_Cellars_Zinfandel_Fat_Boy_2021.png,Paso Robles,Tobin James Cellars,"oak, red fruit, black fruit, spices, non oak, earth, dried fruit, microbio, citrus fruit, vegetal, tree fruit, tropical fruit, floral","Beef, Lamb, Poultry",Zinfandel
Zin-Phomaniac Old Vines Zinfandel 2021,United States,16.99,3.3,images/Zin_Phomaniac_Old_Vines_Zinfandel_2021.png,images/bottle_Zin_Phomaniac_Old_Vines_Zinfandel_2021.png,Lodi,Zin-Phomaniac,"oak, red fruit, black fruit, spices, non oak, earth, dried fruit, microbio, floral, vegetal, citrus fruit, tree fruit","Beef, Lamb, Poultry",Zinfandel
Bedrock Wine Co. Beeson Ranch Zinfandel 2022,United States,63.99,4.2,images/Bedrock_Wine_Co_Beeson_Ranch_Zinfandel_2022.jpg,,Dry Creek Valley,Bedrock Wine Co.,"black fruit, red fruit, dried fruit, tree fruit, spices, floral, vegetal, earth, non oak, oak","Beef, Lamb, Poultry",Zinfandel
Turley Buck Cobb Vineyard Zinfandel 2022,United States,36,4.2,images/Turley_Buck_Cobb_Vineyard_Zinfandel_2022.png,images/bottle_Turley_Buck_Cobb_Vineyard_Zinfandel_2022.png,Amador County,Turley,"oak, red fruit, spices, black fruit, non oak, earth, microbio, vegetal, floral, dried fruit, citrus fruit","Beef, Lamb, Poultry",Zinfandel
Wilson Sawyer Reserve Zinfandel 2022,United States,65,4.1,images/Wilson_Sawyer_Reserve_Zinfandel_2022.jpg,,Dry Creek Valley,Wilson,"oak, black fruit, earth, dried fruit, red fruit, spices, non oak","Beef, Lamb, Poultry",Zinfandel
Hanna Zinfandel 2018,United States,20,4.1,images/Hanna_Zinfandel_2018.jpg,,Alexander Valley,Hanna,"black fruit, red fruit, spices, earth, non oak, oak","Beef, Lamb, Poultry",Zinfandel
Bet The Farm Pinot Gris 2023,United States,23,3.7,images/Bet_The_Farm_Pinot_Gris_2023.jpg,,Finger Lakes,Bet The Farm,"tree fruit, microbio, oak",,
Turley Fredericks Vineyard Zinfandel 2021,United States,49.99,4.1,images/Turley_Fredericks_Vineyard_Zinfandel_2021.png,images/bottle_Turley_Fredericks_Vineyard_Zinfandel_2021.png,Sonoma Valley,Turley,"black fruit, oak, red fruit, spices, non oak, earth, dried fruit, microbio, floral, vegetal, citrus fruit, tree fruit, tropical fruit","Beef, Lamb, Poultry",Zinfandel
San Marzano Vindoro Primitivo di Manduria 2022,Italy,11.99,3.9,images/San_Marzano_Vindoro_Primitivo_di_Manduria_2022.png,images/bottle_San_Marzano_Vindoro_Primitivo_di_Manduria_2.png,Primitivo di Manduria,San Marzano,"oak, black fruit, non oak, spices, earth, red fruit, dried fruit, microbio, vegetal, citrus fruit, floral, tropical fruit","Beef, Pasta, Lamb, Poultry",Primitivo
Amevive Gamay 2023,United States,40,4,images/Amevive_Gamay_2023.png,images/bottle_Amevive_Gamay_2023.png,Santa Barbara County,Amevive,"red fruit, earth, oak, tropical fruit, spices, microbio",,
Lenz Winery Pinot Gris 2023,United States,27,3.5,images/Lenz_Winery_Pinot_Gris_2023.jpg,,North Fork of Long Island,Lenz Winery,"earth, tree fruit, citrus fruit, vegetal, microbio, oak",,
Château Caillou Creme de Tete 1947,France,496,4.4,images/Chteau_Caillou_Creme_de_Tete_1947.jpg,,Barsac,Château Caillou,"tree fruit, earth, non oak, oak, spices, vegetal, microbio","Fruity desserts, Blue cheese","Sauvignon Blanc, Sémillon, Muscadelle"
Selby Otto’s Block Zinfandel 2019,United States,46,3.9,images/Selby_Ottos_Block_Zinfandel_2019.jpg,,Dry Creek Valley,Selby,"oak, red fruit, spices, non oak, earth","Beef, Lamb, Poultry",Zinfandel
Sfuso Pinot Grigio delle Venezie 2024,Italy,13.99,3.7,images/Sfuso_Pinot_Grigio_delle_Venezie_2024.png,images/bottle_Sfuso_Pinot_Grigio_delle_Venezie_2024.png,delle Venezie,Sfuso,"tree fruit, earth, citrus fruit, vegetal, non oak, oak","Shellfish, Vegetarian, Mushrooms, Aperitif",Pinot Grigio
Santa Marina Pinot Grigio 2024,Italy,10.49,3.6,images/Santa_Marina_Pinot_Grigio_2024.png,images/bottle_Santa_Marina_Pinot_Grigio_2024.png,Provincia di Pavia,Santa Marina,"tree fruit, citrus fruit, earth, vegetal, microbio, oak, non oak, tropical fruit, floral, spices","Shellfish, Vegetarian, Mushrooms, Aperitif",Pinot Grigio
Day Zinfandel 2022,United States,29.99,3.9,images/Day_Zinfandel_2022.png,images/bottle_Day_Zinfandel_2022.png,Sonoma County,Day,"black fruit, red fruit, oak, earth, spices, non oak, dried fruit, floral, microbio, vegetal, citrus fruit, tree fruit, tropical fruit","Beef, Lamb, Poultry",Zinfandel
Paul Lacroix Coteaux Bourguignons 2020,France,14.98,3.7,images/Paul_Lacroix_Coteaux_Bourguignons_2020.jpg,,Coteaux Bourguignons,Paul Lacroix,black fruit,"Beef, Veal, Game (deer, venison), Poultry",Pinot Noir
Ghost Block Pelissa Vineyard Zinfandel 2022,United States,42.99,4.2,images/Ghost_Block_Pelissa_Vineyard_Zinfandel_2022.png,images/bottle_Ghost_Block_Pelissa_Vineyard_Zinfandel_2022.png,Oakville,Ghost Block,"oak, spices, non oak, black fruit, red fruit, earth, dried fruit, microbio, floral, citrus fruit, vegetal, tree fruit, tropical fruit","Beef, Lamb, Poultry",Zinfandel
