name,country,price,rating,image_url,bottle_image_url,region,winery,flavor,food_pairing,grapes
Caymus Vineyards Cabernet Sauvignon 1973,United States,849,4.6,images/Caymus_Vineyards_Cabernet_Sauvignon_1973.png,images/bottle_Caymus_Vineyards_Cabernet_Sauvignon_1973.png,Napa Valley,Caymus Vineyards,"oak, black fruit, non oak, spices, red fruit, earth, microbio, dried fruit, floral, vegetal, tree fruit, citrus fruit, tropical fruit","Beef, Lamb, Game (deer, venison), Mature and hard cheese, Poultry",Cabernet Sauvignon
J. Lohr Vineyards & Wines Estates Seven Oaks Cabernet Sauvignon 2023,United States,14.99,4,images/J_Lohr_Vineyards_Wines_Estates_Seven_Oaks_Cabernet.png,images/bottle_J_Lohr_Vineyards_Wines_Estates_Seven_Oaks_C.png,Paso Robles,J. Lohr Vineyards & Wines,"oak, black fruit, red fruit, non oak, spices, earth, microbio, dried fruit, vegetal, tree fruit, floral, citrus fruit, tropical fruit","Beef, Lamb, Game (deer, venison)",Cabernet Sauvignon
Decoy Cabernet Sauvignon 2023,United States,17.99,4,images/Decoy_Cabernet_Sauvignon_2023.png,images/bottle_Decoy_Cabernet_Sauvignon_2023.png,California,Decoy,"oak, black fruit, red fruit, non oak, spices, earth, microbio, dried fruit, vegetal, floral, citrus fruit, tree fruit, tropical fruit","Beef, Lamb, Game (deer, venison), Poultry",Cabernet Sauvignon
Beringer Knights Valley Cabernet Sauvignon 1982,United States,178,4.1,images/Beringer_Knights_Valley_Cabernet_Sauvignon_1982.png,images/bottle_Beringer_Knights_Valley_Cabernet_Sauvignon_.png,Knights Valley,Beringer,"oak, black fruit, non oak, spices, red fruit, earth, microbio, dried fruit, vegetal, floral, tree fruit, citrus fruit, tropical fruit","Beef, Lamb, Game (deer, venison)",Cabernet Sauvignon
Stags' Leap Cabernet Sauvignon 1986,United States,198,4.3,images/Stags_Leap_Cabernet_Sauvignon_1986.png,images/bottle_Stags_Leap_Cabernet_Sauvignon_1986.png,Napa Valley,Stags' Leap,"oak, black fruit, non oak, earth, spices, red fruit, microbio, dried fruit, floral, vegetal, tree fruit, citrus fruit, tropical fruit","Beef, Lamb, Game (deer, venison), Mature and hard cheese, Poultry",Cabernet Sauvignon
Chateau Ste. Michelle Cabernet Sauvignon 1970,United States,225,3.8,images/Chateau_Ste_Michelle_Cabernet_Sauvignon_1970.png,images/bottle_Chateau_Ste_Michelle_Cabernet_Sauvignon_197.png,Columbia Valley,Chateau Ste. Michelle,"oak, black fruit, non oak, spices, red fruit, earth, microbio, dried fruit, tree fruit, vegetal, floral, citrus fruit, tropical fruit","Beef, Lamb, Game (deer, venison), Poultry",Cabernet Sauvignon
Duckhorn Napa Valley Cabernet Sauvignon 1986,United States,179,4.3,images/Duckhorn_Napa_Valley_Cabernet_Sauvignon_1986.png,images/bottle_Duckhorn_Napa_Valley_Cabernet_Sauvignon_198.png,Napa Valley,Duckhorn,"oak, black fruit, non oak, spices, red fruit, earth, microbio, dried fruit, vegetal, floral, citrus fruit, tree fruit, tropical fruit","Beef, Lamb, Game (deer, venison), Mature and hard cheese, Poultry",Cabernet Sauvignon
Bonanza Cabernet Sauvignon Lot,United States,10.99,4.1,images/Bonanza_Cabernet_Sauvignon_Lot.png,images/bottle_Bonanza_Cabernet_Sauvignon_Lot.png,California,Bonanza,"oak, black fruit, non oak, red fruit, spices, earth, dried fruit, microbio, floral, tree fruit, vegetal, citrus fruit, tropical fruit","Beef, Lamb, Game (deer, venison), Poultry",Cabernet Sauvignon
Joseph Phelps Vineyards Insignia 1980,United States,379,4.6,images/Joseph_Phelps_Vineyards_Insignia_1980.png,images/bottle_Joseph_Phelps_Vineyards_Insignia_1980.png,Napa Valley,Joseph Phelps Vineyards,"oak, black fruit, earth, non oak, spices, red fruit, microbio, dried fruit, floral, vegetal, tree fruit, citrus fruit, tropical fruit","Beef, Lamb, Game (deer, venison), Mature and hard cheese, Poultry",Cabernet Sauvignon
Louis M. Martini Napa Valley Cabernet Sauvignon 1970,United States,215,4.1,images/Louis_M_Martini_Napa_Valley_Cabernet_Sauvignon_197.png,images/bottle_Louis_M_Martini_Napa_Valley_Cabernet_Sauvig.png,Napa Valley,Louis M. Martini,"oak, black fruit, non oak, earth, spices, red fruit, microbio, dried fruit, vegetal, floral, citrus fruit, tree fruit, tropical fruit","Beef, Lamb, Game (deer, venison), Mature and hard cheese, Poultry",Cabernet Sauvignon
Joseph Phelps Vineyards Cabernet Sauvignon 1978,United States,365,4.4,images/Joseph_Phelps_Vineyards_Cabernet_Sauvignon_1978.png,images/bottle_Joseph_Phelps_Vineyards_Cabernet_Sauvignon_.png,Napa Valley,Joseph Phelps Vineyards,"oak, black fruit, non oak, earth, spices, red fruit, microbio, dried fruit, vegetal, floral, citrus fruit, tree fruit, tropical fruit","Beef, Lamb, Game (deer, venison), Mature and hard cheese, Poultry",Cabernet Sauvignon
Chateau Montelena Napa Valley Cabernet Sauvignon 1975,United States,396,4.3,images/Chateau_Montelena_Napa_Valley_Cabernet_Sauvignon_1.png,images/bottle_Chateau_Montelena_Napa_Valley_Cabernet_Sauv.png,Napa Valley,Chateau Montelena,"oak, black fruit, non oak, red fruit, spices, earth, microbio, vegetal, dried fruit, floral, tree fruit, citrus fruit, tropical fruit","Beef, Lamb, Game (deer, venison), Mature and hard cheese, Poultry",Cabernet Sauvignon
Heitz Cellar Cabernet Sauvignon 1971,United States,640,4.2,images/Heitz_Cellar_Cabernet_Sauvignon_1971.png,images/bottle_Heitz_Cellar_Cabernet_Sauvignon_1971.png,Napa Valley,Heitz Cellar,"oak, black fruit, earth, non oak, spices, red fruit, microbio, floral, vegetal, dried fruit, tree fruit, citrus fruit, tropical fruit","Beef, Lamb, Game (deer, venison), Mature and hard cheese, Poultry",Cabernet Sauvignon
Beaulieu Vineyard (BV) Napa Valley Cabernet Sauvignon 1970,United States,180,4,images/Beaulieu_Vineyard_BV_Napa_Valley_Cabernet_Sauvigno.png,images/bottle_Beaulieu_Vineyard_BV_Napa_Valley_Cabernet_S.png,Napa Valley,Beaulieu Vineyard (BV),"oak, black fruit, red fruit, non oak, earth, spices, microbio, dried fruit, vegetal, floral, tree fruit, citrus fruit, tropical fruit","Beef, Lamb, Game (deer, venison), Mature and hard cheese, Poultry",Cabernet Sauvignon
Groth Cabernet Sauvignon 1991,United States,117,4.3,images/Groth_Cabernet_Sauvignon_1991.png,images/bottle_Groth_Cabernet_Sauvignon_1991.png,Oakville,Groth,"oak, black fruit, earth, non oak, spices, red fruit, microbio, dried fruit, vegetal, floral, tree fruit, citrus fruit, tropical fruit","Beef, Lamb, Game (deer, venison), Mature and hard cheese, Poultry",Cabernet Sauvignon
Mount Veeder Winery Cabernet Sauvignon 1978,United States,520,4.1,images/Mount_Veeder_Winery_Cabernet_Sauvignon_1978.png,images/bottle_Mount_Veeder_Winery_Cabernet_Sauvignon_1978.png,Napa Valley,Mount Veeder Winery,"oak, black fruit, earth, non oak, red fruit, spices, microbio, dried fruit, vegetal, floral, citrus fruit, tree fruit, tropical fruit","Beef, Lamb, Game (deer, venison), Mature and hard cheese, Poultry",Cabernet Sauvignon
Clos du Val Cabernet Sauvignon 1977,United States,260,4.1,images/Clos_du_Val_Cabernet_Sauvignon_1977.png,images/bottle_Clos_du_Val_Cabernet_Sauvignon_1977.png,Napa Valley,Clos du Val,"oak, black fruit, earth, non oak, spices, red fruit, microbio, dried fruit, floral, vegetal, citrus fruit, tree fruit, tropical fruit","Beef, Lamb, Game (deer, venison), Mature and hard cheese, Poultry",Cabernet Sauvignon
Napa Cellars Cabernet Sauvignon 2006,United States,45.99,3.9,images/Napa_Cellars_Cabernet_Sauvignon_2006.png,images/bottle_Napa_Cellars_Cabernet_Sauvignon_2006.png,Napa Valley,Napa Cellars,"oak, black fruit, non oak, earth, spices, red fruit, microbio, floral, dried fruit, vegetal, citrus fruit, tree fruit, tropical fruit","Beef, Lamb, Game (deer, venison), Mature and hard cheese, Poultry",Cabernet Sauvignon
Sebastiani Sonoma County Cabernet Sauvignon 1970,United States,165,3.9,images/Sebastiani_Sonoma_County_Cabernet_Sauvignon_1970.png,images/bottle_Sebastiani_Sonoma_County_Cabernet_Sauvignon.png,Sonoma County,Sebastiani,"oak, black fruit, red fruit, non oak, spices, earth, microbio, dried fruit, floral, vegetal, citrus fruit, tree fruit, tropical fruit","Beef, Lamb, Game (deer, venison)",Cabernet Sauvignon
Beaulieu Vineyard (BV) Georges De Latour Private Reserve Cabernet Sauvignon 1960,United States,830,4.4,images/Beaulieu_Vineyard_BV_Georges_De_Latour_Private_Res.png,images/bottle_Beaulieu_Vineyard_BV_Georges_De_Latour_Priv.png,Napa Valley,Beaulieu Vineyard (BV),"oak, black fruit, earth, non oak, spices, red fruit, microbio, dried fruit, floral, vegetal, citrus fruit, tree fruit, tropical fruit","Beef, Lamb, Game (deer, venison), Mature and hard cheese, Poultry",Cabernet Sauvignon
Pine Ridge Napa Valley Cabernet Sauvignon 1991,United States,269,4.3,images/Pine_Ridge_Napa_Valley_Cabernet_Sauvignon_1991.png,images/bottle_Pine_Ridge_Napa_Valley_Cabernet_Sauvignon_1.png,Napa Valley,Pine Ridge,"oak, black fruit, non oak, spices, red fruit, earth, microbio, dried fruit, vegetal, floral, tree fruit, citrus fruit, tropical fruit","Beef, Lamb, Game (deer, venison), Mature and hard cheese, Poultry",Cabernet Sauvignon
Chappellet Signature Cabernet Sauvignon 1982,United States,398,4.3,images/Chappellet_Signature_Cabernet_Sauvignon_1982.png,images/bottle_Chappellet_Signature_Cabernet_Sauvignon_198.png,Napa Valley,Chappellet,"oak, black fruit, non oak, earth, spices, red fruit, microbio, dried fruit, floral, vegetal, tree fruit, citrus fruit, tropical fruit","Beef, Lamb, Game (deer, venison), Mature and hard cheese, Poultry",Cabernet Sauvignon
Grgich Hills Cabernet Sauvignon 1980,United States,179,4.2,images/Grgich_Hills_Cabernet_Sauvignon_1980.png,images/bottle_Grgich_Hills_Cabernet_Sauvignon_1980.png,Napa Valley,Grgich Hills,"oak, black fruit, earth, non oak, spices, red fruit, microbio, dried fruit, vegetal, floral, tree fruit, citrus fruit, tropical fruit","Beef, Lamb, Game (deer, venison), Mature and hard cheese, Poultry",Cabernet Sauvignon
Trefethen Cabernet Sauvignon 1989,United States,110,4.2,images/Trefethen_Cabernet_Sauvignon_1989.png,images/bottle_Trefethen_Cabernet_Sauvignon_1989.png,Oak Knoll District,Trefethen,"oak, black fruit, earth, non oak, spices, red fruit, microbio, vegetal, dried fruit, floral, tree fruit, citrus fruit","Beef, Lamb, Game (deer, venison), Mature and hard cheese, Poultry",Cabernet Sauvignon
Beringer Private Reserve Cabernet Sauvignon 1983,United States,194,4.4,images/Beringer_Private_Reserve_Cabernet_Sauvignon_1983.png,images/bottle_Beringer_Private_Reserve_Cabernet_Sauvignon.png,Napa Valley,Beringer,"oak, black fruit, earth, non oak, spices, red fruit, microbio, dried fruit, floral, vegetal, tree fruit, citrus fruit, tropical fruit","Beef, Lamb, Game (deer, venison), Mature and hard cheese, Poultry",Cabernet Sauvignon
Chateau Montelena The Montelena Estate Cabernet Sauvignon 1978,United States,644,4.5,images/Chateau_Montelena_The_Montelena_Estate_Cabernet_Sa.png,images/bottle_Chateau_Montelena_The_Montelena_Estate_Cabe.png,Calistoga,Chateau Montelena,"oak, black fruit, earth, non oak, red fruit, spices, microbio, dried fruit, floral, vegetal, citrus fruit, tree fruit, tropical fruit","Beef, Lamb, Game (deer, venison), Mature and hard cheese, Poultry",Cabernet Sauvignon
Stag's Leap Wine Cellars FAY Cabernet Sauvignon 1989,United States,285,4.5,images/Stags_Leap_Wine_Cellars_FAY_Cabernet_Sauvignon_198.png,images/bottle_Stags_Leap_Wine_Cellars_FAY_Cabernet_Sauvig.png,Napa Valley,Stag's Leap Wine Cellars,"oak, black fruit, non oak, earth, spices, red fruit, microbio, floral, dried fruit, vegetal, tree fruit, citrus fruit, tropical fruit","Beef, Lamb, Game (deer, venison), Mature and hard cheese, Poultry",Cabernet Sauvignon
Orin Swift Mercury Head Cabernet Sauvignon 2023,United States,169.99,4.6,images/Orin_Swift_Mercury_Head_Cabernet_Sauvignon_2023.png,images/bottle_Orin_Swift_Mercury_Head_Cabernet_Sauvignon_.png,Napa Valley,Orin Swift,"oak, black fruit, non oak, earth, spices, red fruit, microbio, dried fruit, floral, vegetal, tree fruit, citrus fruit, tropical fruit","Beef, Lamb, Game (deer, venison), Mature and hard cheese, Poultry",Cabernet Sauvignon
Chimney Rock Cabernet Sauvignon 2022,United States,99.99,4.4,images/Chimney_Rock_Cabernet_Sauvignon_2022.png,images/bottle_Chimney_Rock_Cabernet_Sauvignon_2022.png,Stags Leap District,Chimney Rock,"oak, black fruit, non oak, earth, spices, red fruit, microbio, dried fruit, vegetal, floral, tree fruit, citrus fruit, tropical fruit","Beef, Lamb, Game (deer, venison), Mature and hard cheese, Poultry",Cabernet Sauvignon
Freemark Abbey Cabernet Sauvignon 1976,United States,197,4.2,images/Freemark_Abbey_Cabernet_Sauvignon_1976.png,images/bottle_Freemark_Abbey_Cabernet_Sauvignon_1976.png,Napa Valley,Freemark Abbey,"oak, black fruit, non oak, earth, red fruit, spices, microbio, vegetal, dried fruit, floral, citrus fruit, tree fruit, tropical fruit","Beef, Lamb, Game (deer, venison), Mature and hard cheese, Poultry",Cabernet Sauvignon
Carson Ridge Cabernet Sauvignon 2023,United States,14.97,3.7,images/Carson_Ridge_Cabernet_Sauvignon_2023.png,images/bottle_Carson_Ridge_Cabernet_Sauvignon_2023.png,Paso Robles,Carson Ridge,"oak, black fruit, red fruit, non oak, spices, earth, microbio, dried fruit, vegetal, tree fruit, citrus fruit, floral, tropical fruit","Beef, Lamb, Game (deer, venison)",Cabernet Sauvignon
Sterling Vineyards Napa Valley Cabernet Sauvignon 2020,United States,30.99,3.9,images/Sterling_Vineyards_Napa_Valley_Cabernet_Sauvignon_.png,images/bottle_Sterling_Vineyards_Napa_Valley_Cabernet_Sau.png,Napa Valley,Sterling Vineyards,"oak, black fruit, non oak, red fruit, spices, earth, microbio, dried fruit, vegetal, tree fruit, floral, citrus fruit, tropical fruit","Beef, Lamb, Game (deer, venison), Mature and hard cheese, Poultry",Cabernet Sauvignon
Austin Hope Austin Paso Robles Cabernet Sauvignon,United States,18.79,4.2,images/Austin_Hope_Austin_Paso_Robles_Cabernet_Sauvignon.png,images/bottle_Austin_Hope_Austin_Paso_Robles_Cabernet_Sau.png,Paso Robles,Austin Hope,"oak, black fruit, non oak, spices, red fruit, earth, dried fruit, microbio, floral, vegetal, tree fruit, citrus fruit, tropical fruit","Beef, Lamb, Game (deer, venison)",Cabernet Sauvignon
Olema Cabernet Sauvignon 2023,United States,25,3.9,images/Olema_Cabernet_Sauvignon_2023.png,images/bottle_Olema_Cabernet_Sauvignon_2023.png,Sonoma County,Olema,"oak, black fruit, red fruit, non oak, earth, spices, microbio, dried fruit, vegetal, citrus fruit, tree fruit, floral, tropical fruit","Beef, Lamb, Game (deer, venison)",Cabernet Sauvignon
Robert Mondavi Private Selection Vint Cabernet Sauvignon Aged in Bourbon Barrels 2018,United States,18.78,4.1,images/Robert_Mondavi_Private_Selection_Vint_Cabernet_Sau.png,images/bottle_Robert_Mondavi_Private_Selection_Vint_Caber.png,California,Robert Mondavi Private Selection,"oak, non oak, spices, black fruit, red fruit, earth, microbio, dried fruit, vegetal, floral, tree fruit, citrus fruit, tropical fruit","Beef, Lamb, Game (deer, venison), Poultry",Cabernet Sauvignon
Stag's Leap Wine Cellars ARTEMIS Cabernet Sauvignon 2018,United States,74.99,4.5,images/Stags_Leap_Wine_Cellars_ARTEMIS_Cabernet_Sauvignon.png,images/bottle_Stags_Leap_Wine_Cellars_ARTEMIS_Cabernet_Sa.png,Napa Valley,Stag's Leap Wine Cellars,"oak, black fruit, non oak, spices, earth, red fruit, microbio, dried fruit, floral, vegetal, tree fruit, citrus fruit, tropical fruit","Beef, Lamb, Game (deer, venison), Mature and hard cheese, Poultry",Cabernet Sauvignon
Austin Hope Austin Hope Cabernet Sauvignon 2021,United States,60.99,4.3,images/Austin_Hope_Austin_Hope_Cabernet_Sauvignon_2021.png,images/bottle_Austin_Hope_Austin_Hope_Cabernet_Sauvignon_.png,Paso Robles,Austin Hope,"oak, black fruit, non oak, spices, red fruit, earth, dried fruit, microbio, floral, vegetal, citrus fruit, tree fruit, tropical fruit","Beef, Lamb, Game (deer, venison)",Cabernet Sauvignon
Inglenook Cabernet Sauvignon 1970,United States,289,4.3,images/Inglenook_Cabernet_Sauvignon_1970.png,images/bottle_Inglenook_Cabernet_Sauvignon_1970.png,Rutherford,Inglenook,"oak, black fruit, earth, non oak, red fruit, spices, microbio, vegetal, floral, dried fruit, tree fruit, citrus fruit, tropical fruit","Beef, Lamb, Game (deer, venison), Mature and hard cheese, Poultry",Cabernet Sauvignon
Francis Ford Coppola Winery Diamond Collection Cabernet Sauvignon 2017,United States,21.13,3.9,images/Francis_Ford_Coppola_Winery_Diamond_Collection_Cab.png,images/bottle_Francis_Ford_Coppola_Winery_Diamond_Collect.png,California,Francis Ford Coppola Winery,"oak, black fruit, red fruit, non oak, spices, earth, microbio, dried fruit, vegetal, citrus fruit, tree fruit, floral, tropical fruit","Beef, Lamb, Game (deer, venison), Poultry",Cabernet Sauvignon
Joel Gott Cabernet Sauvignon (815) 2017,United States,23.48,4,images/Joel_Gott_Cabernet_Sauvignon_815_2017.png,images/bottle_Joel_Gott_Cabernet_Sauvignon_815_2017.png,California,Joel Gott,"oak, black fruit, non oak, red fruit, spices, earth, microbio, dried fruit, vegetal, tree fruit, citrus fruit, floral, tropical fruit","Beef, Lamb, Game (deer, venison), Poultry",Cabernet Sauvignon
Buehler Cabernet Sauvignon 1986,United States,96,4,images/Buehler_Cabernet_Sauvignon_1986.png,images/bottle_Buehler_Cabernet_Sauvignon_1986.png,Napa Valley,Buehler,"oak, black fruit, non oak, earth, spices, red fruit, microbio, vegetal, dried fruit, floral, tree fruit, citrus fruit","Beef, Lamb, Game (deer, venison), Mature and hard cheese, Poultry",Cabernet Sauvignon
Justin Cabernet Sauvignon 2017,United States,29.99,4.1,images/Justin_Cabernet_Sauvignon_2017.png,images/bottle_Justin_Cabernet_Sauvignon_2017.png,Paso Robles,Justin,"oak, black fruit, red fruit, non oak, spices, earth, microbio, dried fruit, vegetal, floral, tree fruit, citrus fruit, tropical fruit","Beef, Lamb, Game (deer, venison)",Cabernet Sauvignon
Caymus Vineyards Cabernet Sauvignon California 2022,United States,45.99,4.2,images/Caymus_Vineyards_Cabernet_Sauvignon_California_202.png,images/bottle_Caymus_Vineyards_Cabernet_Sauvignon_Califor.png,California,Caymus Vineyards,,"Beef, Lamb, Game (deer, venison), Poultry",Cabernet Sauvignon
Dry Creek Vineyard Cabernet Sauvignon 1999,United States,168,3.9,images/Dry_Creek_Vineyard_Cabernet_Sauvignon_1999.png,images/bottle_Dry_Creek_Vineyard_Cabernet_Sauvignon_1999.png,Dry Creek Valley,Dry Creek Vineyard,"oak, red fruit, black fruit, earth, non oak, spices, microbio, dried fruit, vegetal, floral, citrus fruit, tree fruit","Beef, Lamb, Game (deer, venison)",Cabernet Sauvignon
Josh Cellars Cabernet Sauvignon 2016,United States,11.98,3.8,images/Josh_Cellars_Cabernet_Sauvignon_2016.png,images/bottle_Josh_Cellars_Cabernet_Sauvignon_2016.png,California,Josh Cellars,"oak, black fruit, red fruit, non oak, spices, earth, microbio, dried fruit, tree fruit, vegetal, citrus fruit, floral, tropical fruit","Beef, Lamb, Game (deer, venison), Poultry",Cabernet Sauvignon
Château St. Jean Cabernet Sauvignon 2021,United States,39.99,3.7,images/Chteau_St_Jean_Cabernet_Sauvignon_2021.png,images/bottle_Chteau_St_Jean_Cabernet_Sauvignon_2021.png,California,Château St. Jean,"black fruit, oak, red fruit, non oak, spices, earth, microbio, dried fruit, tree fruit, vegetal, citrus fruit, floral, tropical fruit","Beef, Lamb, Game (deer, venison), Poultry",Cabernet Sauvignon
Dunn Howell Mountain Cabernet Sauvignon 1981,United States,690,4.5,images/Dunn_Howell_Mountain_Cabernet_Sauvignon_1981.png,images/bottle_Dunn_Howell_Mountain_Cabernet_Sauvignon_198.png,Howell Mountain,Dunn,"oak, earth, black fruit, non oak, spices, red fruit, vegetal, floral, microbio, dried fruit, tree fruit, citrus fruit, tropical fruit","Beef, Lamb, Game (deer, venison), Mature and hard cheese, Poultry",Cabernet Sauvignon
Stag's Leap Wine Cellars S.L.V. Cabernet Sauvignon 1976,United States,545,4.5,images/Stags_Leap_Wine_Cellars_SLV_Cabernet_Sauvignon_197.png,images/bottle_Stags_Leap_Wine_Cellars_SLV_Cabernet_Sauvig.png,Napa Valley,Stag's Leap Wine Cellars,"oak, black fruit, earth, non oak, red fruit, spices, floral, microbio, dried fruit, vegetal, citrus fruit, tree fruit, tropical fruit","Beef, Lamb, Game (deer, venison), Mature and hard cheese, Poultry",Cabernet Sauvignon
Opus One Opus One 2013,United States,549.99,4.6,images/Opus_One_Opus_One_2013.png,images/bottle_Opus_One_Opus_One_2013.png,Napa Valley,Opus One,"oak, black fruit, earth, non oak, spices, red fruit, microbio, floral, dried fruit, vegetal, citrus fruit, tree fruit, tropical fruit","Beef, Lamb, Game (deer, venison), Mature and hard cheese, Poultry",Cabernet Sauvignon
Beaulieu Vineyard (BV) Rutherford Cabernet Sauvignon 1978,United States,265,4.1,images/Beaulieu_Vineyard_BV_Rutherford_Cabernet_Sauvignon.png,images/bottle_Beaulieu_Vineyard_BV_Rutherford_Cabernet_Sa.png,Rutherford,Beaulieu Vineyard (BV),"oak, black fruit, earth, non oak, red fruit, spices, microbio, dried fruit, floral, vegetal, tree fruit, citrus fruit, tropical fruit","Beef, Lamb, Game (deer, venison), Mature and hard cheese, Poultry",Cabernet Sauvignon
Mayacamas Cabernet Sauvignon 1991,United States,475,4.3,images/Mayacamas_Cabernet_Sauvignon_1991.png,images/bottle_Mayacamas_Cabernet_Sauvignon_1991.png,Mount Veeder,Mayacamas,"black fruit, oak, earth, red fruit, non oak, spices, vegetal, floral, microbio, dried fruit, citrus fruit, tree fruit, tropical fruit","Beef, Lamb, Game (deer, venison), Mature and hard cheese, Poultry",Cabernet Sauvignon
Quilceda Creek Cabernet Sauvignon 2022,United States,269,4.6,images/Quilceda_Creek_Cabernet_Sauvignon_2022.png,images/bottle_Quilceda_Creek_Cabernet_Sauvignon_2022.png,Columbia Valley,Quilceda Creek,"oak, black fruit, earth, non oak, spices, red fruit, floral, microbio, dried fruit, vegetal, tropical fruit, tree fruit, citrus fruit","Beef, Lamb, Game (deer, venison), Poultry",Cabernet Sauvignon
Bread & Butter Cabernet Sauvignon 2018,United States,14.99,4,images/Bread_Butter_Cabernet_Sauvignon_2018.png,images/bottle_Bread_Butter_Cabernet_Sauvignon_2018.png,California,Bread & Butter,"oak, non oak, spices, black fruit, red fruit, microbio, earth, dried fruit, vegetal, floral, citrus fruit, tree fruit, tropical fruit","Beef, Lamb, Game (deer, venison), Poultry",Cabernet Sauvignon
Louis M. Martini Sonoma County Cabernet Sauvignon 2018,United States,44.99,3.9,images/Louis_M_Martini_Sonoma_County_Cabernet_Sauvignon_2.png,images/bottle_Louis_M_Martini_Sonoma_County_Cabernet_Sauv.png,Sonoma County,Louis M. Martini,"oak, black fruit, red fruit, non oak, spices, earth, microbio, dried fruit, vegetal, floral, tree fruit, citrus fruit, tropical fruit","Beef, Lamb, Game (deer, venison)",Cabernet Sauvignon
The Hess Collection Mount Veeder Estate Cabernet Sauvignon 1986,United States,139,4.2,images/The_Hess_Collection_Mount_Veeder_Estate_Cabernet_S.png,images/bottle_The_Hess_Collection_Mount_Veeder_Estate_Cab.png,Mount Veeder,The Hess Collection,"oak, black fruit, earth, non oak, red fruit, spices, microbio, floral, vegetal, dried fruit, citrus fruit, tree fruit","Beef, Lamb, Game (deer, venison), Mature and hard cheese, Poultry",Cabernet Sauvignon
DAOU Cabernet Sauvignon 2020,United States,22.99,4.1,images/DAOU_Cabernet_Sauvignon_2020.png,images/bottle_DAOU_Cabernet_Sauvignon_2020.png,Paso Robles,DAOU,"oak, black fruit, red fruit, non oak, spices, earth, dried fruit, microbio, vegetal, floral, tree fruit, citrus fruit, tropical fruit","Beef, Lamb, Game (deer, venison)",Cabernet Sauvignon
Castello dei Rampolla Sammarco 1982,Italy,285,4.3,images/Castello_dei_Rampolla_Sammarco_1982.png,images/bottle_Castello_dei_Rampolla_Sammarco_1982.png,Toscana,Castello dei Rampolla,"oak, earth, black fruit, non oak, red fruit, spices, microbio, vegetal, floral, dried fruit, citrus fruit, tree fruit, tropical fruit","Beef, Lamb, Veal, Poultry, Cured Meat","Cabernet Sauvignon, Merlot, Sangiovese, Canaiolo Nero"
Kenwood Jack London Vineyard Cabernet Sauvignon 1978,United States,260,4,images/Kenwood_Jack_London_Vineyard_Cabernet_Sauvignon_19.png,images/bottle_Kenwood_Jack_London_Vineyard_Cabernet_Sauvi.png,Sonoma Mountain,Kenwood,"oak, black fruit, spices, red fruit, earth, non oak, microbio, dried fruit, vegetal, floral, tree fruit, citrus fruit, tropical fruit","Beef, Lamb, Game (deer, venison)",Cabernet Sauvignon
Black Stallion Cabernet Sauvignon 2016,United States,53.56,4.2,images/Black_Stallion_Cabernet_Sauvignon_2016.png,images/bottle_Black_Stallion_Cabernet_Sauvignon_2016.png,Napa Valley,Black Stallion,"oak, black fruit, red fruit, non oak, spices, earth, microbio, dried fruit, vegetal, floral, tree fruit, citrus fruit, tropical fruit","Beef, Lamb, Game (deer, venison), Mature and hard cheese, Poultry",Cabernet Sauvignon
Spottswoode Cabernet Sauvignon 1988,United States,198,4.5,images/Spottswoode_Cabernet_Sauvignon_1988.png,images/bottle_Spottswoode_Cabernet_Sauvignon_1988.png,St. Helena,Spottswoode,"oak, black fruit, earth, non oak, red fruit, spices, microbio, floral, vegetal, dried fruit, tree fruit, citrus fruit, tropical fruit","Beef, Lamb, Game (deer, venison), Mature and hard cheese, Poultry",Cabernet Sauvignon
Double Black Cabernet Sauvignon 1924,United States,21.99,3.9,images/Double_Black_Cabernet_Sauvignon_1924.png,images/bottle_Double_Black_Cabernet_Sauvignon_1924.png,Paso Robles,Double Black,"black fruit, oak, red fruit, non oak, earth, spices, dried fruit, microbio, vegetal, floral, tree fruit, citrus fruit","Beef, Lamb, Game (deer, venison)",Cabernet Sauvignon
Tenuta Regaleali Vigna San Francesco Cabernet Sauvignon 2001,Italy,64.61,4.2,images/Tenuta_Regaleali_Vigna_San_Francesco_Cabernet_Sauv.png,images/bottle_Tenuta_Regaleali_Vigna_San_Francesco_Cabern.png,Sicilia,Tenuta Regaleali,"oak, black fruit, spices, non oak, earth, red fruit, microbio, dried fruit, vegetal, floral, citrus fruit, tree fruit, tropical fruit","Beef, Pasta, Lamb","Primitivo, Aglianico, Negroamaro, Nero d'Avola"
Spring Mountain Vineyard Cabernet Sauvignon 1973,United States,690,4.4,images/Spring_Mountain_Vineyard_Cabernet_Sauvignon_1973.png,images/bottle_Spring_Mountain_Vineyard_Cabernet_Sauvignon.png,Napa Valley,Spring Mountain Vineyard,"oak, black fruit, earth, non oak, red fruit, spices, microbio, dried fruit, floral, vegetal, tree fruit, tropical fruit, citrus fruit","Beef, Lamb, Game (deer, venison), Mature and hard cheese, Poultry",Cabernet Sauvignon
Dunn Cabernet Sauvignon 1983,United States,269,4.4,images/Dunn_Cabernet_Sauvignon_1983.png,images/bottle_Dunn_Cabernet_Sauvignon_1983.png,Napa Valley,Dunn,"oak, earth, black fruit, non oak, spices, red fruit, microbio, dried fruit, floral, vegetal, tree fruit, tropical fruit, citrus fruit","Beef, Lamb, Game (deer, venison), Mature and hard cheese, Poultry",Cabernet Sauvignon
Whitehall Lane Cabernet Sauvignon 1987,United States,92,4.1,images/Whitehall_Lane_Cabernet_Sauvignon_1987.png,images/bottle_Whitehall_Lane_Cabernet_Sauvignon_1987.png,Napa Valley,Whitehall Lane,"oak, black fruit, non oak, earth, red fruit, spices, microbio, dried fruit, vegetal, tree fruit, floral, citrus fruit","Beef, Lamb, Game (deer, venison), Mature and hard cheese, Poultry",Cabernet Sauvignon
Crimson Ranch Cabernet Sauvignon 2022,United States,17.97,3.8,images/Crimson_Ranch_Cabernet_Sauvignon_2022.png,images/bottle_Crimson_Ranch_Cabernet_Sauvignon_2022.png,California,Crimson Ranch,"oak, red fruit, non oak, spices, black fruit, earth, microbio, dried fruit, vegetal, tree fruit, floral, tropical fruit","Beef, Lamb, Game (deer, venison), Poultry",Cabernet Sauvignon
Rombauer Vineyards Cabernet Sauvignon 2000,United States,472,4.2,images/Rombauer_Vineyards_Cabernet_Sauvignon_2000.png,images/bottle_Rombauer_Vineyards_Cabernet_Sauvignon_2000.png,Napa Valley,Rombauer Vineyards,"oak, black fruit, red fruit, non oak, spices, earth, microbio, vegetal, dried fruit, floral, citrus fruit, tree fruit, tropical fruit","Beef, Lamb, Game (deer, venison), Mature and hard cheese, Poultry",Cabernet Sauvignon
Chappellet Pritchard Hill Cabernet Sauvignon 1990,United States,299,4.6,images/Chappellet_Pritchard_Hill_Cabernet_Sauvignon_1990.png,images/bottle_Chappellet_Pritchard_Hill_Cabernet_Sauvigno.png,Napa Valley,Chappellet,"black fruit, oak, earth, non oak, red fruit, spices, dried fruit, microbio, floral, vegetal, tree fruit, citrus fruit","Beef, Lamb, Game (deer, venison), Mature and hard cheese, Poultry",Cabernet Sauvignon
Heitz Cellar Bella Oaks Vineyard Cabernet Sauvignon 1988,United States,279,4.3,images/Heitz_Cellar_Bella_Oaks_Vineyard_Cabernet_Sauvigno.png,images/bottle_Heitz_Cellar_Bella_Oaks_Vineyard_Cabernet_S.png,Napa Valley,Heitz Cellar,"oak, red fruit, non oak, black fruit, earth, spices, vegetal, microbio, dried fruit, tree fruit, citrus fruit, floral, tropical fruit","Beef, Lamb, Game (deer, venison), Mature and hard cheese, Poultry",Cabernet Sauvignon
Columbia Crest Grand Estates Cabernet Sauvignon 2016,United States,19.99,3.7,images/Columbia_Crest_Grand_Estates_Cabernet_Sauvignon_20.png,images/bottle_Columbia_Crest_Grand_Estates_Cabernet_Sauvi.png,Washington,Columbia Crest,"oak, black fruit, non oak, spices, red fruit, earth, microbio, dried fruit, vegetal, floral, tree fruit, citrus fruit, tropical fruit","Beef, Lamb, Game (deer, venison), Poultry",Cabernet Sauvignon
Far Niente Cave Collection Cabernet Sauvignon 1996,United States,248,4.6,images/Far_Niente_Cave_Collection_Cabernet_Sauvignon_1996.png,images/bottle_Far_Niente_Cave_Collection_Cabernet_Sauvign.png,Oakville,Far Niente,"oak, black fruit, earth, red fruit, non oak, spices, microbio, dried fruit, vegetal, floral, citrus fruit, tree fruit, tropical fruit","Beef, Lamb, Game (deer, venison), Mature and hard cheese, Poultry",Cabernet Sauvignon
Beringer Cabernet Sauvignon (Bold & Balanced) 1998,United States,149,3.5,images/Beringer_Cabernet_Sauvignon_Bold_Balanced_1998.png,images/bottle_Beringer_Cabernet_Sauvignon_Bold_Balanced_1.png,California,Beringer,"black fruit, oak, red fruit, spices, non oak, earth, microbio, vegetal, dried fruit, tree fruit, floral, citrus fruit","Beef, Lamb, Game (deer, venison), Poultry",Cabernet Sauvignon
Caymus Vineyards Special Selection Cabernet Sauvignon 2012,United States,225,4.6,images/Caymus_Vineyards_Special_Selection_Cabernet_Sauvig.png,images/bottle_Caymus_Vineyards_Special_Selection_Cabernet.png,Napa Valley,Caymus Vineyards,"oak, black fruit, non oak, spices, earth, red fruit, microbio, dried fruit, floral, vegetal, tree fruit, citrus fruit, tropical fruit","Beef, Lamb, Game (deer, venison), Mature and hard cheese, Poultry",Cabernet Sauvignon
Twenty Rows Cabernet Sauvignon 2022,United States,16.99,4,images/Twenty_Rows_Cabernet_Sauvignon_2022.png,images/bottle_Twenty_Rows_Cabernet_Sauvignon_2022.png,Napa Valley,Twenty Rows,"oak, non oak, black fruit, spices, earth, red fruit, microbio, dried fruit, vegetal, floral, citrus fruit, tree fruit","Beef, Lamb, Game (deer, venison), Mature and hard cheese, Poultry",Cabernet Sauvignon
La Jota Cabernet Sauvignon 1990,United States,199,4.4,images/La_Jota_Cabernet_Sauvignon_1990.png,images/bottle_La_Jota_Cabernet_Sauvignon_1990.png,Howell Mountain,La Jota,"oak, black fruit, earth, non oak, spices, red fruit, microbio, floral, dried fruit, vegetal, tree fruit, citrus fruit, tropical fruit","Beef, Lamb, Game (deer, venison), Mature and hard cheese, Poultry",Cabernet Sauvignon
Keenan Napa Valley Cabernet Sauvignon 1977,United States,215,4.2,images/Keenan_Napa_Valley_Cabernet_Sauvignon_1977.png,images/bottle_Keenan_Napa_Valley_Cabernet_Sauvignon_1977.png,Napa Valley,Keenan,"oak, black fruit, earth, non oak, red fruit, spices, microbio, floral, vegetal, dried fruit, tree fruit, citrus fruit, tropical fruit","Beef, Lamb, Game (deer, venison), Mature and hard cheese, Poultry",Cabernet Sauvignon
Orin Swift Palermo Cabernet Sauvignon 2018,United States,99.99,4.3,images/Orin_Swift_Palermo_Cabernet_Sauvignon_2018.png,images/bottle_Orin_Swift_Palermo_Cabernet_Sauvignon_2018.png,Napa Valley,Orin Swift,"oak, black fruit, non oak, spices, red fruit, earth, microbio, dried fruit, vegetal, floral, tree fruit, citrus fruit, tropical fruit","Beef, Lamb, Game (deer, venison), Mature and hard cheese, Poultry",Cabernet Sauvignon
Hundred Acre Ark Vineyard Cabernet Sauvignon 2021,United States,749.99,4.7,images/Hundred_Acre_Ark_Vineyard_Cabernet_Sauvignon_2021.png,images/bottle_Hundred_Acre_Ark_Vineyard_Cabernet_Sauvigno.png,Howell Mountain,Hundred Acre,"oak, black fruit, non oak, earth, spices, red fruit, microbio, floral, dried fruit, vegetal, tropical fruit, tree fruit, citrus fruit","Beef, Lamb, Game (deer, venison), Mature and hard cheese, Poultry",Cabernet Sauvignon
In Sheep's Clothing Cabernet Sauvignon 2023,United States,19.99,3.9,images/In_Sheeps_Clothing_Cabernet_Sauvignon_2023.png,images/bottle_In_Sheeps_Clothing_Cabernet_Sauvignon_2023.png,Columbia Valley,In Sheep's Clothing,"oak, black fruit, red fruit, non oak, earth, spices, microbio, dried fruit, vegetal, floral, tropical fruit, citrus fruit, tree fruit","Beef, Lamb, Game (deer, venison), Poultry",Cabernet Sauvignon
Silver Oak Alexander Valley Cabernet Sauvignon 2017,United States,95.99,4.5,images/Silver_Oak_Alexander_Valley_Cabernet_Sauvignon_201.png,images/bottle_Silver_Oak_Alexander_Valley_Cabernet_Sauvig.png,Alexander Valley,Silver Oak,"oak, black fruit, non oak, earth, spices, red fruit, microbio, vegetal, dried fruit, floral, tree fruit, citrus fruit, tropical fruit","Beef, Lamb, Game (deer, venison)",Cabernet Sauvignon
Pahlmeyer Jayson Cabernet Sauvignon 2022,United States,100,4.4,images/Pahlmeyer_Jayson_Cabernet_Sauvignon_2022.png,images/bottle_Pahlmeyer_Jayson_Cabernet_Sauvignon_2022.png,Napa Valley,Pahlmeyer,"oak, black fruit, non oak, earth, spices, red fruit, microbio, dried fruit, floral, vegetal, citrus fruit, tropical fruit","Beef, Lamb, Game (deer, venison), Mature and hard cheese, Poultry",Cabernet Sauvignon
Skyside Cabernet Sauvignon 1989,United States,75,3.8,images/Skyside_Cabernet_Sauvignon_1989.png,images/bottle_Skyside_Cabernet_Sauvignon_1989.png,Sonoma County,Skyside,"oak, black fruit, red fruit, earth, non oak, spices, microbio, floral, vegetal, citrus fruit, dried fruit, tree fruit, tropical fruit","Beef, Lamb, Game (deer, venison)",Cabernet Sauvignon
Faust Cabernet Sauvignon 2014,United States,81.99,4.4,images/Faust_Cabernet_Sauvignon_2014.png,images/bottle_Faust_Cabernet_Sauvignon_2014.png,Napa Valley,Faust,"oak, black fruit, non oak, earth, spices, red fruit, microbio, dried fruit, floral, vegetal, citrus fruit, tree fruit, tropical fruit","Beef, Lamb, Game (deer, venison), Mature and hard cheese, Poultry",Cabernet Sauvignon
The Prisoner Unshackled Cabernet Sauvignon 2018,United States,26.99,4.1,images/The_Prisoner_Unshackled_Cabernet_Sauvignon_2018.png,images/bottle_The_Prisoner_Unshackled_Cabernet_Sauvignon_.png,California,The Prisoner,"oak, black fruit, non oak, red fruit, spices, earth, dried fruit, microbio, vegetal, floral, tree fruit, citrus fruit, tropical fruit","Beef, Lamb, Game (deer, venison), Poultry",Cabernet Sauvignon
The Prisoner Cabernet Sauvignon 2021,United States,51.99,4.3,images/The_Prisoner_Cabernet_Sauvignon_2021.png,images/bottle_The_Prisoner_Cabernet_Sauvignon_2021.png,Napa Valley,The Prisoner,"oak, black fruit, non oak, earth, spices, red fruit, microbio, dried fruit, vegetal, floral, tree fruit, citrus fruit","Beef, Lamb, Game (deer, venison), Mature and hard cheese, Poultry",Cabernet Sauvignon
Robert Craig Cabernet Sauvignon Affinity 2022,United States,49.99,4.3,images/Robert_Craig_Cabernet_Sauvignon_Affinity_2022.png,images/bottle_Robert_Craig_Cabernet_Sauvignon_Affinity_20.png,Napa Valley,Robert Craig,"oak, black fruit, earth, red fruit, non oak, spices, microbio, dried fruit, vegetal, floral, citrus fruit, tree fruit, tropical fruit","Beef, Lamb, Game (deer, venison), Mature and hard cheese, Poultry",Cabernet Sauvignon
Clos du Val Hirondelle Vineyard Estate Cabernet Sauvignon 1987,United States,155,4.3,images/Clos_du_Val_Hirondelle_Vineyard_Estate_Cabernet_Sa.png,images/bottle_Clos_du_Val_Hirondelle_Vineyard_Estate_Cabe.png,Stags Leap District,Clos du Val,"oak, black fruit, earth, non oak, spices, red fruit, microbio, vegetal, dried fruit, floral, citrus fruit, tree fruit","Beef, Lamb, Game (deer, venison), Mature and hard cheese, Poultry",Cabernet Sauvignon
Mount Eden Vineyards Estate Cabernet Sauvignon 1976,United States,545,4.2,images/Mount_Eden_Vineyards_Estate_Cabernet_Sauvignon_197.png,images/bottle_Mount_Eden_Vineyards_Estate_Cabernet_Sauvig.png,Santa Cruz Mountains,Mount Eden Vineyards,"oak, earth, black fruit, non oak, spices, red fruit, microbio, vegetal, dried fruit, floral, tree fruit, citrus fruit","Beef, Lamb, Game (deer, venison), Poultry",Cabernet Sauvignon
Philip Togni Cabernet Sauvignon 2021,United States,239,4.3,images/Philip_Togni_Cabernet_Sauvignon_2021.png,images/bottle_Philip_Togni_Cabernet_Sauvignon_2021.png,Napa Valley,Philip Togni,"oak, earth, black fruit, non oak, spices, red fruit, vegetal, microbio, dried fruit, floral, tree fruit, citrus fruit","Beef, Lamb, Game (deer, venison), Mature and hard cheese, Poultry",Cabernet Sauvignon
Angeline Cabernet Sauvignon 2023,United States,16.99,3.6,images/Angeline_Cabernet_Sauvignon_2023.png,images/bottle_Angeline_Cabernet_Sauvignon_2023.png,California,Angeline,"oak, black fruit, red fruit, non oak, spices, earth, microbio, vegetal, citrus fruit, tree fruit, dried fruit, floral, tropical fruit","Beef, Lamb, Game (deer, venison), Poultry",Cabernet Sauvignon
Silverado Vineyards Stags Leap District Solo Cabernet Sauvignon 1997,United States,128,4.3,images/Silverado_Vineyards_Stags_Leap_District_Solo_Caber.png,images/bottle_Silverado_Vineyards_Stags_Leap_District_Sol.png,Stags Leap District,Silverado Vineyards,"oak, black fruit, earth, non oak, spices, red fruit, microbio, dried fruit, floral, vegetal, tree fruit, citrus fruit","Beef, Lamb, Game (deer, venison), Mature and hard cheese, Poultry",Cabernet Sauvignon
Joseph Phelps Vineyards Backus Vineyard Cabernet Sauvignon 1983,United States,747,4.7,images/Joseph_Phelps_Vineyards_Backus_Vineyard_Cabernet_S.png,images/bottle_Joseph_Phelps_Vineyards_Backus_Vineyard_Cab.png,Oakville,Joseph Phelps Vineyards,"oak, black fruit, earth, non oak, spices, red fruit, microbio, dried fruit, floral, vegetal, tree fruit, citrus fruit, tropical fruit","Beef, Lamb, Game (deer, venison), Mature and hard cheese, Poultry",Cabernet Sauvignon
Château Musar Rouge (Gaston Hochar) 2013,Lebanon,100,4.2,images/Chteau_Musar_Rouge_Gaston_Hochar_2013.png,images/bottle_Chteau_Musar_Rouge_Gaston_Hochar_2013.png,Bekaa Valley,Château Musar,"oak, earth, non oak, black fruit, red fruit, spices, dried fruit, microbio, floral, vegetal, citrus fruit, tree fruit, tropical fruit","Beef, Lamb, Game (deer, venison), Cured Meat",
Gaja Darmagi Langhe 1989,Italy,377,4.5,images/Gaja_Darmagi_Langhe_1989.png,images/bottle_Gaja_Darmagi_Langhe_1989.png,Langhe,Gaja,"oak, earth, black fruit, non oak, spices, red fruit, microbio, vegetal, floral, dried fruit, tree fruit","Beef, Pasta, Lamb, Game (deer, venison)","Nebbiolo, Barbera, Dolcetto"
Antinori Tenuta Guado al Tasso Il Bruciato Bolgheri 2022,Italy,29.99,4.2,images/Antinori_Tenuta_Guado_al_Tasso_Il_Bruciato_Bolgher.png,images/bottle_Antinori_Tenuta_Guado_al_Tasso_Il_Bruciato_.png,Bolgheri,Antinori,"oak, black fruit, earth, non oak, red fruit, spices, microbio, dried fruit, floral, vegetal, citrus fruit, tree fruit, tropical fruit","Beef, Pasta, Lamb, Veal, Game (deer, venison)","Cabernet Sauvignon, Merlot, Sangiovese"
Pine Ridge Stags Leap District Cabernet Sauvignon 1987,United States,220,4.5,images/Pine_Ridge_Stags_Leap_District_Cabernet_Sauvignon_.png,images/bottle_Pine_Ridge_Stags_Leap_District_Cabernet_Sau.png,Stags Leap District,Pine Ridge,"oak, black fruit, non oak, earth, red fruit, spices, microbio, floral, dried fruit, vegetal, tree fruit, citrus fruit","Beef, Lamb, Game (deer, venison), Mature and hard cheese, Poultry",Cabernet Sauvignon
Spottswoode Lyndenhurst Cabernet Sauvignon 2008,United States,109,4.3,images/Spottswoode_Lyndenhurst_Cabernet_Sauvignon_2008.png,images/bottle_Spottswoode_Lyndenhurst_Cabernet_Sauvignon_.png,Napa Valley,Spottswoode,"oak, black fruit, earth, non oak, spices, red fruit, microbio, floral, vegetal, dried fruit, citrus fruit, tree fruit, tropical fruit","Beef, Lamb, Game (deer, venison), Mature and hard cheese, Poultry",Cabernet Sauvignon
Jordan Cabernet Sauvignon 2016,United States,229.99,4.3,images/Jordan_Cabernet_Sauvignon_2016.png,images/bottle_Jordan_Cabernet_Sauvignon_2016.png,Alexander Valley,Jordan,"oak, black fruit, red fruit, earth, non oak, spices, microbio, floral, dried fruit, vegetal, citrus fruit, tree fruit, tropical fruit","Beef, Lamb, Game (deer, venison)",Cabernet Sauvignon
Frank Family Cabernet Sauvignon 2016,United States,54.99,4.3,images/Frank_Family_Cabernet_Sauvignon_2016.png,images/bottle_Frank_Family_Cabernet_Sauvignon_2016.png,Napa Valley,Frank Family,"oak, black fruit, non oak, red fruit, spices, earth, microbio, dried fruit, vegetal, floral, citrus fruit, tree fruit, tropical fruit","Beef, Lamb, Game (deer, venison), Mature and hard cheese, Poultry",Cabernet Sauvignon
Trig Point Cabernet Sauvignon (Diamond Dust Vineyard) 2023,United States,29.99,4.1,images/Trig_Point_Cabernet_Sauvignon_Diamond_Dust_Vineyar.png,images/bottle_Trig_Point_Cabernet_Sauvignon_Diamond_Dust_.png,Alexander Valley,Trig Point,"oak, black fruit, earth, red fruit, non oak, spices, microbio, dried fruit, vegetal, citrus fruit, floral","Beef, Lamb, Game (deer, venison)",Cabernet Sauvignon
Oberon Cabernet Sauvignon 2018,United States,35.23,4,images/Oberon_Cabernet_Sauvignon_2018.png,images/bottle_Oberon_Cabernet_Sauvignon_2018.png,Napa County,Oberon,"oak, black fruit, red fruit, non oak, spices, earth, microbio, dried fruit, vegetal, tree fruit, floral, citrus fruit, tropical fruit","Beef, Lamb, Game (deer, venison), Poultry",Cabernet Sauvignon
Long Shadows Feather Cabernet Sauvignon 2022,United States,180,4.3,images/Long_Shadows_Feather_Cabernet_Sauvignon_2022.png,images/bottle_Long_Shadows_Feather_Cabernet_Sauvignon_202.png,Columbia Valley,Long Shadows,"oak, black fruit, earth, red fruit, non oak, spices, microbio, dried fruit, floral, vegetal, citrus fruit","Beef, Lamb, Game (deer, venison), Poultry",Cabernet Sauvignon
Bend Cabernet Sauvignon 2023,United States,12.97,3.7,images/Bend_Cabernet_Sauvignon_2023.png,images/bottle_Bend_Cabernet_Sauvignon_2023.png,California,Bend,"oak, red fruit, black fruit, non oak, spices, earth, microbio, dried fruit, floral, vegetal, tropical fruit","Beef, Lamb, Game (deer, venison), Poultry",Cabernet Sauvignon
Hess Select Cabernet Sauvignon 2016,United States,24.99,3.8,images/Hess_Select_Cabernet_Sauvignon_2016.png,images/bottle_Hess_Select_Cabernet_Sauvignon_2016.png,North Coast,Hess Select,"oak, black fruit, red fruit, non oak, earth, spices, microbio, dried fruit, vegetal, floral, tree fruit, citrus fruit, tropical fruit","Beef, Lamb, Game (deer, venison), Poultry",Cabernet Sauvignon
Staglin Salus Estate Cabernet Sauvignon 1994,United States,347,4.5,images/Staglin_Salus_Estate_Cabernet_Sauvignon_1994.png,images/bottle_Staglin_Salus_Estate_Cabernet_Sauvignon_199.png,Rutherford,Staglin,"oak, black fruit, earth, non oak, spices, red fruit, microbio, dried fruit, vegetal, floral, citrus fruit, tree fruit, tropical fruit","Beef, Lamb, Game (deer, venison), Mature and hard cheese, Poultry",Cabernet Sauvignon
Woodbridge by Robert Mondavi Cabernet Sauvignon 2017,United States,10.97,3.5,images/Woodbridge_by_Robert_Mondavi_Cabernet_Sauvignon_20.png,images/bottle_Woodbridge_by_Robert_Mondavi_Cabernet_Sauvi.png,California,Woodbridge by Robert Mondavi,"black fruit, oak, red fruit, non oak, spices, earth, microbio, dried fruit, vegetal, tree fruit, citrus fruit, tropical fruit, floral","Beef, Lamb, Game (deer, venison), Poultry",Cabernet Sauvignon
Cousiño-Macul Cabernet Sauvignon 2022,Chile,15.99,3.4,images/Cousio_Macul_Cabernet_Sauvignon_2022.png,images/bottle_Cousio_Macul_Cabernet_Sauvignon_2022.png,Maipo Valley,Cousiño-Macul,"oak, red fruit, black fruit, spices, non oak, earth, microbio, vegetal, dried fruit, tree fruit, floral","Beef, Lamb, Game (deer, venison), Poultry",Cabernet Sauvignon
Maddalena Wines Cabernet Sauvignon 2023,United States,18.95,3.9,images/Maddalena_Wines_Cabernet_Sauvignon_2023.png,images/bottle_Maddalena_Wines_Cabernet_Sauvignon_2023.png,Paso Robles,Maddalena Wines,"oak, black fruit, non oak, red fruit, spices, earth, microbio, dried fruit, floral, tree fruit, citrus fruit, vegetal","Beef, Lamb, Game (deer, venison)",Cabernet Sauvignon
Bevan Cellars Ontogeny Red 2022,United States,119.99,4.5,images/Bevan_Cellars_Ontogeny_Red_2022.png,images/bottle_Bevan_Cellars_Ontogeny_Red_2022.png,Oakville,Bevan Cellars,"black fruit, oak, non oak, earth, spices, red fruit, dried fruit, microbio, floral, vegetal, citrus fruit, tree fruit","Beef, Lamb, Game (deer, venison), Mature and hard cheese, Poultry",Cabernet Sauvignon
Lewis Cellars Cabernet Sauvignon 2021,United States,119.99,4.5,images/Lewis_Cellars_Cabernet_Sauvignon_2021.png,images/bottle_Lewis_Cellars_Cabernet_Sauvignon_2021.png,Napa Valley,Lewis Cellars,"oak, black fruit, non oak, earth, spices, red fruit, microbio, vegetal, dried fruit, floral, tree fruit, citrus fruit, tropical fruit","Beef, Lamb, Game (deer, venison), Mature and hard cheese, Poultry",Cabernet Sauvignon
Freemark Abbey Bosché Vineyard Cabernet Sauvignon 1991,United States,225,4.4,images/Freemark_Abbey_Bosch_Vineyard_Cabernet_Sauvignon_1.png,images/bottle_Freemark_Abbey_Bosch_Vineyard_Cabernet_Sauv.png,Rutherford,Freemark Abbey,"oak, black fruit, earth, non oak, spices, red fruit, microbio, dried fruit, floral, vegetal, citrus fruit, tree fruit","Beef, Lamb, Game (deer, venison), Mature and hard cheese, Poultry",Cabernet Sauvignon
Liberty School Cabernet Sauvignon 2017,United States,15.99,3.9,images/Liberty_School_Cabernet_Sauvignon_2017.png,images/bottle_Liberty_School_Cabernet_Sauvignon_2017.png,Paso Robles,Liberty School,"black fruit, oak, red fruit, non oak, spices, earth, microbio, dried fruit, vegetal, floral, tree fruit, citrus fruit, tropical fruit","Beef, Lamb, Game (deer, venison)",Cabernet Sauvignon
Francis Ford Coppola Winery Diamond Collection Claret 2017,United States,13.98,3.9,images/Francis_Ford_Coppola_Winery_Diamond_Collection_Cla.png,images/bottle_Francis_Ford_Coppola_Winery_Diamond_Collect.png,California,Francis Ford Coppola Winery,"oak, black fruit, red fruit, non oak, earth, spices, microbio, dried fruit, vegetal, floral, tree fruit, citrus fruit, tropical fruit","Beef, Lamb, Game (deer, venison), Poultry",Cabernet Sauvignon
Freemark Abbey Sycamore Vineyard Cabernet Sauvignon 1986,United States,246,4.3,images/Freemark_Abbey_Sycamore_Vineyard_Cabernet_Sauvigno.png,images/bottle_Freemark_Abbey_Sycamore_Vineyard_Cabernet_S.png,Rutherford,Freemark Abbey,"oak, black fruit, earth, non oak, red fruit, spices, microbio, dried fruit, vegetal, floral, citrus fruit, tree fruit","Beef, Lamb, Game (deer, venison), Mature and hard cheese, Poultry",Cabernet Sauvignon
Larkmead Cabernet Sauvignon 2022,United States,125,4.5,images/Larkmead_Cabernet_Sauvignon_2022.png,images/bottle_Larkmead_Cabernet_Sauvignon_2022.png,Napa Valley,Larkmead,"oak, black fruit, earth, non oak, spices, red fruit, dried fruit, vegetal, microbio, floral, citrus fruit, tropical fruit","Beef, Lamb, Game (deer, venison), Mature and hard cheese, Poultry",Cabernet Sauvignon
Anderson's Conn Valley Vineyards Cabernet Sauvignon Estate Reserve 1991,United States,174,4.3,images/Andersons_Conn_Valley_Vineyards_Cabernet_Sauvignon.png,images/bottle_Andersons_Conn_Valley_Vineyards_Cabernet_Sa.png,Napa Valley,Anderson's Conn Valley Vineyards,"oak, black fruit, earth, non oak, spices, red fruit, microbio, dried fruit, vegetal, floral, tree fruit, citrus fruit","Beef, Lamb, Game (deer, venison), Mature and hard cheese, Poultry",Cabernet Sauvignon
SIMI Cabernet Sauvignon 2018,United States,27.01,3.9,images/SIMI_Cabernet_Sauvignon_2018.png,images/bottle_SIMI_Cabernet_Sauvignon_2018.png,California,SIMI,"oak, black fruit, non oak, red fruit, spices, earth, microbio, dried fruit, vegetal, tree fruit, floral, citrus fruit","Beef, Lamb, Game (deer, venison), Poultry",Cabernet Sauvignon
Diamond Creek Volcanic Hill Cabernet Sauvignon 1980,United States,697,4.6,images/Diamond_Creek_Volcanic_Hill_Cabernet_Sauvignon_198.png,images/bottle_Diamond_Creek_Volcanic_Hill_Cabernet_Sauvig.png,Napa Valley,Diamond Creek,"oak, earth, black fruit, non oak, red fruit, spices, microbio, floral, dried fruit, vegetal, citrus fruit, tree fruit","Beef, Lamb, Game (deer, venison), Mature and hard cheese, Poultry",Cabernet Sauvignon
Davies J. Davies Cabernet Sauvignon 2021,United States,149.99,4.5,images/Davies_J_Davies_Cabernet_Sauvignon_2021.png,images/bottle_Davies_J_Davies_Cabernet_Sauvignon_2021.png,Diamond Mountain District,Davies,"oak, black fruit, earth, non oak, red fruit, spices, microbio, dried fruit, vegetal, floral, tree fruit, citrus fruit","Beef, Lamb, Game (deer, venison), Mature and hard cheese, Poultry",Cabernet Sauvignon
Michael David Winery Freakshow Cabernet Sauvignon 2018,United States,21.99,3.9,images/Michael_David_Winery_Freakshow_Cabernet_Sauvignon_.png,images/bottle_Michael_David_Winery_Freakshow_Cabernet_Sau.png,Lodi,Michael David Winery,"oak, black fruit, non oak, red fruit, earth, spices, microbio, dried fruit, vegetal, floral, tree fruit, citrus fruit, tropical fruit","Beef, Lamb, Game (deer, venison), Poultry",Cabernet Sauvignon
Dalla Valle Cabernet Sauvignon 2021,United States,335,4.5,images/Dalla_Valle_Cabernet_Sauvignon_2021.png,images/bottle_Dalla_Valle_Cabernet_Sauvignon_2021.png,Napa Valley,Dalla Valle,"oak, black fruit, earth, non oak, spices, red fruit, dried fruit, microbio, floral, vegetal, tropical fruit, citrus fruit","Beef, Lamb, Game (deer, venison), Mature and hard cheese, Poultry",Cabernet Sauvignon
Los Vascos Cabernet Sauvignon 2018,Chile,14.08,3.5,images/Los_Vascos_Cabernet_Sauvignon_2018.png,images/bottle_Los_Vascos_Cabernet_Sauvignon_2018.png,Colchagua Valley,Los Vascos,"oak, black fruit, red fruit, earth, non oak, spices, vegetal, microbio, dried fruit, floral, citrus fruit, tree fruit, tropical fruit","Beef, Lamb, Game (deer, venison), Poultry",Cabernet Sauvignon
Bacchus Cabernet Sauvignon 2023,United States,14,3.8,images/Bacchus_Cabernet_Sauvignon_2023.png,images/bottle_Bacchus_Cabernet_Sauvignon_2023.png,California,Bacchus,"red fruit, oak, black fruit, non oak, spices, earth, microbio, dried fruit, citrus fruit, floral, vegetal","Beef, Lamb, Game (deer, venison), Poultry",Cabernet Sauvignon
Piattelli Cabernet Sauvignon Premium Reserve 2022,Argentina,16.99,3.8,images/Piattelli_Cabernet_Sauvignon_Premium_Reserve_2022.png,images/bottle_Piattelli_Cabernet_Sauvignon_Premium_Reserv.png,Lujan de Cuyo,Piattelli,"oak, black fruit, earth, red fruit, spices, non oak, vegetal, dried fruit, floral, microbio","Beef, Lamb, Poultry",Cabernet Sauvignon
Bonterra Cabernet Sauvignon 2016,United States,20.99,3.7,images/Bonterra_Cabernet_Sauvignon_2016.png,images/bottle_Bonterra_Cabernet_Sauvignon_2016.png,California,Bonterra,"oak, spices, black fruit, non oak, red fruit, earth, microbio, dried fruit, tree fruit, vegetal, citrus fruit, floral, tropical fruit","Beef, Lamb, Game (deer, venison), Poultry",Cabernet Sauvignon
Lake Sonoma Alexander Valley Cabernet Sauvignon 1994,United States,69,4,images/Lake_Sonoma_Alexander_Valley_Cabernet_Sauvignon_19.png,images/bottle_Lake_Sonoma_Alexander_Valley_Cabernet_Sauvi.png,Alexander Valley,Lake Sonoma,"oak, black fruit, red fruit, non oak, spices, earth, microbio, dried fruit, vegetal, floral, citrus fruit","Beef, Lamb, Game (deer, venison)",Cabernet Sauvignon
Rodney Strong Cabernet Sauvignon 2017,United States,25.83,3.8,images/Rodney_Strong_Cabernet_Sauvignon_2017.png,images/bottle_Rodney_Strong_Cabernet_Sauvignon_2017.png,Sonoma County,Rodney Strong,"oak, black fruit, red fruit, spices, non oak, earth, microbio, vegetal, dried fruit, tree fruit, citrus fruit, floral, tropical fruit","Beef, Lamb, Game (deer, venison)",Cabernet Sauvignon
Hardin Cabernet Sauvignon 2023,United States,29.99,4.1,images/Hardin_Cabernet_Sauvignon_2023.png,images/bottle_Hardin_Cabernet_Sauvignon_2023.png,Napa Valley,Hardin,"oak, black fruit, red fruit, earth, non oak, spices, dried fruit, microbio, floral, vegetal, tree fruit","Beef, Lamb, Game (deer, venison), Mature and hard cheese, Poultry",Cabernet Sauvignon
Antinori Tenuta Tignanello 'Solaia' 2009,Italy,559.99,4.7,images/Antinori_Tenuta_Tignanello_Solaia_2009.png,images/bottle_Antinori_Tenuta_Tignanello_Solaia_2009.png,Toscana,Antinori,"oak, earth, black fruit, non oak, spices, red fruit, microbio, dried fruit, floral, vegetal, citrus fruit, tree fruit, tropical fruit","Beef, Lamb, Veal, Poultry, Cured Meat","Cabernet Sauvignon, Merlot, Sangiovese, Canaiolo Nero"
Treana Cabernet Sauvignon 2021,United States,24.99,4.2,images/Treana_Cabernet_Sauvignon_2021.png,images/bottle_Treana_Cabernet_Sauvignon_2021.png,Paso Robles,Treana,"oak, black fruit, non oak, spices, earth, red fruit, dried fruit, microbio, floral, vegetal, tree fruit, citrus fruit, tropical fruit","Beef, Lamb, Game (deer, venison)",Cabernet Sauvignon
Moulin de Gassac Figaro Rouge 1991,France,192,3.6,images/Moulin_de_Gassac_Figaro_Rouge_1991.png,images/bottle_Moulin_de_Gassac_Figaro_Rouge_1991.png,Hérault,Moulin de Gassac,"black fruit, earth, oak, non oak, spices, red fruit, dried fruit, microbio, citrus fruit, floral","Beef, Pasta, Veal","Shiraz/Syrah, Grenache, Mourvedre"
Galil Mountain Winery (יקב הרי גליל) Cabernet Sauvignon 2024,Israel,19.99,3.7,images/Galil_Mountain_Winery_Cabernet_Sauvignon_2024.png,images/bottle_Galil_Mountain_Winery_Cabernet_Sauvignon_20.png,Upper Galilee,Galil Mountain Winery (יקב הרי גליל),"black fruit, oak, red fruit, earth, non oak, spices, dried fruit, microbio, vegetal, citrus fruit, floral","Beef, Lamb, Poultry",Cabernet Sauvignon
Montes Montes Alpha Cabernet Sauvignon 2021,Chile,23.99,4,images/Montes_Montes_Alpha_Cabernet_Sauvignon_2021.png,images/bottle_Montes_Montes_Alpha_Cabernet_Sauvignon_2021.png,Colchagua Valley,Montes,"oak, black fruit, non oak, earth, spices, red fruit, microbio, vegetal, dried fruit, floral, citrus fruit, tree fruit, tropical fruit","Beef, Lamb, Game (deer, venison), Poultry",Cabernet Sauvignon
Castle Rock Paso Robles Cabernet Sauvignon 2022,United States,15.99,3.5,images/Castle_Rock_Paso_Robles_Cabernet_Sauvignon_2022.png,images/bottle_Castle_Rock_Paso_Robles_Cabernet_Sauvignon_.png,Paso Robles,Castle Rock,"oak, black fruit, non oak, red fruit, spices, earth, microbio, dried fruit","Beef, Lamb, Game (deer, venison)",Cabernet Sauvignon
SIMI Alexander Valley Reserve Cabernet Sauvignon 1990,United States,133,3.9,images/SIMI_Alexander_Valley_Reserve_Cabernet_Sauvignon_1.png,images/bottle_SIMI_Alexander_Valley_Reserve_Cabernet_Sauv.png,Alexander Valley,SIMI,"oak, black fruit, non oak, earth, red fruit, spices, microbio, dried fruit, citrus fruit, floral, vegetal, tree fruit, tropical fruit","Beef, Lamb, Game (deer, venison)",Cabernet Sauvignon
Silver Oak Napa Valley Cabernet Sauvignon 2015,United States,133.99,4.6,images/Silver_Oak_Napa_Valley_Cabernet_Sauvignon_2015.png,images/bottle_Silver_Oak_Napa_Valley_Cabernet_Sauvignon_2.png,Napa Valley,Silver Oak,"oak, black fruit, non oak, earth, spices, red fruit, microbio, dried fruit, floral, vegetal, citrus fruit, tree fruit, tropical fruit","Beef, Lamb, Game (deer, venison), Mature and hard cheese, Poultry",Cabernet Sauvignon
Hundred Acre Kayli Morgan Vineyard Cabernet Sauvignon 2021,United States,799.99,4.7,images/Hundred_Acre_Kayli_Morgan_Vineyard_Cabernet_Sauvig.png,images/bottle_Hundred_Acre_Kayli_Morgan_Vineyard_Cabernet.png,Napa Valley,Hundred Acre,"oak, black fruit, non oak, earth, red fruit, spices, microbio, floral, dried fruit, vegetal, tree fruit","Beef, Lamb, Game (deer, venison), Mature and hard cheese, Poultry",Cabernet Sauvignon
Hedges Family Estate Red Mountain Cabernet Sauvignon 2023,United States,39.99,4.3,images/Hedges_Family_Estate_Red_Mountain_Cabernet_Sauvign.png,images/bottle_Hedges_Family_Estate_Red_Mountain_Cabernet_.png,Red Mountain,Hedges Family Estate,"oak, black fruit, earth, non oak, spices, red fruit, dried fruit, microbio, floral, vegetal, citrus fruit","Beef, Lamb, Game (deer, venison), Poultry",Cabernet Sauvignon
Prelius Cabernet Sauvignon 2022,Italy,19.99,3.8,images/Prelius_Cabernet_Sauvignon_2022.png,images/bottle_Prelius_Cabernet_Sauvignon_2022.png,Maremma Toscana,Prelius,"oak, black fruit, earth, red fruit, spices, non oak, microbio, dried fruit, floral, vegetal, tree fruit","Beef, Lamb, Veal, Poultry, Cured Meat","Cabernet Sauvignon, Merlot, Sangiovese, Canaiolo Nero"
Roots Run Deep Educated Guess Cabernet Sauvignon 2020,United States,27,4,images/Roots_Run_Deep_Educated_Guess_Cabernet_Sauvignon_2.png,images/bottle_Roots_Run_Deep_Educated_Guess_Cabernet_Sauv.png,Napa County,Roots Run Deep,"oak, black fruit, non oak, red fruit, spices, earth, microbio, dried fruit, vegetal, floral, citrus fruit, tree fruit, tropical fruit","Beef, Lamb, Game (deer, venison), Poultry",Cabernet Sauvignon
Smith-Madrone Winery & Vineyards Cabernet Sauvignon 1970,United States,460,4.2,images/Smith_Madrone_Winery_Vineyards_Cabernet_Sauvignon_.png,images/bottle_Smith_Madrone_Winery_Vineyards_Cabernet_Sau.png,Spring Mountain District,Smith-Madrone Winery & Vineyards,"oak, black fruit, earth, non oak, spices, red fruit, vegetal, floral, microbio, dried fruit, tree fruit","Beef, Lamb, Game (deer, venison), Mature and hard cheese, Poultry",Cabernet Sauvignon
Ehlers Estate Cabernet Sauvignon 2021,United States,75,4.3,images/Ehlers_Estate_Cabernet_Sauvignon_2021.png,images/bottle_Ehlers_Estate_Cabernet_Sauvignon_2021.png,St. Helena,Ehlers Estate,"oak, black fruit, non oak, earth, spices, red fruit, microbio, dried fruit, floral, vegetal, tree fruit, citrus fruit","Beef, Lamb, Game (deer, venison), Mature and hard cheese, Poultry",Cabernet Sauvignon
Bogle Cabernet Sauvignon 2017,United States,15.26,3.7,images/Bogle_Cabernet_Sauvignon_2017.png,images/bottle_Bogle_Cabernet_Sauvignon_2017.png,California,Bogle,"oak, black fruit, non oak, red fruit, spices, earth, microbio, dried fruit, tree fruit, vegetal, citrus fruit, floral, tropical fruit","Beef, Lamb, Game (deer, venison), Poultry",Cabernet Sauvignon
Honig Cabernet Sauvignon Bartolucci Vineyard 2001,United States,164,4.4,images/Honig_Cabernet_Sauvignon_Bartolucci_Vineyard_2001.png,images/bottle_Honig_Cabernet_Sauvignon_Bartolucci_Vineyar.png,St. Helena,Honig,"oak, black fruit, earth, non oak, spices, red fruit, dried fruit, microbio, floral, vegetal, citrus fruit","Beef, Lamb, Game (deer, venison), Mature and hard cheese, Poultry",Cabernet Sauvignon
Cultivar Wine Cabernet Sauvignon 2023,United States,29.99,4,images/Cultivar_Wine_Cabernet_Sauvignon_2023.png,images/bottle_Cultivar_Wine_Cabernet_Sauvignon_2023.png,Napa Valley,Cultivar Wine,"oak, black fruit, non oak, earth, spices, red fruit, microbio, citrus fruit, tree fruit, vegetal, dried fruit, floral, tropical fruit","Beef, Lamb, Game (deer, venison), Mature and hard cheese, Poultry",Cabernet Sauvignon
Barnett Rattlesnake Cabernet Sauvignon 2000,United States,265,4.6,images/Barnett_Rattlesnake_Cabernet_Sauvignon_2000.png,images/bottle_Barnett_Rattlesnake_Cabernet_Sauvignon_2000.png,Spring Mountain District,Barnett,"oak, black fruit, earth, non oak, spices, red fruit, microbio, dried fruit, floral, citrus fruit, vegetal","Beef, Lamb, Game (deer, venison), Mature and hard cheese, Poultry",Cabernet Sauvignon
19 Crimes Cabernet Sauvignon 2021,Australia,10.99,3.8,images/19_Crimes_Cabernet_Sauvignon_2021.png,images/bottle_19_Crimes_Cabernet_Sauvignon_2021.png,Victoria,19 Crimes,"oak, black fruit, non oak, red fruit, spices, earth, microbio, dried fruit, vegetal, floral, tree fruit, citrus fruit, tropical fruit","Beef, Lamb, Poultry",Cabernet Sauvignon
Wente Vineyards Southern Hills Cabernet Sauvignon 2016,United States,19.99,3.8,images/Wente_Vineyards_Southern_Hills_Cabernet_Sauvignon_.png,images/bottle_Wente_Vineyards_Southern_Hills_Cabernet_Sau.png,Central Coast,Wente Vineyards,"oak, black fruit, red fruit, non oak, spices, earth, microbio, dried fruit, vegetal, floral, tree fruit, citrus fruit, tropical fruit","Beef, Lamb, Game (deer, venison), Poultry",Cabernet Sauvignon
No Fine Print Cabernet 2023,United States,15.99,4,images/No_Fine_Print_Cabernet_2023.png,images/bottle_No_Fine_Print_Cabernet_2023.png,California,No Fine Print,"oak, black fruit, red fruit, non oak, spices, earth, dried fruit, microbio, vegetal, floral, citrus fruit","Beef, Lamb, Game (deer, venison), Poultry",Cabernet Sauvignon
Buena Vista Cabernet Sauvignon 2022,United States,39.99,3.9,images/Buena_Vista_Cabernet_Sauvignon_2022.png,images/bottle_Buena_Vista_Cabernet_Sauvignon_2022.png,North Coast,Buena Vista,"oak, black fruit, spices, red fruit, non oak, earth, microbio, dried fruit, vegetal, tree fruit, citrus fruit, floral","Beef, Lamb, Game (deer, venison), Poultry",Cabernet Sauvignon
Carmenet Cabernet Sauvignon (Reserve) 1985,United States,100,3.7,images/Carmenet_Cabernet_Sauvignon_Reserve_1985.png,images/bottle_Carmenet_Cabernet_Sauvignon_Reserve_1985.png,California,Carmenet,"oak, non oak, spices, red fruit, earth, black fruit, microbio, dried fruit, citrus fruit, tree fruit, floral, vegetal, tropical fruit","Beef, Lamb, Game (deer, venison), Poultry",Cabernet Sauvignon
Buena Vista Chateau Buena Vista Cabernet Sauvignon Napa Valley 2020,United States,37.99,4.3,images/Buena_Vista_Chateau_Buena_Vista_Cabernet_Sauvignon.png,images/bottle_Buena_Vista_Chateau_Buena_Vista_Cabernet_Sa.png,Napa Valley,Buena Vista,"oak, black fruit, non oak, red fruit, spices, earth, microbio, dried fruit, vegetal, floral, tree fruit, citrus fruit, tropical fruit","Beef, Lamb, Game (deer, venison), Mature and hard cheese, Poultry",Cabernet Sauvignon
Honig Cabernet Sauvignon 2015,United States,53.99,4.3,images/Honig_Cabernet_Sauvignon_2015.png,images/bottle_Honig_Cabernet_Sauvignon_2015.png,Napa Valley,Honig,"oak, black fruit, non oak, earth, spices, red fruit, microbio, dried fruit, floral, vegetal, citrus fruit, tree fruit, tropical fruit","Beef, Lamb, Game (deer, venison), Mature and hard cheese, Poultry",Cabernet Sauvignon
Barnett Cabernet Sauvignon 2022,United States,89.99,4.4,images/Barnett_Cabernet_Sauvignon_2022.png,images/bottle_Barnett_Cabernet_Sauvignon_2022.png,Spring Mountain District,Barnett,"black fruit, oak, non oak, earth, spices, red fruit, microbio, floral, dried fruit, vegetal, citrus fruit","Beef, Lamb, Game (deer, venison), Mature and hard cheese, Poultry",Cabernet Sauvignon
Isole e Olena Cabernet Sauvignon Toscana Collezione Privata 2020,Italy,156,4.3,images/Isole_e_Olena_Cabernet_Sauvignon_Toscana_Collezion.png,images/bottle_Isole_e_Olena_Cabernet_Sauvignon_Toscana_Co.png,Toscana,Isole e Olena,"oak, black fruit, earth, non oak, spices, red fruit, microbio, floral, dried fruit, vegetal, tropical fruit, citrus fruit, tree fruit","Beef, Lamb, Veal, Poultry, Cured Meat","Cabernet Sauvignon, Merlot, Sangiovese, Canaiolo Nero"
Coastline Reserve Cabernet Sauvignon 2022,United States,23.97,3.7,images/Coastline_Reserve_Cabernet_Sauvignon_2022.jpg,,Central Coast,Coastline,"oak, black fruit, non oak, red fruit, spices, earth, dried fruit, microbio, tree fruit, floral, vegetal, citrus fruit","Beef, Lamb, Game (deer, venison), Poultry",Cabernet Sauvignon
Lewis Cellars Reserve Cabernet Sauvignon 2021,United States,189.97,4.5,images/Lewis_Cellars_Reserve_Cabernet_Sauvignon_2021.png,images/bottle_Lewis_Cellars_Reserve_Cabernet_Sauvignon_20.png,Napa Valley,Lewis Cellars,"oak, black fruit, earth, non oak, spices, red fruit, microbio, dried fruit, vegetal, floral, tree fruit, citrus fruit","Beef, Lamb, Game (deer, venison), Mature and hard cheese, Poultry",Cabernet Sauvignon
Don Melchor Cabernet Sauvignon 2020,Chile,149.99,4.4,images/Don_Melchor_Cabernet_Sauvignon_2020.png,images/bottle_Don_Melchor_Cabernet_Sauvignon_2020.png,Puente Alto,Don Melchor,"oak, black fruit, earth, non oak, spices, red fruit, microbio, dried fruit, vegetal, floral, citrus fruit, tree fruit, tropical fruit","Beef, Lamb, Game (deer, venison), Poultry",Cabernet Sauvignon
Laurel Glen Counterpoint Cabernet Sauvignon 1995,United States,88,4.1,images/Laurel_Glen_Counterpoint_Cabernet_Sauvignon_1995.png,images/bottle_Laurel_Glen_Counterpoint_Cabernet_Sauvignon.png,Sonoma Mountain,Laurel Glen,"oak, black fruit, red fruit, earth, non oak, spices, dried fruit, citrus fruit, vegetal, microbio, floral, tree fruit, tropical fruit","Beef, Lamb, Game (deer, venison)",Cabernet Sauvignon
Diamond Creek Red Rock Terrace Cabernet Sauvignon 1990,United States,985,4.5,images/Diamond_Creek_Red_Rock_Terrace_Cabernet_Sauvignon_.png,images/bottle_Diamond_Creek_Red_Rock_Terrace_Cabernet_Sau.png,Napa Valley,Diamond Creek,"black fruit, oak, earth, non oak, red fruit, spices, floral, microbio, dried fruit, citrus fruit, vegetal, tropical fruit","Beef, Lamb, Game (deer, venison), Mature and hard cheese, Poultry",Cabernet Sauvignon
Heitz Cellar Lot C-91 1991,United States,99.99,4.4,images/Heitz_Cellar_Lot_C_91_1991.png,images/bottle_Heitz_Cellar_Lot_C_91_1991.png,Napa Valley,Heitz Cellar,"oak, black fruit, red fruit, earth, non oak, spices, dried fruit, microbio, floral, vegetal, tropical fruit, citrus fruit","Beef, Lamb, Game (deer, venison), Mature and hard cheese, Poultry",Cabernet Sauvignon
Snowden The Ranch Cabernet Sauvignon 2022,United States,70,4.1,images/Snowden_The_Ranch_Cabernet_Sauvignon_2022.png,images/bottle_Snowden_The_Ranch_Cabernet_Sauvignon_2022.png,Napa Valley,Snowden,"black fruit, oak, earth, non oak, spices, red fruit, microbio, dried fruit, floral, citrus fruit, vegetal","Beef, Lamb, Game (deer, venison), Mature and hard cheese, Poultry",Cabernet Sauvignon
Diamond Creek Gravelly Meadow Cabernet Sauvignon 1979,United States,985,4.5,images/Diamond_Creek_Gravelly_Meadow_Cabernet_Sauvignon_1.png,images/bottle_Diamond_Creek_Gravelly_Meadow_Cabernet_Sauv.png,Napa Valley,Diamond Creek,"oak, earth, black fruit, non oak, red fruit, spices, microbio, vegetal, floral, dried fruit, citrus fruit, tree fruit, tropical fruit","Beef, Lamb, Game (deer, venison), Mature and hard cheese, Poultry",Cabernet Sauvignon
Turnbull Black Label Cabernet Sauvignon 2021,United States,180,4.6,images/Turnbull_Black_Label_Cabernet_Sauvignon_2021.png,images/bottle_Turnbull_Black_Label_Cabernet_Sauvignon_202.png,Oakville,Turnbull,"oak, black fruit, non oak, earth, red fruit, spices, floral, dried fruit, vegetal, microbio, tree fruit, citrus fruit","Beef, Lamb, Game (deer, venison), Mature and hard cheese, Poultry",Cabernet Sauvignon
Monticello Vineyards Cabernet Sauvignon Jefferson Cuvée 1999,United States,55,4.1,images/Monticello_Vineyards_Cabernet_Sauvignon_Jefferson_.png,images/bottle_Monticello_Vineyards_Cabernet_Sauvignon_Jef.png,Napa Valley,Monticello Vineyards,"oak, non oak, red fruit, black fruit, earth, spices, microbio, vegetal, floral, dried fruit","Beef, Lamb, Game (deer, venison), Mature and hard cheese, Poultry",Cabernet Sauvignon
Duckhorn Patzimaro Vineyard Cabernet Sauvignon 1999,United States,156,4.4,images/Duckhorn_Patzimaro_Vineyard_Cabernet_Sauvignon_199.png,images/bottle_Duckhorn_Patzimaro_Vineyard_Cabernet_Sauvig.png,Napa Valley,Duckhorn,"oak, earth, black fruit, non oak, spices, red fruit, microbio, vegetal, floral, dried fruit, citrus fruit, tree fruit, tropical fruit","Beef, Lamb, Game (deer, venison), Mature and hard cheese, Poultry",Cabernet Sauvignon
Seven Hills Cabernet Sauvignon 2008,United States,25.99,3.9,images/Seven_Hills_Cabernet_Sauvignon_2008.png,images/bottle_Seven_Hills_Cabernet_Sauvignon_2008.png,Walla Walla Valley,Seven Hills,"oak, black fruit, earth, red fruit, non oak, spices, microbio, vegetal, dried fruit, tree fruit, floral, citrus fruit","Beef, Lamb, Game (deer, venison), Poultry",Cabernet Sauvignon
Post & Beam Cabernet Sauvignon 2022,United States,39.99,4.2,images/Post_Beam_Cabernet_Sauvignon_2022.png,images/bottle_Post_Beam_Cabernet_Sauvignon_2022.png,Napa Valley,Post & Beam,"black fruit, oak, red fruit, non oak, spices, earth, microbio, dried fruit, floral, vegetal, tree fruit","Beef, Lamb, Game (deer, venison), Mature and hard cheese, Poultry",Cabernet Sauvignon
JAX Vineyards Cabernet Sauvignon Y3 2023,United States,19.99,4,images/JAX_Vineyards_Cabernet_Sauvignon_Y3_2023.png,images/bottle_JAX_Vineyards_Cabernet_Sauvignon_Y3_2023.png,North Coast,JAX Vineyards,"oak, black fruit, earth, red fruit, non oak, spices, dried fruit, microbio, tree fruit, vegetal","Beef, Lamb, Game (deer, venison), Poultry",Cabernet Sauvignon
Gehricke Cabernet Sauvignon 2022,United States,39.99,4.2,images/Gehricke_Cabernet_Sauvignon_2022.png,images/bottle_Gehricke_Cabernet_Sauvignon_2022.png,Knights Valley,Gehricke,"oak, black fruit, earth, non oak, spices, red fruit, microbio, vegetal, dried fruit, tree fruit, floral, citrus fruit","Beef, Lamb, Game (deer, venison)",Cabernet Sauvignon
The Hess Collection Allomi Cabernet Sauvignon 2021,United States,33.99,4.1,images/The_Hess_Collection_Allomi_Cabernet_Sauvignon_2021.png,images/bottle_The_Hess_Collection_Allomi_Cabernet_Sauvign.png,Napa Valley,The Hess Collection,"oak, black fruit, red fruit, non oak, spices, earth, microbio, dried fruit, floral, vegetal, citrus fruit, tree fruit, tropical fruit","Beef, Lamb, Game (deer, venison), Mature and hard cheese, Poultry",Cabernet Sauvignon
Viña Cobos Felino Cabernet Sauvignon 2020,Argentina,14.99,4.1,images/Via_Cobos_Felino_Cabernet_Sauvignon_2020.png,images/bottle_Via_Cobos_Felino_Cabernet_Sauvignon_2020.png,Mendoza,Viña Cobos,"oak, black fruit, earth, non oak, red fruit, spices, dried fruit, microbio, vegetal, floral, citrus fruit, tree fruit","Beef, Lamb, Poultry",Cabernet Sauvignon
Laurel Glen Estate Cabernet Sauvignon 1985,United States,289,4.2,images/Laurel_Glen_Estate_Cabernet_Sauvignon_1985.png,images/bottle_Laurel_Glen_Estate_Cabernet_Sauvignon_1985.png,Sonoma Mountain,Laurel Glen,"oak, black fruit, earth, non oak, red fruit, spices, floral, vegetal, microbio, dried fruit, tropical fruit, citrus fruit","Beef, Lamb, Game (deer, venison)",Cabernet Sauvignon
Duckhorn Estate Grown Cabernet Sauvignon 2021,United States,49.99,4.2,images/Duckhorn_Estate_Grown_Cabernet_Sauvignon_2021.png,images/bottle_Duckhorn_Estate_Grown_Cabernet_Sauvignon_20.png,Napa Valley,Duckhorn,"oak, black fruit, earth, non oak, red fruit, spices, microbio, vegetal, floral, citrus fruit, dried fruit, tree fruit, tropical fruit","Beef, Lamb, Game (deer, venison), Mature and hard cheese, Poultry",Cabernet Sauvignon
Familia Torres Gran Coronas Reserva Cabernet Sauvignon 2019,Spain,20.99,3.9,images/Familia_Torres_Gran_Coronas_Reserva_Cabernet_Sauvi.png,images/bottle_Familia_Torres_Gran_Coronas_Reserva_Caberne.png,Penedès,Familia Torres,"oak, black fruit, earth, non oak, spices, red fruit, microbio, dried fruit, vegetal, floral, citrus fruit, tree fruit, tropical fruit","Beef, Lamb, Poultry",Cabernet Sauvignon
Round Pond Estate Kith & Kin Cabernet Sauvignon 2018,United States,58.72,4.2,images/Round_Pond_Estate_Kith_Kin_Cabernet_Sauvignon_2018.png,images/bottle_Round_Pond_Estate_Kith_Kin_Cabernet_Sauvign.png,Napa Valley,Round Pond Estate,"oak, black fruit, non oak, red fruit, earth, spices, microbio, dried fruit, floral, vegetal, tree fruit, citrus fruit","Beef, Lamb, Game (deer, venison), Mature and hard cheese, Poultry",Cabernet Sauvignon
Cade Estate Cabernet Sauvignon Howell Mountain 2018,United States,134.99,4.6,images/Cade_Estate_Cabernet_Sauvignon_Howell_Mountain_201.png,images/bottle_Cade_Estate_Cabernet_Sauvignon_Howell_Mount.png,Howell Mountain,Cade,"oak, black fruit, earth, non oak, spices, red fruit, microbio, dried fruit, floral, vegetal, citrus fruit, tree fruit, tropical fruit","Beef, Lamb, Game (deer, venison), Mature and hard cheese, Poultry",Cabernet Sauvignon
Hearst Ranch Bunkhouse Cabernet Sauvignon 2022,United States,25.99,4,images/Hearst_Ranch_Bunkhouse_Cabernet_Sauvignon_2022.png,images/bottle_Hearst_Ranch_Bunkhouse_Cabernet_Sauvignon_2.png,Paso Robles,Hearst Ranch,"oak, black fruit, non oak, red fruit, spices, earth, dried fruit, floral, microbio, vegetal, tree fruit","Beef, Lamb, Game (deer, venison)",Cabernet Sauvignon
Hollis Cabernet Sauvignon 2022,United States,57.99,4.2,images/Hollis_Cabernet_Sauvignon_2022.png,images/bottle_Hollis_Cabernet_Sauvignon_2022.png,Napa Valley,Hollis,"oak, black fruit, non oak, earth, spices, red fruit, microbio, floral, vegetal, dried fruit, citrus fruit","Beef, Lamb, Game (deer, venison), Mature and hard cheese, Poultry",Cabernet Sauvignon
Gnarly Head Cabernet Sauvignon 2018,United States,12.84,3.7,images/Gnarly_Head_Cabernet_Sauvignon_2018.png,images/bottle_Gnarly_Head_Cabernet_Sauvignon_2018.png,California,Gnarly Head,"oak, black fruit, red fruit, non oak, spices, earth, microbio, dried fruit, floral, vegetal, tree fruit, citrus fruit, tropical fruit","Beef, Lamb, Game (deer, venison), Poultry",Cabernet Sauvignon
Firebrand Barrel Reserve Cabernet Sauvignon 2021,United States,11.97,3.6,images/Firebrand_Barrel_Reserve_Cabernet_Sauvignon_2021.jpg,,California,Firebrand,"red fruit, oak, black fruit, non oak, spices, earth, dried fruit, microbio, vegetal","Beef, Lamb, Game (deer, venison), Poultry",Cabernet Sauvignon
Camp Cabernet Sauvignon 2023,United States,21,3.6,images/Camp_Cabernet_Sauvignon_2023.png,images/bottle_Camp_Cabernet_Sauvignon_2023.png,Sonoma County,Camp,"oak, earth, black fruit, non oak, red fruit, spices, vegetal, microbio, dried fruit, citrus fruit, tropical fruit, tree fruit","Beef, Lamb, Game (deer, venison)",Cabernet Sauvignon
Ben Ami Zmora Cabernet Sauvignon 2023,Israel,11.99,3.7,images/Ben_Ami_Zmora_Cabernet_Sauvignon_2023.png,images/bottle_Ben_Ami_Zmora_Cabernet_Sauvignon_2023.png,Dan,Ben Ami,"black fruit, red fruit, oak, earth, non oak, dried fruit, spices, microbio, floral","Beef, Lamb, Poultry",Cabernet Sauvignon
Iconic Wines SK (Sidekick) Cabernet Sauvignon 2022,United States,18.99,3.9,images/Iconic_Wines_SK_Sidekick_Cabernet_Sauvignon_2022.png,images/bottle_Iconic_Wines_SK_Sidekick_Cabernet_Sauvignon.png,California,Iconic Wines,"oak, red fruit, black fruit, earth, non oak, spices, microbio, dried fruit, vegetal, tree fruit, citrus fruit, tropical fruit","Beef, Lamb, Game (deer, venison), Poultry",Cabernet Sauvignon
Herzog Jeunesse Cabernet Sauvignon 2023,United States,10.79,3.4,images/Herzog_Jeunesse_Cabernet_Sauvignon_2023.png,images/bottle_Herzog_Jeunesse_Cabernet_Sauvignon_2023.png,California,Herzog,"red fruit, black fruit, oak, spices, non oak, tree fruit, earth, dried fruit, tropical fruit, citrus fruit","Beef, Lamb, Game (deer, venison), Poultry",Cabernet Sauvignon
Switchback Ridge Peterson Family Vineyard Cabernet Sauvignon 2022,United States,125,4.4,images/Switchback_Ridge_Peterson_Family_Vineyard_Cabernet.png,images/bottle_Switchback_Ridge_Peterson_Family_Vineyard_C.png,Napa Valley,Switchback Ridge,"oak, black fruit, earth, red fruit, spices, non oak, microbio, dried fruit, floral, vegetal, tree fruit","Beef, Lamb, Game (deer, venison), Mature and hard cheese, Poultry",Cabernet Sauvignon
Penfolds Bin 407 Cabernet Sauvignon 2019,Australia,79.99,4.2,images/Penfolds_Bin_407_Cabernet_Sauvignon_2019.png,images/bottle_Penfolds_Bin_407_Cabernet_Sauvignon_2019.png,South Australia,Penfolds,"black fruit, oak, spices, non oak, earth, red fruit, microbio, vegetal, dried fruit, floral, citrus fruit, tree fruit, tropical fruit","Beef, Lamb, Poultry",Cabernet Sauvignon
Philip Togni Tanbark Hill Cabernet Sauvignon 2021,United States,117,4.1,images/Philip_Togni_Tanbark_Hill_Cabernet_Sauvignon_2021.png,images/bottle_Philip_Togni_Tanbark_Hill_Cabernet_Sauvigno.png,Napa Valley,Philip Togni,"oak, earth, black fruit, red fruit, spices, non oak, vegetal, dried fruit, floral, microbio, tree fruit, citrus fruit","Beef, Lamb, Game (deer, venison), Mature and hard cheese, Poultry",Cabernet Sauvignon
Gnarled Vine Cabernet Sauvignon 2023,United States,13.97,3.7,images/Gnarled_Vine_Cabernet_Sauvignon_2023.png,images/bottle_Gnarled_Vine_Cabernet_Sauvignon_2023.png,Lodi,Gnarled Vine,"oak, red fruit, black fruit, non oak, spices, earth, dried fruit, microbio, tree fruit, citrus fruit, floral, vegetal","Beef, Lamb, Game (deer, venison), Poultry",Cabernet Sauvignon
DAOU Reserve Cabernet Sauvignon 2021,United States,54.99,4.2,images/DAOU_Reserve_Cabernet_Sauvignon_2021.png,images/bottle_DAOU_Reserve_Cabernet_Sauvignon_2021.png,Paso Robles,DAOU,"oak, black fruit, earth, non oak, red fruit, spices, dried fruit, microbio, floral, vegetal, tree fruit, citrus fruit, tropical fruit","Beef, Lamb, Game (deer, venison)",Cabernet Sauvignon
Rayun Cabernet Sauvignon 2023,Chile,11.99,3.2,images/Rayun_Cabernet_Sauvignon_2023.png,images/bottle_Rayun_Cabernet_Sauvignon_2023.png,Central Valley,Rayun,"red fruit, black fruit, non oak, oak, spices, earth, microbio","Beef, Lamb, Game (deer, venison), Poultry",Cabernet Sauvignon
Four Virtues Cabernet Sauvignon 2022,United States,17.99,4.1,images/Four_Virtues_Cabernet_Sauvignon_2022.png,images/bottle_Four_Virtues_Cabernet_Sauvignon_2022.png,Lodi,Four Virtues,"oak, non oak, red fruit, spices, black fruit, earth, dried fruit, microbio, tropical fruit, tree fruit, vegetal","Beef, Lamb, Game (deer, venison), Poultry",Cabernet Sauvignon
La Linda Cabernet Sauvignon 2021,Argentina,15,3.8,images/La_Linda_Cabernet_Sauvignon_2021.png,images/bottle_La_Linda_Cabernet_Sauvignon_2021.png,Mendoza,La Linda,"black fruit, oak, spices, red fruit, non oak, earth, microbio, vegetal, dried fruit, floral, citrus fruit, tree fruit, tropical fruit","Beef, Lamb, Poultry",Cabernet Sauvignon
Duckhorn Monitor Ledge Vineyard Cabernet Sauvignon 1998,United States,299,4.4,images/Duckhorn_Monitor_Ledge_Vineyard_Cabernet_Sauvignon.png,images/bottle_Duckhorn_Monitor_Ledge_Vineyard_Cabernet_Sa.png,Napa Valley,Duckhorn,"black fruit, oak, red fruit, non oak, earth, spices, microbio, dried fruit, floral, vegetal, tree fruit, citrus fruit","Beef, Lamb, Game (deer, venison), Mature and hard cheese, Poultry",Cabernet Sauvignon
Au Sommet Cabernet Sauvignon 2021,United States,259.99,4.6,images/Au_Sommet_Cabernet_Sauvignon_2021.png,images/bottle_Au_Sommet_Cabernet_Sauvignon_2021.png,Atlas Peak,Au Sommet,"oak, black fruit, earth, non oak, spices, red fruit, microbio, dried fruit, floral, tree fruit, vegetal, tropical fruit","Beef, Lamb, Game (deer, venison), Mature and hard cheese, Poultry",Cabernet Sauvignon
Tensley Joey Tensley Fundamental Cabernet Sauvignon 2022,United States,22,3.9,images/Tensley_Joey_Tensley_Fundamental_Cabernet_Sauvigno.png,images/bottle_Tensley_Joey_Tensley_Fundamental_Cabernet_S.png,Central Coast,Tensley,"oak, earth, black fruit, non oak, red fruit, spices, floral, vegetal, dried fruit, microbio","Beef, Lamb, Game (deer, venison), Poultry",Cabernet Sauvignon
Charles Krug Cabernet Sauvignon Vintage Selection 1978,United States,349,4.2,images/Charles_Krug_Cabernet_Sauvignon_Vintage_Selection_.png,images/bottle_Charles_Krug_Cabernet_Sauvignon_Vintage_Sel.png,Napa Valley,Charles Krug,"oak, black fruit, earth, non oak, spices, red fruit, dried fruit, microbio, vegetal, floral, citrus fruit","Beef, Lamb, Game (deer, venison), Mature and hard cheese, Poultry",Cabernet Sauvignon
Abreu Madrona Ranch Cabernet Sauvignon 2017,United States,300,4.7,images/Abreu_Madrona_Ranch_Cabernet_Sauvignon_2017.png,images/bottle_Abreu_Madrona_Ranch_Cabernet_Sauvignon_2017.png,Napa Valley,Abreu,"oak, black fruit, earth, non oak, spices, red fruit, microbio, vegetal, floral, dried fruit, tropical fruit, tree fruit","Beef, Lamb, Game (deer, venison), Mature and hard cheese, Poultry",Cabernet Sauvignon
Tobin James Cellars Cabernet Sauvignon Notorious 2021,United States,22,3.9,images/Tobin_James_Cellars_Cabernet_Sauvignon_Notorious_2.png,images/bottle_Tobin_James_Cellars_Cabernet_Sauvignon_Noto.png,Paso Robles,Tobin James Cellars,"oak, black fruit, red fruit, non oak, earth, spices, microbio, dried fruit, citrus fruit, vegetal","Beef, Lamb, Game (deer, venison)",Cabernet Sauvignon
Clos du Val Reserve Cabernet Sauvignon 1982,United States,490,4.1,images/Clos_du_Val_Reserve_Cabernet_Sauvignon_1982.png,images/bottle_Clos_du_Val_Reserve_Cabernet_Sauvignon_1982.png,Napa Valley,Clos du Val,"oak, earth, black fruit, non oak, red fruit, spices, microbio, dried fruit, floral, vegetal, citrus fruit","Beef, Lamb, Game (deer, venison), Mature and hard cheese, Poultry",Cabernet Sauvignon
Robert Mondavi Winery Cabernet Sauvignon 2021,United States,42.99,4.1,images/Robert_Mondavi_Winery_Cabernet_Sauvignon_2021.png,images/bottle_Robert_Mondavi_Winery_Cabernet_Sauvignon_20.png,Napa Valley,Robert Mondavi Winery,"oak, black fruit, non oak, earth, spices, red fruit, microbio, dried fruit, vegetal, floral, tree fruit, citrus fruit, tropical fruit","Beef, Lamb, Game (deer, venison), Mature and hard cheese, Poultry",Cabernet Sauvignon
Adaptation Cabernet Sauvignon 2018,United States,77.99,4.4,images/Adaptation_Cabernet_Sauvignon_2018.png,images/bottle_Adaptation_Cabernet_Sauvignon_2018.png,Napa Valley,Adaptation,"oak, black fruit, red fruit, non oak, earth, spices, microbio, dried fruit, floral, vegetal, tree fruit, citrus fruit, tropical fruit","Beef, Lamb, Game (deer, venison), Mature and hard cheese, Poultry",Cabernet Sauvignon
Vina Robles Estate Cabernet Sauvignon 2019,United States,21.99,4.1,images/Vina_Robles_Estate_Cabernet_Sauvignon_2019.png,images/bottle_Vina_Robles_Estate_Cabernet_Sauvignon_2019.png,Paso Robles,Vina Robles,"oak, black fruit, non oak, red fruit, earth, spices, microbio, dried fruit, vegetal, floral, tree fruit, citrus fruit","Beef, Lamb, Game (deer, venison)",Cabernet Sauvignon
Santa Carolina Reserva Cabernet Sauvignon (Colchagua Estate) 2016,Chile,10.99,3.6,images/Santa_Carolina_Reserva_Cabernet_Sauvignon_Colchagu.png,images/bottle_Santa_Carolina_Reserva_Cabernet_Sauvignon_C.png,Colchagua Valley,Santa Carolina,"oak, black fruit, red fruit, non oak, earth, spices, microbio, vegetal, dried fruit, floral, citrus fruit, tree fruit, tropical fruit","Beef, Lamb, Game (deer, venison), Poultry",Cabernet Sauvignon
Chateau Ste. Michelle Indian Wells Cabernet Sauvignon 2021,United States,18.99,4,images/Chateau_Ste_Michelle_Indian_Wells_Cabernet_Sauvign.png,images/bottle_Chateau_Ste_Michelle_Indian_Wells_Cabernet_.png,Columbia Valley,Chateau Ste. Michelle,"oak, black fruit, red fruit, non oak, spices, earth, microbio, dried fruit, vegetal, floral, tree fruit, citrus fruit, tropical fruit","Beef, Lamb, Game (deer, venison), Poultry",Cabernet Sauvignon
Andrew Geoffrey Vineyards Cabernet Sauvignon 2018,United States,109.99,4.4,images/Andrew_Geoffrey_Vineyards_Cabernet_Sauvignon_2018.png,images/bottle_Andrew_Geoffrey_Vineyards_Cabernet_Sauvigno.png,Diamond Mountain District,Andrew Geoffrey Vineyards,"oak, black fruit, earth, non oak, spices, red fruit, microbio, dried fruit, vegetal, citrus fruit, floral, tree fruit, tropical fruit","Beef, Lamb, Game (deer, venison), Mature and hard cheese, Poultry",Cabernet Sauvignon
Josh Cellars Reserve Paso Robles Cabernet Sauvignon 2021,United States,19.99,4,images/Josh_Cellars_Reserve_Paso_Robles_Cabernet_Sauvigno.png,images/bottle_Josh_Cellars_Reserve_Paso_Robles_Cabernet_S.png,Paso Robles,Josh Cellars,"oak, black fruit, non oak, red fruit, earth, spices, dried fruit, microbio, vegetal, floral, citrus fruit, tree fruit, tropical fruit","Beef, Lamb, Game (deer, venison)",Cabernet Sauvignon
Laird Family Estate Cabernet Sauvignon 1999,United States,196,4.3,images/Laird_Family_Estate_Cabernet_Sauvignon_1999.png,images/bottle_Laird_Family_Estate_Cabernet_Sauvignon_1999.png,Napa Valley,Laird Family Estate,"oak, black fruit, non oak, spices, red fruit, earth, microbio, dried fruit, citrus fruit, floral, vegetal","Beef, Lamb, Game (deer, venison), Mature and hard cheese, Poultry",Cabernet Sauvignon
Paso d'Oro Cabernet Sauvignon 2023,United States,19.99,4.1,images/Paso_dOro_Cabernet_Sauvignon_2023.jpg,,Paso Robles,Paso d'Oro,,"Beef, Lamb, Game (deer, venison)",Cabernet Sauvignon
H3 Wines Cabernet Sauvignon 2020,United States,14.99,3.8,images/H3_Wines_Cabernet_Sauvignon_2020.png,images/bottle_H3_Wines_Cabernet_Sauvignon_2020.png,Horse Heaven Hills,H3 Wines,"oak, black fruit, earth, non oak, red fruit, spices, microbio, dried fruit, vegetal, floral, citrus fruit, tree fruit, tropical fruit","Beef, Lamb, Game (deer, venison), Poultry",Cabernet Sauvignon
Robert Mondavi Winery Stag’s Leap District Cabernet Sauvignon 2000,United States,191,4.3,images/Robert_Mondavi_Winery_Stags_Leap_District_Cabernet.png,images/bottle_Robert_Mondavi_Winery_Stags_Leap_District_C.png,Stags Leap District,Robert Mondavi Winery,"oak, black fruit, non oak, red fruit, spices, earth, microbio, citrus fruit, tree fruit, vegetal, tropical fruit","Beef, Lamb, Game (deer, venison), Mature and hard cheese, Poultry",Cabernet Sauvignon
Postmark Cabernet Sauvignon 2021,United States,24.99,4,images/Postmark_Cabernet_Sauvignon_2021.png,images/bottle_Postmark_Cabernet_Sauvignon_2021.png,Paso Robles,Postmark,"oak, black fruit, non oak, spices, earth, red fruit, microbio, dried fruit, vegetal, floral, citrus fruit, tree fruit, tropical fruit","Beef, Lamb, Game (deer, venison)",Cabernet Sauvignon
Podere Sapaio Sapaio Bolgheri Volpolo 2019,Italy,27.99,4.1,images/Podere_Sapaio_Sapaio_Bolgheri_Volpolo_2019.png,images/bottle_Podere_Sapaio_Sapaio_Bolgheri_Volpolo_2019.png,Bolgheri,Podere Sapaio,"black fruit, oak, earth, non oak, red fruit, spices, microbio, floral, vegetal, dried fruit, citrus fruit, tree fruit","Beef, Pasta, Lamb, Veal, Game (deer, venison)","Cabernet Sauvignon, Merlot, Sangiovese"
St. Huberts The Stag Cabernet Sauvignon 2017,United States,27.99,4,images/St_Huberts_The_Stag_Cabernet_Sauvignon_2017.png,images/bottle_St_Huberts_The_Stag_Cabernet_Sauvignon_2017.png,Paso Robles,St. Huberts,"oak, black fruit, non oak, red fruit, earth, spices, microbio, dried fruit, vegetal, floral, citrus fruit, tree fruit, tropical fruit","Beef, Lamb, Game (deer, venison)",Cabernet Sauvignon
My Favorite Neighbor Cabernet Sauvignon 2021,United States,59.99,4.2,images/My_Favorite_Neighbor_Cabernet_Sauvignon_2021.png,images/bottle_My_Favorite_Neighbor_Cabernet_Sauvignon_202.png,San Luis Obispo County,My Favorite Neighbor,"oak, black fruit, earth, non oak, red fruit, spices, microbio, dried fruit, floral, vegetal, tree fruit, citrus fruit, tropical fruit","Beef, Lamb, Game (deer, venison), Poultry",Cabernet Sauvignon
Bacio Divino Janzen Cabernet Sauvignon 2022,United States,89.99,4.2,images/Bacio_Divino_Janzen_Cabernet_Sauvignon_2022.png,images/bottle_Bacio_Divino_Janzen_Cabernet_Sauvignon_2022.png,Napa Valley,Bacio Divino,"oak, black fruit, earth, red fruit, non oak, spices, dried fruit, microbio, vegetal, tropical fruit, tree fruit","Beef, Lamb, Game (deer, venison), Mature and hard cheese, Poultry",Cabernet Sauvignon
La Belle Angèle Cabernet Sauvignon 2023,France,12.97,3.3,images/La_Belle_Angle_Cabernet_Sauvignon_2023.png,images/bottle_La_Belle_Angle_Cabernet_Sauvignon_2023.png,Vin de Pays,La Belle Angèle,"red fruit, black fruit, oak, spices, earth, non oak, tree fruit",,
Dusted Valley Cabernet Sauvignon 2022,United States,42,4,images/Dusted_Valley_Cabernet_Sauvignon_2022.png,images/bottle_Dusted_Valley_Cabernet_Sauvignon_2022.png,Columbia Valley,Dusted Valley,"oak, black fruit, red fruit, spices, non oak, earth, microbio, dried fruit, floral, vegetal, tree fruit, citrus fruit","Beef, Lamb, Game (deer, venison), Poultry",Cabernet Sauvignon
J. Lohr Vineyards & Wines Hilltop Cabernet Sauvignon 2021,United States,15.99,4.1,images/J_Lohr_Vineyards_Wines_Hilltop_Cabernet_Sauvignon_.png,images/bottle_J_Lohr_Vineyards_Wines_Hilltop_Cabernet_Sau.png,Paso Robles,J. Lohr Vineyards & Wines,"oak, black fruit, red fruit, non oak, spices, earth, microbio, dried fruit, floral, tree fruit, vegetal, citrus fruit, tropical fruit","Beef, Lamb, Game (deer, venison)",Cabernet Sauvignon
Mark Herold Herold Brown Label Cabernet Sauvignon 2021,United States,119.99,4.5,images/Mark_Herold_Herold_Brown_Label_Cabernet_Sauvignon_.png,images/bottle_Mark_Herold_Herold_Brown_Label_Cabernet_Sau.png,Coombsville,Mark Herold,"oak, black fruit, non oak, earth, spices, red fruit, microbio, floral, dried fruit, vegetal, tree fruit","Beef, Lamb, Game (deer, venison), Mature and hard cheese, Poultry",Cabernet Sauvignon
Catena Alta Cabernet Sauvignon 2018,Argentina,51,4.2,images/Catena_Alta_Cabernet_Sauvignon_2018.png,images/bottle_Catena_Alta_Cabernet_Sauvignon_2018.png,Mendoza,Catena Alta,"oak, black fruit, earth, non oak, spices, red fruit, floral, microbio, dried fruit, vegetal, tree fruit, citrus fruit, tropical fruit","Beef, Lamb, Poultry",Cabernet Sauvignon
Louis M. Martini Prati Cabernet Sauvignon 2020,United States,17.99,3.9,images/Louis_M_Martini_Prati_Cabernet_Sauvignon_2020.png,images/bottle_Louis_M_Martini_Prati_Cabernet_Sauvignon_20.png,Sonoma County,Louis M. Martini,,"Beef, Lamb, Game (deer, venison)",Cabernet Sauvignon
Buehler Cabernet Sauvignon Estate 2021,United States,50,4,images/Buehler_CabernetSauvignon_Estate_2021.png,images/bottle_Buehler_CabernetSauvignon_Estate_2021.png,Napa Valley,Buehler,"oak, black fruit, non oak, earth, red fruit, spices, microbio, tree fruit, floral, vegetal, dried fruit, citrus fruit","Beef, Lamb, Game (deer, venison), Mature and hard cheese, Poultry",Cabernet Sauvignon
Roy Estate Cabernet Sauvignon 2021,United States,290,4.5,images/Roy_Estate_Cabernet_Sauvignon_2021.png,images/bottle_Roy_Estate_Cabernet_Sauvignon_2021.png,Napa Valley,Roy Estate,"oak, black fruit, earth, non oak, spices, red fruit, dried fruit, microbio, floral, vegetal, citrus fruit","Beef, Lamb, Game (deer, venison), Mature and hard cheese, Poultry",Cabernet Sauvignon
Sterling Vineyards Reserve Cabernet Sauvignon 1978,United States,389,4.1,images/Sterling_Vineyards_Reserve_Cabernet_Sauvignon_1978.png,images/bottle_Sterling_Vineyards_Reserve_Cabernet_Sauvign.png,Napa Valley,Sterling Vineyards,"oak, black fruit, earth, red fruit, non oak, spices, vegetal, microbio, dried fruit, tree fruit, citrus fruit","Beef, Lamb, Game (deer, venison), Mature and hard cheese, Poultry",Cabernet Sauvignon
Burgess Cabernet Sauvignon Vintage Selection 1995,United States,288,4.3,images/Burgess_Cabernet_Sauvignon_Vintage_Selection_1995.png,images/bottle_Burgess_Cabernet_Sauvignon_Vintage_Selectio.png,Napa Valley,Burgess,"oak, black fruit, earth, non oak, spices, red fruit, dried fruit, microbio, vegetal, floral, citrus fruit","Beef, Lamb, Game (deer, venison), Mature and hard cheese, Poultry",Cabernet Sauvignon
Greenwing Cabernet Sauvignon 2019,United States,18.99,4.1,images/Greenwing_Cabernet_Sauvignon_2019.png,images/bottle_Greenwing_Cabernet_Sauvignon_2019.png,Columbia Valley,Greenwing,"black fruit, oak, red fruit, non oak, spices, earth, microbio, vegetal, dried fruit, citrus fruit, floral","Beef, Lamb, Game (deer, venison), Poultry",Cabernet Sauvignon
Robert Mondavi Private Selection Vint Cabernet Sauvignon 2022,United States,12.99,3.7,images/Robert_Mondavi_Private_Selection_Vint_Cabernet_Sau.png,images/bottle_Robert_Mondavi_Private_Selection_Vint_Caber.png,California,Robert Mondavi Private Selection,"oak, black fruit, non oak, red fruit, spices, earth, microbio, dried fruit, vegetal, citrus fruit, tree fruit, floral, tropical fruit","Beef, Lamb, Game (deer, venison), Poultry",Cabernet Sauvignon
Decoy Limited Cabernet Sauvignon 2022,United States,21.99,3.9,images/Decoy_Limited_Cabernet_Sauvignon_2022.png,images/bottle_Decoy_Limited_Cabernet_Sauvignon_2022.png,Alexander Valley,Decoy,"black fruit, oak, non oak, spices, earth, red fruit, microbio, floral, vegetal, dried fruit, citrus fruit, tree fruit","Beef, Lamb, Game (deer, venison)",Cabernet Sauvignon
Sean Minor Signature Series Cabernet Sauvignon 2017,United States,21.99,4,images/Sean_Minor_Signature_Series_Cabernet_Sauvignon_201.png,images/bottle_Sean_Minor_Signature_Series_Cabernet_Sauvig.png,North Coast,Sean Minor,"oak, black fruit, red fruit, non oak, spices, earth, microbio, dried fruit, vegetal, tree fruit, floral, citrus fruit","Beef, Lamb, Game (deer, venison), Poultry",Cabernet Sauvignon
Wyatt Cabernet Sauvignon 2023,United States,15.99,3.7,images/Wyatt_Cabernet_Sauvignon_2023.png,images/bottle_Wyatt_Cabernet_Sauvignon_2023.png,California,Wyatt,"oak, black fruit, non oak, earth, red fruit, spices, dried fruit, microbio, vegetal, tree fruit, citrus fruit","Beef, Lamb, Game (deer, venison), Poultry",Cabernet Sauvignon
Cade Reserve Cabernet Sauvignon 2021,United States,289.99,4.7,images/Cade_Reserve_Cabernet_Sauvignon_2021.png,images/bottle_Cade_Reserve_Cabernet_Sauvignon_2021.png,Howell Mountain,Cade,"oak, black fruit, non oak, earth, red fruit, spices, floral, vegetal, microbio, dried fruit, tree fruit, citrus fruit","Beef, Lamb, Game (deer, venison), Mature and hard cheese, Poultry",Cabernet Sauvignon
Booker Harvey & Harriet 2021,United States,24.99,4,images/Booker_Harvey_Harriet_2021.png,images/bottle_Booker_Harvey_Harriet_2021.png,Paso Robles,Booker,"oak, black fruit, non oak, earth, spices, red fruit, microbio, floral, dried fruit, vegetal, citrus fruit, tree fruit, tropical fruit","Beef, Lamb, Game (deer, venison)",Cabernet Sauvignon
Stag's Leap Wine Cellars CASK 23 Cabernet Sauvignon 2010,United States,349.99,4.5,images/Stags_Leap_Wine_Cellars_CASK_23_Cabernet_Sauvignon.png,images/bottle_Stags_Leap_Wine_Cellars_CASK_23_Cabernet_Sa.png,Napa Valley,Stag's Leap Wine Cellars,"oak, black fruit, earth, non oak, red fruit, spices, microbio, dried fruit, floral, vegetal, citrus fruit, tree fruit, tropical fruit","Beef, Lamb, Game (deer, venison), Mature and hard cheese, Poultry",Cabernet Sauvignon
Freelander District One Cabernet Sauvignon 2022,United States,14.99,3.8,images/Freelander_District_One_Cabernet_Sauvignon_2022.png,images/bottle_Freelander_District_One_Cabernet_Sauvignon_.png,Central Valley,Freelander,"oak, black fruit, non oak, spices, red fruit, earth, dried fruit, microbio, tree fruit, floral, citrus fruit, vegetal","Beef, Lamb, Game (deer, venison), Poultry",Cabernet Sauvignon
DeLille Cellars Métier Cabernet Sauvignon 2022,United States,25,3.9,images/DeLille_Cellars_Mtier_Cabernet_Sauvignon_2022.png,images/bottle_DeLille_Cellars_Mtier_Cabernet_Sauvignon_20.png,Columbia Valley,DeLille Cellars,"black fruit, oak, earth, red fruit, spices, non oak, microbio, dried fruit, floral, vegetal","Beef, Lamb, Game (deer, venison), Poultry",Cabernet Sauvignon
Bello Megahertz Cabernet Sauvignon 2023,United States,25,4.3,images/Bello_Megahertz_Cabernet_Sauvignon_2023.png,images/bottle_Bello_Megahertz_Cabernet_Sauvignon_2023.png,Rutherford,Bello,"oak, black fruit, red fruit, spices, non oak, earth, dried fruit, microbio","Beef, Lamb, Game (deer, venison), Mature and hard cheese, Poultry",Cabernet Sauvignon
Meiomi Cabernet Sauvignon 2021,United States,19.99,3.5,images/Meiomi_Cabernet_Sauvignon_2021.png,images/bottle_Meiomi_Cabernet_Sauvignon_2021.png,California,Meiomi,"oak, non oak, black fruit, spices, red fruit, earth, dried fruit, microbio, vegetal, citrus fruit, floral, tree fruit, tropical fruit","Beef, Lamb, Game (deer, venison), Poultry",Cabernet Sauvignon
Familia Torres Mas La Plana Cabernet Sauvignon 2018,Spain,99.99,4.3,images/Familia_Torres_Mas_La_Plana_Cabernet_Sauvignon_201.png,images/bottle_Familia_Torres_Mas_La_Plana_Cabernet_Sauvig.png,Penedès,Familia Torres,"oak, black fruit, earth, non oak, spices, red fruit, microbio, dried fruit, vegetal, floral, citrus fruit, tree fruit, tropical fruit","Beef, Lamb, Poultry",Cabernet Sauvignon
Stonestreet Rockfall Cabernet Sauvignon 2019,United States,160,4.4,images/Stonestreet_Rockfall_Cabernet_Sauvignon_2019.png,images/bottle_Stonestreet_Rockfall_Cabernet_Sauvignon_201.png,Alexander Valley,Stonestreet,"oak, black fruit, earth, spices, non oak, red fruit, vegetal, microbio, floral, dried fruit, tree fruit","Beef, Lamb, Game (deer, venison)",Cabernet Sauvignon
Catena Cabernet Sauvignon 2021,Argentina,18.99,4,images/Catena_Cabernet_Sauvignon_2021.png,images/bottle_Catena_Cabernet_Sauvignon_2021.png,Mendoza,Catena,"oak, black fruit, non oak, earth, spices, red fruit, microbio, dried fruit, floral, vegetal, tree fruit, citrus fruit","Beef, Lamb, Poultry",Cabernet Sauvignon
Boekenhoutskloof Cabernet Sauvignon Franschhoek 2014,South Africa,74.99,4.3,images/Boekenhoutskloof_Cabernet_Sauvignon_Franschhoek_20.png,images/bottle_Boekenhoutskloof_Cabernet_Sauvignon_Fransch.png,Franschhoek,Boekenhoutskloof,"oak, black fruit, non oak, earth, spices, red fruit, microbio, vegetal, floral, dried fruit, citrus fruit, tree fruit, tropical fruit","Beef, Lamb, Poultry",Cabernet Sauvignon
Montevina Cabernet Sauvignon (Independence Point) 1975,United States,172,3.6,images/Montevina_Cabernet_Sauvignon_Independence_Point_19.png,images/bottle_Montevina_Cabernet_Sauvignon_Independence_P.png,Sierra Foothills,Montevina,"oak, red fruit, earth, black fruit, non oak, spices, vegetal, floral","Beef, Lamb, Game (deer, venison), Poultry",Cabernet Sauvignon
Highlands Cabernet Sauvignon 2022,United States,12.99,4.2,images/Highlands_Cabernet_Sauvignon_2022.png,images/bottle_Highlands_Cabernet_Sauvignon_2022.png,Napa Valley,Highlands,"oak, black fruit, earth, non oak, red fruit, spices, microbio, dried fruit, floral, vegetal, tree fruit","Beef, Lamb, Game (deer, venison), Mature and hard cheese, Poultry",Cabernet Sauvignon
Maybach Family Vineyards Materium Cabernet Sauvignon 2021,United States,309.99,4.7,images/Maybach_Family_Vineyards_Materium_Cabernet_Sauvign.png,images/bottle_Maybach_Family_Vineyards_Materium_Cabernet_.png,Oakville,Maybach Family Vineyards,"black fruit, oak, earth, spices, non oak, red fruit, floral, dried fruit, citrus fruit, microbio, vegetal","Beef, Lamb, Game (deer, venison), Mature and hard cheese, Poultry",Cabernet Sauvignon
Beckmen Estate Cabernet Sauvignon 2021,United States,34.99,4,images/Beckmen_Estate_Cabernet_Sauvignon_2021.png,images/bottle_Beckmen_Estate_Cabernet_Sauvignon_2021.png,Santa Ynez Valley,Beckmen,"oak, black fruit, red fruit, earth, spices, non oak, dried fruit, floral, microbio, tropical fruit, tree fruit, citrus fruit","Beef, Lamb, Game (deer, venison), Poultry",Cabernet Sauvignon
Cliff Lede Stags Leap District Cabernet Sauvignon 2016,United States,101.01,4.4,images/Cliff_Lede_Stags_Leap_District_Cabernet_Sauvignon_.png,images/bottle_Cliff_Lede_Stags_Leap_District_Cabernet_Sau.png,Stags Leap District,Cliff Lede,"oak, black fruit, earth, non oak, spices, red fruit, microbio, floral, dried fruit, vegetal, citrus fruit, tree fruit, tropical fruit","Beef, Lamb, Game (deer, venison), Mature and hard cheese, Poultry",Cabernet Sauvignon
Canvasback Cabernet Sauvignon 2017,United States,47.13,4.1,images/Canvasback_Cabernet_Sauvignon_2017.png,images/bottle_Canvasback_Cabernet_Sauvignon_2017.png,Red Mountain,Canvasback,"oak, black fruit, non oak, earth, spices, red fruit, microbio, dried fruit, vegetal, tree fruit, floral, citrus fruit","Beef, Lamb, Game (deer, venison), Poultry",Cabernet Sauvignon
Schrader Double Diamond Oakville Cabernet Sauvignon 2021,United States,89.99,4.3,images/Schrader_Double_Diamond_Oakville_Cabernet_Sauvigno.png,images/bottle_Schrader_Double_Diamond_Oakville_Cabernet_S.png,Oakville,Schrader,"oak, black fruit, non oak, spices, red fruit, earth, dried fruit, microbio, floral, vegetal, citrus fruit, tropical fruit, tree fruit","Beef, Lamb, Game (deer, venison), Mature and hard cheese, Poultry",Cabernet Sauvignon
Quixote Cabernet Sauvignon 2020,United States,140,4.4,images/Quixote_Cabernet_Sauvignon_2020.png,images/bottle_Quixote_Cabernet_Sauvignon_2020.png,Stags Leap District,Quixote,"oak, black fruit, non oak, earth, red fruit, spices, microbio, dried fruit, tree fruit, floral","Beef, Lamb, Game (deer, venison), Mature and hard cheese, Poultry",Cabernet Sauvignon
Woodward Canyon Old Vines Cabernet Sauvignon 2021,United States,110,4.4,images/Woodward_Canyon_Old_Vines_Cabernet_Sauvignon_2021.png,images/bottle_Woodward_Canyon_Old_Vines_Cabernet_Sauvigno.png,Washington,Woodward Canyon,"oak, black fruit, earth, non oak, spices, red fruit, microbio, dried fruit, floral, vegetal, tropical fruit, tree fruit","Beef, Lamb, Game (deer, venison), Poultry",Cabernet Sauvignon
Cakebread Cabernet Sauvignon 2017,United States,95.99,4.4,images/Cakebread_Cabernet_Sauvignon_2017.png,images/bottle_Cakebread_Cabernet_Sauvignon_2017.png,Napa Valley,Cakebread,"oak, black fruit, earth, non oak, red fruit, spices, microbio, dried fruit, vegetal, floral, tree fruit, citrus fruit, tropical fruit","Beef, Lamb, Game (deer, venison), Mature and hard cheese, Poultry",Cabernet Sauvignon
True Myth Cabernet Sauvignon 2019,United States,19.99,3.9,images/True_Myth_Cabernet_Sauvignon_2019.png,images/bottle_True_Myth_Cabernet_Sauvignon_2019.png,Paso Robles,True Myth,"oak, black fruit, non oak, red fruit, spices, earth, microbio, dried fruit, floral, vegetal, tree fruit, tropical fruit, citrus fruit","Beef, Lamb, Game (deer, venison)",Cabernet Sauvignon
Niebaum Coppola Rubicon 1996,United States,315,4.5,images/Niebaum_Coppola_Rubicon_1996.png,images/bottle_Niebaum_Coppola_Rubicon_1996.png,Rutherford,Niebaum Coppola,"oak, black fruit, non oak, earth, spices, red fruit, dried fruit, microbio, vegetal, floral, citrus fruit","Beef, Lamb, Game (deer, venison), Mature and hard cheese, Poultry",Cabernet Sauvignon
Antiyal Pura Fe Cabernet Sauvignon 2020,Chile,20.99,3.9,images/Antiyal_Pura_Fe_Cabernet_Sauvignon_2020.png,images/bottle_Antiyal_Pura_Fe_Cabernet_Sauvignon_2020.png,Maipo Valley,Antiyal,"black fruit, oak, earth, red fruit, spices, non oak, microbio, dried fruit, tree fruit, floral, vegetal, citrus fruit","Beef, Lamb, Game (deer, venison), Poultry",Cabernet Sauvignon
William Hill North Coast Cabernet Sauvignon 2018,United States,20,3.8,images/William_Hill_North_Coast_Cabernet_Sauvignon_2018.png,images/bottle_William_Hill_North_Coast_Cabernet_Sauvignon.png,North Coast,William Hill,"oak, black fruit, non oak, red fruit, spices, earth, microbio, citrus fruit, dried fruit, tree fruit, vegetal, floral, tropical fruit","Beef, Lamb, Game (deer, venison), Poultry",Cabernet Sauvignon
Fly By Cabernet Sauvignon 2020,United States,12.99,3.8,images/Fly_By_Cabernet_Sauvignon_2020.png,images/bottle_Fly_By_Cabernet_Sauvignon_2020.png,North Coast,Fly By,"oak, black fruit, red fruit, spices, non oak, earth, microbio, dried fruit, vegetal","Beef, Lamb, Game (deer, venison), Poultry",Cabernet Sauvignon
Larkmead Solari 2021,United States,200,4.6,images/Larkmead_Solari_2021.png,images/bottle_Larkmead_Solari_2021.png,Napa Valley,Larkmead,"oak, black fruit, earth, non oak, red fruit, spices, microbio, floral, vegetal, dried fruit, citrus fruit","Beef, Lamb, Game (deer, venison), Mature and hard cheese, Poultry",Cabernet Sauvignon
Pine Ridge Howell Mountain Cabernet Sauvignon 1997,United States,135,4.6,images/Pine_Ridge_Howell_Mountain_Cabernet_Sauvignon_1997.png,images/bottle_Pine_Ridge_Howell_Mountain_Cabernet_Sauvign.png,Napa Valley,Pine Ridge,"oak, black fruit, earth, non oak, red fruit, spices, microbio, dried fruit, vegetal, floral, citrus fruit","Beef, Lamb, Game (deer, venison), Mature and hard cheese, Poultry",Cabernet Sauvignon
White Rock Vineyards Cabernet Sauvignon 2021,United States,78,4.3,images/White_Rock_Vineyards_Cabernet_Sauvignon_2021.png,images/bottle_White_Rock_Vineyards_Cabernet_Sauvignon_202.png,Napa Valley,White Rock Vineyards,"oak, black fruit, spices, red fruit, earth, non oak, vegetal, floral, microbio, dried fruit, citrus fruit","Beef, Lamb, Game (deer, venison), Mature and hard cheese, Poultry",Cabernet Sauvignon
Korbin Kameron Cabernet Sauvignon 2019,United States,65,4.1,images/Korbin_Kameron_Cabernet_Sauvignon_2019.png,images/bottle_Korbin_Kameron_Cabernet_Sauvignon_2019.png,Sonoma Valley,Korbin Kameron,"oak, black fruit, earth, non oak, red fruit, spices, microbio, vegetal, dried fruit, citrus fruit, floral, tree fruit","Beef, Lamb, Game (deer, venison)",Cabernet Sauvignon
San Simeon Wines Stormwatch 2022,United States,70,4.3,images/San_Simeon_Wines_Stormwatch_2022.png,images/bottle_San_Simeon_Wines_Stormwatch_2022.png,Paso Robles,San Simeon Wines,"oak, black fruit, spices, non oak, red fruit, earth, microbio, dried fruit, floral, vegetal, tree fruit, citrus fruit","Beef, Lamb, Game (deer, venison), Poultry",Cabernet Sauvignon
Robert Mondavi Winery Oakville Cabernet Sauvignon 2019,United States,71.99,4.4,images/Robert_Mondavi_Winery_Oakville_Cabernet_Sauvignon_.png,images/bottle_Robert_Mondavi_Winery_Oakville_Cabernet_Sau.png,Oakville,Robert Mondavi Winery,"oak, black fruit, non oak, earth, spices, red fruit, microbio, dried fruit, vegetal, floral, tropical fruit, citrus fruit, tree fruit","Beef, Lamb, Game (deer, venison), Mature and hard cheese, Poultry",Cabernet Sauvignon
Juslyn Cabernet Sauvignon 2016,United States,210,4.4,images/Juslyn_Cabernet_Sauvignon_2016.png,images/bottle_Juslyn_Cabernet_Sauvignon_2016.png,Spring Mountain District,Juslyn,"oak, black fruit, non oak, earth, spices, red fruit, microbio, dried fruit, citrus fruit, vegetal","Beef, Lamb, Game (deer, venison), Mature and hard cheese, Poultry",Cabernet Sauvignon
St. Francis Reserve Cabernet Sauvignon 2021,United States,41.99,4.2,images/St_Francis_Reserve_Cabernet_Sauvignon_2021.png,images/bottle_St_Francis_Reserve_Cabernet_Sauvignon_2021.png,Alexander Valley,St. Francis,"oak, black fruit, earth, non oak, red fruit, spices, microbio, dried fruit, tropical fruit, citrus fruit, floral, vegetal","Beef, Lamb, Game (deer, venison)",Cabernet Sauvignon
Paul Hobbs Beckstoffer Las Piedras Vineyard Cabernet Sauvignon 2019,United States,329.99,4.7,images/Paul_Hobbs_Beckstoffer_Las_Piedras_Vineyard_Cabern.png,images/bottle_Paul_Hobbs_Beckstoffer_Las_Piedras_Vineyard.png,St. Helena,Paul Hobbs,"oak, black fruit, earth, non oak, spices, red fruit, microbio, dried fruit, floral, vegetal, tree fruit, tropical fruit","Beef, Lamb, Game (deer, venison), Mature and hard cheese, Poultry",Cabernet Sauvignon
Bello Cabernet Sauvignon 2020,United States,100,4.4,images/Bello_Cabernet_Sauvignon_2020.png,images/bottle_Bello_Cabernet_Sauvignon_2020.png,Rutherford,Bello,"oak, earth, black fruit, non oak, spices, red fruit, dried fruit, vegetal","Beef, Lamb, Game (deer, venison), Mature and hard cheese, Poultry",Cabernet Sauvignon
San Leonardo Terre di San Leonardo 2018,Italy,19.99,3.9,images/San_Leonardo_Terre_di_San_Leonardo_2018.png,images/bottle_San_Leonardo_Terre_di_San_Leonardo_2018.png,Vigneti delle Dolomiti,San Leonardo,"oak, black fruit, earth, red fruit, non oak, spices, microbio, vegetal, floral, dried fruit, citrus fruit, tree fruit","Beef, Pasta, Lamb, Game (deer, venison)","Nebbiolo, Barbera, Dolcetto"
Shafer One Point Five Cabernet Sauvignon 2021,United States,89.99,4.4,images/Shafer_One_Point_Five_Cabernet_Sauvignon_2021.png,images/bottle_Shafer_One_Point_Five_Cabernet_Sauvignon_20.png,Stags Leap District,Shafer,"oak, black fruit, non oak, earth, spices, red fruit, microbio, floral, dried fruit, vegetal, citrus fruit, tree fruit, tropical fruit","Beef, Lamb, Game (deer, venison), Mature and hard cheese, Poultry",Cabernet Sauvignon
Kendall-Jackson Vintner's Reserve Cabernet Sauvignon 2015,United States,29.27,3.7,images/Kendall_Jackson_Vintners_Reserve_Cabernet_Sauvigno.png,images/bottle_Kendall_Jackson_Vintners_Reserve_Cabernet_S.png,Sonoma County,Kendall-Jackson,"oak, black fruit, non oak, red fruit, spices, earth, microbio, dried fruit, citrus fruit, vegetal, tree fruit, floral, tropical fruit","Beef, Lamb, Game (deer, venison)",Cabernet Sauvignon
Hall Kathryn Hall Cabernet Sauvignon 2014,United States,199.99,4.6,images/Hall_Kathryn_Hall_Cabernet_Sauvignon_2014.png,images/bottle_Hall_Kathryn_Hall_Cabernet_Sauvignon_2014.png,Napa Valley,Hall,"oak, black fruit, earth, non oak, spices, red fruit, microbio, vegetal, floral, dried fruit, tree fruit, citrus fruit, tropical fruit","Beef, Lamb, Game (deer, venison), Mature and hard cheese, Poultry",Cabernet Sauvignon
Coastline Cabernet Sauvignon 2021,United States,18.97,3.5,images/Coastline_CabernetSauvignon_2021.png,images/bottle_Coastline_CabernetSauvignon_2021.png,Central Coast,Coastline,"black fruit, oak, spices, non oak, red fruit, earth, dried fruit, microbio, vegetal, citrus fruit","Beef, Lamb, Game (deer, venison), Poultry",Cabernet Sauvignon
Caymus Vineyards 1858 Cabernet Sauvignon 2016,United States,53,4.3,images/Caymus_Vineyards_1858_Cabernet_Sauvignon_2016.png,images/bottle_Caymus_Vineyards_1858_Cabernet_Sauvignon_20.png,Napa Valley,Caymus Vineyards,"oak, black fruit, red fruit, non oak, spices, earth, dried fruit, microbio, vegetal, floral, tree fruit, citrus fruit, tropical fruit","Beef, Lamb, Game (deer, venison), Mature and hard cheese, Poultry",Cabernet Sauvignon
Franciscan Cabernet Sauvignon 2022,United States,19.99,3.8,images/Franciscan_Cabernet_Sauvignon_2022.png,images/bottle_Franciscan_Cabernet_Sauvignon_2022.png,California,Franciscan,"oak, black fruit, non oak, red fruit, earth, spices, microbio, dried fruit, vegetal, tree fruit, floral, citrus fruit, tropical fruit","Beef, Lamb, Game (deer, venison), Poultry",Cabernet Sauvignon
Sequoia Grove Cabernet Sauvignon  2019,United States,99.99,4.3,images/Sequoia_Grove_Cabernet_Sauvignon_2019.png,images/bottle_Sequoia_Grove_Cabernet_Sauvignon_2019.png,Napa Valley,Sequoia Grove,"oak, black fruit, non oak, earth, spices, red fruit, microbio, vegetal, dried fruit, floral, tree fruit, citrus fruit, tropical fruit","Beef, Lamb, Game (deer, venison), Mature and hard cheese, Poultry",Cabernet Sauvignon
Juggernaut Hillside Cabernet Sauvignon 2021,United States,15.99,4,images/Juggernaut_Hillside_Cabernet_Sauvignon_2021.png,images/bottle_Juggernaut_Hillside_Cabernet_Sauvignon_2021.png,California,Juggernaut,"oak, black fruit, non oak, spices, earth, red fruit, microbio, dried fruit, vegetal, floral, tree fruit, citrus fruit, tropical fruit","Beef, Lamb, Game (deer, venison), Poultry",Cabernet Sauvignon
Lokoya Howell Mountain Cabernet Sauvignon 2016,United States,315,4.7,images/Lokoya_Howell_Mountain_CabernetSauvignon_2016.png,images/bottle_Lokoya_Howell_Mountain_CabernetSauvignon_20.png,Howell Mountain,Lokoya,"oak, black fruit, earth, non oak, spices, red fruit, floral, microbio, dried fruit","Beef, Lamb, Game (deer, venison), Mature and hard cheese, Poultry",Cabernet Sauvignon
Gamble Family Vineyards Cabernet Sauvignon 2023,United States,100,4.2,images/Gamble_Family_Vineyards_Cabernet_Sauvignon_2023.png,images/bottle_Gamble_Family_Vineyards_Cabernet_Sauvignon_.png,Napa Valley,Gamble Family Vineyards,"oak, black fruit, earth, non oak, spices, red fruit, microbio, floral, vegetal, dried fruit, tree fruit","Beef, Lamb, Game (deer, venison), Mature and hard cheese, Poultry",Cabernet Sauvignon
Banfi Cum Laude 2021,Italy,39.99,4,images/Banfi_Cum_Laude_2021.png,images/bottle_Banfi_Cum_Laude_2021.png,Toscana,Banfi,"oak, black fruit, earth, non oak, red fruit, spices, dried fruit, microbio, vegetal, floral, citrus fruit, tree fruit","Beef, Lamb, Veal, Poultry, Cured Meat","Cabernet Sauvignon, Merlot, Sangiovese, Canaiolo Nero"
Lifevine Cabernet Sauvignon 2023,United States,13.99,3.8,images/Lifevine_Cabernet_Sauvignon_2023.png,images/bottle_Lifevine_Cabernet_Sauvignon_2023.png,California,Lifevine,"black fruit, earth, oak, red fruit, non oak, spices, dried fruit, microbio","Beef, Lamb, Game (deer, venison), Poultry",Cabernet Sauvignon
Mascota Vineyards La Mascota Cabernet Sauvignon 2022,Argentina,16.97,3.8,images/Mascota_Vineyards_La_Mascota_Cabernet_Sauvignon_20.png,images/bottle_Mascota_Vineyards_La_Mascota_Cabernet_Sauvi.png,Mendoza,Mascota Vineyards,"oak, black fruit, red fruit, earth, non oak, spices, dried fruit, microbio, vegetal, floral, tree fruit, citrus fruit, tropical fruit","Beef, Lamb, Poultry",Cabernet Sauvignon
Miguel Torres Chile Las Mulas Reserva Cabernet Sauvignon 2021,Chile,11.99,3.8,images/Miguel_Torres_Chile_Las_Mulas_Reserva_Cabernet_Sau.png,images/bottle_Miguel_Torres_Chile_Las_Mulas_Reserva_Caber.png,Central Valley,Miguel Torres Chile,"black fruit, oak, red fruit, earth, spices, non oak, microbio, citrus fruit, vegetal, dried fruit, tree fruit, floral, tropical fruit","Beef, Lamb, Game (deer, venison), Poultry",Cabernet Sauvignon
El Cielo Kepler Cabernet Sauvignon 2020,Mexico,43.99,3.9,images/El_Cielo_Kepler_Cabernet_Sauvignon_2020.jpg,,Valle de Guadalupe,El Cielo,"oak, earth, red fruit, non oak, black fruit, spices, microbio, vegetal","Beef, Lamb, Poultry",Cabernet Sauvignon
Cass Cabernet Sauvignon 2022,United States,55,4,images/Cass_Cabernet_Sauvignon_2022.png,images/bottle_Cass_Cabernet_Sauvignon_2022.png,Paso Robles,Cass,"black fruit, red fruit, oak, earth, non oak, spices, microbio, vegetal, tree fruit, floral, dried fruit, citrus fruit, tropical fruit","Beef, Lamb, Game (deer, venison)",Cabernet Sauvignon
Far Niente Cabernet Sauvignon 2021,United States,99.99,4.4,images/Far_Niente_Cabernet_Sauvignon_2021.png,images/bottle_Far_Niente_Cabernet_Sauvignon_2021.png,Napa Valley,Far Niente,"oak, black fruit, non oak, spices, earth, red fruit, microbio, floral, vegetal, dried fruit, citrus fruit, tree fruit","Beef, Lamb, Game (deer, venison), Mature and hard cheese, Poultry",Cabernet Sauvignon
Alexander Valley Vineyards Estate Cabernet Sauvignon 2021,United States,26.99,4,images/Alexander_Valley_Vineyards_Estate_Cabernet_Sauvign.png,images/bottle_Alexander_Valley_Vineyards_Estate_Cabernet_.png,Alexander Valley,Alexander Valley Vineyards,"oak, black fruit, earth, red fruit, non oak, spices, microbio, vegetal, dried fruit, floral, tree fruit, citrus fruit, tropical fruit","Beef, Lamb, Game (deer, venison)",Cabernet Sauvignon
Teperberg Vision Cabernet Sauvignon 2023,Israel,12.99,3.4,images/Teperberg_Vision_Cabernet_Sauvignon_2023.png,images/bottle_Teperberg_Vision_Cabernet_Sauvignon_2023.png,Judean Hills,Teperberg,"black fruit, oak, red fruit, non oak, spices, earth, microbio, dried fruit","Beef, Lamb, Poultry",Cabernet Sauvignon
Lewelling Vineyards Wight Vineyard Cabernet Sauvignon 2020,United States,89.99,4.3,images/Lewelling_Vineyards_Wight_Vineyard_Cabernet_Sauvig.png,images/bottle_Lewelling_Vineyards_Wight_Vineyard_Cabernet.png,St. Helena,Lewelling Vineyards,"oak, black fruit, earth, non oak, red fruit, spices, microbio, dried fruit, citrus fruit, floral, vegetal","Beef, Lamb, Game (deer, venison), Mature and hard cheese, Poultry",Cabernet Sauvignon
Pavette Cabernet Sauvignon 2022,United States,13.99,3.9,images/Pavette_Cabernet_Sauvignon_2022.png,images/bottle_Pavette_Cabernet_Sauvignon_2022.png,California,Pavette,"oak, red fruit, black fruit, spices, non oak, earth, dried fruit, vegetal, tree fruit, floral, microbio","Beef, Lamb, Game (deer, venison), Poultry",Cabernet Sauvignon
Penfolds Max's Cabernet Sauvignon 2021,Australia,15.99,4,images/Penfolds_Maxs_Cabernet_Sauvignon_2021.png,images/bottle_Penfolds_Maxs_Cabernet_Sauvignon_2021.png,South Australia,Penfolds,"black fruit, oak, spices, red fruit, non oak, earth, microbio, dried fruit, vegetal, floral, tree fruit, citrus fruit, tropical fruit","Beef, Lamb, Poultry",Cabernet Sauvignon
Moone-Tsai Cor Leonis 2019,United States,335,4.6,images/Moone_Tsai_Cor_Leonis_2019.png,images/bottle_Moone_Tsai_Cor_Leonis_2019.png,Napa Valley,Moone-Tsai,"black fruit, oak, red fruit, non oak, spices, earth, dried fruit, microbio, tree fruit, citrus fruit, floral, vegetal","Beef, Lamb, Game (deer, venison), Mature and hard cheese, Poultry",Cabernet Sauvignon
Noble Vines 337 Cabernet Sauvignon 2021,United States,11.99,3.9,images/Noble_Vines_337_Cabernet_Sauvignon_2021.png,images/bottle_Noble_Vines_337_Cabernet_Sauvignon_2021.png,Lodi,Noble Vines,"oak, black fruit, red fruit, non oak, spices, earth, microbio, dried fruit, vegetal, floral, citrus fruit, tree fruit, tropical fruit","Beef, Lamb, Game (deer, venison), Poultry",Cabernet Sauvignon
Crosby Cabernet Sauvignon 2022,United States,12.99,3.7,images/Crosby_Cabernet_Sauvignon_2022.png,images/bottle_Crosby_Cabernet_Sauvignon_2022.png,California,Crosby,"black fruit, red fruit, oak, spices, non oak, earth, tree fruit, citrus fruit, microbio","Beef, Lamb, Game (deer, venison), Poultry",Cabernet Sauvignon
Gamble Family Vineyards Family Home Cabernet Sauvignon 2022,United States,225,4.3,images/Gamble_Family_Vineyards_Family_Home_Cabernet_Sauvi.png,images/bottle_Gamble_Family_Vineyards_Family_Home_Caberne.png,Oakville,Gamble Family Vineyards,"oak, black fruit, red fruit, earth, non oak, spices, vegetal, microbio, dried fruit, tree fruit, floral, citrus fruit","Beef, Lamb, Game (deer, venison), Mature and hard cheese, Poultry",Cabernet Sauvignon
Château Chevalier Cabernet Sauvignon 1978,United States,260,4,images/Chteau_Chevalier_Cabernet_Sauvignon_1978.png,images/bottle_Chteau_Chevalier_Cabernet_Sauvignon_1978.png,Spring Mountain District,Château Chevalier,"oak, non oak, earth, black fruit, spices, red fruit, dried fruit, floral, tree fruit","Beef, Lamb, Game (deer, venison), Mature and hard cheese, Poultry",Cabernet Sauvignon
Schrader Cabernet Sauvignon LPV Beckstoffer Las Piedras Vineyard 2019,United States,449.99,4.7,images/Schrader_Cabernet_Sauvignon_LPV_Beckstoffer_Las_Pi.png,images/bottle_Schrader_Cabernet_Sauvignon_LPV_Beckstoffer.png,Napa Valley,Schrader,"black fruit, oak, earth, red fruit, spices, non oak, dried fruit, citrus fruit, floral, vegetal","Beef, Lamb, Game (deer, venison), Mature and hard cheese, Poultry",Cabernet Sauvignon
Turnbull Leopoldina Cabernet Sauvignon 2021,United States,145,4.6,images/Turnbull_Leopoldina_Cabernet_Sauvignon_2021.png,images/bottle_Turnbull_Leopoldina_Cabernet_Sauvignon_2021.png,Oakville,Turnbull,"black fruit, oak, red fruit, earth, spices, non oak, vegetal, microbio, dried fruit, citrus fruit, floral","Beef, Lamb, Game (deer, venison), Mature and hard cheese, Poultry",Cabernet Sauvignon
Reynolds Family Winery Cabernet Sauvignon Reserve 2021,United States,156,4.6,images/Reynolds_Family_Winery_Cabernet_Sauvignon_Reserve_.png,images/bottle_Reynolds_Family_Winery_Cabernet_Sauvignon_R.png,Stags Leap District,Reynolds Family Winery,"black fruit, oak, red fruit, earth, non oak, spices, dried fruit, microbio, vegetal","Beef, Lamb, Game (deer, venison), Mature and hard cheese, Poultry",Cabernet Sauvignon
Swanson Cabernet Sauvignon 1994,United States,164,4.1,images/Swanson_Cabernet_Sauvignon_1994.png,images/bottle_Swanson_Cabernet_Sauvignon_1994.png,Napa Valley,Swanson,"black fruit, oak, spices, red fruit, non oak, earth, microbio, dried fruit, vegetal, floral, tree fruit, citrus fruit","Beef, Lamb, Game (deer, venison), Mature and hard cheese, Poultry",Cabernet Sauvignon
Buoncristiani Cabernet Sauvignon 2021,United States,140,4.4,images/Buoncristiani_Cabernet_Sauvignon_2021.png,images/bottle_Buoncristiani_Cabernet_Sauvignon_2021.png,Napa Valley,Buoncristiani,"oak, black fruit, earth, non oak, spices, red fruit, microbio, dried fruit, vegetal","Beef, Lamb, Game (deer, venison), Mature and hard cheese, Poultry",Cabernet Sauvignon
Realm Beckstoffer Dr. Crane Vineyard 2022,United States,715,4.7,images/Realm_Beckstoffer_Dr_Crane_Vineyard_2022.png,images/bottle_Realm_Beckstoffer_Dr_Crane_Vineyard_2022.png,St. Helena,Realm,"oak, black fruit, earth, non oak, spices, red fruit, dried fruit, floral, microbio","Beef, Lamb, Game (deer, venison), Mature and hard cheese, Poultry",Cabernet Sauvignon
Far Niente Estate Bottled Cabernet Sauvignon 2015,United States,199.99,4.6,images/Far_Niente_Estate_Bottled_Cabernet_Sauvignon_2015.png,images/bottle_Far_Niente_Estate_Bottled_Cabernet_Sauvigno.png,Oakville,Far Niente,"oak, black fruit, earth, non oak, red fruit, spices, microbio, dried fruit, floral, vegetal, tree fruit, citrus fruit, tropical fruit","Beef, Lamb, Game (deer, venison), Mature and hard cheese, Poultry",Cabernet Sauvignon
Michael David Winery Earthquake Cabernet Sauvignon 2021,United States,24.99,4,images/Michael_David_Winery_Earthquake_Cabernet_Sauvignon.png,images/bottle_Michael_David_Winery_Earthquake_Cabernet_Sa.png,Lodi,Michael David Winery,"oak, black fruit, non oak, earth, red fruit, spices, dried fruit, microbio, floral, vegetal, citrus fruit, tree fruit, tropical fruit","Beef, Lamb, Game (deer, venison), Poultry",Cabernet Sauvignon
Shafer Hillside Select Cabernet Sauvignon 2011,United States,275,4.6,images/Shafer_Hillside_Select_Cabernet_Sauvignon_2011.png,images/bottle_Shafer_Hillside_Select_Cabernet_Sauvignon_2.png,Stags Leap District,Shafer,"oak, black fruit, non oak, earth, spices, red fruit, microbio, floral, dried fruit, vegetal, citrus fruit, tree fruit, tropical fruit","Beef, Lamb, Game (deer, venison), Mature and hard cheese, Poultry",Cabernet Sauvignon
Martin Ray Diamond Mountain District Cabernet Sauvignon 1995,United States,128,4.2,images/Martin_Ray_Diamond_Mountain_District_Cabernet_Sauv.png,images/bottle_Martin_Ray_Diamond_Mountain_District_Cabern.png,Diamond Mountain District,Martin Ray,"oak, black fruit, earth, non oak, red fruit, spices, microbio, dried fruit, tropical fruit, floral","Beef, Lamb, Game (deer, venison), Mature and hard cheese, Poultry",Cabernet Sauvignon
Becker Vineyards Canada Family Vineyard Reserve Cabernet Sauvignon 2021,United States,61,4.1,images/Becker_Vineyards_Canada_Family_Vineyard_Reserve_Ca.png,images/bottle_Becker_Vineyards_Canada_Family_Vineyard_Res.png,Texas High Plains,Becker Vineyards,"oak, non oak, earth, black fruit, spices, red fruit, microbio, dried fruit, citrus fruit, tree fruit, floral, vegetal, tropical fruit","Beef, Lamb, Game (deer, venison), Mature and hard cheese, Mushrooms",Cabernet Sauvignon
San Simeon Wines Cabernet Sauvignon 2021,United States,22.99,4.1,images/San_Simeon_Wines_Cabernet_Sauvignon_2021.png,images/bottle_San_Simeon_Wines_Cabernet_Sauvignon_2021.png,Paso Robles,San Simeon Wines,"oak, black fruit, non oak, spices, earth, red fruit, microbio, dried fruit, floral, tree fruit, citrus fruit, vegetal, tropical fruit","Beef, Lamb, Game (deer, venison)",Cabernet Sauvignon
Dunn Trailer Vineyard Cabernet Sauvignon 2012,United States,400,4.5,images/Dunn_Trailer_Vineyard_Cabernet_Sauvignon_2012.png,images/bottle_Dunn_Trailer_Vineyard_Cabernet_Sauvignon_20.png,Howell Mountain,Dunn,"oak, black fruit, earth, non oak, spices, red fruit, dried fruit, microbio, floral, vegetal","Beef, Lamb, Game (deer, venison), Mature and hard cheese, Poultry",Cabernet Sauvignon
Andrew Will Cabernet Sauvignon 2017,United States,84.99,4.1,images/Andrew_Will_Cabernet_Sauvignon_2017.png,images/bottle_Andrew_Will_Cabernet_Sauvignon_2017.png,Columbia Valley,Andrew Will,"black fruit, oak, earth, non oak, spices, red fruit, microbio, dried fruit, floral, vegetal","Beef, Lamb, Game (deer, venison), Poultry",Cabernet Sauvignon
Achaval-Ferrer Mendoza Cabernet Sauvignon 2018,Argentina,19.99,4.2,images/Achaval_Ferrer_Mendoza_Cabernet_Sauvignon_2018.png,images/bottle_Achaval_Ferrer_Mendoza_Cabernet_Sauvignon_2.png,Mendoza,Achaval-Ferrer,"oak, black fruit, earth, non oak, red fruit, spices, microbio, vegetal, dried fruit, floral, citrus fruit, tree fruit, tropical fruit","Beef, Lamb, Poultry",Cabernet Sauvignon
Layer Cake Bourbon Barrel Aged Cabernet Sauvignon 2019,United States,20.99,4,images/Layer_Cake_Bourbon_Barrel_Aged_Cabernet_Sauvignon_.png,images/bottle_Layer_Cake_Bourbon_Barrel_Aged_Cabernet_Sau.png,California,Layer Cake,"oak, non oak, spices, black fruit, red fruit, earth, microbio, dried fruit, citrus fruit, floral, vegetal, tree fruit","Beef, Lamb, Game (deer, venison), Poultry",Cabernet Sauvignon
Realm Moonracer 2022,United States,399.99,4.6,images/Realm_Moonracer_2022.png,images/bottle_Realm_Moonracer_2022.png,Stags Leap District,Realm,"black fruit, oak, non oak, earth, spices, red fruit, dried fruit, floral, citrus fruit, tree fruit, vegetal, tropical fruit, microbio","Beef, Lamb, Game (deer, venison), Mature and hard cheese, Poultry",Cabernet Sauvignon
Barbour Cabernet Sauvignon 2022,United States,199.99,4.5,images/Barbour_Cabernet_Sauvignon_2022.png,images/bottle_Barbour_Cabernet_Sauvignon_2022.png,St. Helena,Barbour,"black fruit, oak, non oak, spices, red fruit, earth, microbio, dried fruit, vegetal, floral","Beef, Lamb, Game (deer, venison), Mature and hard cheese, Poultry",Cabernet Sauvignon
Morlet Family Vineyards Cabernet Sauvignon Mon Chevalier 2018,United States,199.99,4.5,images/Morlet_Family_Vineyards_Cabernet_Sauvignon_Mon_Che.png,images/bottle_Morlet_Family_Vineyards_Cabernet_Sauvignon_.png,Knights Valley,Morlet Family Vineyards,"oak, black fruit, earth, non oak, spices, red fruit, floral, microbio, vegetal, dried fruit, citrus fruit, tropical fruit","Beef, Lamb, Game (deer, venison)",Cabernet Sauvignon
Substance Cabernet Sauvignon (Cs) 2021,United States,20.99,3.8,images/Substance_Cabernet_Sauvignon_Cs_2021.png,images/bottle_Substance_Cabernet_Sauvignon_Cs_2021.png,Columbia Valley,Substance,"black fruit, oak, non oak, earth, red fruit, spices, microbio, dried fruit, vegetal, floral, citrus fruit, tree fruit, tropical fruit","Beef, Lamb, Game (deer, venison), Poultry",Cabernet Sauvignon
Smith & Hook Cabernet Sauvignon 2020,United States,15.99,4,images/Smith_Hook_Cabernet_Sauvignon_2020.png,images/bottle_Smith_Hook_Cabernet_Sauvignon_2020.png,Central Coast,Smith & Hook,"oak, black fruit, non oak, red fruit, earth, spices, microbio, dried fruit, vegetal, floral, tree fruit, citrus fruit, tropical fruit","Beef, Lamb, Game (deer, venison), Poultry",Cabernet Sauvignon
Josh Cellars Reserve Bourbon Barrel Aged Cabernet Sauvignon 2021,United States,19.99,4,images/Josh_Cellars_Reserve_Bourbon_Barrel_Aged_Cabernet_.png,images/bottle_Josh_Cellars_Reserve_Bourbon_Barrel_Aged_Ca.png,California,Josh Cellars,"oak, non oak, spices, black fruit, earth, red fruit, microbio, dried fruit, vegetal, tree fruit, citrus fruit, floral, tropical fruit","Beef, Lamb, Game (deer, venison), Poultry",Cabernet Sauvignon
Morlet Family Vineyards Les Petits Morlet Cabernet Sauvignon 2019,United States,136.99,4.5,images/Morlet_Family_Vineyards_Les_Petits_Morlet_Cabernet.png,images/bottle_Morlet_Family_Vineyards_Les_Petits_Morlet_C.png,California,Morlet Family Vineyards,"oak, black fruit, earth, non oak, red fruit, spices, floral, microbio, vegetal, dried fruit","Beef, Lamb, Game (deer, venison), Poultry",Cabernet Sauvignon
Barkan Superieur Cabernet Sauvignon 2017,Israel,79.99,4.1,images/Barkan_Superieur_Cabernet_Sauvignon_2017.png,images/bottle_Barkan_Superieur_Cabernet_Sauvignon_2017.png,Upper Galilee,Barkan,"black fruit, oak, spices, red fruit, non oak, earth, dried fruit, tree fruit, microbio, tropical fruit, citrus fruit, floral","Beef, Lamb, Poultry",Cabernet Sauvignon
ZD Wines Abacus Cabernet Sauvignon,United States,499.99,4.8,images/ZD_Wines_Abacus_Cabernet_Sauvignon.png,images/bottle_ZD_Wines_Abacus_Cabernet_Sauvignon.png,Napa Valley,ZD Wines,"oak, black fruit, non oak, red fruit, spices, earth, dried fruit, citrus fruit, microbio","Beef, Lamb, Game (deer, venison), Mature and hard cheese, Poultry",Cabernet Sauvignon
Jack Nicklaus Cabernet Sauvignon 2018,United States,164.99,4.1,images/Jack_Nicklaus_Cabernet_Sauvignon_2018.png,images/bottle_Jack_Nicklaus_Cabernet_Sauvignon_2018.png,Napa Valley,Jack Nicklaus,"black fruit, oak, red fruit, non oak, spices, earth, microbio, dried fruit, tree fruit, vegetal","Beef, Lamb, Game (deer, venison), Mature and hard cheese, Poultry",Cabernet Sauvignon
Kelham Cabernet Sauvignon 1998,United States,60,4.5,images/Kelham_Cabernet_Sauvignon_1998.png,images/bottle_Kelham_Cabernet_Sauvignon_1998.png,Oakville,Kelham,"oak, earth, black fruit, non oak, spices, red fruit, floral, microbio, vegetal, dried fruit","Beef, Lamb, Game (deer, venison), Mature and hard cheese, Poultry",Cabernet Sauvignon
Vineyard 29 Estate Cabernet Sauvignon 2018,United States,289.99,4.6,images/Vineyard_29_Estate_Cabernet_Sauvignon_2018.png,images/bottle_Vineyard_29_Estate_Cabernet_Sauvignon_2018.png,Napa Valley,Vineyard 29,"oak, black fruit, earth, non oak, spices, red fruit, dried fruit, microbio, floral, tree fruit, vegetal","Beef, Lamb, Game (deer, venison), Mature and hard cheese, Poultry",Cabernet Sauvignon
Grace Family Vineyards Blank Vineyards Cabernet Sauvignon 2016,United States,279.99,4.3,images/Grace_Family_Vineyards_Blank_Vineyards_Cabernet_Sa.png,images/bottle_Grace_Family_Vineyards_Blank_Vineyards_Cabe.png,Napa Valley,Grace Family Vineyards,"spices, black fruit, oak, red fruit, earth, non oak, microbio, dried fruit, vegetal, tree fruit, citrus fruit, floral","Beef, Lamb, Game (deer, venison), Mature and hard cheese, Poultry",Cabernet Sauvignon
Intrinsic Cabernet Sauvignon 2017,United States,24.66,3.8,images/Intrinsic_Cabernet_Sauvignon_2017.png,images/bottle_Intrinsic_Cabernet_Sauvignon_2017.png,Columbia Valley,Intrinsic,"oak, black fruit, red fruit, non oak, earth, spices, microbio, dried fruit, vegetal, floral, citrus fruit, tree fruit, tropical fruit","Beef, Lamb, Game (deer, venison), Poultry",Cabernet Sauvignon
Morlet Family Vineyards Cabernet Sauvignon Passionnément 2018,United States,399.99,4.6,images/Morlet_Family_Vineyards_Cabernet_Sauvignon_Passion.png,images/bottle_Morlet_Family_Vineyards_Cabernet_Sauvignon_.png,Oakville,Morlet Family Vineyards,"oak, non oak, black fruit, spices, earth, red fruit, floral, vegetal, dried fruit, microbio, tree fruit","Beef, Lamb, Game (deer, venison), Mature and hard cheese, Poultry",Cabernet Sauvignon
Hendry HRW Cabernet Sauvignon 2021,United States,31.99,3.8,images/Hendry_HRW_Cabernet_Sauvignon_2021.png,images/bottle_Hendry_HRW_Cabernet_Sauvignon_2021.png,Napa Valley,Hendry,"black fruit, oak, earth, red fruit, non oak, spices, floral, vegetal, dried fruit, microbio","Beef, Lamb, Game (deer, venison), Mature and hard cheese, Poultry",Cabernet Sauvignon
St. Francis Cabernet Sauvignon 2021,United States,16.99,3.9,images/St_Francis_Cabernet_Sauvignon_2021.png,images/bottle_St_Francis_Cabernet_Sauvignon_2021.png,Sonoma County,St. Francis,"oak, black fruit, non oak, earth, red fruit, spices, microbio, dried fruit, vegetal, citrus fruit, floral, tree fruit, tropical fruit","Beef, Lamb, Game (deer, venison)",Cabernet Sauvignon
Snowden Brothers Vineyard Cabernet Sauvignon 2021,United States,109.99,4.3,images/Snowden_Brothers_Vineyard_Cabernet_Sauvignon_2021.png,images/bottle_Snowden_Brothers_Vineyard_Cabernet_Sauvigno.png,Napa Valley,Snowden,"black fruit, oak, earth, spices, non oak, red fruit, floral, tree fruit, microbio, dried fruit, citrus fruit, vegetal","Beef, Lamb, Game (deer, venison), Mature and hard cheese, Poultry",Cabernet Sauvignon
St. Supéry Cabernet Sauvignon 2019,United States,46.99,4.2,images/St_Supry_Cabernet_Sauvignon_2019.png,images/bottle_St_Supry_Cabernet_Sauvignon_2019.png,Napa Valley,St. Supéry,"oak, black fruit, non oak, red fruit, spices, earth, microbio, dried fruit, citrus fruit, vegetal, floral, tree fruit, tropical fruit","Beef, Lamb, Game (deer, venison), Mature and hard cheese, Poultry",Cabernet Sauvignon
Broc Cellars Le Clairet 2023,United States,27,4.1,images/Broc_Cellars_Le_Clairet_2023.png,images/bottle_Broc_Cellars_Le_Clairet_2023.png,California,Broc Cellars,"red fruit, black fruit, earth, oak, spices, non oak, dried fruit, floral, vegetal, microbio, tropical fruit, tree fruit","Beef, Lamb, Game (deer, venison), Poultry",Cabernet Sauvignon
Ménage à Trois Cabernet Sauvignon 2015,United States,22.99,3.6,images/Mnage_Trois_Cabernet_Sauvignon_2015.png,images/bottle_Mnage_Trois_Cabernet_Sauvignon_2015.png,North Coast,Ménage à Trois,"oak, black fruit, red fruit, non oak, earth, spices, microbio, vegetal, floral, tree fruit, dried fruit, citrus fruit, tropical fruit","Beef, Lamb, Game (deer, venison), Poultry",Cabernet Sauvignon
Kamen Kashmir Cuvee 2021,United States,250,4.6,images/Kamen_Kashmir_Cuvee_2021.png,images/bottle_Kamen_Kashmir_Cuvee_2021.png,Sonoma Valley,Kamen,"oak, earth, non oak, black fruit, spices, red fruit, microbio, floral, dried fruit","Beef, Lamb, Game (deer, venison)",Cabernet Sauvignon
Girasole Cabernet Sauvignon 2021,United States,14.99,3.8,images/Girasole_Cabernet_Sauvignon_2021.png,images/bottle_Girasole_Cabernet_Sauvignon_2021.png,Mendocino County,Girasole,"oak, black fruit, red fruit, spices, non oak, earth, dried fruit, vegetal, microbio, floral, tree fruit","Beef, Lamb, Game (deer, venison), Poultry",Cabernet Sauvignon
Stonestreet Christopher's Cabernet Sauvignon 2019,United States,200,4.4,images/Stonestreet_Christophers_Cabernet_Sauvignon_2019.png,images/bottle_Stonestreet_Christophers_Cabernet_Sauvignon.png,Alexander Valley,Stonestreet,"oak, black fruit, earth, non oak, spices, red fruit, microbio, floral, vegetal, dried fruit","Beef, Lamb, Game (deer, venison)",Cabernet Sauvignon
Ménage à Trois Bourbon Barrel Cabernet Sauvignon 2021,United States,12.99,3.9,images/Mnage_Trois_Bourbon_Barrel_Cabernet_Sauvignon_2021.png,images/bottle_Mnage_Trois_Bourbon_Barrel_Cabernet_Sauvign.png,California,Ménage à Trois,"oak, non oak, black fruit, spices, earth, red fruit, microbio, dried fruit, floral, vegetal, tree fruit, citrus fruit","Beef, Lamb, Game (deer, venison), Poultry",Cabernet Sauvignon
Robert Oatley Cabernet Sauvignon (Signature) 2019,Australia,22.99,3.8,images/Robert_Oatley_Cabernet_Sauvignon_Signature_2019.png,images/bottle_Robert_Oatley_Cabernet_Sauvignon_Signature_.png,Margaret River,Robert Oatley,"black fruit, oak, earth, non oak, spices, red fruit, vegetal, microbio, dried fruit, citrus fruit, tree fruit, floral, tropical fruit","Beef, Lamb, Poultry",Cabernet Sauvignon
Watermark Cabernet Sauvignon 2019,United States,92,4.3,images/Watermark_Cabernet_Sauvignon_2019.png,images/bottle_Watermark_Cabernet_Sauvignon_2019.png,Mount Veeder,Watermark,"oak, earth, black fruit, non oak, red fruit, spices, microbio, vegetal, dried fruit, floral","Beef, Lamb, Game (deer, venison), Mature and hard cheese, Poultry",Cabernet Sauvignon
Tattoo Girl Cabernet Sauvignon 2021,United States,14.99,3.7,images/Tattoo_Girl_Cabernet_Sauvignon_2021.png,images/bottle_Tattoo_Girl_Cabernet_Sauvignon_2021.png,Columbia Valley,Tattoo Girl,"red fruit, black fruit, oak, earth, spices, non oak, microbio, dried fruit, citrus fruit, floral, vegetal","Beef, Lamb, Game (deer, venison), Poultry",Cabernet Sauvignon
Sterling Vineyards Vintner's Collection Cabernet Sauvignon 2021,United States,12.99,3.7,images/Sterling_Vineyards_Vintners_Collection_Cabernet_Sa.png,images/bottle_Sterling_Vineyards_Vintners_Collection_Cabe.png,California,Sterling Vineyards,"oak, black fruit, red fruit, non oak, spices, earth, microbio, vegetal, dried fruit, citrus fruit, floral, tree fruit, tropical fruit","Beef, Lamb, Game (deer, venison), Poultry",Cabernet Sauvignon
Blankiet Cabernet Sauvignon (Paradise Hills Vineyard) 2011,United States,93,4.4,images/Blankiet_Cabernet_Sauvignon_Paradise_Hills_Vineyar.png,images/bottle_Blankiet_Cabernet_Sauvignon_Paradise_Hills_.png,Napa Valley,Blankiet,"black fruit, oak, earth, non oak, spices, red fruit, dried fruit, vegetal, microbio, floral, tropical fruit","Beef, Lamb, Game (deer, venison), Mature and hard cheese, Poultry",Cabernet Sauvignon
McManis Cabernet Sauvignon 2022,United States,10.99,4,images/McManis_Cabernet_Sauvignon_2022.png,images/bottle_McManis_Cabernet_Sauvignon_2022.png,Lodi,McManis,"oak, black fruit, non oak, earth, red fruit, spices, microbio, dried fruit, floral, tree fruit, vegetal, citrus fruit, tropical fruit","Beef, Lamb, Game (deer, venison), Poultry",Cabernet Sauvignon
Siegel Special Reserve Cabernet Sauvignon 2021,Chile,10.98,3.7,images/Siegel_Special_Reserve_Cabernet_Sauvignon_2021.png,images/bottle_Siegel_Special_Reserve_Cabernet_Sauvignon_2.png,Colchagua Valley,Siegel,"oak, earth, black fruit, spices, microbio, non oak, red fruit, citrus fruit","Beef, Lamb, Game (deer, venison), Poultry",Cabernet Sauvignon
Sterling Vineyards Diamond Mountain Ranch Cabernet Sauvignon 1995,United States,77,4.2,images/Sterling_Vineyards_Diamond_Mountain_Ranch_Cabernet.jpg,,Napa Valley,Sterling Vineyards,"oak, black fruit, earth, red fruit, spices, non oak, microbio, tree fruit, citrus fruit, tropical fruit, floral, vegetal","Beef, Lamb, Game (deer, venison), Mature and hard cheese, Poultry",Cabernet Sauvignon
Howell at the Moon Cabernet Sauvignon 2015,United States,139,4.3,images/Howell_at_the_Moon_Cabernet_Sauvignon_2015.png,images/bottle_Howell_at_the_Moon_Cabernet_Sauvignon_2015.png,Howell Mountain,Howell at the Moon,"black fruit, oak, red fruit, earth, spices, non oak, dried fruit, microbio, tree fruit, floral, vegetal","Beef, Lamb, Game (deer, venison), Mature and hard cheese, Poultry",Cabernet Sauvignon
B Cellars Beckstoffer To Kalon Vineyard Cabernet Sauvignon 2022,United States,350,4.8,images/B_Cellars_Beckstoffer_To_Kalon_Vineyard_Cabernet_S.png,images/bottle_B_Cellars_Beckstoffer_To_Kalon_Vineyard_Cab.png,Napa Valley,B Cellars,"black fruit, oak, earth, non oak, spices, red fruit, microbio, dried fruit, floral, vegetal","Beef, Lamb, Game (deer, venison), Mature and hard cheese, Poultry",Cabernet Sauvignon
The Mascot Cabernet Sauvignon 2019,United States,179.99,4.4,images/The_Mascot_Cabernet_Sauvignon_2019.png,images/bottle_The_Mascot_Cabernet_Sauvignon_2019.png,Napa Valley,The Mascot,"oak, black fruit, earth, non oak, spices, red fruit, microbio, dried fruit, floral, tree fruit, vegetal, citrus fruit, tropical fruit","Beef, Lamb, Game (deer, venison), Mature and hard cheese, Poultry",Cabernet Sauvignon
Hertelendy Cabernet Sauvignon 2019,United States,155,4.5,images/Hertelendy_Cabernet_Sauvignon_2019.png,images/bottle_Hertelendy_Cabernet_Sauvignon_2019.png,Napa Valley,Hertelendy,"oak, black fruit, earth, non oak, spices, red fruit, microbio, vegetal, dried fruit, floral","Beef, Lamb, Game (deer, venison), Mature and hard cheese, Poultry",Cabernet Sauvignon
Teperberg Essence Cabernet Sauvignon 2019,Israel,39.99,4.1,images/Teperberg_Essence_Cabernet_Sauvignon_2019.png,images/bottle_Teperberg_Essence_Cabernet_Sauvignon_2019.png,Jerusalem,Teperberg,"oak, black fruit, earth, non oak, red fruit, spices, vegetal, floral, microbio, tropical fruit, tree fruit, citrus fruit","Beef, Lamb, Poultry",Cabernet Sauvignon
Gandona Cabernet Sauvignon 2018,United States,279.99,4.6,images/Gandona_Cabernet_Sauvignon_2018.png,images/bottle_Gandona_Cabernet_Sauvignon_2018.png,Napa Valley,Gandona,"oak, black fruit, non oak, spices, earth, red fruit, dried fruit, floral","Beef, Lamb, Game (deer, venison), Mature and hard cheese, Poultry",Cabernet Sauvignon
Recoltant Cabernet Sauvignon 2018,United States,39.97,4.1,images/Recoltant_Cabernet_Sauvignon_2018.png,images/bottle_Recoltant_Cabernet_Sauvignon_2018.png,Napa Valley,Recoltant,"black fruit, oak, red fruit, non oak, spices, earth, floral, tree fruit, vegetal, microbio, dried fruit","Beef, Lamb, Game (deer, venison), Mature and hard cheese, Poultry",Cabernet Sauvignon
Norton Ridge Cabernet Sauvignon 2022,United States,14.99,4,images/Norton_Ridge_Cabernet_Sauvignon_2022.jpg,,Napa Valley,Norton Ridge,"oak, black fruit, red fruit, earth, spices, non oak, tree fruit, floral, vegetal, microbio","Beef, Lamb, Game (deer, venison), Mature and hard cheese, Poultry",Cabernet Sauvignon
Malk Cabernet Sauvignon 2019,United States,140,4.4,images/Malk_Cabernet_Sauvignon_2019.png,images/bottle_Malk_Cabernet_Sauvignon_2019.png,Stags Leap District,Malk,"oak, earth, black fruit, red fruit, non oak, spices, microbio, dried fruit, floral, vegetal, tree fruit, citrus fruit","Beef, Lamb, Game (deer, venison), Mature and hard cheese, Poultry",Cabernet Sauvignon
Flanagan The Beauty of Three 2020,United States,43,4.3,images/Flanagan_The_Beauty_of_Three_2020.png,images/bottle_Flanagan_The_Beauty_of_Three_2020.png,Sonoma County,Flanagan,"oak, black fruit, earth, red fruit, non oak, spices, vegetal, floral, dried fruit, microbio, tree fruit","Beef, Lamb, Game (deer, venison)",Cabernet Sauvignon
Herb Lamb Vineyards Two Old Dogs Cabernet Sauvignon 2021,United States,48.99,4.1,images/Herb_Lamb_Vineyards_Two_Old_Dogs_Cabernet_Sauvigno.png,images/bottle_Herb_Lamb_Vineyards_Two_Old_Dogs_Cabernet_S.png,Napa Valley,Herb Lamb Vineyards,"oak, black fruit, earth, red fruit, non oak, spices, vegetal, dried fruit, floral, microbio","Beef, Lamb, Game (deer, venison), Mature and hard cheese, Poultry",Cabernet Sauvignon
Alta Vista Estate Cabernet Sauvignon (Premium) 2011,Argentina,14.27,3.5,images/Alta_Vista_Estate_Cabernet_Sauvignon_Premium_2011.png,images/bottle_Alta_Vista_Estate_Cabernet_Sauvignon_Premiu.png,Mendoza,Alta Vista,"oak, black fruit, spices, earth, non oak, red fruit, vegetal, floral, microbio, dried fruit, tree fruit","Beef, Lamb, Poultry",Cabernet Sauvignon
Robert Craig Cabernet Sauvignon Spring Mountain 2021,United States,115,4.3,images/Robert_Craig_Cabernet_Sauvignon_Spring_Mountain_20.png,images/bottle_Robert_Craig_Cabernet_Sauvignon_Spring_Moun.png,Spring Mountain District,Robert Craig,"oak, black fruit, non oak, red fruit, earth, spices, dried fruit, microbio, vegetal","Beef, Lamb, Game (deer, venison), Mature and hard cheese, Poultry",Cabernet Sauvignon
Oak Grove Cabernet Sauvignon 2013,United States,10.97,3.3,images/Oak_Grove_Cabernet_Sauvignon_2013.png,images/bottle_Oak_Grove_Cabernet_Sauvignon_2013.png,California,Oak Grove,"red fruit, oak, black fruit, non oak, spices, earth, microbio, dried fruit, citrus fruit, tree fruit, floral, vegetal","Beef, Lamb, Game (deer, venison), Poultry",Cabernet Sauvignon
Kenefick Ranch Cabernet Sauvignon 2022,United States,158,4.5,images/Kenefick_Ranch_Cabernet_Sauvignon_2022.png,images/bottle_Kenefick_Ranch_Cabernet_Sauvignon_2022.png,Napa Valley,Kenefick Ranch,"earth, oak, black fruit, non oak, spices, red fruit, vegetal, floral, microbio, dried fruit, tree fruit","Beef, Lamb, Game (deer, venison), Mature and hard cheese, Poultry",Cabernet Sauvignon
Hobo Cabernet Sauvignon 2022,United States,26,3.8,images/Hobo_Cabernet_Sauvignon_2022.png,images/bottle_Hobo_Cabernet_Sauvignon_2022.png,Alexander Valley,Hobo,"oak, black fruit, earth, non oak, spices, red fruit, microbio, dried fruit, vegetal","Beef, Lamb, Game (deer, venison)",Cabernet Sauvignon
PlumpJack Estate Cabernet Sauvignon 2019,United States,475,4.5,images/PlumpJack_Estate_Cabernet_Sauvignon_2019.png,images/bottle_PlumpJack_Estate_Cabernet_Sauvignon_2019.png,Oakville,PlumpJack,"black fruit, oak, non oak, earth, spices, red fruit, dried fruit, microbio, vegetal, floral, tree fruit, citrus fruit, tropical fruit","Beef, Lamb, Game (deer, venison), Mature and hard cheese, Poultry",Cabernet Sauvignon
Flora Springs Hillside Reserve Cabernet Sauvignon 1995,United States,139,4.6,images/Flora_Springs_Hillside_Reserve_Cabernet_Sauvignon_.png,images/bottle_Flora_Springs_Hillside_Reserve_Cabernet_Sau.png,Rutherford,Flora Springs,"oak, black fruit, non oak, red fruit, earth, spices, microbio, dried fruit, tree fruit, citrus fruit","Beef, Lamb, Game (deer, venison), Mature and hard cheese, Poultry",Cabernet Sauvignon
Grounded Wine Co Cabernet Sauvignon 2021,United States,18.99,4,images/Grounded_Wine_Co_Cabernet_Sauvignon_2021.png,images/bottle_Grounded_Wine_Co_Cabernet_Sauvignon_2021.png,California,Grounded Wine Co,"red fruit, oak, non oak, spices, black fruit, earth, microbio, dried fruit, tree fruit, citrus fruit, floral","Beef, Lamb, Game (deer, venison), Poultry",Cabernet Sauvignon
TOR Oakville Cabernet Sauvignon 2022,United States,119.99,4.4,images/TOR_Oakville_Cabernet_Sauvignon_2022.png,images/bottle_TOR_Oakville_Cabernet_Sauvignon_2022.png,Oakville,TOR,"oak, black fruit, earth, non oak, red fruit, spices, dried fruit, tree fruit, vegetal, floral","Beef, Lamb, Game (deer, venison), Mature and hard cheese, Poultry",Cabernet Sauvignon
Andretti Cabernet Sauvignon 2022,United States,79,3.9,images/Andretti_Cabernet_Sauvignon_2022.png,images/bottle_Andretti_Cabernet_Sauvignon_2022.png,Napa Valley,Andretti,"oak, black fruit, red fruit, non oak, earth, spices, citrus fruit, vegetal, microbio, dried fruit, tree fruit","Beef, Lamb, Game (deer, venison), Mature and hard cheese, Poultry",Cabernet Sauvignon
Los Vascos Le Dix de Los Vascos 2017,Chile,69.99,4.3,images/Los_Vascos_Le_Dix_de_Los_Vascos_2017.png,images/bottle_Los_Vascos_Le_Dix_de_Los_Vascos_2017.png,Colchagua Valley,Los Vascos,"oak, black fruit, earth, non oak, spices, red fruit, vegetal, microbio, dried fruit, floral, citrus fruit, tree fruit, tropical fruit","Beef, Lamb, Game (deer, venison), Poultry",Cabernet Sauvignon
Conn Creek Limited Release Cabernet Sauvignon 2001,United States,150,4,images/Conn_Creek_Limited_Release_Cabernet_Sauvignon_2001.jpg,,Napa Valley,Conn Creek,"oak, non oak, spices, black fruit, red fruit, earth, microbio, floral, dried fruit","Beef, Lamb, Game (deer, venison), Mature and hard cheese, Poultry",Cabernet Sauvignon
Sinegal Estate Napa Valley Cabernet Sauvignon 2021,United States,79.99,4.3,images/Sinegal_Estate_Napa_Valley_Cabernet_Sauvignon_2021.png,images/bottle_Sinegal_Estate_Napa_Valley_Cabernet_Sauvign.png,Napa Valley,Sinegal Estate,"oak, black fruit, non oak, earth, spices, red fruit, microbio, dried fruit, floral, vegetal, tree fruit, citrus fruit","Beef, Lamb, Game (deer, venison), Mature and hard cheese, Poultry",Cabernet Sauvignon
Tabor Adama Cabernet Sauvignon 2018,Israel,24.99,3.6,images/Tabor_Adama_Cabernet_Sauvignon_2018.jpg,,Galilee,Tabor,"oak, black fruit, red fruit, spices, non oak, earth, dried fruit, vegetal, microbio","Beef, Lamb, Poultry",Cabernet Sauvignon
Monte Xanic Cabernet Sauvignon 2021,Mexico,25.99,4,images/Monte_Xanic_Cabernet_Sauvignon_2021.png,images/bottle_Monte_Xanic_Cabernet_Sauvignon_2021.png,Valle de Guadalupe,Monte Xanic,"oak, black fruit, red fruit, spices, non oak, earth, floral, microbio, dried fruit, citrus fruit, vegetal, tree fruit, tropical fruit","Beef, Lamb, Poultry",Cabernet Sauvignon
Tobin James Cellars Cabernet Sauvignon James Gang Reserve 2019,United States,34,4.1,images/Tobin_James_Cellars_Cabernet_Sauvignon_James_Gang_.png,images/bottle_Tobin_James_Cellars_Cabernet_Sauvignon_Jame.png,Paso Robles,Tobin James Cellars,"oak, black fruit, earth, red fruit, non oak, spices, dried fruit, microbio, tropical fruit","Beef, Lamb, Game (deer, venison)",Cabernet Sauvignon
Quilt Cabernet Sauvignon 2021,United States,44.99,4.2,images/Quilt_Cabernet_Sauvignon_2021.png,images/bottle_Quilt_Cabernet_Sauvignon_2021.png,Napa Valley,Quilt,"oak, black fruit, non oak, spices, red fruit, earth, dried fruit, microbio, vegetal, floral, citrus fruit, tree fruit, tropical fruit","Beef, Lamb, Game (deer, venison), Mature and hard cheese, Poultry",Cabernet Sauvignon
B Wise Moon Mountain District Cabernet Sauvignon 2021,United States,95,4.5,images/B_Wise_Moon_Mountain_District_Cabernet_Sauvignon_2.png,images/bottle_B_Wise_Moon_Mountain_District_Cabernet_Sauv.png,Moon Mountain District,B Wise,"black fruit, oak, red fruit, earth, non oak, spices, vegetal, dried fruit, microbio","Beef, Lamb, Game (deer, venison)",Cabernet Sauvignon
Arrowood Réserve Spéciale Cabernet Sauvignon 1989,United States,260,4.3,images/Arrowood_Rserve_Spciale_Cabernet_Sauvignon_1989.png,images/bottle_Arrowood_Rserve_Spciale_Cabernet_Sauvignon_.png,Sonoma Valley,Arrowood,"oak, black fruit, earth, non oak, spices, red fruit, microbio, dried fruit, floral, vegetal, citrus fruit","Beef, Lamb, Game (deer, venison)",Cabernet Sauvignon
Beringer Single Vineyard St. Helena Home Cabernet Sauvignon 1986,United States,185,4.3,images/Beringer_Single_Vineyard_St_Helena_Home_Cabernet_S.png,images/bottle_Beringer_Single_Vineyard_St_Helena_Home_Cab.png,St. Helena,Beringer,"black fruit, oak, red fruit, earth, spices, non oak, dried fruit, citrus fruit, vegetal, floral, microbio","Beef, Lamb, Game (deer, venison), Mature and hard cheese, Poultry",Cabernet Sauvignon
Shiloh Shor Cabernet Sauvignon 2020,Israel,39.99,4,images/Shiloh_Shor_Cabernet_Sauvignon_2020.png,images/bottle_Shiloh_Shor_Cabernet_Sauvignon_2020.png,Judean Hills,Shiloh,"oak, red fruit, non oak, spices, black fruit, earth, dried fruit, floral, microbio","Beef, Lamb, Poultry",Cabernet Sauvignon
Zeitgeist Cabernet Sauvignon 2021,United States,99.99,4.4,images/Zeitgeist_Cabernet_Sauvignon_2021.png,images/bottle_Zeitgeist_Cabernet_Sauvignon_2021.png,Napa Valley,Zeitgeist,"oak, black fruit, non oak, earth, spices, red fruit, microbio, dried fruit, tree fruit, floral, citrus fruit","Beef, Lamb, Game (deer, venison), Mature and hard cheese, Poultry",Cabernet Sauvignon
Los Vascos Cromas Cabernet Sauvignon Gran Reserva 2019,Chile,19.99,3.8,images/Los_Vascos_Cromas_Cabernet_Sauvignon_Gran_Reserva_.png,images/bottle_Los_Vascos_Cromas_Cabernet_Sauvignon_Gran_R.png,Colchagua Valley,Los Vascos,"oak, earth, non oak, black fruit, red fruit, spices, vegetal, dried fruit, microbio, floral, tree fruit","Beef, Lamb, Game (deer, venison), Poultry",Cabernet Sauvignon
Tenuta Sette Ponti Oreno Toscana 2020,Italy,89.99,4.3,images/Tenuta_Sette_Ponti_Oreno_Toscana_2020.png,images/bottle_Tenuta_Sette_Ponti_Oreno_Toscana_2020.png,Toscana,Tenuta Sette Ponti,"oak, black fruit, earth, non oak, red fruit, spices, microbio, floral, dried fruit, vegetal, citrus fruit, tropical fruit, tree fruit","Beef, Lamb, Veal, Poultry, Cured Meat","Cabernet Sauvignon, Merlot, Sangiovese, Canaiolo Nero"
Colgin Herb Lamb Vineyard Cabernet Sauvignon 2007,United States,500,4.6,images/Colgin_Herb_Lamb_Vineyard_Cabernet_Sauvignon_2007.png,images/bottle_Colgin_Herb_Lamb_Vineyard_Cabernet_Sauvigno.png,Napa Valley,Colgin,"oak, black fruit, earth, spices, non oak, red fruit, floral, dried fruit, microbio, vegetal, citrus fruit","Beef, Lamb, Game (deer, venison), Mature and hard cheese, Poultry",Cabernet Sauvignon
Arnot-Roberts Clajeux Vineyard Cabernet Sauvignon 2022,United States,150,4.3,images/Arnot_Roberts_Clajeux_Vineyard_Cabernet_Sauvignon_.png,images/bottle_Arnot_Roberts_Clajeux_Vineyard_Cabernet_Sau.png,Chalk Hill,Arnot-Roberts,"black fruit, oak, spices, earth, non oak, red fruit, floral, dried fruit, vegetal, citrus fruit","Beef, Lamb, Game (deer, venison)",Cabernet Sauvignon
Jeanne Marie Cabernet Sauvignon 2021,United States,13.99,3.8,images/Jeanne_Marie_Cabernet_Sauvignon_2021.png,images/bottle_Jeanne_Marie_Cabernet_Sauvignon_2021.png,California,Jeanne Marie,"black fruit, red fruit, oak, spices, earth, microbio","Beef, Lamb, Game (deer, venison), Poultry",Cabernet Sauvignon
Golan Heights Winery Gilgal Cabernet Sauvignon 2022,Israel,19.99,3.8,images/Golan_Heights_Winery_Gilgal_Cabernet_Sauvignon_202.png,images/bottle_Golan_Heights_Winery_Gilgal_Cabernet_Sauvig.png,Galilee,Golan Heights Winery,"oak, black fruit, earth, red fruit, non oak, spices, microbio, dried fruit, floral, vegetal","Beef, Lamb, Poultry",Cabernet Sauvignon
Relic Artefact Cabernet Sauvignon 2019,United States,160,4.5,images/Relic_Artefact_Cabernet_Sauvignon_2019.png,images/bottle_Relic_Artefact_Cabernet_Sauvignon_2019.png,Napa Valley,Relic,"oak, black fruit, earth, non oak, spices, red fruit, floral, vegetal, microbio, dried fruit, tropical fruit, tree fruit","Beef, Lamb, Game (deer, venison), Mature and hard cheese, Poultry",Cabernet Sauvignon
The Hess Collection Maverick Ranches Cabernet Sauvignon 2022,United States,24.99,3.9,images/The_Hess_Collection_Maverick_Ranches_Cabernet_Sauv.png,images/bottle_The_Hess_Collection_Maverick_Ranches_Cabern.png,Paso Robles,The Hess Collection,"black fruit, oak, non oak, spices, earth, red fruit, microbio, dried fruit, floral, vegetal, citrus fruit","Beef, Lamb, Game (deer, venison)",Cabernet Sauvignon
Shafer Cabernet Sauvignon 1982,United States,263,4.3,images/Shafer_Cabernet_Sauvignon_1982.png,images/bottle_Shafer_Cabernet_Sauvignon_1982.png,Napa Valley,Shafer,"oak, black fruit, earth, non oak, spices, red fruit, microbio, dried fruit, floral, vegetal, tree fruit","Beef, Lamb, Game (deer, venison), Mature and hard cheese, Poultry",Cabernet Sauvignon
Nickel & Nickel John C. Sullenger Vineyard Cabernet Sauvignon 2016,United States,259.99,4.5,images/Nickel_Nickel_John_C_Sullenger_Vineyard_Cabernet_S.png,images/bottle_Nickel_Nickel_John_C_Sullenger_Vineyard_Cab.png,Oakville,Nickel & Nickel,"oak, black fruit, red fruit, non oak, earth, spices, microbio, floral, dried fruit, vegetal, citrus fruit, tree fruit, tropical fruit","Beef, Lamb, Game (deer, venison), Mature and hard cheese, Poultry",Cabernet Sauvignon
Z.Alexander Brown Uncaged Cabernet Sauvignon 2022,United States,17.99,4,images/ZAlexander_Brown_Uncaged_Cabernet_Sauvignon_2022.png,images/bottle_ZAlexander_Brown_Uncaged_Cabernet_Sauvignon.png,North Coast,Z.Alexander Brown,"oak, black fruit, red fruit, non oak, spices, earth, microbio, dried fruit, citrus fruit, vegetal, tree fruit, floral, tropical fruit","Beef, Lamb, Game (deer, venison), Poultry",Cabernet Sauvignon
Martin Ray Napa Valley Cabernet Sauvignon 2020,United States,22.99,4,images/Martin_Ray_Napa_Valley_Cabernet_Sauvignon_2020.png,images/bottle_Martin_Ray_Napa_Valley_Cabernet_Sauvignon_2.png,Napa Valley,Martin Ray,"oak, black fruit, non oak, red fruit, spices, earth, microbio, dried fruit, floral, vegetal, citrus fruit, tree fruit, tropical fruit","Beef, Lamb, Game (deer, venison), Mature and hard cheese, Poultry",Cabernet Sauvignon
Stags' Leap Limited Edition Reserve Cabernet Sauvignon 2019,United States,99.99,4.4,images/Stags_Leap_Limited_Edition_Reserve_Cabernet_Sauvig.png,images/bottle_Stags_Leap_Limited_Edition_Reserve_Cabernet.png,Napa Valley,Stags' Leap,"black fruit, red fruit, spices, earth, oak, non oak, dried fruit, tree fruit, vegetal","Beef, Lamb, Game (deer, venison), Mature and hard cheese, Poultry",Cabernet Sauvignon
Binyamina Yogev Cabernet Sauvignon ( יוגב קברנה סוביניון ) 2021,Israel,21.99,3.6,images/Binyamina_Yogev_Cabernet_Sauvignon_2021.png,images/bottle_Binyamina_Yogev_Cabernet_Sauvignon_2021.png,Galilee,Binyamina,"oak, non oak, red fruit, spices, earth, black fruit, dried fruit, vegetal, tree fruit, citrus fruit, microbio","Beef, Lamb, Poultry",Cabernet Sauvignon
Golan Heights Winery Yarden Cabernet Sauvignon 2020,Israel,49.99,4.2,images/Golan_Heights_Winery_Yarden_Cabernet_Sauvignon_202.png,images/bottle_Golan_Heights_Winery_Yarden_Cabernet_Sauvig.png,Galilee,Golan Heights Winery,"oak, black fruit, non oak, spices, earth, red fruit, microbio, dried fruit, floral, vegetal, citrus fruit, tree fruit, tropical fruit","Beef, Lamb, Poultry",Cabernet Sauvignon
Five Vintners Cabernet Sauvignon 2019,United States,52,4,images/Five_Vintners_Cabernet_Sauvignon_2019.png,images/bottle_Five_Vintners_Cabernet_Sauvignon_2019.png,Napa Valley,Five Vintners,"oak, earth, black fruit, red fruit, non oak, spices, microbio, dried fruit, vegetal","Beef, Lamb, Game (deer, venison), Mature and hard cheese, Poultry",Cabernet Sauvignon
Carmel (יקבי כרמל) Cabernet Sauvignon (הסדרה האזורית קברנה סוביניון) 2017,Israel,24.99,3.6,images/Carmel_Cabernet_Sauvignon_2017.png,images/bottle_Carmel_Cabernet_Sauvignon_2017.png,Upper Galilee,Carmel (יקבי כרמל),"oak, black fruit, red fruit, earth, non oak, spices, dried fruit, tree fruit, vegetal","Beef, Lamb, Poultry",Cabernet Sauvignon
B Cellars Ehrlich Vineyard Cabernet Sauvignon 2021,United States,158,4.6,images/B_Cellars_Ehrlich_Vineyard_Cabernet_Sauvignon_2021.png,images/bottle_B_Cellars_Ehrlich_Vineyard_Cabernet_Sauvign.png,Oakville,B Cellars,"oak, black fruit, non oak, earth, spices, red fruit, floral, microbio, citrus fruit, tropical fruit, dried fruit, tree fruit, vegetal","Beef, Lamb, Game (deer, venison), Mature and hard cheese, Poultry",Cabernet Sauvignon
Sequum Four Soil Melange Cabernet Sauvignon 2021,United States,60,4.2,images/Sequum_Four_Soil_Melange_Cabernet_Sauvignon_2021.png,images/bottle_Sequum_Four_Soil_Melange_Cabernet_Sauvignon.png,Napa Valley,Sequum,"oak, black fruit, red fruit, earth, non oak, spices, microbio, dried fruit, tropical fruit, tree fruit, citrus fruit","Beef, Lamb, Game (deer, venison), Mature and hard cheese, Poultry",Cabernet Sauvignon
Realm Houyi Vineyard Red 2021,United States,379.99,4.7,images/Realm_Houyi_Vineyard_Red_2021.png,images/bottle_Realm_Houyi_Vineyard_Red_2021.png,St. Helena,Realm,"black fruit, oak, non oak, earth, spices, red fruit","Beef, Lamb, Game (deer, venison), Mature and hard cheese, Poultry",Cabernet Sauvignon
Warre's Vintage Port 1977,Portugal,152,4.5,images/Warres_Vintage_Port_1977.png,images/bottle_Warres_Vintage_Port_1977.png,Porto,Warre's,"oak, non oak, black fruit, dried fruit, red fruit, earth, spices, microbio, citrus fruit, floral, vegetal, tree fruit","Mature and hard cheese, Blue cheese","Touriga Nacional, Touriga Franca, Tinta Roriz"
Maybach Family Vineyards Amoenus Cabernet Sauvignon 2021,United States,189.99,4.6,images/Maybach_Family_Vineyards_Amoenus_Cabernet_Sauvigno.png,images/bottle_Maybach_Family_Vineyards_Amoenus_Cabernet_S.png,Calistoga,Maybach Family Vineyards,"black fruit, oak, non oak, earth, spices, red fruit, dried fruit, microbio, floral, citrus fruit, vegetal","Beef, Lamb, Game (deer, venison), Mature and hard cheese, Poultry",Cabernet Sauvignon
The Hess Collection Small Block Reserve Cabernet Sauvignon 1986,United States,239,4.4,images/The_Hess_Collection_Small_Block_Reserve_Cabernet_S.png,images/bottle_The_Hess_Collection_Small_Block_Reserve_Cab.png,Napa Valley,The Hess Collection,"oak, black fruit, earth, non oak, red fruit, spices, microbio","Beef, Lamb, Game (deer, venison), Mature and hard cheese, Poultry",Cabernet Sauvignon
Obelisco Estate Electrum Cabernet Sauvignon 2021,United States,90,4.4,images/Obelisco_Estate_Electrum_Cabernet_Sauvignon_2021.png,images/bottle_Obelisco_Estate_Electrum_Cabernet_Sauvignon.png,Red Mountain,Obelisco Estate,"oak, black fruit, red fruit, spices, non oak, earth, floral, dried fruit, microbio, vegetal","Beef, Lamb, Game (deer, venison), Poultry",Cabernet Sauvignon
Schrader Cabernet Sauvignon Beckstoffer To Kalon Vineyard 2019,United States,350,4.7,images/Schrader_Cabernet_Sauvignon_Beckstoffer_To_Kalon_V.png,images/bottle_Schrader_Cabernet_Sauvignon_Beckstoffer_To_.png,Oakville,Schrader,"black fruit, oak, non oak, red fruit, earth, spices, dried fruit, floral, microbio","Beef, Lamb, Game (deer, venison), Mature and hard cheese, Poultry",Cabernet Sauvignon
Darioush Cabernet Sauvignon (Signature) 2021,United States,149.99,4.4,images/Darioush_Cabernet_Sauvignon_Signature_2021.png,images/bottle_Darioush_Cabernet_Sauvignon_Signature_2021.png,Napa Valley,Darioush,"oak, black fruit, earth, non oak, spices, red fruit, microbio, dried fruit, vegetal, floral, tree fruit, citrus fruit, tropical fruit","Beef, Lamb, Game (deer, venison), Mature and hard cheese, Poultry",Cabernet Sauvignon
Quixote Panza Cabernet Sauvignon 2020,United States,75,4.2,images/Quixote_Panza_Cabernet_Sauvignon_2020.png,images/bottle_Quixote_Panza_Cabernet_Sauvignon_2020.png,Stags Leap District,Quixote,"black fruit, oak, earth, red fruit, non oak, spices, dried fruit, vegetal, tree fruit, floral, microbio","Beef, Lamb, Game (deer, venison), Mature and hard cheese, Poultry",Cabernet Sauvignon
Falcone Cabernet Sauvignon 2022,United States,40,4.1,images/Falcone_Cabernet_Sauvignon_2022.png,images/bottle_Falcone_Cabernet_Sauvignon_2022.png,Paso Robles,Falcone,"oak, black fruit, non oak, red fruit, spices, earth, dried fruit, microbio, floral","Beef, Lamb, Game (deer, venison)",Cabernet Sauvignon
Stonestreet Cabernet Sauvignon 2017,United States,79.99,4.1,images/Stonestreet_Cabernet_Sauvignon_2017.png,images/bottle_Stonestreet_Cabernet_Sauvignon_2017.png,Alexander Valley,Stonestreet,"black fruit, oak, earth, non oak, spices, red fruit, vegetal, microbio, dried fruit, citrus fruit, floral, tree fruit","Beef, Lamb, Game (deer, venison)",Cabernet Sauvignon
Fisher Vineyards Wedding Vineyard Cabernet Sauvignon 1994,United States,199,4.5,images/Fisher_Vineyards_Wedding_Vineyard_Cabernet_Sauvign.png,images/bottle_Fisher_Vineyards_Wedding_Vineyard_Cabernet_.png,Sonoma County,Fisher Vineyards,"earth, oak, black fruit, non oak, spices, red fruit, microbio, dried fruit, tree fruit, citrus fruit, floral","Beef, Lamb, Game (deer, venison)",Cabernet Sauvignon
Turnbull Fortuna Vineyard Cabernet Sauvignon 2021,United States,145,4.5,images/Turnbull_Fortuna_Vineyard_Cabernet_Sauvignon_2021.png,images/bottle_Turnbull_Fortuna_Vineyard_Cabernet_Sauvigno.png,Oakville,Turnbull,"black fruit, oak, red fruit, earth, spices, non oak, dried fruit, floral, vegetal, tree fruit, microbio, citrus fruit","Beef, Lamb, Game (deer, venison), Mature and hard cheese, Poultry",Cabernet Sauvignon
Subsoil Cabernet Sauvignon 2016,United States,24.66,4,images/Subsoil_Cabernet_Sauvignon_2016.jpg,,Horse Heaven Hills,Subsoil,"black fruit, oak, red fruit, non oak, spices, earth, dried fruit, microbio, tropical fruit, vegetal","Beef, Lamb, Game (deer, venison), Poultry",Cabernet Sauvignon
Stonegate Winery Cabernet Sauvignon 1976,United States,145,4,images/Stonegate_Winery_Cabernet_Sauvignon_1976.jpg,,Napa Valley,Stonegate Winery,"black fruit, oak, earth, non oak, red fruit, spices, microbio, tree fruit, floral, vegetal","Beef, Lamb, Game (deer, venison), Mature and hard cheese, Poultry",Cabernet Sauvignon
Mascota Vineyards Eccentric Cabernet Sauvignon 2023,Argentina,11.97,3.9,images/Mascota_Vineyards_Eccentric_Cabernet_Sauvignon_202.png,images/bottle_Mascota_Vineyards_Eccentric_Cabernet_Sauvig.png,Mendoza,Mascota Vineyards,"black fruit, red fruit, oak, non oak, spices, earth, dried fruit, microbio, vegetal, tree fruit, citrus fruit, floral, tropical fruit","Beef, Lamb, Poultry",Cabernet Sauvignon
Groth Cabernet Sauvignon Reserve 2018,United States,299.99,4.4,images/Groth_Cabernet_Sauvignon_Reserve_2018.png,images/bottle_Groth_Cabernet_Sauvignon_Reserve_2018.png,Oakville,Groth,"oak, black fruit, earth, non oak, spices, red fruit, microbio, floral, vegetal, dried fruit, tree fruit, citrus fruit, tropical fruit","Beef, Lamb, Game (deer, venison), Mature and hard cheese, Poultry",Cabernet Sauvignon
O'Shaughnessy Cabernet Sauvignon Napa Valley 2019,United States,79.99,4.4,images/OShaughnessy_Cabernet_Sauvignon_Napa_Valley_2019.png,images/bottle_OShaughnessy_Cabernet_Sauvignon_Napa_Valley.png,Napa Valley,O'Shaughnessy,"oak, black fruit, earth, non oak, spices, red fruit, dried fruit, floral, vegetal, citrus fruit, microbio, tree fruit","Beef, Lamb, Game (deer, venison), Mature and hard cheese, Poultry",Cabernet Sauvignon
Hall Napa Valley Cabernet Sauvignon 2020,United States,59.99,4.1,images/Hall_Napa_Valley_Cabernet_Sauvignon_2020.png,images/bottle_Hall_Napa_Valley_Cabernet_Sauvignon_2020.png,Napa Valley,Hall,"oak, black fruit, earth, non oak, red fruit, spices, microbio, vegetal, dried fruit, floral, tree fruit, citrus fruit, tropical fruit","Beef, Lamb, Game (deer, venison), Mature and hard cheese, Poultry",Cabernet Sauvignon
Bella Union Cabernet Sauvignon 2017,United States,149.99,4.3,images/Bella_Union_Cabernet_Sauvignon_2017.png,images/bottle_Bella_Union_Cabernet_Sauvignon_2017.png,Napa Valley,Bella Union,"oak, black fruit, red fruit, non oak, spices, earth, dried fruit, microbio, floral, tree fruit, citrus fruit, vegetal, tropical fruit","Beef, Lamb, Game (deer, venison), Mature and hard cheese, Poultry",Cabernet Sauvignon
The Dreaming Tree Cabernet Sauvignon 2021,United States,12.99,3.8,images/The_Dreaming_Tree_Cabernet_Sauvignon_2021.png,images/bottle_The_Dreaming_Tree_Cabernet_Sauvignon_2021.png,California,The Dreaming Tree,"oak, black fruit, red fruit, non oak, spices, earth, microbio, dried fruit, vegetal, citrus fruit, tree fruit, floral, tropical fruit","Beef, Lamb, Game (deer, venison), Poultry",Cabernet Sauvignon
Ménage à Trois Decadence Cabernet Sauvignon 2022,United States,10.99,3.7,images/Mnage_Trois_Decadence_Cabernet_Sauvignon_2022.png,images/bottle_Mnage_Trois_Decadence_Cabernet_Sauvignon_20.png,California,Ménage à Trois,"oak, black fruit, red fruit, earth, non oak, spices, microbio, dried fruit, citrus fruit, floral, vegetal, tropical fruit, tree fruit","Beef, Lamb, Game (deer, venison), Poultry",Cabernet Sauvignon
Amici Cabernet Sauvignon 2022,United States,41.99,4,images/Amici_Cabernet_Sauvignon_2022.png,images/bottle_Amici_Cabernet_Sauvignon_2022.png,Napa Valley,Amici,"oak, black fruit, non oak, earth, spices, red fruit, microbio, dried fruit, floral, vegetal, tree fruit, citrus fruit, tropical fruit","Beef, Lamb, Game (deer, venison), Mature and hard cheese, Poultry",Cabernet Sauvignon
Fisher Vineyards Lamb Vineyard Cabernet Sauvignon 1997,United States,245,4.5,images/Fisher_Vineyards_Lamb_Vineyard_Cabernet_Sauvignon_.png,images/bottle_Fisher_Vineyards_Lamb_Vineyard_Cabernet_Sau.png,Napa Valley,Fisher Vineyards,"black fruit, earth, oak, spices, non oak, red fruit, microbio, tree fruit, vegetal","Beef, Lamb, Game (deer, venison), Mature and hard cheese, Poultry",Cabernet Sauvignon
Muirwood Vaquero Reserve Cabernet Sauvignon 2023,United States,19.97,3.9,images/Muirwood_Vaquero_Reserve_Cabernet_Sauvignon_2023.jpg,,Arroyo Seco,Muirwood,"oak, black fruit, spices, non oak, red fruit, earth, dried fruit, tree fruit","Beef, Lamb, Game (deer, venison), Poultry",Cabernet Sauvignon
Psagot Jerusalem Mountain Vineyards Rosé 2023,Israel,29.99,4,images/Psagot_Jerusalem_Mountain_Vineyards_Ros_2023.png,images/bottle_Psagot_Jerusalem_Mountain_Vineyards_Ros_202.png,Jerusalem,Psagot,"red fruit, citrus fruit, earth, microbio, tree fruit, oak, spices, black fruit, non oak, floral, vegetal, tropical fruit, dried fruit",,
Los Frailes Sinergia Cabernet Sauvignon 2020,Spain,17.98,3.8,images/Los_Frailes_Sinergia_Cabernet_Sauvignon_2020.png,images/bottle_Los_Frailes_Sinergia_Cabernet_Sauvignon_202.png,Valencia,Los Frailes,"black fruit, oak, earth, red fruit, spices, non oak, microbio, vegetal, dried fruit, citrus fruit, floral, tree fruit, tropical fruit","Beef, Lamb, Poultry",Cabernet Sauvignon
Egelhoff Walton Cabernet Sauvignon 2018,United States,68.99,4.4,images/Egelhoff_Walton_Cabernet_Sauvignon_2018.jpg,,Napa Valley,Egelhoff,"earth, oak, red fruit, black fruit, non oak, spices, floral, vegetal","Beef, Lamb, Game (deer, venison), Mature and hard cheese, Poultry",Cabernet Sauvignon
Foxen Foxen 7200 Vogelzang Vineyard Cabernet Sauvignon 2019,United States,68,4.1,images/Foxen_Foxen_7200_Vogelzang_Vineyard_Cabernet_Sauvi.png,images/bottle_Foxen_Foxen_7200_Vogelzang_Vineyard_Caberne.png,Happy Canyon of Santa Barbara,Foxen,"black fruit, earth, oak, red fruit, non oak, spices, microbio, vegetal, floral, dried fruit, citrus fruit","Beef, Lamb, Game (deer, venison), Poultry",Cabernet Sauvignon
Vaso Cabernet Sauvignon 2019,United States,87.99,4.3,images/Vaso_Cabernet_Sauvignon_2019.png,images/bottle_Vaso_Cabernet_Sauvignon_2019.png,Napa Valley,Vaso,"oak, black fruit, non oak, spices, red fruit, earth, microbio, dried fruit, floral, vegetal, tree fruit, citrus fruit","Beef, Lamb, Game (deer, venison), Mature and hard cheese, Poultry",Cabernet Sauvignon
Amici Reserve Cabernet Sauvignon 2021,United States,99.99,4.4,images/Amici_Reserve_Cabernet_Sauvignon_2021.png,images/bottle_Amici_Reserve_Cabernet_Sauvignon_2021.png,Napa Valley,Amici,"oak, black fruit, earth, non oak, spices, red fruit, microbio, floral, dried fruit, vegetal, citrus fruit, tree fruit, tropical fruit","Beef, Lamb, Game (deer, venison), Mature and hard cheese, Poultry",Cabernet Sauvignon
Shibumi Knoll Vineyards Cabernet Sauvignon 2021,United States,130,4.5,images/Shibumi_Knoll_Vineyards_Cabernet_Sauvignon_2021.png,images/bottle_Shibumi_Knoll_Vineyards_Cabernet_Sauvignon_.png,Napa Valley,Shibumi Knoll Vineyards,"oak, black fruit, red fruit, dried fruit, earth, spices, non oak, microbio, citrus fruit, vegetal, tropical fruit","Beef, Lamb, Game (deer, venison), Mature and hard cheese, Poultry",Cabernet Sauvignon
Rickshaw Cabernet Sauvignon 2020,United States,12.99,3.5,images/Rickshaw_Cabernet_Sauvignon_2020.png,images/bottle_Rickshaw_Cabernet_Sauvignon_2020.png,Napa Valley,Rickshaw,"oak, black fruit, non oak, spices, red fruit, earth, dried fruit, microbio, vegetal, floral, tree fruit, citrus fruit","Beef, Lamb, Game (deer, venison), Mature and hard cheese, Poultry",Cabernet Sauvignon
Arnot-Roberts Fellom Ranch Cabernet Sauvignon 2021,United States,140,4.3,images/Arnot_Roberts_Fellom_Ranch_Cabernet_Sauvignon_2021.png,images/bottle_Arnot_Roberts_Fellom_Ranch_Cabernet_Sauvign.png,Santa Cruz Mountains,Arnot-Roberts,"black fruit, red fruit, oak, earth, spices, non oak, vegetal, tree fruit, floral, microbio","Beef, Lamb, Game (deer, venison), Poultry",Cabernet Sauvignon
Spring Street Winery Cabernet Sauvignon 2022,United States,17.99,3.9,images/Spring_Street_Winery_Cabernet_Sauvignon_2022.png,images/bottle_Spring_Street_Winery_Cabernet_Sauvignon_202.png,Paso Robles,Spring Street Winery,"black fruit, red fruit, spices, non oak, oak, earth, microbio, tropical fruit, tree fruit","Beef, Lamb, Game (deer, venison)",Cabernet Sauvignon
Odette Reserve Cabernet Sauvignon 2021,United States,499.99,4.7,images/Odette_Reserve_Cabernet_Sauvignon_2021.png,images/bottle_Odette_Reserve_Cabernet_Sauvignon_2021.png,Stags Leap District,Odette,"black fruit, earth, red fruit, oak, non oak, spices, floral, microbio","Beef, Lamb, Game (deer, venison), Mature and hard cheese, Poultry",Cabernet Sauvignon
Imagery Cabernet Sauvignon 2021,United States,15.99,3.7,images/Imagery_Cabernet_Sauvignon_2021.png,images/bottle_Imagery_Cabernet_Sauvignon_2021.png,California,Imagery,"oak, black fruit, non oak, red fruit, spices, earth, microbio, dried fruit, vegetal, tree fruit, floral, citrus fruit, tropical fruit","Beef, Lamb, Game (deer, venison), Poultry",Cabernet Sauvignon
Heitz Cellar Martha's Vineyard Cabernet Sauvignon 2014,United States,245,4.6,images/Heitz_Cellar_Marthas_Vineyard_Cabernet_Sauvignon_2.png,images/bottle_Heitz_Cellar_Marthas_Vineyard_Cabernet_Sauv.png,Oakville,Heitz Cellar,"oak, spices, black fruit, earth, non oak, red fruit, floral, dried fruit, microbio, vegetal, citrus fruit, tree fruit, tropical fruit","Beef, Lamb, Game (deer, venison), Mature and hard cheese, Poultry",Cabernet Sauvignon
Amici Spring Mountain Cabernet Sauvignon 2019,United States,390,4.5,images/Amici_Spring_Mountain_Cabernet_Sauvignon_2019.png,images/bottle_Amici_Spring_Mountain_Cabernet_Sauvignon_20.png,Spring Mountain District,Amici,"black fruit, oak, red fruit, earth, non oak, spices, microbio, floral, dried fruit, citrus fruit, vegetal","Beef, Lamb, Game (deer, venison), Mature and hard cheese, Poultry",Cabernet Sauvignon
Crocker & Starr RLC Cabernet Sauvignon 2022,United States,99.99,4.4,images/Crocker_Starr_RLC_Cabernet_Sauvignon_2022.png,images/bottle_Crocker_Starr_RLC_Cabernet_Sauvignon_2022.png,Napa Valley,Crocker & Starr,"black fruit, oak, earth, non oak, red fruit, spices, vegetal, microbio, dried fruit, citrus fruit, floral, tree fruit","Beef, Lamb, Game (deer, venison), Mature and hard cheese, Poultry",Cabernet Sauvignon
Favia Cabernet Sauvignon 2019,United States,220,4.6,images/Favia_Cabernet_Sauvignon_2019.png,images/bottle_Favia_Cabernet_Sauvignon_2019.png,Coombsville,Favia,"black fruit, oak, earth, red fruit, non oak, spices, floral, dried fruit, vegetal","Beef, Lamb, Game (deer, venison), Mature and hard cheese, Poultry",Cabernet Sauvignon
O'Shaughnessy Cabernet Sauvignon Howell Mountain 2018,United States,99.99,4.5,images/OShaughnessy_Cabernet_Sauvignon_Howell_Mountain_20.png,images/bottle_OShaughnessy_Cabernet_Sauvignon_Howell_Moun.png,Howell Mountain,O'Shaughnessy,"oak, black fruit, earth, non oak, spices, red fruit, microbio, dried fruit, floral, vegetal, tree fruit, citrus fruit, tropical fruit","Beef, Lamb, Game (deer, venison), Mature and hard cheese, Poultry",Cabernet Sauvignon
Perez Cruz Cabernet Sauvignon Reserva 2022,Chile,17.99,3.8,images/Perez_Cruz_Cabernet_Sauvignon_Reserva_2022.png,images/bottle_Perez_Cruz_Cabernet_Sauvignon_Reserva_2022.png,Maipo Valley,Perez Cruz,"oak, black fruit, spices, non oak, red fruit, earth, vegetal, microbio, dried fruit, floral, tree fruit, citrus fruit, tropical fruit","Beef, Lamb, Game (deer, venison), Poultry",Cabernet Sauvignon
Obelisco Estate Cabernet Sauvignon 2020,United States,75,4.2,images/Obelisco_Estate_Cabernet_Sauvignon_2020.png,images/bottle_Obelisco_Estate_Cabernet_Sauvignon_2020.png,Red Mountain,Obelisco Estate,"oak, black fruit, red fruit, spices, non oak, earth, vegetal, citrus fruit, microbio","Beef, Lamb, Game (deer, venison), Poultry",Cabernet Sauvignon
Wm. Harrison Cabernet Sauvignon 2020,United States,85,4.2,images/Wm_Harrison_Cabernet_Sauvignon_2020.png,images/bottle_Wm_Harrison_Cabernet_Sauvignon_2020.png,Rutherford,Wm. Harrison,"oak, black fruit, red fruit, earth, non oak, spices, vegetal, microbio","Beef, Lamb, Game (deer, venison), Mature and hard cheese, Poultry",Cabernet Sauvignon
Amici Morisoli Vineyard Cabernet Sauvignon 2021,United States,195,4.5,images/Amici_Morisoli_Vineyard_Cabernet_Sauvignon_2021.png,images/bottle_Amici_Morisoli_Vineyard_Cabernet_Sauvignon_.png,Rutherford,Amici,"oak, black fruit, non oak, earth, spices, red fruit, dried fruit, tree fruit, citrus fruit, floral, vegetal, microbio","Beef, Lamb, Game (deer, venison), Mature and hard cheese, Poultry",Cabernet Sauvignon
Flanagan Cabernet Sauvignon 2021,United States,110,4.5,images/Flanagan_Cabernet_Sauvignon_2021.png,images/bottle_Flanagan_Cabernet_Sauvignon_2021.png,Bennett Valley,Flanagan,"oak, black fruit, red fruit, earth, non oak, spices, microbio, tree fruit, vegetal, dried fruit, citrus fruit, floral","Beef, Lamb, Game (deer, venison)",Cabernet Sauvignon
Patel Cabernet Sauvignon 2021,United States,170,4.4,images/Patel_Cabernet_Sauvignon_2021.png,images/bottle_Patel_Cabernet_Sauvignon_2021.png,Napa Valley,Patel,"oak, black fruit, red fruit, spices, non oak, earth, floral, vegetal, microbio, dried fruit, tree fruit","Beef, Lamb, Game (deer, venison), Mature and hard cheese, Poultry",Cabernet Sauvignon
Klipsun Vineyard Cabernet Sauvignon 2022,United States,69.99,4.4,images/Klipsun_Vineyard_Cabernet_Sauvignon_2022.png,images/bottle_Klipsun_Vineyard_Cabernet_Sauvignon_2022.png,Red Mountain,Klipsun Vineyard,"black fruit, earth, oak, red fruit, non oak, spices, microbio, dried fruit","Beef, Lamb, Game (deer, venison), Poultry",Cabernet Sauvignon
Covert Cabernet Sauvignon 2020,United States,120,4.5,images/Covert_Cabernet_Sauvignon_2020.png,images/bottle_Covert_Cabernet_Sauvignon_2020.png,Coombsville,Covert,"oak, black fruit, earth, red fruit, spices, non oak, dried fruit, floral, vegetal","Beef, Lamb, Game (deer, venison), Mature and hard cheese, Poultry",Cabernet Sauvignon
B Wise Cabernet Sauvignon 2020,United States,135,4.5,images/B_Wise_Cabernet_Sauvignon_2020.jpg,,Napa Valley,B Wise,"oak, black fruit, earth, non oak, red fruit, spices, dried fruit, floral, microbio","Beef, Lamb, Game (deer, venison), Mature and hard cheese, Poultry",Cabernet Sauvignon
Vice Versa Red 2008,United States,137,4.5,images/Vice_Versa_Red_2008.png,images/bottle_Vice_Versa_Red_2008.png,Napa Valley,Vice Versa,"oak, black fruit, non oak, earth, red fruit, spices, floral","Beef, Lamb, Game (deer, venison), Mature and hard cheese, Poultry",Cabernet Sauvignon
Pott Wines Her Majesty's Secret Service 2022,United States,200,4.6,images/Pott_Wines_Her_Majestys_Secret_Service_2022.png,images/bottle_Pott_Wines_Her_Majestys_Secret_Service_2022.png,Napa Valley,Pott Wines,"black fruit, oak, spices, non oak, earth, red fruit, floral, vegetal, dried fruit, microbio","Beef, Lamb, Game (deer, venison), Mature and hard cheese, Poultry",Cabernet Sauvignon
Perfect Season Cabernet Sauvignon 2021,United States,169.99,4.5,images/Perfect_Season_Cabernet_Sauvignon_2021.png,images/bottle_Perfect_Season_Cabernet_Sauvignon_2021.png,Knights Valley,Perfect Season,"oak, black fruit, non oak, earth, red fruit, spices, dried fruit, tree fruit, vegetal, microbio","Beef, Lamb, Game (deer, venison)",Cabernet Sauvignon
PerUs Armaan 2021,United States,434.99,4.7,images/PerUs_Armaan_2021.jpg,,Napa Valley,PerUs,"oak, black fruit, spices, non oak, earth, red fruit, microbio, dried fruit, vegetal, citrus fruit, floral","Beef, Lamb, Game (deer, venison), Mature and hard cheese, Poultry",Cabernet Sauvignon
Red Elephant Reserve Cabernet Sauvignon 2021,Chile,12.99,3.6,images/Red_Elephant_Reserve_Cabernet_Sauvignon_2021.png,images/bottle_Red_Elephant_Reserve_Cabernet_Sauvignon_202.png,Curico Valley,Red Elephant,"oak, non oak, red fruit, spices, earth, black fruit, microbio, floral, vegetal","Beef, Lamb, Game (deer, venison), Poultry",Cabernet Sauvignon
Five Star Cellars Cabernet Sauvignon 2018,United States,54,4.1,images/Five_Star_Cellars_Cabernet_Sauvignon_2018.png,images/bottle_Five_Star_Cellars_Cabernet_Sauvignon_2018.png,Walla Walla Valley,Five Star Cellars,"oak, black fruit, earth, spices, red fruit, non oak, dried fruit, tree fruit, microbio","Beef, Lamb, Game (deer, venison), Poultry",Cabernet Sauvignon
Deerfield Ranch Reserve Cabernet Sauvignon 2020,United States,65,4.1,images/Deerfield_Ranch_Reserve_Cabernet_Sauvignon_2020.jpg,,Sonoma Mountain,Deerfield Ranch,"oak, black fruit, earth, spices, red fruit, non oak, microbio, dried fruit, citrus fruit","Beef, Lamb, Game (deer, venison)",Cabernet Sauvignon
Trespass Vineyard Cabernet Sauvignon 2021,United States,130,4.5,images/Trespass_Vineyard_Cabernet_Sauvignon_2021.png,images/bottle_Trespass_Vineyard_Cabernet_Sauvignon_2021.png,Napa Valley,Trespass Vineyard,"black fruit, oak, non oak, red fruit, spices, earth, microbio, floral, citrus fruit, vegetal, dried fruit, tree fruit","Beef, Lamb, Game (deer, venison), Mature and hard cheese, Poultry",Cabernet Sauvignon
Mina Mesa Cabernet Sauvignon 2021,United States,13.98,3.8,images/Mina_Mesa_Cabernet_Sauvignon_2021.png,images/bottle_Mina_Mesa_Cabernet_Sauvignon_2021.png,Paso Robles,Mina Mesa,"black fruit, oak, red fruit, non oak, earth, spices, dried fruit, microbio, vegetal, floral, tree fruit, citrus fruit, tropical fruit","Beef, Lamb, Game (deer, venison)",Cabernet Sauvignon
Golan Heights Winery Yarden Bar'on Vineyard Cabernet Sauvignon 2020,Israel,99.99,4.5,images/Golan_Heights_Winery_Yarden_Baron_Vineyard_Caberne.png,images/bottle_Golan_Heights_Winery_Yarden_Baron_Vineyard_.png,Galilee,Golan Heights Winery,"black fruit, oak, non oak, earth, red fruit, spices, dried fruit, microbio, citrus fruit","Beef, Lamb, Poultry",Cabernet Sauvignon
Longfellow Cabernet Sauvignon 2018,United States,130,4.4,images/Longfellow_Cabernet_Sauvignon_2018.png,images/bottle_Longfellow_Cabernet_Sauvignon_2018.png,Napa Valley,Longfellow,"oak, red fruit, spices, non oak, black fruit, earth, microbio, vegetal","Beef, Lamb, Game (deer, venison), Mature and hard cheese, Poultry",Cabernet Sauvignon
Stonestreet Bear Point Cabernet Sauvignon 2019,United States,95,4.2,images/Stonestreet_Bear_Point_Cabernet_Sauvignon_2019.png,images/bottle_Stonestreet_Bear_Point_Cabernet_Sauvignon_2.png,Alexander Valley,Stonestreet,"oak, black fruit, red fruit, earth, non oak, spices, microbio, floral, vegetal, dried fruit, tree fruit","Beef, Lamb, Game (deer, venison)",Cabernet Sauvignon
Oakville Ranch Cabernet Sauvignon 2019,United States,390,4.4,images/Oakville_Ranch_Cabernet_Sauvignon_2019.png,images/bottle_Oakville_Ranch_Cabernet_Sauvignon_2019.png,Napa Valley,Oakville Ranch,"oak, black fruit, non oak, earth, red fruit, spices, dried fruit, floral, vegetal","Beef, Lamb, Game (deer, venison), Mature and hard cheese, Poultry",Cabernet Sauvignon
Austin Hope Reserve Cabernet Sauvignon 2020,United States,144.99,4.5,images/Austin_Hope_Reserve_Cabernet_Sauvignon_2020.png,images/bottle_Austin_Hope_Reserve_Cabernet_Sauvignon_2020.png,Paso Robles,Austin Hope,"oak, black fruit, non oak, spices, earth, red fruit, dried fruit, microbio, floral, vegetal, tree fruit, citrus fruit","Beef, Lamb, Game (deer, venison)",Cabernet Sauvignon
Louis M. Martini Monte Rosso Vineyard Cabernet Sauvignon 2013,United States,184.99,4.3,images/Louis_M_Martini_Monte_Rosso_Vineyard_Cabernet_Sauv.png,images/bottle_Louis_M_Martini_Monte_Rosso_Vineyard_Cabern.png,Sonoma Valley,Louis M. Martini,"oak, black fruit, non oak, earth, spices, red fruit, microbio, dried fruit, floral, vegetal, citrus fruit, tropical fruit, tree fruit","Beef, Lamb, Game (deer, venison)",Cabernet Sauvignon
Pride Mountain Vineyards Cabernet Sauvignon 2010,United States,195,4.4,images/Pride_Mountain_Vineyards_Cabernet_Sauvignon_2010.png,images/bottle_Pride_Mountain_Vineyards_Cabernet_Sauvignon.png,Napa Valley,Pride Mountain Vineyards,"oak, black fruit, earth, non oak, spices, red fruit, microbio, vegetal, dried fruit, floral, tree fruit, citrus fruit, tropical fruit","Beef, Lamb, Game (deer, venison), Mature and hard cheese, Poultry",Cabernet Sauvignon
Amici Beckstoffer Missouri Hopper Vineyard Cabernet Sauvignon 2021,United States,250,4.6,images/Amici_Beckstoffer_Missouri_Hopper_Vineyard_Caberne.png,images/bottle_Amici_Beckstoffer_Missouri_Hopper_Vineyard_.png,Oakville,Amici,"oak, black fruit, earth, spices, non oak, red fruit, microbio, floral, vegetal, dried fruit, citrus fruit","Beef, Lamb, Game (deer, venison), Mature and hard cheese, Poultry",Cabernet Sauvignon
Clos Pegase Cabernet Sauvignon Hommage 2021,United States,150,4.4,images/Clos_Pegase_Cabernet_Sauvignon_Hommage_2021.jpg,,Napa Valley,Clos Pegase,"oak, black fruit, non oak, red fruit, earth, spices, microbio, floral, dried fruit, citrus fruit, vegetal","Beef, Lamb, Game (deer, venison), Mature and hard cheese, Poultry",Cabernet Sauvignon
Detert Family Vineyards Cabernet Sauvignon 2020,United States,100,4.3,images/Detert_Family_Vineyards_Cabernet_Sauvignon_2020.png,images/bottle_Detert_Family_Vineyards_Cabernet_Sauvignon_.png,Oakville,Detert Family Vineyards,"black fruit, earth, oak, red fruit, spices, non oak, vegetal","Beef, Lamb, Game (deer, venison), Mature and hard cheese, Poultry",Cabernet Sauvignon
Layer Cake Cabernet Sauvignon 2021,United States,17.99,3.7,images/Layer_Cake_Cabernet_Sauvignon_2021.png,images/bottle_Layer_Cake_Cabernet_Sauvignon_2021.png,Central Coast,Layer Cake,"oak, earth, non oak, red fruit, black fruit, spices, microbio, dried fruit, vegetal, floral, tree fruit, citrus fruit","Beef, Lamb, Game (deer, venison), Poultry",Cabernet Sauvignon
Iron + Sand Cab 2022,United States,21.99,4,images/Iron_Sand_Cab_2022.png,images/bottle_Iron_Sand_Cab_2022.png,Paso Robles,Iron + Sand,"oak, black fruit, red fruit, non oak, spices, earth, dried fruit, floral, microbio, vegetal, citrus fruit, tree fruit","Beef, Lamb, Game (deer, venison)",Cabernet Sauvignon
Fortunate Son The Diplomat 2019,United States,169.99,4.6,images/Fortunate_Son_The_Diplomat_2019.png,images/bottle_Fortunate_Son_The_Diplomat_2019.png,Napa Valley,Fortunate Son,"oak, black fruit, earth, non oak, red fruit, floral","Beef, Lamb, Game (deer, venison), Mature and hard cheese, Poultry",Cabernet Sauvignon
Binyamina Ha'Moshava Cabernet Sauvignon 2024,Israel,16.99,3.7,images/Binyamina_HaMoshava_Cabernet_Sauvignon_2024.png,images/bottle_Binyamina_HaMoshava_Cabernet_Sauvignon_2024.png,Galilee,Binyamina,"red fruit, oak, black fruit, non oak, spices, dried fruit, floral, earth, microbio","Beef, Lamb, Poultry",Cabernet Sauvignon
MacDonald Cabernet Sauvignon 2021,United States,749,4.8,images/MacDonald_Cabernet_Sauvignon_2021.png,images/bottle_MacDonald_Cabernet_Sauvignon_2021.png,Oakville,MacDonald,"oak, black fruit, spices, earth, red fruit, non oak, floral, vegetal, microbio, dried fruit","Beef, Lamb, Game (deer, venison), Mature and hard cheese, Poultry",Cabernet Sauvignon
Sebastiani Alexander Valley Cabernet Sauvignon 2019,United States,23.99,4.1,images/Sebastiani_Alexander_Valley_Cabernet_Sauvignon_201.png,images/bottle_Sebastiani_Alexander_Valley_Cabernet_Sauvig.png,Alexander Valley,Sebastiani,"oak, black fruit, red fruit, non oak, earth, spices, microbio, vegetal, floral, dried fruit, tree fruit, citrus fruit","Beef, Lamb, Game (deer, venison)",Cabernet Sauvignon
Covenant Cabernet Sauvignon 2021,United States,109.99,4.4,images/Covenant_Cabernet_Sauvignon_2021.png,images/bottle_Covenant_Cabernet_Sauvignon_2021.png,Napa Valley,Covenant,"black fruit, oak, earth, spices, non oak, red fruit, microbio, dried fruit, tree fruit","Beef, Lamb, Game (deer, venison), Mature and hard cheese, Poultry",Cabernet Sauvignon
Carmelo Patti Cabernet Sauvignon 2015,Argentina,34.99,4.1,images/Carmelo_Patti_Cabernet_Sauvignon_2015.png,images/bottle_Carmelo_Patti_Cabernet_Sauvignon_2015.png,Lujan de Cuyo,Carmelo Patti,"oak, earth, black fruit, non oak, spices, red fruit, microbio, vegetal, dried fruit, floral, citrus fruit, tree fruit","Beef, Lamb, Poultry",Cabernet Sauvignon
Wines from Hahn Estate Cabernet Sauvignon 2021,United States,13.99,3.7,images/Wines_from_Hahn_Estate_Cabernet_Sauvignon_2021.png,images/bottle_Wines_from_Hahn_Estate_Cabernet_Sauvignon_2.png,California,Wines from Hahn Estate,"oak, red fruit, black fruit, non oak, spices, earth, microbio, dried fruit, floral, vegetal, citrus fruit, tree fruit, tropical fruit","Beef, Lamb, Game (deer, venison), Poultry",Cabernet Sauvignon
Ultraviolet Cabernet Sauvignon 2021,United States,15.99,3.9,images/Ultraviolet_Cabernet_Sauvignon_2021.png,images/bottle_Ultraviolet_Cabernet_Sauvignon_2021.png,California,Ultraviolet,"black fruit, oak, red fruit, non oak, spices, earth, microbio, dried fruit, floral, vegetal, tree fruit, citrus fruit","Beef, Lamb, Game (deer, venison), Poultry",Cabernet Sauvignon
Levy & McClellan Cabernet Sauvignon 2015,United States,774.99,4.7,images/Levy_McClellan_Cabernet_Sauvignon_2015.png,images/bottle_Levy_McClellan_Cabernet_Sauvignon_2015.png,Napa Valley,Levy & McClellan,"black fruit, earth, oak, non oak, spices, red fruit, dried fruit, floral, vegetal, microbio","Beef, Lamb, Game (deer, venison), Mature and hard cheese, Poultry",Cabernet Sauvignon
Bodega Calle La Mano Derecha Reserva Cabernet Sauvignon 2022,Argentina,22.99,3.8,images/Bodega_Calle_La_Mano_Derecha_Reserva_Cabernet_Sauv.png,images/bottle_Bodega_Calle_La_Mano_Derecha_Reserva_Cabern.png,Gualtallary,Bodega Calle,"earth, oak, black fruit, non oak, red fruit, microbio, spices, dried fruit","Beef, Lamb, Poultry",Cabernet Sauvignon
Coltbridge Vineyards Cabernet Sauvignon 2021,Australia,10.97,3.5,images/Coltbridge_Vineyards_Cabernet_Sauvignon_2021.jpg,,South Australia,Coltbridge Vineyards,"red fruit, black fruit, oak, spices, earth, non oak, dried fruit, vegetal, microbio","Beef, Lamb, Poultry",Cabernet Sauvignon
Heitz Cellar Trailside Vineyard Cabernet Sauvignon 2017,United States,169.99,4.4,images/Heitz_Cellar_Trailside_Vineyard_Cabernet_Sauvignon.png,images/bottle_Heitz_Cellar_Trailside_Vineyard_Cabernet_Sa.png,Rutherford,Heitz Cellar,"oak, black fruit, earth, non oak, spices, red fruit, microbio, dried fruit, floral, vegetal, tree fruit, citrus fruit","Beef, Lamb, Game (deer, venison), Mature and hard cheese, Poultry",Cabernet Sauvignon
Spring Valley Vineyard Derby Cabernet Sauvignon 2019,United States,75,4.1,images/Spring_Valley_Vineyard_Derby_Cabernet_Sauvignon_20.png,images/bottle_Spring_Valley_Vineyard_Derby_Cabernet_Sauvi.png,Walla Walla Valley,Spring Valley Vineyard,"black fruit, oak, non oak, red fruit, earth, spices, floral, vegetal, microbio, citrus fruit, dried fruit","Beef, Lamb, Game (deer, venison), Poultry",Cabernet Sauvignon
Rutini Trumpeter Cabernet Sauvignon 2023,Argentina,14.99,3.8,images/Rutini_Trumpeter_Cabernet_Sauvignon_2023.png,images/bottle_Rutini_Trumpeter_Cabernet_Sauvignon_2023.png,Maipu,Rutini,"oak, black fruit, red fruit, non oak, spices, earth, dried fruit, vegetal, microbio, citrus fruit, tropical fruit, floral, tree fruit","Beef, Lamb, Poultry",Cabernet Sauvignon
Turnbull Amoenus Cabernet Sauvignon 2021,United States,145,4.3,images/Turnbull_Amoenus_Cabernet_Sauvignon_2021.png,images/bottle_Turnbull_Amoenus_Cabernet_Sauvignon_2021.png,Calistoga,Turnbull,"black fruit, oak, red fruit, non oak, earth, spices, floral, microbio, dried fruit, citrus fruit, vegetal","Beef, Lamb, Game (deer, venison), Mature and hard cheese, Poultry",Cabernet Sauvignon
Purlieu Le Pich Cabernet Sauvignon 2017,United States,59.99,4.3,images/Purlieu_Le_Pich_Cabernet_Sauvignon_2017.png,images/bottle_Purlieu_Le_Pich_Cabernet_Sauvignon_2017.png,Napa Valley,Purlieu,"oak, black fruit, earth, non oak, red fruit, spices, microbio, floral, dried fruit, tree fruit, vegetal, citrus fruit, tropical fruit","Beef, Lamb, Game (deer, venison), Mature and hard cheese, Poultry",Cabernet Sauvignon
Robert Mondavi Winery Reserve Cabernet Sauvignon 2005,United States,159,4.3,images/Robert_Mondavi_Winery_Reserve_Cabernet_Sauvignon_2.png,images/bottle_Robert_Mondavi_Winery_Reserve_Cabernet_Sauv.png,Oakville,Robert Mondavi Winery,"oak, black fruit, earth, non oak, spices, red fruit, microbio, dried fruit, vegetal, floral, citrus fruit, tree fruit, tropical fruit","Beef, Lamb, Game (deer, venison), Mature and hard cheese, Poultry",Cabernet Sauvignon
Carte Blanche Beckstoffer Missouri Hopper Vineyard Cabernet Sauvignon 2022,United States,180,4.5,images/Carte_Blanche_Beckstoffer_Missouri_Hopper_Vineyard.png,images/bottle_Carte_Blanche_Beckstoffer_Missouri_Hopper_V.png,Napa Valley,Carte Blanche,"black fruit, oak, non oak, spices, earth, red fruit, floral, dried fruit","Beef, Lamb, Game (deer, venison), Mature and hard cheese, Poultry",Cabernet Sauvignon
The Critic Cabernet Sauvignon 2021,United States,19.99,4.1,images/The_Critic_Cabernet_Sauvignon_2021.png,images/bottle_The_Critic_Cabernet_Sauvignon_2021.png,Napa Valley,The Critic,"oak, non oak, spices, red fruit, black fruit, earth, microbio, dried fruit, floral, vegetal, tree fruit, citrus fruit, tropical fruit","Beef, Lamb, Game (deer, venison), Mature and hard cheese, Poultry",Cabernet Sauvignon
Dusoil Cabernet Sauvignon 2022,United States,15.99,4,images/Dusoil_Cabernet_Sauvignon_2022.png,images/bottle_Dusoil_Cabernet_Sauvignon_2022.png,Lodi,Dusoil,"oak, non oak, earth, black fruit, red fruit, spices, dried fruit, tree fruit, vegetal, microbio","Beef, Lamb, Game (deer, venison), Poultry",Cabernet Sauvignon
Lewis Cellars Mason's Cabernet Sauvignon 2018,United States,72.99,4.3,images/Lewis_Cellars_Masons_Cabernet_Sauvignon_2018.png,images/bottle_Lewis_Cellars_Masons_Cabernet_Sauvignon_201.png,Napa Valley,Lewis Cellars,"oak, black fruit, non oak, earth, spices, red fruit, dried fruit, microbio, vegetal, citrus fruit, floral, tree fruit","Beef, Lamb, Game (deer, venison), Mature and hard cheese, Poultry",Cabernet Sauvignon
Hailstone Impact Cabernet Sauvignon 2022,United States,150,4.4,images/Hailstone_Impact_Cabernet_Sauvignon_2022.png,images/bottle_Hailstone_Impact_Cabernet_Sauvignon_2022.png,Napa Valley,Hailstone,"oak, black fruit, non oak, red fruit, spices, earth, microbio, citrus fruit","Beef, Lamb, Game (deer, venison), Mature and hard cheese, Poultry",Cabernet Sauvignon
B Cellars Cabernet Sauvignon 2021,United States,150,4.5,images/B_Cellars_Cabernet_Sauvignon_2021.png,images/bottle_B_Cellars_Cabernet_Sauvignon_2021.png,Oakville,B Cellars,"oak, black fruit, red fruit, non oak, spices, earth, dried fruit, microbio, tree fruit, floral, vegetal","Beef, Lamb, Game (deer, venison), Mature and hard cheese, Poultry",Cabernet Sauvignon
Binyamina Bin Cabernet Sauvignon ( קברנה סוביניון ) 2023,Israel,18.99,3.3,images/Binyamina_Bin_Cabernet_Sauvignon_2023.png,images/bottle_Binyamina_Bin_Cabernet_Sauvignon_2023.png,Galilee,Binyamina,"oak, black fruit, red fruit, spices, non oak, microbio, earth, vegetal","Beef, Lamb, Poultry",Cabernet Sauvignon
Peter Michael Au Paradis Cabernet Sauvignon 2016,United States,299.99,4.7,images/Peter_Michael_Au_Paradis_Cabernet_Sauvignon_2016.png,images/bottle_Peter_Michael_Au_Paradis_Cabernet_Sauvignon.png,Oakville,Peter Michael,"oak, black fruit, non oak, spices, earth, red fruit, microbio, floral, dried fruit, citrus fruit, tree fruit, vegetal, tropical fruit","Beef, Lamb, Game (deer, venison), Mature and hard cheese, Poultry",Cabernet Sauvignon
Flora Springs Cabernet Sauvignon 2016,United States,52.85,4,images/Flora_Springs_Cabernet_Sauvignon_2016.png,images/bottle_Flora_Springs_Cabernet_Sauvignon_2016.png,Napa Valley,Flora Springs,"oak, non oak, black fruit, spices, red fruit, earth, microbio, dried fruit, tree fruit, citrus fruit, vegetal, floral, tropical fruit","Beef, Lamb, Game (deer, venison), Mature and hard cheese, Poultry",Cabernet Sauvignon
Dehlinger Estate Bottled Cabernet Sauvignon 1996,United States,125,4.1,images/Dehlinger_Estate_Bottled_Cabernet_Sauvignon_1996.png,images/bottle_Dehlinger_Estate_Bottled_Cabernet_Sauvignon.png,Russian River Valley,Dehlinger,"oak, black fruit, earth, non oak, spices, red fruit, dried fruit, floral, citrus fruit, vegetal, microbio","Beef, Lamb, Game (deer, venison)",Cabernet Sauvignon
Clos Pegase Rosé 2022,United States,32,3.8,images/Clos_Pegase_Ros_2022.png,images/bottle_Clos_Pegase_Ros_2022.png,Napa Valley,Clos Pegase,"red fruit, citrus fruit, tree fruit, earth, oak, non oak, black fruit, spices, vegetal, microbio, floral, tropical fruit, dried fruit","Shellfish, Spicy food, Appetizers and snacks, Fruity desserts, Aperitif","Shiraz/Syrah, Cabernet Sauvignon, Pinot Noir, Sangiovese, Zinfandel, Barbera"
Aperture Del Rio Vineyard Cabernet Sauvignon 2021,United States,179.99,4.5,images/Aperture_Del_Rio_Vineyard_Cabernet_Sauvignon_2021.png,images/bottle_Aperture_Del_Rio_Vineyard_Cabernet_Sauvigno.png,Alexander Valley,Aperture,"oak, black fruit, non oak, earth, spices, red fruit, microbio, dried fruit, floral, vegetal","Beef, Lamb, Game (deer, venison)",Cabernet Sauvignon
Scarecrow Cabernet Sauvignon 2015,United States,650,4.8,images/Scarecrow_Cabernet_Sauvignon_2015.png,images/bottle_Scarecrow_Cabernet_Sauvignon_2015.png,Rutherford,Scarecrow,"oak, black fruit, non oak, earth, spices, red fruit, microbio, floral, vegetal, dried fruit, tree fruit, citrus fruit","Beef, Lamb, Game (deer, venison), Mature and hard cheese, Poultry",Cabernet Sauvignon
Golan Heights Winery Hermon Mount Hermon Cabernet Sauvignon 2022,Israel,14.99,3.9,images/Golan_Heights_Winery_Hermon_Mount_Hermon_Cabernet_.png,images/bottle_Golan_Heights_Winery_Hermon_Mount_Hermon_Ca.png,Galilee,Golan Heights Winery,"black fruit, red fruit, oak, earth, non oak, dried fruit, spices, microbio, citrus fruit, vegetal, tree fruit","Beef, Lamb, Poultry",Cabernet Sauvignon
Ghost Block Cabernet Sauvignon 2021,United States,79.97,4.3,images/Ghost_Block_Cabernet_Sauvignon_2021.png,images/bottle_Ghost_Block_Cabernet_Sauvignon_2021.png,Oakville,Ghost Block,"oak, black fruit, non oak, earth, spices, red fruit, microbio, dried fruit, floral, vegetal, citrus fruit, tree fruit","Beef, Lamb, Game (deer, venison), Mature and hard cheese, Poultry",Cabernet Sauvignon
Robert Mondavi Winery Reserve Unfiltered Cabernet Sauvignon 1999,United States,172,4.4,images/Robert_Mondavi_Winery_Reserve_Unfiltered_Cabernet_.png,images/bottle_Robert_Mondavi_Winery_Reserve_Unfiltered_Ca.png,Napa Valley,Robert Mondavi Winery,"oak, earth, black fruit, non oak, spices, red fruit, microbio, dried fruit, vegetal, floral, citrus fruit, tree fruit","Beef, Lamb, Game (deer, venison), Mature and hard cheese, Poultry",Cabernet Sauvignon
Cava Maciel Alba Cabernet Sauvignon 2017,Mexico,36.99,3.9,images/Cava_Maciel_Alba_Cabernet_Sauvignon_2017.png,images/bottle_Cava_Maciel_Alba_Cabernet_Sauvignon_2017.png,Valle de Guadalupe,Cava Maciel,"black fruit, oak, red fruit, non oak, dried fruit, spices, earth, microbio","Beef, Lamb, Poultry",Cabernet Sauvignon
Francis Ford Coppola Winery Director's Cut Cabernet Sauvignon 2021,United States,29.99,4,images/Francis_Ford_Coppola_Winery_Directors_Cut_Cabernet.png,images/bottle_Francis_Ford_Coppola_Winery_Directors_Cut_C.png,Sonoma County,Francis Ford Coppola Winery,"oak, black fruit, non oak, red fruit, spices, earth, microbio, dried fruit, vegetal, floral, citrus fruit, tree fruit, tropical fruit","Beef, Lamb, Game (deer, venison)",Cabernet Sauvignon
Details Cabernet Sauvignon 2021,United States,45,4.1,images/Details_Cabernet_Sauvignon_2021.png,images/bottle_Details_Cabernet_Sauvignon_2021.png,Sonoma County,Details,"oak, black fruit, earth, non oak, red fruit, spices, microbio, dried fruit, vegetal, floral, tropical fruit, tree fruit","Beef, Lamb, Game (deer, venison)",Cabernet Sauvignon
Ramey Cabernet Sauvignon Napa Valley 2017,United States,59.99,4.2,images/Ramey_Cabernet_Sauvignon_Napa_Valley_2017.png,images/bottle_Ramey_Cabernet_Sauvignon_Napa_Valley_2017.png,Napa Valley,Ramey,"oak, black fruit, earth, non oak, red fruit, spices, microbio, dried fruit, floral, vegetal, tree fruit, citrus fruit","Beef, Lamb, Game (deer, venison), Mature and hard cheese, Poultry",Cabernet Sauvignon
Musìta Cabernet Sauvignon 2021,Italy,11.98,3.7,images/Musta_Cabernet_Sauvignon_2021.png,images/bottle_Musta_Cabernet_Sauvignon_2021.png,Sicilia,Musìta,"red fruit, non oak, black fruit, spices, earth, oak, microbio, floral, vegetal","Beef, Pasta, Lamb","Primitivo, Aglianico, Negroamaro, Nero d'Avola"
Band of Vintners Cabernet Sauvignon 2022,United States,29.99,4.1,images/Band_of_Vintners_Cabernet_Sauvignon_2022.png,images/bottle_Band_of_Vintners_Cabernet_Sauvignon_2022.png,Napa Valley,Band of Vintners,"oak, black fruit, earth, red fruit, non oak, spices, microbio","Beef, Lamb, Game (deer, venison), Mature and hard cheese, Poultry",Cabernet Sauvignon
Red Stitch Cabernet Sauvignon 2020,United States,125,4.5,images/Red_Stitch_Cabernet_Sauvignon_2020.png,images/bottle_Red_Stitch_Cabernet_Sauvignon_2020.png,Napa Valley,Red Stitch,"black fruit, earth, oak, spices, red fruit, non oak, floral, vegetal","Beef, Lamb, Game (deer, venison), Mature and hard cheese, Poultry",Cabernet Sauvignon
The Calling Paso Robles Cabernet Sauvignon 2021,United States,28.99,4,images/The_Calling_Paso_Robles_Cabernet_Sauvignon_2021.png,images/bottle_The_Calling_Paso_Robles_Cabernet_Sauvignon_.png,Paso Robles,The Calling,,"Beef, Lamb, Game (deer, venison)",Cabernet Sauvignon
Silver Ghost Cabernet Sauvignon 2022,United States,39.99,4,images/Silver_Ghost_Cabernet_Sauvignon_2022.png,images/bottle_Silver_Ghost_Cabernet_Sauvignon_2022.png,Napa Valley,Silver Ghost,"oak, black fruit, non oak, earth, spices, red fruit, microbio, dried fruit, floral, vegetal, tree fruit, citrus fruit, tropical fruit","Beef, Lamb, Game (deer, venison), Mature and hard cheese, Poultry",Cabernet Sauvignon
Maître-de-Chai Gala Mountain Cabernet Sauvignon 2022,United States,60,4.2,images/Matre_de_Chai_Gala_Mountain_Cabernet_Sauvignon_202.png,images/bottle_Matre_de_Chai_Gala_Mountain_Cabernet_Sauvig.png,Napa Valley,Maître-de-Chai,"black fruit, earth, oak, spices, non oak, red fruit, floral, vegetal","Beef, Lamb, Game (deer, venison), Mature and hard cheese, Poultry",Cabernet Sauvignon
19 Crimes Frankenstein Cabernet Sauvignon,Australia,18.78,3.7,images/19_Crimes_Frankenstein_Cabernet_Sauvignon.png,images/bottle_19_Crimes_Frankenstein_Cabernet_Sauvignon.png,South Eastern Australia,19 Crimes,,"Beef, Lamb, Poultry",Cabernet Sauvignon
JAX Vineyards Block 3 Cabernet Sauvignon 2021,United States,129.99,4.5,images/JAX_Vineyards_Block_3_Cabernet_Sauvignon_2021.png,images/bottle_JAX_Vineyards_Block_3_Cabernet_Sauvignon_20.png,Calistoga,JAX Vineyards,"oak, non oak, black fruit, spices, earth, red fruit, dried fruit, microbio","Beef, Lamb, Game (deer, venison), Mature and hard cheese, Poultry",Cabernet Sauvignon
Buccella Cabernet Sauvignon 2019,United States,135,4.5,images/Buccella_Cabernet_Sauvignon_2019.png,images/bottle_Buccella_Cabernet_Sauvignon_2019.png,Napa Valley,Buccella,"oak, black fruit, non oak, spices, earth, red fruit, microbio, dried fruit, floral, vegetal, tree fruit","Beef, Lamb, Game (deer, venison), Mature and hard cheese, Poultry",Cabernet Sauvignon
Caterwaul Napa Valley Cabernet Sauvignon 2021,United States,59.99,4.3,images/Caterwaul_Napa_Valley_Cabernet_Sauvignon_2021.png,images/bottle_Caterwaul_Napa_Valley_Cabernet_Sauvignon_20.png,Napa Valley,Caterwaul,"oak, black fruit, non oak, earth, spices, red fruit, microbio, floral, dried fruit, citrus fruit, vegetal, tree fruit","Beef, Lamb, Game (deer, venison), Mature and hard cheese, Poultry",Cabernet Sauvignon
Terra Vega Cabernet Sauvignon 2018,Chile,12.99,3.4,images/Terra_Vega_Cabernet_Sauvignon_2018.png,images/bottle_Terra_Vega_Cabernet_Sauvignon_2018.png,Central Valley,Terra Vega,"black fruit, red fruit, oak, spices, earth, non oak, microbio, tree fruit, citrus fruit, vegetal","Beef, Lamb, Game (deer, venison), Poultry",Cabernet Sauvignon
Teperberg Impression Cabernet Sauvignon 2018,Israel,19.99,3.9,images/Teperberg_Impression_Cabernet_Sauvignon_2018.png,images/bottle_Teperberg_Impression_Cabernet_Sauvignon_201.png,Judean Hills,Teperberg,"oak, non oak, spices, black fruit, earth, red fruit, microbio, dried fruit","Beef, Lamb, Poultry",Cabernet Sauvignon
Hedges Family Estate La Haute Cuvée Red 2019,United States,85,4.1,images/Hedges_Family_Estate_La_Haute_Cuve_Red_2019.png,images/bottle_Hedges_Family_Estate_La_Haute_Cuve_Red_2019.png,Red Mountain,Hedges Family Estate,"oak, earth, black fruit, non oak, red fruit, spices, microbio, floral, vegetal","Beef, Lamb, Game (deer, venison), Poultry",Cabernet Sauvignon
Silver Oak Cabernet Sauvignon Bonny's Vineyard 1986,United States,298,4.4,images/Silver_Oak_Cabernet_Sauvignon_Bonnys_Vineyard_1986.png,images/bottle_Silver_Oak_Cabernet_Sauvignon_Bonnys_Vineya.png,Napa Valley,Silver Oak,"oak, earth, black fruit, non oak, spices, red fruit, dried fruit, tree fruit, floral","Beef, Lamb, Game (deer, venison), Mature and hard cheese, Poultry",Cabernet Sauvignon
Hidden Vines Cabernet Sauvignon 2022,United States,21.98,3.9,images/Hidden_Vines_Cabernet_Sauvignon_2022.jpg,,Napa Valley,Hidden Vines,"oak, black fruit, red fruit, spices, non oak, earth, dried fruit, floral, vegetal","Beef, Lamb, Game (deer, venison), Mature and hard cheese, Poultry",Cabernet Sauvignon
Shypoke Cabernet Sauvignon 2019,United States,73.99,4.3,images/Shypoke_Cabernet_Sauvignon_2019.png,images/bottle_Shypoke_Cabernet_Sauvignon_2019.png,Calistoga,Shypoke,"oak, black fruit, non oak, earth, spices, red fruit, microbio, dried fruit, floral, vegetal","Beef, Lamb, Game (deer, venison), Mature and hard cheese, Poultry",Cabernet Sauvignon
Surh Cellars Cabernet Sauvignon 2019,United States,85,4.2,images/Surh_Cellars_Cabernet_Sauvignon_2019.png,images/bottle_Surh_Cellars_Cabernet_Sauvignon_2019.png,Napa Valley,Surh Cellars,"oak, earth, black fruit, spices, red fruit, non oak, vegetal, microbio, dried fruit","Beef, Lamb, Game (deer, venison), Mature and hard cheese, Poultry",Cabernet Sauvignon
Schrader Cabernet Sauvignon RBS Beckstoffer To Kalon Vineyard 2013,United States,250,4.7,images/Schrader_Cabernet_Sauvignon_RBS_Beckstoffer_To_Kal.png,images/bottle_Schrader_Cabernet_Sauvignon_RBS_Beckstoffer.png,Oakville,Schrader,"black fruit, oak, non oak, earth, spices, red fruit, microbio, dried fruit, floral, vegetal, citrus fruit","Beef, Lamb, Game (deer, venison), Mature and hard cheese, Poultry",Cabernet Sauvignon
Hanzell Cabernet Sauvignon 1983,United States,420,4.4,images/Hanzell_Cabernet_Sauvignon_1983.png,images/bottle_Hanzell_Cabernet_Sauvignon_1983.png,Sonoma Valley,Hanzell,"black fruit, red fruit, oak, spices, earth, vegetal, non oak, floral, citrus fruit","Beef, Lamb, Game (deer, venison)",Cabernet Sauvignon
Mollydooker The Maitre d'Cabernet Sauvignon 2021,Australia,28.99,4,images/Mollydooker_The_Maitre_dCabernet_Sauvignon_2021.png,images/bottle_Mollydooker_The_Maitre_dCabernet_Sauvignon_.png,McLaren Vale,Mollydooker,"black fruit, oak, spices, non oak, red fruit, earth, microbio, dried fruit, floral, vegetal, citrus fruit, tree fruit","Beef, Lamb, Poultry",Cabernet Sauvignon
Headline Cabernet Sauvignon 2022,United States,19.98,3.7,images/Headline_Cabernet_Sauvignon_2022.png,images/bottle_Headline_Cabernet_Sauvignon_2022.png,Alexander Valley,Headline,"black fruit, oak, non oak, spices, red fruit, earth, tree fruit, vegetal, microbio, dried fruit, floral","Beef, Lamb, Game (deer, venison)",Cabernet Sauvignon
Odem Mountain (יקב הר אודם) Hard Odem Cabernet Sauvignon Reserve (סוביניון קברנה קשה אודם) 2019,Israel,44.99,3.9,images/Odem_Mountain_Hard_Odem_Cabernet_Sauvignon_Reserve.png,images/bottle_Odem_Mountain_Hard_Odem_Cabernet_Sauvignon_.png,Galilee,Odem Mountain (יקב הר אודם),"oak, black fruit, earth, spices, non oak, red fruit, dried fruit, citrus fruit, tree fruit, floral","Beef, Lamb, Poultry",Cabernet Sauvignon
Santo Tomás Cabernet Sauvignon 2020,Mexico,17.99,3.8,images/Santo_Toms_Cabernet_Sauvignon_2020.png,images/bottle_Santo_Toms_Cabernet_Sauvignon_2020.png,Baja California,Santo Tomás,"oak, black fruit, red fruit, non oak, earth, spices, dried fruit, microbio, citrus fruit, floral, vegetal, tree fruit","Beef, Lamb, Poultry",Cabernet Sauvignon
Andretti Villa Andretti Cabernet Sauvignon 2022,United States,40,3.6,images/Andretti_Villa_Andretti_Cabernet_Sauvignon_2022.png,images/bottle_Andretti_Villa_Andretti_Cabernet_Sauvignon_.png,California,Andretti,"black fruit, oak, red fruit, earth, non oak, dried fruit, citrus fruit, spices, microbio","Beef, Lamb, Game (deer, venison), Poultry",Cabernet Sauvignon
Gramercy Cellars Reserve Cabernet Sauvignon 2018,United States,109,4.3,images/Gramercy_Cellars_Reserve_Cabernet_Sauvignon_2018.png,images/bottle_Gramercy_Cellars_Reserve_Cabernet_Sauvignon.png,Columbia Valley,Gramercy Cellars,"oak, earth, black fruit, red fruit, non oak, spices, dried fruit, microbio, tree fruit, floral, vegetal","Beef, Lamb, Game (deer, venison), Poultry",Cabernet Sauvignon
Carter Cellars Beckstoffer To Kalon Vineyard The Grand Daddy 2021,United States,300,4.6,images/Carter_Cellars_Beckstoffer_To_Kalon_Vineyard_The_G.png,images/bottle_Carter_Cellars_Beckstoffer_To_Kalon_Vineyar.png,Napa Valley,Carter Cellars,"black fruit, oak, non oak, earth, spices, red fruit, microbio, floral, vegetal","Beef, Lamb, Game (deer, venison), Mature and hard cheese, Poultry",Cabernet Sauvignon
Valle de Tintos Cabernet Sauvignon 2017,Mexico,31.99,3.9,images/Valle_de_Tintos_Cabernet_Sauvignon_2017.jpg,,Baja California,Valle de Tintos,"oak, red fruit, spices, non oak, earth","Beef, Lamb, Poultry",Cabernet Sauvignon
Tenuta dei Sette Cieli Yantra 2022,Italy,28,4,images/Tenuta_dei_Sette_Cieli_Yantra_2022.png,images/bottle_Tenuta_dei_Sette_Cieli_Yantra_2022.png,Toscana,Tenuta dei Sette Cieli,"black fruit, oak, red fruit, earth, non oak, spices, dried fruit, microbio, floral, vegetal","Beef, Lamb, Veal, Poultry, Cured Meat","Cabernet Sauvignon, Merlot, Sangiovese, Canaiolo Nero"
Castiel Estate Cabernet Sauvignon 2021,United States,210,4.6,images/Castiel_Estate_Cabernet_Sauvignon_2021.png,images/bottle_Castiel_Estate_Cabernet_Sauvignon_2021.png,Howell Mountain,Castiel Estate,"black fruit, oak, non oak, spices, earth, red fruit, floral, dried fruit, tree fruit","Beef, Lamb, Game (deer, venison), Mature and hard cheese, Poultry",Cabernet Sauvignon
Havenscourt Cabernet Sauvignon,United States,11.99,3.6,images/Havenscourt_Cabernet_Sauvignon.png,images/bottle_Havenscourt_Cabernet_Sauvignon.png,Lodi,Havenscourt,"red fruit, black fruit, oak, earth, spices, non oak, tree fruit, microbio","Beef, Lamb, Game (deer, venison), Poultry",Cabernet Sauvignon
Odfjell Armador Cabernet Sauvignon 2021,Chile,12.99,3.6,images/Odfjell_Armador_Cabernet_Sauvignon_2021.png,images/bottle_Odfjell_Armador_Cabernet_Sauvignon_2021.png,Maipo Valley,Odfjell,"black fruit, oak, spices, earth, non oak, red fruit, microbio, vegetal, dried fruit, floral, tree fruit, citrus fruit, tropical fruit","Beef, Lamb, Game (deer, venison), Poultry",Cabernet Sauvignon
B Cellars Beckstoffer Dr. Crane Vineyard Cabernet Sauvignon 2022,United States,350,4.7,images/B_Cellars_Beckstoffer_Dr_Crane_Vineyard_Cabernet_S.png,images/bottle_B_Cellars_Beckstoffer_Dr_Crane_Vineyard_Cab.png,Napa Valley,B Cellars,"oak, black fruit, earth, non oak, red fruit, spices, microbio","Beef, Lamb, Game (deer, venison), Mature and hard cheese, Poultry",Cabernet Sauvignon
Markovic Reserve Cabernet Sauvignon Semi Sweet 2023,France,11.99,3.9,images/Markovic_Reserve_CabernetSauvignon_Semi_Sweet_2023.jpg,,Pays d'Oc,Markovic,"red fruit, oak, earth, non oak",,
Ink Grade Cabernet Sauvignon 2019,United States,89.99,4.1,images/Ink_Grade_Cabernet_Sauvignon_2019.png,images/bottle_Ink_Grade_Cabernet_Sauvignon_2019.png,Howell Mountain,Ink Grade,"black fruit, earth, non oak, oak, red fruit, microbio","Beef, Lamb, Game (deer, venison), Mature and hard cheese, Poultry",Cabernet Sauvignon
Barkan Classic Cabernet Sauvignon 2021,Israel,13.99,3.5,images/Barkan_Classic_Cabernet_Sauvignon_2021.png,images/bottle_Barkan_Classic_Cabernet_Sauvignon_2021.png,Galilee,Barkan,"oak, black fruit, earth, non oak, red fruit, spices, dried fruit, microbio, vegetal, floral, citrus fruit, tropical fruit, tree fruit","Beef, Lamb, Poultry",Cabernet Sauvignon
Chateau Ste. Michelle Cold Creek Vineyard Cabernet Sauvignon 2020,United States,29.99,4.1,images/Chateau_Ste_Michelle_Cold_Creek_Vineyard_Cabernet_.png,images/bottle_Chateau_Ste_Michelle_Cold_Creek_Vineyard_Ca.png,Columbia Valley,Chateau Ste. Michelle,"oak, black fruit, non oak, spices, earth, red fruit, microbio, dried fruit, floral, vegetal, tree fruit, citrus fruit","Beef, Lamb, Game (deer, venison), Poultry",Cabernet Sauvignon
Markham Vineyards Cabernet Sauvignon 2019,United States,44.99,4.1,images/Markham_Vineyards_Cabernet_Sauvignon_2019.png,images/bottle_Markham_Vineyards_Cabernet_Sauvignon_2019.png,Napa Valley,Markham Vineyards,"oak, black fruit, non oak, spices, earth, red fruit, microbio, vegetal, dried fruit, floral, citrus fruit, tree fruit, tropical fruit","Beef, Lamb, Game (deer, venison), Mature and hard cheese, Poultry",Cabernet Sauvignon
Aperture Cabernet Sauvignon 2021,United States,179.99,4.4,images/Aperture_Cabernet_Sauvignon_2021.png,images/bottle_Aperture_Cabernet_Sauvignon_2021.png,Alexander Valley,Aperture,"black fruit, oak, non oak, earth, spices, red fruit, microbio, tropical fruit, vegetal, floral, dried fruit, citrus fruit","Beef, Lamb, Game (deer, venison)",Cabernet Sauvignon
Turnbull Napa Valley Cabernet Sauvignon 2022,United States,44.99,4.3,images/Turnbull_Napa_Valley_Cabernet_Sauvignon_2022.png,images/bottle_Turnbull_Napa_Valley_Cabernet_Sauvignon_202.png,Napa Valley,Turnbull,"oak, black fruit, earth, red fruit, non oak, spices, microbio, dried fruit, vegetal, floral, tree fruit, citrus fruit, tropical fruit","Beef, Lamb, Game (deer, venison), Mature and hard cheese, Poultry",Cabernet Sauvignon
Parador Hossfeld Vineyard Cabernet Sauvignon 2014,United States,110,4.3,images/Parador_Hossfeld_Vineyard_Cabernet_Sauvignon_2014.jpg,,Napa Valley,Parador,"oak, earth, black fruit, red fruit, non oak, spices, tree fruit, citrus fruit, floral, vegetal, microbio","Beef, Lamb, Game (deer, venison), Mature and hard cheese, Poultry",Cabernet Sauvignon
Favia Oakville Cabernet Sauvignon 2018,United States,275,4.6,images/Favia_Oakville_Cabernet_Sauvignon_2018.png,images/bottle_Favia_Oakville_Cabernet_Sauvignon_2018.png,Oakville,Favia,"oak, non oak, red fruit, black fruit, earth, spices","Beef, Lamb, Game (deer, venison), Mature and hard cheese, Poultry",Cabernet Sauvignon
Josh Cellars Reserve North Coast Cabernet Sauvignon 2021,United States,19.99,4,images/Josh_Cellars_Reserve_North_Coast_Cabernet_Sauvigno.png,images/bottle_Josh_Cellars_Reserve_North_Coast_Cabernet_S.png,North Coast,Josh Cellars,"oak, black fruit, red fruit, non oak, spices, earth, microbio, dried fruit, vegetal, floral, tree fruit, citrus fruit, tropical fruit","Beef, Lamb, Game (deer, venison), Poultry",Cabernet Sauvignon
Harris Estate Vineyards Casey’s Lakeview Vineyard Cabernet Sauvignon 2017,United States,150,4.5,images/Harris_Estate_Vineyards_Caseys_Lakeview_Vineyard_C.png,images/bottle_Harris_Estate_Vineyards_Caseys_Lakeview_Vin.png,Calistoga,Harris Estate Vineyards,"black fruit, oak, earth, red fruit, non oak, spices, floral, dried fruit, tropical fruit","Beef, Lamb, Game (deer, venison), Mature and hard cheese, Poultry",Cabernet Sauvignon
Sella & Mosca Marchese di Villamarina 2006,Italy,37.59,4.3,images/Sella_Mosca_Marchese_di_Villamarina_2006.png,images/bottle_Sella_Mosca_Marchese_di_Villamarina_2006.png,Alghero,Sella & Mosca,"oak, earth, non oak, black fruit, spices, red fruit, vegetal, microbio, dried fruit, floral, citrus fruit, tree fruit, tropical fruit","Beef, Pasta, Lamb","Primitivo, Aglianico, Negroamaro, Nero d'Avola"
B Cellars Beckstoffer Missouri Hopper Vineyard Cabernet Sauvignon 2022,United States,325,4.7,images/B_Cellars_Beckstoffer_Missouri_Hopper_Vineyard_Cab.jpg,,Napa Valley,B Cellars,"black fruit, oak, non oak, earth, red fruit, spices, tree fruit, citrus fruit","Beef, Lamb, Game (deer, venison), Mature and hard cheese, Poultry",Cabernet Sauvignon
Lail Vineyards Blueprint Cabernet Sauvignon 2021,United States,101,4.2,images/Lail_Vineyards_Blueprint_Cabernet_Sauvignon_2021.png,images/bottle_Lail_Vineyards_Blueprint_Cabernet_Sauvignon.png,Napa Valley,Lail Vineyards,"oak, black fruit, earth, non oak, spices, red fruit, microbio, vegetal, floral, dried fruit, citrus fruit, tropical fruit, tree fruit","Beef, Lamb, Game (deer, venison), Mature and hard cheese, Poultry",Cabernet Sauvignon
Cyrus Creek Cabernet Sauvignon 2020,United States,81,4.3,images/Cyrus_Creek_Cabernet_Sauvignon_2020.png,images/bottle_Cyrus_Creek_Cabernet_Sauvignon_2020.png,Diamond Mountain District,Cyrus Creek,"oak, black fruit, non oak, spices, earth, red fruit, microbio, dried fruit, vegetal","Beef, Lamb, Game (deer, venison), Mature and hard cheese, Poultry",Cabernet Sauvignon
Sean Minor California Series Cabernet Sauvignon 2021,United States,12.99,3.8,images/Sean_Minor_California_Series_Cabernet_Sauvignon_20.png,images/bottle_Sean_Minor_California_Series_Cabernet_Sauvi.png,Paso Robles,Sean Minor,"oak, black fruit, red fruit, earth, non oak, spices, vegetal, microbio, dried fruit, floral, tree fruit, citrus fruit, tropical fruit","Beef, Lamb, Game (deer, venison)",Cabernet Sauvignon
Silverado Vineyards Estate Cabernet Sauvignon 2022,United States,49.99,4.3,images/Silverado_Vineyards_Estate_Cabernet_Sauvignon_2022.png,images/bottle_Silverado_Vineyards_Estate_Cabernet_Sauvign.png,Napa Valley,Silverado Vineyards,"oak, black fruit, red fruit, non oak, spices, earth, microbio, dried fruit, vegetal, floral, tree fruit, citrus fruit, tropical fruit","Beef, Lamb, Game (deer, venison), Mature and hard cheese, Poultry",Cabernet Sauvignon
Bryant Family Vineyard Cabernet Sauvignon Proprietor Grown 2012,United States,879.99,4.7,images/Bryant_Family_Vineyard_Cabernet_Sauvignon_Propriet.png,images/bottle_Bryant_Family_Vineyard_Cabernet_Sauvignon_P.png,Napa Valley,Bryant Family Vineyard,"oak, black fruit, non oak, earth, red fruit, spices, dried fruit, floral, microbio, vegetal, citrus fruit, tree fruit","Beef, Lamb, Game (deer, venison), Mature and hard cheese, Poultry",Cabernet Sauvignon
Nickel & Nickel C.C. Ranch Cabernet Sauvignon 2016,United States,180.99,4.5,images/Nickel_Nickel_CC_Ranch_Cabernet_Sauvignon_2016.png,images/bottle_Nickel_Nickel_CC_Ranch_Cabernet_Sauvignon_2.png,Rutherford,Nickel & Nickel,"black fruit, oak, red fruit, earth, non oak, spices, microbio, dried fruit, floral, vegetal, citrus fruit","Beef, Lamb, Game (deer, venison), Mature and hard cheese, Poultry",Cabernet Sauvignon
Neil Ellis Cabernet Sauvignon 2019,South Africa,31,3.9,images/Neil_Ellis_Cabernet_Sauvignon_2019.png,images/bottle_Neil_Ellis_Cabernet_Sauvignon_2019.png,Stellenbosch,Neil Ellis,"oak, black fruit, earth, non oak, spices, red fruit, microbio, vegetal, floral, dried fruit, tree fruit, citrus fruit, tropical fruit","Beef, Lamb, Poultry",Cabernet Sauvignon
Arcudi Black Sears Vineyard Cabernet Sauvignon 2014,United States,156.99,4.5,images/Arcudi_Black_Sears_Vineyard_Cabernet_Sauvignon_201.png,images/bottle_Arcudi_Black_Sears_Vineyard_Cabernet_Sauvig.png,Howell Mountain,Arcudi,"black fruit, oak, earth, spices, red fruit, non oak, tree fruit, floral, vegetal, microbio","Beef, Lamb, Game (deer, venison), Mature and hard cheese, Poultry",Cabernet Sauvignon
B Cellars Star Vineyard Cabernet Sauvignon 2021,United States,158,4.6,images/B_Cellars_Star_Vineyard_Cabernet_Sauvignon_2021.jpg,,Rutherford,B Cellars,"black fruit, oak, spices, non oak, red fruit, earth, dried fruit, microbio","Beef, Lamb, Game (deer, venison), Mature and hard cheese, Poultry",Cabernet Sauvignon
Cavas Valmar Cabernet Sauvignon 2017,Mexico,34.99,3.8,images/Cavas_Valmar_Cabernet_Sauvignon_2017.jpg,,Valle de Guadalupe,Cavas Valmar,"red fruit, non oak, oak, spices, black fruit, earth, floral, vegetal","Beef, Lamb, Poultry",Cabernet Sauvignon
Joseph Phelps Vineyards Eisele Cabernet Sauvignon 1985,United States,593,4.3,images/Joseph_Phelps_Vineyards_Eisele_Cabernet_Sauvignon_.png,images/bottle_Joseph_Phelps_Vineyards_Eisele_Cabernet_Sau.png,Napa Valley,Joseph Phelps Vineyards,"oak, earth, black fruit, non oak, red fruit, spices, floral, vegetal, microbio, dried fruit","Beef, Lamb, Game (deer, venison), Mature and hard cheese, Poultry",Cabernet Sauvignon
Kendall-Jackson Grand Reserve Cabernet Sauvignon 2021,United States,28.99,3.9,images/Kendall_Jackson_Grand_Reserve_Cabernet_Sauvignon_2.png,images/bottle_Kendall_Jackson_Grand_Reserve_Cabernet_Sauv.png,Sonoma County,Kendall-Jackson,"oak, black fruit, non oak, red fruit, spices, earth, microbio, vegetal, dried fruit, floral, tree fruit, citrus fruit, tropical fruit","Beef, Lamb, Game (deer, venison)",Cabernet Sauvignon
Col Solare Cabernet Sauvignon 2017,United States,59.99,4.3,images/Col_Solare_Cabernet_Sauvignon_2017.png,images/bottle_Col_Solare_Cabernet_Sauvignon_2017.png,Red Mountain,Col Solare,"oak, black fruit, earth, red fruit, non oak, spices, microbio, dried fruit, floral, vegetal, tropical fruit, tree fruit","Beef, Lamb, Game (deer, venison), Poultry",Cabernet Sauvignon
Broadbent Cabernet Sauvignon 2023,United States,14,3.8,images/Broadbent_Cabernet_Sauvignon_2023.png,images/bottle_Broadbent_Cabernet_Sauvignon_2023.png,North Coast,Broadbent,,"Beef, Lamb, Game (deer, venison), Poultry",Cabernet Sauvignon
Alejandro Bulgheroni Beckstoffer To Kalon Vineyard Lithology 2014,United States,300,4.6,images/Alejandro_Bulgheroni_Beckstoffer_To_Kalon_Vineyard.png,images/bottle_Alejandro_Bulgheroni_Beckstoffer_To_Kalon_V.png,Napa Valley,Alejandro Bulgheroni,"oak, black fruit, non oak, spices, earth, red fruit, dried fruit, floral, vegetal","Beef, Lamb, Game (deer, venison), Mature and hard cheese, Poultry",Cabernet Sauvignon
Paul Hobbs Beckstoffer To Kalon Vineyard Cabernet Sauvignon 2012,United States,599.99,4.7,images/Paul_Hobbs_Beckstoffer_To_Kalon_Vineyard_Cabernet_.png,images/bottle_Paul_Hobbs_Beckstoffer_To_Kalon_Vineyard_Ca.png,Oakville,Paul Hobbs,"oak, black fruit, earth, non oak, red fruit, spices, floral, microbio, dried fruit, vegetal, citrus fruit, tree fruit","Beef, Lamb, Game (deer, venison), Mature and hard cheese, Poultry",Cabernet Sauvignon
Cataclysm Cabernet Sauvignon 2019,United States,17,3.8,images/Cataclysm_Cabernet_Sauvignon_2019.png,images/bottle_Cataclysm_Cabernet_Sauvignon_2019.png,Columbia Valley,Cataclysm,"oak, black fruit, red fruit, spices, earth, microbio, non oak","Beef, Lamb, Game (deer, venison), Poultry",Cabernet Sauvignon
Cayuse Vineyards The Widowmaker 2016,United States,146,4.4,images/Cayuse_Vineyards_The_Widowmaker_2016.png,images/bottle_Cayuse_Vineyards_The_Widowmaker_2016.png,Walla Walla Valley,Cayuse Vineyards,"black fruit, earth, oak, non oak, red fruit, spices, microbio","Beef, Lamb, Game (deer, venison), Poultry",Cabernet Sauvignon
Dalton Safsufa Vineyards Cabernet Sauvignon 2020,Israel,27.99,3.6,images/Dalton_Safsufa_Vineyards_Cabernet_Sauvignon_2020.png,images/bottle_Dalton_Safsufa_Vineyards_Cabernet_Sauvignon.png,Galilee,Dalton,"oak, red fruit, spices, earth, black fruit, non oak, floral, dried fruit, citrus fruit, vegetal","Beef, Lamb, Poultry",Cabernet Sauvignon
La Pelle Wines Cabernet Sauvignon 2022,United States,89.99,4.3,images/La_Pelle_Wines_Cabernet_Sauvignon_2022.png,images/bottle_La_Pelle_Wines_Cabernet_Sauvignon_2022.png,Napa Valley,La Pelle Wines,"oak, earth, red fruit, black fruit, spices, non oak, microbio","Beef, Lamb, Game (deer, venison), Mature and hard cheese, Poultry",Cabernet Sauvignon
Brilliant Mistake Cabernet Sauvignon 2021,United States,229.99,4.5,images/Brilliant_Mistake_Cabernet_Sauvignon_2021.png,images/bottle_Brilliant_Mistake_Cabernet_Sauvignon_2021.png,Napa Valley,Brilliant Mistake,"black fruit, oak, non oak, earth, red fruit, spices, dried fruit, microbio","Beef, Lamb, Game (deer, venison), Mature and hard cheese, Poultry",Cabernet Sauvignon
Avalon Cabernet Sauvignon (CAB) 2020,United States,10.99,3.6,images/Avalon_Cabernet_Sauvignon_CAB_2020.png,images/bottle_Avalon_Cabernet_Sauvignon_CAB_2020.png,California,Avalon,"oak, black fruit, red fruit, non oak, spices, earth, microbio, dried fruit, vegetal, floral, tree fruit, citrus fruit","Beef, Lamb, Game (deer, venison), Poultry",Cabernet Sauvignon
Harris Estate Vineyards Hannah's Indulgence  Cabernet Sauvignon 2021,United States,120,4.6,images/Harris_Estate_Vineyards_Hannahs_Indulgence_Caberne.png,images/bottle_Harris_Estate_Vineyards_Hannahs_Indulgence_.png,Calistoga,Harris Estate Vineyards,"oak, red fruit, earth, black fruit, spices, non oak, dried fruit, tree fruit, microbio","Beef, Lamb, Game (deer, venison), Mature and hard cheese, Poultry",Cabernet Sauvignon
Villa Brici Cabernet Sauvignon 2020,Slovenia,14.99,3.4,images/Villa_Brici_Cabernet_Sauvignon_2020.png,images/bottle_Villa_Brici_Cabernet_Sauvignon_2020.png,Goriška Brda,Villa Brici,"red fruit, oak, black fruit, earth, citrus fruit, spices, floral","Beef, Lamb, Game (deer, venison), Mature and hard cheese, Mushrooms",Cabernet Sauvignon
Ridge Vineyards York Creek Cabernet Sauvignon 1983,United States,297,4.2,images/Ridge_Vineyards_York_Creek_Cabernet_Sauvignon_1983.png,images/bottle_Ridge_Vineyards_York_Creek_Cabernet_Sauvign.png,California,Ridge Vineyards,"earth, oak, black fruit, non oak, red fruit, spices, dried fruit, microbio","Beef, Lamb, Game (deer, venison), Poultry",Cabernet Sauvignon
Robert Mondavi Winery Vine Hill Ranch Cabernet Sauvignon 2009,United States,180,4.1,images/Robert_Mondavi_Winery_Vine_Hill_Ranch_Cabernet_Sau.png,images/bottle_Robert_Mondavi_Winery_Vine_Hill_Ranch_Caber.png,Oakville,Robert Mondavi Winery,"oak, black fruit, spices, non oak, earth, vegetal, microbio, dried fruit","Beef, Lamb, Game (deer, venison), Mature and hard cheese, Poultry",Cabernet Sauvignon
Honest Thief Cabernet Sauvignon 2020,United States,17.99,3.9,images/Honest_Thief_Cabernet_Sauvignon_2020.png,images/bottle_Honest_Thief_Cabernet_Sauvignon_2020.png,Paso Robles,Honest Thief,"oak, black fruit, non oak, spices, earth, dried fruit, red fruit","Beef, Lamb, Game (deer, venison)",Cabernet Sauvignon
Tournesol Napa Valley Cabernet Sauvignon 2021,United States,150,4.5,images/Tournesol_Napa_Valley_Cabernet_Sauvignon_2021.jpg,,Napa Valley,Tournesol,"red fruit, oak, earth, non oak, black fruit, microbio, spices, vegetal, dried fruit","Beef, Lamb, Game (deer, venison), Mature and hard cheese, Poultry",Cabernet Sauvignon
Drimia Cabernet Sauvignon 2013,Israel,39.99,3.9,images/Drimia_Cabernet_Sauvignon_2013.png,images/bottle_Drimia_Cabernet_Sauvignon_2013.png,Judean Hills,Drimia,"black fruit, oak, earth, red fruit, spices, dried fruit, floral, non oak, microbio","Beef, Lamb, Poultry",Cabernet Sauvignon
Futo 5500 2018,United States,250,4.7,images/Futo_5500_2018.png,images/bottle_Futo_5500_2018.png,Stags Leap District,Futo,"red fruit, oak, black fruit, spices, floral, earth, non oak, microbio","Beef, Lamb, Game (deer, venison), Mature and hard cheese, Poultry",Cabernet Sauvignon
Paul Hobbs CrossBarn Sonoma County Cabernet Sauvignon 2019,United States,44.99,4.2,images/Paul_Hobbs_CrossBarn_Sonoma_County_Cabernet_Sauvig.png,images/bottle_Paul_Hobbs_CrossBarn_Sonoma_County_Cabernet.png,Sonoma County,Paul Hobbs,"black fruit, oak, red fruit, earth, non oak, spices, dried fruit, floral, microbio","Beef, Lamb, Game (deer, venison)",Cabernet Sauvignon
B Wise Wisdom Cabernet Sauvignon 2020,United States,36.99,4.2,images/B_Wise_Wisdom_Cabernet_Sauvignon_2020.jpg,,Napa County,B Wise,"oak, non oak, black fruit, spices, earth, dried fruit, red fruit, microbio","Beef, Lamb, Game (deer, venison), Poultry",Cabernet Sauvignon
Iter Cabernet Sauvignon 2023,United States,21.97,4,images/Iter_Cabernet_Sauvignon_2023.png,images/bottle_Iter_Cabernet_Sauvignon_2023.png,Napa Valley,Iter,"oak, black fruit, non oak, spices, red fruit, earth, microbio, dried fruit, citrus fruit, floral, vegetal, tree fruit, tropical fruit","Beef, Lamb, Game (deer, venison), Mature and hard cheese, Poultry",Cabernet Sauvignon
Requiem Cabernet Sauvignon 2022,United States,20,4.1,images/Requiem_Cabernet_Sauvignon_2022.png,images/bottle_Requiem_Cabernet_Sauvignon_2022.png,Columbia Valley,Requiem,"oak, black fruit, red fruit, non oak, earth, spices, dried fruit, microbio, floral, citrus fruit, vegetal, tree fruit, tropical fruit","Beef, Lamb, Game (deer, venison), Poultry",Cabernet Sauvignon
Kilikanoon Killerman's Run Cabernet Sauvignon 2019,Australia,18.99,3.8,images/Kilikanoon_Killermans_Run_Cabernet_Sauvignon_2019.png,images/bottle_Kilikanoon_Killermans_Run_Cabernet_Sauvigno.png,Clare Valley,Kilikanoon,"black fruit, oak, spices, non oak, earth, red fruit, vegetal, dried fruit, tree fruit, microbio, floral, citrus fruit","Beef, Lamb, Poultry",Cabernet Sauvignon
Abeja Cabernet Sauvignon 2017,United States,49.99,4.4,images/Abeja_Cabernet_Sauvignon_2017.png,images/bottle_Abeja_Cabernet_Sauvignon_2017.png,Columbia Valley,Abeja,"oak, black fruit, earth, non oak, spices, red fruit, microbio, floral, dried fruit, vegetal, citrus fruit, tree fruit","Beef, Lamb, Game (deer, venison), Poultry",Cabernet Sauvignon
Emevé Cabernet Sauvignon 2018,Mexico,35.99,4,images/Emev_Cabernet_Sauvignon_2018.jpg,,Valle de Guadalupe,Emevé,"oak, red fruit, spices, black fruit, non oak, earth, microbio, dried fruit, floral, tropical fruit","Beef, Lamb, Poultry",Cabernet Sauvignon
Ellman Family Vineyards Jemma 2021,United States,255,4.4,images/Ellman_Family_Vineyards_Jemma_2021.png,images/bottle_Ellman_Family_Vineyards_Jemma_2021.png,Napa Valley,Ellman Family Vineyards,"black fruit, oak, red fruit, non oak, earth, spices, floral, microbio, citrus fruit, vegetal, tree fruit, dried fruit, tropical fruit","Beef, Lamb, Game (deer, venison), Mature and hard cheese, Poultry",Cabernet Sauvignon
Woodward Canyon Cabernet Sauvignon 2022,United States,65,4.1,images/Woodward_Canyon_Cabernet_Sauvignon_2022.png,images/bottle_Woodward_Canyon_Cabernet_Sauvignon_2022.png,Walla Walla Valley,Woodward Canyon,"oak, black fruit, non oak, red fruit, earth, spices, dried fruit, microbio, tropical fruit, tree fruit, floral, vegetal","Beef, Lamb, Game (deer, venison), Poultry",Cabernet Sauvignon
Kanpai Hi no Tori Cabernet Sauvignon 2021,United States,70,4,images/Kanpai_Hi_no_Tori_Cabernet_Sauvignon_2021.jpg,,Napa Valley,Kanpai,"black fruit, red fruit, oak, spices, non oak, vegetal, earth, dried fruit, floral","Beef, Lamb, Game (deer, venison), Mature and hard cheese, Poultry",Cabernet Sauvignon
Truth Dark & Jammy Cabernet Sauvignon 2017,United States,14.99,4,images/Truth_Dark_Jammy_Cabernet_Sauvignon_2017.jpg,,California,Truth,"black fruit, red fruit, oak, dried fruit, earth, spices, non oak, citrus fruit","Beef, Lamb, Game (deer, venison), Poultry",Cabernet Sauvignon
Frey Biodynamic Cabernet Sauvignon 2020,United States,16.99,3.5,images/Frey_Biodynamic_Cabernet_Sauvignon_2020.png,images/bottle_Frey_Biodynamic_Cabernet_Sauvignon_2020.png,Mendocino,Frey,"black fruit, earth, red fruit, oak, spices, microbio, non oak, tree fruit, citrus fruit, dried fruit","Beef, Lamb, Game (deer, venison), Poultry",Cabernet Sauvignon
Recanati Cabernet Sauvignon 2021,Israel,19.99,3.8,images/Recanati_Cabernet_Sauvignon_2021.png,images/bottle_Recanati_Cabernet_Sauvignon_2021.png,Upper Galilee,Recanati,"oak, black fruit, earth, non oak, red fruit, spices, microbio, dried fruit, citrus fruit, vegetal, floral, tree fruit, tropical fruit","Beef, Lamb, Poultry",Cabernet Sauvignon
LUKE Cabernet Sauvignon 2020,United States,23.99,3.8,images/LUKE_Cabernet_Sauvignon_2020.png,images/bottle_LUKE_Cabernet_Sauvignon_2020.png,Wahluke Slope,LUKE,"oak, black fruit, red fruit, earth, spices, non oak, vegetal, microbio, dried fruit, floral, tree fruit","Beef, Lamb, Game (deer, venison), Poultry",Cabernet Sauvignon
Matanzas Creek Cabernet Sauvignon 1978,United States,235,3.9,images/Matanzas_Creek_Cabernet_Sauvignon_1978.png,images/bottle_Matanzas_Creek_Cabernet_Sauvignon_1978.png,Sonoma County,Matanzas Creek,"red fruit, oak, black fruit, earth, spices, floral","Beef, Lamb, Game (deer, venison)",Cabernet Sauvignon
Rewa Vineyards Cabernet Sauvignon 2019,United States,250,4.4,images/Rewa_Vineyards_Cabernet_Sauvignon_2019.png,images/bottle_Rewa_Vineyards_Cabernet_Sauvignon_2019.png,Coombsville,Rewa Vineyards,"oak, black fruit, spices, earth, non oak, red fruit, floral, dried fruit, vegetal","Beef, Lamb, Game (deer, venison), Mature and hard cheese, Poultry",Cabernet Sauvignon
Andrew Will Two Blondes Vineyard Cabernet Sauvignon 2021,United States,42.99,4.1,images/Andrew_Will_Two_Blondes_Vineyard_Cabernet_Sauvigno.jpg,,Yakima Valley,Andrew Will,"black fruit, oak, earth, red fruit, non oak, spices, dried fruit, floral, microbio","Beef, Lamb, Game (deer, venison), Poultry",Cabernet Sauvignon
Charles Krug Cabernet Sauvignon 2022,United States,34.99,3.9,images/Charles_Krug_Cabernet_Sauvignon_2022.png,images/bottle_Charles_Krug_Cabernet_Sauvignon_2022.png,Napa Valley,Charles Krug,"oak, black fruit, earth, non oak, red fruit, spices, microbio, dried fruit, vegetal, citrus fruit, tree fruit, floral, tropical fruit","Beef, Lamb, Game (deer, venison), Mature and hard cheese, Poultry",Cabernet Sauvignon
Michael David Winery Misfits And Mavens Cabernet Sauvignon 2022,United States,24.99,4,images/Michael_David_Winery_Misfits_And_Mavens_Cabernet_S.jpg,,California,Michael David Winery,,"Beef, Lamb, Game (deer, venison), Poultry",Cabernet Sauvignon
Villa Mt. Eden Napa Valley Cabernet Sauvignon 1982,United States,190,4.1,images/Villa_Mt_Eden_Napa_Valley_Cabernet_Sauvignon_1982.png,images/bottle_Villa_Mt_Eden_Napa_Valley_Cabernet_Sauvigno.png,Napa Valley,Villa Mt. Eden,"oak, earth, black fruit, non oak, spices, red fruit, tree fruit, floral, microbio","Beef, Lamb, Game (deer, venison), Mature and hard cheese, Poultry",Cabernet Sauvignon
Crown Point Relevant Cabernet Sauvignon 2019,United States,79.99,4.4,images/Crown_Point_Relevant_Cabernet_Sauvignon_2019.png,images/bottle_Crown_Point_Relevant_Cabernet_Sauvignon_201.png,Happy Canyon of Santa Barbara,Crown Point,"oak, black fruit, spices, non oak, red fruit, earth, dried fruit, microbio","Beef, Lamb, Game (deer, venison), Poultry",Cabernet Sauvignon
BOND St. Eden 2005,United States,525,4.6,images/BOND_St_Eden_2005.png,images/bottle_BOND_St_Eden_2005.png,Napa Valley,BOND,"oak, black fruit, earth, non oak, spices, red fruit, microbio, floral, vegetal, dried fruit, tree fruit, citrus fruit","Beef, Lamb, Game (deer, venison), Mature and hard cheese, Poultry",Cabernet Sauvignon
Or Haganuz Amuka Cabernet Sauvignon (בעמוקה קברנה סוביניון) 2014,Israel,64.99,3.9,images/Or_Haganuz_Amuka_Cabernet_Sauvignon_2014.png,images/bottle_Or_Haganuz_Amuka_Cabernet_Sauvignon_2014.png,Galilee,Or Haganuz,"oak, black fruit, red fruit, earth, non oak, tree fruit, spices, microbio","Beef, Lamb, Poultry",Cabernet Sauvignon
Santa Cruz Mountain Vineyard Luchessi Vineyard Cabernet Sauvignon 2015,United States,75,4.1,images/Santa_Cruz_Mountain_Vineyard_Luchessi_Vineyard_Cab.png,images/bottle_Santa_Cruz_Mountain_Vineyard_Luchessi_Viney.png,Santa Cruz Mountains,Santa Cruz Mountain Vineyard,"earth, oak, black fruit, red fruit, non oak, spices, dried fruit, floral, vegetal, microbio","Beef, Lamb, Game (deer, venison), Poultry",Cabernet Sauvignon
Larson Family Winery Cabernet Sauvignon 2017,United States,80,4.1,images/Larson_Family_Winery_Cabernet_Sauvignon_2017.jpg,,Sonoma Valley,Larson Family Winery,"oak, red fruit, earth, black fruit, non oak, spices","Beef, Lamb, Game (deer, venison)",Cabernet Sauvignon
Andes Plateau Cota 500 2022,Chile,23,4,images/Andes_Plateau_Cota_500_2022.png,images/bottle_Andes_Plateau_Cota_500_2022.png,Maipo Valley,Andes Plateau,"oak, earth, black fruit, spices, red fruit, non oak, vegetal, tree fruit, citrus fruit, floral, microbio, tropical fruit, dried fruit","Beef, Lamb, Game (deer, venison), Poultry",Cabernet Sauvignon
Parador Red Blend 1999,United States,50,4.1,images/Parador_Red_Blend_1999.png,images/bottle_Parador_Red_Blend_1999.png,Napa Valley,Parador,"oak, non oak, black fruit, earth, red fruit, spices","Beef, Lamb, Game (deer, venison), Mature and hard cheese, Poultry",Cabernet Sauvignon
Castello dei Rampolla d'Alceo 2015,Italy,359,4.3,images/Castello_dei_Rampolla_dAlceo_2015.png,images/bottle_Castello_dei_Rampolla_dAlceo_2015.png,Toscana,Castello dei Rampolla,"oak, earth, black fruit, non oak, red fruit, spices, microbio, dried fruit, floral, vegetal, tree fruit, citrus fruit, tropical fruit","Beef, Lamb, Veal, Poultry, Cured Meat","Cabernet Sauvignon, Merlot, Sangiovese, Canaiolo Nero"
Château La Mouliniere Bordeaux Rosé 2024,France,13.99,3.8,images/Chteau_La_Mouliniere_Bordeaux_Ros_2024.png,images/bottle_Chteau_La_Mouliniere_Bordeaux_Ros_2024.png,Bordeaux,Château La Mouliniere,"red fruit, citrus fruit, dried fruit, microbio","Shellfish, Vegetarian, Poultry, Appetizers and snacks, Lean fish, Aperitif","Cabernet Sauvignon, Cabernet Franc, Malbec, Merlot, Petit Verdot, Carménère"
Matthews Reserve Cabernet Sauvignon 2022,United States,135,4.4,images/Matthews_Reserve_Cabernet_Sauvignon_2022.png,images/bottle_Matthews_Reserve_Cabernet_Sauvignon_2022.png,Columbia Valley,Matthews,"black fruit, oak, red fruit, spices, non oak, earth, floral, vegetal, dried fruit","Beef, Lamb, Game (deer, venison), Poultry",Cabernet Sauvignon
Crocker & Starr 1 Post 2019,United States,238,4.6,images/Crocker_Starr_1_Post_2019.png,images/bottle_Crocker_Starr_1_Post_2019.png,St. Helena,Crocker & Starr,"oak, spices, black fruit, red fruit, non oak, earth","Beef, Lamb, Game (deer, venison), Mature and hard cheese, Poultry",Cabernet Sauvignon
Palmaz Cabernet Sauvignon 2018,United States,159.99,4.6,images/Palmaz_Cabernet_Sauvignon_2018.png,images/bottle_Palmaz_Cabernet_Sauvignon_2018.png,Napa Valley,Palmaz,"oak, black fruit, earth, non oak, red fruit, spices, dried fruit, microbio, vegetal, floral, tree fruit, tropical fruit, citrus fruit","Beef, Lamb, Game (deer, venison), Mature and hard cheese, Poultry",Cabernet Sauvignon
B Cellars Beckstoffer Georges III Vineyard Cabernet Sauvignon 2022,United States,325,4.7,images/B_Cellars_Beckstoffer_Georges_III_Vineyard_Caberne.png,images/bottle_B_Cellars_Beckstoffer_Georges_III_Vineyard_.png,Rutherford,B Cellars,"oak, black fruit, non oak, spices, earth, red fruit, dried fruit, microbio","Beef, Lamb, Game (deer, venison), Mature and hard cheese, Poultry",Cabernet Sauvignon
Paul Hobbs Beckstoffer Dr. Crane Vineyard Cabernet Sauvignon 2012,United States,295,4.7,images/Paul_Hobbs_Beckstoffer_Dr_Crane_Vineyard_Cabernet_.png,images/bottle_Paul_Hobbs_Beckstoffer_Dr_Crane_Vineyard_Ca.png,St. Helena,Paul Hobbs,"oak, black fruit, non oak, red fruit, spices, earth, microbio, dried fruit, vegetal, floral, tree fruit, citrus fruit, tropical fruit","Beef, Lamb, Game (deer, venison), Mature and hard cheese, Poultry",Cabernet Sauvignon
Cakebread Cabernet Sauvignon Benchland Select 2018,United States,149.99,4.5,images/Cakebread_Cabernet_Sauvignon_Benchland_Select_2018.png,images/bottle_Cakebread_Cabernet_Sauvignon_Benchland_Sele.png,Napa Valley,Cakebread,"oak, black fruit, earth, non oak, red fruit, spices, microbio, dried fruit, floral, vegetal, citrus fruit, tree fruit","Beef, Lamb, Game (deer, venison), Mature and hard cheese, Poultry",Cabernet Sauvignon
Kalaris Cabernet Sauvignon 2017,United States,49.99,4.2,images/Kalaris_Cabernet_Sauvignon_2017.png,images/bottle_Kalaris_Cabernet_Sauvignon_2017.png,Napa Valley,Kalaris,"oak, black fruit, earth, red fruit, non oak, spices, microbio, dried fruit, vegetal","Beef, Lamb, Game (deer, venison), Mature and hard cheese, Poultry",Cabernet Sauvignon
Carter Cellars Fortuna Vineyard Cabernet Sauvignon 2021,United States,300,4.6,images/Carter_Cellars_Fortuna_Vineyard_Cabernet_Sauvignon.png,images/bottle_Carter_Cellars_Fortuna_Vineyard_Cabernet_Sa.png,Napa Valley,Carter Cellars,"oak, black fruit, red fruit, spices, non oak, earth, floral, dried fruit, vegetal, microbio","Beef, Lamb, Game (deer, venison), Mature and hard cheese, Poultry",Cabernet Sauvignon
Ao Yun (敖云葡萄园) Shangri-La (敖云) 2018,China,219.22,4.2,images/Ao_Yun_Shangri_La_2018.png,images/bottle_Ao_Yun_Shangri_La_2018.png,Yunnan,Ao Yun (敖云葡萄园),"oak, earth, black fruit, spices, non oak, red fruit, vegetal, microbio, floral, dried fruit","Beef, Lamb, Veal, Game (deer, venison)",
Burgess Contadina Cabernet Sauvignon 2018,United States,53,4.1,images/Burgess_Contadina_Cabernet_Sauvignon_2018.png,images/bottle_Burgess_Contadina_Cabernet_Sauvignon_2018.png,Napa Valley,Burgess,"oak, black fruit, red fruit, earth, non oak, spices, dried fruit, tree fruit, floral, microbio","Beef, Lamb, Game (deer, venison), Mature and hard cheese, Poultry",Cabernet Sauvignon
DAOU Patrimony Cabernet Sauvignon 2020,United States,299.99,4.5,images/DAOU_Patrimony_Cabernet_Sauvignon_2020.png,images/bottle_DAOU_Patrimony_Cabernet_Sauvignon_2020.png,Paso Robles,DAOU,"oak, black fruit, earth, non oak, red fruit, spices, microbio, dried fruit, vegetal, tropical fruit, floral","Beef, Lamb, Game (deer, venison)",Cabernet Sauvignon
Chop Shop Cabernet Sauvignon 2021,United States,10.99,4,images/Chop_Shop_Cabernet_Sauvignon_2021.png,images/bottle_Chop_Shop_Cabernet_Sauvignon_2021.png,Paso Robles,Chop Shop,"oak, red fruit, non oak, black fruit, spices, earth, dried fruit, microbio, vegetal, citrus fruit, tree fruit, floral","Beef, Lamb, Game (deer, venison)",Cabernet Sauvignon
Delectus Cabernet Sauvignon 2013,United States,99.98,3.9,images/Delectus_Cabernet_Sauvignon_2013.png,images/bottle_Delectus_Cabernet_Sauvignon_2013.png,Oakville,Delectus,"black fruit, oak, spices, non oak, red fruit, earth, microbio, dried fruit","Beef, Lamb, Game (deer, venison), Mature and hard cheese, Poultry",Cabernet Sauvignon
Gandona Encosta Estate Cabernet Sauvignon 2018,United States,109.99,4.3,images/Gandona_Encosta_Estate_Cabernet_Sauvignon_2018.png,images/bottle_Gandona_Encosta_Estate_Cabernet_Sauvignon_2.png,Napa Valley,Gandona,"oak, black fruit, non oak, earth, spices, red fruit, vegetal, microbio, floral, dried fruit, citrus fruit","Beef, Lamb, Game (deer, venison), Mature and hard cheese, Poultry",Cabernet Sauvignon
Bezel Cabernet Sauvignon 2022,United States,25.99,3.8,images/Bezel_Cabernet_Sauvignon_2022.png,images/bottle_Bezel_Cabernet_Sauvignon_2022.png,Paso Robles,Bezel,,"Beef, Lamb, Game (deer, venison)",Cabernet Sauvignon
Katlav Cabernet Sauvignon 2019,Israel,71.99,4.3,images/Katlav_Cabernet_Sauvignon_2019.png,images/bottle_Katlav_Cabernet_Sauvignon_2019.png,Judean Hills,Katlav,"oak, black fruit, earth, non oak, spices, microbio, red fruit, vegetal","Beef, Lamb, Poultry",Cabernet Sauvignon
Golan Heights Winery Gamla Cabernet Sauvignon 2021,Israel,21.99,4,images/Golan_Heights_Winery_Gamla_Cabernet_Sauvignon_2021.png,images/bottle_Golan_Heights_Winery_Gamla_Cabernet_Sauvign.png,Galilee,Golan Heights Winery,"oak, black fruit, red fruit, non oak, spices, earth, dried fruit, microbio, vegetal, floral, citrus fruit, tree fruit, tropical fruit","Beef, Lamb, Poultry",Cabernet Sauvignon
Castello Vicchiomaggio Ripa delle More 2020,Italy,34.99,4.2,images/Castello_Vicchiomaggio_Ripa_delle_More_2020.png,images/bottle_Castello_Vicchiomaggio_Ripa_delle_More_2020.png,Toscana,Castello Vicchiomaggio,"oak, spices, earth, non oak, black fruit, red fruit, microbio, floral, vegetal","Beef, Lamb, Veal, Poultry, Cured Meat","Cabernet Sauvignon, Merlot, Sangiovese, Canaiolo Nero"
Obelisco Estate III Nefer Cabernet Sauvignon 2020,United States,130,4.5,images/Obelisco_Estate_III_Nefer_Cabernet_Sauvignon_2020.jpg,,Red Mountain,Obelisco Estate,"oak, black fruit, earth, non oak, red fruit, microbio, spices, floral","Beef, Lamb, Game (deer, venison), Poultry",Cabernet Sauvignon
Liberty School Reserve Cabernet Sauvignon 2021,United States,16.99,4.1,images/Liberty_School_Reserve_Cabernet_Sauvignon_2021.png,images/bottle_Liberty_School_Reserve_Cabernet_Sauvignon_2.png,Paso Robles,Liberty School,"black fruit, oak, red fruit, non oak, spices, earth, dried fruit, floral, microbio, vegetal, tree fruit, citrus fruit","Beef, Lamb, Game (deer, venison)",Cabernet Sauvignon
STEL+MAR Cabernet Sauvignon 2021,United States,12.99,3.7,images/STELMAR_Cabernet_Sauvignon_2021.png,images/bottle_STELMAR_Cabernet_Sauvignon_2021.png,Lodi,STEL+MAR,"oak, red fruit, non oak, black fruit, spices, earth, dried fruit, microbio, tree fruit, citrus fruit, vegetal","Beef, Lamb, Game (deer, venison), Poultry",Cabernet Sauvignon
Santa Julia Reserva Cabernet Sauvignon 2022,Argentina,13.98,3.7,images/Santa_Julia_Reserva_Cabernet_Sauvignon_2022.png,images/bottle_Santa_Julia_Reserva_Cabernet_Sauvignon_2022.png,Uco Valley,Santa Julia,"black fruit, oak, non oak, spices, earth, red fruit, microbio, dried fruit, vegetal, floral, tree fruit, citrus fruit","Beef, Lamb, Poultry",Cabernet Sauvignon
Bevan Cellars Cabernet Sauvignon 2018,United States,249.99,4.7,images/Bevan_Cellars_Cabernet_Sauvignon_2018.png,images/bottle_Bevan_Cellars_Cabernet_Sauvignon_2018.png,Oakville,Bevan Cellars,"spices, black fruit, oak, red fruit, non oak, earth","Beef, Lamb, Game (deer, venison), Mature and hard cheese, Poultry",Cabernet Sauvignon
Altvs Cabernet Sauvignon 2011,United States,100,4.4,images/Altvs_Cabernet_Sauvignon_2011.png,images/bottle_Altvs_Cabernet_Sauvignon_2011.png,Napa Valley,Altvs,"oak, black fruit, non oak, spices, red fruit, earth, microbio, dried fruit, floral, vegetal, tree fruit","Beef, Lamb, Game (deer, venison), Mature and hard cheese, Poultry",Cabernet Sauvignon
99 Vines Cabernet Sauvignon,United States,11.99,3.5,images/99_Vines_Cabernet_Sauvignon.png,images/bottle_99_Vines_Cabernet_Sauvignon.png,California,99 Vines,"black fruit, red fruit, oak, dried fruit, spices, earth, microbio","Beef, Lamb, Game (deer, venison), Poultry",Cabernet Sauvignon
Seven Apart Expedition 2019,United States,269.99,4.6,images/Seven_Apart_Expedition_2019.jpg,,Napa Valley,Seven Apart,"oak, earth, black fruit, non oak, spices, red fruit, vegetal, dried fruit, citrus fruit, floral","Beef, Lamb, Game (deer, venison), Mature and hard cheese, Poultry",Cabernet Sauvignon
Revana Napa Valley Cabernet Sauvignon 2020,United States,124.99,4.4,images/Revana_Napa_Valley_Cabernet_Sauvignon_2020.png,images/bottle_Revana_Napa_Valley_Cabernet_Sauvignon_2020.png,Napa Valley,Revana,"oak, black fruit, earth, non oak, spices, red fruit, microbio, dried fruit, floral, vegetal, citrus fruit","Beef, Lamb, Game (deer, venison), Mature and hard cheese, Poultry",Cabernet Sauvignon
Fratelli Pasini Artigiano Cabernet Sauvignon 2012,Mexico,21.99,3.6,images/Fratelli_Pasini_Artigiano_Cabernet_Sauvignon_2012.jpg,,Baja California,Fratelli Pasini,"oak, earth, black fruit","Beef, Lamb, Poultry",Cabernet Sauvignon
Lenz Winery Cabernet Sauvignon 2019,United States,27,3.7,images/Lenz_Winery_Cabernet_Sauvignon_2019.jpg,,North Fork of Long Island,Lenz Winery,"red fruit, non oak, oak, spices, black fruit, earth, dried fruit, floral, vegetal",,
Corison Cabernet Sauvignon 2001,United States,489,4.4,images/Corison_Cabernet_Sauvignon_2001.png,images/bottle_Corison_Cabernet_Sauvignon_2001.png,St. Helena,Corison,"oak, black fruit, earth, non oak, red fruit, spices, floral, microbio, dried fruit, vegetal, tree fruit, citrus fruit, tropical fruit","Beef, Lamb, Game (deer, venison), Mature and hard cheese, Poultry",Cabernet Sauvignon
Niebaum Coppola Cabernet Sauvignon 1998,United States,89,3.9,images/Niebaum_Coppola_Cabernet_Sauvignon_1998.png,images/bottle_Niebaum_Coppola_Cabernet_Sauvignon_1998.png,Rutherford,Niebaum Coppola,"earth, oak, red fruit, black fruit, microbio, non oak","Beef, Lamb, Game (deer, venison), Mature and hard cheese, Poultry",Cabernet Sauvignon
Sequum Kidd Ranch Cabernet Sauvignon 2022,United States,85,4.4,images/Sequum_Kidd_Ranch_Cabernet_Sauvignon_2022.jpg,,Napa Valley,Sequum,"oak, black fruit, earth, red fruit, non oak, spices, dried fruit, floral, vegetal, microbio","Beef, Lamb, Game (deer, venison), Mature and hard cheese, Poultry",Cabernet Sauvignon
Ovum Pnk Salt Rosé 2022,United States,14,4,images/Ovum_Pnk_Salt_Ros_2022.png,images/bottle_Ovum_Pnk_Salt_Ros_2022.png,Columbia Gorge,Ovum,"earth, red fruit, citrus fruit, tropical fruit, tree fruit, spices",,
The Show Cabernet Sauvignon 2021,United States,11.99,3.8,images/The_Show_Cabernet_Sauvignon_2021.png,images/bottle_The_Show_Cabernet_Sauvignon_2021.png,California,The Show,"oak, black fruit, non oak, spices, red fruit, earth, microbio, dried fruit, vegetal, floral, citrus fruit, tree fruit, tropical fruit","Beef, Lamb, Game (deer, venison), Poultry",Cabernet Sauvignon
Tulocay Cabernet Sauvignon 2017,United States,69,4,images/Tulocay_Cabernet_Sauvignon_2017.png,images/bottle_Tulocay_Cabernet_Sauvignon_2017.png,Coombsville,Tulocay,"black fruit, oak, spices, earth, red fruit, non oak, dried fruit, floral","Beef, Lamb, Game (deer, venison), Mature and hard cheese, Poultry",Cabernet Sauvignon
Scribe Atlas Peak West Cabernet Sauvignon 2019,United States,79.99,4.4,images/Scribe_Atlas_Peak_West_Cabernet_Sauvignon_2019.png,images/bottle_Scribe_Atlas_Peak_West_Cabernet_Sauvignon_2.png,Atlas Peak,Scribe,"black fruit, oak, red fruit, spices, non oak, earth, floral, tropical fruit, microbio, dried fruit, vegetal","Beef, Lamb, Game (deer, venison), Mature and hard cheese, Poultry",Cabernet Sauvignon
Penfolds Quantum Bin 98 California Collection Cabernet Sauvignon 2018,United States,699.99,4.5,images/Penfolds_Quantum_Bin_98_California_Collection_Cabe.png,images/bottle_Penfolds_Quantum_Bin_98_California_Collecti.png,Napa Valley,Penfolds,"oak, spices, earth, red fruit, black fruit, non oak, vegetal","Beef, Lamb, Game (deer, venison), Mature and hard cheese, Poultry",Cabernet Sauvignon
Carta Vieja Cabernet Sauvignon 2023,Chile,12.99,3.5,images/Carta_Vieja_Cabernet_Sauvignon_2023.png,images/bottle_Carta_Vieja_Cabernet_Sauvignon_2023.png,Loncomilla Valley,Carta Vieja,"oak, black fruit, red fruit, earth, non oak, spices, microbio, dried fruit, citrus fruit, floral, vegetal, tree fruit","Beef, Lamb, Game (deer, venison), Poultry",Cabernet Sauvignon
1924 Wines Double Black Bourbon Barrel Aged Cabernet Sauvignon (Limited Edition) 2023,United States,10.99,3.9,images/1924_Wines_Double_Black_Bourbon_Barrel_Aged_Cabern.png,images/bottle_1924_Wines_Double_Black_Bourbon_Barrel_Aged.png,Lodi,1924 Wines,"oak, non oak, black fruit, spices, earth, red fruit, microbio, dried fruit, vegetal, floral, tree fruit, citrus fruit, tropical fruit","Beef, Lamb, Game (deer, venison), Poultry",Cabernet Sauvignon
Luscher Ballard Cabernet Sauvignon 2016,United States,135,4.3,images/Luscher_Ballard_Cabernet_Sauvignon_2016.png,images/bottle_Luscher_Ballard_Cabernet_Sauvignon_2016.png,Spring Mountain District,Luscher Ballard,"oak, non oak, black fruit, spices, earth, red fruit, microbio, tree fruit, citrus fruit, vegetal","Beef, Lamb, Game (deer, venison), Mature and hard cheese, Poultry",Cabernet Sauvignon
Pursuit Cabernet Sauvignon 2019,United States,69.99,4.3,images/Pursuit_Cabernet_Sauvignon_2019.png,images/bottle_Pursuit_Cabernet_Sauvignon_2019.png,Napa Valley,Pursuit,"oak, black fruit, red fruit, earth, non oak, spices, microbio","Beef, Lamb, Game (deer, venison), Mature and hard cheese, Poultry",Cabernet Sauvignon
Heavyweight Cabernet Sauvignon 2016,United States,10.99,3.9,images/Heavyweight_Cabernet_Sauvignon_2016.png,images/bottle_Heavyweight_Cabernet_Sauvignon_2016.png,California,Heavyweight,"black fruit, oak, red fruit, non oak, spices, earth, dried fruit, microbio, citrus fruit, vegetal, tropical fruit, tree fruit","Beef, Lamb, Game (deer, venison), Poultry",Cabernet Sauvignon
Clos du Bois Sonoma Reserve Cabernet Sauvignon 2018,United States,20.99,3.9,images/Clos_du_Bois_Sonoma_Reserve_Cabernet_Sauvignon_201.png,images/bottle_Clos_du_Bois_Sonoma_Reserve_Cabernet_Sauvig.png,Alexander Valley,Clos du Bois,"oak, black fruit, non oak, earth, red fruit, spices, microbio, dried fruit, vegetal, floral, tropical fruit","Beef, Lamb, Game (deer, venison)",Cabernet Sauvignon
Cuvelier Los Andes Varietal Cabernet Sauvignon 2019,Argentina,22.99,3.9,images/Cuvelier_Los_Andes_Varietal_Cabernet_Sauvignon_201.png,images/bottle_Cuvelier_Los_Andes_Varietal_Cabernet_Sauvig.png,Uco Valley,Cuvelier Los Andes,"red fruit, oak, black fruit, earth, spices, non oak, vegetal, tree fruit, microbio, dried fruit, floral, citrus fruit","Beef, Lamb, Poultry",Cabernet Sauvignon
Beringer Beringer Bros. Bourbon Barrel Aged Cabernet Sauvignon 2023,United States,11.99,4.1,images/Beringer_Beringer_Bros_Bourbon_Barrel_Aged_Caberne.png,images/bottle_Beringer_Beringer_Bros_Bourbon_Barrel_Aged_.png,California,Beringer,"oak, non oak, red fruit, black fruit, spices, earth, microbio, dried fruit, tree fruit, citrus fruit, vegetal, floral, tropical fruit","Beef, Lamb, Game (deer, venison), Poultry",Cabernet Sauvignon
Picchetti Vino di Vicino 2022,United States,56.95,4.1,images/Picchetti_Vino_di_Vicino_2022.jpg,,Santa Cruz Mountains,Picchetti,"red fruit, oak, spices, black fruit, non oak, earth, microbio","Beef, Lamb, Game (deer, venison), Poultry",Cabernet Sauvignon
Covenant Red C Red Blend 2019,United States,58.99,3.8,images/Covenant_Red_C_Red_Blend_2019.png,images/bottle_Covenant_Red_C_Red_Blend_2019.png,Sonoma County,Covenant,"black fruit, oak, red fruit, earth, spices, non oak, dried fruit, tropical fruit, microbio","Beef, Lamb, Game (deer, venison)",Cabernet Sauvignon
Picchetti Leslie's Estate Cabernet Sauvignon 2019,United States,124.95,4.3,images/Picchetti_Leslies_Estate_Cabernet_Sauvignon_2019.jpg,,Santa Cruz Mountains,Picchetti,"oak, earth, black fruit, non oak, spices, red fruit, microbio, dried fruit, floral, vegetal","Beef, Lamb, Game (deer, venison), Poultry",Cabernet Sauvignon
BOND Melbury 2012,United States,879.99,4.7,images/BOND_Melbury_2012.png,images/bottle_BOND_Melbury_2012.png,Napa Valley,BOND,"oak, black fruit, earth, red fruit, non oak, spices, floral, dried fruit, microbio, vegetal, citrus fruit, tree fruit","Beef, Lamb, Game (deer, venison), Mature and hard cheese, Poultry",Cabernet Sauvignon
Hamilton Creek Cabernet Sauvignon 2023,United States,16.99,3.8,images/Hamilton_Creek_Cabernet_Sauvignon_2023.jpg,,Napa Valley,Hamilton Creek,"oak, red fruit, non oak, spices, black fruit, earth, microbio","Beef, Lamb, Game (deer, venison), Mature and hard cheese, Poultry",Cabernet Sauvignon
The Winery At Holy Cross Abbey Cabernet Sauvignon 2021,United States,38,3.8,images/The_Winery_At_Holy_Cross_Abbey_Cabernet_Sauvignon_.jpg,,Colorado,The Winery At Holy Cross Abbey,"red fruit, earth, oak, spices, black fruit, non oak, tree fruit","Beef, Lamb, Veal, Game (deer, venison), Vegetarian, Mushrooms",
O'Shaughnessy Cabernet Sauvignon Mount Veeder 2009,United States,132,4.6,images/OShaughnessy_Cabernet_Sauvignon_Mount_Veeder_2009.png,images/bottle_OShaughnessy_Cabernet_Sauvignon_Mount_Veede.png,Mount Veeder,O'Shaughnessy,"oak, black fruit, earth, red fruit, non oak, spices, microbio, dried fruit, floral, vegetal, tree fruit, citrus fruit","Beef, Lamb, Game (deer, venison), Mature and hard cheese, Poultry",Cabernet Sauvignon
Del Dotto Cabernet Sauvignon Caves 2021,United States,99.99,4.5,images/Del_Dotto_Cabernet_Sauvignon_Caves_2021.png,images/bottle_Del_Dotto_Cabernet_Sauvignon_Caves_2021.png,Napa Valley,Del Dotto,"oak, black fruit, earth, red fruit, spices, non oak, microbio, tree fruit, dried fruit, floral, vegetal","Beef, Lamb, Game (deer, venison), Mature and hard cheese, Poultry",Cabernet Sauvignon
Pride Mountain Vineyards Reserve Cabernet Sauvignon 2018,United States,169.98,4.5,images/Pride_Mountain_Vineyards_Reserve_Cabernet_Sauvigno.png,images/bottle_Pride_Mountain_Vineyards_Reserve_Cabernet_S.png,Napa Valley,Pride Mountain Vineyards,"oak, black fruit, earth, non oak, red fruit, spices, microbio, dried fruit, floral, vegetal, tree fruit","Beef, Lamb, Game (deer, venison), Mature and hard cheese, Poultry",Cabernet Sauvignon
Etude Cabernet Sauvignon 2017,United States,95,4.4,images/Etude_Cabernet_Sauvignon_2017.png,images/bottle_Etude_Cabernet_Sauvignon_2017.png,Napa Valley,Etude,"black fruit, oak, earth, non oak, spices, red fruit, microbio, dried fruit, floral, vegetal, tree fruit","Beef, Lamb, Game (deer, venison), Mature and hard cheese, Poultry",Cabernet Sauvignon
Growers Guild Cabernet Sauvignon 2018,United States,17,3.8,images/Growers_Guild_Cabernet_Sauvignon_2018.png,images/bottle_Growers_Guild_Cabernet_Sauvignon_2018.png,Columbia Valley,Growers Guild,"red fruit, earth, oak, black fruit, non oak, spices, microbio, citrus fruit, floral, vegetal, dried fruit","Beef, Lamb, Game (deer, venison), Poultry",Cabernet Sauvignon
Quilceda Creek Galitzine Vineyard Cabernet Sauvignon 2006,United States,199,4.6,images/Quilceda_Creek_Galitzine_Vineyard_Cabernet_Sauvign.png,images/bottle_Quilceda_Creek_Galitzine_Vineyard_Cabernet_.png,Red Mountain,Quilceda Creek,"oak, black fruit, earth, non oak, spices, red fruit, microbio, vegetal, dried fruit, floral, tree fruit, tropical fruit, citrus fruit","Beef, Lamb, Game (deer, venison), Poultry",Cabernet Sauvignon
Bedrock Wine Co. Cabernet Sauvignon 2022,United States,46.99,3.9,images/Bedrock_Wine_Co_Cabernet_Sauvignon_2022.jpg,,Sonoma County,Bedrock Wine Co.,"black fruit, red fruit, oak, non oak, earth, spices, floral, microbio","Beef, Lamb, Game (deer, venison)",Cabernet Sauvignon
Cape Mentelle Cabernet Sauvignon 2015,Australia,69.99,4.4,images/Cape_Mentelle_Cabernet_Sauvignon_2015.png,images/bottle_Cape_Mentelle_Cabernet_Sauvignon_2015.png,Margaret River,Cape Mentelle,"oak, black fruit, earth, non oak, spices, red fruit, microbio, vegetal, floral, dried fruit, citrus fruit, tree fruit","Beef, Lamb, Poultry",Cabernet Sauvignon
Barkan Reserve The Gold Edition 2021,Israel,24.99,3.7,images/Barkan_Reserve_The_Gold_Edition_2021.png,images/bottle_Barkan_Reserve_The_Gold_Edition_2021.png,Galilee,Barkan,"black fruit, oak, red fruit, earth, non oak, spices, citrus fruit, dried fruit, tree fruit, vegetal","Beef, Lamb, Poultry",Cabernet Sauvignon
Brady Cabernet Sauvignon 2021,United States,18.99,4,images/Brady_Cabernet_Sauvignon_2021.png,images/bottle_Brady_Cabernet_Sauvignon_2021.png,Paso Robles,Brady,"oak, black fruit, non oak, spices, red fruit, earth, dried fruit, floral, microbio, vegetal, tree fruit, citrus fruit","Beef, Lamb, Game (deer, venison)",Cabernet Sauvignon
Frog's Leap Cabernet Sauvignon (Estate Grown) 2021,United States,74.99,4.2,images/Frogs_Leap_Cabernet_Sauvignon_Estate_Grown_2021.png,images/bottle_Frogs_Leap_Cabernet_Sauvignon_Estate_Grown_.png,Rutherford,Frog's Leap,"oak, black fruit, earth, non oak, red fruit, spices, microbio, vegetal, dried fruit, floral, citrus fruit, tree fruit, tropical fruit","Beef, Lamb, Game (deer, venison), Mature and hard cheese, Poultry",Cabernet Sauvignon
Carmel Road Cabernet Sauvignon 2021,United States,12.99,3.7,images/Carmel_Road_Cabernet_Sauvignon_2021.png,images/bottle_Carmel_Road_Cabernet_Sauvignon_2021.png,California,Carmel Road,"oak, black fruit, red fruit, spices, non oak, earth, microbio, dried fruit, tree fruit, citrus fruit, floral","Beef, Lamb, Game (deer, venison), Poultry",Cabernet Sauvignon
Eisele Vineyard Cabernet Sauvignon 2003,United States,395,4.7,images/Eisele_Vineyard_Cabernet_Sauvignon_2003.png,images/bottle_Eisele_Vineyard_Cabernet_Sauvignon_2003.png,Napa Valley,Eisele Vineyard,"oak, black fruit, earth, non oak, spices, red fruit, microbio, floral, dried fruit, citrus fruit, vegetal, tree fruit","Beef, Lamb, Game (deer, venison), Mature and hard cheese, Poultry",Cabernet Sauvignon
Sebastiani North Coast Cabernet Sauvignon 2022,United States,16.99,3.8,images/Sebastiani_North_Coast_Cabernet_Sauvignon_2022.png,images/bottle_Sebastiani_North_Coast_Cabernet_Sauvignon_2.png,North Coast,Sebastiani,"oak, black fruit, non oak, red fruit, spices, earth, dried fruit, floral, vegetal, microbio, tree fruit, citrus fruit, tropical fruit","Beef, Lamb, Game (deer, venison), Poultry",Cabernet Sauvignon
Indian Creek Cabernet Sauvignon 2021,United States,24,3.5,images/Indian_Creek_Cabernet_Sauvignon_2021.jpg,,California,Indian Creek,"red fruit, oak, earth, microbio, non oak, black fruit, spices, vegetal","Beef, Lamb, Game (deer, venison), Poultry",Cabernet Sauvignon
Ghostwriter Bates Ranch Cabernet Sauvignon 2022,United States,65,3.9,images/Ghostwriter_Bates_Ranch_Cabernet_Sauvignon_2022.png,images/bottle_Ghostwriter_Bates_Ranch_Cabernet_Sauvignon_.png,Santa Cruz Mountains,Ghostwriter,"oak, black fruit, earth, non oak, red fruit, spices, floral, microbio","Beef, Lamb, Game (deer, venison), Poultry",Cabernet Sauvignon
Pinord Chateldon Reserva Cabernet Sauvignon 2015,Spain,24.99,3.8,images/Pinord_Chateldon_Reserva_Cabernet_Sauvignon_2015.png,images/bottle_Pinord_Chateldon_Reserva_Cabernet_Sauvignon.png,Penedès,Pinord,"oak, black fruit, non oak, spices, earth, red fruit, dried fruit, microbio, vegetal, tree fruit, tropical fruit, citrus fruit","Beef, Lamb, Poultry",Cabernet Sauvignon
Susana Balbo Signature Cabernet Sauvignon 2022,Argentina,24.99,4,images/Susana_Balbo_Signature_Cabernet_Sauvignon_2022.png,images/bottle_Susana_Balbo_Signature_Cabernet_Sauvignon_2.png,Uco Valley,Susana Balbo,"oak, black fruit, non oak, spices, earth, red fruit, microbio, dried fruit, vegetal, citrus fruit, floral, tree fruit","Beef, Lamb, Poultry",Cabernet Sauvignon
Robert Mondavi Winery Stag's Leap District Unfiltered Cabernet Sauvignon 1995,United States,148,4.4,images/Robert_Mondavi_Winery_Stags_Leap_District_Unfilter.png,images/bottle_Robert_Mondavi_Winery_Stags_Leap_District_U.png,Stags Leap District,Robert Mondavi Winery,"black fruit, earth, oak, red fruit, spices, microbio, non oak","Beef, Lamb, Game (deer, venison), Mature and hard cheese, Poultry",Cabernet Sauvignon
Scattered Peaks Cabernet Sauvignon 2021,United States,34.99,4,images/Scattered_Peaks_Cabernet_Sauvignon_2021.png,images/bottle_Scattered_Peaks_Cabernet_Sauvignon_2021.png,Napa Valley,Scattered Peaks,"oak, black fruit, non oak, red fruit, spices, earth, microbio, floral, dried fruit, vegetal, tree fruit, citrus fruit, tropical fruit","Beef, Lamb, Game (deer, venison), Mature and hard cheese, Poultry",Cabernet Sauvignon
J. Moss Steffensen Vineyard Cabernet Sauvignon 2018,United States,84,4.2,images/J_Moss_Steffensen_Vineyard_Cabernet_Sauvignon_2018.png,images/bottle_J_Moss_Steffensen_Vineyard_Cabernet_Sauvign.png,Coombsville,J. Moss,"oak, non oak, red fruit, spices, black fruit, earth, microbio","Beef, Lamb, Game (deer, venison), Mature and hard cheese, Poultry",Cabernet Sauvignon
Matthiasson Cabernet Sauvignon 2020,United States,89.99,4.2,images/Matthiasson_Cabernet_Sauvignon_2020.png,images/bottle_Matthiasson_Cabernet_Sauvignon_2020.png,Napa Valley,Matthiasson,"oak, black fruit, red fruit, non oak, spices, earth, microbio, dried fruit, vegetal, floral, tree fruit, citrus fruit","Beef, Lamb, Game (deer, venison), Mature and hard cheese, Poultry",Cabernet Sauvignon
BOND Matriarch 2007,United States,314,4.5,images/BOND_Matriarch_2007.png,images/bottle_BOND_Matriarch_2007.png,Napa Valley,BOND,"oak, black fruit, earth, non oak, red fruit, spices, microbio, dried fruit, vegetal, floral, citrus fruit","Beef, Lamb, Game (deer, venison), Mature and hard cheese, Poultry",Cabernet Sauvignon
Faust The Pact Cabernet Sauvignon 2014,United States,169.99,4.4,images/Faust_The_Pact_Cabernet_Sauvignon_2014.png,images/bottle_Faust_The_Pact_Cabernet_Sauvignon_2014.png,Coombsville,Faust,"oak, black fruit, non oak, earth, red fruit, spices, microbio, dried fruit, floral, vegetal, tree fruit","Beef, Lamb, Game (deer, venison), Mature and hard cheese, Poultry",Cabernet Sauvignon
Flam Cabernet Sauvignon Reserve 2020,Israel,69.99,4.2,images/Flam_Cabernet_Sauvignon_Reserve_2020.png,images/bottle_Flam_Cabernet_Sauvignon_Reserve_2020.png,Judean Hills,Flam,"black fruit, oak, non oak, earth, spices, red fruit, dried fruit, microbio, vegetal, floral, citrus fruit","Beef, Lamb, Poultry",Cabernet Sauvignon
Cafaggio Basilica del Cortaccio Cabernet Sauvignon 2019,Italy,29.99,4,images/Cafaggio_Basilica_del_Cortaccio_Cabernet_Sauvignon.png,images/bottle_Cafaggio_Basilica_del_Cortaccio_Cabernet_Sa.png,Basilicata,Cafaggio,"oak, red fruit, earth, black fruit, non oak, spices, microbio, floral, vegetal, dried fruit, tree fruit, citrus fruit","Beef, Pasta, Lamb","Primitivo, Aglianico, Negroamaro, Nero d'Avola"
Eisele Vineyard Altagracia Cabernet Sauvignon 2019,United States,172.99,4.4,images/Eisele_Vineyard_Altagracia_Cabernet_Sauvignon_2019.png,images/bottle_Eisele_Vineyard_Altagracia_Cabernet_Sauvign.png,Napa Valley,Eisele Vineyard,"oak, black fruit, earth, non oak, spices, red fruit, microbio, floral, vegetal, dried fruit, tree fruit, citrus fruit, tropical fruit","Beef, Lamb, Game (deer, venison), Mature and hard cheese, Poultry",Cabernet Sauvignon
Dana Onda Cabernet Sauvignon 2018,United States,249.99,4.5,images/Dana_Onda_Cabernet_Sauvignon_2018.png,images/bottle_Dana_Onda_Cabernet_Sauvignon_2018.png,Napa Valley,Dana,"black fruit, oak, earth, non oak, spices, red fruit, floral, microbio, dried fruit, tropical fruit, vegetal","Beef, Lamb, Game (deer, venison), Mature and hard cheese, Poultry",Cabernet Sauvignon
Dalton Meron Vineyard Cabernet Sauvignon 2014,Israel,39.99,4.1,images/Dalton_Meron_Vineyard_Cabernet_Sauvignon_2014.png,images/bottle_Dalton_Meron_Vineyard_Cabernet_Sauvignon_20.png,Galilee,Dalton,"spices, red fruit, oak, black fruit, earth, non oak","Beef, Lamb, Poultry",Cabernet Sauvignon
Carson Ridge Reserve Cabernet Sauvignon 2021,United States,19.97,3.9,images/Carson_Ridge_Reserve_Cabernet_Sauvignon_2021.jpg,,Paso Robles,Carson Ridge,"black fruit, oak, red fruit, earth, non oak, spices, floral, vegetal, dried fruit, microbio","Beef, Lamb, Game (deer, venison)",Cabernet Sauvignon
Yellow Tail Cabernet Sauvignon 2023,Australia,11.69,3.6,images/Yellow_Tail_Cabernet_Sauvignon_2023.png,images/bottle_Yellow_Tail_Cabernet_Sauvignon_2023.png,South Eastern Australia,Yellow Tail,"oak, black fruit, non oak, spices, red fruit, earth, microbio, dried fruit, citrus fruit, tropical fruit, vegetal, floral, tree fruit","Beef, Lamb, Poultry",Cabernet Sauvignon
Lujon Cabernet Sauvignon 2015,United States,65,3.7,images/Lujon_Cabernet_Sauvignon_2015.png,images/bottle_Lujon_Cabernet_Sauvignon_2015.png,Walla Walla Valley,Lujon,"oak, non oak, red fruit, black fruit, spices, earth, dried fruit, microbio","Beef, Lamb, Game (deer, venison), Poultry",Cabernet Sauvignon
Schrader Cabernet Sauvignon CCS Beckstoffer To Kalon Vineyard 2012,United States,350,4.7,images/Schrader_Cabernet_Sauvignon_CCS_Beckstoffer_To_Kal.png,images/bottle_Schrader_Cabernet_Sauvignon_CCS_Beckstoffer.png,Oakville,Schrader,"black fruit, oak, non oak, spices, earth, red fruit, microbio, dried fruit, floral, vegetal","Beef, Lamb, Game (deer, venison), Mature and hard cheese, Poultry",Cabernet Sauvignon
Escudo Rojo Origine 2020,Chile,27.99,4,images/Escudo_Rojo_Origine_2020.png,images/bottle_Escudo_Rojo_Origine_2020.png,Maipo Valley,Escudo Rojo,"black fruit, oak, spices, red fruit, non oak, earth, vegetal, microbio, floral","Beef, Lamb, Game (deer, venison), Poultry",Cabernet Sauvignon
Fortunate Son The Dreamer 2021,United States,169.99,4.6,images/Fortunate_Son_The_Dreamer_2021.png,images/bottle_Fortunate_Son_The_Dreamer_2021.png,Napa Valley,Fortunate Son,"black fruit, oak, red fruit, non oak, earth, spices, microbio, dried fruit, floral, citrus fruit, vegetal","Beef, Lamb, Game (deer, venison), Mature and hard cheese, Poultry",Cabernet Sauvignon
Dancing Crow Vineyards Cabernet Sauvignon 2021,United States,18.99,4,images/Dancing_Crow_Vineyards_Cabernet_Sauvignon_2021.png,images/bottle_Dancing_Crow_Vineyards_Cabernet_Sauvignon_2.png,Red Hills Lake County,Dancing Crow Vineyards,"oak, black fruit, red fruit, non oak, earth, spices, microbio, tree fruit, floral, dried fruit, vegetal, tropical fruit","Beef, Lamb, Game (deer, venison), Poultry",Cabernet Sauvignon
Terra Sávia Sanel Valley Vineyards Reserve Cabernet Sauvignon 2018,United States,30,3.7,images/Terra_Svia_Sanel_Valley_Vineyards_Reserve_Cabernet.png,images/bottle_Terra_Svia_Sanel_Valley_Vineyards_Reserve_C.png,North Coast,Terra Sávia,"spices, oak, red fruit, non oak, earth, black fruit, microbio","Beef, Lamb, Game (deer, venison), Poultry",Cabernet Sauvignon
Steven Kent Ghielmetti Vineyard Cabernet Sauvignon 2022,United States,70,4.3,images/Steven_Kent_Ghielmetti_Vineyard_Cabernet_Sauvignon.jpg,,Livermore Valley,Steven Kent,"oak, red fruit, black fruit, non oak, earth, dried fruit, spices, vegetal","Beef, Lamb, Game (deer, venison), Poultry",Cabernet Sauvignon
Ben Ami Cabernet Sauvignon 2019,Israel,11.99,3.6,images/Ben_Ami_Cabernet_Sauvignon_2019.png,images/bottle_Ben_Ami_Cabernet_Sauvignon_2019.png,Galilee,Ben Ami,"black fruit, red fruit, oak, non oak, spices, earth, microbio, dried fruit, vegetal, floral, tree fruit, citrus fruit","Beef, Lamb, Poultry",Cabernet Sauvignon
William Hill Reserve Cabernet Sauvignon 1986,United States,98,4,images/William_Hill_Reserve_Cabernet_Sauvignon_1986.png,images/bottle_William_Hill_Reserve_Cabernet_Sauvignon_198.png,Napa Valley,William Hill,"red fruit, earth, oak, black fruit, spices, non oak, microbio, dried fruit, vegetal","Beef, Lamb, Game (deer, venison), Mature and hard cheese, Poultry",Cabernet Sauvignon
Steltzner Napa Valley Cabernet Sauvignon 1983,United States,114,3.9,images/Steltzner_Napa_Valley_Cabernet_Sauvignon_1983.png,images/bottle_Steltzner_Napa_Valley_Cabernet_Sauvignon_19.png,Napa Valley,Steltzner,"oak, black fruit, earth, floral","Beef, Lamb, Game (deer, venison), Mature and hard cheese, Poultry",Cabernet Sauvignon
Martin Ray Howell Mountain Cabernet Sauvignon 1978,United States,560,4.2,images/Martin_Ray_Howell_Mountain_Cabernet_Sauvignon_1978.jpg,,Howell Mountain,Martin Ray,"black fruit, oak, spices, earth, non oak, red fruit, vegetal","Beef, Lamb, Game (deer, venison), Mature and hard cheese, Poultry",Cabernet Sauvignon
Raymond Private Reserve Cabernet Sauvignon 1985,United States,168,4.1,images/Raymond_Private_Reserve_Cabernet_Sauvignon_1985.png,images/bottle_Raymond_Private_Reserve_Cabernet_Sauvignon_.png,Napa Valley,Raymond,"black fruit, red fruit, earth, oak, non oak, dried fruit, spices, microbio","Beef, Lamb, Game (deer, venison), Mature and hard cheese, Poultry",Cabernet Sauvignon
Jean Edwards Cellars Stagecoach Vineyard Cabernet Sauvignon 2018,United States,64.99,4.2,images/Jean_Edwards_Cellars_Stagecoach_Vineyard_Cabernet_.png,images/bottle_Jean_Edwards_Cellars_Stagecoach_Vineyard_Ca.png,Napa Valley,Jean Edwards Cellars,"oak, black fruit, red fruit, non oak, spices, earth, dried fruit, tropical fruit, microbio","Beef, Lamb, Game (deer, venison), Mature and hard cheese, Poultry",Cabernet Sauvignon
B Wise Trios Cabernet Sauvignon 2018,United States,110,4.4,images/B_Wise_Trios_Cabernet_Sauvignon_2018.png,images/bottle_B_Wise_Trios_Cabernet_Sauvignon_2018.png,Sonoma Valley,B Wise,"oak, black fruit, non oak, red fruit, spices, earth, dried fruit, floral, vegetal, microbio","Beef, Lamb, Game (deer, venison)",Cabernet Sauvignon
Weinstock Cabernet Sauvignon 2014,United States,23.99,3.4,images/Weinstock_Cabernet_Sauvignon_2014.png,images/bottle_Weinstock_Cabernet_Sauvignon_2014.png,North Coast,Weinstock,"black fruit, red fruit, oak, earth, non oak, dried fruit, spices, microbio","Beef, Lamb, Game (deer, venison), Poultry",Cabernet Sauvignon
Bonterra Estate Collection Cabernet Sauvignon 2022,United States,17.99,3.7,images/Bonterra_Estate_Collection_Cabernet_Sauvignon_2022.png,images/bottle_Bonterra_Estate_Collection_Cabernet_Sauvign.png,Mendocino County,Bonterra,"oak, black fruit, non oak, red fruit, earth, spices, microbio, floral, vegetal","Beef, Lamb, Game (deer, venison), Poultry",Cabernet Sauvignon
Hedges Family Estate CMS Cabernet Sauvignon 2021,United States,16.99,3.9,images/Hedges_Family_Estate_CMS_Cabernet_Sauvignon_2021.png,images/bottle_Hedges_Family_Estate_CMS_Cabernet_Sauvignon.png,Columbia Valley,Hedges Family Estate,"black fruit, oak, spices, non oak, earth, red fruit, microbio, floral, dried fruit, vegetal, tree fruit, citrus fruit","Beef, Lamb, Game (deer, venison), Poultry",Cabernet Sauvignon
Centered Cabernet Sauvignon 2020,United States,29.99,4.2,images/Centered_Cabernet_Sauvignon_2020.png,images/bottle_Centered_Cabernet_Sauvignon_2020.png,Napa Valley,Centered,"oak, black fruit, non oak, spices, red fruit, earth, microbio, dried fruit, floral, vegetal","Beef, Lamb, Game (deer, venison), Mature and hard cheese, Poultry",Cabernet Sauvignon
Ancient Peaks Cabernet Sauvignon 2021,United States,14.99,3.9,images/Ancient_Peaks_Cabernet_Sauvignon_2021.png,images/bottle_Ancient_Peaks_Cabernet_Sauvignon_2021.png,Paso Robles,Ancient Peaks,"oak, black fruit, earth, non oak, red fruit, spices, microbio, dried fruit, vegetal, citrus fruit, floral, tree fruit, tropical fruit","Beef, Lamb, Game (deer, venison)",Cabernet Sauvignon
Ramsay Cabernet Sauvignon 2021,United States,13.99,3.9,images/Ramsay_Cabernet_Sauvignon_2021.png,images/bottle_Ramsay_Cabernet_Sauvignon_2021.png,North Coast,Ramsay,"oak, black fruit, non oak, earth, spices, red fruit, microbio, dried fruit, vegetal, tree fruit, citrus fruit, tropical fruit, floral","Beef, Lamb, Game (deer, venison), Poultry",Cabernet Sauvignon
Barra Of Mendocino Reserve Cabernet Sauvignon 2022,United States,24.99,4.1,images/Barra_Of_Mendocino_Reserve_Cabernet_Sauvignon_2022.jpg,,Mendocino,Barra Of Mendocino,"red fruit, earth, oak, black fruit, spices, non oak","Beef, Lamb, Game (deer, venison), Poultry",Cabernet Sauvignon
Fortunate Son The Warrior 2019,United States,399.99,4.7,images/Fortunate_Son_The_Warrior_2019.png,images/bottle_Fortunate_Son_The_Warrior_2019.png,Napa Valley,Fortunate Son,black fruit,"Beef, Lamb, Game (deer, venison), Mature and hard cheese, Poultry",Cabernet Sauvignon
Telios Cabernet Sauvignon 2016,United States,14.99,4.1,images/Telios_Cabernet_Sauvignon_2016.png,images/bottle_Telios_Cabernet_Sauvignon_2016.png,Lodi,Telios,"black fruit, earth, oak, red fruit, spices, non oak, tree fruit, floral, vegetal, microbio","Beef, Lamb, Game (deer, venison), Poultry",Cabernet Sauvignon
Lenz Winery Estate Selection Cabernet Sauvignon 2020,United States,37,3.8,images/Lenz_Winery_Estate_Selection_Cabernet_Sauvignon_20.jpg,,North Fork of Long Island,Lenz Winery,"red fruit, earth, oak, black fruit, spices, non oak, tropical fruit, tree fruit, citrus fruit, vegetal",,
Lancaster Estate Cabernet Sauvignon 2018,United States,114.99,4.4,images/Lancaster_Estate_Cabernet_Sauvignon_2018.png,images/bottle_Lancaster_Estate_Cabernet_Sauvignon_2018.png,Alexander Valley,Lancaster Estate,"oak, black fruit, earth, non oak, red fruit, spices, microbio, floral, vegetal, dried fruit, tree fruit, tropical fruit","Beef, Lamb, Game (deer, venison)",Cabernet Sauvignon
Château Ksara Cabernet Sauvignon Cuvée Spéciale 2019,Lebanon,19.99,3.8,images/Chteau_Ksara_Cabernet_Sauvignon_Cuve_Spciale_2019.png,images/bottle_Chteau_Ksara_Cabernet_Sauvignon_Cuve_Spcial.png,Bekaa Valley,Château Ksara,"oak, earth, non oak, black fruit, spices, red fruit, vegetal, microbio, floral, dried fruit, tropical fruit, citrus fruit, tree fruit","Beef, Lamb, Game (deer, venison), Cured Meat",
Purlieu Cabernet Sauvignon 2018,United States,119.99,4.6,images/Purlieu_Cabernet_Sauvignon_2018.png,images/bottle_Purlieu_Cabernet_Sauvignon_2018.png,Napa Valley,Purlieu,"black fruit, oak, earth, non oak, spices, red fruit, tree fruit, floral, microbio, dried fruit, vegetal","Beef, Lamb, Game (deer, venison), Mature and hard cheese, Poultry",Cabernet Sauvignon
Levendi Legacy Cabernet Sauvignon 2019,United States,74.99,4.4,images/Levendi_Legacy_Cabernet_Sauvignon_2019.png,images/bottle_Levendi_Legacy_Cabernet_Sauvignon_2019.png,Howell Mountain,Levendi,"black fruit, oak, red fruit, earth, non oak, spices","Beef, Lamb, Game (deer, venison), Mature and hard cheese, Poultry",Cabernet Sauvignon
Beaulieu Vineyard (BV) Beau Tour Cabernet Sauvignon 2021,United States,34.99,3.7,images/Beaulieu_Vineyard_BV_Beau_Tour_Cabernet_Sauvignon_.jpg,,Napa Valley,Beaulieu Vineyard (BV),"black fruit, red fruit, oak, citrus fruit, earth, microbio","Beef, Lamb, Game (deer, venison), Mature and hard cheese, Poultry",Cabernet Sauvignon
Robert Mondavi Winery Oakville Unfiltered Cabernet Sauvignon 1997,United States,155,4.3,images/Robert_Mondavi_Winery_Oakville_Unfiltered_Cabernet.png,images/bottle_Robert_Mondavi_Winery_Oakville_Unfiltered_C.png,Oakville,Robert Mondavi Winery,"oak, black fruit, earth, non oak, spices, red fruit, dried fruit, vegetal, microbio, tree fruit, citrus fruit","Beef, Lamb, Game (deer, venison), Mature and hard cheese, Poultry",Cabernet Sauvignon
Leeuwin Estate Art Series Cabernet Sauvignon 2021,Australia,49.99,4.2,images/Leeuwin_Estate_Art_Series_Cabernet_Sauvignon_2021.png,images/bottle_Leeuwin_Estate_Art_Series_Cabernet_Sauvigno.png,Margaret River,Leeuwin Estate,"oak, black fruit, earth, non oak, spices, red fruit, microbio, vegetal, floral, dried fruit, citrus fruit, tree fruit, tropical fruit","Beef, Lamb, Poultry",Cabernet Sauvignon
AmByth Estate Pine Hawk Vineyard Cabernet Sauvignon 2022,United States,38,3.8,images/AmByth_Estate_Pine_Hawk_Vineyard_Cabernet_Sauvigno.jpg,,Paso Robles,AmByth Estate,"red fruit, earth, black fruit, spices, oak, citrus fruit, non oak, tree fruit, vegetal, microbio","Beef, Lamb, Game (deer, venison)",Cabernet Sauvignon
Doubleback Cabernet Sauvignon 2020,United States,162,4.4,images/Doubleback_Cabernet_Sauvignon_2020.png,images/bottle_Doubleback_Cabernet_Sauvignon_2020.png,Walla Walla Valley,Doubleback,"oak, black fruit, earth, non oak, spices, red fruit, microbio, vegetal, floral, dried fruit, tree fruit, tropical fruit","Beef, Lamb, Game (deer, venison), Poultry",Cabernet Sauvignon
Giapoza Cabernet Sauvignon 2022,United States,14.99,3.9,images/Giapoza_Cabernet_Sauvignon_2022.png,images/bottle_Giapoza_Cabernet_Sauvignon_2022.png,California,Giapoza,"oak, non oak, black fruit, spices, earth, red fruit, microbio, dried fruit, vegetal, tree fruit","Beef, Lamb, Game (deer, venison), Poultry",Cabernet Sauvignon
Radius Reserve Cabernet Sauvignon 2022,United States,19.97,3.8,images/Radius_Reserve_Cabernet_Sauvignon_2022.jpg,,Columbia Valley,Radius,"oak, red fruit, black fruit, non oak, spices, earth, microbio, dried fruit, vegetal, floral","Beef, Lamb, Game (deer, venison), Poultry",Cabernet Sauvignon
Rudd Crossroads Cabernet Sauvignon 2019,United States,89.97,4.3,images/Rudd_Crossroads_Cabernet_Sauvignon_2019.png,images/bottle_Rudd_Crossroads_Cabernet_Sauvignon_2019.png,Oakville,Rudd,"oak, black fruit, earth, non oak, red fruit, spices, microbio, dried fruit, floral, vegetal","Beef, Lamb, Game (deer, venison), Mature and hard cheese, Poultry",Cabernet Sauvignon
Bledsoe Family Winery Cabernet Sauvignon 2021,United States,64.99,4.2,images/Bledsoe_Family_Winery_Cabernet_Sauvignon_2021.png,images/bottle_Bledsoe_Family_Winery_Cabernet_Sauvignon_20.png,Walla Walla Valley,Bledsoe Family Winery,"black fruit, red fruit, oak, earth, non oak, spices, dried fruit, tree fruit, citrus fruit, floral, vegetal, microbio","Beef, Lamb, Game (deer, venison), Poultry",Cabernet Sauvignon
Cain Premiere Napa Valley Cabernet Sauvignon 2017,United States,300,4.3,images/Cain_Premiere_Napa_Valley_Cabernet_Sauvignon_2017.jpg,,Spring Mountain District,Cain,"oak, earth, non oak, black fruit, red fruit, spices","Beef, Lamb, Game (deer, venison), Mature and hard cheese, Poultry",Cabernet Sauvignon
Anthonij Rupert Cabernet Sauvignon 2019,South Africa,74.99,4.2,images/Anthonij_Rupert_Cabernet_Sauvignon_2019.png,images/bottle_Anthonij_Rupert_Cabernet_Sauvignon_2019.png,Franschhoek,Anthonij Rupert,"oak, black fruit, earth, non oak, red fruit, spices, floral, vegetal, microbio, dried fruit, citrus fruit, tree fruit, tropical fruit","Beef, Lamb, Poultry",Cabernet Sauvignon
Langa Cellars (Mankas Hills Vineyards) Mankas Cabernet Sauvignon 2009,United States,98,3.5,images/Langa_Cellars_Mankas_Hills_Vineyards_Mankas_Cabern.png,images/bottle_Langa_Cellars_Mankas_Hills_Vineyards_Mankas.png,Suisun Valley,Langa Cellars (Mankas Hills Vineyards),"black fruit, red fruit, spices, earth, oak, floral, microbio, non oak","Beef, Lamb, Game (deer, venison), Poultry",Cabernet Sauvignon
Rabble Cabernet Sauvignon (Mossfire Ranch) 2022,United States,18.99,3.9,images/Rabble_Cabernet_Sauvignon_Mossfire_Ranch_2022.png,images/bottle_Rabble_Cabernet_Sauvignon_Mossfire_Ranch_20.png,Paso Robles,Rabble,"black fruit, oak, red fruit, earth, non oak, spices, dried fruit, microbio, vegetal, citrus fruit, tree fruit, floral","Beef, Lamb, Game (deer, venison)",Cabernet Sauvignon
Foxglove Cabernet Sauvignon 2022,United States,19.99,3.7,images/Foxglove_Cabernet_Sauvignon_2022.png,images/bottle_Foxglove_Cabernet_Sauvignon_2022.png,Paso Robles,Foxglove,"oak, black fruit, red fruit, earth, non oak, spices, vegetal, microbio, dried fruit, floral, citrus fruit, tree fruit, tropical fruit","Beef, Lamb, Game (deer, venison)",Cabernet Sauvignon
Lail Vineyards J. Daniel Cuvée Cabernet Sauvignon 2018,United States,299.99,4.6,images/Lail_Vineyards_J_Daniel_Cuve_Cabernet_Sauvignon_20.png,images/bottle_Lail_Vineyards_J_Daniel_Cuve_Cabernet_Sauvi.png,Napa Valley,Lail Vineyards,"black fruit, oak, earth, non oak, red fruit, spices, microbio, dried fruit, citrus fruit, tree fruit, tropical fruit, floral, vegetal","Beef, Lamb, Game (deer, venison), Mature and hard cheese, Poultry",Cabernet Sauvignon
Alto Wine Estate Cabernet Sauvignon 2019,South Africa,39.99,4,images/Alto_Wine_Estate_Cabernet_Sauvignon_2019.png,images/bottle_Alto_Wine_Estate_Cabernet_Sauvignon_2019.png,Stellenbosch,Alto Wine Estate,"oak, black fruit, earth, non oak, spices, red fruit, vegetal, floral, microbio, dried fruit, citrus fruit","Beef, Lamb, Poultry",Cabernet Sauvignon
Aslina Cabernet Sauvignon 2021,South Africa,26.99,4,images/Aslina_Cabernet_Sauvignon_2021.png,images/bottle_Aslina_Cabernet_Sauvignon_2021.png,Stellenbosch,Aslina,"black fruit, oak, earth, non oak, spices, red fruit, vegetal, floral, microbio, tree fruit, dried fruit","Beef, Lamb, Poultry",Cabernet Sauvignon
To Kalon Vineyard H.W.C 2018,United States,249.99,4.6,images/To_Kalon_Vineyard_HWC_2018.png,images/bottle_To_Kalon_Vineyard_HWC_2018.png,Oakville,To Kalon Vineyard,"oak, earth, black fruit, spices, non oak, dried fruit, red fruit","Beef, Lamb, Game (deer, venison), Mature and hard cheese, Poultry",Cabernet Sauvignon
Vice Versa Beckstoffer Dr. Crane Vineyard 2021,United States,475,4.6,images/Vice_Versa_Beckstoffer_Dr_Crane_Vineyard_2021.png,images/bottle_Vice_Versa_Beckstoffer_Dr_Crane_Vineyard_20.png,St. Helena,Vice Versa,"oak, earth, non oak, spices, black fruit, microbio","Beef, Lamb, Game (deer, venison), Mature and hard cheese, Poultry",Cabernet Sauvignon
Marietta Game Trail (Estate Grown) Cabernet Sauvignon 2021,United States,44.99,4.1,images/Marietta_Game_Trail_Estate_Grown_Cabernet_Sauvigno.png,images/bottle_Marietta_Game_Trail_Estate_Grown_Cabernet_S.png,Yorkville Highlands,Marietta,"oak, black fruit, earth, non oak, spices, red fruit, dried fruit, microbio, floral, vegetal, tree fruit","Beef, Lamb, Game (deer, venison), Poultry",Cabernet Sauvignon
Balistreri Cabernet Sauvignon 2009,United States,106,3.8,images/Balistreri_Cabernet_Sauvignon_2009.jpg,,Colorado,Balistreri,"earth, red fruit, black fruit, non oak, oak","Beef, Lamb, Veal, Game (deer, venison), Vegetarian, Mushrooms",
Realm Cabernet Sauvignon Beckstoffer To Kalon Vineyard 2019,United States,599.99,4.7,images/Realm_Cabernet_Sauvignon_Beckstoffer_To_Kalon_Vine.png,images/bottle_Realm_Cabernet_Sauvignon_Beckstoffer_To_Kal.png,Napa Valley,Realm,"black fruit, oak, earth, non oak, spices, red fruit, floral, microbio, dried fruit, tree fruit, vegetal","Beef, Lamb, Game (deer, venison), Mature and hard cheese, Poultry",Cabernet Sauvignon
Josh Cellars Hearth Cabernet Sauvignon 2022,United States,14.99,3.9,images/Josh_Cellars_Hearth_Cabernet_Sauvignon_2022.png,images/bottle_Josh_Cellars_Hearth_Cabernet_Sauvignon_2022.png,California,Josh Cellars,"oak, black fruit, non oak, red fruit, spices, earth, dried fruit, microbio, citrus fruit, tree fruit","Beef, Lamb, Game (deer, venison), Poultry",Cabernet Sauvignon
Wheeler Farms J.H. Wheeler Beckstoffer Missouri Hopper Vineyard Cabernet Sauvignon 2018,United States,150,4.5,images/Wheeler_Farms_JH_Wheeler_Beckstoffer_Missouri_Hopp.jpg,,Napa Valley,Wheeler Farms,"black fruit, earth, red fruit, non oak, oak, dried fruit, floral","Beef, Lamb, Game (deer, venison), Mature and hard cheese, Poultry",Cabernet Sauvignon
Amici Hirondelle Vineyard 2021,United States,390,4.5,images/Amici_Hirondelle_Vineyard_2021.png,images/bottle_Amici_Hirondelle_Vineyard_2021.png,Stags Leap District,Amici,"earth, oak, non oak, black fruit, red fruit, spices, microbio, citrus fruit, vegetal","Beef, Lamb, Game (deer, venison), Mature and hard cheese, Poultry",Cabernet Sauvignon
Robert Foley Vineyards Napa Valley Cabernet Sauvignon 2017,United States,85.99,4.3,images/Robert_Foley_Vineyards_Napa_Valley_Cabernet_Sauvig.png,images/bottle_Robert_Foley_Vineyards_Napa_Valley_Cabernet.png,Napa Valley,Robert Foley Vineyards,"oak, black fruit, earth, non oak, spices, red fruit, dried fruit, floral, microbio, vegetal, citrus fruit","Beef, Lamb, Game (deer, venison), Mature and hard cheese, Poultry",Cabernet Sauvignon
Unwritten Cabernet Sauvignon 2019,United States,180,4.5,images/Unwritten_Cabernet_Sauvignon_2019.png,images/bottle_Unwritten_Cabernet_Sauvignon_2019.png,St. Helena,Unwritten,"black fruit, oak, spices, non oak, red fruit, earth, vegetal, floral, microbio","Beef, Lamb, Game (deer, venison), Mature and hard cheese, Poultry",Cabernet Sauvignon
Highlands 41 Cabernet Sauvignon 2022,United States,15,3.8,images/Highlands_41_Cabernet_Sauvignon_2022.png,images/bottle_Highlands_41_Cabernet_Sauvignon_2022.png,Paso Robles,Highlands 41,"oak, black fruit, non oak, earth, spices, red fruit, microbio, dried fruit, tree fruit, vegetal, citrus fruit","Beef, Lamb, Game (deer, venison)",Cabernet Sauvignon
Salvestrin Napa Valley Cabernet Sauvignon 2021,United States,59.99,4.3,images/Salvestrin_Napa_Valley_Cabernet_Sauvignon_2021.png,images/bottle_Salvestrin_Napa_Valley_Cabernet_Sauvignon_2.png,Napa Valley,Salvestrin,,"Beef, Lamb, Game (deer, venison), Mature and hard cheese, Poultry",Cabernet Sauvignon
Matthews Cabernet Sauvignon 2021,United States,50,4,images/Matthews_Cabernet_Sauvignon_2021.png,images/bottle_Matthews_Cabernet_Sauvignon_2021.png,Columbia Valley,Matthews,"oak, black fruit, earth, non oak, spices, red fruit, vegetal, floral, dried fruit, microbio, tree fruit, citrus fruit","Beef, Lamb, Game (deer, venison), Poultry",Cabernet Sauvignon
Harris Estate Vineyards Missiaen's Hillside Vineyard Cabernet Sauvignon 2017,United States,165,4.4,images/Harris_Estate_Vineyards_Missiaens_Hillside_Vineyar.png,images/bottle_Harris_Estate_Vineyards_Missiaens_Hillside_.png,Calistoga,Harris Estate Vineyards,"black fruit, non oak, oak, spices, earth, dried fruit, red fruit","Beef, Lamb, Game (deer, venison), Mature and hard cheese, Poultry",Cabernet Sauvignon
Tobin James Cellars Cabernet Sauvignon Blue Moon Reserve 2020,United States,75,4.4,images/Tobin_James_Cellars_Cabernet_Sauvignon_Blue_Moon_R.png,images/bottle_Tobin_James_Cellars_Cabernet_Sauvignon_Blue.png,Paso Robles,Tobin James Cellars,"spices, black fruit, earth, non oak, oak","Beef, Lamb, Game (deer, venison)",Cabernet Sauvignon
Surh Cellars Sacrashe Vineyard Cabernet Sauvignon 2001,United States,150,4.2,images/Surh_Cellars_Sacrashe_Vineyard_Cabernet_Sauvignon_.jpg,,Napa Valley,Surh Cellars,"red fruit, oak, black fruit, earth, non oak","Beef, Lamb, Game (deer, venison), Mature and hard cheese, Poultry",Cabernet Sauvignon
Lieu Dit Cabernet Sauvignon 2023,United States,37.99,4.1,images/Lieu_Dit_Cabernet_Sauvignon_2023.jpg,,Santa Ynez Valley,Lieu Dit,,"Beef, Lamb, Game (deer, venison), Poultry",Cabernet Sauvignon
Obelisco Estate Cabernet Rosé 2023,United States,40,3.7,images/Obelisco_Estate_Cabernet_Ros_2023.jpg,,Red Mountain,Obelisco Estate,"red fruit, microbio, citrus fruit, oak, tree fruit, spices, earth, non oak","Shellfish, Spicy food, Mature and hard cheese, Appetizers and snacks, Lean fish, Cured Meat",
Bevan Cellars Tench Vineyard Cabernet Sauvignon 2016,United States,255,4.6,images/Bevan_Cellars_Tench_Vineyard_Cabernet_Sauvignon_20.png,images/bottle_Bevan_Cellars_Tench_Vineyard_Cabernet_Sauvi.png,Oakville,Bevan Cellars,"black fruit, oak, non oak, red fruit, earth, spices, microbio, dried fruit, floral, tree fruit, citrus fruit","Beef, Lamb, Game (deer, venison), Mature and hard cheese, Poultry",Cabernet Sauvignon
Selene Dead Fred Vineyard Cabernet Sauvignon 2021,United States,95,4.3,images/Selene_Dead_Fred_Vineyard_Cabernet_Sauvignon_2021.png,images/bottle_Selene_Dead_Fred_Vineyard_Cabernet_Sauvigno.png,Napa Valley,Selene,"oak, black fruit, red fruit, earth, non oak, dried fruit, spices","Beef, Lamb, Game (deer, venison), Mature and hard cheese, Poultry",Cabernet Sauvignon
Long Meadow Ranch Cabernet Sauvignon 2018,United States,49.99,4.1,images/Long_Meadow_Ranch_Cabernet_Sauvignon_2018.png,images/bottle_Long_Meadow_Ranch_Cabernet_Sauvignon_2018.png,Napa Valley,Long Meadow Ranch,"black fruit, oak, spices, non oak, earth, red fruit, vegetal, microbio, dried fruit, floral, tree fruit, citrus fruit","Beef, Lamb, Game (deer, venison), Mature and hard cheese, Poultry",Cabernet Sauvignon
Axios Cabernet Sauvignon 2016,United States,129.99,4.5,images/Axios_Cabernet_Sauvignon_2016.png,images/bottle_Axios_Cabernet_Sauvignon_2016.png,Napa Valley,Axios,"oak, earth, black fruit, non oak, spices, red fruit, microbio, floral, citrus fruit, vegetal, dried fruit, tree fruit, tropical fruit","Beef, Lamb, Game (deer, venison), Mature and hard cheese, Poultry",Cabernet Sauvignon
Château Lauduc Étoile de Lauduc Cabernet Sauvignon 2022,France,15,3.8,images/Chteau_Lauduc_toile_de_Lauduc_Cabernet_Sauvignon_2.png,images/bottle_Chteau_Lauduc_toile_de_Lauduc_Cabernet_Sauv.png,Bordeaux Supérieur,Château Lauduc,"black fruit, oak, red fruit, spices, non oak, dried fruit, earth","Beef, Veal, Game (deer, venison), Poultry","Cabernet Sauvignon, Cabernet Franc, Malbec, Merlot, Petit Verdot, Carménère"
Vinum Cellars Typesetter 2020,United States,34.99,4.2,images/Vinum_Cellars_Typesetter_2020.png,images/bottle_Vinum_Cellars_Typesetter_2020.png,Napa Valley,Vinum Cellars,"oak, earth, black fruit, non oak, spices, red fruit, vegetal, microbio, dried fruit, floral","Beef, Lamb, Game (deer, venison), Mature and hard cheese, Poultry",Cabernet Sauvignon
Wood Family Vineyards Cabernet Sauvignon 2022,United States,42,3.9,images/Wood_Family_Vineyards_Cabernet_Sauvignon_2022.jpg,,Livermore Valley,Wood Family Vineyards,"black fruit, oak, earth, spices, dried fruit, red fruit, microbio, non oak","Beef, Lamb, Game (deer, venison), Poultry",Cabernet Sauvignon
Tres Buhis Cabernet Sauvignon 2021,Spain,11.99,3.4,images/Tres_Buhis_Cabernet_Sauvignon_2021.png,images/bottle_Tres_Buhis_Cabernet_Sauvignon_2021.png,Yecla,Tres Buhis,"black fruit, dried fruit, red fruit","Beef, Lamb, Poultry",Cabernet Sauvignon
Fiancetto Cobbly Loam Cabernet Sauvignon 2023,United States,29.99,4,images/Fiancetto_Cobbly_Loam_Cabernet_Sauvignon_2023.jpg,,Napa Valley,Fiancetto,"black fruit, dried fruit, earth, non oak, oak","Beef, Lamb, Game (deer, venison), Mature and hard cheese, Poultry",Cabernet Sauvignon
Mt. Brave Cabernet Sauvignon 2019,United States,99.99,4.3,images/Mt_Brave_Cabernet_Sauvignon_2019.png,images/bottle_Mt_Brave_Cabernet_Sauvignon_2019.png,Mount Veeder,Mt. Brave,"oak, black fruit, earth, non oak, spices, red fruit, floral, microbio, dried fruit, vegetal, tree fruit, citrus fruit","Beef, Lamb, Game (deer, venison), Mature and hard cheese, Poultry",Cabernet Sauvignon
Shingleback Davey Estate Cabernet Sauvignon 2012,Australia,18.99,3.6,images/Shingleback_Davey_Estate_Cabernet_Sauvignon_2012.png,images/bottle_Shingleback_Davey_Estate_Cabernet_Sauvignon.png,McLaren Vale,Shingleback,"black fruit, oak, spices, earth, non oak, red fruit, floral, dried fruit, vegetal, tree fruit, microbio","Beef, Lamb, Poultry",Cabernet Sauvignon
Arnot-Roberts Cabernet Sauvignon 2021,United States,119.99,4.3,images/Arnot_Roberts_Cabernet_Sauvignon_2021.jpg,,California,Arnot-Roberts,"earth, black fruit, spices, oak, red fruit, floral, vegetal, non oak","Beef, Lamb, Game (deer, venison), Poultry",Cabernet Sauvignon
Pine Ridge The Traveler's Series Cabernet Sauvignon 2022,United States,24.99,4.1,images/Pine_Ridge_The_Travelers_Series_Cabernet_Sauvignon.png,images/bottle_Pine_Ridge_The_Travelers_Series_Cabernet_Sa.png,North Coast,Pine Ridge,,"Beef, Lamb, Game (deer, venison), Poultry",Cabernet Sauvignon
Highway 12 Cabernet Sauvignon 2021,United States,16.99,4,images/Highway_12_Cabernet_Sauvignon_2021.png,images/bottle_Highway_12_Cabernet_Sauvignon_2021.png,Sonoma County,Highway 12,"oak, black fruit, red fruit, spices, earth, non oak, microbio, dried fruit, vegetal, floral, citrus fruit, tree fruit","Beef, Lamb, Game (deer, venison)",Cabernet Sauvignon
Ziata Meteor Vineyard Cabernet Sauvignon 2015,United States,150,4.4,images/Ziata_Meteor_Vineyard_Cabernet_Sauvignon_2015.png,images/bottle_Ziata_Meteor_Vineyard_Cabernet_Sauvignon_20.png,Napa Valley,Ziata,"black fruit, oak, red fruit, earth, spices, dried fruit, microbio, non oak","Beef, Lamb, Game (deer, venison), Mature and hard cheese, Poultry",Cabernet Sauvignon
Ledson Alexander Valley Reserve Cabernet Sauvignon 2018,United States,150,4.5,images/Ledson_Alexander_Valley_Reserve_Cabernet_Sauvignon.png,images/bottle_Ledson_Alexander_Valley_Reserve_Cabernet_Sa.png,Alexander Valley,Ledson,"oak, black fruit, spices, earth, non oak","Beef, Lamb, Game (deer, venison)",Cabernet Sauvignon
DeLille Cellars Four Flags Cabernet Sauvignon 2021,United States,79.99,4.4,images/DeLille_Cellars_Four_Flags_Cabernet_Sauvignon_2021.png,images/bottle_DeLille_Cellars_Four_Flags_Cabernet_Sauvign.png,Red Mountain,DeLille Cellars,"oak, black fruit, non oak, earth, red fruit, spices, microbio, floral, vegetal, dried fruit, citrus fruit, tree fruit, tropical fruit","Beef, Lamb, Game (deer, venison), Poultry",Cabernet Sauvignon
Whitehall Lane Cabernet Sauvignon Reserve 2006,United States,104.27,4.4,images/Whitehall_Lane_Cabernet_Sauvignon_Reserve_2006.png,images/bottle_Whitehall_Lane_Cabernet_Sauvignon_Reserve_2.png,Napa Valley,Whitehall Lane,"black fruit, oak, non oak, earth, red fruit, spices, microbio, floral, dried fruit, vegetal, citrus fruit, tree fruit","Beef, Lamb, Game (deer, venison), Mature and hard cheese, Poultry",Cabernet Sauvignon
Golan Heights Winery Yarden Allone Habashan Vineyard Cabernet Sauvignon 2020,Israel,100.99,4.5,images/Golan_Heights_Winery_Yarden_Allone_Habashan_Vineya.png,images/bottle_Golan_Heights_Winery_Yarden_Allone_Habashan.png,Galilee,Golan Heights Winery,black fruit,"Beef, Lamb, Poultry",Cabernet Sauvignon
Amulet Estate Beckstoffer Vineyard Georges III Cabernet Sauvignon 2018,United States,185,4.3,images/Amulet_Estate_Beckstoffer_Vineyard_Georges_III_Cab.jpg,,Rutherford,Amulet Estate,"black fruit, spices, non oak, oak, dried fruit, red fruit, earth","Beef, Lamb, Game (deer, venison), Mature and hard cheese, Poultry",Cabernet Sauvignon
Betz Family Winery The Untold Story 2019,United States,39.99,4.1,images/Betz_Family_Winery_The_Untold_Story_2019.png,images/bottle_Betz_Family_Winery_The_Untold_Story_2019.png,Columbia Valley,Betz Family Winery,"black fruit, oak, non oak, earth, red fruit, spices, vegetal, microbio, dried fruit, citrus fruit","Beef, Lamb, Game (deer, venison), Poultry",Cabernet Sauvignon
The Simple Grape Cabernet Sauvignon 2020,United States,15.99,3.7,images/The_Simple_Grape_Cabernet_Sauvignon_2020.png,images/bottle_The_Simple_Grape_Cabernet_Sauvignon_2020.png,California,The Simple Grape,"black fruit, red fruit, earth, non oak, oak, microbio","Beef, Lamb, Game (deer, venison), Poultry",Cabernet Sauvignon
Nickel & Nickel Bear Track Vineyard Cabernet Sauvignon 2021,United States,125.99,4.4,images/Nickel_Nickel_Bear_Track_Vineyard_Cabernet_Sauvign.png,images/bottle_Nickel_Nickel_Bear_Track_Vineyard_Cabernet_.png,Napa Valley,Nickel & Nickel,"black fruit, oak, red fruit, non oak, earth, spices, floral, vegetal, tree fruit, microbio","Beef, Lamb, Game (deer, venison), Mature and hard cheese, Poultry",Cabernet Sauvignon
Mending Wall Tournahu Vineyard Cabernet Sauvignon 2017,United States,139.99,4.6,images/Mending_Wall_Tournahu_Vineyard_Cabernet_Sauvignon_.png,images/bottle_Mending_Wall_Tournahu_Vineyard_Cabernet_Sau.png,St. Helena,Mending Wall,"black fruit, oak, earth, non oak, spices, red fruit, dried fruit, floral, citrus fruit, vegetal, microbio","Beef, Lamb, Game (deer, venison), Mature and hard cheese, Poultry",Cabernet Sauvignon
Peter Franus Brandlin Vineyard Cabernet Sauvignon 2021,United States,97.99,4.4,images/Peter_Franus_Brandlin_Vineyard_Cabernet_Sauvignon_.png,images/bottle_Peter_Franus_Brandlin_Vineyard_Cabernet_Sau.png,Mount Veeder,Peter Franus,"black fruit, spices, earth, non oak, oak, red fruit","Beef, Lamb, Game (deer, venison), Mature and hard cheese, Poultry",Cabernet Sauvignon
1848 Winery Reserve Cabernet Sauvignon 2020,Israel,59.99,4.3,images/1848_Winery_Reserve_Cabernet_Sauvignon_2020.png,images/bottle_1848_Winery_Reserve_Cabernet_Sauvignon_2020.png,Galilee,1848 Winery,"non oak, oak, spices, black fruit, red fruit, earth","Beef, Lamb, Poultry",Cabernet Sauvignon
B Cellars Stagecoach Vineyard Cabernet Sauvignon 2022,United States,190,4.4,images/B_Cellars_Stagecoach_Vineyard_Cabernet_Sauvignon_2.jpg,,Napa Valley,B Cellars,"black fruit, oak, earth, red fruit, spices, non oak","Beef, Lamb, Game (deer, venison), Mature and hard cheese, Poultry",Cabernet Sauvignon
Harris Estate Vineyards Julie's Creekside Vineyard Cabernet Sauvignon 2016,United States,150,4.7,images/Harris_Estate_Vineyards_Julies_Creekside_Vineyard_.png,images/bottle_Harris_Estate_Vineyards_Julies_Creekside_Vi.png,Calistoga,Harris Estate Vineyards,"earth, oak, red fruit, non oak, black fruit, dried fruit, spices","Beef, Lamb, Game (deer, venison), Mature and hard cheese, Poultry",Cabernet Sauvignon
Alpasión Cabernet Sauvignon 2020,Argentina,29.99,3.9,images/Alpasin_Cabernet_Sauvignon_2020.png,images/bottle_Alpasin_Cabernet_Sauvignon_2020.png,Uco Valley,Alpasión,"oak, black fruit, red fruit, earth, non oak, spices, microbio, tree fruit, vegetal","Beef, Lamb, Poultry",Cabernet Sauvignon
Robert Craig Cabernet Sauvignon Howell Mountain 2019,United States,115,4.3,images/Robert_Craig_Cabernet_Sauvignon_Howell_Mountain_20.png,images/bottle_Robert_Craig_Cabernet_Sauvignon_Howell_Moun.png,Howell Mountain,Robert Craig,"black fruit, oak, earth, red fruit, spices, non oak, floral, dried fruit, microbio, vegetal, tree fruit, citrus fruit","Beef, Lamb, Game (deer, venison), Mature and hard cheese, Poultry",Cabernet Sauvignon
Neyers Neyers Ranch - Conn Valley Cabernet Sauvignon 2018,United States,84.99,4.2,images/Neyers_Neyers_Ranch_Conn_Valley_Cabernet_Sauvignon.png,images/bottle_Neyers_Neyers_Ranch_Conn_Valley_Cabernet_Sa.png,Napa Valley,Neyers,"black fruit, oak, earth, non oak, spices, red fruit, microbio, dried fruit, vegetal, tree fruit, floral","Beef, Lamb, Game (deer, venison), Mature and hard cheese, Poultry",Cabernet Sauvignon
Julien Fayard Martinez Vineyard Cabernet Sauvignon 2019,United States,225,4.7,images/Julien_Fayard_Martinez_Vineyard_Cabernet_Sauvignon.jpg,,Napa Valley,Julien Fayard,"black fruit, earth, non oak, oak, spices, floral, vegetal, red fruit","Beef, Lamb, Game (deer, venison), Mature and hard cheese, Poultry",Cabernet Sauvignon
Cakebread Cabernet Sauvignon Suscol Springs 2018,United States,149.99,4.4,images/Cakebread_Cabernet_Sauvignon_Suscol_Springs_2018.png,images/bottle_Cakebread_Cabernet_Sauvignon_Suscol_Springs.png,Napa Valley,Cakebread,"red fruit, vegetal, earth","Beef, Lamb, Game (deer, venison), Mature and hard cheese, Poultry",Cabernet Sauvignon
Pied a Terre Cabernet Sauvignon Sonoma County 2018,United States,39,4.3,images/Pied_a_Terre_Cabernet_Sauvignon_Sonoma_County_2018.png,images/bottle_Pied_a_Terre_Cabernet_Sauvignon_Sonoma_Coun.png,Sonoma County,Pied a Terre,"oak, black fruit, earth, non oak, spices, red fruit, microbio, floral, dried fruit, tree fruit, vegetal","Beef, Lamb, Game (deer, venison)",Cabernet Sauvignon
JAX Vineyards Premiere Napa Valley Cabernet Sauvignon 2021,United States,49.99,4.3,images/JAX_Vineyards_Premiere_Napa_Valley_Cabernet_Sauvig.jpg,,Napa Valley,JAX Vineyards,"oak, black fruit, non oak, spices, earth, red fruit, dried fruit, microbio, tree fruit","Beef, Lamb, Game (deer, venison), Mature and hard cheese, Poultry",Cabernet Sauvignon
Jericho Canyon Vineyard Cabernet Sauvignon 2007,United States,75,4.1,images/Jericho_Canyon_Vineyard_Cabernet_Sauvignon_2007.png,images/bottle_Jericho_Canyon_Vineyard_Cabernet_Sauvignon_.png,Napa Valley,Jericho Canyon Vineyard,"oak, black fruit, earth, spices, non oak, red fruit, microbio, tree fruit, dried fruit, floral, vegetal","Beef, Lamb, Game (deer, venison), Mature and hard cheese, Poultry",Cabernet Sauvignon
Venge Vineyards Cabernet Sauvignon Family Reserve 2018,United States,209.99,4.5,images/Venge_Vineyards_Cabernet_Sauvignon_Family_Reserve_.png,images/bottle_Venge_Vineyards_Cabernet_Sauvignon_Family_R.png,Oakville,Venge Vineyards,"oak, black fruit, earth, non oak, spices, red fruit, tree fruit, vegetal, floral, microbio, dried fruit, citrus fruit","Beef, Lamb, Game (deer, venison), Mature and hard cheese, Poultry",Cabernet Sauvignon
Ashes & Diamonds Rancho Pequeño Vineyard Cabernet Sauvignon 2017,United States,139,4.4,images/Ashes_Diamonds_Rancho_Pequeo_Vineyard_Cabernet_Sau.jpg,,Oakville,Ashes & Diamonds,"oak, black fruit, red fruit, earth, non oak, spices, microbio, dried fruit, tropical fruit, floral","Beef, Lamb, Game (deer, venison), Mature and hard cheese, Poultry",Cabernet Sauvignon
Corison Kronos Vineyard Cabernet Sauvignon 2018,United States,273.97,4.4,images/Corison_Kronos_Vineyard_Cabernet_Sauvignon_2018.png,images/bottle_Corison_Kronos_Vineyard_Cabernet_Sauvignon_.png,Napa Valley,Corison,"oak, earth, black fruit, non oak, red fruit, spices, floral, vegetal, microbio, dried fruit, citrus fruit, tree fruit","Beef, Lamb, Game (deer, venison), Mature and hard cheese, Poultry",Cabernet Sauvignon
Steven Kent Home Ranch Vineyard Cabernet Sauvignon 2021,United States,70,4.2,images/Steven_Kent_Home_Ranch_Vineyard_Cabernet_Sauvignon.jpg,,Livermore Valley,Steven Kent,"earth, black fruit, spices, oak, red fruit, non oak","Beef, Lamb, Game (deer, venison), Poultry",Cabernet Sauvignon
Barkan Platinum Cabernet Sauvignon 2021,Israel,34.99,3.7,images/Barkan_Platinum_Cabernet_Sauvignon_2021.png,images/bottle_Barkan_Platinum_Cabernet_Sauvignon_2021.png,Galilee,Barkan,"oak, black fruit, non oak, red fruit, spices, earth, dried fruit, microbio, floral","Beef, Lamb, Poultry",Cabernet Sauvignon
Herzog Baron Herzog Cabernet Sauvignon 2022,United States,12.99,3.2,images/Herzog_Baron_Herzog_Cabernet_Sauvignon_2022.png,images/bottle_Herzog_Baron_Herzog_Cabernet_Sauvignon_2022.png,Central Coast,Herzog,"black fruit, oak, red fruit, non oak, earth, spices, microbio, tree fruit, citrus fruit, floral, vegetal","Beef, Lamb, Game (deer, venison), Poultry",Cabernet Sauvignon
Kerr Wappo Vineyard Cabernet Sauvignon 2019,United States,199.99,4.5,images/Kerr_Wappo_Vineyard_Cabernet_Sauvignon_2019.jpg,,Napa Valley,Kerr,"black fruit, red fruit, non oak, oak","Beef, Lamb, Game (deer, venison), Mature and hard cheese, Poultry",Cabernet Sauvignon
J. Moss Mee Lane Cabernet Sauvignon 2016,United States,84,4.3,images/J_Moss_Mee_Lane_Cabernet_Sauvignon_2016.png,images/bottle_J_Moss_Mee_Lane_Cabernet_Sauvignon_2016.png,Rutherford,J. Moss,"black fruit, earth, oak, spices, vegetal, non oak","Beef, Lamb, Game (deer, venison), Mature and hard cheese, Poultry",Cabernet Sauvignon
Cooper & Thief Cabernet Sauvignon 2022,United States,26.99,4,images/Cooper_Thief_Cabernet_Sauvignon_2022.png,images/bottle_Cooper_Thief_Cabernet_Sauvignon_2022.png,Napa Valley,Cooper & Thief,"oak, non oak, spices, black fruit, earth, red fruit, microbio, floral, dried fruit, vegetal","Beef, Lamb, Game (deer, venison), Mature and hard cheese, Poultry",Cabernet Sauvignon
Ana Beirut Cabernet Sauvignon 2018,Lebanon,21.99,3.9,images/Ana_Beirut_Cabernet_Sauvignon_2018.jpg,,Bekaa Valley,Ana Beirut,"black fruit, red fruit, non oak, dried fruit, spices, earth, oak","Beef, Lamb, Game (deer, venison), Cured Meat",
Schrader Monastery Block To Kalon Vineyard Cabernet Sauvignon 2019,United States,449.99,4.4,images/Schrader_Monastery_Block_To_Kalon_Vineyard_Caberne.png,images/bottle_Schrader_Monastery_Block_To_Kalon_Vineyard_.png,Oakville,Schrader,"black fruit, oak, red fruit, earth, spices, microbio, non oak","Beef, Lamb, Game (deer, venison), Mature and hard cheese, Poultry",Cabernet Sauvignon
PlumpJack Reserve Cabernet Sauvignon 2010,United States,299.99,4.6,images/PlumpJack_Reserve_Cabernet_Sauvignon_2010.png,images/bottle_PlumpJack_Reserve_Cabernet_Sauvignon_2010.png,Oakville,PlumpJack,"black fruit, oak, earth, non oak, spices, red fruit, floral, vegetal, dried fruit","Beef, Lamb, Game (deer, venison), Mature and hard cheese, Poultry",Cabernet Sauvignon
Frey Organic Cabernet Sauvignon 2021,United States,14.99,3.6,images/Frey_Organic_Cabernet_Sauvignon_2021.png,images/bottle_Frey_Organic_Cabernet_Sauvignon_2021.png,Mendocino,Frey,"earth, oak, black fruit, red fruit, non oak, microbio, spices, dried fruit, floral, tree fruit, vegetal","Beef, Lamb, Game (deer, venison), Poultry",Cabernet Sauvignon
La Pelle Wines Reserve Cabernet Sauvignon 2021,United States,193,4.6,images/La_Pelle_Wines_Reserve_Cabernet_Sauvignon_2021.png,images/bottle_La_Pelle_Wines_Reserve_Cabernet_Sauvignon_2.png,Napa Valley,La Pelle Wines,"earth, oak, black fruit, red fruit, non oak, spices, microbio","Beef, Lamb, Game (deer, venison), Mature and hard cheese, Poultry",Cabernet Sauvignon
Big Dog Vineyards Estate Grown Cabernet Sauvignon 2019,United States,54,4.2,images/Big_Dog_Vineyards_Estate_Grown_Cabernet_Sauvignon_.jpg,,San Francisco Bay,Big Dog Vineyards,"oak, non oak, red fruit, citrus fruit, spices, earth","Beef, Lamb, Game (deer, venison), Poultry",Cabernet Sauvignon
Sand Point Cabernet Sauvignon 2021,United States,16.99,3.6,images/Sand_Point_Cabernet_Sauvignon_2021.png,images/bottle_Sand_Point_Cabernet_Sauvignon_2021.png,Lodi,Sand Point,"oak, red fruit, non oak, black fruit, earth, spices, microbio, dried fruit, citrus fruit, floral, vegetal, tree fruit, tropical fruit","Beef, Lamb, Game (deer, venison), Poultry",Cabernet Sauvignon
VHR Cabernet Sauvignon 2019,United States,319.99,4.7,images/VHR_Cabernet_Sauvignon_2019.png,images/bottle_VHR_Cabernet_Sauvignon_2019.png,Oakville,VHR,"black fruit, oak, earth, non oak, spices, red fruit, microbio, floral, dried fruit, citrus fruit, vegetal","Beef, Lamb, Game (deer, venison), Mature and hard cheese, Poultry",Cabernet Sauvignon
Kelly Fleming Cabernet Sauvignon 2016,United States,199,4.5,images/Kelly_Fleming_Cabernet_Sauvignon_2016.png,images/bottle_Kelly_Fleming_Cabernet_Sauvignon_2016.png,Napa Valley,Kelly Fleming,"oak, earth, black fruit, non oak, spices, red fruit, microbio, dried fruit, citrus fruit, vegetal, floral","Beef, Lamb, Game (deer, venison), Mature and hard cheese, Poultry",Cabernet Sauvignon
Tolaini Legit Cabernet Sauvignon 2020,Italy,45.99,4,images/Tolaini_Legit_Cabernet_Sauvignon_2020.png,images/bottle_Tolaini_Legit_Cabernet_Sauvignon_2020.png,Toscana,Tolaini,"black fruit, oak, earth, red fruit, non oak, spices, microbio, vegetal, dried fruit, floral, citrus fruit, tree fruit","Beef, Lamb, Veal, Poultry, Cured Meat","Cabernet Sauvignon, Merlot, Sangiovese, Canaiolo Nero"
Beringer Knights Valley Reserve Cabernet Sauvignon 2020,United States,44.99,4.2,images/Beringer_Knights_Valley_Reserve_Cabernet_Sauvignon.png,images/bottle_Beringer_Knights_Valley_Reserve_Cabernet_Sa.png,Knights Valley,Beringer,"oak, black fruit, non oak, spices, earth, red fruit, microbio, dried fruit, floral, vegetal, citrus fruit","Beef, Lamb, Game (deer, venison)",Cabernet Sauvignon
Rewa Vineyards Khanda Cabernet Sauvignon 2019,United States,165,4.4,images/Rewa_Vineyards_Khanda_Cabernet_Sauvignon_2019.jpg,,Coombsville,Rewa Vineyards,"black fruit, floral, oak, dried fruit, spices, earth, vegetal","Beef, Lamb, Game (deer, venison), Mature and hard cheese, Poultry",Cabernet Sauvignon
Venge Vineyards Cabernet Sauvignon Silencieux 2022,United States,54.99,4.3,images/Venge_Vineyards_Cabernet_Sauvignon_Silencieux_2022.png,images/bottle_Venge_Vineyards_Cabernet_Sauvignon_Silencie.png,Napa Valley,Venge Vineyards,"oak, black fruit, non oak, earth, spices, red fruit, microbio, dried fruit, floral, vegetal, tree fruit, citrus fruit","Beef, Lamb, Game (deer, venison), Mature and hard cheese, Poultry",Cabernet Sauvignon
Odette Estate Cabernet Sauvignon 2021,United States,199.99,4.5,images/Odette_Estate_Cabernet_Sauvignon_2021.png,images/bottle_Odette_Estate_Cabernet_Sauvignon_2021.png,Stags Leap District,Odette,"black fruit, oak, earth, non oak, spices, red fruit, microbio, dried fruit, floral, vegetal, tree fruit, citrus fruit","Beef, Lamb, Game (deer, venison), Mature and hard cheese, Poultry",Cabernet Sauvignon
Jonata El Desafio de Jonata 2011,United States,79,4.3,images/Jonata_El_Desafio_de_Jonata_2011.png,images/bottle_Jonata_El_Desafio_de_Jonata_2011.png,Ballard Canyon,Jonata,"oak, earth, black fruit, non oak, spices, red fruit, tree fruit, microbio, vegetal, floral, dried fruit, citrus fruit","Beef, Lamb, Game (deer, venison), Poultry",Cabernet Sauvignon
Picchetti Arastradero Vineyard Cabernet Sauvignon 2022,United States,65.95,4.1,images/Picchetti_Arastradero_Vineyard_Cabernet_Sauvignon_.jpg,,Santa Clara County,Picchetti,"oak, black fruit, red fruit, spices, earth, non oak, tree fruit","Beef, Lamb, Game (deer, venison), Poultry",Cabernet Sauvignon
Cade Cabernet Sauvignon Napa Valley 2021,United States,129.99,4.5,images/Cade_Cabernet_Sauvignon_Napa_Valley_2021.png,images/bottle_Cade_Cabernet_Sauvignon_Napa_Valley_2021.png,Napa Valley,Cade,"oak, black fruit, earth, non oak, red fruit, spices, citrus fruit, microbio, tree fruit, dried fruit, tropical fruit, vegetal, floral","Beef, Lamb, Game (deer, venison), Mature and hard cheese, Poultry",Cabernet Sauvignon
Betz Family Winery Père de Famille 2018,United States,89.99,4.2,images/Betz_Family_Winery_Pre_de_Famille_2018.png,images/bottle_Betz_Family_Winery_Pre_de_Famille_2018.png,Columbia Valley,Betz Family Winery,"black fruit, oak, earth, non oak, red fruit, spices, vegetal, floral, microbio, tree fruit, dried fruit, citrus fruit, tropical fruit","Beef, Lamb, Game (deer, venison), Poultry",Cabernet Sauvignon
Annabella Cabernet Sauvignon (Special Selection) 2022,United States,22.99,4,images/Annabella_Cabernet_Sauvignon_Special_Selection_202.png,images/bottle_Annabella_Cabernet_Sauvignon_Special_Select.png,Napa Valley,Annabella,"oak, black fruit, red fruit, spices, non oak, earth, microbio, dried fruit, vegetal, floral, citrus fruit, tree fruit","Beef, Lamb, Game (deer, venison), Mature and hard cheese, Poultry",Cabernet Sauvignon
Crown Point Cabernet Sauvignon 2013,United States,151.99,4.6,images/Crown_Point_Cabernet_Sauvignon_2013.png,images/bottle_Crown_Point_Cabernet_Sauvignon_2013.png,Happy Canyon of Santa Barbara,Crown Point,"oak, black fruit, earth, non oak, red fruit, spices, microbio, dried fruit, floral, citrus fruit, vegetal","Beef, Lamb, Game (deer, venison), Poultry",Cabernet Sauvignon
Vena Cava Cabernet Sauvignon 2020,Mexico,36.99,4,images/Vena_Cava_Cabernet_Sauvignon_2020.png,images/bottle_Vena_Cava_Cabernet_Sauvignon_2020.png,Valle de Guadalupe,Vena Cava,"oak, black fruit, red fruit, non oak, earth, spices, tropical fruit, citrus fruit, floral, vegetal, microbio, dried fruit, tree fruit","Beef, Lamb, Poultry",Cabernet Sauvignon
Nickel & Nickel Branding Iron Vineyard Cabernet Sauvignon 2022,United States,109.99,4.4,images/Nickel_Nickel_Branding_Iron_Vineyard_Cabernet_Sauv.png,images/bottle_Nickel_Nickel_Branding_Iron_Vineyard_Cabern.png,Oakville,Nickel & Nickel,"oak, black fruit, red fruit, non oak, earth, spices, microbio, citrus fruit, floral, dried fruit, vegetal, tree fruit, tropical fruit","Beef, Lamb, Game (deer, venison), Mature and hard cheese, Poultry",Cabernet Sauvignon
Di Costanzo Farella Vineyard Cabernet Sauvignon 2018,United States,121,4.2,images/Di_Costanzo_Farella_Vineyard_Cabernet_Sauvignon_20.png,images/bottle_Di_Costanzo_Farella_Vineyard_Cabernet_Sauvi.png,Coombsville,Di Costanzo,"black fruit, oak, red fruit, earth, spices, non oak, floral, vegetal, tropical fruit, tree fruit, citrus fruit, microbio","Beef, Lamb, Game (deer, venison), Mature and hard cheese, Poultry",Cabernet Sauvignon
Bieler Born to Run Cabernet Sauvignon 2021,United States,17.99,3.8,images/Bieler_Born_to_Run_Cabernet_Sauvignon_2021.png,images/bottle_Bieler_Born_to_Run_Cabernet_Sauvignon_2021.png,California,Bieler,"black fruit, oak, red fruit, non oak, spices, earth, dried fruit, microbio, tropical fruit","Beef, Lamb, Game (deer, venison), Poultry",Cabernet Sauvignon
Riley's Rows Cabernet Sauvignon 2020,United States,43,4,images/Rileys_Rows_Cabernet_Sauvignon_2020.png,images/bottle_Rileys_Rows_Cabernet_Sauvignon_2020.png,North Coast,Riley's Rows,"black fruit, oak, red fruit, earth, non oak","Beef, Lamb, Game (deer, venison), Poultry",Cabernet Sauvignon
Mark West Cabernet Sauvignon 2021,United States,10.99,3.6,images/Mark_West_Cabernet_Sauvignon_2021.png,images/bottle_Mark_West_Cabernet_Sauvignon_2021.png,California,Mark West,,"Beef, Lamb, Game (deer, venison), Poultry",Cabernet Sauvignon
Santa Julia Cabernet Sauvignon 2023,Argentina,11.98,3.6,images/Santa_Julia_Cabernet_Sauvignon_2023.png,images/bottle_Santa_Julia_Cabernet_Sauvignon_2023.png,Maipu,Santa Julia,"black fruit, red fruit, oak, spices, non oak, earth, microbio, dried fruit, citrus fruit, vegetal, floral, tree fruit, tropical fruit","Beef, Lamb, Poultry",Cabernet Sauvignon
Dante Cabernet Sauvignon 2022,United States,10.99,3.8,images/Dante_Cabernet_Sauvignon_2022.png,images/bottle_Dante_Cabernet_Sauvignon_2022.png,Oakville,Dante,"oak, black fruit, red fruit, spices, non oak, earth, microbio, vegetal, tree fruit, dried fruit, citrus fruit, floral, tropical fruit","Beef, Lamb, Game (deer, venison), Mature and hard cheese, Poultry",Cabernet Sauvignon
Quilt The Grace of The Land Reserve Cabernet Sauvignon 2018,United States,99.99,4.5,images/Quilt_The_Grace_of_The_Land_Reserve_Cabernet_Sauvi.png,images/bottle_Quilt_The_Grace_of_The_Land_Reserve_Caberne.png,Napa Valley,Quilt,"oak, non oak, spices, black fruit, red fruit, earth, microbio","Beef, Lamb, Game (deer, venison), Mature and hard cheese, Poultry",Cabernet Sauvignon
Covington Cabernet Sauvignon 2020,United States,95,3.8,images/Covington_Cabernet_Sauvignon_2020.jpg,,Columbia Valley,Covington,"black fruit, spices, earth, oak, red fruit, non oak, floral, vegetal","Beef, Lamb, Game (deer, venison), Poultry",Cabernet Sauvignon
Shiloh Secret Reserve Cabernet Sauvignon 2020,Israel,59.99,4.2,images/Shiloh_Secret_Reserve_Cabernet_Sauvignon_2020.png,images/bottle_Shiloh_Secret_Reserve_Cabernet_Sauvignon_20.png,Judean Hills,Shiloh,"oak, black fruit, earth, non oak, red fruit, spices, dried fruit, floral, vegetal, microbio","Beef, Lamb, Poultry",Cabernet Sauvignon
Duckhorn Howell Mountain Cabernet Sauvignon 2015,United States,157.13,4.6,images/Duckhorn_Howell_Mountain_Cabernet_Sauvignon_2015.png,images/bottle_Duckhorn_Howell_Mountain_Cabernet_Sauvignon.png,Howell Mountain,Duckhorn,"oak, black fruit, non oak, spices, earth, red fruit, floral, microbio, dried fruit, tropical fruit, vegetal","Beef, Lamb, Game (deer, venison), Mature and hard cheese, Poultry",Cabernet Sauvignon
Psagot Edom Red 2021,Israel,49.99,4.1,images/Psagot_Edom_Red_2021.png,images/bottle_Psagot_Edom_Red_2021.png,Jerusalem,Psagot,"oak, black fruit, spices, earth, non oak, red fruit, dried fruit, microbio, floral, vegetal","Beef, Lamb, Poultry",Cabernet Sauvignon
Echeverría Reserva Cabernet Sauvignon 2022,Chile,12.99,3.7,images/Echeverra_Reserva_Cabernet_Sauvignon_2022.png,images/bottle_Echeverra_Reserva_Cabernet_Sauvignon_2022.png,Curico Valley,Echeverría,"red fruit, oak, black fruit, earth, non oak, spices, vegetal, citrus fruit, tree fruit, microbio, floral, dried fruit, tropical fruit","Beef, Lamb, Game (deer, venison), Poultry",Cabernet Sauvignon
Ritchie Creek Estate Cabernet Sauvignon 1974,United States,439,4.4,images/Ritchie_Creek_Estate_Cabernet_Sauvignon_1974.png,images/bottle_Ritchie_Creek_Estate_Cabernet_Sauvignon_197.png,Spring Mountain District,Ritchie Creek,"black fruit, earth, red fruit, spices, oak, dried fruit, microbio, non oak","Beef, Lamb, Game (deer, venison), Mature and hard cheese, Poultry",Cabernet Sauvignon
The Atom Good Practice Cabernet Sauvignon 2021,United States,11.99,4.1,images/The_Atom_Good_Practice_Cabernet_Sauvignon_2021.png,images/bottle_The_Atom_Good_Practice_Cabernet_Sauvignon_2.png,California,The Atom,"oak, non oak, black fruit, spices, earth, red fruit, dried fruit, microbio, tree fruit, floral, tropical fruit, vegetal","Beef, Lamb, Game (deer, venison), Poultry",Cabernet Sauvignon
Black's Station Cabernet Sauvignon 2019,United States,11.99,3.6,images/Blacks_Station_Cabernet_Sauvignon_2019.png,images/bottle_Blacks_Station_Cabernet_Sauvignon_2019.png,Yolo County,Black's Station,"black fruit, oak, red fruit, earth, non oak, dried fruit, spices, microbio, tree fruit, citrus fruit, vegetal","Beef, Lamb, Game (deer, venison), Poultry",Cabernet Sauvignon
Lokoya Spring Mountain District Cabernet Sauvignon 2019,United States,550,4.6,images/Lokoya_Spring_Mountain_District_Cabernet_Sauvignon.png,images/bottle_Lokoya_Spring_Mountain_District_Cabernet_Sa.png,Spring Mountain District,Lokoya,"black fruit, oak, spices, red fruit, earth, non oak, floral, microbio, dried fruit, tree fruit, vegetal","Beef, Lamb, Game (deer, venison), Mature and hard cheese, Poultry",Cabernet Sauvignon
Dalton Reserve Cabernet Sauvignon 2016,Israel,42.99,4,images/Dalton_Reserve_Cabernet_Sauvignon_2016.png,images/bottle_Dalton_Reserve_Cabernet_Sauvignon_2016.png,Upper Galilee,Dalton,"oak, black fruit, red fruit, earth, spices, non oak, vegetal, dried fruit, floral, citrus fruit, microbio","Beef, Lamb, Poultry",Cabernet Sauvignon
Inconnu Alaric Cabernet Sauvignon 2019,United States,55,4.1,images/Inconnu_Alaric_Cabernet_Sauvignon_2019.jpg,,Russian River Valley,Inconnu,"spices, red fruit, earth, non oak, oak","Beef, Lamb, Game (deer, venison)",Cabernet Sauvignon
Titus Cabernet Sauvignon 2021,United States,59.99,4.2,images/Titus_Cabernet_Sauvignon_2021.png,images/bottle_Titus_Cabernet_Sauvignon_2021.png,Napa Valley,Titus,"oak, black fruit, non oak, earth, spices, red fruit, microbio, floral, dried fruit, tropical fruit, vegetal, citrus fruit","Beef, Lamb, Game (deer, venison), Mature and hard cheese, Poultry",Cabernet Sauvignon
Brassfield Cabernet Sauvignon 2021,United States,24.99,3.7,images/Brassfield_Cabernet_Sauvignon_2021.png,images/bottle_Brassfield_Cabernet_Sauvignon_2021.png,High Valley,Brassfield,"oak, black fruit, red fruit, non oak, spices, earth, microbio, dried fruit, citrus fruit","Beef, Lamb, Game (deer, venison), Poultry",Cabernet Sauvignon
Selby Azevedo Vineyard Cabernet Sauvignon 2019,United States,48,4.1,images/Selby_Azevedo_Vineyard_Cabernet_Sauvignon_2019.png,images/bottle_Selby_Azevedo_Vineyard_Cabernet_Sauvignon_2.png,Russian River Valley,Selby,"spices, oak, red fruit, earth, black fruit, non oak, citrus fruit, microbio","Beef, Lamb, Game (deer, venison)",Cabernet Sauvignon
Tom Legend Cabernet Sauvignon 2022,United States,14.99,4.1,images/Tom_Legend_Cabernet_Sauvignon_2022.jpg,,Paso Robles,Tom Legend,"red fruit, oak","Beef, Lamb, Game (deer, venison)",Cabernet Sauvignon
Leonetti Cabernet Sauvignon 2021,United States,144,4.3,images/Leonetti_Cabernet_Sauvignon_2021.png,images/bottle_Leonetti_Cabernet_Sauvignon_2021.png,Walla Walla Valley,Leonetti,"oak, black fruit, earth, non oak, spices, red fruit, microbio, dried fruit, floral, vegetal, citrus fruit, tropical fruit, tree fruit","Beef, Lamb, Game (deer, venison), Poultry",Cabernet Sauvignon
Headturner Cabernet Sauvignon 2018,United States,25,3.9,images/Headturner_Cabernet_Sauvignon_2018.jpg,,Red Mountain,Headturner,"earth, black fruit, red fruit, oak, dried fruit, microbio, non oak","Beef, Lamb, Game (deer, venison), Poultry",Cabernet Sauvignon
Tulip Cabernet Sauvignon 2021,Israel,31.99,3.7,images/Tulip_Cabernet_Sauvignon_2021.png,images/bottle_Tulip_Cabernet_Sauvignon_2021.png,Galilee,Tulip,"black fruit, red fruit, oak, spices, non oak, earth, dried fruit, floral, vegetal, microbio, citrus fruit","Beef, Lamb, Poultry",Cabernet Sauvignon
d'Arenberg The Coppermine Road Cabernet Sauvignon 1998,Australia,94,4,images/dArenberg_The_Coppermine_Road_Cabernet_Sauvignon_1.png,images/bottle_dArenberg_The_Coppermine_Road_Cabernet_Sauv.png,McLaren Vale,d'Arenberg,"black fruit, oak, earth, spices, non oak, red fruit, microbio, dried fruit, floral, vegetal, citrus fruit, tree fruit, tropical fruit","Beef, Lamb, Poultry",Cabernet Sauvignon
Duckhorn Rutherford Cabernet Sauvignon 2019,United States,105,4.4,images/Duckhorn_Rutherford_Cabernet_Sauvignon_2019.png,images/bottle_Duckhorn_Rutherford_Cabernet_Sauvignon_2019.png,Rutherford,Duckhorn,"oak, black fruit, red fruit, spices, non oak, earth, microbio, dried fruit, floral, vegetal","Beef, Lamb, Game (deer, venison), Mature and hard cheese, Poultry",Cabernet Sauvignon
Far Mountain Fission Cabernet Sauvignon 2020,United States,49.99,4.1,images/Far_Mountain_Fission_Cabernet_Sauvignon_2020.png,images/bottle_Far_Mountain_Fission_Cabernet_Sauvignon_202.png,Sonoma Valley,Far Mountain,"black fruit, red fruit, earth, oak, spices, floral, dried fruit, citrus fruit, microbio, non oak","Beef, Lamb, Game (deer, venison)",Cabernet Sauvignon
The Federalist Bourbon Barrels Aged Cabernet Sauvignon 2021,United States,23.99,3.8,images/The_Federalist_Bourbon_Barrels_Aged_Cabernet_Sauvi.png,images/bottle_The_Federalist_Bourbon_Barrels_Aged_Caberne.png,Lodi,The Federalist,"oak, non oak, earth, red fruit, black fruit, spices, microbio, vegetal, dried fruit, citrus fruit, floral","Beef, Lamb, Game (deer, venison), Poultry",Cabernet Sauvignon
Smith & Hook Reserve Cabernet Sauvignon 2020,United States,24.99,4.1,images/Smith_Hook_Reserve_Cabernet_Sauvignon_2020.png,images/bottle_Smith_Hook_Reserve_Cabernet_Sauvignon_2020.png,Paso Robles,Smith & Hook,"oak, non oak, black fruit, spices, red fruit, earth, dried fruit, tree fruit, microbio","Beef, Lamb, Game (deer, venison)",Cabernet Sauvignon
BOND Quella 2018,United States,450,4.5,images/BOND_Quella_2018.png,images/bottle_BOND_Quella_2018.png,Napa Valley,BOND,"black fruit, oak, earth, non oak, spices, red fruit, floral, dried fruit, microbio, vegetal, citrus fruit, tropical fruit","Beef, Lamb, Game (deer, venison), Mature and hard cheese, Poultry",Cabernet Sauvignon
Lapis Luna Cabernet Sauvignon 2022,United States,10.99,4,images/Lapis_Luna_Cabernet_Sauvignon_2022.png,images/bottle_Lapis_Luna_Cabernet_Sauvignon_2022.png,Lodi,Lapis Luna,"oak, black fruit, non oak, red fruit, earth, spices, microbio, dried fruit, vegetal, citrus fruit, floral, tree fruit, tropical fruit","Beef, Lamb, Game (deer, venison), Poultry",Cabernet Sauvignon
Stonestreet Cougar Ridge Cabernet Sauvignon 2018,United States,95,4.3,images/Stonestreet_Cougar_Ridge_Cabernet_Sauvignon_2018.png,images/bottle_Stonestreet_Cougar_Ridge_Cabernet_Sauvignon.png,Alexander Valley,Stonestreet,"oak, black fruit, non oak, spices, earth, red fruit, microbio, vegetal, citrus fruit, floral","Beef, Lamb, Game (deer, venison)",Cabernet Sauvignon
Original Cabernet Sauvignon 2021,United States,34.99,4.1,images/Original_Cabernet_Sauvignon_2021.jpg,,Alexander Valley,Original,,"Beef, Lamb, Game (deer, venison)",Cabernet Sauvignon
Hevron Heights Winery Isaac's Ram Judean Vineyards Cabernet Sauvignon 2020,Israel,39.99,4,images/Hevron_Heights_Winery_Isaacs_Ram_Judean_Vineyards_.png,images/bottle_Hevron_Heights_Winery_Isaacs_Ram_Judean_Vin.png,Judean Hills,Hevron Heights Winery,"oak, black fruit, earth, non oak, red fruit, spices, citrus fruit, dried fruit, microbio","Beef, Lamb, Poultry",Cabernet Sauvignon
Fall Creek Mission San Antonio de Valero Cabernet Sauvignon 2022,United States,21.99,3.6,images/Fall_Creek_Mission_San_Antonio_de_Valero_Cabernet_.jpg,,Texas,Fall Creek,"black fruit, spices, oak, earth, non oak, red fruit","Beef, Lamb, Game (deer, venison), Mature and hard cheese, Mushrooms",Cabernet Sauvignon
FitVine Cabernet Sauvignon 2021,United States,15.99,3.4,images/FitVine_Cabernet_Sauvignon_2021.png,images/bottle_FitVine_Cabernet_Sauvignon_2021.png,California,FitVine,"oak, black fruit, earth, non oak, red fruit, spices, microbio, floral, dried fruit, vegetal, citrus fruit","Beef, Lamb, Game (deer, venison), Poultry",Cabernet Sauvignon
Jarvis Estate Cabernet Sauvignon  (Cave Fermented) 2016,United States,299.99,4.6,images/Jarvis_Estate_Cabernet_Sauvignon_Cave_Fermented_20.png,images/bottle_Jarvis_Estate_Cabernet_Sauvignon_Cave_Ferme.png,Napa Valley,Jarvis,"oak, earth, black fruit, non oak, red fruit, spices, microbio, dried fruit, vegetal, floral, tree fruit, citrus fruit, tropical fruit","Beef, Lamb, Game (deer, venison), Mature and hard cheese, Poultry",Cabernet Sauvignon
Santa Cristina Cabernet Sauvignon 2022,Italy,13.99,3.4,images/Santa_Cristina_Cabernet_Sauvignon_2022.jpg,,Toscana,Santa Cristina,,"Beef, Lamb, Veal, Poultry, Cured Meat","Cabernet Sauvignon, Merlot, Sangiovese, Canaiolo Nero"
Paul Hobbs Nathan Coombs Estate Cabernet Sauvignon 2016,United States,399.99,4.7,images/Paul_Hobbs_Nathan_Coombs_Estate_Cabernet_Sauvignon.png,images/bottle_Paul_Hobbs_Nathan_Coombs_Estate_Cabernet_Sa.png,Coombsville,Paul Hobbs,"black fruit, oak, spices, earth, non oak, red fruit, vegetal, microbio, dried fruit, tree fruit, floral","Beef, Lamb, Game (deer, venison), Mature and hard cheese, Poultry",Cabernet Sauvignon
Mony Vineyard Tale of Power Dry Red 2016,Israel,59.99,4.3,images/Mony_Vineyard_Tale_of_Power_Dry_Red_2016.jpg,,Samson,Mony Vineyard,"black fruit, red fruit, oak, tropical fruit, spices, floral, earth","Beef, Lamb, Poultry",Cabernet Sauvignon
Schrader Cabernet Sauvignon Colesworthy Beckstoffer Las Piedras 2015,United States,849.99,4.6,images/Schrader_Cabernet_Sauvignon_Colesworthy_Beckstoffe.png,images/bottle_Schrader_Cabernet_Sauvignon_Colesworthy_Bec.png,St. Helena,Schrader,"earth, oak, black fruit, red fruit, spices, non oak","Beef, Lamb, Game (deer, venison), Mature and hard cheese, Poultry",Cabernet Sauvignon
Montecariano Puntara Cabernet Sauvignon 2017,Italy,59.99,4.3,images/Montecariano_Puntara_Cabernet_Sauvignon_2017.png,images/bottle_Montecariano_Puntara_Cabernet_Sauvignon_201.png,Veneto,Montecariano,"oak, red fruit, black fruit, earth, spices, non oak, dried fruit, vegetal, microbio","Beef, Pasta, Lamb, Game (deer, venison)","Nebbiolo, Barbera, Dolcetto"
Gentleman Farmer Cabernet Sauvignon 2022,United States,139,4.4,images/Gentleman_Farmer_Cabernet_Sauvignon_2022.jpg,,Napa Valley,Gentleman Farmer,"oak, black fruit, earth, spices, non oak, dried fruit, red fruit, tree fruit, microbio","Beef, Lamb, Game (deer, venison), Mature and hard cheese, Poultry",Cabernet Sauvignon
Edge Cabernet Sauvignon 2021,United States,29.99,3.9,images/Edge_Cabernet_Sauvignon_2021.png,images/bottle_Edge_Cabernet_Sauvignon_2021.png,Napa Valley,Edge,"oak, black fruit, non oak, earth, spices, red fruit, microbio, vegetal, dried fruit, tree fruit, tropical fruit, citrus fruit, floral","Beef, Lamb, Game (deer, venison), Mature and hard cheese, Poultry",Cabernet Sauvignon
Alpha Omega Cabernet Sauvignon 2021,United States,129.99,4.4,images/Alpha_Omega_Cabernet_Sauvignon_2021.png,images/bottle_Alpha_Omega_Cabernet_Sauvignon_2021.png,Napa Valley,Alpha Omega,"oak, black fruit, earth, non oak, red fruit, spices, microbio, dried fruit, vegetal, floral, tree fruit, citrus fruit","Beef, Lamb, Game (deer, venison), Mature and hard cheese, Poultry",Cabernet Sauvignon
Lone Birch Cabernet Sauvignon 2021,United States,16.99,3.7,images/Lone_Birch_Cabernet_Sauvignon_2021.png,images/bottle_Lone_Birch_Cabernet_Sauvignon_2021.png,Yakima Valley,Lone Birch,"oak, black fruit, earth, red fruit, non oak, spices, vegetal, microbio, dried fruit, floral, citrus fruit","Beef, Lamb, Game (deer, venison), Poultry",Cabernet Sauvignon
Livingston Moffett Moffett Vineyard Cabernet Sauvignon 2020,United States,110,4.1,images/Livingston_Moffett_Moffett_Vineyard_Cabernet_Sauvi.png,images/bottle_Livingston_Moffett_Moffett_Vineyard_Caberne.png,Napa Valley,Livingston Moffett,"earth, black fruit, spices, vegetal, dried fruit, red fruit, floral, non oak, oak, microbio","Beef, Lamb, Game (deer, venison), Mature and hard cheese, Poultry",Cabernet Sauvignon
Cliff Lede Poetry Cabernet Sauvignon 2019,United States,359.99,4.7,images/Cliff_Lede_Poetry_Cabernet_Sauvignon_2019.png,images/bottle_Cliff_Lede_Poetry_Cabernet_Sauvignon_2019.png,Stags Leap District,Cliff Lede,"oak, black fruit, earth, non oak, red fruit, spices, floral, vegetal, dried fruit, microbio, citrus fruit, tree fruit, tropical fruit","Beef, Lamb, Game (deer, venison), Mature and hard cheese, Poultry",Cabernet Sauvignon
Steven Kent Lencioni Vineyard Cabernet Sauvignon 2019,United States,80,4.2,images/Steven_Kent_Lencioni_Vineyard_Cabernet_Sauvignon_2.jpg,,Livermore Valley,Steven Kent,"black fruit, red fruit, spices, non oak, oak, floral, vegetal, earth","Beef, Lamb, Game (deer, venison), Poultry",Cabernet Sauvignon
Forman Cabernet Sauvignon 2019,United States,147.99,4.3,images/Forman_Cabernet_Sauvignon_2019.png,images/bottle_Forman_Cabernet_Sauvignon_2019.png,Napa Valley,Forman,"oak, earth, black fruit, non oak, spices, red fruit, microbio, floral, vegetal, dried fruit, citrus fruit, tree fruit, tropical fruit","Beef, Lamb, Game (deer, venison), Mature and hard cheese, Poultry",Cabernet Sauvignon
Heitz Cellar Linda Falls Vineyard Cabernet Sauvignon 2016,United States,200,4.5,images/Heitz_Cellar_Linda_Falls_Vineyard_Cabernet_Sauvign.png,images/bottle_Heitz_Cellar_Linda_Falls_Vineyard_Cabernet_.png,Howell Mountain,Heitz Cellar,"black fruit, oak, earth, red fruit, non oak, spices, floral, microbio, dried fruit, vegetal, citrus fruit","Beef, Lamb, Game (deer, venison), Mature and hard cheese, Poultry",Cabernet Sauvignon
Alejandro Bulgheroni Cabernet Sauvignon 2018,United States,349.99,4.6,images/Alejandro_Bulgheroni_Cabernet_Sauvignon_2018.png,images/bottle_Alejandro_Bulgheroni_Cabernet_Sauvignon_201.png,Napa Valley,Alejandro Bulgheroni,"black fruit, oak, non oak, red fruit, spices, earth, tropical fruit, citrus fruit, microbio","Beef, Lamb, Game (deer, venison), Mature and hard cheese, Poultry",Cabernet Sauvignon
Beringer Eighth Maker 2016,United States,399.99,4.7,images/Beringer_Eighth_Maker_2016.png,images/bottle_Beringer_Eighth_Maker_2016.png,Napa Valley,Beringer,"oak, earth, non oak, black fruit, spices, microbio","Beef, Lamb, Game (deer, venison), Mature and hard cheese, Poultry",Cabernet Sauvignon
Plinth Cabernet Sauvignon 2022,United States,375,4.6,images/Plinth_Cabernet_Sauvignon_2022.png,images/bottle_Plinth_Cabernet_Sauvignon_2022.png,Oakville,Plinth,"earth, oak, black fruit, dried fruit, red fruit, spices, non oak","Beef, Lamb, Game (deer, venison), Mature and hard cheese, Poultry",Cabernet Sauvignon
Adir Kerem Ben Zimra Cabernet Sauvignon 2021,Israel,44.99,4,images/Adir_Kerem_Ben_Zimra_Cabernet_Sauvignon_2021.png,images/bottle_Adir_Kerem_Ben_Zimra_Cabernet_Sauvignon_202.png,Galilee,Adir,"oak, black fruit, red fruit, non oak, earth, spices, microbio, dried fruit, citrus fruit, vegetal, tree fruit, floral, tropical fruit","Beef, Lamb, Poultry",Cabernet Sauvignon
Stag's Leap Wine Cellars S.L.V. Block 2 Cabernet Sauvignon 1976,United States,485,4.5,images/Stags_Leap_Wine_Cellars_SLV_Block_2_Cabernet_Sauvi.png,images/bottle_Stags_Leap_Wine_Cellars_SLV_Block_2_Caberne.png,Napa Valley,Stag's Leap Wine Cellars,"black fruit, earth, oak, dried fruit, red fruit, spices","Beef, Lamb, Game (deer, venison), Mature and hard cheese, Poultry",Cabernet Sauvignon
Kelham Reserve Cabernet Sauvignon 2000,United States,120,4.5,images/Kelham_Reserve_Cabernet_Sauvignon_2000.jpg,,Oakville,Kelham,"oak, red fruit, spices, earth","Beef, Lamb, Game (deer, venison), Mature and hard cheese, Poultry",Cabernet Sauvignon
McGregor Vineyard Cabernet Sauvignon 2021,United States,40,3.8,images/McGregor_Vineyard_Cabernet_Sauvignon_2021.jpg,,Finger Lakes,McGregor Vineyard,"oak, earth, red fruit, non oak, black fruit, spices",,
Pondera Cabernet Sauvignon 2018,United States,38,4,images/Pondera_Cabernet_Sauvignon_2018.png,images/bottle_Pondera_Cabernet_Sauvignon_2018.png,Columbia Valley,Pondera,"oak, black fruit, non oak, red fruit, spices, earth, floral","Beef, Lamb, Game (deer, venison), Poultry",Cabernet Sauvignon
Kinsella Estates Tamara Vineyard Cabernet Sauvignon 2013,United States,199.99,4.6,images/Kinsella_Estates_Tamara_Vineyard_Cabernet_Sauvigno.png,images/bottle_Kinsella_Estates_Tamara_Vineyard_Cabernet_S.png,Dry Creek Valley,Kinsella Estates,"black fruit, oak, non oak, earth, spices, red fruit, vegetal, floral","Beef, Lamb, Game (deer, venison)",Cabernet Sauvignon
Sundry Vineyards Cabernet Sauvignon 2021,United States,18.97,3.9,images/Sundry_Vineyards_Cabernet_Sauvignon_2021.jpg,,Paso Robles,Sundry Vineyards,"black fruit, oak, red fruit, non oak, spices, earth, dried fruit, microbio, vegetal, citrus fruit, floral","Beef, Lamb, Game (deer, venison)",Cabernet Sauvignon
Lenz Winery Old Vines Cabernet Sauvignon 2013,United States,175,4,images/Lenz_Winery_Old_Vines_Cabernet_Sauvignon_2013.jpg,,North Fork of Long Island,Lenz Winery,"oak, red fruit, earth, spices, black fruit, non oak, dried fruit, microbio",,
Westcave Cellars Winery Cabernet Sauvignon 2018,United States,48,3.4,images/Westcave_Cellars_Winery_Cabernet_Sauvignon_2018.jpg,,Texas Hill Country,Westcave Cellars Winery,"oak, earth, black fruit, non oak, red fruit, spices","Beef, Lamb, Game (deer, venison), Mature and hard cheese, Mushrooms",Cabernet Sauvignon
Bedrock Wine Co. Kamen Vineyard Cabernet Sauvignon 2021,United States,125,4.5,images/Bedrock_Wine_Co_Kamen_Vineyard_Cabernet_Sauvignon_.png,images/bottle_Bedrock_Wine_Co_Kamen_Vineyard_Cabernet_Sau.png,Moon Mountain District,Bedrock Wine Co.,"earth, red fruit, spices, microbio, oak","Beef, Lamb, Game (deer, venison)",Cabernet Sauvignon
Purple Cowboy Trail Boss Cabernet Sauvignon 2022,United States,13.99,3.5,images/Purple_Cowboy_Trail_Boss_Cabernet_Sauvignon_2022.png,images/bottle_Purple_Cowboy_Trail_Boss_Cabernet_Sauvignon.png,Paso Robles,Purple Cowboy,"black fruit, oak, non oak, spices, red fruit, earth, microbio, dried fruit, floral, vegetal, tree fruit, citrus fruit","Beef, Lamb, Game (deer, venison)",Cabernet Sauvignon
Charter Oak Uncle George Cabernet Sauvignon 2018,United States,150,4.6,images/Charter_Oak_Uncle_George_Cabernet_Sauvignon_2018.jpg,,Napa Valley,Charter Oak,,"Beef, Lamb, Game (deer, venison), Mature and hard cheese, Poultry",Cabernet Sauvignon
Mas de Daumas Gassac Frizant Mousseux Rosé 2023,France,22.99,4,images/Mas_de_Daumas_Gassac_Frizant_Mousseux_Ros_2023.png,images/bottle_Mas_de_Daumas_Gassac_Frizant_Mousseux_Ros_2.png,Hérault,Mas de Daumas Gassac,"red fruit, microbio, tree fruit, citrus fruit, earth, oak, non oak, spices, black fruit, vegetal, tropical fruit, floral, dried fruit","Shellfish, Poultry, Appetizers and snacks, Lean fish, Aperitif",
Schrader Heritage Clone To Kalon Vineyard 2019,United States,449.99,4.5,images/Schrader_Heritage_Clone_To_Kalon_Vineyard_2019.png,images/bottle_Schrader_Heritage_Clone_To_Kalon_Vineyard_2.png,Napa Valley,Schrader,"earth, oak, black fruit, spices, non oak","Beef, Lamb, Game (deer, venison), Mature and hard cheese, Poultry",Cabernet Sauvignon
Va Piano Octave Estate Vineyard Cabernet Sauvignon 2018,United States,75,4.3,images/Va_Piano_Octave_Estate_Vineyard_Cabernet_Sauvignon.png,images/bottle_Va_Piano_Octave_Estate_Vineyard_Cabernet_Sa.png,Walla Walla Valley,Va Piano,"black fruit, non oak, oak","Beef, Lamb, Game (deer, venison), Poultry",Cabernet Sauvignon
Mother's Choice Cabernet Sauvignon 2021,United States,15.97,3.6,images/Mothers_Choice_Cabernet_Sauvignon_2021.jpg,,California,Mother's Choice,"red fruit, black fruit, oak, spices, non oak, earth, microbio, dried fruit, tree fruit","Beef, Lamb, Game (deer, venison), Poultry",Cabernet Sauvignon
Mas de Gourgonnier Les Baux de Provence Rouge 2022,France,19.99,4,images/Mas_de_Gourgonnier_Les_Baux_de_Provence_Rouge_2022.png,images/bottle_Mas_de_Gourgonnier_Les_Baux_de_Provence_Rou.png,Les Baux-de-Provence,Mas de Gourgonnier,"red fruit, earth, oak, black fruit, spices, non oak, microbio, floral, citrus fruit, vegetal, tree fruit, dried fruit, tropical fruit","Beef, Lamb, Game (deer, venison), Mushrooms","Shiraz/Syrah, Cabernet Sauvignon, Grenache, Mourvedre, Carignan, Tibouren, Cinsaut"
Addax Cabernet Sauvignon 2019,United States,137,4.4,images/Addax_Cabernet_Sauvignon_2019.png,images/bottle_Addax_Cabernet_Sauvignon_2019.png,Napa Valley,Addax,"oak, black fruit, earth, red fruit, non oak, spices, microbio, dried fruit, floral, tree fruit, vegetal","Beef, Lamb, Game (deer, venison), Mature and hard cheese, Poultry",Cabernet Sauvignon
Teal Lake Reserve Cabernet Sauvignon 2021,Australia,14.99,3.9,images/Teal_Lake_Reserve_Cabernet_Sauvignon_2021.jpg,,South Eastern Australia,Teal Lake,"oak, black fruit, spices, earth","Beef, Lamb, Poultry",Cabernet Sauvignon
Carmel (יקבי כרמל) Selected Cabernet Sauvignon (קברנה סוביניון נבחר) 2021,Israel,12.99,3.4,images/Carmel_Selected_Cabernet_Sauvignon_2021.jpg,,Samaria,Carmel (יקבי כרמל),"red fruit, black fruit, oak, dried fruit, spices, vegetal, earth, non oak","Beef, Lamb, Poultry",Cabernet Sauvignon
Bodega Volcanes Tectonia Cabernet Sauvignon 2021,Chile,22.99,4,images/Bodega_Volcanes_Tectonia_Cabernet_Sauvignon_2021.png,images/bottle_Bodega_Volcanes_Tectonia_Cabernet_Sauvignon.png,Maipo Valley,Bodega Volcanes,"black fruit, oak, spices, red fruit, earth, non oak, dried fruit, microbio, vegetal, floral, tree fruit","Beef, Lamb, Game (deer, venison), Poultry",Cabernet Sauvignon
Barnard Griffin Cabernet Sauvignon 2022,United States,15.99,3.8,images/Barnard_Griffin_Cabernet_Sauvignon_2022.png,images/bottle_Barnard_Griffin_Cabernet_Sauvignon_2022.png,Columbia Valley,Barnard Griffin,"oak, black fruit, red fruit, spices, non oak, earth, citrus fruit, microbio, floral, vegetal, dried fruit, tree fruit, tropical fruit","Beef, Lamb, Game (deer, venison), Poultry",Cabernet Sauvignon
Clos de Luz Massal 1945 Cabernet Sauvignon 1945,Chile,27.95,3.9,images/Clos_de_Luz_Massal_1945_Cabernet_Sauvignon_1945.png,images/bottle_Clos_de_Luz_Massal_1945_Cabernet_Sauvignon_.png,Colchagua Valley,Clos de Luz,"oak, black fruit, earth, spices, non oak, red fruit, vegetal, dried fruit, microbio, floral, citrus fruit","Beef, Lamb, Game (deer, venison), Poultry",Cabernet Sauvignon
Michael Pozzan Alexander Valley Cabernet Sauvignon 2022,United States,17.99,3.8,images/Michael_Pozzan_Alexander_Valley_Cabernet_Sauvignon.png,images/bottle_Michael_Pozzan_Alexander_Valley_Cabernet_Sa.png,Alexander Valley,Michael Pozzan,"oak, non oak, earth, black fruit, red fruit, spices, microbio, tree fruit, vegetal, citrus fruit, floral, dried fruit, tropical fruit","Beef, Lamb, Game (deer, venison)",Cabernet Sauvignon
Villa Toscano Cabernet Sauvignon 2023,United States,40,3.9,images/Villa_Toscano_Cabernet_Sauvignon_2023.jpg,,California Shenandoah Valley,Villa Toscano,"black fruit, spices, non oak, oak","Beef, Lamb, Game (deer, venison), Poultry",Cabernet Sauvignon
Shirvington Cabernet Sauvignon 2004,Australia,63,4.2,images/Shirvington_Cabernet_Sauvignon_2004.png,images/bottle_Shirvington_Cabernet_Sauvignon_2004.png,McLaren Vale,Shirvington,"black fruit, oak, spices, earth, non oak, red fruit, microbio, dried fruit, floral, tropical fruit","Beef, Lamb, Poultry",Cabernet Sauvignon
Cinquain Cellars Nagengast Estate Vineyard Cabernet Sauvignon 2019,United States,20,4.1,images/Cinquain_Cellars_Nagengast_Estate_Vineyard_Caberne.jpg,,Paso Robles,Cinquain Cellars,"spices, vegetal, oak","Beef, Lamb, Game (deer, venison)",Cabernet Sauvignon
The Butcher's Daughter La Fille du Boucher Cabernet Sauvignon 2023,France,17.99,3.8,images/The_Butchers_Daughter_La_Fille_du_Boucher_Cabernet.png,images/bottle_The_Butchers_Daughter_La_Fille_du_Boucher_C.png,Pays d'Oc,The Butcher's Daughter,"red fruit, tree fruit","Beef, Pasta, Veal","Shiraz/Syrah, Grenache, Mourvedre"
Herzog Special Reserve Cabernet Sauvignon 2018,United States,54.99,4.2,images/Herzog_Special_Reserve_Cabernet_Sauvignon_2018.png,images/bottle_Herzog_Special_Reserve_Cabernet_Sauvignon_2.png,Napa Valley,Herzog,"spices, black fruit, earth, non oak, oak, red fruit, dried fruit, microbio","Beef, Lamb, Game (deer, venison), Mature and hard cheese, Poultry",Cabernet Sauvignon
De Martino Ungrafted Gravel Soils Cabernet Sauvignon 2021,Chile,19.99,4,images/De_Martino_Ungrafted_Gravel_Soils_Cabernet_Sauvign.jpg,,Maipo Valley,De Martino,"earth, spices","Beef, Lamb, Game (deer, venison), Poultry",Cabernet Sauvignon
Long Vineyards Cabernet Sauvignon 1983,United States,169,4.4,images/Long_Vineyards_Cabernet_Sauvignon_1983.png,images/bottle_Long_Vineyards_Cabernet_Sauvignon_1983.png,Napa Valley,Long Vineyards,"black fruit, earth, oak, dried fruit, red fruit, non oak","Beef, Lamb, Game (deer, venison), Mature and hard cheese, Poultry",Cabernet Sauvignon
Kamen Cabernet Sauvignon 2021,United States,120,4.4,images/Kamen_Cabernet_Sauvignon_2021.png,images/bottle_Kamen_Cabernet_Sauvignon_2021.png,Moon Mountain District,Kamen,"oak, black fruit, earth, non oak, spices, red fruit, microbio, floral, dried fruit, citrus fruit, vegetal, tropical fruit","Beef, Lamb, Game (deer, venison)",Cabernet Sauvignon
Darioush Caravan Cabernet Sauvignon 2021,United States,54.99,4.2,images/Darioush_Caravan_Cabernet_Sauvignon_2021.png,images/bottle_Darioush_Caravan_Cabernet_Sauvignon_2021.png,Napa Valley,Darioush,"oak, black fruit, non oak, earth, red fruit, spices, microbio, dried fruit, vegetal, floral, tree fruit, citrus fruit","Beef, Lamb, Game (deer, venison), Mature and hard cheese, Poultry",Cabernet Sauvignon
Julien Fayard Reserve Cabernet Sauvignon 2021,United States,130,4.4,images/Julien_Fayard_Reserve_Cabernet_Sauvignon_2021.jpg,,Napa Valley,Julien Fayard,"black fruit, oak, red fruit, earth, non oak, spices, floral, microbio","Beef, Lamb, Game (deer, venison), Mature and hard cheese, Poultry",Cabernet Sauvignon
Melka CJ Cabernet Sauvignon 2019,United States,109.99,4.1,images/Melka_CJ_Cabernet_Sauvignon_2019.png,images/bottle_Melka_CJ_Cabernet_Sauvignon_2019.png,Napa Valley,Melka,"oak, black fruit, earth, non oak, red fruit, spices, floral, microbio, tree fruit, dried fruit, vegetal","Beef, Lamb, Game (deer, venison), Mature and hard cheese, Poultry",Cabernet Sauvignon
Toad Hollow Cabernet Sauvignon 2021,United States,14.99,3.7,images/Toad_Hollow_Cabernet_Sauvignon_2021.png,images/bottle_Toad_Hollow_Cabernet_Sauvignon_2021.png,Lodi,Toad Hollow,"black fruit, oak, earth, non oak, spices, red fruit, microbio, floral, dried fruit, tree fruit, vegetal","Beef, Lamb, Game (deer, venison), Poultry",Cabernet Sauvignon
Navigator Captain's Private Reserve Cabernet Sauvignon 2023,United States,44.99,3.6,images/Navigator_Captains_Private_Reserve_Cabernet_Sauvig.jpg,,Oakville,Navigator,"red fruit, black fruit","Beef, Lamb, Game (deer, venison), Mature and hard cheese, Poultry",Cabernet Sauvignon
Grieve Family Vineyard Double Eagle Cabernet Sauvignon 2021,United States,224.99,4.7,images/Grieve_Family_Vineyard_Double_Eagle_Cabernet_Sauvi.png,images/bottle_Grieve_Family_Vineyard_Double_Eagle_Caberne.png,Napa Valley,Grieve Family Vineyard,"oak, black fruit, non oak, red fruit, spices, earth","Beef, Lamb, Game (deer, venison), Mature and hard cheese, Poultry",Cabernet Sauvignon
EMH Vineyards Black Cat Cabernet 2017,United States,70,4.1,images/EMH_Vineyards_Black_Cat_Cabernet_2017.jpg,,Napa Valley,EMH Vineyards,"oak, black fruit, red fruit, earth, spices, microbio","Beef, Lamb, Game (deer, venison), Mature and hard cheese, Poultry",Cabernet Sauvignon
Alpha Project Cabernet Sauvignon 2019,United States,20,3.9,images/Alpha_Project_Cabernet_Sauvignon_2019.png,images/bottle_Alpha_Project_Cabernet_Sauvignon_2019.png,North Coast,Alpha Project,"red fruit, black fruit, spices, earth, oak, floral, vegetal, non oak","Beef, Lamb, Game (deer, venison), Poultry",Cabernet Sauvignon
Inconnu No Gods No Masters Cabernet Sauvignon 2022,United States,36,4,images/Inconnu_No_Gods_No_Masters_Cabernet_Sauvignon_2022.jpg,,California,Inconnu,,"Beef, Lamb, Game (deer, venison), Poultry",Cabernet Sauvignon
John Alan Cabernet Sauvignon 2019,United States,28,3.8,images/John_Alan_Cabernet_Sauvignon_2019.png,images/bottle_John_Alan_Cabernet_Sauvignon_2019.png,Paso Robles,John Alan,"oak, microbio, red fruit, spices","Beef, Lamb, Game (deer, venison)",Cabernet Sauvignon
Tela Napa Valley Cabernet Sauvignon 2021,United States,80,4.2,images/Tela_Napa_Valley_Cabernet_Sauvignon_2021.jpg,,Napa Valley,,"spices, oak, black fruit, red fruit, vegetal, earth, non oak","Beef, Lamb, Game (deer, venison), Mature and hard cheese, Poultry",Cabernet Sauvignon
Joshua Cooper Shay's Flat Vineyard Cabernet Sauvignon 2020,Australia,59.99,4.1,images/Joshua_Cooper_Shays_Flat_Vineyard_Cabernet_Sauvign.png,images/bottle_Joshua_Cooper_Shays_Flat_Vineyard_Cabernet_.png,Pyrenees,Joshua Cooper,"black fruit, spices, earth, oak, red fruit, non oak","Beef, Lamb, Poultry",Cabernet Sauvignon
Viña Cobos Marchiori Estate Cabernet Sauvignon 2019,Argentina,113.99,4.5,images/Via_Cobos_Marchiori_Estate_Cabernet_Sauvignon_2019.png,images/bottle_Via_Cobos_Marchiori_Estate_Cabernet_Sauvign.png,Perdriel,Viña Cobos,"black fruit, spices, vegetal, microbio, non oak, oak","Beef, Lamb, Poultry",Cabernet Sauvignon
Grace Family Vineyards Reliquus Cabernet Sauvignon 2018,United States,149.99,4.6,images/Grace_Family_Vineyards_Reliquus_Cabernet_Sauvignon.png,images/bottle_Grace_Family_Vineyards_Reliquus_Cabernet_Sa.png,St. Helena,Grace Family Vineyards,"earth, non oak, oak","Beef, Lamb, Game (deer, venison), Mature and hard cheese, Poultry",Cabernet Sauvignon
Realm Hartwell XX 2019,United States,749.99,4.8,images/Realm_Hartwell_XX_2019.jpg,,California,Realm,,"Beef, Lamb, Game (deer, venison), Poultry",Cabernet Sauvignon
Vice Versa Spinning Plates Cabernet Sauvignon 2021,United States,97.99,4.5,images/Vice_Versa_Spinning_Plates_Cabernet_Sauvignon_2021.png,images/bottle_Vice_Versa_Spinning_Plates_Cabernet_Sauvign.png,Napa Valley,Vice Versa,"oak, black fruit, earth, non oak, red fruit, spices, floral","Beef, Lamb, Game (deer, venison), Mature and hard cheese, Poultry",Cabernet Sauvignon
College Cellars Cabernet Sauvignon 2019,United States,35,3.5,images/College_Cellars_Cabernet_Sauvignon_2019.jpg,,Walla Walla Valley,College Cellars,"black fruit, oak","Beef, Lamb, Game (deer, venison), Poultry",Cabernet Sauvignon
Herzog Lineage Rosé 2022,United States,17.99,3.6,images/Herzog_Lineage_Ros_2022.png,images/bottle_Herzog_Lineage_Ros_2022.png,Clarksburg,Herzog,"earth, red fruit, tree fruit, spices, oak","Shellfish, Spicy food, Appetizers and snacks, Fruity desserts, Aperitif","Shiraz/Syrah, Cabernet Sauvignon, Pinot Noir, Sangiovese, Zinfandel, Barbera"
Glen Ellen Cabernet Sauvignon Reserve 2018,United States,16.43,3.2,images/Glen_Ellen_Cabernet_Sauvignon_Reserve_2018.png,images/bottle_Glen_Ellen_Cabernet_Sauvignon_Reserve_2018.png,California,Glen Ellen,"oak, red fruit, earth, black fruit, non oak, microbio, spices, vegetal","Beef, Lamb, Game (deer, venison), Poultry",Cabernet Sauvignon
Ed Edmundo Cabernet Sauvignon 2024,Argentina,11.97,4,images/Ed_Edmundo_Cabernet_Sauvignon_2024.jpg,,Mendoza,Ed Edmundo,"oak, black fruit, red fruit, non oak, spices, earth, microbio, dried fruit, citrus fruit, tree fruit, floral, vegetal","Beef, Lamb, Poultry",Cabernet Sauvignon
Herzog Variations Be-Leaf Cabernet Sauvignon 2022,United States,32.99,4,images/Herzog_Variations_Be_Leaf_Cabernet_Sauvignon_2022.png,images/bottle_Herzog_Variations_Be_Leaf_Cabernet_Sauvigno.png,Paso Robles,Herzog,"black fruit, red fruit, oak, spices, microbio","Beef, Lamb, Game (deer, venison)",Cabernet Sauvignon
Inama Azienda Agricola Selezione Cabernet Sauvignon del Veneto 2020,Italy,44.99,4,images/Inama_Azienda_Agricola_Selezione_Cabernet_Sauvigno.png,images/bottle_Inama_Azienda_Agricola_Selezione_Cabernet_S.png,Veneto,Inama Azienda Agricola,"oak, earth, black fruit, non oak, red fruit, spices, vegetal, dried fruit, tree fruit, citrus fruit, floral","Beef, Pasta, Lamb, Game (deer, venison)","Nebbiolo, Barbera, Dolcetto"
Impensata Engelhard Vineyard Proprietary Red 2018,United States,325,4.3,images/Impensata_Engelhard_Vineyard_Proprietary_Red_2018.jpg,,Calistoga,Impensata,,"Beef, Lamb, Game (deer, venison), Mature and hard cheese, Poultry",Cabernet Sauvignon
Hundred Acre Morgan's Way Vineyard Cabernet Sauvignon 2021,United States,760.99,4.7,images/Hundred_Acre_Morgans_Way_Vineyard_Cabernet_Sauvign.jpg,,Napa Valley,Hundred Acre,,"Beef, Lamb, Game (deer, venison), Mature and hard cheese, Poultry",Cabernet Sauvignon
Steven Kent Cabernet Sauvignon (Winemaker's Selection) 2014,United States,75,3.9,images/Steven_Kent_Cabernet_Sauvignon_Winemakers_Selectio.png,images/bottle_Steven_Kent_Cabernet_Sauvignon_Winemakers_S.png,Livermore Valley,Steven Kent,"oak, black fruit, red fruit, earth, spices, non oak, vegetal, microbio, citrus fruit, dried fruit, floral","Beef, Lamb, Game (deer, venison), Poultry",Cabernet Sauvignon
Di Costanzo DI CO Cabernet Sauvignon 2020,United States,74,4.2,images/Di_Costanzo_DI_CO_Cabernet_Sauvignon_2020.png,images/bottle_Di_Costanzo_DI_CO_Cabernet_Sauvignon_2020.png,Napa Valley,Di Costanzo,"black fruit, oak, non oak, earth, spices, red fruit, floral, microbio, vegetal, tropical fruit","Beef, Lamb, Game (deer, venison), Mature and hard cheese, Poultry",Cabernet Sauvignon
Arietta Cabernet Sauvignon 2017,United States,155,4.6,images/Arietta_Cabernet_Sauvignon_2017.png,images/bottle_Arietta_Cabernet_Sauvignon_2017.png,Coombsville,Arietta,"oak, earth, black fruit, non oak, spices, red fruit, microbio, floral, citrus fruit, vegetal","Beef, Lamb, Game (deer, venison), Mature and hard cheese, Poultry",Cabernet Sauvignon
Goldschmidt Vineyards Katherine Goldschmidt Crazy Creek Cabernet Sauvignon 2022,United States,24.99,4,images/Goldschmidt_Vineyards_Katherine_Goldschmidt_Crazy_.png,images/bottle_Goldschmidt_Vineyards_Katherine_Goldschmidt.png,Alexander Valley,Goldschmidt Vineyards,"oak, black fruit, red fruit, non oak, earth, spices, microbio, dried fruit, vegetal, tree fruit, floral, citrus fruit","Beef, Lamb, Game (deer, venison)",Cabernet Sauvignon
Radius Cabernet Sauvignon 2022,United States,13.97,3.8,images/Radius_Cabernet_Sauvignon_2022.png,images/bottle_Radius_Cabernet_Sauvignon_2022.png,Washington,Radius,"red fruit, oak, black fruit, non oak, spices, earth, dried fruit, microbio, vegetal, tree fruit, citrus fruit, floral, tropical fruit","Beef, Lamb, Game (deer, venison), Poultry",Cabernet Sauvignon
Frog's Tooth Cabernet Sauvignon 2020,United States,40,3.8,images/Frogs_Tooth_Cabernet_Sauvignon_2020.png,images/bottle_Frogs_Tooth_Cabernet_Sauvignon_2020.png,Calaveras County,Frog's Tooth,"red fruit, oak, black fruit, spices, earth, non oak","Beef, Lamb, Game (deer, venison), Poultry",Cabernet Sauvignon
William Hill Mt. Veeder Cabernet Sauvignon 1978,United States,290,4,images/William_Hill_Mt_Veeder_Cabernet_Sauvignon_1978.png,images/bottle_William_Hill_Mt_Veeder_Cabernet_Sauvignon_1.png,Mount Veeder,William Hill,"black fruit, oak, red fruit, spices, earth, non oak","Beef, Lamb, Game (deer, venison), Mature and hard cheese, Poultry",Cabernet Sauvignon
Raj Parr Wine Club Never Say Never Dead Fred Vineyard Cabernet Sauvignon 2018,United States,121,4.4,images/Raj_Parr_Wine_Club_Never_Say_Never_Dead_Fred_Viney.jpg,,Coombsville,Raj Parr Wine Club,"black fruit, red fruit, spices, vegetal, earth, non oak, oak","Beef, Lamb, Game (deer, venison), Mature and hard cheese, Poultry",Cabernet Sauvignon
Wooldridge Creek Cabernet Sauvignon 2020,United States,45,4.1,images/Wooldridge_Creek_Cabernet_Sauvignon_2020.jpg,,Applegate Valley,Wooldridge Creek,"earth, oak, black fruit, red fruit, non oak, tropical fruit, citrus fruit, spices, floral","Beef, Lamb, Veal, Game (deer, venison), Cured Meat",Cabernet Sauvignon
d'Arenberg The Stump Jump Cabernet Sauvignon 2021,Australia,10.99,3.6,images/dArenberg_The_Stump_Jump_Cabernet_Sauvignon_2021.png,images/bottle_dArenberg_The_Stump_Jump_Cabernet_Sauvignon.png,McLaren Vale,d'Arenberg,"earth, black fruit, red fruit, microbio, oak, spices","Beef, Lamb, Poultry",Cabernet Sauvignon
Allegretto Ayres Family Reserve Willow Creek Vineyards Cabernet Sauvignon 2018,United States,29.99,3.8,images/Allegretto_Ayres_Family_Reserve_Willow_Creek_Viney.png,images/bottle_Allegretto_Ayres_Family_Reserve_Willow_Cree.png,Paso Robles,Allegretto,"oak, black fruit, earth, non oak, spices, red fruit, floral, dried fruit, vegetal, microbio","Beef, Lamb, Game (deer, venison)",Cabernet Sauvignon
Rivers-Marie Cabernet Sauvignon 2012,United States,107,4.5,images/Rivers_Marie_Cabernet_Sauvignon_2012.png,images/bottle_Rivers_Marie_Cabernet_Sauvignon_2012.png,Calistoga,Rivers-Marie,"oak, earth, non oak, black fruit, spices, red fruit, floral, vegetal, dried fruit","Beef, Lamb, Game (deer, venison), Mature and hard cheese, Poultry",Cabernet Sauvignon
Mon Frère Vintner's Selection Cabernet Sauvignon 2022,United States,12.99,3.8,images/Mon_Frre_Vintners_Selection_Cabernet_Sauvignon_202.png,images/bottle_Mon_Frre_Vintners_Selection_Cabernet_Sauvig.png,California,Mon Frère,"oak, black fruit, non oak, earth, spices, red fruit, microbio, floral, dried fruit, citrus fruit, vegetal","Beef, Lamb, Game (deer, venison), Poultry",Cabernet Sauvignon
Movia Cabernet Sauvignon 2021,Slovenia,27.99,3.9,images/Movia_Cabernet_Sauvignon_2021.png,images/bottle_Movia_Cabernet_Sauvignon_2021.png,Goriška Brda,Movia,"oak, black fruit, earth, non oak, red fruit, spices, microbio, vegetal, floral, dried fruit, citrus fruit","Beef, Lamb, Game (deer, venison), Mature and hard cheese, Mushrooms",Cabernet Sauvignon
Zion Winery Capital Cabernet Sauvignon 2022,Israel,19.99,4.1,images/Zion_Winery_Capital_Cabernet_Sauvignon_2022.jpg,,Judean Hills,Zion Winery,,"Beef, Lamb, Poultry",Cabernet Sauvignon
The Winery At Holy Cross Abbey Reserve Cabernet Sauvignon 2022,United States,44,4.3,images/The_Winery_At_Holy_Cross_Abbey_Reserve_Cabernet_Sa.jpg,,Colorado,The Winery At Holy Cross Abbey,"black fruit, oak","Beef, Lamb, Veal, Game (deer, venison), Vegetarian, Mushrooms",
Hayotzer Vintner's Select Cabernet Sauvignon 2023,Israel,17.99,3.5,images/Hayotzer_Vintners_Select_Cabernet_Sauvignon_2023.png,images/bottle_Hayotzer_Vintners_Select_Cabernet_Sauvignon.png,Galilee,Hayotzer,,"Beef, Lamb, Poultry",Cabernet Sauvignon
Martin's Pick Up Cabernet Sauvignon 2022,Australia,14.98,3.6,images/Martins_Pick_Up_Cabernet_Sauvignon_2022.png,images/bottle_Martins_Pick_Up_Cabernet_Sauvignon_2022.png,South Australia,Martin's Pick Up,"black fruit, red fruit, oak, earth, spices, non oak, dried fruit, floral, microbio, tree fruit, citrus fruit","Beef, Lamb, Poultry",Cabernet Sauvignon
Conn Creek Collins Vineyard Cabernet Sauvignon 1980,United States,350,3.8,images/Conn_Creek_Collins_Vineyard_Cabernet_Sauvignon_198.jpg,,St. Helena,Conn Creek,"black fruit, spices, non oak, oak","Beef, Lamb, Game (deer, venison), Mature and hard cheese, Poultry",Cabernet Sauvignon
Twenty Acres Cabernet Sauvignon 2022,United States,12.99,3.8,images/Twenty_Acres_Cabernet_Sauvignon_2022.png,images/bottle_Twenty_Acres_Cabernet_Sauvignon_2022.png,Clarksburg,Twenty Acres,"oak, black fruit, non oak, spices, earth, red fruit, microbio, vegetal","Beef, Lamb, Game (deer, venison), Poultry",Cabernet Sauvignon
Salt Vine Cabernet Sauvignon 2015,United States,283,4.7,images/Salt_Vine_Cabernet_Sauvignon_2015.png,images/bottle_Salt_Vine_Cabernet_Sauvignon_2015.png,Rutherford,Salt Vine,"black fruit, red fruit, spices, non oak, oak, earth","Beef, Lamb, Game (deer, venison), Mature and hard cheese, Poultry",Cabernet Sauvignon
Paul Hobbs Cabernet Sauvignon 2021,United States,99.99,4.4,images/Paul_Hobbs_Cabernet_Sauvignon_2021.png,images/bottle_Paul_Hobbs_Cabernet_Sauvignon_2021.png,Napa Valley,Paul Hobbs,"oak, black fruit, earth, non oak, spices, red fruit, microbio, dried fruit, vegetal, floral, citrus fruit, tree fruit","Beef, Lamb, Game (deer, venison), Mature and hard cheese, Poultry",Cabernet Sauvignon
Pellet Estate Cabernet Sauvignon 2015,United States,89.99,4.2,images/Pellet_Estate_Cabernet_Sauvignon_2015.png,images/bottle_Pellet_Estate_Cabernet_Sauvignon_2015.png,Napa Valley,Pellet Estate,"oak, black fruit, earth, non oak, spices, red fruit, floral, microbio, dried fruit, tree fruit, vegetal","Beef, Lamb, Game (deer, venison), Mature and hard cheese, Poultry",Cabernet Sauvignon
Red Theory Cabernet Sauvignon 2021,United States,15.97,3.6,images/Red_Theory_Cabernet_Sauvignon_2021.png,images/bottle_Red_Theory_Cabernet_Sauvignon_2021.png,Columbia Valley,Red Theory,"black fruit, oak, red fruit, non oak, spices, earth, microbio, dried fruit, vegetal, floral","Beef, Lamb, Game (deer, venison), Poultry",Cabernet Sauvignon
Mackey Vineyards Cabernet Sauvignon 2016,United States,32,4.1,images/Mackey_Vineyards_Cabernet_Sauvignon_2016.jpg,,Columbia Valley,Mackey Vineyards,"earth, non oak, oak, black fruit, spices","Beef, Lamb, Game (deer, venison), Poultry",Cabernet Sauvignon
Sheridan Vineyard Cabernet Sauvignon 2021,United States,38.97,4.1,images/Sheridan_Vineyard_Cabernet_Sauvignon_2021.png,images/bottle_Sheridan_Vineyard_Cabernet_Sauvignon_2021.png,Yakima Valley,Sheridan Vineyard,"oak, black fruit, earth, non oak, spices, red fruit, microbio, floral, vegetal, dried fruit, citrus fruit","Beef, Lamb, Game (deer, venison), Poultry",Cabernet Sauvignon
Hourglass Blueline Estate Cabernet Sauvignon 2021,United States,166.99,4.6,images/Hourglass_Blueline_Estate_Cabernet_Sauvignon_2021.png,images/bottle_Hourglass_Blueline_Estate_Cabernet_Sauvigno.png,Calistoga,Hourglass,"black fruit, oak, non oak, earth, spices, red fruit, microbio, floral, vegetal, dried fruit, citrus fruit, tree fruit","Beef, Lamb, Game (deer, venison), Mature and hard cheese, Poultry",Cabernet Sauvignon
Turnbull Reserve Cabernet Sauvignon 2021,United States,110,4.3,images/Turnbull_Reserve_Cabernet_Sauvignon_2021.png,images/bottle_Turnbull_Reserve_Cabernet_Sauvignon_2021.png,Oakville,Turnbull,"black fruit, oak, earth, red fruit, non oak, spices, dried fruit, floral, vegetal, microbio, citrus fruit, tree fruit","Beef, Lamb, Game (deer, venison), Mature and hard cheese, Poultry",Cabernet Sauvignon
Herzog Lineage Cabernet Sauvignon 2022,United States,19.99,3.7,images/Herzog_Lineage_Cabernet_Sauvignon_2022.png,images/bottle_Herzog_Lineage_Cabernet_Sauvignon_2022.png,Paso Robles,Herzog,"black fruit, oak, red fruit, earth, non oak, spices, tree fruit, microbio","Beef, Lamb, Game (deer, venison)",Cabernet Sauvignon
Sketchbook Cabernet Sauvignon 2020,United States,14,3.7,images/Sketchbook_Cabernet_Sauvignon_2020.png,images/bottle_Sketchbook_Cabernet_Sauvignon_2020.png,Mendocino County,Sketchbook,"oak, red fruit, non oak, black fruit, earth, spices, microbio, dried fruit, vegetal, tropical fruit, tree fruit","Beef, Lamb, Game (deer, venison), Poultry",Cabernet Sauvignon
Altamura Cabernet Sauvignon 2019,United States,129.99,4.4,images/Altamura_Cabernet_Sauvignon_2019.png,images/bottle_Altamura_Cabernet_Sauvignon_2019.png,Napa Valley,Altamura,"oak, black fruit, earth, non oak, red fruit, spices, dried fruit, microbio, tree fruit, floral, vegetal, citrus fruit","Beef, Lamb, Game (deer, venison), Mature and hard cheese, Poultry",Cabernet Sauvignon
Vineyard 29 Aida Estate Cabernet Sauvignon 2018,United States,299.99,4.6,images/Vineyard_29_Aida_Estate_Cabernet_Sauvignon_2018.png,images/bottle_Vineyard_29_Aida_Estate_Cabernet_Sauvignon_.png,Napa Valley,Vineyard 29,"black fruit, oak, earth, non oak, red fruit, spices, microbio, dried fruit, floral, tropical fruit, citrus fruit","Beef, Lamb, Game (deer, venison), Mature and hard cheese, Poultry",Cabernet Sauvignon
Viña Emiliana Man Cab Sauvignon 2020,Mexico,45.99,4.2,images/Via_Emiliana_Man_Cab_Sauvignon_2020.jpg,,Valle de Guadalupe,Viña Emiliana,,"Beef, Lamb, Poultry",Cabernet Sauvignon
Gramercy Cellars Lower East Cabernet Sauvignon 2020,United States,29.99,4.4,images/Gramercy_Cellars_Lower_East_Cabernet_Sauvignon_202.png,images/bottle_Gramercy_Cellars_Lower_East_Cabernet_Sauvig.png,Columbia Valley,Gramercy Cellars,"oak, black fruit, earth, non oak, spices, red fruit, dried fruit, vegetal, microbio, floral, tree fruit, citrus fruit","Beef, Lamb, Game (deer, venison), Poultry",Cabernet Sauvignon
McPrice Myers Beautiful Earth Cabernet Sauvignon 2021,United States,60,4.3,images/McPrice_Myers_Beautiful_Earth_Cabernet_Sauvignon_2.jpg,,Paso Robles,McPrice Myers,,"Beef, Lamb, Game (deer, venison)",Cabernet Sauvignon
Tamber Bey Deux Chevaux Vineyard Cabernet Sauvignon 2021,United States,79.99,4.4,images/Tamber_Bey_Deux_Chevaux_Vineyard_Cabernet_Sauvigno.png,images/bottle_Tamber_Bey_Deux_Chevaux_Vineyard_Cabernet_S.png,Yountville,Tamber Bey,"oak, black fruit, earth, non oak, spices, red fruit, microbio, dried fruit, floral, citrus fruit, tree fruit, vegetal","Beef, Lamb, Game (deer, venison), Mature and hard cheese, Poultry",Cabernet Sauvignon
