name,country,price,rating,image_url,bottle_image_url,region,winery,flavor,food_pairing,grapes
Château de Beaucastel Châteauneuf-du-Pape 1968,France,565,4.4,images/Chteau_de_Beaucastel_Chteauneuf_du_Pape_1968.png,images/bottle_Chteau_de_Beaucastel_Chteauneuf_du_Pape_196.png,Châteauneuf-du-Pape,Château de Beaucastel,"earth, oak, black fruit, red fruit, spices, non oak, dried fruit, microbio, floral, vegetal, citrus fruit, tree fruit, tropical fruit","Lamb, Pork, Poultry","Shiraz/Syrah, Mourvedre, Counoise, Cinsaut, Vaccareze, Muscardin"
Ogier L'Oratoire des Papes Châteauneuf-du-Pape 1978,France,275,4.2,images/Ogier_LOratoire_des_Papes_Chteauneuf_du_Pape_1978.png,images/bottle_Ogier_LOratoire_des_Papes_Chteauneuf_du_Pap.png,Châteauneuf-du-Pape,Ogier,"oak, red fruit, black fruit, spices, earth, non oak, microbio, dried fruit, floral, vegetal, tree fruit, citrus fruit, tropical fruit","Lamb, Pork, Poultry","Shiraz/Syrah, Mourvedre, Counoise, Cinsaut, Vaccareze, Muscardin"
Altos del Plata Malbec 2024,Argentina,11.99,3.5,images/Altos_del_Plata_Malbec_2024.png,images/bottle_Altos_del_Plata_Malbec_2024.png,Lujan de Cuyo,Altos del Plata,"oak, black fruit, red fruit, earth, non oak, spices, microbio, floral, dried fruit, vegetal, citrus fruit, tropical fruit, tree fruit","Beef, Lamb",Malbec
Domaine du Vieux Télégraphe Châteauneuf-du-Pape (La Crau) 1986,France,285,4.3,images/Domaine_du_Vieux_Tlgraphe_Chteauneuf_du_Pape_La_Cr.png,images/bottle_Domaine_du_Vieux_Tlgraphe_Chteauneuf_du_Pap.png,Châteauneuf-du-Pape,Domaine du Vieux Télégraphe,"earth, oak, red fruit, black fruit, spices, non oak, dried fruit, microbio, floral, vegetal, citrus fruit, tree fruit, tropical fruit","Lamb, Pork, Poultry","Shiraz/Syrah, Mourvedre, Counoise, Cinsaut, Vaccareze, Muscardin"
Domaine de Beaurenard Châteauneuf-du-Pape 1979,France,165,4.1,images/Domaine_de_Beaurenard_Chteauneuf_du_Pape_1979.png,images/bottle_Domaine_de_Beaurenard_Chteauneuf_du_Pape_19.png,Châteauneuf-du-Pape,Domaine de Beaurenard,"oak, earth, black fruit, red fruit, non oak, spices, dried fruit, microbio, floral, tree fruit, vegetal, citrus fruit, tropical fruit","Lamb, Pork, Poultry","Shiraz/Syrah, Mourvedre, Counoise, Cinsaut, Vaccareze, Muscardin"
Le Vieux Donjon Châteauneuf-du-Pape 1990,France,277,4.2,images/Le_Vieux_Donjon_Chteauneuf_du_Pape_1990.png,images/bottle_Le_Vieux_Donjon_Chteauneuf_du_Pape_1990.png,Châteauneuf-du-Pape,Le Vieux Donjon,"oak, earth, black fruit, spices, red fruit, non oak, microbio, dried fruit, floral, vegetal, citrus fruit, tree fruit","Lamb, Pork, Poultry","Shiraz/Syrah, Mourvedre, Counoise, Cinsaut, Vaccareze, Muscardin"
Bosquet des Papes Châteauneuf-du-Pape (Cuvée Tradition) 1986,France,118,4.1,images/Bosquet_des_Papes_Chteauneuf_du_Pape_Cuve_Traditio.png,images/bottle_Bosquet_des_Papes_Chteauneuf_du_Pape_Cuve_T.png,Châteauneuf-du-Pape,Bosquet des Papes,"oak, earth, red fruit, non oak, spices, black fruit, microbio, dried fruit, floral, vegetal, citrus fruit, tree fruit, tropical fruit","Lamb, Pork, Poultry","Shiraz/Syrah, Mourvedre, Counoise, Cinsaut, Vaccareze, Muscardin"
Château Pigoudet Première Rosé 2024,France,17.99,3.9,images/Chteau_Pigoudet_Premire_Ros_2024.png,images/bottle_Chteau_Pigoudet_Premire_Ros_2024.png,Coteaux d'Aix-en-Provence,Château Pigoudet,"red fruit, tree fruit, citrus fruit, earth, microbio, vegetal, oak, floral, spices, tropical fruit, non oak, black fruit, dried fruit","Pork, Shellfish, Vegetarian, Poultry","Shiraz/Syrah, Grenache, Cinsault"
El Enemigo Malbec 2019,Argentina,29.99,4.3,images/El_Enemigo_Malbec_2019.png,images/bottle_El_Enemigo_Malbec_2019.png,Mendoza,El Enemigo,"oak, black fruit, non oak, earth, spices, red fruit, microbio, floral, dried fruit, vegetal, citrus fruit, tree fruit, tropical fruit","Beef, Lamb, Pork",Malbec
Altos Las Hormigas Malbec Reserve 2022,Argentina,23,3.8,images/Altos_Las_Hormigas_Malbec_Reserve_2022.png,images/bottle_Altos_Las_Hormigas_Malbec_Reserve_2022.png,Uco Valley,Altos Las Hormigas,"black fruit, oak, earth, non oak, spices, red fruit, microbio, floral, vegetal, citrus fruit, dried fruit, tropical fruit, tree fruit","Beef, Lamb",Malbec
Olema Côtes de Provence 2024,France,13.99,3.9,images/Olema_Ctes_de_Provence_2024.png,images/bottle_Olema_Ctes_de_Provence_2024.png,Côtes de Provence,Olema,"red fruit, tree fruit, citrus fruit, earth, microbio, floral, vegetal, spices, oak, tropical fruit, non oak, black fruit, dried fruit","Pork, Shellfish, Vegetarian, Poultry","Shiraz/Syrah, Grenache, Cinsault"
Zaha Toko Vineyard Malbec 2021,Argentina,29.99,4.1,images/Zaha_Toko_Vineyard_Malbec_2021.png,images/bottle_Zaha_Toko_Vineyard_Malbec_2021.png,Paraje Altamira,Zaha,"black fruit, oak, earth, spices, non oak, red fruit, microbio, dried fruit, floral, tree fruit, vegetal","Beef, Lamb",Malbec
Alamos Malbec 2023,Argentina,10.69,3.8,images/Alamos_Malbec_2023.png,images/bottle_Alamos_Malbec_2023.png,Mendoza,Alamos,"black fruit, oak, red fruit, earth, non oak, spices, microbio, dried fruit, floral, vegetal, citrus fruit, tree fruit, tropical fruit","Beef, Lamb, Pork",Malbec
Zolo Malbec 2024,Argentina,14.99,3.6,images/Zolo_Malbec_2024.png,images/bottle_Zolo_Malbec_2024.png,Mendoza,Zolo,"oak, black fruit, red fruit, spices, earth, non oak, microbio, floral, dried fruit, citrus fruit, vegetal, tree fruit, tropical fruit","Beef, Lamb, Pork",Malbec
Casillero del Diablo Carmenere (Reserva) 2021,Chile,11.99,3.8,images/Casillero_del_Diablo_Carmenere_Reserva_2021.png,images/bottle_Casillero_del_Diablo_Carmenere_Reserva_2021.png,Rapel Valley,Casillero del Diablo,"oak, black fruit, non oak, earth, red fruit, spices, vegetal, microbio, dried fruit, floral, citrus fruit, tree fruit, tropical fruit","Beef, Pasta, Lamb, Poultry",Carménère
San Gregorio Tres Ojos Garnacha 2022,Spain,11.98,3.8,images/San_Gregorio_Tres_Ojos_Garnacha_2022.png,images/bottle_San_Gregorio_Tres_Ojos_Garnacha_2022.png,Calatayud,San Gregorio,"red fruit, earth, oak, black fruit, spices, non oak, microbio, dried fruit, vegetal, tree fruit, floral","Beef, Pasta, Lamb, Game (deer, venison), Poultry",Grenache
Cal Pla Priorat 2004,Spain,63,4,images/Cal_Pla_Priorat_2004.png,images/bottle_Cal_Pla_Priorat_2004.png,Priorat,Cal Pla,"oak, black fruit, earth, non oak, spices, red fruit, microbio, dried fruit, tree fruit, floral, citrus fruit, vegetal, tropical fruit","Beef, Lamb, Game (deer, venison), Poultry","Shiraz/Syrah, Cabernet Sauvignon, Grenache, Carignan"
Santa Margherita Pinot Grigio Valdadige 2022,Italy,13.99,4,images/Santa_Margherita_Pinot_Grigio_Valdadige_2022.png,images/bottle_Santa_Margherita_Pinot_Grigio_Valdadige_202.png,Valdadige,Santa Margherita,"tree fruit, citrus fruit, earth, vegetal, microbio, oak, tropical fruit, non oak, floral, spices, red fruit, black fruit, dried fruit","Shellfish, Vegetarian, Mushrooms, Aperitif",Pinot Grigio
Catena Malbec 2021,Argentina,19.99,4.1,images/Catena_Malbec_2021.png,images/bottle_Catena_Malbec_2021.png,Mendoza,Catena,"oak, black fruit, non oak, earth, spices, red fruit, microbio, floral, dried fruit, vegetal, tree fruit, citrus fruit, tropical fruit","Beef, Lamb, Pork",Malbec
Domaine du Cayron Gigondas 1990,France,135,4,images/Domaine_du_Cayron_Gigondas_1990.png,images/bottle_Domaine_du_Cayron_Gigondas_1990.png,Gigondas,Domaine du Cayron,"black fruit, oak, earth, red fruit, spices, non oak, dried fruit, floral, vegetal, microbio, tree fruit, citrus fruit, tropical fruit","Beef, Lamb, Game (deer, venison)","Shiraz/Syrah, Grenache, Mourvedre"
Vallisto Malbec 2021,Argentina,20.99,3.9,images/Vallisto_Malbec_2021.png,images/bottle_Vallisto_Malbec_2021.png,Cafayate Valley,Vallisto,"oak, black fruit, non oak, earth, red fruit, spices, microbio, dried fruit, floral, citrus fruit, tropical fruit, vegetal","Beef, Lamb",Malbec
Mezzacorona Pinot Grigio Trentino 2018,Italy,12.98,3.7,images/Mezzacorona_Pinot_Grigio_Trentino_2018.png,images/bottle_Mezzacorona_Pinot_Grigio_Trentino_2018.png,Trentino,Mezzacorona,"tree fruit, citrus fruit, earth, vegetal, microbio, oak, tropical fruit, floral, non oak, spices, red fruit, black fruit, dried fruit","Shellfish, Vegetarian, Mushrooms, Aperitif",Pinot Grigio
Domaine Font de Michelle Châteauneuf-du-Pape 1990,France,186,4.1,images/Domaine_Font_de_Michelle_Chteauneuf_du_Pape_1990.png,images/bottle_Domaine_Font_de_Michelle_Chteauneuf_du_Pape.png,Châteauneuf-du-Pape,Domaine Font de Michelle,"oak, black fruit, earth, red fruit, spices, non oak, microbio, dried fruit, tree fruit, floral, vegetal, citrus fruit, tropical fruit","Lamb, Pork, Poultry","Shiraz/Syrah, Mourvedre, Counoise, Cinsaut, Vaccareze, Muscardin"
Viña Cobos Felino Malbec 2022,Argentina,22.99,4,images/Via_Cobos_Felino_Malbec_2022.png,images/bottle_Via_Cobos_Felino_Malbec_2022.png,Mendoza,Viña Cobos,"oak, black fruit, red fruit, earth, non oak, spices, microbio, floral, dried fruit, vegetal, tree fruit, citrus fruit, tropical fruit","Beef, Lamb, Pork",Malbec
Ca' Bolani Pinot Grigio 2024,Italy,11.99,3.7,images/Ca_Bolani_Pinot_Grigio_2024.png,images/bottle_Ca_Bolani_Pinot_Grigio_2024.png,Friuli Aquileia,Ca' Bolani,"tree fruit, citrus fruit, earth, microbio, oak, tropical fruit, vegetal, floral, non oak, spices, red fruit","Shellfish, Vegetarian, Mushrooms, Aperitif",Pinot Grigio
Bodega Marañones Marañones Garnacha 2022,Spain,35.99,3.7,images/Bodega_Maraones_Maraones_Garnacha_2022.png,images/bottle_Bodega_Maraones_Maraones_Garnacha_2022.png,Madrid,Bodega Marañones,"red fruit, oak, spices, earth, non oak, black fruit, floral, microbio, vegetal, dried fruit, tropical fruit, tree fruit","Beef, Pasta, Lamb, Game (deer, venison), Poultry",Grenache
Catena Appellation Lunlunta Malbec 2018,Argentina,28.99,4.2,images/Catena_Appellation_Lunlunta_Malbec_2018.png,images/bottle_Catena_Appellation_Lunlunta_Malbec_2018.png,Lunlunta,Catena,"oak, black fruit, non oak, spices, earth, red fruit, floral, microbio, dried fruit, vegetal, tree fruit, citrus fruit","Beef, Lamb, Pork",Malbec
Château Rayas Pignan Châteauneuf-du-Pape Réserve Rouge 1994,France,400,4.6,images/Chteau_Rayas_Pignan_Chteauneuf_du_Pape_Rserve_Roug.png,images/bottle_Chteau_Rayas_Pignan_Chteauneuf_du_Pape_Rser.png,Châteauneuf-du-Pape,Château Rayas,"red fruit, earth, spices, oak, black fruit, non oak, dried fruit, microbio, floral, citrus fruit, vegetal, tropical fruit","Lamb, Pork, Poultry","Shiraz/Syrah, Mourvedre, Counoise, Cinsaut, Vaccareze, Muscardin"
Pegau Châteauneuf-du-Pape Cuvée Laurence 1990,France,930,4.3,images/Pegau_Chteauneuf_du_Pape_Cuve_Laurence_1990.png,images/bottle_Pegau_Chteauneuf_du_Pape_Cuve_Laurence_1990.png,Châteauneuf-du-Pape,Pegau,"earth, oak, black fruit, spices, non oak, red fruit, floral, dried fruit, microbio, vegetal, citrus fruit, tree fruit, tropical fruit","Lamb, Pork, Poultry","Shiraz/Syrah, Mourvedre, Counoise, Cinsaut, Vaccareze, Muscardin"
Álvaro Palacios Camins del Priorat 2022,Spain,32,4.1,images/lvaro_Palacios_Camins_del_Priorat_2022.png,images/bottle_lvaro_Palacios_Camins_del_Priorat_2022.png,Priorat,Álvaro Palacios,"oak, black fruit, red fruit, earth, non oak, spices, floral, dried fruit, microbio, vegetal, citrus fruit, tree fruit, tropical fruit","Beef, Lamb, Game (deer, venison), Poultry","Shiraz/Syrah, Cabernet Sauvignon, Grenache, Carignan"
Gemma di Luna Pinot Grigio 2023,Italy,12.99,3.9,images/Gemma_di_Luna_Pinot_Grigio_2023.png,images/bottle_Gemma_di_Luna_Pinot_Grigio_2023.png,delle Venezie,Gemma di Luna,"tree fruit, citrus fruit, floral, tropical fruit, earth, vegetal, microbio, oak, non oak, spices, dried fruit, red fruit","Shellfish, Vegetarian, Mushrooms, Aperitif",Pinot Grigio
Pelleriti Priore Signature Malbec 2018,Argentina,21.13,4.1,images/Pelleriti_Priore_Signature_Malbec_2018.png,images/bottle_Pelleriti_Priore_Signature_Malbec_2018.png,Uco Valley,Pelleriti Priore,"oak, black fruit, earth, non oak, spices, red fruit, microbio, dried fruit, floral, tree fruit, vegetal, citrus fruit","Beef, Lamb",Malbec
Mascota Vineyards Eccentric Malbec 2024,Argentina,11.97,4,images/Mascota_Vineyards_Eccentric_Malbec_2024.jpg,,Mendoza,Mascota Vineyards,"black fruit, oak, red fruit, non oak, spices, earth, dried fruit, vegetal, tree fruit, citrus fruit, microbio, floral","Beef, Lamb, Pork",Malbec
Abbazia di Novacella (Stiftskellerei Neustift) Pinot Grigio 2024,Italy,24.99,3.9,images/Abbazia_di_Novacella_Stiftskellerei_Neustift_Pinot.png,images/bottle_Abbazia_di_Novacella_Stiftskellerei_Neustif.png,Südtirol - Alto Adige,Abbazia di Novacella (Stiftskellerei Neustift),"tree fruit, citrus fruit, earth, microbio, tropical fruit, oak, vegetal, floral, non oak, spices, red fruit","Shellfish, Vegetarian, Mushrooms, Aperitif",Pinot Grigio
Freixenet Cuvée Especial Ice Rosé,Spain,14.99,3.8,images/Freixenet_Cuve_Especial_Ice_Ros.png,images/bottle_Freixenet_Cuve_Especial_Ice_Ros.png,Cava,Freixenet,"red fruit, tree fruit, citrus fruit, black fruit, tropical fruit, earth, microbio, spices, floral, dried fruit, vegetal, non oak","Shellfish, Appetizers and snacks, Lean fish, Aperitif, Cured Meat","Xarel-lo, Parellada, Trepat, Viura"
Sterling Vineyards Vintner's Collection Pinot Grigio 2022,United States,11.99,3.6,images/Sterling_Vineyards_Vintners_Collection_Pinot_Grigi.png,images/bottle_Sterling_Vineyards_Vintners_Collection_Pino.png,Central Coast,Sterling Vineyards,"tree fruit, citrus fruit, earth, vegetal, microbio, oak, floral, tropical fruit, non oak, spices, black fruit, red fruit","Pork, Spicy food, Mushrooms, Cured Meat",Pinot Gris
Viña Cobos Vinculum Malbec 2018,Argentina,78,4.5,images/Via_Cobos_Vinculum_Malbec_2018.png,images/bottle_Via_Cobos_Vinculum_Malbec_2018.png,Mendoza,Viña Cobos,"oak, black fruit, non oak, red fruit, spices, earth, floral, dried fruit","Beef, Lamb, Pork",Malbec
I Lauri Tavo Pinot Grigio delle Venezie 2024,Italy,11.99,3.8,images/I_Lauri_Tavo_Pinot_Grigio_delle_Venezie_2024.png,images/bottle_I_Lauri_Tavo_Pinot_Grigio_delle_Venezie_202.png,delle Venezie,I Lauri,"tree fruit, citrus fruit, earth, tropical fruit, microbio, oak, vegetal, spices, floral, non oak, red fruit","Shellfish, Vegetarian, Mushrooms, Aperitif",Pinot Grigio
Zuccardi Serie A Malbec 2023,Argentina,18,4,images/Zuccardi_Serie_A_Malbec_2023.png,images/bottle_Zuccardi_Serie_A_Malbec_2023.png,Uco Valley,Zuccardi,"black fruit, oak, red fruit, earth, non oak, spices, microbio, dried fruit, floral, vegetal, citrus fruit, tree fruit, tropical fruit","Beef, Lamb",Malbec
Bodega Noemìa A Lisa 2021,Argentina,17.99,4.1,images/Bodega_Noema_A_Lisa_2021.png,images/bottle_Bodega_Noema_A_Lisa_2021.png,Rio Negro,Bodega Noemìa,"oak, black fruit, earth, red fruit, non oak, spices, floral, microbio, dried fruit, vegetal, tree fruit, citrus fruit, tropical fruit","Beef, Lamb, Poultry",Malbec
Santi Sortesele Pinot Grigio 2023,Italy,11.99,3.6,images/Santi_Sortesele_Pinot_Grigio_2023.png,images/bottle_Santi_Sortesele_Pinot_Grigio_2023.png,delle Venezie,Santi,"tree fruit, citrus fruit, earth, oak, microbio, spices, vegetal, non oak, floral, red fruit, black fruit, tropical fruit, dried fruit","Shellfish, Vegetarian, Mushrooms, Aperitif",Pinot Grigio
Crios Malbec 2022,Argentina,11.99,3.8,images/Crios_Malbec_2022.png,images/bottle_Crios_Malbec_2022.png,Uco Valley,Crios,"oak, black fruit, red fruit, earth, non oak, spices, floral, microbio, dried fruit, citrus fruit, tree fruit, vegetal, tropical fruit","Beef, Lamb",Malbec
Red Schooner Voyage 11,Argentina,99.99,4.3,images/Red_Schooner_Voyage_11.png,images/bottle_Red_Schooner_Voyage_11.png,Mendoza,Red Schooner,"oak, black fruit, non oak, red fruit, spices, earth","Beef, Lamb, Pork",Malbec
R. López de Heredia Viña Tondonia Gran Reserva 1978,Spain,549.99,4.4,images/R_Lpez_de_Heredia_Via_Tondonia_Gran_Reserva_1978.png,images/bottle_R_Lpez_de_Heredia_Via_Tondonia_Gran_Reserva.png,Rioja,R. López de Heredia,"oak, earth, non oak, red fruit, spices, black fruit, microbio, dried fruit, citrus fruit, floral, vegetal, tree fruit, tropical fruit","Beef, Lamb, Veal, Poultry","Tempranillo, Graciano, Garnacha"
Bodegas Roda Roda Reserva Rioja 2019,Spain,59.99,4.2,images/Bodegas_Roda_Roda_Reserva_Rioja_2019.png,images/bottle_Bodegas_Roda_Roda_Reserva_Rioja_2019.png,Rioja,Bodegas Roda,"oak, non oak, earth, black fruit, red fruit, spices, microbio, dried fruit, floral, vegetal, citrus fruit, tree fruit","Beef, Lamb, Veal, Poultry","Tempranillo, Graciano, Garnacha"
Folk Machine Parts & Labor 2023,United States,22,3.7,images/Folk_Machine_Parts_Labor_2023.png,images/bottle_Folk_Machine_Parts_Labor_2023.png,California,Folk Machine,"red fruit, oak, earth, black fruit, spices, non oak, microbio, citrus fruit, tree fruit, vegetal, floral, dried fruit, tropical fruit","Beef, Pork, Poultry, Any junk food will do",Carignan
Red Schooner Voyage 8,Argentina,43.99,4.3,images/Red_Schooner_Voyage_8.png,images/bottle_Red_Schooner_Voyage_8.png,Mendoza,Red Schooner,"oak, black fruit, earth, non oak, red fruit, spices, dried fruit, microbio, floral, tree fruit, citrus fruit, vegetal","Beef, Lamb, Pork",Malbec
Cavit Collection Pinot Grigio 2016,Italy,10.98,3.6,images/Cavit_Collection_Pinot_Grigio_2016.png,images/bottle_Cavit_Collection_Pinot_Grigio_2016.png,Valdadige,Cavit,"tree fruit, citrus fruit, earth, vegetal, microbio, oak, tropical fruit, floral, spices, non oak, red fruit, dried fruit, black fruit","Shellfish, Vegetarian, Mushrooms, Aperitif",Pinot Grigio
Domaine de Paris Côtes de Provence 2024,France,17.99,3.8,images/Domaine_de_Paris_Ctes_de_Provence_2024.png,images/bottle_Domaine_de_Paris_Ctes_de_Provence_2024.png,Côtes de Provence,Domaine de Paris,"red fruit, tree fruit, citrus fruit, earth, microbio, spices, vegetal, oak, tropical fruit, non oak, floral","Pork, Shellfish, Vegetarian, Poultry","Shiraz/Syrah, Grenache, Cinsault"
El Libre Malbec 2024,Argentina,12.99,3.7,images/El_Libre_Malbec_2024.png,images/bottle_El_Libre_Malbec_2024.png,Mendoza,El Libre,"black fruit, oak, red fruit, earth, non oak, spices, microbio, dried fruit, floral, vegetal","Beef, Lamb, Pork",Malbec
Santo Tomás Grenache Rosado ST 2023,Mexico,22.49,3.6,images/Santo_Toms_Grenache_Rosado_ST_2023.png,images/bottle_Santo_Toms_Grenache_Rosado_ST_2023.png,Baja California,Santo Tomás,"red fruit, tree fruit, tropical fruit, citrus fruit, earth, microbio, floral, non oak, oak, spices, vegetal",,
Borsao Bodegas Tres Picos Garnacha 2021,Spain,19.99,4,images/Borsao_Bodegas_Tres_Picos_Garnacha_2021.png,images/bottle_Borsao_Bodegas_Tres_Picos_Garnacha_2021.png,Campo de Borja,Borsao Bodegas,"oak, black fruit, red fruit, non oak, spices, earth, microbio, dried fruit, floral, vegetal, citrus fruit, tree fruit, tropical fruit","Beef, Pasta, Lamb, Game (deer, venison), Poultry",Grenache
Santa Carolina Reserva Carmenère (Cachapoal Estate) 2016,Chile,10.99,3.6,images/Santa_Carolina_Reserva_Carmenre_Cachapoal_Estate_2.png,images/bottle_Santa_Carolina_Reserva_Carmenre_Cachapoal_E.png,Cachapoal Valley,Santa Carolina,"oak, spices, earth, black fruit, non oak, red fruit, vegetal, microbio, dried fruit, floral, citrus fruit, tree fruit","Beef, Pasta, Lamb, Poultry",Carménère
Terrazas de los Andes Reserva Malbec 2022,Argentina,17.99,3.8,images/Terrazas_de_los_Andes_Reserva_Malbec_2022.png,images/bottle_Terrazas_de_los_Andes_Reserva_Malbec_2022.png,Lujan de Cuyo,Terrazas de los Andes,"oak, black fruit, non oak, red fruit, spices, earth, dried fruit, microbio, floral, vegetal, tree fruit, citrus fruit, tropical fruit","Beef, Lamb",Malbec
Alhambra Single Vineyard Reserva Malbec 2022,Argentina,10.99,3.7,images/Alhambra_Single_Vineyard_Reserva_Malbec_2022.png,images/bottle_Alhambra_Single_Vineyard_Reserva_Malbec_202.png,La Consulta,Alhambra,"black fruit, earth, oak, red fruit, spices, non oak, microbio, citrus fruit, vegetal, floral, dried fruit, tree fruit","Beef, Lamb",Malbec
Familia Torres San Valentín Garnacha 2015,Spain,31.99,3.8,images/Familia_Torres_San_Valentn_Garnacha_2015.png,images/bottle_Familia_Torres_San_Valentn_Garnacha_2015.png,Catalunya,Familia Torres,"red fruit, oak, black fruit, spices, non oak, earth, microbio, floral, dried fruit, tree fruit, vegetal, citrus fruit, tropical fruit","Beef, Pasta, Lamb, Game (deer, venison), Poultry",Grenache
Piattelli Malbec Reserve 2020,Argentina,17.99,4,images/Piattelli_Malbec_Reserve_2020.png,images/bottle_Piattelli_Malbec_Reserve_2020.png,Cafayate Valley,Piattelli,"oak, black fruit, earth, non oak, red fruit, spices, dried fruit, floral, microbio, vegetal, tree fruit, tropical fruit","Beef, Lamb",Malbec
Maison Saint Aix AIX Rosé 2023,France,17.99,4,images/Maison_Saint_Aix_AIX_Ros_2023.png,images/bottle_Maison_Saint_Aix_AIX_Ros_2023.png,Coteaux d'Aix-en-Provence,Maison Saint Aix,"red fruit, citrus fruit, tree fruit, earth, microbio, spices, floral, tropical fruit, oak, vegetal, non oak, black fruit, dried fruit","Pork, Shellfish, Vegetarian, Poultry","Shiraz/Syrah, Grenache, Cinsault"
La Posta Pizzella Malbec (Pizzella Family Vineyard) 2021,Argentina,17.99,4.1,images/La_Posta_Pizzella_Malbec_Pizzella_Family_Vineyard_.png,images/bottle_La_Posta_Pizzella_Malbec_Pizzella_Family_Vi.png,Mendoza,La Posta,"oak, black fruit, earth, red fruit, non oak, spices, microbio, dried fruit, floral, vegetal, citrus fruit, tree fruit","Beef, Lamb, Pork",Malbec
Scarbolo Pinot Grigio 2022,Italy,18.99,3.8,images/Scarbolo_Pinot_Grigio_2022.png,images/bottle_Scarbolo_Pinot_Grigio_2022.png,Friuli-Venezia Giulia,Scarbolo,"citrus fruit, tree fruit, earth, microbio, vegetal, oak, tropical fruit, non oak, spices, floral, red fruit","Shellfish, Vegetarian, Mushrooms, Aperitif",Pinot Grigio
Telmo Rodriguez Pegaso Granito 2021,Spain,69.99,3.9,images/Telmo_Rodriguez_Pegaso_Granito_2021.png,images/bottle_Telmo_Rodriguez_Pegaso_Granito_2021.png,Castilla y León,Telmo Rodriguez,"oak, earth, red fruit, spices, non oak, black fruit, floral, dried fruit, microbio, vegetal, tree fruit","Beef, Pasta, Lamb, Game (deer, venison), Poultry",Grenache
Álvaro Palacios Les Terrasses Laderas de Pizarra 2021,Spain,44.99,4.2,images/lvaro_Palacios_Les_Terrasses_Laderas_de_Pizarra_20.png,images/bottle_lvaro_Palacios_Les_Terrasses_Laderas_de_Piz.png,Priorat,Álvaro Palacios,"oak, black fruit, red fruit, earth, non oak, spices, floral, dried fruit, microbio, vegetal, citrus fruit, tree fruit, tropical fruit","Beef, Lamb, Game (deer, venison), Poultry","Shiraz/Syrah, Cabernet Sauvignon, Grenache, Carignan"
Conte Priola Gold Release Pinot Grigio Friuli Grave 2024,Italy,14.97,3.7,images/Conte_Priola_Gold_Release_Pinot_Grigio_Friuli_Grav.jpg,,Friuli Grave,Conte Priola,"tree fruit, citrus fruit, earth, tropical fruit, floral, vegetal, microbio, oak, spices, non oak","Shellfish, Vegetarian, Mushrooms, Aperitif",Pinot Grigio
Domaine de La Bastide - Vincent & Stéphanie Boyer Côtes-du-Rhône Rouge 2022,France,15.99,3.7,images/Domaine_de_La_Bastide_Vincent_Stphanie_Boyer_Ctes_.png,images/bottle_Domaine_de_La_Bastide_Vincent_Stphanie_Boye.png,Côtes-du-Rhône,Domaine de La Bastide - Vincent & Stéphanie Boyer,"red fruit, earth, black fruit, oak, non oak, spices, microbio, tree fruit, citrus fruit, dried fruit, floral, vegetal, tropical fruit","Beef, Lamb, Game (deer, venison)","Shiraz/Syrah, Grenache, Mourvedre"
Lagarde Malbec Primeras Viñas 2019,Argentina,39.99,4.1,images/Lagarde_Malbec_Primeras_Vias_2019.png,images/bottle_Lagarde_Malbec_Primeras_Vias_2019.png,Perdriel,Lagarde,"oak, black fruit, spices, non oak, earth, red fruit, dried fruit, floral, microbio, citrus fruit, vegetal, tree fruit","Beef, Lamb, Pork",Malbec
Terroir Al Límit Soc. Lda Historic Tinto 2018,Spain,31.99,3.9,images/Terroir_Al_Lmit_Soc_Lda_Historic_Tinto_2018.png,images/bottle_Terroir_Al_Lmit_Soc_Lda_Historic_Tinto_2018.png,Priorat,Terroir Al Límit Soc. Lda,"red fruit, earth, oak, spices, black fruit, non oak, microbio, floral, vegetal, tree fruit, citrus fruit, dried fruit","Beef, Lamb, Game (deer, venison), Poultry","Shiraz/Syrah, Cabernet Sauvignon, Grenache, Carignan"
Stella Pinot Grigio 2024,Italy,11.99,3.4,images/Stella_Pinot_Grigio_2024.png,images/bottle_Stella_Pinot_Grigio_2024.png,Sicilia,Stella,"tree fruit, citrus fruit, oak, vegetal, earth, microbio, spices, tropical fruit, non oak, black fruit, dried fruit","Shellfish, Vegetarian, Appetizers and snacks","Malvasia, Fiano, Catarratto Bianco"
Santa Margherita Pinot Grigio Alto Adige 2015,Italy,36.99,4.1,images/Santa_Margherita_Pinot_Grigio_Alto_Adige_2015.png,images/bottle_Santa_Margherita_Pinot_Grigio_Alto_Adige_20.png,Südtirol - Alto Adige,Santa Margherita,"citrus fruit, tree fruit, earth, vegetal, microbio, oak, tropical fruit, spices, floral, non oak, red fruit","Shellfish, Vegetarian, Mushrooms, Aperitif",Pinot Grigio
Barefoot Bubbly Pinot Grigio (Champagne),United States,10.99,3.5,images/Barefoot_Bubbly_Pinot_Grigio_Champagne.png,images/bottle_Barefoot_Bubbly_Pinot_Grigio_Champagne.png,California,Barefoot,"tree fruit, citrus fruit, tropical fruit, earth, floral, microbio, red fruit, oak, vegetal, non oak, black fruit, spices","Shellfish, Appetizers and snacks, Lean fish, Aperitif","Chardonnay, Pinot Noir"
Banfi Le Rime Pinot Grigio 2015,Italy,11.99,3.7,images/Banfi_Le_Rime_Pinot_Grigio_2015.png,images/bottle_Banfi_Le_Rime_Pinot_Grigio_2015.png,Toscana,Banfi,"citrus fruit, tree fruit, earth, vegetal, microbio, tropical fruit, oak, floral, non oak, red fruit, spices","Pasta, Vegetarian, Appetizers and snacks, Lean fish, Cured Meat","Trebbiano, Verdicchio"
Finca Abril Rapsodia Reserva Malbec 2021,Argentina,19.99,3.9,images/Finca_Abril_Rapsodia_Reserva_Malbec_2021.png,images/bottle_Finca_Abril_Rapsodia_Reserva_Malbec_2021.png,Uco Valley,Finca Abril,"oak, black fruit, spices, earth, non oak, red fruit, microbio, tree fruit, floral, vegetal","Beef, Lamb",Malbec
Château Vincens Origine Cahors 2022,France,23.99,3.8,images/Chteau_Vincens_Origine_Cahors_2022.png,images/bottle_Chteau_Vincens_Origine_Cahors_2022.png,Cahors,Château Vincens,"black fruit, oak, earth, non oak, spices, red fruit, floral, microbio, dried fruit","Beef, Lamb, Poultry",Malbec
Domaine de Marcoux Châteauneuf-du-Pape Vieilles Vignes 1990,France,497,4.4,images/Domaine_de_Marcoux_Chteauneuf_du_Pape_Vieilles_Vig.png,images/bottle_Domaine_de_Marcoux_Chteauneuf_du_Pape_Vieil.png,Châteauneuf-du-Pape,Domaine de Marcoux,"earth, oak, black fruit, non oak, red fruit, spices, dried fruit, floral, microbio, citrus fruit, vegetal, tree fruit, tropical fruit","Lamb, Pork, Poultry","Shiraz/Syrah, Mourvedre, Counoise, Cinsaut, Vaccareze, Muscardin"
Ogier Oratorio Gigondas 2019,France,24.99,3.8,images/Ogier_Oratorio_Gigondas_2019.png,images/bottle_Ogier_Oratorio_Gigondas_2019.png,Gigondas,Ogier,"black fruit, oak, earth, spices, red fruit, non oak, tree fruit, dried fruit, citrus fruit, floral, vegetal, microbio","Beef, Lamb, Game (deer, venison)","Shiraz/Syrah, Grenache, Mourvedre"
Domaine Bousquet Reserve Organic Malbec 2022,Argentina,14.99,3.9,images/Domaine_Bousquet_Reserve_Organic_Malbec_2022.png,images/bottle_Domaine_Bousquet_Reserve_Organic_Malbec_202.png,Tupungato,Domaine Bousquet,"oak, black fruit, earth, non oak, red fruit, spices, microbio, dried fruit, floral, vegetal, citrus fruit, tree fruit, tropical fruit","Beef, Lamb",Malbec
Smoking Loon Pinot Grigio 2022,United States,11.99,3.5,images/Smoking_Loon_Pinot_Grigio_2022.png,images/bottle_Smoking_Loon_Pinot_Grigio_2022.png,California,Smoking Loon,"tree fruit, citrus fruit, tropical fruit, earth, microbio, spices, vegetal, oak, non oak, black fruit, red fruit, floral","Pork, Spicy food, Mushrooms, Cured Meat",Pinot Gris
Long Shadows Julia's Dazzle Rosé 2024,United States,20,3.8,images/Long_Shadows_Julias_Dazzle_Ros_2024.png,images/bottle_Long_Shadows_Julias_Dazzle_Ros_2024.png,Horse Heaven Hills,Long Shadows,"red fruit, tree fruit, citrus fruit, microbio, tropical fruit, floral, earth, vegetal, non oak, oak, spices, dried fruit","Shellfish, Spicy food, Mature and hard cheese, Appetizers and snacks, Lean fish, Cured Meat",
Livio Felluga Pinot Grigio 2020,Italy,65,4.1,images/Livio_Felluga_Pinot_Grigio_2020.png,images/bottle_Livio_Felluga_Pinot_Grigio_2020.png,Colli Orientali del Friuli,Livio Felluga,"tree fruit, earth, citrus fruit, microbio, oak, vegetal, non oak, tropical fruit, spices, floral, red fruit, dried fruit, black fruit","Shellfish, Vegetarian, Mushrooms, Aperitif",Pinot Grigio
Los Vascos Cromas Carménère Gran Reserva 2020,Chile,19.99,4,images/Los_Vascos_Cromas_Carmnre_Gran_Reserva_2020.png,images/bottle_Los_Vascos_Cromas_Carmnre_Gran_Reserva_2020.png,Colchagua Valley,Los Vascos,"black fruit, oak, earth, spices, non oak, red fruit, vegetal, dried fruit, citrus fruit, floral, tree fruit, microbio, tropical fruit","Beef, Pasta, Lamb, Poultry",Carménère
Clos des Papes (Paul Avril) Châteauneuf-du-Pape 2006,France,145,4.4,images/Clos_des_Papes_Paul_Avril_Chteauneuf_du_Pape_2006.png,images/bottle_Clos_des_Papes_Paul_Avril_Chteauneuf_du_Pap.png,Châteauneuf-du-Pape,Clos des Papes (Paul Avril),"oak, red fruit, black fruit, earth, spices, non oak, dried fruit, microbio, floral, vegetal, citrus fruit, tree fruit, tropical fruit","Lamb, Pork, Poultry","Shiraz/Syrah, Mourvedre, Counoise, Cinsaut, Vaccareze, Muscardin"
Campo Viejo Garnacha 2021,Spain,11.99,3.7,images/Campo_Viejo_Garnacha_2021.png,images/bottle_Campo_Viejo_Garnacha_2021.png,Rioja,Campo Viejo,"red fruit, oak, black fruit, non oak, spices, earth, microbio, dried fruit, vegetal, floral, citrus fruit, tree fruit, tropical fruit","Beef, Lamb, Veal, Poultry","Tempranillo, Graciano, Garnacha"
Fleurs de Prairie Côtes de Provence 2022,France,16.99,4,images/Fleurs_de_Prairie_Ctes_de_Provence_2022.png,images/bottle_Fleurs_de_Prairie_Ctes_de_Provence_2022.png,Côtes de Provence,Fleurs de Prairie,"red fruit, citrus fruit, tree fruit, earth, floral, microbio, vegetal, oak, spices, tropical fruit, non oak, black fruit, dried fruit","Pork, Shellfish, Vegetarian, Poultry","Shiraz/Syrah, Grenache, Cinsault"
Malma - NQN Cholila Ranch Malbec 2022,Argentina,20.97,3.7,images/Malma_NQN_Cholila_Ranch_Malbec_2022.png,images/bottle_Malma_NQN_Cholila_Ranch_Malbec_2022.png,Patagonia,Malma - NQN,"oak, black fruit, non oak, earth, spices, red fruit, dried fruit, floral, microbio, vegetal","Beef, Lamb, Poultry",Malbec
Comando G La Bruja Avería 2021,Spain,39.99,3.3,images/Comando_G_La_Bruja_Avera_2021.png,images/bottle_Comando_G_La_Bruja_Avera_2021.png,Madrid,Comando G,"red fruit, spices, earth, oak, non oak, microbio, black fruit, dried fruit, citrus fruit, floral","Beef, Pasta, Lamb, Game (deer, venison), Poultry",Grenache
San Gregorio Single Vineyards Las Martas Garnacha 2021,Spain,12.97,4,images/San_Gregorio_Single_Vineyards_Las_Martas_Garnacha_.png,images/bottle_San_Gregorio_Single_Vineyards_Las_Martas_Ga.png,Calatayud,San Gregorio,"black fruit, red fruit, oak, earth, spices, non oak, dried fruit, microbio, floral, vegetal, citrus fruit, tree fruit, tropical fruit","Beef, Pasta, Lamb, Game (deer, venison), Poultry",Grenache
Artesano Organic White Malbec 2024,Argentina,15.99,3.6,images/Artesano_Organic_White_Malbec_2024.png,images/bottle_Artesano_Organic_White_Malbec_2024.png,Agrelo,Artesano,"citrus fruit, tree fruit, earth, tropical fruit, vegetal, spices, floral, non oak, microbio, black fruit, red fruit, oak","Pork, Shellfish, Mature and hard cheese, Vegetarian, Lean fish, Mild and soft cheese",
Era Boira' Pinot Grigio 2023,Italy,14.99,3.7,images/Era_Boira_Pinot_Grigio_2023.png,images/bottle_Era_Boira_Pinot_Grigio_2023.png,Veneto,Era,"tree fruit, citrus fruit, earth, vegetal, tropical fruit, microbio, oak","Shellfish, Vegetarian, Mushrooms, Aperitif",Pinot Grigio
Caro (Catena and Rothschild) Aruma Malbec 2022,Argentina,16.99,4,images/Caro_Catena_and_Rothschild_Aruma_Malbec_2022.png,images/bottle_Caro_Catena_and_Rothschild_Aruma_Malbec_202.png,Mendoza,Caro (Catena and Rothschild),"black fruit, oak, red fruit, non oak, spices, earth, microbio, floral, dried fruit, vegetal, tree fruit, citrus fruit, tropical fruit","Beef, Lamb, Pork",Malbec
Viña Cobos Bramare Malbec Uco Valley 2022,Argentina,49.99,4.4,images/Via_Cobos_Bramare_Malbec_Uco_Valley_2022.png,images/bottle_Via_Cobos_Bramare_Malbec_Uco_Valley_2022.png,Uco Valley,Viña Cobos,"oak, black fruit, non oak, earth, spices, red fruit, floral, microbio, dried fruit, vegetal, citrus fruit, tree fruit, tropical fruit","Beef, Lamb",Malbec
Isaac Fernandez Biutiful Cava Brut Rosé,Spain,13.99,3.9,images/Isaac_Fernandez_Biutiful_Cava_Brut_Ros.png,images/bottle_Isaac_Fernandez_Biutiful_Cava_Brut_Ros.png,Cava,Isaac Fernandez,"red fruit, citrus fruit, tree fruit, microbio, non oak, earth, oak, tropical fruit, vegetal, floral, black fruit, spices, dried fruit","Shellfish, Appetizers and snacks, Lean fish, Aperitif, Cured Meat","Xarel-lo, Parellada, Trepat, Viura"
Bieler Daisy Pinot Grigio 2024,United States,14.99,3.7,images/Bieler_Daisy_Pinot_Grigio_2024.png,images/bottle_Bieler_Daisy_Pinot_Grigio_2024.png,Washington,Bieler,"tree fruit, citrus fruit, earth, tropical fruit, floral, vegetal, microbio, spices, oak, red fruit, non oak","Shellfish, Poultry, Lean fish, Mild and soft cheese",Pinot Gris
Padrillos Malbec 2021,Argentina,11.99,3.9,images/Padrillos_Malbec_2021.png,images/bottle_Padrillos_Malbec_2021.png,Mendoza,Padrillos,"oak, black fruit, red fruit, earth, non oak, spices, microbio, floral, citrus fruit, vegetal, dried fruit, tree fruit, tropical fruit","Beef, Lamb, Pork",Malbec
Viña Cobos Bramare Malbec Lujan de Cuyo 2022,Argentina,49.99,4.3,images/Via_Cobos_Bramare_Malbec_Lujan_de_Cuyo_2022.png,images/bottle_Via_Cobos_Bramare_Malbec_Lujan_de_Cuyo_2022.png,Lujan de Cuyo,Viña Cobos,"oak, black fruit, non oak, spices, earth, red fruit, microbio, floral, dried fruit, vegetal, citrus fruit, tree fruit, tropical fruit","Beef, Lamb",Malbec
La Vieille Ferme Rosé 2023,France,19.99,3.7,images/La_Vieille_Ferme_Ros_2023.png,images/bottle_La_Vieille_Ferme_Ros_2023.png,Vin de France,La Vieille Ferme,"red fruit, citrus fruit, tree fruit, earth, microbio, oak, spices, non oak, black fruit, floral, vegetal, tropical fruit, dried fruit","Rich fish (salmon, tuna etc), Shellfish, Vegetarian, Lean fish, Mild and soft cheese",
Gramenon La Papesse 2023,France,54,3.9,images/Gramenon_La_Papesse_2023.jpg,,Vinsobres,Gramenon,"red fruit, oak, black fruit, earth, spices, non oak, dried fruit, floral, tropical fruit, vegetal, microbio","Beef, Lamb, Game (deer, venison)","Shiraz/Syrah, Grenache, Mourvedre"
Gramenon La Mémé Ceps Centenaires 2023,France,77,4.1,images/Gramenon_La_Mm_Ceps_Centenaires_2023.png,images/bottle_Gramenon_La_Mm_Ceps_Centenaires_2023.png,Côtes-du-Rhône,Gramenon,"red fruit, oak, earth, non oak, spices, black fruit, floral, microbio, tree fruit, vegetal, dried fruit, citrus fruit","Beef, Lamb, Game (deer, venison)","Shiraz/Syrah, Grenache, Mourvedre"
Cave de Ribeauville Pinot Gris 2022,France,18.99,3.6,images/Cave_de_Ribeauville_Pinot_Gris_2022.png,images/bottle_Cave_de_Ribeauville_Pinot_Gris_2022.png,Alsace,Cave de Ribeauville,"tree fruit, citrus fruit, microbio, tropical fruit, oak, spices, vegetal, earth","Pork, Spicy food, Mushrooms, Cured Meat",Pinot Gris
Pegau Cuvée Réservée Châteauneuf-du-Pape Rouge 2007,France,390,4.3,images/Pegau_Cuve_Rserve_Chteauneuf_du_Pape_Rouge_2007.png,images/bottle_Pegau_Cuve_Rserve_Chteauneuf_du_Pape_Rouge_.png,Châteauneuf-du-Pape,Pegau,"earth, oak, black fruit, non oak, red fruit, spices, microbio, floral, dried fruit, vegetal, citrus fruit, tree fruit, tropical fruit","Lamb, Pork, Poultry","Shiraz/Syrah, Mourvedre, Counoise, Cinsaut, Vaccareze, Muscardin"
Domaines Ott By.Ott Rosé 2023,France,27.99,4.1,images/Domaines_Ott_ByOtt_Ros_2023.png,images/bottle_Domaines_Ott_ByOtt_Ros_2023.png,Côtes de Provence,Domaines Ott,"red fruit, tree fruit, citrus fruit, earth, microbio, floral, spices, oak, tropical fruit, non oak, vegetal, black fruit, dried fruit","Pork, Shellfish, Vegetarian, Poultry","Shiraz/Syrah, Grenache, Cinsault"
Villa Puccini Pinot Grigio 2024,Italy,13.99,3.4,images/Villa_Puccini_Pinot_Grigio_2024.png,images/bottle_Villa_Puccini_Pinot_Grigio_2024.png,Terre Siciliane,Villa Puccini,"tree fruit, citrus fruit, earth, vegetal, tropical fruit, spices, microbio, non oak, oak","Shellfish, Vegetarian, Appetizers and snacks","Malvasia, Fiano, Catarratto Bianco"
Ruffino Il Ducale Pinot Grigio 2021,Italy,13.99,3.6,images/Ruffino_Il_Ducale_Pinot_Grigio_2021.png,images/bottle_Ruffino_Il_Ducale_Pinot_Grigio_2021.png,Friuli,Ruffino,"tree fruit, citrus fruit, tropical fruit, earth, spices, vegetal, microbio, floral, oak","Shellfish, Vegetarian, Mushrooms, Aperitif",Pinot Grigio
Perez Cruz Carmenère Limited Edition 2022,Chile,18.99,4.2,images/Perez_Cruz_Carmenre_Limited_Edition_2022.png,images/bottle_Perez_Cruz_Carmenre_Limited_Edition_2022.png,Maipo Valley,Perez Cruz,"oak, black fruit, spices, non oak, earth, red fruit, vegetal, microbio, dried fruit, floral, citrus fruit, tree fruit, tropical fruit","Beef, Pasta, Lamb, Poultry",Carménère
Alta Vista Estate Malbec (Premium) 2021,Argentina,19.99,3.9,images/Alta_Vista_Estate_Malbec_Premium_2021.png,images/bottle_Alta_Vista_Estate_Malbec_Premium_2021.png,Mendoza,Alta Vista,"oak, black fruit, spices, non oak, earth, red fruit, microbio, dried fruit, vegetal, floral, citrus fruit, tree fruit, tropical fruit","Beef, Lamb, Pork",Malbec
Muri-Gries Pinot Grigio Südtirol 2024,Italy,22,3.8,images/Muri_Gries_Pinot_Grigio_Sdtirol_2024.png,images/bottle_Muri_Gries_Pinot_Grigio_Sdtirol_2024.png,Südtirol - Alto Adige,Muri-Gries,"tree fruit, earth, citrus fruit, microbio, vegetal, oak, non oak, tropical fruit, spices, floral","Shellfish, Vegetarian, Mushrooms, Aperitif",Pinot Grigio
Vie di Romans Dessimis Pinot Grigio 2021,Italy,48.99,4.3,images/Vie_di_Romans_Dessimis_Pinot_Grigio_2021.png,images/bottle_Vie_di_Romans_Dessimis_Pinot_Grigio_2021.png,Friuli Isonzo,Vie di Romans,"tree fruit, citrus fruit, oak, earth, microbio, non oak, spices, vegetal, red fruit, tropical fruit, floral, dried fruit, black fruit","Shellfish, Vegetarian, Mushrooms, Aperitif",Pinot Grigio
Nieto Senetiner Don Nicanor Malbec 2021,Argentina,16.99,3.9,images/Nieto_Senetiner_Don_Nicanor_Malbec_2021.png,images/bottle_Nieto_Senetiner_Don_Nicanor_Malbec_2021.png,Mendoza,Nieto Senetiner,"oak, black fruit, non oak, spices, earth, red fruit, microbio, dried fruit, floral, vegetal, tree fruit, citrus fruit, tropical fruit","Beef, Lamb, Pork",Malbec
Zenato Pinot Grigio delle Venezie 2021,Italy,10.99,3.8,images/Zenato_Pinot_Grigio_delle_Venezie_2021.png,images/bottle_Zenato_Pinot_Grigio_delle_Venezie_2021.png,delle Venezie,Zenato,"tree fruit, citrus fruit, earth, microbio, tropical fruit, vegetal, oak, non oak, spices, floral, red fruit","Shellfish, Vegetarian, Mushrooms, Aperitif",Pinot Grigio
Château d'Esclans Rock Angel Rosé 2022,France,29.99,4.1,images/Chteau_dEsclans_Rock_Angel_Ros_2022.png,images/bottle_Chteau_dEsclans_Rock_Angel_Ros_2022.png,Côtes de Provence,Château d'Esclans,"red fruit, tree fruit, citrus fruit, earth, oak, microbio, spices, non oak, tropical fruit, vegetal, floral, black fruit, dried fruit","Pork, Shellfish, Vegetarian, Poultry","Shiraz/Syrah, Grenache, Cinsault"
Familia Torres Sangre de Toro 2019,Spain,14.99,3.3,images/Familia_Torres_Sangre_de_Toro_2019.png,images/bottle_Familia_Torres_Sangre_de_Toro_2019.png,Catalunya,Familia Torres,"oak, black fruit, red fruit, spices, non oak, earth, microbio, citrus fruit, dried fruit, vegetal, tree fruit, floral, tropical fruit","Beef, Pasta, Lamb, Game (deer, venison), Poultry",Grenache
Cantine Leonardo da Vinci Da Vinci Pinot Grigio 2020,Italy,12.99,3.8,images/Cantine_Leonardo_da_Vinci_Da_Vinci_Pinot_Grigio_20.png,images/bottle_Cantine_Leonardo_da_Vinci_Da_Vinci_Pinot_Gr.png,delle Venezie,Cantine Leonardo da Vinci,"tree fruit, citrus fruit, tropical fruit, earth, microbio, oak, vegetal, non oak, spices, floral, black fruit, red fruit","Shellfish, Vegetarian, Mushrooms, Aperitif",Pinot Grigio
The Marigny Carbonic Maceration Pinot Gris 2022,United States,28.99,4.2,images/The_Marigny_Carbonic_Maceration_Pinot_Gris_2022.png,images/bottle_The_Marigny_Carbonic_Maceration_Pinot_Gris_.png,Willamette Valley,The Marigny,"red fruit, tree fruit, citrus fruit, earth, oak, microbio, vegetal, non oak, spices, floral, tropical fruit, dried fruit, black fruit","Pork, Spicy food, Mushrooms, Cured Meat",Pinot Gris
Familia Torres Secret del Priorat 2019,Spain,29.99,4,images/Familia_Torres_Secret_del_Priorat_2019.png,images/bottle_Familia_Torres_Secret_del_Priorat_2019.png,Priorat,Familia Torres,"black fruit, red fruit, oak, spices, non oak, earth, dried fruit, floral, microbio, vegetal, tree fruit, citrus fruit","Beef, Lamb, Game (deer, venison), Poultry","Shiraz/Syrah, Cabernet Sauvignon, Grenache, Carignan"
Catena Alta Malbec 2021,Argentina,56,4.2,images/Catena_Alta_Malbec_2021.png,images/bottle_Catena_Alta_Malbec_2021.png,Mendoza,Catena Alta,"oak, black fruit, non oak, earth, spices, red fruit, floral, microbio, dried fruit, vegetal, citrus fruit, tree fruit, tropical fruit","Beef, Lamb, Pork",Malbec
Portal del Priorat Clos del Portal Negre de Negres 2018,Spain,42.99,4.2,images/Portal_del_Priorat_Clos_del_Portal_Negre_de_Negres.png,images/bottle_Portal_del_Priorat_Clos_del_Portal_Negre_de.png,Priorat,Portal del Priorat,"oak, black fruit, earth, non oak, red fruit, spices, microbio, floral, dried fruit, vegetal, citrus fruit","Beef, Lamb, Game (deer, venison), Poultry","Shiraz/Syrah, Cabernet Sauvignon, Grenache, Carignan"
Comando G La Bruja de Rozas 2022,Spain,39,4,images/Comando_G_La_Bruja_de_Rozas_2022.png,images/bottle_Comando_G_La_Bruja_de_Rozas_2022.png,Madrid,Comando G,"red fruit, earth, oak, spices, non oak, black fruit, floral, microbio, vegetal, citrus fruit, tree fruit, dried fruit, tropical fruit","Beef, Pasta, Lamb, Game (deer, venison), Poultry",Grenache
Catena Appellation Paraje Altamira Malbec 2022,Argentina,24.99,3.9,images/Catena_Appellation_Paraje_Altamira_Malbec_2022.png,images/bottle_Catena_Appellation_Paraje_Altamira_Malbec_2.png,Paraje Altamira,Catena,"oak, black fruit, non oak, spices, earth, red fruit, floral, dried fruit, microbio, vegetal, tree fruit, citrus fruit","Beef, Lamb",Malbec
Luca Old Vine Malbec 2022,Argentina,34.99,4.2,images/Luca_Old_Vine_Malbec_2022.png,images/bottle_Luca_Old_Vine_Malbec_2022.png,Uco Valley,Luca,"oak, black fruit, earth, non oak, spices, red fruit, dried fruit, microbio, floral, vegetal, citrus fruit, tree fruit, tropical fruit","Beef, Lamb",Malbec
Zuccardi Concreto Paraje Altamira Malbec 2021,Argentina,38.99,4,images/Zuccardi_Concreto_Paraje_Altamira_Malbec_2021.png,images/bottle_Zuccardi_Concreto_Paraje_Altamira_Malbec_20.png,Paraje Altamira,Zuccardi,"black fruit, earth, oak, red fruit, spices, non oak, floral, microbio, vegetal, dried fruit, citrus fruit, tree fruit","Beef, Lamb",Malbec
Maso Poli Pinot Grigio 2023,Italy,19.99,3.8,images/Maso_Poli_Pinot_Grigio_2023.png,images/bottle_Maso_Poli_Pinot_Grigio_2023.png,Trentino,Maso Poli,"tree fruit, citrus fruit, earth, microbio, oak, vegetal, non oak, tropical fruit, spices, floral","Shellfish, Vegetarian, Mushrooms, Aperitif",Pinot Grigio
Terlan (Terlano) Tradition Pinot Grigio 2023,Italy,21.99,4,images/Terlan_Terlano_Tradition_Pinot_Grigio_2023.png,images/bottle_Terlan_Terlano_Tradition_Pinot_Grigio_2023.png,Südtirol - Alto Adige,Terlan (Terlano),"tree fruit, citrus fruit, earth, microbio, vegetal, oak, tropical fruit, non oak, spices, floral, red fruit, black fruit, dried fruit","Shellfish, Vegetarian, Mushrooms, Aperitif",Pinot Grigio
Cass Grenache 2022,United States,42,4,images/Cass_Grenache_2022.png,images/bottle_Cass_Grenache_2022.png,Paso Robles,Cass,"red fruit, oak, spices, non oak, earth, black fruit, vegetal, floral, microbio, dried fruit, citrus fruit, tree fruit","Beef, Lamb, Spicy food, Vegetarian, Poultry",Grenache
Domaine de la Solitude - Famille Lancon Châteauneuf-du-Pape Cornelia Constanza 2021,France,129.99,4.3,images/Domaine_de_la_Solitude_Famille_Lancon_Chteauneuf_d.png,images/bottle_Domaine_de_la_Solitude_Famille_Lancon_Chtea.png,Châteauneuf-du-Pape,Domaine de la Solitude - Famille Lancon,"red fruit, spices, oak, earth, black fruit, non oak, dried fruit, tree fruit, floral, microbio","Lamb, Pork, Poultry","Shiraz/Syrah, Mourvedre, Counoise, Cinsaut, Vaccareze, Muscardin"
Teho Malbec 2019,Argentina,49.99,4.1,images/Teho_Malbec_2019.jpg,,Paraje Altamira,Teho,"oak, earth, black fruit, non oak, red fruit, spices, microbio, tree fruit","Beef, Lamb",Malbec
Altschwager Kenneally Tapi Pinot Gris 2024,New Zealand,15.99,3.7,images/Altschwager_Kenneally_Tapi_Pinot_Gris_2024.jpg,,Marlborough,Altschwager Kenneally,"tree fruit, earth, citrus fruit, tropical fruit, microbio, red fruit, oak","Pork, Spicy food, Mushrooms, Cured Meat",Pinot Gris
Matua Gisborne Pinot Gris 2022,New Zealand,14.98,3.6,images/Matua_Gisborne_Pinot_Gris_2022.jpg,,Gisborne,Matua,"citrus fruit, tree fruit, tropical fruit, earth, microbio, vegetal, oak, red fruit, spices, non oak","Pork, Spicy food, Mushrooms, Cured Meat",Pinot Gris
Domaine Les Pallières Gigondas Terrasse du Diable 2017,France,46.99,4.2,images/Domaine_Les_Pallires_Gigondas_Terrasse_du_Diable_2.png,images/bottle_Domaine_Les_Pallires_Gigondas_Terrasse_du_D.png,Gigondas,Domaine Les Pallières,"red fruit, oak, black fruit, spices, earth, non oak, floral, microbio, dried fruit, vegetal, citrus fruit, tree fruit","Beef, Lamb, Game (deer, venison)","Shiraz/Syrah, Grenache, Mourvedre"
Morca Touran 2022,Spain,140,4.5,images/Morca_Touran_2022.png,images/bottle_Morca_Touran_2022.png,Campo de Borja,Morca,"oak, non oak, spices, red fruit, earth, black fruit, dried fruit, citrus fruit, floral, microbio","Beef, Pasta, Lamb, Game (deer, venison), Poultry",Grenache
A Tribute to Grace Santa Barbara Highlands Vineyard Rosé of Grenache 2024,United States,24,4.1,images/A_Tribute_to_Grace_Santa_Barbara_Highlands_Vineyar.png,images/bottle_A_Tribute_to_Grace_Santa_Barbara_Highlands_.png,Santa Barbara County,A Tribute to Grace,"red fruit, tree fruit, earth, citrus fruit, floral, microbio, oak, spices, vegetal, tropical fruit, non oak","Shellfish, Spicy food, Appetizers and snacks, Fruity desserts, Aperitif","Shiraz/Syrah, Cabernet Sauvignon, Pinot Noir, Sangiovese, Zinfandel, Barbera"
Pierre Sparr Pinot Gris 2022,France,19.99,3.7,images/Pierre_Sparr_Pinot_Gris_2022.png,images/bottle_Pierre_Sparr_Pinot_Gris_2022.png,Alsace,Pierre Sparr,"tree fruit, earth, microbio, oak, tropical fruit, citrus fruit, vegetal, non oak, floral, spices, dried fruit, black fruit","Pork, Spicy food, Mushrooms, Cured Meat",Pinot Gris
Altos Las Hormigas Malbec Terroir Valle de Uco 2020,Argentina,12.99,4,images/Altos_Las_Hormigas_Malbec_Terroir_Valle_de_Uco_202.png,images/bottle_Altos_Las_Hormigas_Malbec_Terroir_Valle_de_.png,Uco Valley,Altos Las Hormigas,"oak, black fruit, red fruit, earth, spices, non oak, floral, microbio, dried fruit, vegetal, citrus fruit, tree fruit, tropical fruit","Beef, Lamb",Malbec
Domaine de la Charbonnière Châteauneuf-du-Pape 2016,France,74.07,4.1,images/Domaine_de_la_Charbonnire_Chteauneuf_du_Pape_2016.png,images/bottle_Domaine_de_la_Charbonnire_Chteauneuf_du_Pap.png,Châteauneuf-du-Pape,Domaine de la Charbonnière,"oak, black fruit, red fruit, earth, non oak, spices, microbio, dried fruit, floral, tree fruit, vegetal, citrus fruit, tropical fruit","Lamb, Pork, Poultry","Shiraz/Syrah, Mourvedre, Counoise, Cinsaut, Vaccareze, Muscardin"
Domaine de la Solitude - Famille Lancon Châteauneuf-du-Pape Réserve Secrète 2021,France,212,4.5,images/Domaine_de_la_Solitude_Famille_Lancon_Chteauneuf_d.png,images/bottle_Domaine_de_la_Solitude_Famille_Lancon_Chtea.png,Châteauneuf-du-Pape,Domaine de la Solitude - Famille Lancon,"black fruit, oak, earth, spices, non oak, red fruit, dried fruit, microbio, citrus fruit, floral","Lamb, Pork, Poultry","Shiraz/Syrah, Mourvedre, Counoise, Cinsaut, Vaccareze, Muscardin"
St. Michael-Eppan Pinot Grigio 2022,Italy,14.99,3.9,images/St_Michael_Eppan_Pinot_Grigio_2022.png,images/bottle_St_Michael_Eppan_Pinot_Grigio_2022.png,Südtirol - Alto Adige,St. Michael-Eppan,"tree fruit, citrus fruit, earth, microbio, vegetal, oak, spices, tropical fruit, non oak, floral, red fruit, black fruit, dried fruit","Shellfish, Vegetarian, Mushrooms, Aperitif",Pinot Grigio
Domaine Charvin Côtes du Rhône Le Poutet 2022,France,28.99,3.9,images/Domaine_Charvin_Ctes_du_Rhne_Le_Poutet_2022.png,images/bottle_Domaine_Charvin_Ctes_du_Rhne_Le_Poutet_2022.png,Côtes-du-Rhône,Domaine Charvin,"spices, red fruit, earth, black fruit, oak, tree fruit, non oak, floral, microbio, vegetal","Beef, Lamb, Game (deer, venison)","Shiraz/Syrah, Grenache, Mourvedre"
Domaine de la Janasse Côtes du Rhône Réserve 2021,France,21.99,3.9,images/Domaine_de_la_Janasse_Ctes_du_Rhne_Rserve_2021.png,images/bottle_Domaine_de_la_Janasse_Ctes_du_Rhne_Rserve_2.png,Côtes-du-Rhône,Domaine de la Janasse,"red fruit, oak, black fruit, earth, spices, non oak, dried fruit, citrus fruit, floral, vegetal, microbio","Beef, Lamb, Game (deer, venison)","Shiraz/Syrah, Grenache, Mourvedre"
Domaine Chantepierre Tavel Rosé 2022,France,23.99,3.7,images/Domaine_Chantepierre_Tavel_Ros_2022.png,images/bottle_Domaine_Chantepierre_Tavel_Ros_2022.png,Tavel,Domaine Chantepierre,"red fruit, earth, citrus fruit, tree fruit, spices, vegetal, microbio, oak, black fruit, floral, dried fruit, non oak, tropical fruit","Pork, Rich fish (salmon, tuna etc), Shellfish, Poultry","Shiraz/Syrah, Grenache, Mourvedre"
Escudo Rojo Carménère Reserva 2021,Chile,19.99,4,images/Escudo_Rojo_Carmnre_Reserva_2021.png,images/bottle_Escudo_Rojo_Carmnre_Reserva_2021.png,Maipo Valley,Escudo Rojo,"oak, black fruit, earth, non oak, spices, vegetal, red fruit, microbio, dried fruit, citrus fruit, floral, tree fruit","Beef, Pasta, Lamb, Poultry",Carménère
Riff Pinot Grigio 2019,Italy,15.04,3.5,images/Riff_Pinot_Grigio_2019.png,images/bottle_Riff_Pinot_Grigio_2019.png,Venezia,Riff,"tree fruit, citrus fruit, earth, microbio, vegetal, tropical fruit, oak, non oak, spices, floral, red fruit, dried fruit, black fruit","Shellfish, Vegetarian, Mushrooms, Aperitif",Pinot Grigio
López Vasco Viejo Edición Vintage Malbec 2022,Argentina,14.99,3.4,images/Lpez_Vasco_Viejo_Edicin_Vintage_Malbec_2022.png,images/bottle_Lpez_Vasco_Viejo_Edicin_Vintage_Malbec_2022.png,Mendoza,López,"black fruit, earth, oak, red fruit, non oak","Beef, Lamb, Pork",Malbec
Woodbridge by Robert Mondavi Pinot Grigio 2017,United States,10.97,3.2,images/Woodbridge_by_Robert_Mondavi_Pinot_Grigio_2017.png,images/bottle_Woodbridge_by_Robert_Mondavi_Pinot_Grigio_2.png,California,Woodbridge by Robert Mondavi,"citrus fruit, tree fruit, oak, earth, microbio, tropical fruit, non oak, vegetal, red fruit, spices, black fruit, dried fruit","Pork, Spicy food, Mushrooms, Cured Meat",Pinot Gris
Alpasión Malbec 2020,Argentina,21.99,4,images/Alpasin_Malbec_2020.png,images/bottle_Alpasin_Malbec_2020.png,Uco Valley,Alpasión,"black fruit, oak, earth, non oak, spices, red fruit, microbio, dried fruit, tree fruit, citrus fruit, floral, vegetal","Beef, Lamb",Malbec
Mt. Brave Malbec 2019,United States,81.99,4.3,images/Mt_Brave_Malbec_2019.png,images/bottle_Mt_Brave_Malbec_2019.png,Mount Veeder,Mt. Brave,"oak, black fruit, spices, non oak, earth, red fruit, floral, microbio, dried fruit, vegetal","Beef, Lamb, Poultry",Malbec
Bruno Verdi Pinot Grigio 2024,Italy,22.99,4,images/Bruno_Verdi_Pinot_Grigio_2024.png,images/bottle_Bruno_Verdi_Pinot_Grigio_2024.png,Oltrepo Pavese Pinot Grigio,Bruno Verdi,"tree fruit, citrus fruit, earth, tropical fruit, vegetal, microbio, spices, floral, non oak, oak","Shellfish, Vegetarian, Mushrooms, Aperitif",Pinot Grigio
Cantina Zaccagnini Pinot Grigio (Tralcetto) 2022,Italy,14.99,3.8,images/Cantina_Zaccagnini_Pinot_Grigio_Tralcetto_2022.png,images/bottle_Cantina_Zaccagnini_Pinot_Grigio_Tralcetto_2.png,Terre di Chieti,Cantina Zaccagnini,"citrus fruit, tree fruit, earth, vegetal, oak, microbio, tropical fruit, non oak, spices, floral, red fruit, dried fruit, black fruit","Pasta, Vegetarian, Appetizers and snacks, Lean fish, Cured Meat","Trebbiano, Verdicchio"
Álvaro Palacios Les Aubaguetes Priorat 2020,Spain,479.99,4.5,images/lvaro_Palacios_Les_Aubaguetes_Priorat_2020.png,images/bottle_lvaro_Palacios_Les_Aubaguetes_Priorat_2020.png,Priorat,Álvaro Palacios,"black fruit, red fruit, earth, oak, non oak, floral, spices, microbio, dried fruit, citrus fruit","Beef, Lamb, Game (deer, venison), Poultry","Shiraz/Syrah, Cabernet Sauvignon, Grenache, Carignan"
The Beach House Pinot Grigio 2023,Italy,11.99,3.6,images/The_Beach_House_Pinot_Grigio_2023.png,images/bottle_The_Beach_House_Pinot_Grigio_2023.png,Provincia di Pavia,The Beach House,"citrus fruit, tropical fruit, tree fruit, earth, floral","Shellfish, Vegetarian, Mushrooms, Aperitif",Pinot Grigio
Vitícola Mentridana Las Uvas de la Ira 2021,Spain,44.99,4,images/Vitcola_Mentridana_Las_Uvas_de_la_Ira_2021.png,images/bottle_Vitcola_Mentridana_Las_Uvas_de_la_Ira_2021.png,Méntrida,Vitícola Mentridana,"red fruit, earth, spices, oak, non oak, black fruit, floral, citrus fruit, vegetal, microbio, dried fruit, tree fruit, tropical fruit","Beef, Pasta, Lamb, Game (deer, venison), Poultry",Grenache
Cruz Alta Reserve Malbec 2023,Argentina,14.97,4.1,images/Cruz_Alta_Reserve_Malbec_2023.png,images/bottle_Cruz_Alta_Reserve_Malbec_2023.png,Mendoza,Cruz Alta,"black fruit, oak, earth, red fruit, non oak, spices, microbio, dried fruit, vegetal, floral, tree fruit, citrus fruit","Beef, Lamb, Pork",Malbec
San Gregorio Garbo The Charm Garnacha 2020,Spain,13.97,3.8,images/San_Gregorio_Garbo_The_Charm_Garnacha_2020.jpg,,Calatayud,San Gregorio,"red fruit, black fruit, oak, earth, spices, microbio, non oak, citrus fruit, floral","Beef, Pasta, Lamb, Game (deer, venison), Poultry",Grenache
Domaine Lafage Nicolas Vieilles Vignes Grenache Noir 2020,France,20.99,3.9,images/Domaine_Lafage_Nicolas_Vieilles_Vignes_Grenache_No.png,images/bottle_Domaine_Lafage_Nicolas_Vieilles_Vignes_Gren.png,Côtes Catalanes,Domaine Lafage,"black fruit, red fruit, oak, earth, spices, non oak, dried fruit, microbio, floral, vegetal, citrus fruit, tree fruit, tropical fruit","Beef, Pasta, Lamb, Poultry",Grenache
Antigal UNO Malbec 2022,Argentina,12.99,3.9,images/Antigal_UNO_Malbec_2022.png,images/bottle_Antigal_UNO_Malbec_2022.png,Mendoza,Antigal,"oak, black fruit, non oak, earth, spices, red fruit, microbio, dried fruit, floral, vegetal, tree fruit, citrus fruit, tropical fruit","Beef, Lamb, Pork",Malbec
Era Pinot Grigio 2023,Italy,11.99,3.5,images/Era_Pinot_Grigio_2023.png,images/bottle_Era_Pinot_Grigio_2023.png,delle Venezie,Era,"tree fruit, citrus fruit, earth, non oak, oak","Shellfish, Vegetarian, Mushrooms, Aperitif",Pinot Grigio
Bodegas Ateca Atteca Garnacha (Old Vines) 2021,Spain,15.99,4.1,images/Bodegas_Ateca_Atteca_Garnacha_Old_Vines_2021.png,images/bottle_Bodegas_Ateca_Atteca_Garnacha_Old_Vines_202.png,Calatayud,Bodegas Ateca,"oak, black fruit, earth, red fruit, non oak, spices, dried fruit, microbio, floral, vegetal, citrus fruit, tree fruit","Beef, Pasta, Lamb, Game (deer, venison), Poultry",Grenache
Matías Riccitelli Viejos Vinedos en Pie Franco Malbec 2020,Argentina,39.99,4.2,images/Matas_Riccitelli_Viejos_Vinedos_en_Pie_Franco_Malb.png,images/bottle_Matas_Riccitelli_Viejos_Vinedos_en_Pie_Fran.png,Mendoza,Matías Riccitelli,"black fruit, oak, red fruit, non oak, earth, spices, floral, microbio, dried fruit, citrus fruit, vegetal","Beef, Lamb, Pork",Malbec
Georges Vigouroux Gouleyant Malbec 2020,France,15,3.7,images/Georges_Vigouroux_Gouleyant_Malbec_2020.png,images/bottle_Georges_Vigouroux_Gouleyant_Malbec_2020.png,Cahors,Georges Vigouroux,"black fruit, earth, oak, red fruit, non oak, spices, microbio, vegetal, floral, dried fruit, tree fruit, citrus fruit, tropical fruit","Beef, Lamb, Poultry",Malbec
Zuccardi Finca Piedra Infinita Malbec 2019,Argentina,179.99,4.4,images/Zuccardi_Finca_Piedra_Infinita_Malbec_2019.png,images/bottle_Zuccardi_Finca_Piedra_Infinita_Malbec_2019.png,Paraje Altamira,Zuccardi,"black fruit, oak, earth, red fruit, non oak, spices, floral, microbio, vegetal, citrus fruit, dried fruit","Beef, Lamb",Malbec
Banfi San Angelo Pinot Grigio 2023,Italy,15.99,3.9,images/Banfi_San_Angelo_Pinot_Grigio_2023.png,images/bottle_Banfi_San_Angelo_Pinot_Grigio_2023.png,Toscana,Banfi,"tree fruit, citrus fruit, earth, tropical fruit, microbio, vegetal, oak, spices, non oak, floral, red fruit, dried fruit, black fruit","Pasta, Vegetarian, Appetizers and snacks, Lean fish, Cured Meat","Trebbiano, Verdicchio"
Josh Cellars Pinot Grigio 2023,United States,13.99,3.7,images/Josh_Cellars_Pinot_Grigio_2023.png,images/bottle_Josh_Cellars_Pinot_Grigio_2023.png,California,Josh Cellars,"tree fruit, citrus fruit, oak, microbio, tropical fruit, earth, vegetal, spices, red fruit, floral, non oak, black fruit","Pork, Spicy food, Mushrooms, Cured Meat",Pinot Gris
Domaine La Manarine Le Carignan 2021,France,14.99,3.8,images/Domaine_La_Manarine_Le_Carignan_2021.png,images/bottle_Domaine_La_Manarine_Le_Carignan_2021.png,Vaucluse,Domaine La Manarine,"earth, black fruit, red fruit, spices, microbio, oak, dried fruit, non oak, tree fruit, citrus fruit, vegetal","Beef, Lamb, Game (deer, venison)",
Attems Pinot Grigio 2023,Italy,16.99,3.9,images/Attems_Pinot_Grigio_2023.png,images/bottle_Attems_Pinot_Grigio_2023.png,Friuli-Venezia Giulia,Attems,"tree fruit, citrus fruit, earth, microbio, vegetal, tropical fruit, oak, non oak, spices, floral, black fruit, red fruit, dried fruit","Shellfish, Vegetarian, Mushrooms, Aperitif",Pinot Grigio
Bodegas Virgen de la Sierra Lo Brujo Garnacha 2023,Spain,14.99,3.7,images/Bodegas_Virgen_de_la_Sierra_Lo_Brujo_Garnacha_2023.jpg,,Catalunya,Bodegas Virgen de la Sierra,"oak, black fruit, red fruit, earth, non oak, spices, dried fruit, citrus fruit, microbio","Beef, Pasta, Lamb, Game (deer, venison), Poultry",Grenache
Buoncristiani Malbec 2021,United States,85,4.3,images/Buoncristiani_Malbec_2021.jpg,,Napa Valley,Buoncristiani,"oak, black fruit, non oak, earth, spices, red fruit, dried fruit, vegetal","Beef, Lamb, Poultry",Malbec
Bernabeleva Camino de Navaherreros 2023,Spain,16.99,3.7,images/Bernabeleva_Camino_de_Navaherreros_2023.png,images/bottle_Bernabeleva_Camino_de_Navaherreros_2023.png,Madrid,Bernabeleva,"red fruit, oak, earth, spices, non oak, black fruit, microbio, citrus fruit, dried fruit, floral, vegetal, tree fruit, tropical fruit","Beef, Pasta, Lamb, Game (deer, venison), Poultry",Grenache
SeaGlass Pinot Grigio 2022,United States,14.99,3.7,images/SeaGlass_Pinot_Grigio_2022.png,images/bottle_SeaGlass_Pinot_Grigio_2022.png,Santa Barbara County,SeaGlass,"citrus fruit, tree fruit, tropical fruit, earth, microbio, floral, vegetal, oak, spices, non oak, red fruit","Pork, Spicy food, Mushrooms, Cured Meat",Pinot Gris
Viñedos del Jorco Las Cabañuelas Cebreros 2020,Spain,16.99,3.8,images/Viedos_del_Jorco_Las_Cabauelas_Cebreros_2020.jpg,,Castilla y León,Viñedos del Jorco,"red fruit, spices, earth, black fruit, non oak, oak, floral, vegetal, microbio, dried fruit, tropical fruit, tree fruit","Beef, Pasta, Lamb, Game (deer, venison), Poultry",Grenache
Ed Edmundo Malbec 2023,Argentina,11.97,4,images/Ed_Edmundo_Malbec_2023.jpg,,Mendoza,Ed Edmundo,"black fruit, oak, spices, non oak, red fruit, earth, floral, vegetal, citrus fruit, microbio","Beef, Lamb, Pork",Malbec
Château de Rouanne Vinsobres 2020,France,21.99,3.9,images/Chteau_de_Rouanne_Vinsobres_2020.png,images/bottle_Chteau_de_Rouanne_Vinsobres_2020.png,Vinsobres,Château de Rouanne,"black fruit, oak, spices, red fruit, earth, non oak, floral, microbio, dried fruit, vegetal, citrus fruit, tree fruit","Beef, Lamb, Game (deer, venison)","Shiraz/Syrah, Grenache, Mourvedre"
Jermann Pinot Grigio 2023,Italy,21.99,4,images/Jermann_Pinot_Grigio_2023.png,images/bottle_Jermann_Pinot_Grigio_2023.png,Venezia Giulia,Jermann,"tree fruit, citrus fruit, earth, microbio, vegetal, tropical fruit, oak, non oak, spices, floral, red fruit, dried fruit, black fruit","Shellfish, Vegetarian, Mushrooms, Aperitif",Pinot Grigio
Clos del Rey L'Aragone 2022,France,35.99,4,images/Clos_del_Rey_LAragone_2022.png,images/bottle_Clos_del_Rey_LAragone_2022.png,Côtes du Roussillon Villages,Clos del Rey,"black fruit, red fruit, oak, earth, non oak, spices, vegetal","Beef, Pasta, Veal","Shiraz/Syrah, Grenache, Mourvedre"
Tiefenbrunner Pinot Grigio 2022,Italy,13.99,4,images/Tiefenbrunner_Pinot_Grigio_2022.png,images/bottle_Tiefenbrunner_Pinot_Grigio_2022.png,Südtirol - Alto Adige,Tiefenbrunner,"tree fruit, citrus fruit, earth, microbio, vegetal, oak, tropical fruit, non oak, floral, spices, red fruit, black fruit, dried fruit","Shellfish, Vegetarian, Mushrooms, Aperitif",Pinot Grigio
Pierre Usseglio Châteauneuf-du-Pape Cuvée de mon Aïeul 2007,France,485,4.4,images/Pierre_Usseglio_Chteauneuf_du_Pape_Cuve_de_mon_Aeu.png,images/bottle_Pierre_Usseglio_Chteauneuf_du_Pape_Cuve_de_.png,Châteauneuf-du-Pape,Pierre Usseglio,"black fruit, earth, oak, red fruit, spices, non oak, dried fruit, microbio, floral, vegetal, citrus fruit, tree fruit, tropical fruit","Lamb, Pork, Poultry","Shiraz/Syrah, Mourvedre, Counoise, Cinsaut, Vaccareze, Muscardin"
Domaine du Gour de Chaule Cuvée Tradition Gigondas 2020,France,40,4.1,images/Domaine_du_Gour_de_Chaule_Cuve_Tradition_Gigondas_.png,images/bottle_Domaine_du_Gour_de_Chaule_Cuve_Tradition_Gi.png,Gigondas,Domaine du Gour de Chaule,"earth, oak, red fruit, black fruit, spices, non oak, floral, microbio, vegetal, dried fruit, tree fruit, citrus fruit, tropical fruit","Beef, Lamb, Game (deer, venison)","Shiraz/Syrah, Grenache, Mourvedre"
Matías Riccitelli Hey Malbec 2023,Argentina,18.99,3.8,images/Matas_Riccitelli_Hey_Malbec_2023.png,images/bottle_Matas_Riccitelli_Hey_Malbec_2023.png,Mendoza,Matías Riccitelli,"black fruit, oak, spices, red fruit, non oak, earth, floral, microbio, dried fruit, tree fruit, citrus fruit, vegetal, tropical fruit","Beef, Lamb, Pork",Malbec
Domaines Ott Château de Selle Rosé (Coeur de Grain) 2022,France,39.99,4.2,images/Domaines_Ott_Chteau_de_Selle_Ros_Coeur_de_Grain_20.png,images/bottle_Domaines_Ott_Chteau_de_Selle_Ros_Coeur_de_G.png,Côtes de Provence,Domaines Ott,"tree fruit, red fruit, citrus fruit, earth, microbio, floral, oak, spices, non oak, tropical fruit, vegetal, black fruit, dried fruit","Pork, Shellfish, Vegetarian, Poultry","Shiraz/Syrah, Grenache, Cinsault"
Dune (Caveau Les Sablons) Gris de Gris 2023,France,12.97,3.8,images/Dune_Caveau_Les_Sablons_Gris_de_Gris_2023.png,images/bottle_Dune_Caveau_Les_Sablons_Gris_de_Gris_2023.png,Sable de Camargue,Dune (Caveau Les Sablons),"red fruit, citrus fruit, tree fruit, earth, microbio, tropical fruit, floral, vegetal, oak, spices, non oak, black fruit","Pasta, Vegetarian, Appetizers and snacks, Lean fish, Aperitif","Shiraz/Syrah, Grenache, Mourvedre"
Château Fages La Bête Noire Malbec 2023,France,16.99,3.7,images/Chteau_Fages_La_Bte_Noire_Malbec_2023.png,images/bottle_Chteau_Fages_La_Bte_Noire_Malbec_2023.png,Cahors,Château Fages,"earth, oak, black fruit, non oak, red fruit, spices, tree fruit, floral, vegetal","Beef, Lamb, Poultry",Malbec
La Crema Monterey Pinot Gris 2013,United States,20.7,3.7,images/La_Crema_Monterey_Pinot_Gris_2013.png,images/bottle_La_Crema_Monterey_Pinot_Gris_2013.png,Monterey,La Crema,"tree fruit, citrus fruit, oak, microbio, earth, tropical fruit, non oak, spices, vegetal, floral, red fruit, black fruit, dried fruit","Pork, Spicy food, Mushrooms, Cured Meat",Pinot Gris
Philip Schell PSH Malbec 2024,Argentina,10.99,3.8,images/Philip_Schell_PSH_Malbec_2024.png,images/bottle_Philip_Schell_PSH_Malbec_2024.png,Mendoza,Philip Schell,"oak, black fruit, earth, spices, non oak, red fruit, floral, vegetal, microbio","Beef, Lamb, Pork",Malbec
Corona del Valle Malbec 2018,Mexico,39.59,4,images/Corona_del_Valle_Malbec_2018.png,images/bottle_Corona_del_Valle_Malbec_2018.png,Valle de Guadalupe,Corona del Valle,"black fruit, spices, oak, red fruit, earth, non oak, floral, microbio","Beef, Lamb, Poultry",Malbec
Domaine Zind Humbrecht Pinot Gris Alsace Clos Jebsal Sélection De Grains Nobles Trie Spéciale 2002,France,158,4.5,images/Domaine_Zind_Humbrecht_Pinot_Gris_Alsace_Clos_Jebs.png,images/bottle_Domaine_Zind_Humbrecht_Pinot_Gris_Alsace_Cl.png,Alsace,Domaine Zind Humbrecht,"earth, dried fruit, tree fruit, citrus fruit, non oak, oak, tropical fruit, floral, microbio, black fruit","Pork, Spicy food, Mushrooms, Cured Meat",Pinot Gris
PerSe Inseparable 2019,Argentina,45.99,4.2,images/PerSe_Inseparable_2019.png,images/bottle_PerSe_Inseparable_2019.png,Gualtallary,PerSe,"earth, black fruit, oak, red fruit, non oak, spices, floral, microbio, dried fruit, tree fruit, citrus fruit, vegetal","Beef, Lamb",Malbec
Belvino Gold Edition Pinot Grigio 2023,Italy,10.97,3.7,images/Belvino_Gold_Edition_Pinot_Grigio_2023.jpg,,delle Venezie,Belvino,"tree fruit, citrus fruit, earth, vegetal, tropical fruit, microbio, floral","Shellfish, Vegetarian, Mushrooms, Aperitif",Pinot Grigio
Alfredo Arribas Gotes del Priorat 2019,Spain,28.99,3.9,images/Alfredo_Arribas_Gotes_del_Priorat_2019.png,images/bottle_Alfredo_Arribas_Gotes_del_Priorat_2019.png,Priorat,Alfredo Arribas,"red fruit, oak, earth, black fruit, non oak, spices, microbio, dried fruit, floral, vegetal, tree fruit, tropical fruit","Beef, Lamb, Game (deer, venison), Poultry","Shiraz/Syrah, Cabernet Sauvignon, Grenache, Carignan"
Tapiz Malbec Extra Brut Rosé,Argentina,19.99,4.1,images/Tapiz_Malbec_Extra_Brut_Ros.png,images/bottle_Tapiz_Malbec_Extra_Brut_Ros.png,Tupungato,Tapiz,"red fruit, citrus fruit, earth, dried fruit, tree fruit, spices, microbio, oak","Shellfish, Any junk food will do, Appetizers and snacks, Lean fish, Aperitif",
Shatter Grenache 2021,France,22,4,images/Shatter_Grenache_2021.png,images/bottle_Shatter_Grenache_2021.png,Côtes Catalanes,Shatter,"oak, black fruit, earth, red fruit, non oak, spices, microbio, dried fruit, vegetal, floral, tree fruit, citrus fruit, tropical fruit","Beef, Pasta, Lamb, Poultry",Grenache
Chloe Pinot Grigio 2023,Italy,11.99,3.7,images/Chloe_Pinot_Grigio_2023.png,images/bottle_Chloe_Pinot_Grigio_2023.png,Valdadige,Chloe,"citrus fruit, tree fruit, earth, floral, microbio, oak, tropical fruit, vegetal, non oak, spices, black fruit, red fruit","Shellfish, Vegetarian, Mushrooms, Aperitif",Pinot Grigio
Obelisco Estate Malbec 2020,United States,65,4.1,images/Obelisco_Estate_Malbec_2020.jpg,,Red Mountain,Obelisco Estate,"oak, red fruit, non oak, spices, black fruit, earth, floral, dried fruit, tropical fruit, citrus fruit, vegetal",,
Santa Brasa Malbec 2020,Argentina,17.99,4.2,images/Santa_Brasa_Malbec_2020.png,images/bottle_Santa_Brasa_Malbec_2020.png,Lujan de Cuyo,Santa Brasa,"red fruit, black fruit, earth, dried fruit, spices, non oak, oak, vegetal","Beef, Lamb",Malbec
Maddalena Wines Pinot Grigio 2023,United States,14.95,3.7,images/Maddalena_Wines_Pinot_Grigio_2023.png,images/bottle_Maddalena_Wines_Pinot_Grigio_2023.png,Monterey,Maddalena Wines,"tree fruit, citrus fruit, oak, microbio, earth","Pork, Spicy food, Mushrooms, Cured Meat",Pinot Gris
Gaierhof Pinot Grigio 2023,Italy,15.99,3.5,images/Gaierhof_Pinot_Grigio_2023.png,images/bottle_Gaierhof_Pinot_Grigio_2023.png,Trentino,Gaierhof,"tree fruit, earth, microbio, spices, floral, citrus fruit, vegetal, non oak, oak","Shellfish, Vegetarian, Mushrooms, Aperitif",Pinot Grigio
Mendoza Vineyards MV Gran Reserva Malbec 2021,Argentina,15.99,3.8,images/Mendoza_Vineyards_MV_Gran_Reserva_Malbec_2021.png,images/bottle_Mendoza_Vineyards_MV_Gran_Reserva_Malbec_20.png,Mendoza,Mendoza Vineyards,"black fruit, oak, earth, non oak, red fruit, spices, microbio, floral, vegetal, dried fruit, citrus fruit, tree fruit, tropical fruit","Beef, Lamb, Pork",Malbec
Château d'Esclans The Pale Rosé 2023,France,15.99,3.8,images/Chteau_dEsclans_The_Pale_Ros_2023.png,images/bottle_Chteau_dEsclans_The_Pale_Ros_2023.png,Provence,Château d'Esclans,"red fruit, tree fruit, citrus fruit, earth, microbio, floral, vegetal, non oak, spices, oak, tropical fruit","Pork, Shellfish, Vegetarian, Poultry","Shiraz/Syrah, Grenache, Cinsault"
Alto Moncayo Garnacha 2021,Spain,49.99,4.3,images/Alto_Moncayo_Garnacha_2021.png,images/bottle_Alto_Moncayo_Garnacha_2021.png,Campo de Borja,Alto Moncayo,"oak, black fruit, non oak, spices, earth, red fruit, dried fruit, microbio, floral, vegetal, citrus fruit, tree fruit, tropical fruit","Beef, Pasta, Lamb, Game (deer, venison), Poultry",Grenache
Bodega Calle Alberti 154 Malbec 2018,Argentina,18.99,4.1,images/Bodega_Calle_Alberti_154_Malbec_2018.png,images/bottle_Bodega_Calle_Alberti_154_Malbec_2018.png,Mendoza,Bodega Calle,"oak, earth, red fruit, black fruit, non oak, spices, microbio, floral, citrus fruit, vegetal, tree fruit, tropical fruit, dried fruit","Beef, Lamb, Pork",Malbec
Álvaro Palacios Vi de Vila Gratallops 2021,Spain,69.99,4.3,images/lvaro_Palacios_Vi_de_Vila_Gratallops_2021.png,images/bottle_lvaro_Palacios_Vi_de_Vila_Gratallops_2021.png,Priorat,Álvaro Palacios,"oak, earth, black fruit, red fruit, spices, non oak, floral, microbio, dried fruit, vegetal, citrus fruit, tree fruit, tropical fruit","Beef, Lamb, Game (deer, venison), Poultry","Shiraz/Syrah, Cabernet Sauvignon, Grenache, Carignan"
Álvaro Palacios Finca Dofí 2021,Spain,109.99,4.3,images/lvaro_Palacios_Finca_Dof_2021.png,images/bottle_lvaro_Palacios_Finca_Dof_2021.png,Priorat,Álvaro Palacios,"oak, red fruit, black fruit, non oak, spices, earth, microbio, floral, dried fruit, citrus fruit, vegetal, tree fruit, tropical fruit","Beef, Lamb, Game (deer, venison), Poultry","Shiraz/Syrah, Cabernet Sauvignon, Grenache, Carignan"
DAOU Discovery Collection Rosé 2021,United States,19.99,4,images/DAOU_Discovery_Collection_Ros_2021.png,images/bottle_DAOU_Discovery_Collection_Ros_2021.png,Paso Robles,DAOU,"tree fruit, red fruit, citrus fruit, earth, tropical fruit, microbio, oak, floral, non oak, vegetal, spices","Shellfish, Spicy food, Appetizers and snacks, Fruity desserts, Aperitif","Shiraz/Syrah, Cabernet Sauvignon, Pinot Noir, Sangiovese, Zinfandel, Barbera"
Fitz Roy Carmenere 2021,Chile,12.99,3.7,images/Fitz_Roy_Carmenere_2021.jpg,,Central Valley,Fitz Roy,"red fruit, spices, black fruit, oak, earth, vegetal, non oak, citrus fruit, tree fruit, microbio","Beef, Pasta, Lamb, Poultry",Carménère
Albert Boxler Pinot Gris Alsace Grand Cru 'Sommerberg' 2015,France,79.99,4.2,images/Albert_Boxler_Pinot_Gris_Alsace_Grand_Cru_Sommerbe.png,images/bottle_Albert_Boxler_Pinot_Gris_Alsace_Grand_Cru_S.png,Alsace Grand Cru 'Sommerberg',Albert Boxler,"earth, tree fruit, citrus fruit, spices, tropical fruit, floral, dried fruit, microbio, non oak, oak, red fruit","Pork, Spicy food, Mushrooms, Cured Meat",Pinot Gris
Achaval-Ferrer Finca Altamira Malbec 2007,Argentina,295,4.5,images/Achaval_Ferrer_Finca_Altamira_Malbec_2007.png,images/bottle_Achaval_Ferrer_Finca_Altamira_Malbec_2007.png,Paraje Altamira,Achaval-Ferrer,"oak, black fruit, earth, non oak, spices, red fruit, floral, microbio, dried fruit, vegetal, citrus fruit, tree fruit, tropical fruit","Beef, Lamb",Malbec
Domaine de Fondrèche Ventoux 2022,France,19.99,3.9,images/Domaine_de_Fondrche_Ventoux_2022.png,images/bottle_Domaine_de_Fondrche_Ventoux_2022.png,Ventoux,Domaine de Fondrèche,"black fruit, oak, earth, red fruit, spices, non oak, microbio, citrus fruit, dried fruit, tree fruit, vegetal, floral, tropical fruit","Beef, Lamb, Game (deer, venison)","Shiraz/Syrah, Grenache, Mourvedre"
Catena Zapata Adrianna Vineyard River Malbec 2020,Argentina,220,4.5,images/Catena_Zapata_Adrianna_Vineyard_River_Malbec_2020.png,images/bottle_Catena_Zapata_Adrianna_Vineyard_River_Malbe.png,Mendoza,Catena Zapata,"black fruit, oak, earth, non oak, spices, red fruit, floral, microbio, dried fruit, vegetal, citrus fruit, tropical fruit, tree fruit","Beef, Lamb, Pork",Malbec
Domaine de la Solitude - Famille Lancon Côtes du Rhône 2023,France,18.99,4,images/Domaine_de_la_Solitude_Famille_Lancon_Ctes_du_Rhne.png,images/bottle_Domaine_de_la_Solitude_Famille_Lancon_Ctes_.png,Côtes-du-Rhône,Domaine de la Solitude - Famille Lancon,"red fruit, earth, black fruit, oak, spices, non oak, tree fruit, citrus fruit, microbio, dried fruit, floral, vegetal, tropical fruit","Beef, Lamb, Game (deer, venison)","Shiraz/Syrah, Grenache, Mourvedre"
Roger Sabon Lirac 2021,France,25,3.9,images/Roger_Sabon_Lirac_2021.png,images/bottle_Roger_Sabon_Lirac_2021.png,Lirac,Roger Sabon,"black fruit, spices, red fruit, oak, earth, non oak, dried fruit, floral, microbio, tropical fruit, tree fruit","Beef, Lamb, Game (deer, venison)","Shiraz/Syrah, Grenache, Mourvedre"
Breca El Nacido Garnacha 2022,Spain,14.99,3.9,images/Breca_El_Nacido_Garnacha_2022.png,images/bottle_Breca_El_Nacido_Garnacha_2022.png,Calatayud,Breca,"black fruit, red fruit, oak, spices, earth, non oak","Beef, Pasta, Lamb, Game (deer, venison), Poultry",Grenache
Alto Moncayo Veraton Garnacha 2021,Spain,34.99,4.2,images/Alto_Moncayo_Veraton_Garnacha_2021.png,images/bottle_Alto_Moncayo_Veraton_Garnacha_2021.png,Campo de Borja,Alto Moncayo,"oak, black fruit, non oak, spices, red fruit, earth, microbio, dried fruit, floral, vegetal, citrus fruit, tree fruit, tropical fruit","Beef, Pasta, Lamb, Game (deer, venison), Poultry",Grenache
Domaine de la Janasse Châteauneuf-du-Pape Vieilles Vignes 2020,France,128,4.2,images/Domaine_de_la_Janasse_Chteauneuf_du_Pape_Vieilles_.png,images/bottle_Domaine_de_la_Janasse_Chteauneuf_du_Pape_Vi.png,Châteauneuf-du-Pape,Domaine de la Janasse,"black fruit, oak, earth, red fruit, spices, non oak, dried fruit, floral, microbio, vegetal, citrus fruit, tree fruit, tropical fruit","Lamb, Pork, Poultry","Shiraz/Syrah, Mourvedre, Counoise, Cinsaut, Vaccareze, Muscardin"
Ferrer Bobet Selecció Especial Vinyes Velles 2016,Spain,109,4.4,images/Ferrer_Bobet_Selecci_Especial_Vinyes_Velles_2016.png,images/bottle_Ferrer_Bobet_Selecci_Especial_Vinyes_Velles.png,Priorat,Ferrer Bobet,"black fruit, oak, earth, non oak, spices, red fruit, microbio, floral, dried fruit, vegetal","Beef, Lamb, Game (deer, venison), Poultry","Shiraz/Syrah, Cabernet Sauvignon, Grenache, Carignan"
Kris Pinot Grigio 2022,Italy,12.99,3.7,images/Kris_Pinot_Grigio_2022.png,images/bottle_Kris_Pinot_Grigio_2022.png,delle Venezie,Kris,"citrus fruit, tree fruit, earth, microbio, oak, vegetal, non oak, tropical fruit, floral, spices, black fruit","Shellfish, Vegetarian, Mushrooms, Aperitif",Pinot Grigio
Trimbach Pinot Gris Alsace Réserve Personnelle 2017,France,52.99,4.1,images/Trimbach_Pinot_Gris_Alsace_Rserve_Personnelle_2017.png,images/bottle_Trimbach_Pinot_Gris_Alsace_Rserve_Personnel.png,Alsace,Trimbach,"tree fruit, earth, citrus fruit, microbio, tropical fruit, oak, non oak, floral, spices, vegetal, dried fruit, red fruit, black fruit","Pork, Spicy food, Mushrooms, Cured Meat",Pinot Gris
Sandlands Carignane 2023,United States,55,4.1,images/Sandlands_Carignane_2023.png,images/bottle_Sandlands_Carignane_2023.png,Contra Costa County,Sandlands,"red fruit, black fruit, earth, spices, oak, non oak, floral, vegetal, tree fruit, microbio, citrus fruit","Beef, Pork, Poultry, Any junk food will do",Carignan
Matías Riccitelli The Party Malbec 2023,Argentina,21.99,4.1,images/Matas_Riccitelli_The_Party_Malbec_2023.png,images/bottle_Matas_Riccitelli_The_Party_Malbec_2023.png,Uco Valley,Matías Riccitelli,"red fruit, black fruit, oak, earth, spices, non oak, floral, microbio, tree fruit, tropical fruit, dried fruit, citrus fruit, vegetal","Beef, Lamb",Malbec
Demetria Cuvée Matia 2022,United States,65,4.1,images/Demetria_Cuve_Matia_2022.jpg,,Santa Ynez Valley,Demetria,"red fruit, oak, spices, black fruit, earth, non oak, tree fruit, citrus fruit, microbio","Beef, Lamb, Spicy food, Vegetarian, Poultry",Grenache
Domaines Lupier La Dama 2018,Spain,52,4.1,images/Domaines_Lupier_La_Dama_2018.png,images/bottle_Domaines_Lupier_La_Dama_2018.png,Navarra,Domaines Lupier,"black fruit, oak, earth, red fruit, spices, non oak, floral, microbio, dried fruit, vegetal","Beef, Pasta, Lamb, Game (deer, venison), Poultry",Grenache
Terlato Pinot Grigio 2022,Italy,19.99,4,images/Terlato_Pinot_Grigio_2022.png,images/bottle_Terlato_Pinot_Grigio_2022.png,Colli Orientali del Friuli,Terlato,"tree fruit, citrus fruit, earth, microbio, oak, vegetal, tropical fruit, non oak, spices, floral, red fruit, dried fruit, black fruit","Shellfish, Vegetarian, Mushrooms, Aperitif",Pinot Grigio
Gooseneck Vineyards Pinot Grigio 2022,Italy,14.99,3.7,images/Gooseneck_Vineyards_Pinot_Grigio_2022.png,images/bottle_Gooseneck_Vineyards_Pinot_Grigio_2022.png,Veneto,Gooseneck Vineyards,"citrus fruit, tree fruit, vegetal, spices, earth, tropical fruit, microbio, oak","Shellfish, Vegetarian, Mushrooms, Aperitif",Pinot Grigio
Comando G Sierra de Gredos Granito del Cadalso Garnacha 2017,Spain,16.99,3.8,images/Comando_G_Sierra_de_Gredos_Granito_del_Cadalso_Gar.png,images/bottle_Comando_G_Sierra_de_Gredos_Granito_del_Cada.png,Madrid,Comando G,"red fruit, earth, oak, black fruit, non oak, spices, floral, microbio, citrus fruit, dried fruit, vegetal","Beef, Pasta, Lamb, Game (deer, venison), Poultry",Grenache
Barone Fini Pinot Grigio Alto Adige 2024,Italy,21.99,3.9,images/Barone_Fini_Pinot_Grigio_Alto_Adige_2024.png,images/bottle_Barone_Fini_Pinot_Grigio_Alto_Adige_2024.png,Südtirol - Alto Adige,Barone Fini,"citrus fruit, tree fruit, earth, vegetal, microbio, tropical fruit, oak, spices, floral","Shellfish, Vegetarian, Mushrooms, Aperitif",Pinot Grigio
Foradori Fuoripista Pinot Grigio 2022,Italy,54.99,4.1,images/Foradori_Fuoripista_Pinot_Grigio_2022.png,images/bottle_Foradori_Fuoripista_Pinot_Grigio_2022.png,Vigneti delle Dolomiti,Foradori,"citrus fruit, red fruit, tree fruit, earth, oak, non oak, spices, floral, vegetal, microbio, tropical fruit, black fruit","Shellfish, Vegetarian, Mushrooms, Aperitif",Pinot Grigio
Elqui Malbec 2020,Chile,27.99,3.9,images/Elqui_Malbec_2020.png,images/bottle_Elqui_Malbec_2020.png,Elqui Valley,Elqui,"oak, spices, black fruit, red fruit, earth, non oak","Beef, Lamb, Poultry",Malbec
Altocedro Old Vine Reserva Malbec 2019,Argentina,34.99,4.1,images/Altocedro_Old_Vine_Reserva_Malbec_2019.png,images/bottle_Altocedro_Old_Vine_Reserva_Malbec_2019.png,Uco Valley,Altocedro,"oak, black fruit, earth, non oak, spices, red fruit, microbio, floral, dried fruit, vegetal","Beef, Lamb",Malbec
Sheldrake Point Pinot Gris 2023,United States,18.99,3.6,images/Sheldrake_Point_Pinot_Gris_2023.png,images/bottle_Sheldrake_Point_Pinot_Gris_2023.png,Finger Lakes,Sheldrake Point,"tree fruit, earth, citrus fruit, tropical fruit, vegetal, microbio, oak, non oak, floral",,
Blackwater Lazy Lucy 2023,South Africa,14.99,3.7,images/Blackwater_Lazy_Lucy_2023.png,images/bottle_Blackwater_Lazy_Lucy_2023.png,Swartland,Blackwater,"red fruit, citrus fruit, vegetal, microbio, tree fruit, earth, oak, non oak, dried fruit, tropical fruit, spices, floral","Rich fish (salmon, tuna etc), Shellfish, Appetizers and snacks, Lean fish",
Field Recordings Fiction Grenache Rosé 2022,United States,25,3.7,images/Field_Recordings_Fiction_Grenache_Ros_2022.png,images/bottle_Field_Recordings_Fiction_Grenache_Ros_2022.png,Paso Robles,Field Recordings,"red fruit, citrus fruit, tree fruit, earth, microbio, vegetal, black fruit, tropical fruit, floral, oak, dried fruit, spices","Shellfish, Spicy food, Appetizers and snacks, Fruity desserts, Aperitif","Shiraz/Syrah, Cabernet Sauvignon, Pinot Noir, Sangiovese, Zinfandel, Barbera"
Altocedro Año Cero Malbec 2022,Argentina,24.99,3.9,images/Altocedro_Ao_Cero_Malbec_2022.png,images/bottle_Altocedro_Ao_Cero_Malbec_2022.png,La Consulta,Altocedro,"oak, black fruit, earth, non oak, red fruit, spices, floral, microbio, dried fruit, vegetal, citrus fruit","Beef, Lamb",Malbec
Donkey & Goat Ramato Pinot Gris 2024,United States,35.99,3.9,images/Donkey_Goat_Ramato_Pinot_Gris_2024.png,images/bottle_Donkey_Goat_Ramato_Pinot_Gris_2024.png,Anderson Valley,Donkey & Goat,"tree fruit, citrus fruit, earth, red fruit, tropical fruit, floral, microbio, non oak, oak, spices, vegetal, black fruit, dried fruit","Pork, Spicy food, Mushrooms, Cured Meat",Pinot Gris
Casa Silva Los Lingues Carmenère 2022,Chile,27,4.1,images/Casa_Silva_Los_Lingues_Carmenre_2022.png,images/bottle_Casa_Silva_Los_Lingues_Carmenre_2022.png,Colchagua Valley,Casa Silva,"oak, black fruit, spices, earth, non oak, red fruit, vegetal, microbio, floral, dried fruit, citrus fruit, tropical fruit","Beef, Pasta, Lamb, Poultry",Carménère
Château Haut-Monplaisir Tradition Cahors Malbec 2021,France,13.99,3.7,images/Chteau_Haut_Monplaisir_Tradition_Cahors_Malbec_202.png,images/bottle_Chteau_Haut_Monplaisir_Tradition_Cahors_Mal.png,Cahors,Château Haut-Monplaisir,"black fruit, earth, oak, non oak, red fruit, spices, microbio, dried fruit, vegetal, floral, citrus fruit","Beef, Lamb, Poultry",Malbec
Chateau Ste. Michelle Pinot Gris 2022,United States,10.99,3.7,images/Chateau_Ste_Michelle_Pinot_Gris_2022.png,images/bottle_Chateau_Ste_Michelle_Pinot_Gris_2022.png,Columbia Valley,Chateau Ste. Michelle,"tree fruit, citrus fruit, earth, oak, microbio, tropical fruit, vegetal, spices, non oak, floral, red fruit, black fruit, dried fruit","Shellfish, Poultry, Lean fish, Mild and soft cheese",Pinot Gris
Domaine Weinbach Clos des Capucins Pinot Gris Alsace Altenbourg 2022,France,56.99,4.2,images/Domaine_Weinbach_Clos_des_Capucins_Pinot_Gris_Alsa.png,images/bottle_Domaine_Weinbach_Clos_des_Capucins_Pinot_Gr.png,Alsace,Domaine Weinbach,"earth, tropical fruit, citrus fruit, dried fruit, non oak, oak, tree fruit, spices, vegetal, microbio","Pork, Spicy food, Mushrooms, Cured Meat",Pinot Gris
Vitícola Mentridana El Mentridano 2021,Spain,33.99,3.9,images/Vitcola_Mentridana_El_Mentridano_2021.png,images/bottle_Vitcola_Mentridana_El_Mentridano_2021.png,Méntrida,Vitícola Mentridana,"red fruit, oak, black fruit, dried fruit, earth, spices, tree fruit, citrus fruit, floral, microbio, non oak","Beef, Pasta, Lamb, Game (deer, venison), Poultry",Grenache
Zuccardi Aluvional Gualtallary 2018,Argentina,89.99,4.2,images/Zuccardi_Aluvional_Gualtallary_2018.png,images/bottle_Zuccardi_Aluvional_Gualtallary_2018.png,Gualtallary,Zuccardi,"black fruit, oak, spices, earth, non oak, red fruit, floral, vegetal, dried fruit, microbio, citrus fruit","Beef, Lamb",Malbec
Telmo Rodriguez Pegaso Arrebatacapas 2021,Spain,109.99,4.2,images/Telmo_Rodriguez_Pegaso_Arrebatacapas_2021.png,images/bottle_Telmo_Rodriguez_Pegaso_Arrebatacapas_2021.png,Madrid,Telmo Rodriguez,"red fruit, spices, earth, black fruit, non oak, oak, dried fruit, floral, tree fruit, vegetal","Beef, Pasta, Lamb, Game (deer, venison), Poultry",Grenache
Comando G Navatalgordo 2022,Spain,68,4,images/Comando_G_Navatalgordo_2022.jpg,,Madrid,Comando G,,"Beef, Pasta, Lamb, Game (deer, venison), Poultry",Grenache
Señorío de Irati Tinto 2021,Spain,11.99,3.8,images/Seoro_de_Irati_Tinto_2021.png,images/bottle_Seoro_de_Irati_Tinto_2021.png,Navarra,Señorío de Irati,"red fruit, oak, earth, non oak, black fruit, spices, dried fruit, floral, vegetal, citrus fruit, microbio, tree fruit","Beef, Pasta, Lamb, Game (deer, venison), Poultry",Grenache
Clos du Mont-Olivet Châteauneuf-du-Pape La Cuvée du Papet 2009,France,98,4.1,images/Clos_du_Mont_Olivet_Chteauneuf_du_Pape_La_Cuve_du_.png,images/bottle_Clos_du_Mont_Olivet_Chteauneuf_du_Pape_La_C.png,Châteauneuf-du-Pape,Clos du Mont-Olivet,"earth, oak, black fruit, red fruit, non oak, spices, floral, microbio, dried fruit, vegetal, tree fruit, citrus fruit, tropical fruit","Lamb, Pork, Poultry","Shiraz/Syrah, Mourvedre, Counoise, Cinsaut, Vaccareze, Muscardin"
Cruz Alta Malbec 2024,Argentina,12.97,3.7,images/Cruz_Alta_Malbec_2024.png,images/bottle_Cruz_Alta_Malbec_2024.png,Mendoza,Cruz Alta,"black fruit, oak, red fruit, non oak, earth, spices, microbio, dried fruit, floral, tropical fruit, tree fruit, vegetal","Beef, Lamb, Pork",Malbec
Vena Cava Grenache Rosado 2023,Mexico,26.09,3.6,images/Vena_Cava_Grenache_Rosado_2023.jpg,,Valle de Guadalupe,Vena Cava,"red fruit, earth, tree fruit, citrus fruit, floral",,
Espelt Pla De Gates Negre 2021,Spain,34.99,4,images/Espelt_Pla_De_Gates_Negre_2021.png,images/bottle_Espelt_Pla_De_Gates_Negre_2021.png,Empordà,Espelt,"red fruit, black fruit, earth, spices, oak, vegetal, floral, non oak, microbio","Beef, Pasta, Lamb, Game (deer, venison), Poultry",Grenache
Escorihuela Gascón The President's Malbec - Malbec 2021,Argentina,25.99,4.2,images/Escorihuela_Gascn_The_Presidents_Malbec_Malbec_202.png,images/bottle_Escorihuela_Gascn_The_Presidents_Malbec_Mal.png,Mendoza,Escorihuela Gascón,"earth, oak, spices, red fruit, black fruit, non oak, dried fruit, vegetal","Beef, Lamb, Pork",Malbec
Cuvelier Los Andes Grand Malbec 2018,Argentina,67.99,4.1,images/Cuvelier_Los_Andes_Grand_Malbec_2018.png,images/bottle_Cuvelier_Los_Andes_Grand_Malbec_2018.png,Mendoza,Cuvelier Los Andes,"oak, black fruit, non oak, spices, red fruit, earth, dried fruit, floral, microbio, vegetal, citrus fruit","Beef, Lamb, Pork",Malbec
Terra Alpina Pinot Grigio 2023,Italy,19.99,3.8,images/Terra_Alpina_Pinot_Grigio_2023.png,images/bottle_Terra_Alpina_Pinot_Grigio_2023.png,Vigneti delle Dolomiti,Terra Alpina,"tree fruit, citrus fruit, earth, vegetal, microbio, tropical fruit, oak, spices, non oak, floral, red fruit, black fruit, dried fruit","Shellfish, Vegetarian, Mushrooms, Aperitif",Pinot Grigio
The Language of Yes Grenache 2022,United States,40,4,images/The_Language_of_Yes_Grenache_2022.png,images/bottle_The_Language_of_Yes_Grenache_2022.png,Santa Maria Valley,The Language of Yes,"red fruit, spices, black fruit, floral, earth, non oak, dried fruit, oak, citrus fruit, vegetal, microbio","Beef, Lamb, Spicy food, Vegetarian, Poultry",Grenache
San Simeon Wines Grenache Rosé 2023,United States,18.95,3.7,images/San_Simeon_Wines_Grenache_Ros_2023.png,images/bottle_San_Simeon_Wines_Grenache_Ros_2023.png,Paso Robles,San Simeon Wines,"red fruit, tree fruit, citrus fruit, earth, black fruit, oak, spices","Shellfish, Spicy food, Appetizers and snacks, Fruity desserts, Aperitif","Shiraz/Syrah, Cabernet Sauvignon, Pinot Noir, Sangiovese, Zinfandel, Barbera"
Domaine Santa Duc Châteauneuf du Pape Habemus Papam 2020,France,74.97,4.3,images/Domaine_Santa_Duc_Chteauneuf_du_Pape_Habemus_Papam.png,images/bottle_Domaine_Santa_Duc_Chteauneuf_du_Pape_Habemu.png,Châteauneuf-du-Pape,Domaine Santa Duc,"oak, earth, black fruit, spices, red fruit, non oak, dried fruit, floral, vegetal, microbio, citrus fruit, tree fruit","Lamb, Pork, Poultry","Shiraz/Syrah, Mourvedre, Counoise, Cinsaut, Vaccareze, Muscardin"
Clos du Caillou Côtes du Rhône Le Caillou 2023,France,23.99,3.8,images/Clos_du_Caillou_Ctes_du_Rhne_Le_Caillou_2023.png,images/bottle_Clos_du_Caillou_Ctes_du_Rhne_Le_Caillou_202.png,Côtes-du-Rhône,Clos du Caillou,"red fruit, black fruit, spices, oak, earth, non oak, microbio, vegetal, tree fruit, dried fruit, floral, tropical fruit, citrus fruit","Beef, Lamb, Game (deer, venison)","Shiraz/Syrah, Grenache, Mourvedre"
Cameron Ramato 2022,United States,33.99,4.2,images/Cameron_Ramato_2022.png,images/bottle_Cameron_Ramato_2022.png,Dundee Hills,Cameron,"citrus fruit, tree fruit, earth, microbio, red fruit, spices, floral, vegetal, non oak, oak, dried fruit","Pork, Spicy food, Mushrooms, Cured Meat",Pinot Gris
Giovanni Montisci Barrosu Cannonau di Sardegna 2017,Italy,55.21,4.1,images/Giovanni_Montisci_Barrosu_Cannonau_di_Sardegna_201.png,images/bottle_Giovanni_Montisci_Barrosu_Cannonau_di_Sarde.png,Cannonau di Sardegna,Giovanni Montisci,"red fruit, oak, black fruit, spices, non oak, earth, floral, dried fruit, citrus fruit, vegetal, tree fruit, microbio, tropical fruit","Beef, Pasta, Lamb, Game (deer, venison), Poultry",Grenache
Bertani Velante Pinot Grigio 2022,Italy,10.99,4,images/Bertani_Velante_Pinot_Grigio_2022.png,images/bottle_Bertani_Velante_Pinot_Grigio_2022.png,Veneto,Bertani,"tree fruit, citrus fruit, earth, microbio, oak, tropical fruit, floral, vegetal, non oak, spices, black fruit, red fruit","Shellfish, Vegetarian, Mushrooms, Aperitif",Pinot Grigio
Zuccardi Finca Canal Uco 2016,Argentina,142.99,4.3,images/Zuccardi_Finca_Canal_Uco_2016.png,images/bottle_Zuccardi_Finca_Canal_Uco_2016.png,Paraje Altamira,Zuccardi,"black fruit, oak, red fruit, spices, earth, non oak, floral, microbio, vegetal, citrus fruit","Beef, Lamb",Malbec
Coeur de Terre Vineyard Pinot Gris 2024,United States,22,3.8,images/Coeur_de_Terre_Vineyard_Pinot_Gris_2024.png,images/bottle_Coeur_de_Terre_Vineyard_Pinot_Gris_2024.png,Willamette Valley,Coeur de Terre Vineyard,"tree fruit, citrus fruit, earth, oak, tropical fruit, spices, vegetal, non oak, black fruit, red fruit, floral, microbio","Pork, Spicy food, Mushrooms, Cured Meat",Pinot Gris
David Hill Estate Pinot Gris 2022,United States,28,3.9,images/David_Hill_Estate_Pinot_Gris_2022.png,images/bottle_David_Hill_Estate_Pinot_Gris_2022.png,Willamette Valley,David Hill,"tree fruit, citrus fruit, oak, microbio, earth, non oak, vegetal, black fruit, red fruit, spices, floral","Pork, Spicy food, Mushrooms, Cured Meat",Pinot Gris
BenMarco Malbec 2022,Argentina,16.99,3.9,images/BenMarco_Malbec_2022.png,images/bottle_BenMarco_Malbec_2022.png,Uco Valley,BenMarco,"oak, black fruit, non oak, earth, red fruit, spices, dried fruit, microbio, floral, vegetal, citrus fruit, tree fruit, tropical fruit","Beef, Lamb",Malbec
Scopa Pinot Grigio 2023,Italy,13.99,3.6,images/Scopa_Pinot_Grigio_2023.png,images/bottle_Scopa_Pinot_Grigio_2023.png,delle Venezie,Scopa,"tree fruit, citrus fruit, earth, vegetal","Shellfish, Vegetarian, Mushrooms, Aperitif",Pinot Grigio
Château d'Esclans Rosé 2021,France,37,4.1,images/Chteau_dEsclans_Ros_2021.png,images/bottle_Chteau_dEsclans_Ros_2021.png,Côtes de Provence,Château d'Esclans,"red fruit, oak, citrus fruit, tree fruit, earth, spices, non oak, microbio, floral, vegetal, black fruit, tropical fruit, dried fruit","Pork, Shellfish, Vegetarian, Poultry","Shiraz/Syrah, Grenache, Cinsault"
Álvaro Palacios L'Ermita Velles Vinyes Priorat 2000,Spain,453,4.7,images/lvaro_Palacios_LErmita_Velles_Vinyes_Priorat_2000.png,images/bottle_lvaro_Palacios_LErmita_Velles_Vinyes_Priora.png,Priorat,Álvaro Palacios,"oak, black fruit, earth, red fruit, non oak, spices, dried fruit, floral, microbio, vegetal, citrus fruit, tree fruit","Beef, Lamb, Game (deer, venison), Poultry","Shiraz/Syrah, Cabernet Sauvignon, Grenache, Carignan"
Carlos Basso Dos Fincas Malbec 2020,Argentina,14.99,3.8,images/Carlos_Basso_Dos_Fincas_Malbec_2020.png,images/bottle_Carlos_Basso_Dos_Fincas_Malbec_2020.png,Uco Valley,Carlos Basso,"black fruit, oak, red fruit, earth, microbio, non oak, spices, dried fruit, citrus fruit, floral","Beef, Lamb",Malbec
Willm Pinot Gris Réserve 2021,France,16.99,3.8,images/Willm_Pinot_Gris_Rserve_2021.png,images/bottle_Willm_Pinot_Gris_Rserve_2021.png,Alsace,Willm,"tree fruit, earth, citrus fruit, microbio, oak, tropical fruit, vegetal, floral, non oak, spices, red fruit, black fruit, dried fruit","Pork, Spicy food, Mushrooms, Cured Meat",Pinot Gris
Domaine La Manarine Côtes du Rhône Rouge 2021,France,19.99,3.8,images/Domaine_La_Manarine_Ctes_du_Rhne_Rouge_2021.png,images/bottle_Domaine_La_Manarine_Ctes_du_Rhne_Rouge_2021.png,Côtes-du-Rhône,Domaine La Manarine,"red fruit, earth, black fruit, oak, spices, non oak, vegetal, floral, microbio, tree fruit, dried fruit, citrus fruit, tropical fruit","Beef, Lamb, Game (deer, venison)","Shiraz/Syrah, Grenache, Mourvedre"
Rié et Hirofumi Shoji Pedres Blanques Rouge 2019,France,175,4.2,images/Ri_et_Hirofumi_Shoji_Pedres_Blanques_Rouge_2019.jpg,,Vin de France,Rié et Hirofumi Shoji,"red fruit, black fruit, spices, earth, oak, non oak, floral, microbio, dried fruit, tropical fruit, tree fruit",,
Forastero Malbec 2021,Argentina,18.99,3.8,images/Forastero_Malbec_2021.jpg,,Mendoza,Forastero,"earth, oak, non oak, black fruit","Beef, Lamb, Pork",Malbec
Ecco Domani Pinot Grigio 2023,Italy,10.99,3.7,images/Ecco_Domani_Pinot_Grigio_2023.png,images/bottle_Ecco_Domani_Pinot_Grigio_2023.png,delle Venezie,Ecco Domani,"tree fruit, citrus fruit, tropical fruit, earth, microbio, vegetal, oak, floral, non oak, spices, red fruit, black fruit, dried fruit","Shellfish, Vegetarian, Mushrooms, Aperitif",Pinot Grigio
Nin-Ortiz Nit de Nin Mas d'en Caçador 2013,Spain,174,4.4,images/Nin_Ortiz_Nit_de_Nin_Mas_den_Caador_2013.png,images/bottle_Nin_Ortiz_Nit_de_Nin_Mas_den_Caador_2013.png,Priorat,Nin-Ortiz,"oak, non oak, black fruit, earth, red fruit, spices, microbio, floral, vegetal, citrus fruit, tree fruit, tropical fruit, dried fruit","Beef, Lamb, Game (deer, venison), Poultry","Shiraz/Syrah, Cabernet Sauvignon, Grenache, Carignan"
Kendall-Jackson Vintner's Reserve Pinot Gris 2018,United States,22.84,3.5,images/Kendall_Jackson_Vintners_Reserve_Pinot_Gris_2018.png,images/bottle_Kendall_Jackson_Vintners_Reserve_Pinot_Gris.png,California,Kendall-Jackson,"tree fruit, citrus fruit, earth, tropical fruit, oak, vegetal, microbio, spices, floral, non oak, red fruit","Pork, Spicy food, Mushrooms, Cured Meat",Pinot Gris
Carol Shelton Oat Valley Vineyard Old Vine Carignane 2019,United States,30,4.4,images/Carol_Shelton_Oat_Valley_Vineyard_Old_Vine_Carigna.png,images/bottle_Carol_Shelton_Oat_Valley_Vineyard_Old_Vine_.png,Alexander Valley,Carol Shelton,"red fruit, black fruit, spices, non oak, oak, earth, dried fruit, microbio","Beef, Pork, Poultry, Any junk food will do",Carignan
Tommasi Le Rosse Pinot Grigio 2011,Italy,14.99,3.6,images/Tommasi_Le_Rosse_Pinot_Grigio_2011.png,images/bottle_Tommasi_Le_Rosse_Pinot_Grigio_2011.png,Valpolicella,Tommasi,"tree fruit, citrus fruit, earth, tropical fruit, vegetal, microbio, oak, non oak, spices, floral, red fruit, dried fruit","Shellfish, Vegetarian, Mushrooms, Aperitif",Pinot Grigio
Bodegas Aragonesas Fagus de Coto de Hayas Garnacha 2021,Spain,28.99,4.1,images/Bodegas_Aragonesas_Fagus_de_Coto_de_Hayas_Garnacha.png,images/bottle_Bodegas_Aragonesas_Fagus_de_Coto_de_Hayas_G.png,Aragón,Bodegas Aragonesas,"oak, non oak, earth, spices, red fruit, black fruit, microbio, dried fruit, floral, vegetal, tropical fruit, citrus fruit","Beef, Pasta, Lamb, Game (deer, venison), Poultry",Grenache
Bosquet des Papes A la Gloire de Mon Grand-Père Châteauneuf-du-Pape 2015,France,69.99,4.1,images/Bosquet_des_Papes_A_la_Gloire_de_Mon_Grand_Pre_Cht.png,images/bottle_Bosquet_des_Papes_A_la_Gloire_de_Mon_Grand_.png,Châteauneuf-du-Pape,Bosquet des Papes,"oak, black fruit, spices, earth, red fruit, non oak, dried fruit, floral, microbio, vegetal, tree fruit","Lamb, Pork, Poultry","Shiraz/Syrah, Mourvedre, Counoise, Cinsaut, Vaccareze, Muscardin"
Finca el Origen Reserva Malbec 2022,Argentina,11.99,3.9,images/Finca_el_Origen_Reserva_Malbec_2022.png,images/bottle_Finca_el_Origen_Reserva_Malbec_2022.png,Mendoza,Finca el Origen,"oak, black fruit, non oak, earth, spices, red fruit, microbio, dried fruit, floral, citrus fruit, vegetal, tree fruit","Beef, Lamb, Pork",Malbec
Domaines Ott Château Romassan Rosé (Coeur de Grain) 2023,France,59.99,4.1,images/Domaines_Ott_Chteau_Romassan_Ros_Coeur_de_Grain_20.png,images/bottle_Domaines_Ott_Chteau_Romassan_Ros_Coeur_de_G.png,Bandol,Domaines Ott,"tree fruit, citrus fruit, red fruit, earth, spices, microbio, oak, floral, non oak, tropical fruit, vegetal, black fruit, dried fruit","Pork, Shellfish, Vegetarian, Poultry","Shiraz/Syrah, Grenache, Cinsault"
Preston Farm & Winery Carignane 2022,United States,45,4.2,images/Preston_Farm_Winery_Carignane_2022.jpg,,Dry Creek Valley,Preston Farm & Winery,"oak, black fruit, red fruit, earth, non oak, spices, floral","Beef, Pork, Poultry, Any junk food will do",Carignan
Gramenon Contre Couleur 2022,France,57,3.9,images/Gramenon_Contre_Couleur_2022.png,images/bottle_Gramenon_Contre_Couleur_2022.png,Côtes-du-Rhône,Gramenon,"red fruit, black fruit, spices, floral, earth, non oak, oak","Beef, Lamb, Game (deer, venison)","Shiraz/Syrah, Grenache, Mourvedre"
Domaine Font Du Vent Cuvée Tradition Châteauneuf-du-Pape 2020,France,59.99,4.1,images/Domaine_Font_Du_Vent_Cuve_Tradition_Chteauneuf_du_.png,images/bottle_Domaine_Font_Du_Vent_Cuve_Tradition_Chteaun.png,Châteauneuf-du-Pape,Domaine Font Du Vent,"black fruit, earth, oak, spices, red fruit, non oak, floral, microbio, tree fruit, vegetal, dried fruit","Lamb, Pork, Poultry","Shiraz/Syrah, Mourvedre, Counoise, Cinsaut, Vaccareze, Muscardin"
Sun Goddess Pinot Grigio Ramato 2021,Italy,19.99,3.9,images/Sun_Goddess_Pinot_Grigio_Ramato_2021.png,images/bottle_Sun_Goddess_Pinot_Grigio_Ramato_2021.png,Friuli,Sun Goddess,"tree fruit, citrus fruit, red fruit, earth, microbio, oak, tropical fruit, vegetal, spices, non oak, floral, black fruit, dried fruit","Shellfish, Mature and hard cheese, Appetizers and snacks, Lean fish, Mild and soft cheese, Cured Meat",
Ramon Cardova Garnacha 2022,Spain,18.99,3.8,images/Ramon_Cardova_Garnacha_2022.png,images/bottle_Ramon_Cardova_Garnacha_2022.png,Rioja,Ramon Cardova,"black fruit, red fruit, earth, dried fruit, spices, vegetal, microbio, non oak, oak","Beef, Lamb, Veal, Poultry","Tempranillo, Graciano, Garnacha"
Evodia Old Vines Garnacha 2021,Spain,13.99,3.7,images/Evodia_Old_Vines_Garnacha_2021.png,images/bottle_Evodia_Old_Vines_Garnacha_2021.png,Calatayud,Evodia,"red fruit, black fruit, oak, spices, earth, non oak, microbio, dried fruit, floral, citrus fruit, vegetal, tree fruit, tropical fruit","Beef, Pasta, Lamb, Game (deer, venison), Poultry",Grenache
Henri Bonneau Chateauneuf-du-Pape Réserve des Célestins 2004,France,392,4.5,images/Henri_Bonneau_Chateauneuf_du_Pape_Rserve_des_Clest.png,images/bottle_Henri_Bonneau_Chateauneuf_du_Pape_Rserve_de.png,Châteauneuf-du-Pape,Henri Bonneau,"earth, oak, black fruit, red fruit, spices, non oak, microbio, floral, dried fruit, vegetal, tropical fruit, citrus fruit, tree fruit","Lamb, Pork, Poultry","Shiraz/Syrah, Mourvedre, Counoise, Cinsaut, Vaccareze, Muscardin"
Francis Ford Coppola Winery Diamond Collection Pinot Grigio 2023,United States,11.99,3.7,images/Francis_Ford_Coppola_Winery_Diamond_Collection_Pin.png,images/bottle_Francis_Ford_Coppola_Winery_Diamond_Collect.png,California,Francis Ford Coppola Winery,"tree fruit, citrus fruit, earth, vegetal, tropical fruit, oak, spices, floral, microbio, non oak, red fruit, black fruit","Pork, Spicy food, Mushrooms, Cured Meat",Pinot Gris
Terroir Sense Fronteres Vèrtebra Montsant 2018,Spain,65,4,images/Terroir_Sense_Fronteres_Vrtebra_Montsant_2018.png,images/bottle_Terroir_Sense_Fronteres_Vrtebra_Montsant_20.png,Montsant,Terroir Sense Fronteres,"red fruit, earth, spices, microbio, oak, black fruit, floral, non oak, dried fruit","Beef, Pasta, Lamb","Shiraz/Syrah, Cabernet Sauvignon, Cariñena, Garnacha"
Teperberg Vision Malbec 2021,Israel,12.99,3.7,images/Teperberg_Vision_Malbec_2021.png,images/bottle_Teperberg_Vision_Malbec_2021.png,Judean Hills,Teperberg,"oak, red fruit, non oak, black fruit, spices, earth, microbio, tree fruit, floral","Beef, Lamb, Veal, Game (deer, venison), Poultry",
Portal del Priorat Clos del Portal Tros de Clos 2016,Spain,109.99,4.3,images/Portal_del_Priorat_Clos_del_Portal_Tros_de_Clos_20.png,images/bottle_Portal_del_Priorat_Clos_del_Portal_Tros_de_.png,Priorat,Portal del Priorat,"oak, earth, black fruit, red fruit, non oak, spices, microbio, tree fruit, vegetal, dried fruit, floral","Beef, Lamb, Game (deer, venison), Poultry","Shiraz/Syrah, Cabernet Sauvignon, Grenache, Carignan"
Caposaldo Pinot Grigio 2021,Italy,10.99,3.8,images/Caposaldo_Pinot_Grigio_2021.png,images/bottle_Caposaldo_Pinot_Grigio_2021.png,delle Venezie,Caposaldo,"tree fruit, citrus fruit, earth, microbio, oak, vegetal, tropical fruit, spices, non oak, red fruit, floral","Shellfish, Vegetarian, Mushrooms, Aperitif",Pinot Grigio
Altos Las Hormigas Malbec Appellation Gualtallary 2021,Argentina,44.99,4.2,images/Altos_Las_Hormigas_Malbec_Appellation_Gualtallary_.png,images/bottle_Altos_Las_Hormigas_Malbec_Appellation_Gualt.png,Gualtallary,Altos Las Hormigas,"oak, black fruit, earth, spices, non oak, red fruit, floral, vegetal, dried fruit, microbio, citrus fruit, tree fruit, tropical fruit","Beef, Lamb",Malbec
Escorihuela Gascón Malbec 2023,Argentina,18.99,4,images/Escorihuela_Gascn_Malbec_2023.png,images/bottle_Escorihuela_Gascn_Malbec_2023.png,Mendoza,Escorihuela Gascón,"oak, black fruit, non oak, red fruit, spices, earth, microbio, floral, dried fruit, citrus fruit, vegetal, tropical fruit","Beef, Lamb, Pork",Malbec
Girlan Pinot Grigio 2023,Italy,19.99,4,images/Girlan_Pinot_Grigio_2023.png,images/bottle_Girlan_Pinot_Grigio_2023.png,Südtirol - Alto Adige,Girlan,"tree fruit, citrus fruit, earth, vegetal, microbio, oak, non oak, tropical fruit, spices, floral","Shellfish, Vegetarian, Mushrooms, Aperitif",Pinot Grigio
Mann Letzenberg Pinot Gris 2017,France,29.99,4,images/Mann_Letzenberg_Pinot_Gris_2017.png,images/bottle_Mann_Letzenberg_Pinot_Gris_2017.png,Alsace,Mann,"citrus fruit, tree fruit, earth, tropical fruit, floral, non oak, oak","Pork, Spicy food, Mushrooms, Cured Meat",Pinot Gris
Jezreel Rose 2019,Israel,21.99,3.7,images/Jezreel_Rose_2019.png,images/bottle_Jezreel_Rose_2019.png,Lower Galilee,Jezreel,"red fruit, citrus fruit, oak, spices, black fruit, tree fruit, microbio, earth, non oak",,
Paradise Springs Pink Ash Rosé 2023,United States,35,3.9,images/Paradise_Springs_Pink_Ash_Ros_2023.jpg,,Santa Barbara County,Paradise Springs,"red fruit, earth, black fruit, tree fruit, oak","Shellfish, Spicy food, Appetizers and snacks, Fruity desserts, Aperitif","Shiraz/Syrah, Cabernet Sauvignon, Pinot Noir, Sangiovese, Zinfandel, Barbera"
Morca Garnacha 2022,Spain,47.99,4.4,images/Morca_Garnacha_2022.png,images/bottle_Morca_Garnacha_2022.png,Campo de Borja,Morca,"oak, black fruit, non oak, earth, spices, red fruit, microbio, floral, dried fruit, vegetal, tree fruit, citrus fruit","Beef, Pasta, Lamb, Game (deer, venison), Poultry",Grenache
Chateau Ste. Michelle Rosé 2023,United States,10.99,3.7,images/Chateau_Ste_Michelle_Ros_2023.png,images/bottle_Chateau_Ste_Michelle_Ros_2023.png,Yakima Valley,Chateau Ste. Michelle,"red fruit, citrus fruit, tree fruit, earth, microbio, floral, tropical fruit, oak, spices, non oak, vegetal, black fruit, dried fruit","Shellfish, Spicy food, Mature and hard cheese, Appetizers and snacks, Lean fish, Cured Meat",
Portlandia Pinot Gris 2022,United States,14.99,3.8,images/Portlandia_Pinot_Gris_2022.png,images/bottle_Portlandia_Pinot_Gris_2022.png,Oregon,Portlandia,"tree fruit, earth, citrus fruit, tropical fruit, floral, oak, non oak, spices, vegetal, microbio, red fruit, dried fruit, black fruit","Pork, Spicy food, Mushrooms, Cured Meat",Pinot Gris
Larson Family Winery Pinot Grigio 2023,United States,32,3.3,images/Larson_Family_Winery_Pinot_Grigio_2023.jpg,,Sonoma Valley,Larson Family Winery,"citrus fruit, tree fruit, floral, earth, microbio, non oak, oak","Pork, Spicy food, Mushrooms, Cured Meat",Pinot Gris
Pierre Usseglio Châteauneuf-du-Pape Réserve des Deux Frères 2005,France,175,4.4,images/Pierre_Usseglio_Chteauneuf_du_Pape_Rserve_des_Deux.png,images/bottle_Pierre_Usseglio_Chteauneuf_du_Pape_Rserve_d.png,Châteauneuf-du-Pape,Pierre Usseglio,"black fruit, earth, oak, non oak, red fruit, spices, dried fruit, floral, vegetal, microbio, citrus fruit","Lamb, Pork, Poultry","Shiraz/Syrah, Mourvedre, Counoise, Cinsaut, Vaccareze, Muscardin"
Attems Pinot Grigio Ramato 2022,Italy,17.99,3.8,images/Attems_Pinot_Grigio_Ramato_2022.png,images/bottle_Attems_Pinot_Grigio_Ramato_2022.png,Friuli-Venezia Giulia,Attems,"citrus fruit, tree fruit, red fruit, earth, microbio, vegetal, oak, spices, non oak, tropical fruit, floral, dried fruit, black fruit","Shellfish, Vegetarian, Mushrooms, Aperitif",Pinot Grigio
Ziobaffa Pinot Grigio 2024,Italy,12.99,4,images/Ziobaffa_Pinot_Grigio_2024.png,images/bottle_Ziobaffa_Pinot_Grigio_2024.png,Terre Siciliane,Ziobaffa,"tree fruit, citrus fruit, earth, tropical fruit, spices, vegetal, oak, microbio, floral, non oak, black fruit, red fruit, dried fruit","Shellfish, Vegetarian, Appetizers and snacks","Malvasia, Fiano, Catarratto Bianco"
Santa Julia Malbec 2024,Argentina,11.98,3.5,images/Santa_Julia_Malbec_2024.png,images/bottle_Santa_Julia_Malbec_2024.png,Mendoza,Santa Julia,"black fruit, red fruit, oak, non oak, earth, spices, microbio, dried fruit, floral, tree fruit, vegetal, citrus fruit, tropical fruit","Beef, Lamb, Pork",Malbec
Jermann Ramât Pinot Grigio 2022,Italy,39.99,4.1,images/Jermann_Ramt_Pinot_Grigio_2022.jpg,,Friuli-Venezia Giulia,Jermann,tree fruit,"Shellfish, Vegetarian, Mushrooms, Aperitif",Pinot Grigio
Maison Bleue Bourgeois Grenache 2022,United States,60,4.2,images/Maison_Bleue_Bourgeois_Grenache_2022.jpg,,Walla Walla Valley,Maison Bleue,"oak, red fruit, non oak, spices, black fruit, earth, vegetal, floral, microbio, dried fruit, citrus fruit",,
Cantina Li Seddi Maistrali Cannonau di Sardegna Riserva 2012,Italy,19.1,4.1,images/Cantina_Li_Seddi_Maistrali_Cannonau_di_Sardegna_Ri.jpg,,Cannonau di Sardegna,Cantina Li Seddi,"black fruit, red fruit, spices, earth, oak, microbio, non oak","Beef, Pasta, Lamb, Game (deer, venison), Poultry",Grenache
Domaine Bousquet Organic Malbec 2024,Argentina,12.99,3.8,images/Domaine_Bousquet_Organic_Malbec_2024.png,images/bottle_Domaine_Bousquet_Organic_Malbec_2024.png,Uco Valley,Domaine Bousquet,"black fruit, oak, red fruit, earth, spices, non oak, microbio, dried fruit, vegetal, floral, citrus fruit, tree fruit, tropical fruit","Beef, Lamb",Malbec
Terroir Al Límit Soc. Lda Dits del Terra 2021,Spain,95,4.2,images/Terroir_Al_Lmit_Soc_Lda_Dits_del_Terra_2021.png,images/bottle_Terroir_Al_Lmit_Soc_Lda_Dits_del_Terra_2021.png,Priorat,Terroir Al Límit Soc. Lda,"oak, earth, red fruit, black fruit, spices, non oak, dried fruit, floral, microbio, citrus fruit, vegetal, tree fruit","Beef, Lamb, Game (deer, venison), Poultry","Shiraz/Syrah, Cabernet Sauvignon, Grenache, Carignan"
Five Star Cellars Malbec 2018,United States,40,4.1,images/Five_Star_Cellars_Malbec_2018.jpg,,Walla Walla Valley,Five Star Cellars,"oak, black fruit, red fruit, earth, spices, dried fruit, tree fruit, non oak",,
Psagot Malbec 2021,Israel,44.99,4.1,images/Psagot_Malbec_2021.png,images/bottle_Psagot_Malbec_2021.png,Jerusalem,Psagot,"red fruit, spices, non oak, oak, earth, black fruit","Beef, Lamb, Veal, Game (deer, venison), Poultry",
Josep Grau Viticultor La Florens 2020,Spain,50.99,4.1,images/Josep_Grau_Viticultor_La_Florens_2020.png,images/bottle_Josep_Grau_Viticultor_La_Florens_2020.png,Montsant,Josep Grau Viticultor,"red fruit, oak, spices, earth, non oak, black fruit, floral, citrus fruit, microbio","Beef, Pasta, Lamb","Shiraz/Syrah, Cabernet Sauvignon, Cariñena, Garnacha"
Santa Cruz Mountain Vineyard Hook Vineyard Grenache 2022,United States,28,3.9,images/Santa_Cruz_Mountain_Vineyard_Hook_Vineyard_Grenach.jpg,,Santa Lucia Highlands,Santa Cruz Mountain Vineyard,"red fruit, earth, oak, black fruit, spices, microbio","Beef, Lamb, Spicy food, Vegetarian, Poultry",Grenache
Can Blau Mas de Can Blau 2017,Spain,47.99,4.5,images/Can_Blau_Mas_de_Can_Blau_2017.png,images/bottle_Can_Blau_Mas_de_Can_Blau_2017.png,Montsant,Can Blau,"oak, black fruit, earth, non oak, red fruit, spices, microbio, dried fruit, floral, vegetal, citrus fruit, tropical fruit","Beef, Pasta, Lamb","Shiraz/Syrah, Cabernet Sauvignon, Cariñena, Garnacha"
Viña Zorzal Garnacha 2023,Spain,11.99,3.7,images/Via_Zorzal_Garnacha_2023.png,images/bottle_Via_Zorzal_Garnacha_2023.png,Navarra,Viña Zorzal,"red fruit, oak, earth, black fruit, spices, non oak, microbio, floral, citrus fruit, vegetal, dried fruit, tree fruit, tropical fruit","Beef, Pasta, Lamb, Game (deer, venison), Poultry",Grenache
Lamadrid Malbec Single Vineyard 2022,Argentina,17.99,3.7,images/Lamadrid_Malbec_Single_Vineyard_2022.png,images/bottle_Lamadrid_Malbec_Single_Vineyard_2022.png,Agrelo,Lamadrid,"black fruit, oak, red fruit, non oak, earth, spices, microbio, vegetal, dried fruit, tree fruit, floral","Beef, Lamb",Malbec
Cune (CVNE) Selección de Fincas Garnacha 2018,Spain,19.99,3.8,images/Cune_CVNE_Seleccin_de_Fincas_Garnacha_2018.png,images/bottle_Cune_CVNE_Seleccin_de_Fincas_Garnacha_2018.png,Rioja,Cune (CVNE),"red fruit, black fruit, oak, non oak, spices, earth, microbio, dried fruit, vegetal","Beef, Lamb, Veal, Poultry","Tempranillo, Graciano, Garnacha"
Hafner Rosé 2024,United States,21,3.9,images/Hafner_Ros_2024.png,images/bottle_Hafner_Ros_2024.png,Alexander Valley,Hafner,"red fruit, citrus fruit","Shellfish, Spicy food, Appetizers and snacks, Fruity desserts, Aperitif","Shiraz/Syrah, Cabernet Sauvignon, Pinot Noir, Sangiovese, Zinfandel, Barbera"
Agua de Piedra Gran Selección Malbec 2022,Argentina,10.99,3.8,images/Agua_de_Piedra_Gran_Seleccin_Malbec_2022.png,images/bottle_Agua_de_Piedra_Gran_Seleccin_Malbec_2022.png,Mendoza,Agua de Piedra,"black fruit, oak, earth, red fruit, non oak, spices, microbio, dried fruit, vegetal, floral, tree fruit, citrus fruit","Beef, Lamb, Pork",Malbec
Herzog Baron Herzog Pinot Grigio 2018,United States,12.99,3.4,images/Herzog_Baron_Herzog_Pinot_Grigio_2018.png,images/bottle_Herzog_Baron_Herzog_Pinot_Grigio_2018.png,Clarksburg,Herzog,"tropical fruit, tree fruit, citrus fruit, red fruit, vegetal, microbio, non oak, oak","Pork, Spicy food, Mushrooms, Cured Meat",Pinot Gris
Bargemone Commanderie de la Bargemone Rosé 2023,France,18.99,4,images/Bargemone_Commanderie_de_la_Bargemone_Ros_2023.png,images/bottle_Bargemone_Commanderie_de_la_Bargemone_Ros_2.png,Coteaux d'Aix-en-Provence,Bargemone,"red fruit, citrus fruit, tree fruit, earth, microbio, vegetal, floral, spices, tropical fruit, oak, non oak, dried fruit, black fruit","Pork, Shellfish, Vegetarian, Poultry","Shiraz/Syrah, Grenache, Cinsault"
Cruz Alta Grand Reserve Malbec 2022,Argentina,16.97,4,images/Cruz_Alta_Grand_Reserve_Malbec_2022.png,images/bottle_Cruz_Alta_Grand_Reserve_Malbec_2022.png,Mendoza,Cruz Alta,"black fruit, oak, red fruit, earth, spices, non oak, dried fruit, microbio, floral, vegetal, tree fruit, citrus fruit","Beef, Lamb, Pork",Malbec
Tardieu-Laurent Cuvée Spéciale Châteauneuf-du-Pape 2007,France,139,4.1,images/Tardieu_Laurent_Cuve_Spciale_Chteauneuf_du_Pape_20.png,images/bottle_Tardieu_Laurent_Cuve_Spciale_Chteauneuf_du_.png,Châteauneuf-du-Pape,Tardieu-Laurent,"oak, black fruit, earth, red fruit, non oak, spices, dried fruit, microbio, floral, citrus fruit, vegetal, tree fruit","Lamb, Pork, Poultry","Shiraz/Syrah, Mourvedre, Counoise, Cinsaut, Vaccareze, Muscardin"
Andremily Wines Grenache 2021,United States,150,4.5,images/Andremily_Wines_Grenache_2021.png,images/bottle_Andremily_Wines_Grenache_2021.png,Santa Barbara County,Andremily Wines,"black fruit, red fruit, spices, oak, dried fruit, floral, non oak, earth","Beef, Lamb, Spicy food, Vegetarian, Poultry",Grenache
Clos Saint Michel Domaine Guy Mousset Côtes du Rhône Rosé 2023,France,15.97,3.8,images/Clos_Saint_Michel_Domaine_Guy_Mousset_Ctes_du_Rhne.png,images/bottle_Clos_Saint_Michel_Domaine_Guy_Mousset_Ctes_.png,Côtes-du-Rhône,Clos Saint Michel,"red fruit, earth, citrus fruit, oak, tree fruit, spices, non oak, black fruit, microbio, floral, vegetal, tropical fruit, dried fruit","Pork, Rich fish (salmon, tuna etc), Shellfish, Poultry","Shiraz/Syrah, Grenache, Mourvedre"
M. Chapoutier Châteauneuf-du-Pape Barbe Rac  1998,France,340,4.2,images/M_Chapoutier_Chteauneuf_du_Pape_Barbe_Rac_1998.png,images/bottle_M_Chapoutier_Chteauneuf_du_Pape_Barbe_Rac_1.png,Châteauneuf-du-Pape,M. Chapoutier,"oak, earth, black fruit, spices, red fruit, non oak, dried fruit, floral, microbio, citrus fruit, vegetal, tree fruit, tropical fruit","Lamb, Pork, Poultry","Shiraz/Syrah, Mourvedre, Counoise, Cinsaut, Vaccareze, Muscardin"
Mascota Vineyards Unánime Malbec 2021,Argentina,26.97,3.9,images/Mascota_Vineyards_Unnime_Malbec_2021.png,images/bottle_Mascota_Vineyards_Unnime_Malbec_2021.png,Mendoza,Mascota Vineyards,"black fruit, oak, earth, red fruit, non oak, spices, dried fruit, microbio, floral, vegetal, citrus fruit, tree fruit","Beef, Lamb, Pork",Malbec
Gramenon Poignée de Raisins 2023,France,33,3.9,images/Gramenon_Poigne_de_Raisins_2023.png,images/bottle_Gramenon_Poigne_de_Raisins_2023.png,Côtes-du-Rhône,Gramenon,"black fruit, earth, red fruit, oak, spices, non oak, dried fruit, microbio, floral, vegetal, citrus fruit, tree fruit, tropical fruit","Beef, Lamb, Game (deer, venison)","Shiraz/Syrah, Grenache, Mourvedre"
Clos du Caillou La Réserve Châteauneuf-du-Pape 2015,France,162,4.3,images/Clos_du_Caillou_La_Rserve_Chteauneuf_du_Pape_2015.png,images/bottle_Clos_du_Caillou_La_Rserve_Chteauneuf_du_Pap.png,Châteauneuf-du-Pape,Clos du Caillou,"spices, red fruit, black fruit, oak, earth, non oak, dried fruit, floral, microbio, citrus fruit, tree fruit, vegetal, tropical fruit","Lamb, Pork, Poultry","Shiraz/Syrah, Mourvedre, Counoise, Cinsaut, Vaccareze, Muscardin"
Lc Villa Pinot Grigio 2023,Italy,10.98,3.6,images/Lc_Villa_Pinot_Grigio_2023.jpg,,Terre Siciliane,Lc Villa,"tree fruit, non oak, oak, citrus fruit, vegetal, earth, microbio","Shellfish, Vegetarian, Appetizers and snacks","Malvasia, Fiano, Catarratto Bianco"
Monte Xanic Grenache Rosé 2023,Mexico,17.09,3.8,images/Monte_Xanic_Grenache_Ros_2023.png,images/bottle_Monte_Xanic_Grenache_Ros_2023.png,Valle de Guadalupe,Monte Xanic,"red fruit, citrus fruit, tree fruit, spices, non oak, oak, floral, earth, microbio, tropical fruit, vegetal, black fruit",,
Terra Vega Carménère 2022,Chile,11.99,3.6,images/Terra_Vega_Carmnre_2022.png,images/bottle_Terra_Vega_Carmnre_2022.png,Central Valley,Terra Vega,"oak, red fruit, black fruit, spices, earth, non oak, microbio, dried fruit, vegetal, tree fruit, floral","Beef, Pasta, Lamb, Poultry",Carménère
Clos de Luz Massal 1945 Carmenère 1945,Chile,27.95,4.3,images/Clos_de_Luz_Massal_1945_Carmenre_1945.png,images/bottle_Clos_de_Luz_Massal_1945_Carmenre_1945.png,Colchagua Valley,Clos de Luz,"oak, black fruit, earth, non oak, spices, red fruit, vegetal, microbio, dried fruit, floral, citrus fruit, tropical fruit, tree fruit","Beef, Pasta, Lamb, Poultry",Carménère
L'Umami Pinot Gris 2023,United States,14.99,3.9,images/LUmami_Pinot_Gris_2023.png,images/bottle_LUmami_Pinot_Gris_2023.png,Willamette Valley,L'Umami,"tree fruit, earth, spices, oak, citrus fruit, non oak","Pork, Spicy food, Mushrooms, Cured Meat",Pinot Gris
Bollini Pinot Grigio 2023,Italy,14.99,3.8,images/Bollini_Pinot_Grigio_2023.png,images/bottle_Bollini_Pinot_Grigio_2023.png,Vigneti delle Dolomiti,Bollini,"tree fruit, citrus fruit, earth, microbio, oak, vegetal, non oak, tropical fruit, spices, floral, red fruit","Shellfish, Vegetarian, Mushrooms, Aperitif",Pinot Grigio
Clos du Caillou Châteauneuf-du-Pape Les Safres 2022,France,69.99,4.1,images/Clos_du_Caillou_Chteauneuf_du_Pape_Les_Safres_2022.png,images/bottle_Clos_du_Caillou_Chteauneuf_du_Pape_Les_Safr.png,Châteauneuf-du-Pape,Clos du Caillou,"oak, spices, red fruit, black fruit, non oak, earth, dried fruit, microbio, vegetal, tree fruit, citrus fruit, floral, tropical fruit","Lamb, Pork, Poultry","Shiraz/Syrah, Mourvedre, Counoise, Cinsaut, Vaccareze, Muscardin"
Schiopetto Collio Pinot Grigio 2020,Italy,42.99,4,images/Schiopetto_Collio_Pinot_Grigio_2020.png,images/bottle_Schiopetto_Collio_Pinot_Grigio_2020.png,Collio,Schiopetto,"tree fruit, earth, citrus fruit, tropical fruit, microbio, oak, non oak, spices, vegetal, floral, dried fruit, red fruit","Shellfish, Vegetarian, Mushrooms, Aperitif",Pinot Grigio
Preston Farm & Winery Grenache 2022,United States,42,4.2,images/Preston_Farm_Winery_Grenache_2022.jpg,,Dry Creek Valley,Preston Farm & Winery,"red fruit, earth, oak, black fruit, microbio, dried fruit, spices, non oak, floral","Beef, Lamb, Spicy food, Vegetarian, Poultry",Grenache
Bodega Cuarto Dominio Lote 44 2023,Argentina,12.99,3.7,images/Bodega_Cuarto_Dominio_Lote_44_2023.png,images/bottle_Bodega_Cuarto_Dominio_Lote_44_2023.png,Uco Valley,Bodega Cuarto Dominio,"black fruit, oak, red fruit, spices, non oak, earth, floral, microbio, vegetal, dried fruit, tree fruit","Beef, Lamb, Pork",Malbec
Clos Saint Jean Chateauneuf-du-Pape La Combe Des Fous 2006,France,199,4.4,images/Clos_Saint_Jean_Chateauneuf_du_Pape_La_Combe_Des_F.png,images/bottle_Clos_Saint_Jean_Chateauneuf_du_Pape_La_Comb.png,Châteauneuf-du-Pape,Clos Saint Jean,"black fruit, spices, earth, oak, red fruit, non oak, floral, dried fruit, microbio, vegetal, tree fruit, citrus fruit","Lamb, Pork, Poultry","Shiraz/Syrah, Mourvedre, Counoise, Cinsaut, Vaccareze, Muscardin"
Chacabuco Malbec 2023,Argentina,12.99,3.6,images/Chacabuco_Malbec_2023.png,images/bottle_Chacabuco_Malbec_2023.png,Mendoza,Chacabuco,"black fruit, oak, red fruit, non oak, spices, earth, dried fruit, microbio, vegetal, tropical fruit, tree fruit, floral","Beef, Lamb, Pork",Malbec
Antiyal Pura Fe Carmenère 2021,Chile,21.99,4,images/Antiyal_Pura_Fe_Carmenre_2021.png,images/bottle_Antiyal_Pura_Fe_Carmenre_2021.png,Maipo Valley,Antiyal,"oak, earth, black fruit, spices, non oak, red fruit, vegetal, microbio, floral, dried fruit","Beef, Pasta, Lamb, Poultry",Carménère
Bel Lago Pinot Grigio 2023,United States,22,3.9,images/Bel_Lago_Pinot_Grigio_2023.jpg,,Leelanau Peninsula,Bel Lago,"citrus fruit, microbio, oak, black fruit, tree fruit, vegetal, non oak","Pork, Shellfish, Vegetarian, Poultry, Appetizers and snacks, Lean fish",
The Simple Grape Pinot Grigio 2022,United States,14.99,3.8,images/The_Simple_Grape_Pinot_Grigio_2022.png,images/bottle_The_Simple_Grape_Pinot_Grigio_2022.png,California,The Simple Grape,"citrus fruit, tree fruit","Pork, Spicy food, Mushrooms, Cured Meat",Pinot Gris
Radikon Sivi Pinot Grigio 2022,Italy,49.99,4,images/Radikon_Sivi_Pinot_Grigio_2022.png,images/bottle_Radikon_Sivi_Pinot_Grigio_2022.png,Friuli-Venezia Giulia,Radikon,"citrus fruit, red fruit, earth, tree fruit, vegetal, oak, spices, microbio, non oak, dried fruit, floral, black fruit, tropical fruit","Shellfish, Vegetarian, Mushrooms, Aperitif",Pinot Grigio
Eleven Malbec 2022,United States,45,3.9,images/Eleven_Malbec_2022.jpg,,Red Mountain,Eleven,"red fruit, oak, spices, black fruit, non oak, floral, earth",,
Château Gigery Côtes de Provence 2023,France,19.97,4,images/Chteau_Gigery_Ctes_de_Provence_2023.png,images/bottle_Chteau_Gigery_Ctes_de_Provence_2023.png,Côtes de Provence,Château Gigery,"red fruit, tree fruit, citrus fruit, earth, floral, microbio, vegetal, non oak, oak, dried fruit, spices","Pork, Shellfish, Vegetarian, Poultry","Shiraz/Syrah, Grenache, Cinsault"
Campo Viejo Rosado 2020,Spain,11.99,3.7,images/Campo_Viejo_Rosado_2020.png,images/bottle_Campo_Viejo_Rosado_2020.png,Rioja,Campo Viejo,"red fruit, oak, spices, non oak, black fruit, earth, microbio, dried fruit, citrus fruit, tropical fruit, tree fruit, vegetal","Spicy food, Poultry, Appetizers and snacks",Grenache
LDV Winery Grenache 2017,United States,30,3.4,images/LDV_Winery_Grenache_2017.jpg,,Arizona,LDV Winery,"oak, red fruit, non oak, spices, earth, black fruit, microbio, dried fruit, vegetal, floral","Beef, Veal, Pork, Game (deer, venison), Vegetarian, Mushrooms",
Dominio del Challao Garnacha 2021,Spain,70,4,images/Dominio_del_Challao_Garnacha_2021.png,images/bottle_Dominio_del_Challao_Garnacha_2021.png,Rioja Alavesa,Dominio del Challao,"red fruit, non oak, oak","Beef, Lamb, Veal, Poultry","Tempranillo, Graciano, Garnacha"
Andretti Pinot Grigio 2023,United States,53,3.5,images/Andretti_Pinot_Grigio_2023.jpg,,Napa Valley,Andretti,"tree fruit, citrus fruit, red fruit, floral, vegetal, earth, microbio, non oak","Pork, Spicy food, Mushrooms, Cured Meat",Pinot Gris
Yellow Tail Pure Bright Pinot Grigio 2020,Australia,10.98,3.6,images/Yellow_Tail_Pure_Bright_Pinot_Grigio_2020.png,images/bottle_Yellow_Tail_Pure_Bright_Pinot_Grigio_2020.png,South Eastern Australia,Yellow Tail,"tree fruit, tropical fruit, citrus fruit, microbio, earth, spices, floral, vegetal, non oak, oak","Pork, Spicy food, Mushrooms, Cured Meat",Pinot Gris
Brothers Koerner Grenache 2022,Australia,30,3.9,images/Brothers_Koerner_Grenache_2022.png,images/bottle_Brothers_Koerner_Grenache_2022.png,Clare Valley,Brothers Koerner,"red fruit, earth, black fruit, spices, microbio, non oak, oak, citrus fruit","Beef, Lamb, Pork, Mature and hard cheese, Poultry, Blue cheese",Grenache
A Tribute to Grace Morro View Vineyard Grenache 2019,United States,59.99,4.2,images/A_Tribute_to_Grace_Morro_View_Vineyard_Grenache_20.png,images/bottle_A_Tribute_to_Grace_Morro_View_Vineyard_Gren.png,Central Coast,A Tribute to Grace,"red fruit, spices, black fruit, non oak, oak, earth, floral, dried fruit, tree fruit","Beef, Lamb, Spicy food, Vegetarian, Poultry",Grenache
Château d'Aqueria Tavel Rosé 2024,France,21.99,3.9,images/Chteau_dAqueria_Tavel_Ros_2024.png,images/bottle_Chteau_dAqueria_Tavel_Ros_2024.png,Tavel,Château d'Aqueria,"red fruit, earth, citrus fruit, spices, tree fruit, microbio, oak, floral, vegetal, non oak, black fruit, tropical fruit, dried fruit","Pork, Rich fish (salmon, tuna etc), Shellfish, Poultry","Shiraz/Syrah, Grenache, Mourvedre"
Lenz Winery Estate Selection Malbec 2019,United States,45,3.9,images/Lenz_Winery_Estate_Selection_Malbec_2019.jpg,,North Fork of Long Island,Lenz Winery,"black fruit, red fruit, non oak, oak, dried fruit, tropical fruit, spices, floral, earth",,
Elk Cove Pinot Gris 2023,United States,19.99,4,images/Elk_Cove_Pinot_Gris_2023.png,images/bottle_Elk_Cove_Pinot_Gris_2023.png,Willamette Valley,Elk Cove,"tree fruit, citrus fruit, earth, tropical fruit, oak, microbio, spices, vegetal, non oak, floral, red fruit, black fruit, dried fruit","Pork, Spicy food, Mushrooms, Cured Meat",Pinot Gris
Railsback Frères Winery Cuvée Spéciale Grenache Noir 2020,United States,45,4.2,images/Railsback_Frres_Winery_Cuve_Spciale_Grenache_Noir_.png,images/bottle_Railsback_Frres_Winery_Cuve_Spciale_Grenach.png,California,Railsback Frères Winery,"black fruit, earth, red fruit, microbio","Beef, Lamb, Spicy food, Vegetarian, Poultry",Grenache
Roger Sabon Châteauneuf-du-Pape Prestige 2000,France,95,4.1,images/Roger_Sabon_Chteauneuf_du_Pape_Prestige_2000.png,images/bottle_Roger_Sabon_Chteauneuf_du_Pape_Prestige_200.png,Châteauneuf-du-Pape,Roger Sabon,"black fruit, earth, oak, red fruit, spices, non oak, microbio, floral, dried fruit, vegetal, citrus fruit, tree fruit","Lamb, Pork, Poultry","Shiraz/Syrah, Mourvedre, Counoise, Cinsaut, Vaccareze, Muscardin"
Cantina Luna Lughente Lùndaras Cannonau di Sardegna 2012,Italy,11.75,3.8,images/Cantina_Luna_Lughente_Lndaras_Cannonau_di_Sardegna.jpg,,Cannonau di Sardegna,Cantina Luna Lughente,,"Beef, Pasta, Lamb, Game (deer, venison), Poultry",Grenache
Scarbolo ILRamato 2022,Italy,24.99,3.9,images/Scarbolo_ILRamato_2022.png,images/bottle_Scarbolo_ILRamato_2022.png,Friuli,Scarbolo,"citrus fruit, tree fruit, earth, red fruit, microbio, floral, oak, spices, vegetal, non oak, tropical fruit, black fruit, dried fruit","Shellfish, Vegetarian, Mushrooms, Aperitif",Pinot Grigio
Terroir Al Límit Soc. Lda Les Manyes 2017,Spain,321.99,4.4,images/Terroir_Al_Lmit_Soc_Lda_Les_Manyes_2017.png,images/bottle_Terroir_Al_Lmit_Soc_Lda_Les_Manyes_2017.png,Priorat,Terroir Al Límit Soc. Lda,"red fruit, earth, oak, black fruit, spices, non oak, floral, dried fruit, microbio, vegetal, citrus fruit, tropical fruit","Beef, Lamb, Game (deer, venison), Poultry","Shiraz/Syrah, Cabernet Sauvignon, Grenache, Carignan"
Terroir Al Límit Soc. Lda Les Tosses 2013,Spain,267.99,4.4,images/Terroir_Al_Lmit_Soc_Lda_Les_Tosses_2013.png,images/bottle_Terroir_Al_Lmit_Soc_Lda_Les_Tosses_2013.png,Priorat,Terroir Al Límit Soc. Lda,"earth, black fruit, oak, red fruit, non oak, spices, microbio, dried fruit, tree fruit, floral, tropical fruit, vegetal","Beef, Lamb, Game (deer, venison), Poultry","Shiraz/Syrah, Cabernet Sauvignon, Grenache, Carignan"
Bodega Norton Reserva Malbec 2005,Argentina,27.99,3.4,images/Bodega_Norton_Reserva_Malbec_2005.png,images/bottle_Bodega_Norton_Reserva_Malbec_2005.png,Lujan de Cuyo,Bodega Norton,"oak, black fruit, earth, non oak, red fruit, spices, microbio, dried fruit, floral, vegetal, citrus fruit, tree fruit, tropical fruit","Beef, Lamb",Malbec
Clos Siguier Cahors 2019,France,17.99,3.7,images/Clos_Siguier_Cahors_2019.png,images/bottle_Clos_Siguier_Cahors_2019.png,Cahors,Clos Siguier,"earth, black fruit, oak, red fruit, spices, non oak, microbio, floral, vegetal, dried fruit, citrus fruit, tree fruit","Beef, Lamb, Poultry",Malbec
Sokol Blosser Estate Pinot Gris 2022,United States,22.99,3.9,images/Sokol_Blosser_Estate_Pinot_Gris_2022.png,images/bottle_Sokol_Blosser_Estate_Pinot_Gris_2022.png,Willamette Valley,Sokol Blosser,"tree fruit, citrus fruit, earth, microbio, non oak, floral, oak, tropical fruit, vegetal, spices, dried fruit","Pork, Spicy food, Mushrooms, Cured Meat",Pinot Gris
A Tribute to Grace Grenache 2022,United States,34.99,4,images/A_Tribute_to_Grace_Grenache_2022.png,images/bottle_A_Tribute_to_Grace_Grenache_2022.png,Santa Barbara County,A Tribute to Grace,"red fruit, spices, oak, non oak, earth, black fruit, floral, dried fruit, microbio, citrus fruit, vegetal, tree fruit, tropical fruit","Beef, Lamb, Spicy food, Vegetarian, Poultry",Grenache
Aroa Le Naturel Red 2023,Spain,17.99,3.8,images/Aroa_Le_Naturel_Red_2023.png,images/bottle_Aroa_Le_Naturel_Red_2023.png,Navarra,Aroa,"red fruit, black fruit, earth, oak, spices, non oak, microbio, floral, citrus fruit, tree fruit, dried fruit, vegetal, tropical fruit","Beef, Pasta, Lamb, Game (deer, venison), Poultry",Grenache
Escandalo Carignan 2021,Chile,30.99,3.9,images/Escandalo_Carignan_2021.png,images/bottle_Escandalo_Carignan_2021.png,Colchagua Valley,Escandalo,"black fruit, earth, oak, red fruit, spices, non oak, floral, vegetal, microbio, dried fruit",,
Bodegas Príncipe de Viana Garnacha 2016,Spain,21.99,3.4,images/Bodegas_Prncipe_de_Viana_Garnacha_2016.png,images/bottle_Bodegas_Prncipe_de_Viana_Garnacha_2016.png,Navarra,Bodegas Príncipe de Viana,"black fruit, red fruit, spices, earth, oak","Beef, Pasta, Lamb, Game (deer, venison), Poultry",Grenache
Elena Walch Pinot Grigio (Selezione) 2024,Italy,21.99,4,images/Elena_Walch_Pinot_Grigio_Selezione_2024.png,images/bottle_Elena_Walch_Pinot_Grigio_Selezione_2024.png,Südtirol - Alto Adige,Elena Walch,"tree fruit, citrus fruit, earth, microbio, vegetal, spices, tropical fruit, oak, non oak, floral, black fruit, red fruit, dried fruit","Shellfish, Vegetarian, Mushrooms, Aperitif",Pinot Grigio
FitVine Pinot Grigio 2017,United States,13.99,3.2,images/FitVine_Pinot_Grigio_2017.png,images/bottle_FitVine_Pinot_Grigio_2017.png,California,FitVine,"tree fruit, citrus fruit, earth, oak, vegetal, microbio, tropical fruit, spices","Pork, Spicy food, Mushrooms, Cured Meat",Pinot Gris
Doña Paula Alluvia Parcel Malbec 2014,Argentina,49.99,4.1,images/Doa_Paula_Alluvia_Parcel_Malbec_2014.png,images/bottle_Doa_Paula_Alluvia_Parcel_Malbec_2014.png,Tupungato,Doña Paula,"black fruit, earth, oak, red fruit, spices, non oak, floral, microbio, dried fruit","Beef, Lamb",Malbec
Fleur de Mer Rosé 2023,France,17.99,4,images/Fleur_de_Mer_Ros_2023.png,images/bottle_Fleur_de_Mer_Ros_2023.png,Côtes de Provence,Fleur de Mer,"red fruit, citrus fruit, tree fruit, earth, floral, microbio, vegetal, oak, tropical fruit, spices, non oak, black fruit, dried fruit","Pork, Shellfish, Vegetarian, Poultry","Shiraz/Syrah, Grenache, Cinsault"
Domaine Raymond Usseglio & Fils Cuvée Impériale Châteauneuf-du-Pape 2021,France,89.99,4.2,images/Domaine_Raymond_Usseglio_Fils_Cuve_Impriale_Chteau.png,images/bottle_Domaine_Raymond_Usseglio_Fils_Cuve_Impriale.png,Châteauneuf-du-Pape,Domaine Raymond Usseglio & Fils,"oak, black fruit, earth, red fruit, non oak, spices, floral, dried fruit, vegetal, microbio, citrus fruit","Lamb, Pork, Poultry","Shiraz/Syrah, Mourvedre, Counoise, Cinsaut, Vaccareze, Muscardin"
André Brunel Les Cailloux Cuvée Centenaire Châteauneuf-du-Pape 1998,France,249,4.5,images/Andr_Brunel_Les_Cailloux_Cuve_Centenaire_Chteauneu.png,images/bottle_Andr_Brunel_Les_Cailloux_Cuve_Centenaire_Ch.png,Châteauneuf-du-Pape,André Brunel,"earth, oak, black fruit, spices, red fruit, non oak, dried fruit, floral, microbio, vegetal, citrus fruit","Lamb, Pork, Poultry","Shiraz/Syrah, Mourvedre, Counoise, Cinsaut, Vaccareze, Muscardin"
M. Chapoutier Belleruche Côtes du Rhône Rosé 2023,France,15,3.8,images/M_Chapoutier_Belleruche_Ctes_du_Rhne_Ros_2023.png,images/bottle_M_Chapoutier_Belleruche_Ctes_du_Rhne_Ros_20.png,Côtes-du-Rhône,M. Chapoutier,"red fruit, citrus fruit, earth, tree fruit, spices, oak, microbio, vegetal, floral, non oak, tropical fruit, black fruit, dried fruit","Pork, Rich fish (salmon, tuna etc), Shellfish, Poultry","Shiraz/Syrah, Grenache, Mourvedre"
Bellande Pinot Gris 2022,United States,19.99,3.9,images/Bellande_Pinot_Gris_2022.jpg,,Willamette Valley,Bellande,"tree fruit, spices, microbio, oak, citrus fruit, earth, non oak","Pork, Spicy food, Mushrooms, Cured Meat",Pinot Gris
Santa Julia El Burro Malbec Natural 2024,Argentina,21,3.8,images/Santa_Julia_El_Burro_Malbec_Natural_2024.png,images/bottle_Santa_Julia_El_Burro_Malbec_Natural_2024.png,Maipu,Santa Julia,"black fruit, oak, red fruit, earth, spices, non oak, microbio, dried fruit, floral, citrus fruit, tropical fruit, tree fruit, vegetal","Beef, Lamb, Pork",Malbec
Alamos Selección Malbec 2022,Argentina,15.49,3.7,images/Alamos_Seleccin_Malbec_2022.png,images/bottle_Alamos_Seleccin_Malbec_2022.png,Mendoza,Alamos,"black fruit, oak, earth, non oak, red fruit, spices, floral, microbio, dried fruit, citrus fruit, tree fruit, vegetal","Beef, Lamb, Pork",Malbec
Celler Masroig Solà Fred 2023,Spain,12.99,3.7,images/Celler_Masroig_Sol_Fred_2023.png,images/bottle_Celler_Masroig_Sol_Fred_2023.png,Montsant,Celler Masroig,"black fruit, red fruit, oak, earth, non oak, spices, dried fruit, microbio, vegetal, tree fruit, citrus fruit, floral, tropical fruit","Beef, Pasta, Lamb","Shiraz/Syrah, Cabernet Sauvignon, Cariñena, Garnacha"
Joan d'Anguera Altaroses 2019,Spain,28.99,4.1,images/Joan_dAnguera_Altaroses_2019.png,images/bottle_Joan_dAnguera_Altaroses_2019.png,Montsant,Joan d'Anguera,"red fruit, earth, oak, spices, non oak, black fruit, microbio, floral, vegetal, dried fruit, tree fruit, citrus fruit","Beef, Pasta, Lamb","Shiraz/Syrah, Cabernet Sauvignon, Cariñena, Garnacha"
Antiyal Viñedo Escorial Carmenère 2020,Chile,62.99,4.3,images/Antiyal_Viedo_Escorial_Carmenre_2020.png,images/bottle_Antiyal_Viedo_Escorial_Carmenre_2020.png,Maipo Valley,Antiyal,"black fruit, red fruit, oak, earth, spices, non oak, microbio, vegetal, floral","Beef, Pasta, Lamb, Poultry",Carménère
Domaine des 2 Ânes Limod'ânes Rosé,France,24.99,4,images/Domaine_des_2_nes_Limodnes_Ros.png,images/bottle_Domaine_des_2_nes_Limodnes_Ros.png,Vin de France,Domaine des 2 Ânes,"red fruit, tree fruit, tropical fruit, citrus fruit","Shellfish, Poultry, Appetizers and snacks, Lean fish, Aperitif",
Crane Lake Pinot Grigio 2018,United States,10.41,3.4,images/Crane_Lake_Pinot_Grigio_2018.png,images/bottle_Crane_Lake_Pinot_Grigio_2018.png,California,Crane Lake,"tree fruit, citrus fruit, oak, vegetal, earth, tropical fruit, red fruit, spices, floral, microbio, non oak","Pork, Spicy food, Mushrooms, Cured Meat",Pinot Gris
HandCraft Pinot Grigio 2015,United States,10.99,3.6,images/HandCraft_Pinot_Grigio_2015.png,images/bottle_HandCraft_Pinot_Grigio_2015.png,California,HandCraft,"tree fruit, citrus fruit, tropical fruit, earth, microbio, floral, vegetal, oak","Pork, Spicy food, Mushrooms, Cured Meat",Pinot Gris
Picchetti Shoemaker Vineyard Malbec 2021,United States,49.95,4.1,images/Picchetti_Shoemaker_Vineyard_Malbec_2021.jpg,,Paso Robles,Picchetti,"red fruit, oak, spices, earth, black fruit, dried fruit, non oak","Beef, Lamb, Poultry",Malbec
Matías Riccitelli Kungfu Malbec 2023,Argentina,24.99,3.9,images/Matas_Riccitelli_Kungfu_Malbec_2023.png,images/bottle_Matas_Riccitelli_Kungfu_Malbec_2023.png,Mendoza,Matías Riccitelli,"red fruit, black fruit, floral, earth, microbio, spices, oak, non oak, dried fruit, tropical fruit, tree fruit, vegetal","Beef, Lamb, Pork",Malbec
Lion & Dove Carménère 2022,Chile,11.99,3.7,images/Lion_Dove_Carmnre_2022.png,images/bottle_Lion_Dove_Carmnre_2022.png,Curico Valley,Lion & Dove,"earth, oak, black fruit, non oak, spices, red fruit, tree fruit, citrus fruit, vegetal","Beef, Pasta, Lamb, Poultry",Carménère
Pighin Pinot Grigio Friuli Grave 2022,Italy,14.99,3.6,images/Pighin_Pinot_Grigio_Friuli_Grave_2022.png,images/bottle_Pighin_Pinot_Grigio_Friuli_Grave_2022.png,Friuli Grave,Pighin,"citrus fruit, tree fruit, earth, tropical fruit, vegetal, microbio, oak, spices, non oak, floral, black fruit","Shellfish, Vegetarian, Mushrooms, Aperitif",Pinot Grigio
Notorious Wines Notorious Pink Grenache 2023,France,16.99,4,images/Notorious_Wines_Notorious_Pink_Grenache_2023.png,images/bottle_Notorious_Wines_Notorious_Pink_Grenache_202.png,Vin de France,Notorious Wines,"red fruit, citrus fruit, tree fruit, earth, floral, microbio, oak, vegetal, tropical fruit, spices, non oak, black fruit, dried fruit","Rich fish (salmon, tuna etc), Shellfish, Vegetarian, Lean fish, Mild and soft cheese",
Teperberg Essence Malbec 2019,Israel,39.99,4,images/Teperberg_Essence_Malbec_2019.png,images/bottle_Teperberg_Essence_Malbec_2019.png,Judean Hills,Teperberg,"oak, earth, black fruit, non oak, spices, red fruit, microbio","Beef, Lamb, Veal, Game (deer, venison), Poultry",
Château Mont-Redon Châteauneuf-du-Pape 1978,France,555,4.2,images/Chteau_Mont_Redon_Chteauneuf_du_Pape_1978.png,images/bottle_Chteau_Mont_Redon_Chteauneuf_du_Pape_1978.png,Châteauneuf-du-Pape,Château Mont-Redon,"oak, earth, black fruit, red fruit, spices, non oak, microbio, dried fruit, floral, vegetal, citrus fruit, tree fruit, tropical fruit","Lamb, Pork, Poultry","Shiraz/Syrah, Mourvedre, Counoise, Cinsaut, Vaccareze, Muscardin"
Railsback Frères Winery Cuvée Speciale Le Carignan 2021,United States,35.99,4.1,images/Railsback_Frres_Winery_Cuve_Speciale_Le_Carignan_2.png,images/bottle_Railsback_Frres_Winery_Cuve_Speciale_Le_Car.png,California,Railsback Frères Winery,"red fruit, earth, oak, floral, spices, vegetal, black fruit, microbio, non oak, dried fruit, tree fruit","Beef, Pork, Poultry, Any junk food will do",Carignan
Albino Armani Pinot Grigio Delle Venezie 2023,Italy,14.97,3.6,images/Albino_Armani_Pinot_Grigio_Delle_Venezie_2023.png,images/bottle_Albino_Armani_Pinot_Grigio_Delle_Venezie_20.png,delle Venezie,Albino Armani,"tree fruit, citrus fruit, earth, vegetal, microbio, tropical fruit, spices, oak","Shellfish, Vegetarian, Mushrooms, Aperitif",Pinot Grigio
Matías Riccitelli The Apple Doesn't Fall Far From The Tree Malbec 2023,Argentina,21,3.9,images/Matas_Riccitelli_The_Apple_Doesnt_Fall_Far_From_Th.png,images/bottle_Matas_Riccitelli_The_Apple_Doesnt_Fall_Far_.png,Mendoza,Matías Riccitelli,"oak, black fruit, spices, non oak, red fruit, earth, tree fruit, microbio, floral, dried fruit, citrus fruit, vegetal, tropical fruit","Beef, Lamb, Pork",Malbec
Storrs Grenache 2019,United States,32,3.8,images/Storrs_Grenache_2019.jpg,,Central Coast,Storrs,"red fruit, black fruit, spices, vegetal, citrus fruit, earth, non oak, oak","Beef, Lamb, Spicy food, Vegetarian, Poultry",Grenache
di Lenardo Pinot Grigio (Monovitigno) 2023,Italy,14.99,3.9,images/di_Lenardo_Pinot_Grigio_Monovitigno_2023.png,images/bottle_di_Lenardo_Pinot_Grigio_Monovitigno_2023.png,Venezia Giulia,di Lenardo,"tree fruit, citrus fruit, earth, microbio, tropical fruit, vegetal, non oak, oak, floral, spices, dried fruit, red fruit","Shellfish, Vegetarian, Mushrooms, Aperitif",Pinot Grigio
The Eyrie Vineyards Pinot Gris 2021,United States,59.99,4,images/The_Eyrie_Vineyards_Pinot_Gris_2021.png,images/bottle_The_Eyrie_Vineyards_Pinot_Gris_2021.png,Dundee Hills,The Eyrie Vineyards,"tree fruit, earth, citrus fruit, oak, microbio, non oak, tropical fruit, spices, vegetal, floral, red fruit","Pork, Spicy food, Mushrooms, Cured Meat",Pinot Gris
Anayón Cariñena 2018,Spain,39.99,3.9,images/Anayn_Cariena_2018.png,images/bottle_Anayn_Cariena_2018.png,Cariñena,Anayón,"oak, black fruit, spices, non oak, red fruit, earth, microbio, floral, vegetal, dried fruit, tropical fruit","Beef, Pasta, Veal, Poultry","Grenache, Tempranillo"
Domaine de Fontsainte Gris de Gris Corbières Rosé 2024,France,18,4.2,images/Domaine_de_Fontsainte_Gris_de_Gris_Corbires_Ros_20.png,images/bottle_Domaine_de_Fontsainte_Gris_de_Gris_Corbires.png,Corbières,Domaine de Fontsainte,"red fruit, tree fruit, citrus fruit, earth, microbio, tropical fruit, oak, spices, floral, vegetal, non oak, black fruit, dried fruit","Pasta, Vegetarian, Appetizers and snacks, Lean fish, Aperitif","Shiraz/Syrah, Grenache, Mourvedre"
Pášxa Wines Grenache 2020,United States,99.99,4.2,images/Pxa_Wines_Grenache_2020.jpg,,Oregon,Pášxa Wines,"red fruit, earth, non oak, oak, spices, floral, vegetal, black fruit, tree fruit","Beef, Lamb, Vegetarian, Any junk food will do",Grenache
Phebus Malbec Rosé 2023,Argentina,13.97,3.7,images/Phebus_Malbec_Ros_2023.png,images/bottle_Phebus_Malbec_Ros_2023.png,Mendoza,Phebus,"red fruit, citrus fruit, tree fruit, earth, microbio, spices, oak, tropical fruit, black fruit, floral, dried fruit, vegetal, non oak","Spicy food, Mature and hard cheese, Appetizers and snacks, Blue cheese, Cured Meat",Malbec
Phebus Reserva Malbec 2023,Argentina,17.97,3.8,images/Phebus_Reserva_Malbec_2023.jpg,,Mendoza,Phebus,"black fruit, oak, earth, red fruit, non oak, spices, microbio, floral, dried fruit, vegetal","Beef, Lamb, Pork",Malbec
Modeano Pinot Grigio 2023,Italy,14.99,3.5,images/Modeano_Pinot_Grigio_2023.png,images/bottle_Modeano_Pinot_Grigio_2023.png,Venezia Giulia,Modeano,"tree fruit, citrus fruit","Shellfish, Vegetarian, Mushrooms, Aperitif",Pinot Grigio
Foncalieu Le Versant Grenache Rosé 2024,France,14.98,3.9,images/Foncalieu_Le_Versant_Grenache_Ros_2024.png,images/bottle_Foncalieu_Le_Versant_Grenache_Ros_2024.png,Pays d'Oc,Foncalieu,"red fruit, citrus fruit, earth, tree fruit, floral, microbio, oak, black fruit, spices, vegetal, non oak","Pasta, Vegetarian, Appetizers and snacks, Lean fish, Aperitif","Shiraz/Syrah, Grenache, Mourvedre"
Terroir Al Límit Soc. Lda Arbossar 2022,Spain,124.99,4.2,images/Terroir_Al_Lmit_Soc_Lda_Arbossar_2022.png,images/bottle_Terroir_Al_Lmit_Soc_Lda_Arbossar_2022.png,Priorat,Terroir Al Límit Soc. Lda,"earth, oak, black fruit, red fruit, spices, non oak, dried fruit, microbio, floral, vegetal, tropical fruit, citrus fruit","Beef, Lamb, Game (deer, venison), Poultry","Shiraz/Syrah, Cabernet Sauvignon, Grenache, Carignan"
Larson Family Winery Malbec 2021,United States,55,4.4,images/Larson_Family_Winery_Malbec_2021.jpg,,Sonoma Valley,Larson Family Winery,"red fruit, oak, black fruit, earth, spices, non oak","Beef, Lamb, Poultry",Malbec
Frog's Tooth Grenache 2023,United States,36,3.7,images/Frogs_Tooth_Grenache_2023.jpg,,Sierra Foothills,Frog's Tooth,"oak, black fruit, red fruit, earth, non oak, tree fruit, spices","Beef, Lamb, Spicy food, Vegetarian, Poultry",Grenache
Ingleside Pinot Grigio 2024,United States,21.95,3.4,images/Ingleside_Pinot_Grigio_2024.jpg,,Northern Neck George Washington Birthplace,Ingleside,"tree fruit, earth, citrus fruit, spices, microbio, non oak, oak","Pork, Shellfish, Poultry, Appetizers and snacks, Lean fish",
Kim Crawford Pinot Gris (Pinot Grigio) 2023,New Zealand,15.99,3.6,images/Kim_Crawford_Pinot_Gris_Pinot_Grigio_2023.png,images/bottle_Kim_Crawford_Pinot_Gris_Pinot_Grigio_2023.png,Marlborough,Kim Crawford,"tree fruit, citrus fruit, tropical fruit, earth, microbio, oak, floral, vegetal, spices, non oak, red fruit, black fruit","Pork, Spicy food, Mushrooms, Cured Meat",Pinot Gris
Costers del Priorat Clos Cypres Vinyes Velles (Old Vines) 2018,Spain,85,4.3,images/Costers_del_Priorat_Clos_Cypres_Vinyes_Velles_Old_.png,images/bottle_Costers_del_Priorat_Clos_Cypres_Vinyes_Vell.png,Priorat,Costers del Priorat,"earth, oak, black fruit, non oak, spices, red fruit, microbio, dried fruit, floral, citrus fruit, vegetal","Beef, Lamb, Game (deer, venison), Poultry","Shiraz/Syrah, Cabernet Sauvignon, Grenache, Carignan"
Domaine du Mas Blanc Banyuls Collection 1986,France,91.99,4.4,images/Domaine_du_Mas_Blanc_Banyuls_Collection_1986.png,images/bottle_Domaine_du_Mas_Blanc_Banyuls_Collection_198.png,Banyuls,Domaine du Mas Blanc,"oak, non oak, black fruit, dried fruit, red fruit, tropical fruit, earth","Mature and hard cheese, Blue cheese, Aperitif",
Frey Organic Pinot Grigio 2022,United States,15.99,3.3,images/Frey_Organic_Pinot_Grigio_2022.png,images/bottle_Frey_Organic_Pinot_Grigio_2022.png,Mendocino,Frey,citrus fruit,"Pork, Spicy food, Mushrooms, Cured Meat",Pinot Gris
Château La Caminade La Commandery Malbec 2019,France,27.99,3.9,images/Chteau_La_Caminade_La_Commandery_Malbec_2019.png,images/bottle_Chteau_La_Caminade_La_Commandery_Malbec_201.png,Cahors,Château La Caminade,"oak, black fruit, earth, red fruit, spices, non oak, dried fruit, vegetal, floral, microbio","Beef, Lamb, Poultry",Malbec
Herzog Lineage Malbec 2022,United States,19.99,3.9,images/Herzog_Lineage_Malbec_2022.png,images/bottle_Herzog_Lineage_Malbec_2022.png,Clarksburg,Herzog,"black fruit, oak, red fruit, non oak, spices, earth","Beef, Lamb, Poultry",Malbec
Comando G Las Iruelas El Tiemblo 2021,Spain,249.99,4.5,images/Comando_G_Las_Iruelas_El_Tiemblo_2021.jpg,,Castilla y León,Comando G,,"Beef, Pasta, Lamb, Game (deer, venison), Poultry",Grenache
La Posta Malbec (Vineyard Blend) 2021,Argentina,16.99,3.9,images/La_Posta_Malbec_Vineyard_Blend_2021.png,images/bottle_La_Posta_Malbec_Vineyard_Blend_2021.png,Uco Valley,La Posta,"oak, black fruit, spices, non oak, earth, red fruit, floral, citrus fruit, microbio, dried fruit, tropical fruit, tree fruit","Beef, Lamb",Malbec
Sforno Malbec 2020,Argentina,11.99,3.7,images/Sforno_Malbec_2020.png,images/bottle_Sforno_Malbec_2020.png,Mendoza,Sforno,"black fruit, earth, dried fruit","Beef, Lamb, Pork",Malbec
Newfound Benchland Carignane 2019,United States,35,4,images/Newfound_Benchland_Carignane_2019.jpg,,Mendocino County,Newfound,"red fruit, oak, spices, earth, black fruit, microbio, citrus fruit, non oak","Beef, Pork, Poultry, Any junk food will do",Carignan
Lujon Pinot Gris 2023,United States,16,3.5,images/Lujon_Pinot_Gris_2023.png,images/bottle_Lujon_Pinot_Gris_2023.png,Willamette Valley,Lujon,"tree fruit, earth, citrus fruit, vegetal, non oak, spices, oak","Pork, Spicy food, Mushrooms, Cured Meat",Pinot Gris
Avio Pinot Grigio 2024,Italy,26,3.4,images/Avio_Pinot_Grigio_2024.jpg,,Trentino,Avio,"citrus fruit, spices, vegetal, earth, non oak, oak","Shellfish, Vegetarian, Mushrooms, Aperitif",Pinot Grigio
Teularju Ghirada Ocruarana Barbagia Rosso 2021,Italy,99,4,images/Teularju_Ghirada_Ocruarana_Barbagia_Rosso_2021.png,images/bottle_Teularju_Ghirada_Ocruarana_Barbagia_Rosso_2.png,Cannonau di Sardegna,Teularju,"red fruit, oak, earth, non oak, black fruit","Beef, Pasta, Lamb, Game (deer, venison), Poultry",Grenache
Kiwi Cuvée Pinot Grigio 2023,Italy,12.97,3.2,images/Kiwi_Cuve_Pinot_Grigio_2023.jpg,,Veneto,Kiwi Cuvée,"tree fruit, citrus fruit","Shellfish, Vegetarian, Mushrooms, Aperitif",Pinot Grigio
Le Monde Pinot Grigio 2022,Italy,17.99,3.6,images/Le_Monde_Pinot_Grigio_2022.png,images/bottle_Le_Monde_Pinot_Grigio_2022.png,Friuli Grave,Le Monde,"tree fruit, citrus fruit, earth, microbio, oak, non oak, vegetal, tropical fruit, spices, floral, red fruit, dried fruit","Shellfish, Vegetarian, Mushrooms, Aperitif",Pinot Grigio
Spring Valley Vineyard Malbec 2017,United States,65,3.9,images/Spring_Valley_Vineyard_Malbec_2017.png,images/bottle_Spring_Valley_Vineyard_Malbec_2017.png,Walla Walla Valley,Spring Valley Vineyard,"black fruit, red fruit, spices, floral, earth, oak",,
L'Auratae Catarratto - Pinot Grigio 2023,Italy,13.97,3.7,images/LAuratae_Catarratto_Pinot_Grigio_2023.png,images/bottle_LAuratae_Catarratto_Pinot_Grigio_2023.png,Terre Siciliane,L'Auratae,"citrus fruit, tree fruit, earth, tropical fruit, vegetal, floral, microbio, spices, oak, black fruit, red fruit, non oak","Shellfish, Vegetarian, Appetizers and snacks","Malvasia, Fiano, Catarratto Bianco"
Golan Heights Winery Yarden Pinot Gris 2018,Israel,22,3.9,images/Golan_Heights_Winery_Yarden_Pinot_Gris_2018.png,images/bottle_Golan_Heights_Winery_Yarden_Pinot_Gris_2018.png,Galilee,Golan Heights Winery,"tree fruit, citrus fruit, earth, tropical fruit, microbio, oak, spices, vegetal, floral, non oak","Pasta, Vegetarian, Poultry, Appetizers and snacks, Lean fish, Goat's Milk Cheese",
Kings Ridge Pinot Gris 2023,United States,19.99,3.9,images/Kings_Ridge_Pinot_Gris_2023.png,images/bottle_Kings_Ridge_Pinot_Gris_2023.png,Willamette Valley,Kings Ridge,"tree fruit, citrus fruit, earth, tropical fruit, microbio, oak, floral, non oak, spices, vegetal, red fruit, black fruit, dried fruit","Pork, Spicy food, Mushrooms, Cured Meat",Pinot Gris
Italo Cescon Pinot Grigio delle Venezie Il Tralcetto 2023,Italy,16.99,4.1,images/Italo_Cescon_Pinot_Grigio_delle_Venezie_Il_Tralcet.png,images/bottle_Italo_Cescon_Pinot_Grigio_delle_Venezie_Il_.png,delle Venezie,Italo Cescon,"tree fruit, citrus fruit, earth, microbio, oak, vegetal, tropical fruit, non oak, floral, spices, black fruit, red fruit, dried fruit","Shellfish, Vegetarian, Mushrooms, Aperitif",Pinot Grigio
Domaine Raymond Usseglio & Fils Cuvée Girard Châteauneuf-du-Pape 2022,France,52.99,4.4,images/Domaine_Raymond_Usseglio_Fils_Cuve_Girard_Chteaune.png,images/bottle_Domaine_Raymond_Usseglio_Fils_Cuve_Girard_C.png,Châteauneuf-du-Pape,Domaine Raymond Usseglio & Fils,"black fruit, red fruit, earth, oak, spices, non oak, floral, dried fruit, microbio, vegetal, citrus fruit, tree fruit","Lamb, Pork, Poultry","Shiraz/Syrah, Mourvedre, Counoise, Cinsaut, Vaccareze, Muscardin"
Georges Vigouroux Château de Haute-Serre Georges 2019,France,39.99,4.2,images/Georges_Vigouroux_Chteau_de_Haute_Serre_Georges_20.jpg,,Cahors,Georges Vigouroux,,"Beef, Lamb, Poultry",Malbec
Maloof Thistle Vineyard Pinot Gris 2022,United States,24.99,4.2,images/Maloof_Thistle_Vineyard_Pinot_Gris_2022.jpg,,Dundee Hills,Maloof,"citrus fruit, tree fruit, tropical fruit, oak, earth, spices, microbio, non oak, vegetal, floral","Pork, Spicy food, Mushrooms, Cured Meat",Pinot Gris
RR Wines Ridgecrest Pinot Gris 2023,United States,29.99,3.8,images/RR_Wines_Ridgecrest_Pinot_Gris_2023.png,images/bottle_RR_Wines_Ridgecrest_Pinot_Gris_2023.png,Oregon,RR Wines,"tree fruit, earth, citrus fruit, oak, dried fruit, microbio, non oak","Pork, Spicy food, Mushrooms, Cured Meat",Pinot Gris
Stolpman Vineyards Love You Bunches Rosé 2023,United States,23.99,3.8,images/Stolpman_Vineyards_Love_You_Bunches_Ros_2023.png,images/bottle_Stolpman_Vineyards_Love_You_Bunches_Ros_202.png,Central Coast,Stolpman Vineyards,"red fruit, citrus fruit, tree fruit, floral, earth, microbio, tropical fruit, spices, oak, vegetal, non oak","Shellfish, Spicy food, Appetizers and snacks, Fruity desserts, Aperitif","Shiraz/Syrah, Cabernet Sauvignon, Pinot Noir, Sangiovese, Zinfandel, Barbera"
J Dusi Pinot Grigio 2016,United States,20.7,3.6,images/J_Dusi_Pinot_Grigio_2016.png,images/bottle_J_Dusi_Pinot_Grigio_2016.png,Paso Robles,J Dusi,"citrus fruit, tree fruit, oak, tropical fruit, microbio, earth, spices, floral","Pork, Spicy food, Mushrooms, Cured Meat",Pinot Gris
Domaine Weinbach Pinot Gris Alsace Altenbourg Quintessence de Grains Noble Cuvée D'Or 2009,France,252,4.4,images/Domaine_Weinbach_Pinot_Gris_Alsace_Altenbourg_Quin.jpg,,Alsace,Domaine Weinbach,"citrus fruit, earth, microbio, oak","Mild and soft cheese, Fruity desserts, Blue cheese",Pinot Gris
Sine Qua Non Eleven Confessions Grenache 2017,United States,429.99,4.6,images/Sine_Qua_Non_Eleven_Confessions_Grenache_2017.png,images/bottle_Sine_Qua_Non_Eleven_Confessions_Grenache_20.png,California,Sine Qua Non,"earth, oak, black fruit, red fruit, non oak, spices","Beef, Lamb, Spicy food, Vegetarian, Poultry",Grenache
Matar Rosé 2021,Israel,44.99,4.2,images/Matar_Ros_2021.png,images/bottle_Matar_Ros_2021.png,Jerusalem,Matar,"citrus fruit, red fruit, tree fruit, oak, spices, earth, non oak",,
Domaine La Calmette Butte Rouge 2018,France,68,4.1,images/Domaine_La_Calmette_Butte_Rouge_2018.jpg,,Cahors,Domaine La Calmette,,"Beef, Lamb, Poultry",Malbec
Kudos Pinot Gris 2022,United States,18.97,4,images/Kudos_Pinot_Gris_2022.png,images/bottle_Kudos_Pinot_Gris_2022.png,Willamette Valley,Kudos,"tree fruit, citrus fruit, earth, microbio, vegetal, tropical fruit, oak, non oak, spices, floral","Pork, Spicy food, Mushrooms, Cured Meat",Pinot Gris
Conte Fini Pinot Grigio Valdadige 2023,Italy,17.97,4,images/Conte_Fini_Pinot_Grigio_Valdadige_2023.png,images/bottle_Conte_Fini_Pinot_Grigio_Valdadige_2023.png,Valdadige,Conte Fini,"tree fruit, citrus fruit, microbio, earth, tropical fruit, oak, floral, spices, vegetal, red fruit, non oak","Shellfish, Vegetarian, Mushrooms, Aperitif",Pinot Grigio
Roger Sabon Châteauneuf-du-Pape Le Secret Des Sabon 2020,France,169.99,4.3,images/Roger_Sabon_Chteauneuf_du_Pape_Le_Secret_Des_Sabon.png,images/bottle_Roger_Sabon_Chteauneuf_du_Pape_Le_Secret_De.png,Châteauneuf-du-Pape,Roger Sabon,"earth, oak, black fruit, red fruit, non oak, spices, dried fruit, floral, vegetal, citrus fruit, microbio","Lamb, Pork, Poultry","Shiraz/Syrah, Mourvedre, Counoise, Cinsaut, Vaccareze, Muscardin"
Andrian Pinot Grigio 2023,Italy,18.99,3.9,images/Andrian_Pinot_Grigio_2023.png,images/bottle_Andrian_Pinot_Grigio_2023.png,Südtirol - Alto Adige,Andrian,"tree fruit, citrus fruit, earth, tropical fruit, vegetal, microbio, oak, non oak, spices, floral, red fruit","Shellfish, Vegetarian, Mushrooms, Aperitif",Pinot Grigio
Albino Armani Pinot Grigio Colle Ara 2023,Italy,23.97,4.1,images/Albino_Armani_Pinot_Grigio_Colle_Ara_2023.png,images/bottle_Albino_Armani_Pinot_Grigio_Colle_Ara_2023.png,Valdadige Terradeiforti,Albino Armani,"tree fruit, citrus fruit, earth, microbio, tropical fruit, oak, floral, spices, vegetal, non oak, red fruit, black fruit, dried fruit","Shellfish, Vegetarian, Mushrooms, Aperitif",Pinot Grigio
AmByth Estate Grenache 2018,United States,54,3.8,images/AmByth_Estate_Grenache_2018.png,images/bottle_AmByth_Estate_Grenache_2018.png,Paso Robles,AmByth Estate,"red fruit, vegetal, earth","Beef, Lamb, Spicy food, Vegetarian, Poultry",Grenache
Terroirs du Sud Banyuls Doux Naturel 1949,France,530,4,images/Terroirs_du_Sud_Banyuls_Doux_Naturel_1949.jpg,,Banyuls,Terroirs du Sud,"earth, non oak, oak","Mature and hard cheese, Blue cheese, Aperitif",
Kellerei Eisacktal - Cantina Valle Isarco Pinot Grigio 2023,Italy,16.99,3.9,images/Kellerei_Eisacktal_Cantina_Valle_Isarco_Pinot_Grig.png,images/bottle_Kellerei_Eisacktal_Cantina_Valle_Isarco_Pin.png,Südtirol - Alto Adige,Kellerei Eisacktal - Cantina Valle Isarco,"citrus fruit, tree fruit, earth, tropical fruit, vegetal, microbio, oak, non oak, spices, floral","Shellfish, Vegetarian, Mushrooms, Aperitif",Pinot Grigio
Pegau Cuvée Da Capo Châteauneuf-du-Pape 2020,France,450,4.4,images/Pegau_Cuve_Da_Capo_Chteauneuf_du_Pape_2020.png,images/bottle_Pegau_Cuve_Da_Capo_Chteauneuf_du_Pape_2020.png,Châteauneuf-du-Pape,Pegau,"oak, black fruit, earth, spices, non oak, red fruit, dried fruit, floral, microbio, tree fruit, vegetal, citrus fruit, tropical fruit","Lamb, Pork, Poultry","Shiraz/Syrah, Mourvedre, Counoise, Cinsaut, Vaccareze, Muscardin"
Domaine Schoffit Clos Saint-Theobald Pinot Gris (Tokay) 'Rangen de Thann' Vendanges Tardives 2002,France,84,4.4,images/Domaine_Schoffit_Clos_Saint_Theobald_Pinot_Gris_To.jpg,,Alsace Grand Cru 'Rangen',Domaine Schoffit,"earth, tropical fruit, tree fruit, citrus fruit, vegetal, microbio, non oak, oak","Mild and soft cheese, Fruity desserts, Blue cheese",Pinot Gris
Massican Pinot Grigio 2023,United States,27,4.1,images/Massican_Pinot_Grigio_2023.png,images/bottle_Massican_Pinot_Grigio_2023.png,California,Massican,,"Pork, Spicy food, Mushrooms, Cured Meat",Pinot Gris
Carlos Basso Viña Amalia Reserva Malbec 2019,Argentina,20.99,3.8,images/Carlos_Basso_Via_Amalia_Reserva_Malbec_2019.png,images/bottle_Carlos_Basso_Via_Amalia_Reserva_Malbec_2019.png,Uco Valley,Carlos Basso,"oak, black fruit, earth, non oak, spices, red fruit, floral, vegetal, microbio, citrus fruit","Beef, Lamb",Malbec
Maxime-François Laurent La Rubiconde 2022,France,39,3.7,images/Maxime_Franois_Laurent_La_Rubiconde_2022.png,images/bottle_Maxime_Franois_Laurent_La_Rubiconde_2022.png,Côtes-du-Rhône,Maxime-François Laurent,"red fruit, earth, oak, black fruit, spices, dried fruit, floral, microbio, non oak","Beef, Lamb, Game (deer, venison)","Shiraz/Syrah, Grenache, Mourvedre"
Belvino Pinot Grigio 2023,Italy,12.98,3.6,images/Belvino_Pinot_Grigio_2023.png,images/bottle_Belvino_Pinot_Grigio_2023.png,delle Venezie,Belvino,"tree fruit, citrus fruit, earth, floral, microbio, tropical fruit, vegetal, spices, red fruit, oak","Shellfish, Vegetarian, Mushrooms, Aperitif",Pinot Grigio
Bodega Cuarto Dominio Blancat Estate Parcel Selection Malbec 2022,Argentina,14.99,3.7,images/Bodega_Cuarto_Dominio_Blancat_Estate_Parcel_Select.png,images/bottle_Bodega_Cuarto_Dominio_Blancat_Estate_Parcel.png,Uco Valley,Bodega Cuarto Dominio,"black fruit, oak, earth, red fruit, non oak, spices, citrus fruit, microbio","Beef, Lamb",Malbec
Wooldridge Creek Malbec 2022,United States,40,3.8,images/Wooldridge_Creek_Malbec_2022.jpg,,Applegate Valley,Wooldridge Creek,"spices, earth, black fruit, non oak, oak, red fruit","Beef, Lamb, Veal, Poultry",Malbec
Domaine de la Patience Rouge 2022,France,13.99,3.8,images/Domaine_de_la_Patience_Rouge_2022.png,images/bottle_Domaine_de_la_Patience_Rouge_2022.png,Coteaux du Pont du Gard,Domaine de la Patience,"red fruit, earth, black fruit, oak, spices, microbio, non oak, dried fruit, floral, citrus fruit, tree fruit, vegetal, tropical fruit","Beef, Pasta, Veal","Shiraz/Syrah, Grenache, Mourvedre"
Emevé Malbec 2021,Mexico,32.39,3.6,images/Emev_Malbec_2021.png,images/bottle_Emev_Malbec_2021.png,Valle de Guadalupe,Emevé,"oak, red fruit, black fruit, spices, earth, non oak, dried fruit, microbio","Beef, Lamb, Poultry",Malbec
Patel Malbec 2016,United States,145,4.2,images/Patel_Malbec_2016.jpg,,Napa Valley,Patel,"black fruit, red fruit, dried fruit, spices, earth, non oak, oak","Beef, Lamb, Poultry",Malbec
Becker Vineyards Reserve Malbec 2020,United States,42,3.9,images/Becker_Vineyards_Reserve_Malbec_2020.jpg,,Texas,Becker Vineyards,"oak, earth, non oak, spices, black fruit, red fruit, dried fruit, microbio, tree fruit, citrus fruit","Beef, Lamb, Game (deer, venison)",
Wood Family Vineyards Malbec 2022,United States,42,4,images/Wood_Family_Vineyards_Malbec_2022.jpg,,Livermore Valley,Wood Family Vineyards,"black fruit, earth, oak, red fruit, non oak","Beef, Lamb, Poultry",Malbec
Sine Qua Non Distenta Grenache 2021,United States,299.99,4.7,images/Sine_Qua_Non_Distenta_Grenache_2021.png,images/bottle_Sine_Qua_Non_Distenta_Grenache_2021.png,Central Coast,Sine Qua Non,"oak, black fruit, non oak, spices, earth, red fruit, tree fruit, floral, microbio","Beef, Lamb, Spicy food, Vegetarian, Poultry",Grenache
Gramenon La Sagesse 2023,France,43,4.1,images/Gramenon_La_Sagesse_2023.png,images/bottle_Gramenon_La_Sagesse_2023.png,Côtes-du-Rhône,Gramenon,"red fruit, black fruit, earth, oak, spices, non oak, microbio, floral, dried fruit, vegetal, tropical fruit, tree fruit, citrus fruit","Beef, Lamb, Game (deer, venison)","Shiraz/Syrah, Grenache, Mourvedre"
Orto Vins Orto Tinto 2020,Spain,24.99,3.8,images/Orto_Vins_Orto_Tinto_2020.png,images/bottle_Orto_Vins_Orto_Tinto_2020.png,Montsant,Orto Vins,"black fruit, red fruit, spices, earth, oak, dried fruit, floral, microbio, non oak","Beef, Pasta, Lamb","Shiraz/Syrah, Cabernet Sauvignon, Cariñena, Garnacha"
Celler Aixalà Alcait Cal.Ligrama Rosat 2021,Spain,35.99,3.7,images/Celler_Aixal_Alcait_CalLigrama_Rosat_2021.png,images/bottle_Celler_Aixal_Alcait_CalLigrama_Rosat_2021.png,Priorat,Celler Aixalà Alcait,"red fruit, earth, microbio","Pork, Rich fish (salmon, tuna etc), Shellfish, Vegetarian, Poultry, Aperitif",
Olivares Rosado 2023,Spain,12.99,3.6,images/Olivares_Rosado_2023.png,images/bottle_Olivares_Rosado_2023.png,Jumilla,Olivares,"red fruit, tree fruit, citrus fruit, earth, vegetal, microbio, floral, spices, tropical fruit, oak, black fruit, dried fruit, non oak","Spicy food, Poultry, Appetizers and snacks",Grenache
Clos Erasmus Priorat 2021,Spain,760,4.4,images/Clos_Erasmus_Priorat_2021.png,images/bottle_Clos_Erasmus_Priorat_2021.png,Priorat,Clos Erasmus,"oak, earth, black fruit, non oak, spices, red fruit, microbio, dried fruit, floral, citrus fruit, vegetal","Beef, Lamb, Game (deer, venison), Poultry","Shiraz/Syrah, Cabernet Sauvignon, Grenache, Carignan"
A Tribute to Grace Thompson Vineyard Grenache 2020,United States,53,4.1,images/A_Tribute_to_Grace_Thompson_Vineyard_Grenache_2020.png,images/bottle_A_Tribute_to_Grace_Thompson_Vineyard_Grenac.png,Santa Maria Valley,A Tribute to Grace,"red fruit, tropical fruit, black fruit, tree fruit, citrus fruit, spices, floral","Beef, Lamb, Spicy food, Vegetarian, Poultry",Grenache
Domaine de la Charbonnière Châteauneuf-du-Pape Cuvèe Speciale Les Hautes Brusquières 2020,France,69.99,4.4,images/Domaine_de_la_Charbonnire_Chteauneuf_du_Pape_Cuve_.png,images/bottle_Domaine_de_la_Charbonnire_Chteauneuf_du_Pap.png,Châteauneuf-du-Pape,Domaine de la Charbonnière,"oak, black fruit, earth, red fruit, spices, non oak, dried fruit, microbio, floral, vegetal, tropical fruit, citrus fruit, tree fruit","Lamb, Pork, Poultry","Shiraz/Syrah, Mourvedre, Counoise, Cinsaut, Vaccareze, Muscardin"
Bet The Farm Pinot Gris 2023,United States,23,3.7,images/Bet_The_Farm_Pinot_Gris_2023.jpg,,Finger Lakes,Bet The Farm,"tree fruit, microbio, oak",,
Lenz Winery Pinot Gris 2023,United States,27,3.5,images/Lenz_Winery_Pinot_Gris_2023.jpg,,North Fork of Long Island,Lenz Winery,"earth, tree fruit, citrus fruit, vegetal, microbio, oak",,
Tensley Colson Canyon Grenache Rosé 2024,United States,29,3.8,images/Tensley_Colson_Canyon_Grenache_Ros_2024.jpg,,Santa Barbara County,Tensley,"red fruit, tree fruit, citrus fruit, tropical fruit","Shellfish, Spicy food, Appetizers and snacks, Fruity desserts, Aperitif","Shiraz/Syrah, Cabernet Sauvignon, Pinot Noir, Sangiovese, Zinfandel, Barbera"
Domaine Saint Préfert Domaine Isabel Ferrando Colombis Châteauneuf-du-Pape 2021,France,186.99,4.3,images/Domaine_Saint_Prfert_Domaine_Isabel_Ferrando_Colom.png,images/bottle_Domaine_Saint_Prfert_Domaine_Isabel_Ferrand.png,Châteauneuf-du-Pape,Domaine Saint Préfert,"earth, red fruit, oak, spices, black fruit, non oak, microbio, dried fruit, floral, vegetal, citrus fruit, tree fruit","Lamb, Pork, Poultry","Shiraz/Syrah, Mourvedre, Counoise, Cinsaut, Vaccareze, Muscardin"
Barkan Classic Malbec 2021,Israel,15.99,3.8,images/Barkan_Classic_Malbec_2021.png,images/bottle_Barkan_Classic_Malbec_2021.png,Galilee,Barkan,"black fruit, red fruit, non oak, oak, dried fruit, earth, spices, citrus fruit, tree fruit, microbio","Beef, Lamb, Veal, Game (deer, venison), Poultry",
Chono Single Vineyard Carmenère 2022,Chile,13.99,3.9,images/Chono_Single_Vineyard_Carmenre_2022.png,images/bottle_Chono_Single_Vineyard_Carmenre_2022.png,Maipo Valley,Chono,"oak, black fruit, earth, non oak, red fruit, spices, dried fruit, vegetal, microbio, floral, citrus fruit","Beef, Pasta, Lamb, Poultry",Carménère
Château Maucoil Châteauneuf-du-Pape 2000,France,50,4.4,images/Chteau_Maucoil_Chteauneuf_du_Pape_2000.png,images/bottle_Chteau_Maucoil_Chteauneuf_du_Pape_2000.png,Châteauneuf-du-Pape,Château Maucoil,"oak, black fruit, earth, non oak, spices, red fruit, microbio, dried fruit, floral, vegetal, citrus fruit, tree fruit","Lamb, Pork, Poultry","Shiraz/Syrah, Mourvedre, Counoise, Cinsaut, Vaccareze, Muscardin"
Matías Riccitelli Hey Rosé Malbec 2023,Argentina,20.99,3.8,images/Matas_Riccitelli_Hey_Ros_Malbec_2023.png,images/bottle_Matas_Riccitelli_Hey_Ros_Malbec_2023.png,Mendoza,Matías Riccitelli,"red fruit, citrus fruit, tree fruit, earth, tropical fruit, spices, vegetal, microbio, floral, black fruit, dried fruit, oak","Spicy food, Mature and hard cheese, Appetizers and snacks, Blue cheese, Cured Meat",Malbec
Sfuso Pinot Grigio delle Venezie 2024,Italy,13.99,3.7,images/Sfuso_Pinot_Grigio_delle_Venezie_2024.png,images/bottle_Sfuso_Pinot_Grigio_delle_Venezie_2024.png,delle Venezie,Sfuso,"tree fruit, earth, citrus fruit, vegetal, non oak, oak","Shellfish, Vegetarian, Mushrooms, Aperitif",Pinot Grigio
Chapelle Saint Theodoric La Guigasse 2021,France,99.99,4.3,images/Chapelle_Saint_Theodoric_La_Guigasse_2021.png,images/bottle_Chapelle_Saint_Theodoric_La_Guigasse_2021.png,Châteauneuf-du-Pape,Chapelle Saint Theodoric,"red fruit, oak, earth, spices, black fruit, non oak, dried fruit, microbio, floral, vegetal, tree fruit, citrus fruit","Lamb, Pork, Poultry","Shiraz/Syrah, Mourvedre, Counoise, Cinsaut, Vaccareze, Muscardin"
Colterenzio (Schreckbichl) Pinot Grigio 2024,Italy,16.99,3.8,images/Colterenzio_Schreckbichl_Pinot_Grigio_2024.png,images/bottle_Colterenzio_Schreckbichl_Pinot_Grigio_2024.png,Südtirol - Alto Adige,Colterenzio (Schreckbichl),"tree fruit, citrus fruit, earth, microbio, vegetal, oak, floral, non oak, tropical fruit, spices, dried fruit, red fruit","Shellfish, Vegetarian, Mushrooms, Aperitif",Pinot Grigio
The Seeker Malbec 2022,Argentina,16.99,3.9,images/The_Seeker_Malbec_2022.png,images/bottle_The_Seeker_Malbec_2022.png,Mendoza,The Seeker,"red fruit, black fruit, oak, earth, non oak, spices, microbio, dried fruit, floral, vegetal, tree fruit","Beef, Lamb, Pork",Malbec
Vallée Moray Libri Côt 2015,France,38,3.9,images/Valle_Moray_Libri_Ct_2015.jpg,,Vin de France,Vallée Moray,,,
Guillermo de Mendoza Malbec 2022,Argentina,14.99,3.4,images/Guillermo_de_Mendoza_Malbec_2022.png,images/bottle_Guillermo_de_Mendoza_Malbec_2022.png,Mendoza,Guillermo de Mendoza,"spices, non oak, oak, black fruit","Beef, Lamb, Pork",Malbec
Telmo Rodriguez Pegaso Barrancos de Pizarra 2021,Spain,69.99,4.1,images/Telmo_Rodriguez_Pegaso_Barrancos_de_Pizarra_2021.png,images/bottle_Telmo_Rodriguez_Pegaso_Barrancos_de_Pizarra.png,Castilla y León,Telmo Rodriguez,"oak, red fruit, earth, non oak, spices, black fruit, floral, microbio, dried fruit, vegetal, tree fruit, citrus fruit","Beef, Pasta, Lamb, Game (deer, venison), Poultry",Grenache
Alma de Los Andes Reserva Malbec 2019,Argentina,10.99,3.9,images/Alma_de_Los_Andes_Reserva_Malbec_2019.png,images/bottle_Alma_de_Los_Andes_Reserva_Malbec_2019.png,Mendoza,Alma de Los Andes,"oak, black fruit, earth, non oak, red fruit, spices, microbio, dried fruit, vegetal, floral, tree fruit, citrus fruit","Beef, Lamb, Pork",Malbec
Mendoza Vineyards Reserve Malbec 2018,Argentina,13.98,3.6,images/Mendoza_Vineyards_Reserve_Malbec_2018.png,images/bottle_Mendoza_Vineyards_Reserve_Malbec_2018.png,Mendoza,Mendoza Vineyards,"black fruit, red fruit, spices, earth, non oak, oak","Beef, Lamb, Pork",Malbec
Terra d'Oro Pinot Grigio 2012,United States,18.56,3.3,images/Terra_dOro_Pinot_Grigio_2012.png,images/bottle_Terra_dOro_Pinot_Grigio_2012.png,Clarksburg,Terra d'Oro,"tree fruit, citrus fruit, oak, microbio, earth, tropical fruit, vegetal, spices, non oak, red fruit, floral","Pork, Spicy food, Mushrooms, Cured Meat",Pinot Gris
College Cellars Clarke Vineyard Carménère 2021,United States,35,4,images/College_Cellars_Clarke_Vineyard_Carmnre_2021.jpg,,Walla Walla Valley,College Cellars,"spices, oak, non oak, earth, black fruit, red fruit, vegetal, dried fruit",,
Weingut Fritz Kupelwieser Pinot Grigio 2023,Italy,16.97,3.8,images/Weingut_Fritz_Kupelwieser_Pinot_Grigio_2023.png,images/bottle_Weingut_Fritz_Kupelwieser_Pinot_Grigio_2023.png,Südtirol - Alto Adige,Weingut Fritz Kupelwieser,"tree fruit, citrus fruit, earth, vegetal, microbio, oak, non oak, tropical fruit, spices, black fruit, floral","Shellfish, Vegetarian, Mushrooms, Aperitif",Pinot Grigio
