name,country,price,rating,image_url,bottle_image_url,region,winery,flavor,food_pairing,grapes
Meiomi Pinot Noir,United States,11.99,4.1,images/Meiomi_Pinot_Noir.png,images/bottle_Meiomi_Pinot_Noir.png,California,Meiomi,"oak, red fruit, non oak, spices, black fruit, earth, microbio, dried fruit, vegetal, floral, tree fruit, citrus fruit, tropical fruit","Beef, Veal, Game (deer, venison), Poultry",Pinot Noir
Veuve Clicquot Brut (Carte Jaune) Champagne,France,34.99,4.3,images/Veuve_Clicquot_Brut_Carte_Jaune_Champagne.png,images/bottle_Veuve_Clicquot_Brut_Carte_Jaune_Champagne.png,Champagne,Veuve Clicquot,"tree fruit, citrus fruit, non oak, microbio, oak, earth, vegetal, spices, tropical fruit, red fruit, floral, dried fruit, black fruit","Pork, Rich fish (salmon, tuna etc), Shellfish, Mild and soft cheese","Chardonnay, Pinot Noir, Pinot Meunier"
Louis Jadot Bourgogne Pinot Noir 1997,France,29.27,3.6,images/Louis_Jadot_Bourgogne_Pinot_Noir_1997.png,images/bottle_Louis_Jadot_Bourgogne_Pinot_Noir_1997.png,Bourgogne,Louis Jadot,"red fruit, earth, oak, non oak, black fruit, spices, microbio, floral, vegetal, citrus fruit, dried fruit, tree fruit, tropical fruit","Beef, Veal, Game (deer, venison), Poultry",Pinot Noir
Laurent-Perrier Cuvée Rosé,France,80.75,4.4,images/Laurent_Perrier_Cuve_Ros.png,images/bottle_Laurent_Perrier_Cuve_Ros.png,Champagne,Laurent-Perrier,"red fruit, microbio, citrus fruit, non oak, oak, tree fruit, earth, vegetal, spices, black fruit, floral, tropical fruit, dried fruit","Pork, Rich fish (salmon, tuna etc), Shellfish, Mild and soft cheese","Chardonnay, Pinot Noir, Pinot Meunier"
Belle Glos Dairyman Vineyard Pinot Noir 2023,United States,33.99,4.4,images/Belle_Glos_Dairyman_Vineyard_Pinot_Noir_2023.png,images/bottle_Belle_Glos_Dairyman_Vineyard_Pinot_Noir_202.png,Russian River Valley,Belle Glos,"oak, red fruit, non oak, spices, black fruit, earth, microbio, dried fruit, floral, vegetal, tree fruit, citrus fruit, tropical fruit","Veal, Pork, Poultry, Mushrooms",Pinot Noir
Moët & Chandon Nectar Impérial (Demi-Sec) Champagne,France,52.99,4.2,images/Mot_Chandon_Nectar_Imprial_Demi_Sec_Champagne.png,images/bottle_Mot_Chandon_Nectar_Imprial_Demi_Sec_Champag.png,Champagne,Moët & Chandon,"tree fruit, earth, microbio, citrus fruit, non oak, oak, tropical fruit, spices, red fruit, vegetal, floral, black fruit, dried fruit","Pork, Rich fish (salmon, tuna etc), Shellfish, Mild and soft cheese","Chardonnay, Pinot Noir, Pinot Meunier"
Willamette Valley Vineyards Whole Cluster Pinot Noir 2008,United States,32.84,4.1,images/Willamette_Valley_Vineyards_Whole_Cluster_Pinot_No.png,images/bottle_Willamette_Valley_Vineyards_Whole_Cluster_P.png,Willamette Valley,Willamette Valley Vineyards,"red fruit, oak, earth, non oak, spices, black fruit, microbio, dried fruit, vegetal, floral, citrus fruit, tree fruit, tropical fruit","Beef, Veal, Game (deer, venison), Poultry",Pinot Noir
Piper-Heidsieck Brut Champagne,France,49.99,3.9,images/Piper_Heidsieck_Brut_Champagne.png,images/bottle_Piper_Heidsieck_Brut_Champagne.png,Champagne,Piper-Heidsieck,"tree fruit, non oak, citrus fruit, microbio, oak, earth, vegetal, spices, red fruit, tropical fruit, floral, dried fruit, black fruit","Pork, Rich fish (salmon, tuna etc), Shellfish, Mild and soft cheese","Chardonnay, Pinot Noir, Pinot Meunier"
Henriot Souverain Brut Champagne,France,52.99,4,images/Henriot_Souverain_Brut_Champagne.png,images/bottle_Henriot_Souverain_Brut_Champagne.png,Champagne,Henriot,"tree fruit, non oak, citrus fruit, microbio, oak, earth, vegetal, spices, red fruit, tropical fruit, floral, black fruit, dried fruit","Pork, Rich fish (salmon, tuna etc), Shellfish, Mild and soft cheese","Chardonnay, Pinot Noir, Pinot Meunier"
Drappier Pinot Noir Brut Nature Champagne,France,50.51,4.1,images/Drappier_Pinot_Noir_Brut_Nature_Champagne.png,images/bottle_Drappier_Pinot_Noir_Brut_Nature_Champagne.png,Champagne,Drappier,"tree fruit, citrus fruit, non oak, oak, microbio, earth, red fruit, vegetal, spices, floral, black fruit, tropical fruit, dried fruit","Pork, Rich fish (salmon, tuna etc), Shellfish, Mild and soft cheese","Chardonnay, Pinot Noir, Pinot Meunier"
Bread & Butter Pinot Noir 2021,United States,13.99,4,images/Bread_Butter_Pinot_Noir_2021.png,images/bottle_Bread_Butter_Pinot_Noir_2021.png,Napa Valley,Bread & Butter,"oak, non oak, red fruit, spices, microbio, earth, black fruit, dried fruit, vegetal, floral, citrus fruit, tree fruit, tropical fruit","Beef, Veal, Game (deer, venison), Poultry",Pinot Noir
Elk Cove Estate Pinot Noir 2006,United States,45.7,4,images/Elk_Cove_Estate_Pinot_Noir_2006.png,images/bottle_Elk_Cove_Estate_Pinot_Noir_2006.png,Willamette Valley,Elk Cove,"red fruit, oak, earth, non oak, spices, black fruit, microbio, floral, tree fruit, citrus fruit, vegetal, dried fruit, tropical fruit","Beef, Veal, Game (deer, venison), Poultry",Pinot Noir
Kosta Browne Russian River Valley Pinot Noir 2023,United States,118,4.6,images/Kosta_Browne_Russian_River_Valley_Pinot_Noir_2023.png,images/bottle_Kosta_Browne_Russian_River_Valley_Pinot_Noi.png,Russian River Valley,Kosta Browne,"red fruit, oak, non oak, spices, black fruit, earth, microbio, vegetal, dried fruit, citrus fruit, floral, tree fruit, tropical fruit","Veal, Pork, Poultry, Mushrooms",Pinot Noir
Olema Pinot Noir 2023,United States,20,3.8,images/Olema_Pinot_Noir_2023.png,images/bottle_Olema_Pinot_Noir_2023.png,Sonoma County,Olema,"red fruit, oak, non oak, earth, spices, black fruit, microbio, floral, dried fruit, vegetal, tree fruit, citrus fruit, tropical fruit","Beef, Veal, Game (deer, venison), Poultry",Pinot Noir
Mumm Napa Brut Rosé,United States,21.49,3.9,images/Mumm_Napa_Brut_Ros.png,images/bottle_Mumm_Napa_Brut_Ros.png,Napa Valley,Mumm Napa,"red fruit, citrus fruit, microbio, tree fruit, non oak, earth, oak, black fruit, vegetal, floral, spices, tropical fruit, dried fruit","Shellfish, Appetizers and snacks, Lean fish, Aperitif","Chardonnay, Pinot Noir"
Marguet Shaman Champagne Grand Cru,France,74.95,4.2,images/Marguet_Shaman_Champagne_Grand_Cru.png,images/bottle_Marguet_Shaman_Champagne_Grand_Cru.png,Champagne Grand Cru,Marguet,"tree fruit, non oak, oak, microbio, citrus fruit, earth, red fruit, vegetal, spices, floral, black fruit, tropical fruit, dried fruit","Pork, Rich fish (salmon, tuna etc), Shellfish, Mild and soft cheese","Chardonnay, Pinot Noir, Pinot Meunier"
Belle Glos Clark & Telephone Vineyard Pinot Noir 2018,United States,57.99,4.4,images/Belle_Glos_Clark_Telephone_Vineyard_Pinot_Noir_201.png,images/bottle_Belle_Glos_Clark_Telephone_Vineyard_Pinot_N.png,Santa Maria Valley,Belle Glos,"oak, red fruit, non oak, black fruit, spices, earth, microbio, dried fruit, floral, vegetal, citrus fruit, tree fruit, tropical fruit","Veal, Pork, Poultry, Mushrooms",Pinot Noir
Planet Oregon Pinot Noir 2023,United States,24,3.9,images/Planet_Oregon_Pinot_Noir_2023.png,images/bottle_Planet_Oregon_Pinot_Noir_2023.png,Oregon,Planet Oregon,"red fruit, oak, earth, non oak, spices, black fruit, microbio, vegetal, floral, dried fruit, citrus fruit, tree fruit, tropical fruit","Beef, Veal, Game (deer, venison), Poultry",Pinot Noir
Domaine du Clos de Tart Clos de Tart Grand Cru Monopole 2021,France,839,4.5,images/Domaine_du_Clos_de_Tart_Clos_de_Tart_Grand_Cru_Mon.png,images/bottle_Domaine_du_Clos_de_Tart_Clos_de_Tart_Grand_.png,Clos de Tart Grand Cru,Domaine du Clos de Tart,"red fruit, earth, oak, black fruit, non oak, spices, floral, microbio, dried fruit, citrus fruit, vegetal, tropical fruit","Beef, Veal, Game (deer, venison), Poultry",Pinot Noir
Copain Tous Ensemble Pinot Noir 2021,United States,55,4.1,images/Copain_Tous_Ensemble_Pinot_Noir_2021.png,images/bottle_Copain_Tous_Ensemble_Pinot_Noir_2021.png,Anderson Valley,Copain,"red fruit, oak, earth, non oak, spices, black fruit, microbio, vegetal, citrus fruit, tree fruit, floral, dried fruit, tropical fruit","Veal, Pork, Poultry, Mushrooms",Pinot Noir
Joseph Drouhin Beaune 1er Cru 'Clos des Mouches' 1981,France,385,4.3,images/Joseph_Drouhin_Beaune_1er_Cru_Clos_des_Mouches_198.png,images/bottle_Joseph_Drouhin_Beaune_1er_Cru_Clos_des_Mouc.png,Beaune 1er Cru 'Le Clos des Mouches',Joseph Drouhin,"red fruit, earth, oak, non oak, spices, black fruit, microbio, citrus fruit, vegetal, floral, dried fruit, tree fruit, tropical fruit","Beef, Veal, Game (deer, venison), Poultry",Pinot Noir
Firesteed Pinot Noir Willamette Valley 2022,United States,12.99,3.7,images/Firesteed_Pinot_Noir_Willamette_Valley_2022.png,images/bottle_Firesteed_Pinot_Noir_Willamette_Valley_2022.png,Willamette Valley,Firesteed,"red fruit, oak, earth, non oak, spices, black fruit, microbio, tree fruit, dried fruit, vegetal, floral, citrus fruit, tropical fruit","Beef, Veal, Game (deer, venison), Poultry",Pinot Noir
Sterling Vineyards Vintner's Collection Pinot Noir 2023,United States,11.99,3.6,images/Sterling_Vineyards_Vintners_Collection_Pinot_Noir_.png,images/bottle_Sterling_Vineyards_Vintners_Collection_Pino.png,California,Sterling Vineyards,"red fruit, oak, earth, non oak, spices, black fruit, microbio, dried fruit, tree fruit, vegetal, citrus fruit, floral","Beef, Veal, Game (deer, venison), Poultry",Pinot Noir
Domaine Drouhin Lauréne Pinot Noir 2003,United States,139,4.3,images/Domaine_Drouhin_Laurne_Pinot_Noir_2003.png,images/bottle_Domaine_Drouhin_Laurne_Pinot_Noir_2003.png,Dundee Hills,Domaine Drouhin,"red fruit, oak, earth, non oak, spices, black fruit, microbio, floral, vegetal, dried fruit, citrus fruit, tree fruit, tropical fruit","Beef, Veal, Game (deer, venison), Poultry",Pinot Noir
Tarlant Zero Brut Nature Champagne,France,66.99,4.1,images/Tarlant_Zero_Brut_Nature_Champagne.png,images/bottle_Tarlant_Zero_Brut_Nature_Champagne.png,Champagne,Tarlant,"citrus fruit, tree fruit, non oak, earth, microbio, oak, vegetal, red fruit, spices, dried fruit, tropical fruit, floral, black fruit","Pork, Rich fish (salmon, tuna etc), Shellfish, Mild and soft cheese","Chardonnay, Pinot Noir, Pinot Meunier"
Meiomi Pinot Noir 2022,United States,19.99,3.8,images/Meiomi_Pinot_Noir_2022.png,images/bottle_Meiomi_Pinot_Noir_2022.png,California,Meiomi,"oak, red fruit, non oak, spices, black fruit, earth, microbio, dried fruit, vegetal, floral, tree fruit, citrus fruit, tropical fruit","Beef, Veal, Game (deer, venison), Poultry",Pinot Noir
Charles Heidsieck Rosé Réserve,France,69.99,4.2,images/Charles_Heidsieck_Ros_Rserve.png,images/bottle_Charles_Heidsieck_Ros_Rserve.png,Champagne,Charles Heidsieck,"red fruit, non oak, microbio, oak, citrus fruit, tree fruit, earth, spices, vegetal, black fruit, dried fruit, tropical fruit, floral","Pork, Rich fish (salmon, tuna etc), Shellfish, Mild and soft cheese","Chardonnay, Pinot Noir, Pinot Meunier"
Lucien Albrecht Cremant d'Alsace Brut Rosé,France,17.99,4.1,images/Lucien_Albrecht_Cremant_dAlsace_Brut_Ros.png,images/bottle_Lucien_Albrecht_Cremant_dAlsace_Brut_Ros.png,Crémant d'Alsace,Lucien Albrecht,"red fruit, microbio, tree fruit, citrus fruit, earth, non oak, oak, vegetal, tropical fruit, spices, floral, black fruit, dried fruit","Shellfish, Poultry, Appetizers and snacks, Lean fish, Aperitif","Chardonnay, Pinot Gris, Pinot Noir, Roussanne, Pinot Blanc, Auxerrois"
Schramsberg Blanc de Noirs Brut 1997,United States,145,4.1,images/Schramsberg_Blanc_de_Noirs_Brut_1997.png,images/bottle_Schramsberg_Blanc_de_Noirs_Brut_1997.png,North Coast,Schramsberg,"tree fruit, microbio, non oak, citrus fruit, oak, earth, vegetal, red fruit, tropical fruit, spices, floral, black fruit, dried fruit","Shellfish, Appetizers and snacks, Lean fish, Aperitif","Chardonnay, Pinot Noir"
Egly-Ouriet Blanc de Noirs Brut Champagne Grand Cru 'Les Crayeres' Ambonnay,France,499.99,4.5,images/Egly_Ouriet_Blanc_de_Noirs_Brut_Champagne_Grand_Cr.png,images/bottle_Egly_Ouriet_Blanc_de_Noirs_Brut_Champagne_G.png,Champagne Grand Cru 'Ambonnay',Egly-Ouriet,"non oak, earth, oak, microbio, tree fruit, citrus fruit, vegetal, spices, red fruit, black fruit, floral, tropical fruit, dried fruit","Pork, Rich fish (salmon, tuna etc), Shellfish, Mild and soft cheese","Chardonnay, Pinot Noir, Pinot Meunier"
La Crema Sonoma Coast Pinot Noir 2015,United States,35.7,4,images/La_Crema_Sonoma_Coast_Pinot_Noir_2015.png,images/bottle_La_Crema_Sonoma_Coast_Pinot_Noir_2015.png,Sonoma Coast,La Crema,"red fruit, oak, non oak, earth, spices, black fruit, microbio, vegetal, citrus fruit, dried fruit, floral, tree fruit, tropical fruit","Veal, Pork, Poultry, Mushrooms",Pinot Noir
North Valley Pinot Noir 2022,United States,29.99,4,images/North_Valley_Pinot_Noir_2022.png,images/bottle_North_Valley_Pinot_Noir_2022.png,Willamette Valley,North Valley,"red fruit, oak, earth, spices, black fruit, non oak, microbio, floral, vegetal, citrus fruit, dried fruit, tree fruit, tropical fruit","Beef, Veal, Game (deer, venison), Poultry",Pinot Noir
Drappier Rosé de Saignée Brut Champagne,France,69.99,4,images/Drappier_Ros_de_Saigne_Brut_Champagne.png,images/bottle_Drappier_Ros_de_Saigne_Brut_Champagne.png,Champagne,Drappier,"red fruit, microbio, non oak, citrus fruit, earth, tree fruit, oak, vegetal, floral, spices, black fruit, tropical fruit, dried fruit","Pork, Rich fish (salmon, tuna etc), Shellfish, Mild and soft cheese","Chardonnay, Pinot Noir, Pinot Meunier"
Ulysse Collin Les Maillons Blanc de Noirs Extra Brut Champagne,France,449.99,4.4,images/Ulysse_Collin_Les_Maillons_Blanc_de_Noirs_Extra_Br.png,images/bottle_Ulysse_Collin_Les_Maillons_Blanc_de_Noirs_E.png,Champagne,Ulysse Collin,"earth, non oak, oak, tree fruit, microbio, citrus fruit, red fruit, vegetal, spices, tropical fruit, floral, dried fruit, black fruit","Pork, Rich fish (salmon, tuna etc), Shellfish, Mild and soft cheese","Chardonnay, Pinot Noir, Pinot Meunier"
Domaine Marquis d'Angerville Volnay Champans 1er Cru 2022,France,215,4.3,images/Domaine_Marquis_dAngerville_Volnay_Champans_1er_Cr.png,images/bottle_Domaine_Marquis_dAngerville_Volnay_Champans.png,Volnay 1er Cru 'Champans',Domaine Marquis d'Angerville,"red fruit, earth, oak, spices, non oak, black fruit, microbio, floral, vegetal, citrus fruit, dried fruit, tree fruit, tropical fruit","Beef, Veal, Game (deer, venison), Poultry",Pinot Noir
Domaine Comte Georges de Vogüé Chambolle-Musigny 2021,France,394.99,4.3,images/Domaine_Comte_Georges_de_Vog_Chambolle_Musigny_202.png,images/bottle_Domaine_Comte_Georges_de_Vog_Chambolle_Musi.png,Chambolle-Musigny,Domaine Comte Georges de Vogüé,"red fruit, earth, oak, black fruit, spices, non oak, microbio, floral, vegetal, dried fruit, citrus fruit, tree fruit","Beef, Veal, Game (deer, venison), Poultry",Pinot Noir
Lingua Franca Avni Pinot Noir 2023,United States,37.99,4.2,images/Lingua_Franca_Avni_Pinot_Noir_2023.png,images/bottle_Lingua_Franca_Avni_Pinot_Noir_2023.png,Eola-Amity Hills,Lingua Franca,"red fruit, earth, oak, non oak, spices, black fruit, microbio, floral, dried fruit, vegetal, citrus fruit, tropical fruit, tree fruit","Beef, Veal, Game (deer, venison), Poultry",Pinot Noir
Domaine des Comtes Lafon Volnay Santenots-Du-Milieu Premier Cru 1985,France,698,4.3,images/Domaine_des_Comtes_Lafon_Volnay_Santenots_Du_Milie.png,images/bottle_Domaine_des_Comtes_Lafon_Volnay_Santenots_D.png,Volnay Premier Cru,Domaine des Comtes Lafon,"red fruit, earth, oak, black fruit, non oak, spices, floral, microbio, dried fruit, vegetal, citrus fruit, tree fruit","Beef, Veal, Game (deer, venison), Poultry",Pinot Noir
Laherte Freres Ultradition Extra-Brut Champagne,France,53,4.1,images/Laherte_Freres_Ultradition_Extra_Brut_Champagne.png,images/bottle_Laherte_Freres_Ultradition_Extra_Brut_Champ.png,Champagne,Laherte Freres,"tree fruit, non oak, oak, citrus fruit, microbio, earth, vegetal, red fruit, spices, floral, tropical fruit, dried fruit, black fruit","Pork, Rich fish (salmon, tuna etc), Shellfish, Mild and soft cheese","Chardonnay, Pinot Noir, Pinot Meunier"
Domaine Joseph Roty Gevrey-Chambertin 2022,France,107.99,4.1,images/Domaine_Joseph_Roty_Gevrey_Chambertin_2022.png,images/bottle_Domaine_Joseph_Roty_Gevrey_Chambertin_2022.png,Gevrey-Chambertin,Domaine Joseph Roty,"earth, red fruit, oak, non oak, spices, black fruit, microbio, floral, vegetal, dried fruit, tree fruit, citrus fruit, tropical fruit","Beef, Veal, Game (deer, venison), Poultry",Pinot Noir
Amici Russian River Valley Pinot Noir 2023,United States,40,4.2,images/Amici_Russian_River_Valley_Pinot_Noir_2023.png,images/bottle_Amici_Russian_River_Valley_Pinot_Noir_2023.png,Russian River Valley,Amici,"red fruit, oak, earth, non oak, spices, black fruit, microbio, dried fruit, vegetal, floral, citrus fruit, tree fruit, tropical fruit","Veal, Pork, Poultry, Mushrooms",Pinot Noir
Maison l'Envoye Two Messengers Pinot Noir 2022,United States,29.99,4,images/Maison_lEnvoye_Two_Messengers_Pinot_Noir_2022.png,images/bottle_Maison_lEnvoye_Two_Messengers_Pinot_Noir_20.png,Willamette Valley,Maison l'Envoye,"red fruit, earth, oak, non oak, spices, black fruit, microbio, vegetal, floral, dried fruit, citrus fruit, tree fruit","Beef, Veal, Game (deer, venison), Poultry",Pinot Noir
Burn Cottage Moonlight Race Pinot Noir 2023,New Zealand,46.99,4.1,images/Burn_Cottage_Moonlight_Race_Pinot_Noir_2023.png,images/bottle_Burn_Cottage_Moonlight_Race_Pinot_Noir_2023.png,Central Otago,Burn Cottage,"red fruit, earth, oak, non oak, spices, black fruit, microbio, floral, vegetal, dried fruit, citrus fruit, tropical fruit, tree fruit","Beef, Veal, Game (deer, venison), Mushrooms",Pinot Noir
Domaine Faiveley Corton Clos des Cortons Faiveley Grand Cru (Monopole) 1991,France,480,4.2,images/Domaine_Faiveley_Corton_Clos_des_Cortons_Faiveley_.png,images/bottle_Domaine_Faiveley_Corton_Clos_des_Cortons_Fa.png,Corton Grand Cru,Domaine Faiveley,"earth, red fruit, oak, spices, black fruit, non oak, microbio, floral, dried fruit, vegetal, citrus fruit, tropical fruit, tree fruit","Beef, Veal, Game (deer, venison), Poultry",Pinot Noir
Bouchard Père & Fils Volnay Premier Cru Caillerets Ancienne Cuvée Carnot 2021,France,160,4.2,images/Bouchard_Pre_Fils_Volnay_Premier_Cru_Caillerets_An.png,images/bottle_Bouchard_Pre_Fils_Volnay_Premier_Cru_Caille.png,Volnay Premier Cru,Bouchard Père & Fils,"red fruit, earth, oak, non oak, spices, black fruit, microbio, floral, vegetal, dried fruit, citrus fruit, tree fruit, tropical fruit","Beef, Veal, Game (deer, venison), Poultry",Pinot Noir
G.H. Mumm (Cordon Rouge) Le Rosé Brut Champagne,France,29.99,3.9,images/GH_Mumm_Cordon_Rouge_Le_Ros_Brut_Champagne.png,images/bottle_GH_Mumm_Cordon_Rouge_Le_Ros_Brut_Champagne.png,Champagne,G.H. Mumm,"red fruit, citrus fruit, microbio, non oak, oak, tree fruit, earth, spices, vegetal, floral, tropical fruit, black fruit, dried fruit","Pork, Rich fish (salmon, tuna etc), Shellfish, Mild and soft cheese","Chardonnay, Pinot Noir, Pinot Meunier"
Mongeard-Mugneret Vosne-Romanée 2022,France,156.99,4.2,images/Mongeard_Mugneret_Vosne_Romane_2022.png,images/bottle_Mongeard_Mugneret_Vosne_Romane_2022.png,Vosne-Romanée,Mongeard-Mugneret,"red fruit, oak, earth, non oak, black fruit, spices, microbio, floral, vegetal, citrus fruit, dried fruit, tropical fruit, tree fruit","Beef, Veal, Game (deer, venison), Poultry",Pinot Noir
Cloudline Pinot Noir 2018,United States,26.61,3.8,images/Cloudline_Pinot_Noir_2018.png,images/bottle_Cloudline_Pinot_Noir_2018.png,Willamette Valley,Cloudline,"red fruit, earth, oak, non oak, spices, black fruit, microbio, vegetal, floral, dried fruit, citrus fruit, tree fruit, tropical fruit","Beef, Veal, Game (deer, venison), Poultry",Pinot Noir
Domaine Comte Georges de Vogüé Bonnes-Mares Grand Cru 2020,France,999.99,4.5,images/Domaine_Comte_Georges_de_Vog_Bonnes_Mares_Grand_Cr.png,images/bottle_Domaine_Comte_Georges_de_Vog_Bonnes_Mares_G.png,Bonnes-Mares Grand Cru,Domaine Comte Georges de Vogüé,"earth, red fruit, oak, black fruit, non oak, spices, microbio, floral, dried fruit, vegetal, citrus fruit, tree fruit, tropical fruit","Beef, Veal, Game (deer, venison), Poultry",Pinot Noir
Beaux Frères Pinot Noir 2022,United States,76.99,4.3,images/Beaux_Frres_Pinot_Noir_2022.png,images/bottle_Beaux_Frres_Pinot_Noir_2022.png,Willamette Valley,Beaux Frères,"red fruit, earth, oak, non oak, spices, black fruit, microbio, floral, vegetal, dried fruit, citrus fruit","Beef, Veal, Game (deer, venison), Poultry",Pinot Noir
Schug Pinot Noir 2023,United States,16.99,3.8,images/Schug_Pinot_Noir_2023.png,images/bottle_Schug_Pinot_Noir_2023.png,Sonoma Coast,Schug,"red fruit, oak, earth, non oak, spices, black fruit, microbio, floral, vegetal, dried fruit, tree fruit, citrus fruit, tropical fruit","Veal, Pork, Poultry, Mushrooms",Pinot Noir
Louis Jadot Clos Vougeot Grand Cru 1991,France,378,4.3,images/Louis_Jadot_Clos_Vougeot_Grand_Cru_1991.png,images/bottle_Louis_Jadot_Clos_Vougeot_Grand_Cru_1991.png,Clos Vougeot Grand Cru,Louis Jadot,"red fruit, earth, oak, non oak, black fruit, microbio, spices, floral, dried fruit, vegetal, citrus fruit, tree fruit, tropical fruit","Beef, Veal, Game (deer, venison), Poultry",Pinot Noir
Pali Wine Co. Huntington Pinot Noir 2022,United States,26.99,3.9,images/Pali_Wine_Co_Huntington_Pinot_Noir_2022.png,images/bottle_Pali_Wine_Co_Huntington_Pinot_Noir_2022.png,Santa Barbara County,Pali Wine Co.,"red fruit, oak, earth, non oak, black fruit, spices, microbio, dried fruit, vegetal, tree fruit, floral, citrus fruit, tropical fruit","Beef, Veal, Game (deer, venison), Poultry",Pinot Noir
Domaine Pavelot - Jean-Marc et Hughes Savigny-les-Beaune Rouge 2002,France,68,3.9,images/Domaine_Pavelot_Jean_Marc_et_Hughes_Savigny_les_Be.png,images/bottle_Domaine_Pavelot_Jean_Marc_et_Hughes_Savigny.png,Savigny-lès-Beaune,Domaine Pavelot - Jean-Marc et Hughes,"red fruit, earth, oak, spices, non oak, black fruit, microbio, floral, dried fruit, tree fruit, citrus fruit, vegetal","Beef, Veal, Game (deer, venison), Poultry",Pinot Noir
Domaine Trapet Chambertin Grand Cru 2020,France,975,4.4,images/Domaine_Trapet_Chambertin_Grand_Cru_2020.png,images/bottle_Domaine_Trapet_Chambertin_Grand_Cru_2020.png,Chambertin Grand Cru,Domaine Trapet,"earth, oak, red fruit, black fruit, non oak, microbio, spices, floral, dried fruit, vegetal, tree fruit, citrus fruit","Beef, Veal, Game (deer, venison), Poultry",Pinot Noir
Calera Pinot Noir Jensen Vineyard 2002,United States,199,4.3,images/Calera_Pinot_Noir_Jensen_Vineyard_2002.png,images/bottle_Calera_Pinot_Noir_Jensen_Vineyard_2002.png,Mount Harlan,Calera,"red fruit, earth, oak, black fruit, non oak, spices, floral, microbio, vegetal, dried fruit, citrus fruit, tree fruit, tropical fruit","Beef, Veal, Game (deer, venison), Poultry",Pinot Noir
Ghislaine Barthod Chambolle-Musigny 2022,France,138,4.2,images/Ghislaine_Barthod_Chambolle_Musigny_2022.png,images/bottle_Ghislaine_Barthod_Chambolle_Musigny_2022.png,Chambolle-Musigny,Ghislaine Barthod,"red fruit, earth, oak, non oak, spices, black fruit, floral, microbio, vegetal, citrus fruit, tree fruit, dried fruit, tropical fruit","Beef, Veal, Game (deer, venison), Poultry",Pinot Noir
Alexana Terroir Series Pinot Noir 2023,United States,36.99,4.2,images/Alexana_Terroir_Series_Pinot_Noir_2023.png,images/bottle_Alexana_Terroir_Series_Pinot_Noir_2023.png,Willamette Valley,Alexana,"red fruit, oak, non oak, earth, spices, black fruit, microbio, citrus fruit, dried fruit, floral, vegetal, tree fruit, tropical fruit","Beef, Veal, Game (deer, venison), Poultry",Pinot Noir
Paul Bara Grand Rosé Brut Champagne Grand Cru 'Bouzy',France,76,4.1,images/Paul_Bara_Grand_Ros_Brut_Champagne_Grand_Cru_Bouzy.png,images/bottle_Paul_Bara_Grand_Ros_Brut_Champagne_Grand_Cr.png,Champagne Grand Cru 'Bouzy',Paul Bara,"red fruit, citrus fruit, tree fruit, microbio, non oak, oak, earth, vegetal, spices, floral, tropical fruit, black fruit, dried fruit","Pork, Rich fish (salmon, tuna etc), Shellfish, Mild and soft cheese","Chardonnay, Pinot Noir, Pinot Meunier"
Bench Pinot Noir 2023,United States,19.99,3.8,images/Bench_Pinot_Noir_2023.png,images/bottle_Bench_Pinot_Noir_2023.png,Knights Valley,Bench,"red fruit, oak, non oak, earth, black fruit, spices, microbio, dried fruit, floral, vegetal, tree fruit, citrus fruit, tropical fruit","Beef, Veal, Game (deer, venison), Poultry",Pinot Noir
Mouzon Leroux l'Atavique Tradition Champagne Grand Cru 'Verzy',France,70,4.1,images/Mouzon_Leroux_lAtavique_Tradition_Champagne_Grand_.png,images/bottle_Mouzon_Leroux_lAtavique_Tradition_Champagne.png,Champagne Grand Cru 'Verzy',Mouzon Leroux,"tree fruit, citrus fruit, microbio, non oak, oak, earth, vegetal, spices, floral, black fruit, red fruit, dried fruit, tropical fruit","Pork, Rich fish (salmon, tuna etc), Shellfish, Mild and soft cheese","Chardonnay, Pinot Noir, Pinot Meunier"
Ponzi Pinot Noir 2021,United States,43,4,images/Ponzi_Pinot_Noir_2021.png,images/bottle_Ponzi_Pinot_Noir_2021.png,Willamette Valley,Ponzi,"red fruit, oak, earth, non oak, spices, black fruit, microbio, dried fruit, tree fruit, floral, vegetal, citrus fruit, tropical fruit","Beef, Veal, Game (deer, venison), Poultry",Pinot Noir
Vouette et Sorbée Fidèle Champagne Brut Nature,France,215,4.3,images/Vouette_et_Sorbe_Fidle_Champagne_Brut_Nature.png,images/bottle_Vouette_et_Sorbe_Fidle_Champagne_Brut_Natur.png,Champagne,Vouette et Sorbée,"tree fruit, non oak, oak, earth, microbio, citrus fruit, red fruit, vegetal, spices, floral, black fruit, tropical fruit, dried fruit","Pork, Rich fish (salmon, tuna etc), Shellfish, Mild and soft cheese","Chardonnay, Pinot Noir, Pinot Meunier"
Miraval Côtes de Provence Rosé 2014,France,39.99,3.9,images/Miraval_Ctes_de_Provence_Ros_2014.png,images/bottle_Miraval_Ctes_de_Provence_Ros_2014.png,Côtes de Provence,Miraval,"red fruit, tree fruit, citrus fruit, earth, microbio, floral, oak, spices, non oak, vegetal, tropical fruit, black fruit, dried fruit","Pork, Shellfish, Vegetarian, Poultry","Shiraz/Syrah, Grenache, Cinsault"
Bollinger PN VZ Brut Champagne,France,119.98,4.4,images/Bollinger_PN_VZ_Brut_Champagne.png,images/bottle_Bollinger_PN_VZ_Brut_Champagne.png,Champagne,Bollinger,"tree fruit, non oak, oak, microbio, citrus fruit, earth, red fruit, vegetal, spices, floral, black fruit, dried fruit, tropical fruit","Pork, Rich fish (salmon, tuna etc), Shellfish, Mild and soft cheese","Chardonnay, Pinot Noir, Pinot Meunier"
Dom Pérignon Brut Rosé Champagne 2006,France,399.99,4.6,images/Dom_Prignon_Brut_Ros_Champagne_2006.png,images/bottle_Dom_Prignon_Brut_Ros_Champagne_2006.png,Champagne,Dom Pérignon,"red fruit, non oak, microbio, earth, oak, citrus fruit, tree fruit, spices, vegetal, dried fruit, black fruit, floral, tropical fruit","Pork, Rich fish (salmon, tuna etc), Shellfish, Mild and soft cheese","Chardonnay, Pinot Noir, Pinot Meunier"
Famille Moutard Grande Cuvée Brut Champagne,France,39.99,3.9,images/Famille_Moutard_Grande_Cuve_Brut_Champagne.png,images/bottle_Famille_Moutard_Grande_Cuve_Brut_Champagne.png,Champagne,Famille Moutard,"tree fruit, non oak, microbio, oak, citrus fruit, earth, vegetal, red fruit, tropical fruit, spices, black fruit, floral, dried fruit","Pork, Rich fish (salmon, tuna etc), Shellfish, Mild and soft cheese","Chardonnay, Pinot Noir, Pinot Meunier"
Bacchus Ginger's Cuvée Pinot Noir 2023,United States,16,3.8,images/Bacchus_Gingers_Cuve_Pinot_Noir_2023.png,images/bottle_Bacchus_Gingers_Cuve_Pinot_Noir_2023.png,California,Bacchus,"red fruit, oak, earth, non oak, spices, black fruit, microbio, dried fruit, vegetal, floral, tree fruit, citrus fruit","Beef, Veal, Game (deer, venison), Poultry",Pinot Noir
Lola California Pinot Noir 2022,United States,29.99,4.1,images/Lola_California_Pinot_Noir_2022.png,images/bottle_Lola_California_Pinot_Noir_2022.png,California,Lola,"oak, red fruit, non oak, spices, black fruit, earth, microbio, dried fruit, floral, tree fruit, citrus fruit, vegetal, tropical fruit","Beef, Veal, Game (deer, venison), Poultry",Pinot Noir
Domaine de la Côte Blooms Field Pinot Noir 2023,United States,109.99,4.3,images/Domaine_de_la_Cte_Blooms_Field_Pinot_Noir_2023.png,images/bottle_Domaine_de_la_Cte_Blooms_Field_Pinot_Noir_2.png,Sta. Rita Hills,Domaine de la Côte,"red fruit, earth, oak, spices, non oak, microbio, black fruit, floral, vegetal, citrus fruit, dried fruit, tree fruit, tropical fruit","Veal, Pork, Poultry, Mushrooms",Pinot Noir
Juggernaut Pinot Noir 2020,United States,16.99,4.1,images/Juggernaut_Pinot_Noir_2020.png,images/bottle_Juggernaut_Pinot_Noir_2020.png,Russian River Valley,Juggernaut,"red fruit, oak, earth, non oak, spices, black fruit, microbio, vegetal, floral, dried fruit, citrus fruit, tree fruit, tropical fruit","Veal, Pork, Poultry, Mushrooms",Pinot Noir
Domaine des Héritiers Louis Jadot Beaune 1er Cru Clos des Ursules 1969,France,440,4.1,images/Domaine_des_Hritiers_Louis_Jadot_Beaune_1er_Cru_Cl.png,images/bottle_Domaine_des_Hritiers_Louis_Jadot_Beaune_1er.png,Beaune Premier Cru,Domaine des Héritiers Louis Jadot,"red fruit, earth, oak, non oak, spices, black fruit, microbio, floral, citrus fruit, vegetal, tree fruit, dried fruit, tropical fruit","Beef, Veal, Game (deer, venison), Poultry",Pinot Noir
Le Colline Limited Edition Pinot Noir 2023,Italy,11.97,3.6,images/Le_Colline_Limited_Edition_Pinot_Noir_2023.png,images/bottle_Le_Colline_Limited_Edition_Pinot_Noir_2023.png,delle Venezie,Le Colline,"red fruit, oak, black fruit, earth, non oak, spices, microbio, citrus fruit, dried fruit, floral, vegetal, tree fruit","Beef, Veal, Game (deer, venison), Poultry",Pinot Noir
Big Table Farm Pinot Noir 2023,United States,54.99,4.3,images/Big_Table_Farm_Pinot_Noir_2023.png,images/bottle_Big_Table_Farm_Pinot_Noir_2023.png,Willamette Valley,Big Table Farm,"red fruit, earth, oak, non oak, spices, black fruit, microbio, floral, citrus fruit, dried fruit, vegetal, tree fruit, tropical fruit","Beef, Veal, Game (deer, venison), Poultry",Pinot Noir
Belle Glos Las Alturas Vineyard Pinot Noir 2021,United States,44.99,4.3,images/Belle_Glos_Las_Alturas_Vineyard_Pinot_Noir_2021.png,images/bottle_Belle_Glos_Las_Alturas_Vineyard_Pinot_Noir_.png,Santa Lucia Highlands,Belle Glos,"oak, red fruit, black fruit, non oak, spices, earth, microbio, dried fruit, floral, vegetal, citrus fruit, tree fruit, tropical fruit","Veal, Pork, Poultry, Mushrooms",Pinot Noir
Kosta Browne Gap's Crown Vineyard Pinot Noir 2022,United States,139.99,4.6,images/Kosta_Browne_Gaps_Crown_Vineyard_Pinot_Noir_2022.png,images/bottle_Kosta_Browne_Gaps_Crown_Vineyard_Pinot_Noir.png,Sonoma Coast,Kosta Browne,"red fruit, oak, non oak, black fruit, spices, earth, dried fruit, floral, microbio, vegetal, citrus fruit, tree fruit, tropical fruit","Veal, Pork, Poultry, Mushrooms",Pinot Noir
Domaine Jean Grivot Clos de Vougeot Grand Cru 2020,France,599.97,4.3,images/Domaine_Jean_Grivot_Clos_de_Vougeot_Grand_Cru_2020.png,images/bottle_Domaine_Jean_Grivot_Clos_de_Vougeot_Grand_C.png,Clos Vougeot Grand Cru,Domaine Jean Grivot,"earth, red fruit, oak, non oak, black fruit, spices, floral, microbio, dried fruit, citrus fruit, vegetal, tree fruit","Beef, Veal, Game (deer, venison), Poultry",Pinot Noir
Domaine des Héritiers Louis Jadot Corton-Pougets Grand Cru Rouge 1969,France,645,4.2,images/Domaine_des_Hritiers_Louis_Jadot_Corton_Pougets_Gr.png,images/bottle_Domaine_des_Hritiers_Louis_Jadot_Corton_Pou.png,Corton Grand Cru 'Les Pougets',Domaine des Héritiers Louis Jadot,"earth, red fruit, oak, microbio, spices, non oak, black fruit, dried fruit, floral, vegetal, tree fruit, citrus fruit","Beef, Veal, Game (deer, venison), Poultry",Pinot Noir
Domaine Marquis d'Angerville Volnay 1er Cru 'Clos des Ducs' Monopole 1989,France,659,4.3,images/Domaine_Marquis_dAngerville_Volnay_1er_Cru_Clos_de.png,images/bottle_Domaine_Marquis_dAngerville_Volnay_1er_Cru_.png,Volnay 1er Cru 'Clos des Ducs',Domaine Marquis d'Angerville,"red fruit, earth, oak, non oak, spices, black fruit, microbio, floral, vegetal, dried fruit, citrus fruit, tree fruit","Beef, Veal, Game (deer, venison), Poultry",Pinot Noir
Geoffroy Rosé de Saignée Brut Champagne Premier Cru,France,49.99,4.1,images/Geoffroy_Ros_de_Saigne_Brut_Champagne_Premier_Cru.png,images/bottle_Geoffroy_Ros_de_Saigne_Brut_Champagne_Premi.png,Champagne Premier Cru,Geoffroy,"red fruit, citrus fruit, microbio, earth, non oak, oak, tree fruit, spices, vegetal, black fruit, floral, tropical fruit, dried fruit","Pork, Rich fish (salmon, tuna etc), Shellfish, Mild and soft cheese","Chardonnay, Pinot Noir, Pinot Meunier"
Serafin Père & Fils Gevrey-Chambertin 2022,France,139.99,4.1,images/Serafin_Pre_Fils_Gevrey_Chambertin_2022.png,images/bottle_Serafin_Pre_Fils_Gevrey_Chambertin_2022.png,Gevrey-Chambertin,Serafin Père & Fils,"red fruit, oak, earth, non oak, spices, black fruit, microbio, floral, vegetal, citrus fruit, dried fruit, tree fruit, tropical fruit","Beef, Veal, Game (deer, venison), Poultry",Pinot Noir
Château de Meursault Pommard Premier Cru Clos Des Epenots 1978,France,395,4.3,images/Chteau_de_Meursault_Pommard_Premier_Cru_Clos_Des_E.png,images/bottle_Chteau_de_Meursault_Pommard_Premier_Cru_Clo.png,Pommard Premier Cru,Château de Meursault,"red fruit, oak, earth, non oak, spices, black fruit, microbio, dried fruit, vegetal, tree fruit, floral","Beef, Veal, Game (deer, venison), Poultry",Pinot Noir
DuMOL Wester Reach Pinot Noir 2023,United States,79.99,4.5,images/DuMOL_Wester_Reach_Pinot_Noir_2023.png,images/bottle_DuMOL_Wester_Reach_Pinot_Noir_2023.png,Russian River Valley,DuMOL,"red fruit, oak, non oak, earth, spices, black fruit, citrus fruit, microbio, tree fruit, floral, dried fruit, vegetal","Veal, Pork, Poultry, Mushrooms",Pinot Noir
Domaine Faiveley Mercurey 1er Cru Clos du Roy 1990,France,290,4,images/Domaine_Faiveley_Mercurey_1er_Cru_Clos_du_Roy_1990.png,images/bottle_Domaine_Faiveley_Mercurey_1er_Cru_Clos_du_R.png,Mercurey,Domaine Faiveley,"red fruit, oak, earth, non oak, spices, black fruit, microbio, floral, vegetal, citrus fruit, dried fruit, tree fruit","Beef, Veal, Game (deer, venison), Poultry",Pinot Noir
Purple Hands Lone Oak Ranch Pinot Noir 2023,United States,34.99,4,images/Purple_Hands_Lone_Oak_Ranch_Pinot_Noir_2023.png,images/bottle_Purple_Hands_Lone_Oak_Ranch_Pinot_Noir_2023.png,Willamette Valley,Purple Hands,"red fruit, oak, earth, non oak, spices, black fruit, microbio, floral, dried fruit, vegetal, citrus fruit, tree fruit","Beef, Veal, Game (deer, venison), Poultry",Pinot Noir
Joseph Drouhin Chambolle-Musigny Premier Cru 1996,France,285,4.3,images/Joseph_Drouhin_Chambolle_Musigny_Premier_Cru_1996.png,images/bottle_Joseph_Drouhin_Chambolle_Musigny_Premier_Cr.png,Chambolle-Musigny Premier Cru,Joseph Drouhin,"red fruit, earth, oak, non oak, microbio, black fruit, spices, floral, dried fruit, vegetal, citrus fruit","Beef, Veal, Game (deer, venison), Poultry",Pinot Noir
Billecart-Salmon Extra Brut Champagne,France,147,4.1,images/Billecart_Salmon_Extra_Brut_Champagne.png,images/bottle_Billecart_Salmon_Extra_Brut_Champagne.png,Champagne,Billecart-Salmon,"citrus fruit, tree fruit, non oak, microbio, earth, oak, vegetal, spices, floral, tropical fruit, red fruit, dried fruit, black fruit","Pork, Rich fish (salmon, tuna etc), Shellfish, Mild and soft cheese","Chardonnay, Pinot Noir, Pinot Meunier"
R. Parr & S. Moorman Salem Wine Co.  Pinot Noir 2024,United States,25.99,4,images/R_Parr_S_Moorman_Salem_Wine_Co_Pinot_Noir_2024.png,images/bottle_R_Parr_S_Moorman_Salem_Wine_Co_Pinot_Noir_2.png,Eola-Amity Hills,R. Parr & S. Moorman,"red fruit, earth, oak, non oak, black fruit, spices, microbio, floral, vegetal, dried fruit, tree fruit, citrus fruit","Beef, Veal, Game (deer, venison), Poultry",Pinot Noir
Bouchaine Pinot Noir 1985,United States,114,3.9,images/Bouchaine_Pinot_Noir_1985.png,images/bottle_Bouchaine_Pinot_Noir_1985.png,Los Carneros,Bouchaine,"red fruit, oak, earth, non oak, spices, black fruit, microbio, vegetal, floral, dried fruit, citrus fruit, tree fruit, tropical fruit","Veal, Pork, Poultry, Mushrooms",Pinot Noir
Louis Jadot Pernand-Vergelesses Premier Cru Clos De La Croix De Pierre 1995,France,160,4,images/Louis_Jadot_Pernand_Vergelesses_Premier_Cru_Clos_D.png,images/bottle_Louis_Jadot_Pernand_Vergelesses_Premier_Cru.png,Pernand-Vergelesses Premier Cru,Louis Jadot,"red fruit, oak, earth, non oak, spices, microbio, black fruit, citrus fruit, vegetal, floral, tropical fruit, dried fruit, tree fruit","Beef, Veal, Game (deer, venison), Poultry",Pinot Noir
Evening Land La Source Seven Springs Vineyard Pinot Noir 2022,United States,80,4.3,images/Evening_Land_La_Source_Seven_Springs_Vineyard_Pino.png,images/bottle_Evening_Land_La_Source_Seven_Springs_Vineya.png,Eola-Amity Hills,Evening Land,"red fruit, earth, oak, spices, non oak, black fruit, microbio, floral, vegetal, dried fruit, citrus fruit, tree fruit","Beef, Veal, Game (deer, venison), Poultry",Pinot Noir
JCB (Jean-Charles Boisset) JCB No. 69 Rosé Burgundy,France,34.99,4.1,images/JCB_Jean_Charles_Boisset_JCB_No_69_Ros_Burgundy.png,images/bottle_JCB_Jean_Charles_Boisset_JCB_No_69_Ros_Burg.png,Crémant de Bourgogne,JCB (Jean-Charles Boisset),"red fruit, microbio, citrus fruit, tree fruit, non oak, earth, oak, spices, vegetal, floral, black fruit, tropical fruit, dried fruit","Shellfish, Poultry, Appetizers and snacks, Lean fish, Aperitif","Chardonnay, Pinot Gris, Pinot Noir, Roussanne, Pinot Blanc, Auxerrois"
Pierre Sparr Crémant d'Alsace Brut Rosé,France,18.99,4,images/Pierre_Sparr_Crmant_dAlsace_Brut_Ros.png,images/bottle_Pierre_Sparr_Crmant_dAlsace_Brut_Ros.png,Crémant d'Alsace,Pierre Sparr,"red fruit, microbio, citrus fruit, tree fruit, earth, non oak, oak, spices, vegetal, floral, black fruit, dried fruit","Shellfish, Poultry, Appetizers and snacks, Lean fish, Aperitif","Chardonnay, Pinot Gris, Pinot Noir, Roussanne, Pinot Blanc, Auxerrois"
Domaine G. Roumier Chambolle-Musigny 1er Cru 'Les Cras' 2021,France,689.99,4.4,images/Domaine_G_Roumier_Chambolle_Musigny_1er_Cru_Les_Cr.png,images/bottle_Domaine_G_Roumier_Chambolle_Musigny_1er_Cru.png,Chambolle-Musigny 1er Cru 'Les Cras',Domaine G. Roumier,"red fruit, earth, oak, black fruit, non oak, spices, floral, microbio, vegetal, dried fruit, tree fruit, citrus fruit","Beef, Veal, Game (deer, venison), Poultry",Pinot Noir
Pavette Pinot Noir 2024,United States,13.99,3.9,images/Pavette_Pinot_Noir_2024.jpg,,California,Pavette,"red fruit, oak, spices, non oak, earth, black fruit, microbio, floral, citrus fruit, dried fruit, tree fruit, vegetal","Beef, Veal, Game (deer, venison), Poultry",Pinot Noir
Francois Montand Brut Rosé,France,15.99,3.7,images/Francois_Montand_Brut_Ros.png,images/bottle_Francois_Montand_Brut_Ros.png,Jura,Francois Montand,"red fruit, microbio, tree fruit, citrus fruit, earth, non oak, vegetal, oak, spices, floral, black fruit, dried fruit","Shellfish, Poultry, Appetizers and snacks, Lean fish, Aperitif",
Sharecropper’s Pinot Noir 2022,United States,17.99,3.7,images/Sharecroppers_Pinot_Noir_2022.png,images/bottle_Sharecroppers_Pinot_Noir_2022.png,Willamette Valley,Sharecropper’s,"red fruit, oak, earth, non oak, black fruit, spices, microbio, vegetal, dried fruit, citrus fruit, floral, tree fruit","Beef, Veal, Game (deer, venison), Poultry",Pinot Noir
Banshee Wines Pinot Noir 2021,United States,19.99,4,images/Banshee_Wines_Pinot_Noir_2021.png,images/bottle_Banshee_Wines_Pinot_Noir_2021.png,Sonoma County,Banshee Wines,"red fruit, oak, earth, non oak, spices, black fruit, microbio, vegetal, floral, dried fruit, citrus fruit, tree fruit, tropical fruit","Beef, Veal, Game (deer, venison), Poultry",Pinot Noir
Domaine Faiveley Nuits-Saint-Georges 1er Cru Les Poréts 1978,France,569,4.1,images/Domaine_Faiveley_Nuits_Saint_Georges_1er_Cru_Les_P.png,images/bottle_Domaine_Faiveley_Nuits_Saint_Georges_1er_Cr.png,Nuits-Saint-Georges,Domaine Faiveley,"red fruit, oak, earth, non oak, spices, black fruit, microbio, floral, vegetal, dried fruit, tree fruit, citrus fruit","Beef, Veal, Game (deer, venison), Poultry",Pinot Noir
Mount Eden Vineyards Estate Pinot Noir 1973,United States,465,4.3,images/Mount_Eden_Vineyards_Estate_Pinot_Noir_1973.png,images/bottle_Mount_Eden_Vineyards_Estate_Pinot_Noir_1973.png,Santa Cruz Mountains,Mount Eden Vineyards,"red fruit, earth, oak, spices, non oak, black fruit, microbio, floral, vegetal, dried fruit, tree fruit, citrus fruit","Beef, Veal, Game (deer, venison), Poultry",Pinot Noir
Chandon de Briailles Île des Vergelesses Pernand-Vergelesses 1er Cru Rouge 2021,France,145,4.1,images/Chandon_de_Briailles_le_des_Vergelesses_Pernand_Ve.png,images/bottle_Chandon_de_Briailles_le_des_Vergelesses_Per.png,Pernand-Vergelesses Premier Cru,Chandon de Briailles,"red fruit, earth, oak, spices, black fruit, microbio, non oak, floral, vegetal, tree fruit, citrus fruit, dried fruit, tropical fruit","Beef, Veal, Game (deer, venison), Poultry",Pinot Noir
Wairau River Pinot Noir 2010,New Zealand,18.99,3.8,images/Wairau_River_Pinot_Noir_2010.png,images/bottle_Wairau_River_Pinot_Noir_2010.png,Marlborough,Wairau River,"red fruit, oak, earth, non oak, spices, black fruit, microbio, tree fruit, citrus fruit, vegetal, dried fruit, tropical fruit, floral","Beef, Veal, Game (deer, venison), Poultry",Pinot Noir
Domaine Drouhin Pinot Noir 2018,United States,175,4.2,images/Domaine_Drouhin_Pinot_Noir_2018.png,images/bottle_Domaine_Drouhin_Pinot_Noir_2018.png,Dundee Hills,Domaine Drouhin,"red fruit, oak, earth, non oak, spices, black fruit, microbio, floral, vegetal, dried fruit, citrus fruit, tree fruit, tropical fruit","Beef, Veal, Game (deer, venison), Poultry",Pinot Noir
Nicolas Jay Pinot Noir 2022,United States,57.99,4.2,images/Nicolas_Jay_Pinot_Noir_2022.png,images/bottle_Nicolas_Jay_Pinot_Noir_2022.png,Willamette Valley,Nicolas Jay,"red fruit, oak, earth, non oak, spices, black fruit, microbio, floral, vegetal, dried fruit, citrus fruit, tree fruit, tropical fruit","Beef, Veal, Game (deer, venison), Poultry",Pinot Noir
Gruet Blanc de Noirs,United States,14.99,3.8,images/Gruet_Blanc_de_Noirs.png,images/bottle_Gruet_Blanc_de_Noirs.png,New Mexico,Gruet,"tree fruit, microbio, non oak, citrus fruit, oak, red fruit, earth, vegetal, spices, tropical fruit, floral, black fruit, dried fruit","Shellfish, Any junk food will do, Appetizers and snacks, Lean fish, Aperitif",
Domaine Robert Chevillon Les Chaignots Nuits-Saint-Georges 1er Cru 2022,France,195,4.2,images/Domaine_Robert_Chevillon_Les_Chaignots_Nuits_Saint.png,images/bottle_Domaine_Robert_Chevillon_Les_Chaignots_Nuit.png,Nuits-Saint-Georges,Domaine Robert Chevillon,"earth, red fruit, oak, microbio, spices, black fruit, non oak, floral, vegetal, citrus fruit, dried fruit, tree fruit","Beef, Veal, Game (deer, venison), Poultry",Pinot Noir
Henriot Rosé Brut Champagne,France,72.99,4,images/Henriot_Ros_Brut_Champagne.png,images/bottle_Henriot_Ros_Brut_Champagne.png,Champagne,Henriot,"red fruit, non oak, citrus fruit, microbio, oak, tree fruit, earth, spices, black fruit, vegetal, floral, dried fruit, tropical fruit","Pork, Rich fish (salmon, tuna etc), Shellfish, Mild and soft cheese","Chardonnay, Pinot Noir, Pinot Meunier"
Merry Edwards Meredith Estate Pinot Noir 2022,United States,100,4.4,images/Merry_Edwards_Meredith_Estate_Pinot_Noir_2022.png,images/bottle_Merry_Edwards_Meredith_Estate_Pinot_Noir_20.png,Russian River Valley,Merry Edwards,"red fruit, oak, black fruit, earth, non oak, spices, microbio, floral, vegetal, dried fruit, citrus fruit, tree fruit, tropical fruit","Veal, Pork, Poultry, Mushrooms",Pinot Noir
Domaine Dujac Clos de la Roche Grand Cru 2022,France,744.99,4.5,images/Domaine_Dujac_Clos_de_la_Roche_Grand_Cru_2022.png,images/bottle_Domaine_Dujac_Clos_de_la_Roche_Grand_Cru_20.png,Clos de la Roche Grand Cru,Domaine Dujac,"red fruit, oak, earth, black fruit, non oak, spices, floral, microbio, vegetal, dried fruit, citrus fruit, tree fruit","Beef, Veal, Game (deer, venison), Poultry",Pinot Noir
Soter Vineyards Mineral Springs Ranch Pinot Noir 2022,United States,80,4.3,images/Soter_Vineyards_Mineral_Springs_Ranch_Pinot_Noir_2.png,images/bottle_Soter_Vineyards_Mineral_Springs_Ranch_Pinot.png,Yamhill-Carlton District,Soter Vineyards,"red fruit, oak, earth, spices, black fruit, non oak, microbio, floral, vegetal, dried fruit, citrus fruit, tree fruit, tropical fruit","Beef, Veal, Game (deer, venison), Poultry",Pinot Noir
Goldeneye Anderson Valley Pinot Noir 2017,United States,83.56,4.4,images/Goldeneye_Anderson_Valley_Pinot_Noir_2017.png,images/bottle_Goldeneye_Anderson_Valley_Pinot_Noir_2017.png,Anderson Valley,Goldeneye,"red fruit, oak, earth, non oak, spices, black fruit, microbio, dried fruit, floral, vegetal, tree fruit, citrus fruit, tropical fruit","Veal, Pork, Poultry, Mushrooms",Pinot Noir
Argyle Reserve Pinot Noir 2023,United States,29.99,4,images/Argyle_Reserve_Pinot_Noir_2023.png,images/bottle_Argyle_Reserve_Pinot_Noir_2023.png,Willamette Valley,Argyle,"red fruit, oak, earth, non oak, spices, black fruit, microbio, floral, vegetal, tree fruit, dried fruit, citrus fruit","Beef, Veal, Game (deer, venison), Poultry",Pinot Noir
Foxen Santa Maria Valley Pinot Noir 2022,United States,38,4,images/Foxen_Santa_Maria_Valley_Pinot_Noir_2022.png,images/bottle_Foxen_Santa_Maria_Valley_Pinot_Noir_2022.png,Santa Maria Valley,Foxen,"red fruit, earth, oak, non oak, spices, black fruit, microbio, vegetal, dried fruit, floral, citrus fruit, tree fruit, tropical fruit","Veal, Pork, Poultry, Mushrooms",Pinot Noir
Kendall-Jackson Vintner's Reserve Pinot Noir 2016,United States,22.84,3.7,images/Kendall_Jackson_Vintners_Reserve_Pinot_Noir_2016.png,images/bottle_Kendall_Jackson_Vintners_Reserve_Pinot_Noir.png,California,Kendall-Jackson,"red fruit, oak, non oak, spices, black fruit, earth, microbio, dried fruit, vegetal, citrus fruit, tree fruit, floral, tropical fruit","Beef, Veal, Game (deer, venison), Poultry",Pinot Noir
Domaine Michel Lafarge Volnay 2022,France,96,4.1,images/Domaine_Michel_Lafarge_Volnay_2022.png,images/bottle_Domaine_Michel_Lafarge_Volnay_2022.png,Volnay,Domaine Michel Lafarge,"red fruit, earth, oak, spices, non oak, microbio, black fruit, floral, dried fruit, citrus fruit, vegetal, tree fruit","Beef, Veal, Game (deer, venison), Poultry",Pinot Noir
Domaine Faiveley Chambolle-Musigny 2005,France,190,4.1,images/Domaine_Faiveley_Chambolle_Musigny_2005.png,images/bottle_Domaine_Faiveley_Chambolle_Musigny_2005.png,Chambolle-Musigny,Domaine Faiveley,"red fruit, oak, earth, non oak, spices, microbio, black fruit, floral, dried fruit, vegetal, tree fruit, citrus fruit, tropical fruit","Beef, Veal, Game (deer, venison), Poultry",Pinot Noir
Flowers Pinot Noir 2018,United States,49.99,4.3,images/Flowers_Pinot_Noir_2018.png,images/bottle_Flowers_Pinot_Noir_2018.png,Sonoma Coast,Flowers,"red fruit, oak, earth, non oak, spices, black fruit, microbio, floral, dried fruit, vegetal, citrus fruit, tree fruit, tropical fruit","Veal, Pork, Poultry, Mushrooms",Pinot Noir
Georges Noëllat Vosne-Romanée 2022,France,179.99,4.2,images/Georges_Nollat_Vosne_Romane_2022.png,images/bottle_Georges_Nollat_Vosne_Romane_2022.png,Vosne-Romanée,Georges Noëllat,"red fruit, oak, earth, spices, non oak, microbio, black fruit, floral, vegetal, dried fruit, tree fruit, citrus fruit, tropical fruit","Beef, Veal, Game (deer, venison), Poultry",Pinot Noir
Mark West California Pinot Noir 2021,United States,10.99,3.7,images/Mark_West_California_Pinot_Noir_2021.png,images/bottle_Mark_West_California_Pinot_Noir_2021.png,California,Mark West,"red fruit, oak, black fruit, non oak, earth, spices, microbio, vegetal, dried fruit, floral, citrus fruit, tree fruit, tropical fruit","Beef, Veal, Game (deer, venison), Poultry",Pinot Noir
Domaine de Montille Volnay 1er Cru 'Les Taillepieds' 2021,France,265,4.2,images/Domaine_de_Montille_Volnay_1er_Cru_Les_Taillepieds.png,images/bottle_Domaine_de_Montille_Volnay_1er_Cru_Les_Tail.png,Volnay Premier Cru,Domaine de Montille,"red fruit, earth, oak, non oak, spices, black fruit, microbio, floral, vegetal, citrus fruit, tree fruit, dried fruit, tropical fruit","Beef, Veal, Game (deer, venison), Poultry",Pinot Noir
Bouchard Père & Fils Chambolle-Musigny 2021,France,110,4.1,images/Bouchard_Pre_Fils_Chambolle_Musigny_2021.png,images/bottle_Bouchard_Pre_Fils_Chambolle_Musigny_2021.png,Chambolle-Musigny,Bouchard Père & Fils,"red fruit, earth, oak, spices, non oak, floral, black fruit, microbio, dried fruit, vegetal, citrus fruit","Beef, Veal, Game (deer, venison), Poultry",Pinot Noir
Decoy Pinot Noir 2021,United States,21.99,3.8,images/Decoy_Pinot_Noir_2021.png,images/bottle_Decoy_Pinot_Noir_2021.png,California,Decoy,"red fruit, oak, earth, non oak, spices, black fruit, microbio, floral, vegetal, dried fruit, citrus fruit, tree fruit, tropical fruit","Beef, Veal, Game (deer, venison), Poultry",Pinot Noir
Stoller Family Estate Pinot Noir Rosé 2024,United States,21.99,3.9,images/Stoller_Family_Estate_Pinot_Noir_Ros_2024.png,images/bottle_Stoller_Family_Estate_Pinot_Noir_Ros_2024.png,Willamette Valley,Stoller Family Estate,"red fruit, citrus fruit, earth, tree fruit, oak, spices, microbio, tropical fruit, non oak, vegetal, floral, black fruit, dried fruit",,Pinot Noir
Samuel Robert Conscious Pinot Noir 2023,United States,17.97,3.9,images/Samuel_Robert_Conscious_Pinot_Noir_2023.png,images/bottle_Samuel_Robert_Conscious_Pinot_Noir_2023.png,Willamette Valley,Samuel Robert,"red fruit, oak, earth, non oak, black fruit, spices, dried fruit, microbio, tree fruit, citrus fruit","Beef, Veal, Game (deer, venison), Poultry",Pinot Noir
Domaine Faiveley Clos de Vougeot Grand Cru 2020,France,250,4.3,images/Domaine_Faiveley_Clos_de_Vougeot_Grand_Cru_2020.png,images/bottle_Domaine_Faiveley_Clos_de_Vougeot_Grand_Cru_.png,Clos Vougeot Grand Cru,Domaine Faiveley,"red fruit, earth, oak, spices, black fruit, non oak, microbio, floral, dried fruit, vegetal, tree fruit, citrus fruit, tropical fruit","Beef, Veal, Game (deer, venison), Poultry",Pinot Noir
Angeline Pinot Noir 2017,United States,10.41,3.6,images/Angeline_Pinot_Noir_2017.png,images/bottle_Angeline_Pinot_Noir_2017.png,California,Angeline,"red fruit, oak, non oak, black fruit, earth, spices, microbio, dried fruit, citrus fruit, tree fruit, vegetal, floral, tropical fruit","Beef, Veal, Game (deer, venison), Poultry",Pinot Noir
Domaine Denis Bachelet Vieilles Vignes Gevrey-Chambertin 1999,France,336,4.2,images/Domaine_Denis_Bachelet_Vieilles_Vignes_Gevrey_Cham.png,images/bottle_Domaine_Denis_Bachelet_Vieilles_Vignes_Gevr.png,Gevrey-Chambertin,Domaine Denis Bachelet,"red fruit, earth, oak, black fruit, non oak, spices, microbio, floral, vegetal, dried fruit, tree fruit, citrus fruit","Beef, Veal, Game (deer, venison), Poultry",Pinot Noir
Bruno Paillard Première Cuvée Rosé Extra Brut Champagne,France,69.97,4.1,images/Bruno_Paillard_Premire_Cuve_Ros_Extra_Brut_Champag.png,images/bottle_Bruno_Paillard_Premire_Cuve_Ros_Extra_Brut_.png,Champagne,Bruno Paillard,"red fruit, citrus fruit, microbio, earth, non oak, tree fruit, oak, floral, spices, vegetal, tropical fruit, black fruit, dried fruit","Pork, Rich fish (salmon, tuna etc), Shellfish, Mild and soft cheese","Chardonnay, Pinot Noir, Pinot Meunier"
SIMI Pinot Noir 2022,United States,16.99,3.8,images/SIMI_Pinot_Noir_2022.png,images/bottle_SIMI_Pinot_Noir_2022.png,Sonoma County,SIMI,"red fruit, oak, non oak, earth, black fruit, spices, microbio, dried fruit, vegetal, citrus fruit, floral, tropical fruit","Beef, Veal, Game (deer, venison), Poultry",Pinot Noir
Krug Vintage 2000,France,850,4.6,images/Krug_Vintage_2000.png,images/bottle_Krug_Vintage_2000.png,Champagne,Krug,"non oak, oak, microbio, earth, tree fruit, citrus fruit, vegetal, spices, tropical fruit, floral, dried fruit, red fruit, black fruit","Pork, Rich fish (salmon, tuna etc), Shellfish, Mild and soft cheese","Chardonnay, Pinot Noir, Pinot Meunier"
Frédéric Magnien Chambolle-Musigny Vieilles Vignes 2022,France,142,4.1,images/Frdric_Magnien_Chambolle_Musigny_Vieilles_Vignes_2.png,images/bottle_Frdric_Magnien_Chambolle_Musigny_Vieilles_V.png,Chambolle-Musigny,Frédéric Magnien,"red fruit, earth, oak, black fruit, non oak, spices, microbio, floral, dried fruit, citrus fruit, vegetal, tree fruit","Beef, Veal, Game (deer, venison), Poultry",Pinot Noir
Laurent Miquel Solas Pinot Noir 2023,France,15.99,3.5,images/Laurent_Miquel_Solas_Pinot_Noir_2023.png,images/bottle_Laurent_Miquel_Solas_Pinot_Noir_2023.png,Pays d'Oc,Laurent Miquel,"red fruit, oak, earth, black fruit, non oak, spices, microbio, floral, vegetal, dried fruit, citrus fruit, tree fruit","Beef, Pasta, Veal","Shiraz/Syrah, Grenache, Mourvedre"
Decoy Limited Pinot Noir 2019,United States,25.99,4,images/Decoy_Limited_Pinot_Noir_2019.png,images/bottle_Decoy_Limited_Pinot_Noir_2019.png,Sonoma Coast,Decoy,"red fruit, oak, non oak, spices, black fruit, earth, microbio, floral, vegetal, dried fruit, citrus fruit","Veal, Pork, Poultry, Mushrooms",Pinot Noir
Drappier Pinot Noir Brut Nature Rosé Champagne,France,74.99,4,images/Drappier_Pinot_Noir_Brut_Nature_Ros_Champagne.png,images/bottle_Drappier_Pinot_Noir_Brut_Nature_Ros_Champag.png,Champagne,Drappier,"red fruit, citrus fruit, tree fruit, microbio, earth, non oak, oak, spices, vegetal, black fruit, tropical fruit, dried fruit, floral","Pork, Rich fish (salmon, tuna etc), Shellfish, Mild and soft cheese","Chardonnay, Pinot Noir, Pinot Meunier"
Henri Giraud Dame-Jane Rosé Champagne,France,150.47,4.2,images/Henri_Giraud_Dame_Jane_Ros_Champagne.png,images/bottle_Henri_Giraud_Dame_Jane_Ros_Champagne.png,Champagne,Henri Giraud,"red fruit, oak, citrus fruit, non oak, microbio, earth, tree fruit, spices, vegetal, floral, black fruit, dried fruit, tropical fruit","Pork, Rich fish (salmon, tuna etc), Shellfish, Mild and soft cheese","Chardonnay, Pinot Noir, Pinot Meunier"
Domaine Prieuré Roch Vieilles Vignes Nuits 1er Cru 2022,France,395,4.3,images/Domaine_Prieur_Roch_Vieilles_Vignes_Nuits_1er_Cru_.png,images/bottle_Domaine_Prieur_Roch_Vieilles_Vignes_Nuits_1.png,Nuits-Saint-Georges Premier Cru,Domaine Prieuré Roch,"earth, red fruit, oak, spices, floral, non oak, microbio, black fruit, citrus fruit, vegetal, tree fruit, dried fruit, tropical fruit","Beef, Veal, Game (deer, venison), Poultry",Pinot Noir
Donum Russian River Estate Pinot Noir 2022,United States,95,4.4,images/Donum_Russian_River_Estate_Pinot_Noir_2022.png,images/bottle_Donum_Russian_River_Estate_Pinot_Noir_2022.png,Russian River Valley,Donum,"red fruit, oak, black fruit, non oak, earth, spices, microbio, floral, dried fruit, vegetal, citrus fruit, tree fruit","Veal, Pork, Poultry, Mushrooms",Pinot Noir
Domaine Drouhin-Laroze Chambertin Clos de Bèze Grand Cru 1981,France,355,4.3,images/Domaine_Drouhin_Laroze_Chambertin_Clos_de_Bze_Gran.png,images/bottle_Domaine_Drouhin_Laroze_Chambertin_Clos_de_B.png,Chambertin-Clos de Bèze Grand Cru,Domaine Drouhin-Laroze,"red fruit, earth, oak, spices, non oak, black fruit, microbio, floral, vegetal, dried fruit, citrus fruit","Beef, Veal, Game (deer, venison), Poultry",Pinot Noir
Sea Sun Pinot Noir 2021,United States,19.99,3.9,images/Sea_Sun_Pinot_Noir_2021.png,images/bottle_Sea_Sun_Pinot_Noir_2021.png,California,Sea Sun,"oak, red fruit, non oak, spices, black fruit, earth, microbio, dried fruit, vegetal, floral, citrus fruit, tree fruit, tropical fruit","Beef, Veal, Game (deer, venison), Poultry",Pinot Noir
Folk Machine Pinot Noir 2023,United States,23,3.8,images/Folk_Machine_Pinot_Noir_2023.png,images/bottle_Folk_Machine_Pinot_Noir_2023.png,Central Coast,Folk Machine,"red fruit, earth, oak, spices, non oak, vegetal, microbio, black fruit, floral, citrus fruit, dried fruit, tree fruit","Beef, Veal, Game (deer, venison), Poultry",Pinot Noir
Calera Pinot Noir Mills Vineyard 1996,United States,258,4.2,images/Calera_Pinot_Noir_Mills_Vineyard_1996.png,images/bottle_Calera_Pinot_Noir_Mills_Vineyard_1996.png,Mount Harlan,Calera,"red fruit, earth, oak, non oak, spices, black fruit, microbio, floral, dried fruit, vegetal, tree fruit, citrus fruit, tropical fruit","Beef, Veal, Game (deer, venison), Poultry",Pinot Noir
Domaine Perrot-Minot Morey-Saint-Denis 'La Rue de Vergy' 1990,France,320,4.3,images/Domaine_Perrot_Minot_Morey_Saint_Denis_La_Rue_de_V.png,images/bottle_Domaine_Perrot_Minot_Morey_Saint_Denis_La_R.png,Morey-Saint-Denis,Domaine Perrot-Minot,"red fruit, earth, oak, non oak, spices, black fruit, microbio, floral, dried fruit, vegetal, citrus fruit, tree fruit","Beef, Veal, Game (deer, venison), Poultry",Pinot Noir
Gruet Brut Rosé,United States,14.99,3.8,images/Gruet_Brut_Ros.png,images/bottle_Gruet_Brut_Ros.png,New Mexico,Gruet,"red fruit, citrus fruit, microbio, tree fruit, non oak, earth, oak, black fruit, spices, tropical fruit, vegetal, floral, dried fruit","Shellfish, Any junk food will do, Appetizers and snacks, Lean fish, Aperitif",
Louis Jadot Gevrey-Chambertin Premier Cru Clos Saint-Jacques 2023,France,225,4.2,images/Louis_Jadot_Gevrey_Chambertin_Premier_Cru_Clos_Sai.png,images/bottle_Louis_Jadot_Gevrey_Chambertin_Premier_Cru_C.png,Gevrey-Chambertin Premier Cru,Louis Jadot,"earth, red fruit, oak, black fruit, spices, non oak, microbio, floral, dried fruit, citrus fruit, vegetal","Beef, Veal, Game (deer, venison), Poultry",Pinot Noir
Domaine Faiveley Chambertin Clos de Bèze Grand Cru 1989,France,985,4.3,images/Domaine_Faiveley_Chambertin_Clos_de_Bze_Grand_Cru_.png,images/bottle_Domaine_Faiveley_Chambertin_Clos_de_Bze_Gra.png,Chambertin-Clos de Bèze Grand Cru,Domaine Faiveley,"earth, red fruit, oak, non oak, black fruit, spices, microbio, floral, dried fruit, citrus fruit, vegetal, tree fruit","Beef, Veal, Game (deer, venison), Poultry",Pinot Noir
Louis Jadot Marsannay 1997,France,30,3.8,images/Louis_Jadot_Marsannay_1997.png,images/bottle_Louis_Jadot_Marsannay_1997.png,Marsannay,Louis Jadot,"red fruit, earth, oak, microbio, tree fruit, black fruit, spices, non oak, citrus fruit, dried fruit, floral, vegetal, tropical fruit","Beef, Veal, Game (deer, venison), Poultry",Pinot Noir
Domaine Marc Roy Clos Prieur Gevrey-Chambertin 2022,France,123.99,4.3,images/Domaine_Marc_Roy_Clos_Prieur_Gevrey_Chambertin_202.png,images/bottle_Domaine_Marc_Roy_Clos_Prieur_Gevrey_Chamber.png,Gevrey-Chambertin,Domaine Marc Roy,"red fruit, earth, oak, black fruit, non oak, spices, microbio, floral, dried fruit, vegetal","Beef, Veal, Game (deer, venison), Poultry",Pinot Noir
Domaine Robert Chevillon Les Vaucrains Nuits Saint Georges 1er Cru 1990,France,447,4.2,images/Domaine_Robert_Chevillon_Les_Vaucrains_Nuits_Saint.png,images/bottle_Domaine_Robert_Chevillon_Les_Vaucrains_Nuit.png,Nuits-Saint-Georges,Domaine Robert Chevillon,"earth, red fruit, oak, black fruit, spices, non oak, microbio, floral, dried fruit, vegetal, citrus fruit","Beef, Veal, Game (deer, venison), Poultry",Pinot Noir
Diora La Petite Grace Pinot Noir 2019,United States,19.99,4.1,images/Diora_La_Petite_Grace_Pinot_Noir_2019.png,images/bottle_Diora_La_Petite_Grace_Pinot_Noir_2019.png,Monterey,Diora,"oak, red fruit, non oak, black fruit, spices, earth, microbio, dried fruit, vegetal, floral, tree fruit, citrus fruit, tropical fruit","Beef, Veal, Game (deer, venison), Poultry",Pinot Noir
Paul Hobbs Katherine Lindsay Estate Pinot Noir 2022,United States,118,4.5,images/Paul_Hobbs_Katherine_Lindsay_Estate_Pinot_Noir_202.png,images/bottle_Paul_Hobbs_Katherine_Lindsay_Estate_Pinot_N.png,Russian River Valley,Paul Hobbs,"red fruit, oak, non oak, earth, spices, black fruit, microbio, floral, dried fruit, vegetal, tree fruit, tropical fruit, citrus fruit","Veal, Pork, Poultry, Mushrooms",Pinot Noir
Domaine Faiveley Latricières-Chambertin Grand Cru 1993,France,220,4.2,images/Domaine_Faiveley_Latricires_Chambertin_Grand_Cru_1.png,images/bottle_Domaine_Faiveley_Latricires_Chambertin_Gran.png,Latricières-Chambertin Grand Cru,Domaine Faiveley,"earth, red fruit, oak, spices, black fruit, microbio, non oak, floral, citrus fruit, vegetal","Beef, Veal, Game (deer, venison), Poultry",Pinot Noir
Elouan Pinot Noir 2021,United States,18.99,4,images/Elouan_Pinot_Noir_2021.png,images/bottle_Elouan_Pinot_Noir_2021.png,Oregon,Elouan,"red fruit, oak, earth, non oak, spices, black fruit, microbio, dried fruit, vegetal, floral, citrus fruit, tree fruit, tropical fruit","Beef, Veal, Game (deer, venison), Poultry",Pinot Noir
Muirwood Pinot Noir 2023,United States,19.97,3.7,images/Muirwood_Pinot_Noir_2023.png,images/bottle_Muirwood_Pinot_Noir_2023.png,Arroyo Seco,Muirwood,"oak, red fruit, non oak, earth, spices, black fruit, microbio, vegetal, dried fruit, tree fruit, citrus fruit, floral","Beef, Veal, Game (deer, venison), Poultry",Pinot Noir
Argyle Nuthouse Pinot Noir 2022,United States,65,4.1,images/Argyle_Nuthouse_Pinot_Noir_2022.png,images/bottle_Argyle_Nuthouse_Pinot_Noir_2022.png,Eola-Amity Hills,Argyle,"red fruit, oak, earth, non oak, spices, black fruit, microbio, floral, vegetal, tree fruit, citrus fruit","Beef, Veal, Game (deer, venison), Poultry",Pinot Noir
Domaine Trapet Latricières-Chambertin Grand Cru 2020,France,644,4.4,images/Domaine_Trapet_Latricires_Chambertin_Grand_Cru_202.png,images/bottle_Domaine_Trapet_Latricires_Chambertin_Grand_.png,Latricières-Chambertin Grand Cru,Domaine Trapet,"earth, red fruit, oak, microbio, non oak, spices, black fruit, citrus fruit, dried fruit, floral, vegetal, tree fruit","Beef, Veal, Game (deer, venison), Poultry",Pinot Noir
Pierre Girardin Éclat de Calcaire Bourgogne Pinot Noir 2022,France,48,4.1,images/Pierre_Girardin_clat_de_Calcaire_Bourgogne_Pinot_N.png,images/bottle_Pierre_Girardin_clat_de_Calcaire_Bourgogne_.png,Bourgogne,Pierre Girardin,"red fruit, earth, oak, black fruit, microbio, non oak, spices, floral, vegetal, dried fruit, tree fruit, citrus fruit","Beef, Veal, Game (deer, venison), Poultry",Pinot Noir
Domaine Anne Gros Clos-Vougeot Grand Cru Le Grand Maupertui 1992,France,965,4.4,images/Domaine_Anne_Gros_Clos_Vougeot_Grand_Cru_Le_Grand_.png,images/bottle_Domaine_Anne_Gros_Clos_Vougeot_Grand_Cru_Le.png,Clos Vougeot Grand Cru,Domaine Anne Gros,"red fruit, earth, oak, black fruit, spices, non oak, floral, microbio, vegetal, dried fruit, citrus fruit, tropical fruit","Beef, Veal, Game (deer, venison), Poultry",Pinot Noir
Lucien Boillot & Fils Gevrey-Chambertin 2022,France,110,4,images/Lucien_Boillot_Fils_Gevrey_Chambertin_2022.png,images/bottle_Lucien_Boillot_Fils_Gevrey_Chambertin_2022.png,Gevrey-Chambertin,Lucien Boillot & Fils,"red fruit, earth, oak, spices, non oak, black fruit, microbio, vegetal, floral, dried fruit, tropical fruit, tree fruit","Beef, Veal, Game (deer, venison), Poultry",Pinot Noir
Kelley Fox Mirabai Pinot Noir 2023,United States,45,4.1,images/Kelley_Fox_Mirabai_Pinot_Noir_2023.png,images/bottle_Kelley_Fox_Mirabai_Pinot_Noir_2023.png,Dundee Hills,Kelley Fox,"red fruit, earth, oak, spices, non oak, black fruit, microbio, floral, vegetal, citrus fruit, tree fruit, dried fruit","Beef, Veal, Game (deer, venison), Poultry",Pinot Noir
Hanzell Pinot Noir 1980,United States,458,4.3,images/Hanzell_Pinot_Noir_1980.png,images/bottle_Hanzell_Pinot_Noir_1980.png,Sonoma Valley,Hanzell,"red fruit, oak, earth, non oak, spices, black fruit, floral, vegetal, microbio, citrus fruit, tree fruit, dried fruit, tropical fruit","Beef, Veal, Game (deer, venison), Poultry",Pinot Noir
Domaine Arlaud Charmes-Chambertin Grand Cru 2021,France,329.99,4.4,images/Domaine_Arlaud_Charmes_Chambertin_Grand_Cru_2021.png,images/bottle_Domaine_Arlaud_Charmes_Chambertin_Grand_Cru.png,Charmes-Chambertin Grand Cru,Domaine Arlaud,"red fruit, oak, earth, non oak, spices, black fruit, microbio, floral, dried fruit, vegetal, tree fruit","Beef, Veal, Game (deer, venison), Poultry",Pinot Noir
Joseph Drouhin Volnay 2022,France,99.99,4,images/Joseph_Drouhin_Volnay_2022.png,images/bottle_Joseph_Drouhin_Volnay_2022.png,Volnay,Joseph Drouhin,"red fruit, oak, earth, spices, non oak, black fruit, microbio, floral, dried fruit, citrus fruit, tree fruit, vegetal","Beef, Veal, Game (deer, venison), Poultry",Pinot Noir
Dobbes Family Estate Grand Assemblage Pinot Noir 2022,United States,35,3.9,images/Dobbes_Family_Estate_Grand_Assemblage_Pinot_Noir_2.png,images/bottle_Dobbes_Family_Estate_Grand_Assemblage_Pinot.png,Willamette Valley,Dobbes Family Estate,"red fruit, oak, earth, non oak, spices, black fruit, microbio, dried fruit, floral, vegetal, citrus fruit, tree fruit","Beef, Veal, Game (deer, venison), Poultry",Pinot Noir
J.K. Carriere Vespidae Pinot Noir 2022,United States,53,4.2,images/JK_Carriere_Vespidae_Pinot_Noir_2022.png,images/bottle_JK_Carriere_Vespidae_Pinot_Noir_2022.png,Willamette Valley,J.K. Carriere,"red fruit, earth, oak, non oak, spices, black fruit, microbio, floral, tree fruit, vegetal, dried fruit, citrus fruit","Beef, Veal, Game (deer, venison), Poultry",Pinot Noir
Lignier-Michelot Vieilles Vignes Chambolle-Musigny 2022,France,118,4.2,images/Lignier_Michelot_Vieilles_Vignes_Chambolle_Musigny.png,images/bottle_Lignier_Michelot_Vieilles_Vignes_Chambolle_.png,Chambolle-Musigny,Lignier-Michelot,"red fruit, earth, oak, black fruit, non oak, microbio, spices, floral, dried fruit, vegetal, tropical fruit","Beef, Veal, Game (deer, venison), Poultry",Pinot Noir
Domaine Tollot-Beaut Corton-Bressandes Grand Cru 1978,France,368,4.3,images/Domaine_Tollot_Beaut_Corton_Bressandes_Grand_Cru_1.png,images/bottle_Domaine_Tollot_Beaut_Corton_Bressandes_Gran.png,Corton Grand Cru,Domaine Tollot-Beaut,"red fruit, oak, earth, spices, non oak, black fruit, microbio, floral, vegetal, citrus fruit, tree fruit, dried fruit","Beef, Veal, Game (deer, venison), Poultry",Pinot Noir
Kudos Reserve Pinot Noir 2023,United States,28.97,3.6,images/Kudos_Reserve_Pinot_Noir_2023.png,images/bottle_Kudos_Reserve_Pinot_Noir_2023.png,Yamhill-Carlton District,Kudos,"red fruit, oak, earth, black fruit, spices, non oak, floral, microbio, vegetal, dried fruit, tree fruit, citrus fruit","Beef, Veal, Game (deer, venison), Poultry",Pinot Noir
Simon Bize & Fils Bourgogne 'Les Perrières' Rouge 2022,France,69.99,4,images/Simon_Bize_Fils_Bourgogne_Les_Perrires_Rouge_2022.png,images/bottle_Simon_Bize_Fils_Bourgogne_Les_Perrires_Roug.png,Bourgogne,Simon Bize & Fils,"red fruit, earth, oak, spices, non oak, black fruit, floral, microbio, citrus fruit, tree fruit, vegetal, tropical fruit, dried fruit","Beef, Veal, Game (deer, venison), Poultry",Pinot Noir
Domaine Faiveley Gevrey-Chambertin 2021,France,97.99,4,images/Domaine_Faiveley_Gevrey_Chambertin_2021.png,images/bottle_Domaine_Faiveley_Gevrey_Chambertin_2021.png,Gevrey-Chambertin,Domaine Faiveley,"red fruit, earth, oak, spices, non oak, black fruit, microbio, vegetal, dried fruit, floral, citrus fruit","Beef, Veal, Game (deer, venison), Poultry",Pinot Noir
Domaine des Héritiers Louis Jadot Beaune 1er Cru Clos des Couchereaux 1995,France,179,4,images/Domaine_des_Hritiers_Louis_Jadot_Beaune_1er_Cru_Cl.png,images/bottle_Domaine_des_Hritiers_Louis_Jadot_Beaune_1er.png,Beaune Premier Cru,Domaine des Héritiers Louis Jadot,"red fruit, oak, earth, non oak, spices, microbio, black fruit, floral, dried fruit, vegetal, citrus fruit","Beef, Veal, Game (deer, venison), Poultry",Pinot Noir
Lorenzon Mercurey 1er Cru 'Champs Martin' Rouge 2022,France,83.99,4,images/Lorenzon_Mercurey_1er_Cru_Champs_Martin_Rouge_2022.png,images/bottle_Lorenzon_Mercurey_1er_Cru_Champs_Martin_Rou.png,Mercurey 1er Cru 'Les Champs Martin',Lorenzon,"red fruit, oak, earth, non oak, spices, black fruit, floral, microbio, dried fruit, tropical fruit, citrus fruit, vegetal","Beef, Veal, Game (deer, venison), Poultry",Pinot Noir
Gnarly Head Pinot Noir 2018,United States,12.84,3.6,images/Gnarly_Head_Pinot_Noir_2018.png,images/bottle_Gnarly_Head_Pinot_Noir_2018.png,California,Gnarly Head,"red fruit, oak, non oak, spices, black fruit, earth, microbio, dried fruit, floral, citrus fruit, vegetal, tree fruit, tropical fruit","Beef, Veal, Game (deer, venison), Poultry",Pinot Noir
Domaine de Montille Pommard 1er Cru 'Les Pézerolles' 2020,France,230,4.3,images/Domaine_de_Montille_Pommard_1er_Cru_Les_Pzerolles_.png,images/bottle_Domaine_de_Montille_Pommard_1er_Cru_Les_Pze.png,Pommard Premier Cru,Domaine de Montille,"red fruit, earth, oak, non oak, black fruit, spices, microbio, floral, vegetal, dried fruit, citrus fruit, tree fruit","Beef, Veal, Game (deer, venison), Poultry",Pinot Noir
Bouchard Père & Fils Vosne-Romanée 2021,France,113.99,4.1,images/Bouchard_Pre_Fils_Vosne_Romane_2021.png,images/bottle_Bouchard_Pre_Fils_Vosne_Romane_2021.png,Vosne-Romanée,Bouchard Père & Fils,"red fruit, oak, earth, non oak, spices, black fruit, microbio, floral, dried fruit, citrus fruit, vegetal, tree fruit","Beef, Veal, Game (deer, venison), Poultry",Pinot Noir
EnRoute Les Pommiers Pinot Noir 2016,United States,79.27,4.4,images/EnRoute_Les_Pommiers_Pinot_Noir_2016.png,images/bottle_EnRoute_Les_Pommiers_Pinot_Noir_2016.png,Russian River Valley,EnRoute,"red fruit, oak, black fruit, earth, non oak, spices, microbio, tree fruit, floral, vegetal, dried fruit, citrus fruit, tropical fruit","Veal, Pork, Poultry, Mushrooms",Pinot Noir
Chalone Vineyard Monterey Pinot Noir 1969,United States,635,3.4,images/Chalone_Vineyard_Monterey_Pinot_Noir_1969.png,images/bottle_Chalone_Vineyard_Monterey_Pinot_Noir_1969.png,Monterey County,Chalone Vineyard,"oak, red fruit, earth, non oak, black fruit, spices, microbio, tree fruit, dried fruit, tropical fruit, citrus fruit, vegetal","Beef, Veal, Game (deer, venison), Poultry",Pinot Noir
Fess Parker Ashley's Pinot Noir 2023,United States,54.99,4.2,images/Fess_Parker_Ashleys_Pinot_Noir_2023.png,images/bottle_Fess_Parker_Ashleys_Pinot_Noir_2023.png,Sta. Rita Hills,Fess Parker,"red fruit, oak, earth, non oak, black fruit, spices, microbio, dried fruit, vegetal, floral, tropical fruit, tree fruit","Veal, Pork, Poultry, Mushrooms",Pinot Noir
Fürst Centgrafenberg GG Spätburgunder 2022,Germany,165,4.1,images/Frst_Centgrafenberg_GG_Sptburgunder_2022.png,images/bottle_Frst_Centgrafenberg_GG_Sptburgunder_2022.png,Franken,Fürst,"red fruit, oak, earth, non oak, spices, black fruit, microbio, floral, vegetal, citrus fruit, dried fruit, tree fruit","Beef, Veal, Game (deer, venison), Poultry",Pinot Noir
Domaine Anne Gros Echezeaux Grand Cru Les Loachausses 2021,France,359.99,4.4,images/Domaine_Anne_Gros_Echezeaux_Grand_Cru_Les_Loachaus.png,images/bottle_Domaine_Anne_Gros_Echezeaux_Grand_Cru_Les_L.png,Échezeaux Grand Cru,Domaine Anne Gros,"red fruit, earth, oak, spices, black fruit, non oak, microbio, floral, citrus fruit, vegetal, dried fruit","Beef, Veal, Game (deer, venison), Poultry",Pinot Noir
Chandon de Briailles Corton Grand Cru 'Les Bressandes' 2021,France,360,4.2,images/Chandon_de_Briailles_Corton_Grand_Cru_Les_Bressand.png,images/bottle_Chandon_de_Briailles_Corton_Grand_Cru_Les_B.png,Corton Grand Cru 'Les Bressandes',Chandon de Briailles,"red fruit, earth, oak, non oak, spices, microbio, floral, black fruit, vegetal, dried fruit, citrus fruit, tree fruit, tropical fruit","Beef, Veal, Game (deer, venison), Poultry",Pinot Noir
Domaine Denis Mortet Gevrey-Chambertin 1er Cru 2020,France,160,4.3,images/Domaine_Denis_Mortet_Gevrey_Chambertin_1er_Cru_202.png,images/bottle_Domaine_Denis_Mortet_Gevrey_Chambertin_1er_.png,Gevrey-Chambertin Premier Cru,Domaine Denis Mortet,"oak, red fruit, earth, non oak, microbio, black fruit, spices, dried fruit, floral, tree fruit, vegetal, tropical fruit","Beef, Veal, Game (deer, venison), Poultry",Pinot Noir
Domaine Faiveley Pinot Noir Bourgogne 2021,France,39.99,4,images/Domaine_Faiveley_Pinot_Noir_Bourgogne_2021.png,images/bottle_Domaine_Faiveley_Pinot_Noir_Bourgogne_2021.png,Bourgogne,Domaine Faiveley,"red fruit, earth, oak, non oak, spices, microbio, black fruit, floral, vegetal, dried fruit, citrus fruit, tree fruit, tropical fruit","Beef, Veal, Game (deer, venison), Poultry",Pinot Noir
Merry Edwards Olivet Lane Pinot Noir 2023,United States,77,4.4,images/Merry_Edwards_Olivet_Lane_Pinot_Noir_2023.png,images/bottle_Merry_Edwards_Olivet_Lane_Pinot_Noir_2023.png,Russian River Valley,Merry Edwards,"red fruit, oak, black fruit, earth, non oak, spices, microbio, floral, vegetal, dried fruit, citrus fruit, tree fruit","Veal, Pork, Poultry, Mushrooms",Pinot Noir
Vincent & Sophie Morey Vieilles Vignes Chassagne-Montrachet Rouge 2023,France,99.99,4.2,images/Vincent_Sophie_Morey_Vieilles_Vignes_Chassagne_Mon.png,images/bottle_Vincent_Sophie_Morey_Vieilles_Vignes_Chassa.png,Chassagne-Montrachet,Vincent & Sophie Morey,"earth, oak, red fruit, microbio, non oak, spices, black fruit, tree fruit, citrus fruit, tropical fruit, floral, vegetal","Beef, Veal, Game (deer, venison), Poultry",Pinot Noir
Domaine Michel & Sylvie Esmonin Gevrey-Chambertin 1er Cru 'Clos St Jacques' 1990,France,399,4.3,images/Domaine_Michel_Sylvie_Esmonin_Gevrey_Chambertin_1e.png,images/bottle_Domaine_Michel_Sylvie_Esmonin_Gevrey_Chambe.png,Gevrey-Chambertin 1er Cru 'Clos St Jacques',Domaine Michel & Sylvie Esmonin,"red fruit, earth, oak, black fruit, non oak, spices, floral, microbio, dried fruit, citrus fruit, vegetal, tree fruit","Beef, Veal, Game (deer, venison), Poultry",Pinot Noir
Rivers-Marie Pinot Noir 2023,United States,49.99,4.2,images/Rivers_Marie_Pinot_Noir_2023.png,images/bottle_Rivers_Marie_Pinot_Noir_2023.png,Sonoma Coast,Rivers-Marie,"red fruit, oak, non oak, black fruit, earth, spices, citrus fruit, microbio, floral, vegetal, tropical fruit, tree fruit, dried fruit","Veal, Pork, Poultry, Mushrooms",Pinot Noir
Méo-Camuzet Nuits-Saint-Georges 1er Cru 'Aux Boudots' 2022,France,263,4.4,images/Mo_Camuzet_Nuits_Saint_Georges_1er_Cru_Aux_Boudots.png,images/bottle_Mo_Camuzet_Nuits_Saint_Georges_1er_Cru_Aux_.png,Nuits-Saint-Georges 1er Cru 'Aux Boudots',Méo-Camuzet,"red fruit, earth, oak, black fruit, non oak, spices, microbio, floral, dried fruit, vegetal, tree fruit, citrus fruit","Beef, Veal, Game (deer, venison), Poultry",Pinot Noir
Ken Wright Cellars Canary Hill Vineyard Pinot Noir 2023,United States,67.99,4.1,images/Ken_Wright_Cellars_Canary_Hill_Vineyard_Pinot_Noir.png,images/bottle_Ken_Wright_Cellars_Canary_Hill_Vineyard_Pin.png,Eola-Amity Hills,Ken Wright Cellars,"red fruit, oak, earth, non oak, black fruit, spices, microbio, citrus fruit, vegetal, floral, dried fruit, tree fruit","Beef, Veal, Game (deer, venison), Poultry",Pinot Noir
Domaine Jean Grivot Echezeaux Grand Cru 2021,France,699.99,4.4,images/Domaine_Jean_Grivot_Echezeaux_Grand_Cru_2021.png,images/bottle_Domaine_Jean_Grivot_Echezeaux_Grand_Cru_202.png,Grands-Échezeaux Grand Cru,Domaine Jean Grivot,"red fruit, earth, oak, black fruit, non oak, spices, microbio, floral, vegetal, dried fruit, tropical fruit, citrus fruit, tree fruit","Beef, Veal, Game (deer, venison), Poultry",Pinot Noir
J Vineyards Pinot Noir (Monterey/Sonoma/Santa Barbara) 2022,United States,19.99,4,images/J_Vineyards_Pinot_Noir_MontereySonomaSanta_Barbara.png,images/bottle_J_Vineyards_Pinot_Noir_MontereySonomaSanta_.png,California,J Vineyards,"red fruit, oak, non oak, spices, black fruit, earth, microbio, floral, dried fruit, citrus fruit, vegetal, tree fruit, tropical fruit","Beef, Veal, Game (deer, venison), Poultry",Pinot Noir
Didier Fornerol Côte de Nuits-Villages Rouge 2022,France,59,4,images/Didier_Fornerol_Cte_de_Nuits_Villages_Rouge_2022.png,images/bottle_Didier_Fornerol_Cte_de_Nuits_Villages_Rouge.png,Côte de Nuits Villages,Didier Fornerol,"red fruit, earth, oak, spices, non oak, black fruit, floral, microbio, vegetal, tree fruit, citrus fruit, dried fruit","Beef, Veal, Game (deer, venison), Poultry",Pinot Noir
Soter Vineyards Mineral Springs Pinot Noir 2022,United States,79.99,4.4,images/Soter_Vineyards_Mineral_Springs_Pinot_Noir_2022.png,images/bottle_Soter_Vineyards_Mineral_Springs_Pinot_Noir_.png,Yamhill-Carlton District,Soter Vineyards,"red fruit, earth, oak, black fruit, non oak, spices, microbio, dried fruit, floral, vegetal, tree fruit, citrus fruit","Beef, Veal, Game (deer, venison), Poultry",Pinot Noir
Domaine Bruno Clair Marsannay 'Les Longeroies' 2022,France,99.99,4,images/Domaine_Bruno_Clair_Marsannay_Les_Longeroies_2022.png,images/bottle_Domaine_Bruno_Clair_Marsannay_Les_Longeroie.png,Marsannay,Domaine Bruno Clair,"red fruit, earth, oak, non oak, black fruit, spices, microbio, floral, citrus fruit, tree fruit, vegetal, tropical fruit, dried fruit","Beef, Veal, Game (deer, venison), Poultry",Pinot Noir
Ken Wright Cellars Willamette Valley Pinot Noir 2018,United States,35.23,4.1,images/Ken_Wright_Cellars_Willamette_Valley_Pinot_Noir_20.png,images/bottle_Ken_Wright_Cellars_Willamette_Valley_Pinot_.png,Willamette Valley,Ken Wright Cellars,"red fruit, oak, earth, non oak, spices, black fruit, microbio, floral, vegetal, dried fruit, citrus fruit, tree fruit, tropical fruit","Beef, Veal, Game (deer, venison), Poultry",Pinot Noir
Domaine Pavelot - Jean-Marc et Hughes Savigny-les-Beaune 1er Cru 'La Dominode' 2022,France,58,4,images/Domaine_Pavelot_Jean_Marc_et_Hughes_Savigny_les_Be.png,images/bottle_Domaine_Pavelot_Jean_Marc_et_Hughes_Savigny.png,Savigny-lès-Beaune 1er Cru 'La Dominode',Domaine Pavelot - Jean-Marc et Hughes,"red fruit, earth, oak, microbio, non oak, spices, black fruit, vegetal, floral, dried fruit, citrus fruit, tree fruit","Beef, Veal, Game (deer, venison), Poultry",Pinot Noir
Domaine Faiveley Nuits-Saint-Georges 1er Cru Clos de La Maréchale 1993,France,263,4,images/Domaine_Faiveley_Nuits_Saint_Georges_1er_Cru_Clos_.png,images/bottle_Domaine_Faiveley_Nuits_Saint_Georges_1er_Cr.png,Nuits-Saint-Georges,Domaine Faiveley,"earth, red fruit, oak, spices, microbio, non oak, black fruit, dried fruit, floral, vegetal, citrus fruit","Beef, Veal, Game (deer, venison), Poultry",Pinot Noir
Stephen Vincent Pinot Noir 2022,United States,15.99,3.7,images/Stephen_Vincent_Pinot_Noir_2022.png,images/bottle_Stephen_Vincent_Pinot_Noir_2022.png,North Coast,Stephen Vincent,"red fruit, oak, non oak, spices, black fruit, earth, microbio, dried fruit, tree fruit, citrus fruit, vegetal","Beef, Veal, Game (deer, venison), Poultry",Pinot Noir
Domaine Drouhin Louise Pinot Noir 2006,United States,174,4.2,images/Domaine_Drouhin_Louise_Pinot_Noir_2006.png,images/bottle_Domaine_Drouhin_Louise_Pinot_Noir_2006.png,Dundee Hills,Domaine Drouhin,"red fruit, oak, earth, non oak, spices, microbio, black fruit, citrus fruit, dried fruit, floral, vegetal","Beef, Veal, Game (deer, venison), Poultry",Pinot Noir
Hospices de Beaune Mazis-Chambertin Grand Cru Cuvée Madeleine Collignon 1985,France,989,4.4,images/Hospices_de_Beaune_Mazis_Chambertin_Grand_Cru_Cuve.png,images/bottle_Hospices_de_Beaune_Mazis_Chambertin_Grand_C.png,Mazis-Chambertin Grand Cru,Hospices de Beaune,"earth, oak, red fruit, non oak, black fruit, spices, microbio, floral, dried fruit, citrus fruit, tropical fruit","Beef, Veal, Game (deer, venison), Poultry",Pinot Noir
Domaine Denis Bachelet Côte de Nuits-Villages 2022,France,115,4,images/Domaine_Denis_Bachelet_Cte_de_Nuits_Villages_2022.png,images/bottle_Domaine_Denis_Bachelet_Cte_de_Nuits_Village.png,Côte de Nuits Villages,Domaine Denis Bachelet,"red fruit, earth, oak, non oak, black fruit, spices, microbio, floral, vegetal, citrus fruit, dried fruit, tree fruit","Beef, Veal, Game (deer, venison), Poultry",Pinot Noir
Domaine Taupenot-Merme Morey Saint Denis 2022,France,129,4.1,images/Domaine_Taupenot_Merme_Morey_Saint_Denis_2022.png,images/bottle_Domaine_Taupenot_Merme_Morey_Saint_Denis_20.png,Morey-Saint-Denis,Domaine Taupenot-Merme,"red fruit, earth, oak, microbio, black fruit, spices, non oak, floral, vegetal, citrus fruit, tropical fruit, tree fruit","Beef, Veal, Game (deer, venison), Poultry",Pinot Noir
Böen Pinot Noir 2019,United States,20,4,images/Ben_Pinot_Noir_2019.png,images/bottle_Ben_Pinot_Noir_2019.png,California,Böen,"red fruit, oak, non oak, black fruit, spices, earth, dried fruit, microbio, vegetal, tree fruit, citrus fruit, floral, tropical fruit","Beef, Veal, Game (deer, venison), Poultry",Pinot Noir
Evesham Wood Le Puits Sec Pinot Noir 2021,United States,44.99,3.9,images/Evesham_Wood_Le_Puits_Sec_Pinot_Noir_2021.png,images/bottle_Evesham_Wood_Le_Puits_Sec_Pinot_Noir_2021.png,Eola-Amity Hills,Evesham Wood,"red fruit, earth, oak, non oak, spices, black fruit, microbio, floral, vegetal, citrus fruit, tree fruit, dried fruit","Beef, Veal, Game (deer, venison), Poultry",Pinot Noir
Domaine Vacheron Sancerre Belle Dame 2022,France,88.99,4.1,images/Domaine_Vacheron_Sancerre_Belle_Dame_2022.png,images/bottle_Domaine_Vacheron_Sancerre_Belle_Dame_2022.png,Sancerre,Domaine Vacheron,"red fruit, earth, oak, non oak, spices, black fruit, microbio, citrus fruit, floral, vegetal, dried fruit, tree fruit","Veal, Game (deer, venison), Poultry","Cabernet Franc, Pinot Noir, Gamay, Grolleau"
San Simeon Wines Pinot Noir 2023,United States,22.95,3.7,images/San_Simeon_Wines_Pinot_Noir_2023.png,images/bottle_San_Simeon_Wines_Pinot_Noir_2023.png,Monterey,San Simeon Wines,"oak, red fruit, earth, spices, non oak, black fruit, vegetal, microbio, citrus fruit, floral, dried fruit, tree fruit, tropical fruit","Beef, Veal, Game (deer, venison), Poultry",Pinot Noir
El Molino Pinot Noir 2019,United States,97,4.5,images/El_Molino_Pinot_Noir_2019.png,images/bottle_El_Molino_Pinot_Noir_2019.png,Rutherford,El Molino,"red fruit, oak, earth, non oak, black fruit, spices, microbio, dried fruit, floral, vegetal, tree fruit","Beef, Veal, Game (deer, venison), Poultry",Pinot Noir
Domaine Taupenot-Merme Morey Saint Denis Premier Cru La Riotte 2022,France,203,4.2,images/Domaine_Taupenot_Merme_Morey_Saint_Denis_Premier_C.png,images/bottle_Domaine_Taupenot_Merme_Morey_Saint_Denis_Pr.png,Morey-Saint-Denis Premier Cru,Domaine Taupenot-Merme,"earth, red fruit, oak, microbio, non oak, black fruit, spices, floral, dried fruit, vegetal, tropical fruit, citrus fruit","Beef, Veal, Game (deer, venison), Poultry",Pinot Noir
Hospices de Beaune Beaune Premier Cru Cuvée Maurice Drouhin (Joseph Drouhin) 1961,France,640,4.3,images/Hospices_de_Beaune_Beaune_Premier_Cru_Cuve_Maurice.png,images/bottle_Hospices_de_Beaune_Beaune_Premier_Cru_Cuve_.png,Beaune Premier Cru,Hospices de Beaune,"earth, red fruit, oak, black fruit, microbio, non oak, spices, floral, dried fruit, vegetal, tree fruit, citrus fruit","Beef, Veal, Game (deer, venison), Poultry",Pinot Noir
Frédéric Magnien Chambolle-Musigny Premier Cru 'Borniques' 2022,France,250,4.2,images/Frdric_Magnien_Chambolle_Musigny_Premier_Cru_Borni.png,images/bottle_Frdric_Magnien_Chambolle_Musigny_Premier_Cr.png,Chambolle-Musigny 1er Cru 'Les Borniques',Frédéric Magnien,"red fruit, oak, earth, non oak, black fruit, microbio, spices, floral, dried fruit, vegetal","Beef, Veal, Game (deer, venison), Poultry",Pinot Noir
Alain de la Treille Pinot Noir 2024,France,11.98,3.6,images/Alain_de_la_Treille_Pinot_Noir_2024.png,images/bottle_Alain_de_la_Treille_Pinot_Noir_2024.png,Vin de France,Alain de la Treille,"red fruit, earth, black fruit, oak, spices, microbio, non oak, tree fruit, citrus fruit, vegetal, dried fruit, floral",,
Michel Sarrazin Givry 'Sous La Roche' 2022,France,31.99,3.9,images/Michel_Sarrazin_Givry_Sous_La_Roche_2022.png,images/bottle_Michel_Sarrazin_Givry_Sous_La_Roche_2022.png,Givry,Michel Sarrazin,"red fruit, earth, oak, black fruit, non oak, microbio, spices, floral, dried fruit, tree fruit, citrus fruit","Beef, Veal, Game (deer, venison), Poultry",Pinot Noir
Noble Vines 667 Pinot Noir 2021,United States,11.99,3.8,images/Noble_Vines_667_Pinot_Noir_2021.png,images/bottle_Noble_Vines_667_Pinot_Noir_2021.png,Monterey,Noble Vines,"red fruit, oak, earth, spices, non oak, black fruit, microbio, dried fruit, floral, vegetal, tree fruit, citrus fruit, tropical fruit","Beef, Veal, Game (deer, venison), Poultry",Pinot Noir
Comte Lafond Sancerre Grande Cuvée Rouge 2023,France,65,4.3,images/Comte_Lafond_Sancerre_Grande_Cuve_Rouge_2023.png,images/bottle_Comte_Lafond_Sancerre_Grande_Cuve_Rouge_202.png,Sancerre,Comte Lafond,"black fruit, oak, red fruit, earth, spices, non oak, citrus fruit, vegetal, tree fruit","Veal, Game (deer, venison), Poultry","Cabernet Franc, Pinot Noir, Gamay, Grolleau"
McKinlay Pinot Noir 2023,United States,27,3.8,images/McKinlay_Pinot_Noir_2023.png,images/bottle_McKinlay_Pinot_Noir_2023.png,Willamette Valley,McKinlay,"red fruit, oak, earth, non oak, spices, black fruit, microbio, vegetal, citrus fruit, dried fruit, floral, tropical fruit","Beef, Veal, Game (deer, venison), Poultry",Pinot Noir
Domaine Fourrier Vieille Vigne Gevrey-Chambertin Combe Aux Moines 1er Cru 2021,France,230,4.3,images/Domaine_Fourrier_Vieille_Vigne_Gevrey_Chambertin_C.png,images/bottle_Domaine_Fourrier_Vieille_Vigne_Gevrey_Chamb.png,Gevrey-Chambertin Premier Cru,Domaine Fourrier,"red fruit, earth, oak, non oak, black fruit, floral, microbio, spices, vegetal, dried fruit, tree fruit, citrus fruit","Beef, Veal, Game (deer, venison), Poultry",Pinot Noir
Hospices de Beaune Cuvée Général Muteau Volnay Premier Cru 1992,France,176,4.3,images/Hospices_de_Beaune_Cuve_Gnral_Muteau_Volnay_Premie.png,images/bottle_Hospices_de_Beaune_Cuve_Gnral_Muteau_Volnay.png,Volnay Premier Cru,Hospices de Beaune,"red fruit, oak, earth, black fruit, non oak, spices, microbio, dried fruit, tree fruit, floral, vegetal","Beef, Veal, Game (deer, venison), Poultry",Pinot Noir
Anthill Farms Campbell Ranch Pinot Noir 2022,United States,55.99,4.3,images/Anthill_Farms_Campbell_Ranch_Pinot_Noir_2022.png,images/bottle_Anthill_Farms_Campbell_Ranch_Pinot_Noir_202.png,Sonoma Coast,Anthill Farms,"red fruit, oak, spices, non oak, earth, black fruit, microbio, dried fruit, citrus fruit, floral, vegetal, tree fruit","Veal, Pork, Poultry, Mushrooms",Pinot Noir
Louis Latour Domaine de Valmoissine Pinot Noir 2021,France,15.99,3.8,images/Louis_Latour_Domaine_de_Valmoissine_Pinot_Noir_202.png,images/bottle_Louis_Latour_Domaine_de_Valmoissine_Pinot_N.png,Var,Louis Latour,"red fruit, earth, oak, non oak, spices, black fruit, microbio, vegetal, floral, dried fruit, citrus fruit, tree fruit, tropical fruit","Beef, Lamb, Game (deer, venison)",
Château de Meursault Beaune Premier Cru Cent-Vignes 1979,France,165,4.1,images/Chteau_de_Meursault_Beaune_Premier_Cru_Cent_Vignes.png,images/bottle_Chteau_de_Meursault_Beaune_Premier_Cru_Cent.png,Beaune Premier Cru,Château de Meursault,"red fruit, oak, non oak, spices, earth, black fruit, dried fruit, microbio, floral, citrus fruit, vegetal, tree fruit","Beef, Veal, Game (deer, venison), Poultry",Pinot Noir
Pisoni Vineyards Estate Pinot Noir 2022,United States,119.99,4.4,images/Pisoni_Vineyards_Estate_Pinot_Noir_2022.png,images/bottle_Pisoni_Vineyards_Estate_Pinot_Noir_2022.png,Santa Lucia Highlands,Pisoni Vineyards,"red fruit, black fruit, oak, non oak, earth, spices, vegetal, microbio, floral, tree fruit, dried fruit, citrus fruit, tropical fruit","Veal, Pork, Poultry, Mushrooms",Pinot Noir
Louis Roederer Rosé Brut Champagne (Vintage) 2016,France,99.99,4.3,images/Louis_Roederer_Ros_Brut_Champagne_Vintage_2016.png,images/bottle_Louis_Roederer_Ros_Brut_Champagne_Vintage_2.png,Champagne,Louis Roederer,"red fruit, non oak, citrus fruit, microbio, oak, earth, tree fruit, vegetal, spices, floral, black fruit, tropical fruit, dried fruit","Pork, Rich fish (salmon, tuna etc), Shellfish, Mild and soft cheese","Chardonnay, Pinot Noir, Pinot Meunier"
King Estate Inscription Pinot Noir 2018,United States,20.99,3.9,images/King_Estate_Inscription_Pinot_Noir_2018.png,images/bottle_King_Estate_Inscription_Pinot_Noir_2018.png,Willamette Valley,King Estate,"red fruit, oak, earth, non oak, spices, black fruit, microbio, dried fruit, citrus fruit, vegetal, floral, tree fruit, tropical fruit","Beef, Veal, Game (deer, venison), Poultry",Pinot Noir
Foxen Block 8 Pinot Noir (Bien Nacido Vineyard) 2020,United States,68,4.3,images/Foxen_Block_8_Pinot_Noir_Bien_Nacido_Vineyard_2020.png,images/bottle_Foxen_Block_8_Pinot_Noir_Bien_Nacido_Vineya.png,Santa Maria Valley,Foxen,"red fruit, oak, earth, spices, non oak, black fruit, microbio, vegetal, floral, dried fruit, tree fruit, citrus fruit","Veal, Pork, Poultry, Mushrooms",Pinot Noir
Louis Jadot Savigny-lès-Beaune 1er Cru 'La Dominode' 2002,France,99,4,images/Louis_Jadot_Savigny_ls_Beaune_1er_Cru_La_Dominode_.png,images/bottle_Louis_Jadot_Savigny_ls_Beaune_1er_Cru_La_Do.png,Savigny-lès-Beaune 1er Cru 'La Dominode',Louis Jadot,"red fruit, earth, oak, non oak, microbio, black fruit, spices, floral, vegetal, dried fruit, citrus fruit","Beef, Veal, Game (deer, venison), Poultry",Pinot Noir
Barkan Classic Pinot Noir 2024,Israel,12.99,3.5,images/Barkan_Classic_Pinot_Noir_2024.png,images/bottle_Barkan_Classic_Pinot_Noir_2024.png,Negev,Barkan,"red fruit, earth, oak, black fruit, spices, non oak, microbio, floral, dried fruit, vegetal, citrus fruit","Beef, Lamb, Veal, Game (deer, venison), Poultry",
Domaine Trapet Chapelle-Chambertin Grand Cru 2019,France,495,4.4,images/Domaine_Trapet_Chapelle_Chambertin_Grand_Cru_2019.png,images/bottle_Domaine_Trapet_Chapelle_Chambertin_Grand_Cr.png,Chapelle-Chambertin Grand Cru,Domaine Trapet,"earth, red fruit, oak, spices, floral, microbio, non oak, black fruit, vegetal, dried fruit, tree fruit, citrus fruit","Beef, Veal, Game (deer, venison), Poultry",Pinot Noir
Ken Wright Cellars Guadalupe Vineyard Pinot Noir 2020,United States,42,4.2,images/Ken_Wright_Cellars_Guadalupe_Vineyard_Pinot_Noir_2.png,images/bottle_Ken_Wright_Cellars_Guadalupe_Vineyard_Pinot.png,Willamette Valley,Ken Wright Cellars,"red fruit, earth, oak, non oak, black fruit, spices, microbio, floral, vegetal, citrus fruit, dried fruit, tree fruit, tropical fruit","Beef, Veal, Game (deer, venison), Poultry",Pinot Noir
Domaine de la Côte Memorious Pinot Noir 2022,United States,104.99,4.2,images/Domaine_de_la_Cte_Memorious_Pinot_Noir_2022.png,images/bottle_Domaine_de_la_Cte_Memorious_Pinot_Noir_2022.png,Sta. Rita Hills,Domaine de la Côte,"red fruit, earth, oak, spices, non oak, black fruit, microbio, floral, vegetal, dried fruit, citrus fruit, tree fruit, tropical fruit","Veal, Pork, Poultry, Mushrooms",Pinot Noir
Robert Ampeau et Fils Volnay-Santenots 1er Cru 2004,France,115,4.1,images/Robert_Ampeau_et_Fils_Volnay_Santenots_1er_Cru_200.png,images/bottle_Robert_Ampeau_et_Fils_Volnay_Santenots_1er_.png,Volnay 1er Cru 'Santenots',Robert Ampeau et Fils,"earth, red fruit, oak, non oak, microbio, black fruit, spices, dried fruit, floral, vegetal, tree fruit, citrus fruit","Beef, Veal, Game (deer, venison), Poultry",Pinot Noir
Patz & Hall Sonoma Coast Pinot Noir 2017,United States,61.34,4.2,images/Patz_Hall_Sonoma_Coast_Pinot_Noir_2017.png,images/bottle_Patz_Hall_Sonoma_Coast_Pinot_Noir_2017.png,Sonoma Coast,Patz & Hall,"red fruit, oak, non oak, earth, spices, black fruit, microbio, floral, dried fruit, vegetal, citrus fruit, tree fruit, tropical fruit","Veal, Pork, Poultry, Mushrooms",Pinot Noir
Domaine de l'Arlot Nuits-Saint-Georges Premier Cru Clos de l'Arlot Monopole 2002,France,245,4.2,images/Domaine_de_lArlot_Nuits_Saint_Georges_Premier_Cru_.png,images/bottle_Domaine_de_lArlot_Nuits_Saint_Georges_Premi.png,Nuits-Saint-Georges Premier Cru,Domaine de l'Arlot,"earth, oak, red fruit, non oak, microbio, spices, floral, black fruit, citrus fruit, vegetal, tree fruit, dried fruit, tropical fruit","Beef, Veal, Game (deer, venison), Poultry",Pinot Noir
St. Innocent Shea Vineyard Pinot Noir 2019,United States,78.99,4.3,images/St_Innocent_Shea_Vineyard_Pinot_Noir_2019.png,images/bottle_St_Innocent_Shea_Vineyard_Pinot_Noir_2019.png,Willamette Valley,St. Innocent,"red fruit, oak, earth, non oak, spices, black fruit, microbio, floral, dried fruit, vegetal, tree fruit","Beef, Veal, Game (deer, venison), Poultry",Pinot Noir
Méo-Camuzet Nuits-Saint-Georges 1er Cru 'Aux Murgers' 1997,France,579,4.3,images/Mo_Camuzet_Nuits_Saint_Georges_1er_Cru_Aux_Murgers.png,images/bottle_Mo_Camuzet_Nuits_Saint_Georges_1er_Cru_Aux_.png,Nuits-Saint-Georges 1er Cru 'Aux Murgers',Méo-Camuzet,"red fruit, earth, oak, black fruit, spices, non oak, floral, microbio, dried fruit, vegetal, citrus fruit, tropical fruit","Beef, Veal, Game (deer, venison), Poultry",Pinot Noir
Armand de Brignac Brut Rosé Champagne,France,499.99,4.4,images/Armand_de_Brignac_Brut_Ros_Champagne.png,images/bottle_Armand_de_Brignac_Brut_Ros_Champagne.png,Champagne,Armand de Brignac,"red fruit, microbio, non oak, oak, citrus fruit, earth, tree fruit, black fruit, spices, vegetal, floral, dried fruit, tropical fruit","Pork, Rich fish (salmon, tuna etc), Shellfish, Mild and soft cheese","Chardonnay, Pinot Noir, Pinot Meunier"
Domaine de la Vougeraie Pommard Les Petits Noizons 1999,France,180,4.3,images/Domaine_de_la_Vougeraie_Pommard_Les_Petits_Noizons.png,images/bottle_Domaine_de_la_Vougeraie_Pommard_Les_Petits_.png,Pommard,Domaine de la Vougeraie,"red fruit, earth, oak, black fruit, spices, non oak, microbio, dried fruit, citrus fruit, floral, vegetal","Beef, Veal, Game (deer, venison), Poultry",Pinot Noir
Wayfarer Pinot Noir 2022,United States,99.99,4.4,images/Wayfarer_Pinot_Noir_2022.png,images/bottle_Wayfarer_Pinot_Noir_2022.png,Fort Ross-Seaview,Wayfarer,"red fruit, oak, non oak, earth, black fruit, spices, floral, vegetal, microbio, citrus fruit, tree fruit, tropical fruit, dried fruit","Beef, Veal, Game (deer, venison), Poultry",Pinot Noir
Itsasmendi Eklipse 2012,Spain,40,3.9,images/Itsasmendi_Eklipse_2012.png,images/bottle_Itsasmendi_Eklipse_2012.png,Bizkaiko Txakolina,Itsasmendi,"earth, oak, red fruit, non oak, spices, black fruit, dried fruit, microbio, vegetal, tropical fruit, floral","Beef, Pasta, Veal, Poultry","Grenache, Tempranillo"
Peter Michael Le Caprice Pinot Noir 2023,United States,189.99,4.5,images/Peter_Michael_Le_Caprice_Pinot_Noir_2023.png,images/bottle_Peter_Michael_Le_Caprice_Pinot_Noir_2023.png,Sonoma County,Peter Michael,"red fruit, oak, earth, non oak, spices, black fruit, floral, microbio, dried fruit, vegetal, tree fruit, citrus fruit","Beef, Veal, Game (deer, venison), Poultry",Pinot Noir
The Prisoner Pinot Noir 2019,United States,49.99,4.3,images/The_Prisoner_Pinot_Noir_2019.png,images/bottle_The_Prisoner_Pinot_Noir_2019.png,Sonoma Coast,The Prisoner,"red fruit, oak, non oak, spices, black fruit, earth, microbio, dried fruit, vegetal, citrus fruit, floral, tree fruit","Veal, Pork, Poultry, Mushrooms",Pinot Noir
La Pousse d'Or Volnay 1er Cru 'Clos d'Audignac' (Monopole) 2019,France,80,4.3,images/La_Pousse_dOr_Volnay_1er_Cru_Clos_dAudignac_Monopo.png,images/bottle_La_Pousse_dOr_Volnay_1er_Cru_Clos_dAudignac.png,Volnay 1er Cru 'Clos de l'Audignac',La Pousse d'Or,"red fruit, earth, oak, non oak, spices, microbio, black fruit, floral, tropical fruit, dried fruit, citrus fruit, vegetal","Beef, Veal, Game (deer, venison), Poultry",Pinot Noir
Domaine Michel Lafarge Volnay 1er Cru 'Clos des Chênes' 2022,France,299.99,4.2,images/Domaine_Michel_Lafarge_Volnay_1er_Cru_Clos_des_Chn.png,images/bottle_Domaine_Michel_Lafarge_Volnay_1er_Cru_Clos_.png,Volnay 1er Cru 'Clos des Chênes',Domaine Michel Lafarge,"red fruit, earth, oak, spices, black fruit, non oak, floral, microbio, vegetal, dried fruit, citrus fruit","Beef, Veal, Game (deer, venison), Poultry",Pinot Noir
DuMOL Jentoft Vineyard Ryan Pinot Noir 2022,United States,106,4.5,images/DuMOL_Jentoft_Vineyard_Ryan_Pinot_Noir_2022.png,images/bottle_DuMOL_Jentoft_Vineyard_Ryan_Pinot_Noir_2022.png,Russian River Valley,DuMOL,"red fruit, oak, earth, black fruit, non oak, spices, microbio, dried fruit, vegetal, floral, tree fruit, tropical fruit, citrus fruit","Veal, Pork, Poultry, Mushrooms",Pinot Noir
Brewer-Clifton Sta. Rita Hills Pinot Noir 2016,United States,52.08,4.1,images/Brewer_Clifton_Sta_Rita_Hills_Pinot_Noir_2016.png,images/bottle_Brewer_Clifton_Sta_Rita_Hills_Pinot_Noir_20.png,Sta. Rita Hills,Brewer-Clifton,"red fruit, earth, oak, spices, non oak, black fruit, microbio, floral, vegetal, dried fruit, tree fruit, citrus fruit, tropical fruit","Veal, Pork, Poultry, Mushrooms",Pinot Noir
Louis Jadot - Domaine Gagey Beaune Theurons 2022,France,74,3.9,images/Louis_Jadot_Domaine_Gagey_Beaune_Theurons_2022.png,images/bottle_Louis_Jadot_Domaine_Gagey_Beaune_Theurons_2.png,Beaune Premier Cru,Louis Jadot - Domaine Gagey,"red fruit, oak, earth, non oak, spices, black fruit, microbio, floral, vegetal, tree fruit, citrus fruit","Beef, Veal, Game (deer, venison), Poultry",Pinot Noir
Remoissenet Père & Fils Bourgogne Renommée Rouge 2022,France,49.99,3.8,images/Remoissenet_Pre_Fils_Bourgogne_Renomme_Rouge_2022.png,images/bottle_Remoissenet_Pre_Fils_Bourgogne_Renomme_Roug.png,Bourgogne,Remoissenet Père & Fils,"red fruit, oak, earth, microbio, spices, non oak, black fruit, tree fruit","Beef, Veal, Game (deer, venison), Poultry",Pinot Noir
Domaine Fourrier Vieille Vigne Gevrey-Chambertin Clos St. Jacques 1er Cru 2015,France,650,4.4,images/Domaine_Fourrier_Vieille_Vigne_Gevrey_Chambertin_C.png,images/bottle_Domaine_Fourrier_Vieille_Vigne_Gevrey_Chamb.png,Gevrey-Chambertin 1er Cru 'Clos St Jacques',Domaine Fourrier,"red fruit, oak, earth, black fruit, non oak, floral, spices, microbio, dried fruit, citrus fruit, tree fruit, vegetal","Beef, Veal, Game (deer, venison), Poultry",Pinot Noir
Georges Lignier et Fils Clos-Saint-Denis Grand Cru 1990,France,749,4.2,images/Georges_Lignier_et_Fils_Clos_Saint_Denis_Grand_Cru.png,images/bottle_Georges_Lignier_et_Fils_Clos_Saint_Denis_Gr.png,Clos Saint-Denis Grand Cru,Georges Lignier et Fils,"red fruit, earth, oak, non oak, spices, black fruit, floral, microbio, citrus fruit, vegetal, tree fruit, tropical fruit, dried fruit","Beef, Veal, Game (deer, venison), Poultry",Pinot Noir
Bouchard Père & Fils Clos Vougeot Grand Cru 1953,France,980,4.4,images/Bouchard_Pre_Fils_Clos_Vougeot_Grand_Cru_1953.png,images/bottle_Bouchard_Pre_Fils_Clos_Vougeot_Grand_Cru_19.png,Clos Vougeot Grand Cru,Bouchard Père & Fils,"oak, earth, red fruit, non oak, black fruit, microbio, spices, floral, vegetal, dried fruit, tropical fruit, citrus fruit","Beef, Veal, Game (deer, venison), Poultry",Pinot Noir
Domaine Coche-Dury Bourgogne Pinot Noir 2022,France,190,4.2,images/Domaine_Coche_Dury_Bourgogne_Pinot_Noir_2022.png,images/bottle_Domaine_Coche_Dury_Bourgogne_Pinot_Noir_202.png,Bourgogne,Domaine Coche-Dury,"earth, red fruit, oak, non oak, black fruit, spices, microbio, floral, citrus fruit, tree fruit, dried fruit, tropical fruit","Beef, Veal, Game (deer, venison), Poultry",Pinot Noir
JAX Vineyards Pinot Noir Y3 2022,United States,27.99,3.9,images/JAX_Vineyards_Pinot_Noir_Y3_2022.png,images/bottle_JAX_Vineyards_Pinot_Noir_Y3_2022.png,Russian River Valley,JAX Vineyards,"red fruit, oak, earth, black fruit, non oak, spices, vegetal, floral, microbio, dried fruit, citrus fruit","Veal, Pork, Poultry, Mushrooms",Pinot Noir
J Vineyards Brut Rosé,United States,39.99,4.1,images/J_Vineyards_Brut_Ros.png,images/bottle_J_Vineyards_Brut_Ros.png,Russian River Valley,J Vineyards,"red fruit, microbio, citrus fruit, tree fruit, non oak, earth, oak, vegetal, floral, spices, tropical fruit, black fruit, dried fruit","Shellfish, Appetizers and snacks, Lean fish, Aperitif","Chardonnay, Pinot Noir"
Chalone Vineyard Estate Pinot Noir 2022,United States,30,3.9,images/Chalone_Vineyard_Estate_Pinot_Noir_2022.png,images/bottle_Chalone_Vineyard_Estate_Pinot_Noir_2022.png,Chalone,Chalone Vineyard,"red fruit, oak, black fruit, non oak, earth, spices, microbio, vegetal, floral, dried fruit","Beef, Veal, Game (deer, venison), Poultry",Pinot Noir
Moët & Chandon Grand Vintage Rosé Brut Champagne 2008,France,89.99,4.1,images/Mot_Chandon_Grand_Vintage_Ros_Brut_Champagne_2008.png,images/bottle_Mot_Chandon_Grand_Vintage_Ros_Brut_Champagn.png,Champagne,Moët & Chandon,"red fruit, non oak, microbio, oak, citrus fruit, earth, tree fruit, vegetal, black fruit, spices, floral, dried fruit, tropical fruit","Pork, Rich fish (salmon, tuna etc), Shellfish, Mild and soft cheese","Chardonnay, Pinot Noir, Pinot Meunier"
Jacques Selosse Lieux-dits Mareuil Sur Ay Sous le Mont Extra Brut Champagne Premier Cru,France,649,4.6,images/Jacques_Selosse_Lieux_dits_Mareuil_Sur_Ay_Sous_le_.png,images/bottle_Jacques_Selosse_Lieux_dits_Mareuil_Sur_Ay_S.png,Champagne Premier Cru,Jacques Selosse,"non oak, oak, earth, microbio, tree fruit, citrus fruit, vegetal, red fruit, spices, floral, black fruit, tropical fruit, dried fruit","Pork, Rich fish (salmon, tuna etc), Shellfish, Mild and soft cheese","Chardonnay, Pinot Noir, Pinot Meunier"
Domaine Fourrier Clos Solon Vieilles Vigne Morey St. Denis 2023,France,115,4.3,images/Domaine_Fourrier_Clos_Solon_Vieilles_Vigne_Morey_S.png,images/bottle_Domaine_Fourrier_Clos_Solon_Vieilles_Vigne_.png,Morey-Saint-Denis,Domaine Fourrier,"red fruit, earth, oak, spices, non oak, black fruit, microbio, floral, vegetal","Beef, Veal, Game (deer, venison), Poultry",Pinot Noir
Domaine Dujac Vosne-Romanée 1er Cru 'Les Beaux Monts' 2020,France,829,4.4,images/Domaine_Dujac_Vosne_Romane_1er_Cru_Les_Beaux_Monts.png,images/bottle_Domaine_Dujac_Vosne_Romane_1er_Cru_Les_Beau.png,Vosne-Romanée 1er Cru 'Les Beaux Monts',Domaine Dujac,"red fruit, oak, earth, non oak, floral, black fruit, spices, microbio, citrus fruit, vegetal, dried fruit, tropical fruit","Beef, Veal, Game (deer, venison), Poultry",Pinot Noir
Domaine Coillot La Charme aux Prêtres Marsannay 2021,France,36.99,3.9,images/Domaine_Coillot_La_Charme_aux_Prtres_Marsannay_202.png,images/bottle_Domaine_Coillot_La_Charme_aux_Prtres_Marsan.png,Marsannay,Domaine Coillot,"red fruit, oak, earth, non oak, spices, microbio, black fruit, vegetal, tree fruit, dried fruit, citrus fruit, floral","Beef, Veal, Game (deer, venison), Poultry",Pinot Noir
Pol Roger Brut Vintage Champagne 2016,France,149.99,4.3,images/Pol_Roger_Brut_Vintage_Champagne_2016.png,images/bottle_Pol_Roger_Brut_Vintage_Champagne_2016.png,Champagne,Pol Roger,"non oak, tree fruit, oak, microbio, citrus fruit, earth, vegetal, spices, red fruit, tropical fruit, floral, dried fruit, black fruit","Pork, Rich fish (salmon, tuna etc), Shellfish, Mild and soft cheese","Chardonnay, Pinot Noir, Pinot Meunier"
Domaine Forey Père & Fils Bourgogne Rouge (Pinot Noir) 2022,France,32,3.8,images/Domaine_Forey_Pre_Fils_Bourgogne_Rouge_Pinot_Noir_.png,images/bottle_Domaine_Forey_Pre_Fils_Bourgogne_Rouge_Pino.png,Bourgogne,Domaine Forey Père & Fils,"red fruit, earth, oak, black fruit, spices, microbio, non oak, dried fruit, vegetal","Beef, Veal, Game (deer, venison), Poultry",Pinot Noir
Trinity Hill Pinot Noir 2023,New Zealand,34,3.5,images/Trinity_Hill_Pinot_Noir_2023.png,images/bottle_Trinity_Hill_Pinot_Noir_2023.png,Hawke's Bay,Trinity Hill,"red fruit, oak, earth, spices, non oak, black fruit, microbio, vegetal, citrus fruit, floral, dried fruit, tropical fruit","Beef, Veal, Game (deer, venison), Poultry",Pinot Noir
Jayer Gilles Échezeaux du Dessus Grand Cru 1991,France,665,4.3,images/Jayer_Gilles_chezeaux_du_Dessus_Grand_Cru_1991.png,images/bottle_Jayer_Gilles_chezeaux_du_Dessus_Grand_Cru_1.png,Échezeaux Grand Cru,Jayer Gilles,"oak, black fruit, red fruit, earth, non oak, microbio, spices, dried fruit, floral","Beef, Veal, Game (deer, venison), Poultry",Pinot Noir
The Hilt Pinot Noir 2022,United States,39.99,4,images/The_Hilt_Pinot_Noir_2022.png,images/bottle_The_Hilt_Pinot_Noir_2022.png,Sta. Rita Hills,The Hilt,"red fruit, earth, oak, spices, black fruit, non oak, floral, microbio, citrus fruit, vegetal, dried fruit","Veal, Pork, Poultry, Mushrooms",Pinot Noir
Albert Morot Beaune 1er Cru 'Les Bressandes' 2022,France,90,4,images/Albert_Morot_Beaune_1er_Cru_Les_Bressandes_2022.png,images/bottle_Albert_Morot_Beaune_1er_Cru_Les_Bressandes_.png,Beaune 1er Cru 'Les Bressandes',Albert Morot,"red fruit, earth, oak, non oak, spices, microbio, black fruit, dried fruit, citrus fruit, vegetal, floral","Beef, Veal, Game (deer, venison), Poultry",Pinot Noir
Domaine Arnoux-Lachaux Les Hautes Maizieres Vosne-Romanée 1995,France,278,4.1,images/Domaine_Arnoux_Lachaux_Les_Hautes_Maizieres_Vosne_.png,images/bottle_Domaine_Arnoux_Lachaux_Les_Hautes_Maizieres.png,Vosne-Romanée,Domaine Arnoux-Lachaux,"earth, oak, red fruit, non oak, black fruit, spices, microbio, floral, vegetal, tree fruit","Beef, Veal, Game (deer, venison), Poultry",Pinot Noir
Pol Roger Sir Winston Churchill Brut Champagne 2013,France,339.99,4.6,images/Pol_Roger_Sir_Winston_Churchill_Brut_Champagne_201.png,images/bottle_Pol_Roger_Sir_Winston_Churchill_Brut_Champa.png,Champagne,Pol Roger,"non oak, oak, microbio, tree fruit, citrus fruit, earth, vegetal, spices, red fruit, floral, tropical fruit, dried fruit, black fruit","Pork, Rich fish (salmon, tuna etc), Shellfish, Mild and soft cheese","Chardonnay, Pinot Noir, Pinot Meunier"
Lucien Crochet Sancerre Pinot Rosé 2024,France,38.99,4.1,images/Lucien_Crochet_Sancerre_Pinot_Ros_2024.png,images/bottle_Lucien_Crochet_Sancerre_Pinot_Ros_2024.png,Sancerre,Lucien Crochet,"red fruit, earth, citrus fruit, tree fruit, microbio, oak, vegetal, non oak, tropical fruit, spices, floral","Lamb, Rich fish (salmon, tuna etc), Poultry, Mild and soft cheese, Cured Meat",
Domaine Henri Gouges Les Saint Georges Nuits-Saint-Georges 1er Cru 2020,France,499.99,4.2,images/Domaine_Henri_Gouges_Les_Saint_Georges_Nuits_Saint.png,images/bottle_Domaine_Henri_Gouges_Les_Saint_Georges_Nuit.png,Nuits-Saint-Georges Premier Cru,Domaine Henri Gouges,"earth, red fruit, oak, black fruit, non oak, spices, microbio, floral, vegetal, dried fruit, citrus fruit","Beef, Veal, Game (deer, venison), Poultry",Pinot Noir
Highway 12 Carneros Highway Pinot Noir 2023,United States,14.99,3.8,images/Highway_12_Carneros_Highway_Pinot_Noir_2023.png,images/bottle_Highway_12_Carneros_Highway_Pinot_Noir_2023.png,Los Carneros,Highway 12,"oak, red fruit, non oak, spices, black fruit, earth, vegetal, dried fruit, microbio, tropical fruit, tree fruit, floral","Veal, Pork, Poultry, Mushrooms",Pinot Noir
Calera Pinot Noir Selleck Vineyard 1997,United States,258,4.3,images/Calera_Pinot_Noir_Selleck_Vineyard_1997.png,images/bottle_Calera_Pinot_Noir_Selleck_Vineyard_1997.png,Mount Harlan,Calera,"red fruit, black fruit, oak, earth, non oak, spices, dried fruit, microbio, floral, citrus fruit, vegetal","Beef, Veal, Game (deer, venison), Poultry",Pinot Noir
Hudelot-Noëllat Romanée-Saint-Vivant Grand Cru 2022,France,975,4.4,images/Hudelot_Nollat_Romane_Saint_Vivant_Grand_Cru_2022.png,images/bottle_Hudelot_Nollat_Romane_Saint_Vivant_Grand_Cr.png,Romanée-Saint-Vivant Grand Cru,Hudelot-Noëllat,"red fruit, earth, oak, black fruit, non oak, spices, floral, microbio, dried fruit, citrus fruit, vegetal, tree fruit, tropical fruit","Beef, Veal, Game (deer, venison), Poultry",Pinot Noir
Domaine Robert Chevillon Les Pruliers Nuits-Saint-Georges 1er Cru 1987,France,220,4.2,images/Domaine_Robert_Chevillon_Les_Pruliers_Nuits_Saint_.png,images/bottle_Domaine_Robert_Chevillon_Les_Pruliers_Nuits.png,Nuits-Saint-Georges Premier Cru,Domaine Robert Chevillon,"earth, red fruit, oak, non oak, black fruit, spices, microbio, floral, vegetal, dried fruit, tree fruit, citrus fruit","Beef, Veal, Game (deer, venison), Poultry",Pinot Noir
Hospices de Beaune Beaune Premier Cru Cuvée Clos Des Avaux 2007,France,128,4.2,images/Hospices_de_Beaune_Beaune_Premier_Cru_Cuve_Clos_De.png,images/bottle_Hospices_de_Beaune_Beaune_Premier_Cru_Cuve_.png,Beaune Premier Cru,Hospices de Beaune,"red fruit, earth, oak, black fruit, spices, microbio, non oak, dried fruit, citrus fruit, floral, vegetal","Beef, Veal, Game (deer, venison), Poultry",Pinot Noir
Hospices de Beaune Pommard Cuvée Billardet 1962,France,475,4.3,images/Hospices_de_Beaune_Pommard_Cuve_Billardet_1962.png,images/bottle_Hospices_de_Beaune_Pommard_Cuve_Billardet_1.png,Pommard,Hospices de Beaune,"earth, oak, red fruit, spices, non oak, microbio, black fruit, floral, dried fruit, tree fruit, citrus fruit","Beef, Veal, Game (deer, venison), Poultry",Pinot Noir
Domaine Michel Gaunoux Pommard Grands Epenots Premier Cru 1990,France,440,4.1,images/Domaine_Michel_Gaunoux_Pommard_Grands_Epenots_Prem.png,images/bottle_Domaine_Michel_Gaunoux_Pommard_Grands_Epeno.png,Pommard 1er Cru 'Les Grands Epenots',Domaine Michel Gaunoux,"earth, red fruit, oak, black fruit, non oak, spices, microbio, dried fruit, floral, vegetal, tree fruit, citrus fruit","Beef, Veal, Game (deer, venison), Poultry",Pinot Noir
Remoissenet Père & Fils Vosne-Romanée 2022,France,160,4.3,images/Remoissenet_Pre_Fils_Vosne_Romane_2022.png,images/bottle_Remoissenet_Pre_Fils_Vosne_Romane_2022.png,Vosne-Romanée,Remoissenet Père & Fils,"red fruit, earth, oak, non oak, spices, black fruit, microbio, dried fruit, floral","Beef, Veal, Game (deer, venison), Poultry",Pinot Noir
Joseph Drouhin Grands-Echezeaux Grand Cru 2020,France,885,4.4,images/Joseph_Drouhin_Grands_Echezeaux_Grand_Cru_2020.png,images/bottle_Joseph_Drouhin_Grands_Echezeaux_Grand_Cru_2.png,Grands-Échezeaux Grand Cru,Joseph Drouhin,"red fruit, oak, earth, black fruit, non oak, microbio, spices, dried fruit, floral, tree fruit, citrus fruit, vegetal","Beef, Veal, Game (deer, venison), Poultry",Pinot Noir
Bouchard Père & Fils Chambertin-Clos-de-Beze Grand Cru 2018,France,465,4.4,images/Bouchard_Pre_Fils_Chambertin_Clos_de_Beze_Grand_Cr.png,images/bottle_Bouchard_Pre_Fils_Chambertin_Clos_de_Beze_G.png,Chambertin-Clos de Bèze Grand Cru,Bouchard Père & Fils,"red fruit, earth, oak, non oak, black fruit, spices, floral, vegetal, microbio, tree fruit, dried fruit, citrus fruit","Beef, Veal, Game (deer, venison), Poultry",Pinot Noir
Domaine de la Côte La Côte Pinot Noir 2023,United States,164.99,4.3,images/Domaine_de_la_Cte_La_Cte_Pinot_Noir_2023.png,images/bottle_Domaine_de_la_Cte_La_Cte_Pinot_Noir_2023.png,Sta. Rita Hills,Domaine de la Côte,"red fruit, earth, oak, non oak, spices, microbio, black fruit, floral, vegetal, citrus fruit, dried fruit, tree fruit, tropical fruit","Veal, Pork, Poultry, Mushrooms",Pinot Noir
Scarpetta Timido Spumante Brut Rosé,Italy,18.51,4,images/Scarpetta_Timido_Spumante_Brut_Ros.png,images/bottle_Scarpetta_Timido_Spumante_Brut_Ros.png,Friuli-Venezia Giulia,Scarpetta,"red fruit, microbio, tree fruit, citrus fruit, earth, non oak, oak, black fruit, floral, spices, vegetal, tropical fruit, dried fruit","Appetizers and snacks, Aperitif",
Sonoma-Loeb Pinot Noir 2021,United States,39.99,3.9,images/Sonoma_Loeb_Pinot_Noir_2021.png,images/bottle_Sonoma_Loeb_Pinot_Noir_2021.png,Sonoma Coast,Sonoma-Loeb,"red fruit, oak, non oak, earth, spices, black fruit, microbio, floral, citrus fruit, dried fruit, vegetal","Veal, Pork, Poultry, Mushrooms",Pinot Noir
Bouchard Père & Fils Chassagne-Montrachet Rouge 1999,France,100,4.2,images/Bouchard_Pre_Fils_Chassagne_Montrachet_Rouge_1999.png,images/bottle_Bouchard_Pre_Fils_Chassagne_Montrachet_Roug.png,Chassagne-Montrachet,Bouchard Père & Fils,"oak, earth, microbio, non oak, tree fruit, citrus fruit, spices, vegetal, red fruit, black fruit, tropical fruit","Beef, Veal, Game (deer, venison), Poultry",Pinot Noir
Raen Royal St Robert Cuvée Pinot Noir 2017,United States,71.99,4.4,images/Raen_Royal_St_Robert_Cuve_Pinot_Noir_2017.png,images/bottle_Raen_Royal_St_Robert_Cuve_Pinot_Noir_2017.png,Sonoma Coast,Raen,"red fruit, earth, oak, non oak, spices, black fruit, floral, microbio, vegetal, citrus fruit, dried fruit, tree fruit, tropical fruit","Veal, Pork, Poultry, Mushrooms",Pinot Noir
Emmanuel Rouget Nuits-Saint-Georges 2022,France,259.99,4.2,images/Emmanuel_Rouget_Nuits_Saint_Georges_2022.png,images/bottle_Emmanuel_Rouget_Nuits_Saint_Georges_2022.png,Nuits-Saint-Georges,Emmanuel Rouget,"red fruit, oak, earth, spices, non oak, black fruit, microbio, citrus fruit, vegetal, floral","Beef, Veal, Game (deer, venison), Poultry",Pinot Noir
Domaine Robert Chevillon Les Bousselots Nuits-Saint-Georges 1er Cru 2022,France,195,4.2,images/Domaine_Robert_Chevillon_Les_Bousselots_Nuits_Sain.png,images/bottle_Domaine_Robert_Chevillon_Les_Bousselots_Nui.png,Nuits-Saint-Georges Premier Cru,Domaine Robert Chevillon,"earth, red fruit, oak, spices, non oak, black fruit, microbio, dried fruit, floral, citrus fruit, vegetal, tree fruit","Beef, Veal, Game (deer, venison), Poultry",Pinot Noir
Belle Glos Glasir Holt Pinot Noir 2022,United States,55,4.2,images/Belle_Glos_Glasir_Holt_Pinot_Noir_2022.png,images/bottle_Belle_Glos_Glasir_Holt_Pinot_Noir_2022.png,Sta. Rita Hills,Belle Glos,,"Veal, Pork, Poultry, Mushrooms",Pinot Noir
Domaine Joseph Roty Charmes-Chambertin Grand Cru 2019,France,685,4.3,images/Domaine_Joseph_Roty_Charmes_Chambertin_Grand_Cru_2.png,images/bottle_Domaine_Joseph_Roty_Charmes_Chambertin_Gran.png,Charmes-Chambertin Grand Cru,Domaine Joseph Roty,"earth, red fruit, oak, black fruit, non oak, spices, microbio, dried fruit, floral, vegetal","Beef, Veal, Game (deer, venison), Poultry",Pinot Noir
Camus Père & Fils Chambertin Grand Cru 1983,France,855,4.2,images/Camus_Pre_Fils_Chambertin_Grand_Cru_1983.png,images/bottle_Camus_Pre_Fils_Chambertin_Grand_Cru_1983.png,Chambertin Grand Cru,Camus Père & Fils,"red fruit, earth, oak, non oak, microbio, black fruit, spices, floral, vegetal, dried fruit, tree fruit","Beef, Veal, Game (deer, venison), Poultry",Pinot Noir
Domaine Jacques Prieur Volnay-Santenots 1er Cru 1990,France,249,4.3,images/Domaine_Jacques_Prieur_Volnay_Santenots_1er_Cru_19.png,images/bottle_Domaine_Jacques_Prieur_Volnay_Santenots_1er.png,Volnay Premier Cru,Domaine Jacques Prieur,"red fruit, earth, oak, non oak, spices, microbio, vegetal, black fruit, dried fruit, floral, tree fruit","Beef, Veal, Game (deer, venison), Poultry",Pinot Noir
Penner-Ash Pinot Noir 2018,United States,64.99,4.3,images/Penner_Ash_Pinot_Noir_2018.png,images/bottle_Penner_Ash_Pinot_Noir_2018.png,Willamette Valley,Penner-Ash,"red fruit, oak, earth, non oak, spices, black fruit, microbio, floral, dried fruit, vegetal, tree fruit, citrus fruit, tropical fruit","Beef, Veal, Game (deer, venison), Poultry",Pinot Noir
Domaine Dujac Charmes-Chambertin Grand Cru 2020,France,799.99,4.4,images/Domaine_Dujac_Charmes_Chambertin_Grand_Cru_2020.png,images/bottle_Domaine_Dujac_Charmes_Chambertin_Grand_Cru_.png,Charmes-Chambertin Grand Cru,Domaine Dujac,"earth, oak, red fruit, non oak, black fruit, spices, microbio, floral, vegetal, dried fruit","Beef, Veal, Game (deer, venison), Poultry",Pinot Noir
Louis Jadot Bonnes Mares Grand Cru 1989,France,475,4.3,images/Louis_Jadot_Bonnes_Mares_Grand_Cru_1989.png,images/bottle_Louis_Jadot_Bonnes_Mares_Grand_Cru_1989.png,Bonnes-Mares Grand Cru,Louis Jadot,"earth, red fruit, oak, black fruit, non oak, microbio, spices, floral, dried fruit, citrus fruit, vegetal","Beef, Veal, Game (deer, venison), Poultry",Pinot Noir
Merry Edwards Coopersmith Pinot Noir 2023,United States,75,4.4,images/Merry_Edwards_Coopersmith_Pinot_Noir_2023.png,images/bottle_Merry_Edwards_Coopersmith_Pinot_Noir_2023.png,Russian River Valley,Merry Edwards,"oak, red fruit, black fruit, earth, non oak, spices, dried fruit, floral, vegetal, tree fruit, microbio, citrus fruit","Veal, Pork, Poultry, Mushrooms",Pinot Noir
Jean-Marc Millot Echézeaux Grand Cru 2021,France,395,4.4,images/Jean_Marc_Millot_Echzeaux_Grand_Cru_2021.png,images/bottle_Jean_Marc_Millot_Echzeaux_Grand_Cru_2021.png,Échezeaux Grand Cru,Jean-Marc Millot,"red fruit, earth, black fruit, oak, spices, microbio, non oak, vegetal, floral, dried fruit, tropical fruit","Beef, Veal, Game (deer, venison), Poultry",Pinot Noir
RoseRock Pinot Noir 2018,United States,170,4.2,images/RoseRock_Pinot_Noir_2018.png,images/bottle_RoseRock_Pinot_Noir_2018.png,Eola-Amity Hills,RoseRock,"red fruit, oak, earth, non oak, spices, black fruit, microbio, floral, vegetal, citrus fruit, dried fruit, tree fruit, tropical fruit","Beef, Veal, Game (deer, venison), Poultry",Pinot Noir
David Moreau Santenay Premier Cru 'Clos des Mouches' 2022,France,86.99,4.2,images/David_Moreau_Santenay_Premier_Cru_Clos_des_Mouches.png,images/bottle_David_Moreau_Santenay_Premier_Cru_Clos_des_.png,Santenay 1er Cru 'Clos des Mouches',David Moreau,"red fruit, oak, earth, spices, non oak, black fruit, floral, microbio, dried fruit, vegetal, tree fruit","Beef, Veal, Game (deer, venison), Poultry",Pinot Noir
Belle Glos Balade Pinot Noir 2021,United States,55,4.3,images/Belle_Glos_Balade_Pinot_Noir_2021.png,images/bottle_Belle_Glos_Balade_Pinot_Noir_2021.png,Sta. Rita Hills,Belle Glos,"oak, red fruit, non oak, spices, black fruit, earth, microbio, dried fruit, floral, vegetal, citrus fruit, tree fruit","Veal, Pork, Poultry, Mushrooms",Pinot Noir
Calera Pinot Noir Reed Vineyard 1996,United States,258,4.2,images/Calera_Pinot_Noir_Reed_Vineyard_1996.png,images/bottle_Calera_Pinot_Noir_Reed_Vineyard_1996.png,Mount Harlan,Calera,"red fruit, oak, earth, spices, non oak, black fruit, microbio, dried fruit, floral, vegetal, citrus fruit","Beef, Veal, Game (deer, venison), Poultry",Pinot Noir
La Crema Monterey Pinot Noir 2013,United States,28.56,3.8,images/La_Crema_Monterey_Pinot_Noir_2013.png,images/bottle_La_Crema_Monterey_Pinot_Noir_2013.png,Monterey,La Crema,"red fruit, oak, earth, non oak, black fruit, spices, microbio, citrus fruit, vegetal, tree fruit, dried fruit, floral, tropical fruit","Beef, Veal, Game (deer, venison), Poultry",Pinot Noir
Domaine Joseph Roty Les Fontenys Gevrey-Chambertin 1er Cru 2022,France,238.99,4.2,images/Domaine_Joseph_Roty_Les_Fontenys_Gevrey_Chambertin.png,images/bottle_Domaine_Joseph_Roty_Les_Fontenys_Gevrey_Cha.png,Gevrey-Chambertin 1er Cru 'Fonteny',Domaine Joseph Roty,"red fruit, oak, earth, black fruit, non oak, spices, microbio, floral, vegetal, dried fruit, citrus fruit","Beef, Veal, Game (deer, venison), Poultry",Pinot Noir
Domaine des Héritiers Louis Jadot Beaune 1er Cru Bressandes 1990,France,265,4.2,images/Domaine_des_Hritiers_Louis_Jadot_Beaune_1er_Cru_Br.png,images/bottle_Domaine_des_Hritiers_Louis_Jadot_Beaune_1er.png,Beaune Premier Cru,Domaine des Héritiers Louis Jadot,"red fruit, oak, earth, non oak, black fruit, microbio, tree fruit, spices, citrus fruit, dried fruit, vegetal","Beef, Veal, Game (deer, venison), Poultry",Pinot Noir
Rickshaw Pinot Noir 2014,United States,15.99,3.6,images/Rickshaw_Pinot_Noir_2014.png,images/bottle_Rickshaw_Pinot_Noir_2014.png,Sonoma County,Rickshaw,"red fruit, oak, earth, non oak, spices, black fruit, microbio, vegetal, floral, citrus fruit, tree fruit, dried fruit, tropical fruit","Beef, Veal, Game (deer, venison), Poultry",Pinot Noir
Domaine Duroché Gevrey-Chambertin 1er Cru 'Lavaut Saint-Jacques' 2022,France,364,4.2,images/Domaine_Duroch_Gevrey_Chambertin_1er_Cru_Lavaut_Sa.png,images/bottle_Domaine_Duroch_Gevrey_Chambertin_1er_Cru_La.png,Gevrey-Chambertin 1er Cru 'Lavaux Saint-Jacques',Domaine Duroché,"red fruit, earth, oak, spices, black fruit, microbio, non oak, floral, vegetal, dried fruit, citrus fruit","Beef, Veal, Game (deer, venison), Poultry",Pinot Noir
Domaine Robert Chevillon Les Perrières Nuits-Saint-Georges 1er Cru 2022,France,195,4.2,images/Domaine_Robert_Chevillon_Les_Perrires_Nuits_Saint_.png,images/bottle_Domaine_Robert_Chevillon_Les_Perrires_Nuits.png,Nuits-Saint-Georges Premier Cru,Domaine Robert Chevillon,"red fruit, earth, oak, non oak, spices, black fruit, microbio, floral, dried fruit, citrus fruit, vegetal","Beef, Veal, Game (deer, venison), Poultry",Pinot Noir
Domaine des Croix Beaune Les Cents Vignes 1er Cru 2022,France,130,4.2,images/Domaine_des_Croix_Beaune_Les_Cents_Vignes_1er_Cru_.png,images/bottle_Domaine_des_Croix_Beaune_Les_Cents_Vignes_1.png,Beaune 1er Cru 'Les Cent Vignes',Domaine des Croix,"red fruit, earth, oak, non oak, microbio, black fruit, spices, floral, dried fruit, vegetal","Beef, Veal, Game (deer, venison), Poultry",Pinot Noir
Domaine Taupenot-Merme Chambolle Musigny 1er Cru La Combe d'Orveau 2022,France,219,4.3,images/Domaine_Taupenot_Merme_Chambolle_Musigny_1er_Cru_L.png,images/bottle_Domaine_Taupenot_Merme_Chambolle_Musigny_1e.png,Chambolle-Musigny Premier Cru,Domaine Taupenot-Merme,"red fruit, earth, oak, spices, non oak, floral, microbio, black fruit, vegetal, citrus fruit, dried fruit, tree fruit","Beef, Veal, Game (deer, venison), Poultry",Pinot Noir
Ropiteau Freres Reserve Pinot Noir 2023,France,16.97,3.9,images/Ropiteau_Freres_Reserve_Pinot_Noir_2023.jpg,,Bourgogne,Ropiteau Freres,"red fruit, oak, earth, black fruit, non oak, spices, microbio, floral, dried fruit, citrus fruit, vegetal","Beef, Veal, Game (deer, venison), Poultry",Pinot Noir
Joseph Drouhin Maranges Premier Cru 1990,France,229,3.8,images/Joseph_Drouhin_Maranges_Premier_Cru_1990.png,images/bottle_Joseph_Drouhin_Maranges_Premier_Cru_1990.png,Maranges Premier Cru,Joseph Drouhin,"earth, black fruit, red fruit, oak, microbio, dried fruit, non oak, spices","Beef, Veal, Game (deer, venison), Poultry",Pinot Noir
Samuel Robert Pinot Noir 2023,United States,10.97,3.7,images/Samuel_Robert_Pinot_Noir_2023.png,images/bottle_Samuel_Robert_Pinot_Noir_2023.png,Willamette Valley,Samuel Robert,"red fruit, oak, spices, earth, non oak, black fruit, floral, vegetal, dried fruit, tree fruit, citrus fruit, microbio","Beef, Veal, Game (deer, venison), Poultry",Pinot Noir
Roar Garys' Vineyard Pinot Noir 2023,United States,89.99,4.5,images/Roar_Garys_Vineyard_Pinot_Noir_2023.png,images/bottle_Roar_Garys_Vineyard_Pinot_Noir_2023.png,Santa Lucia Highlands,Roar,"red fruit, oak, non oak, earth, spices, black fruit, vegetal, floral, microbio, dried fruit, tropical fruit, citrus fruit","Veal, Pork, Poultry, Mushrooms",Pinot Noir
Domaine de Courcel Pommard Premier Cru 'Les Rugiens' 1990,France,470,4.3,images/Domaine_de_Courcel_Pommard_Premier_Cru_Les_Rugiens.png,images/bottle_Domaine_de_Courcel_Pommard_Premier_Cru_Les_.png,Pommard Premier Cru,Domaine de Courcel,"red fruit, earth, oak, spices, non oak, black fruit, dried fruit, floral, vegetal, microbio","Beef, Veal, Game (deer, venison), Poultry",Pinot Noir
Louis Jadot Corton Grand Cru 1995,France,220,4.1,images/Louis_Jadot_Corton_Grand_Cru_1995.png,images/bottle_Louis_Jadot_Corton_Grand_Cru_1995.png,Corton Grand Cru,Louis Jadot,"oak, red fruit, earth, non oak, spices, microbio, black fruit, dried fruit, tree fruit, floral, vegetal, citrus fruit","Beef, Veal, Game (deer, venison), Poultry",Pinot Noir
Chartogne-Taillet Orizeaux Extra Brut 2020,France,120,4.3,images/Chartogne_Taillet_Orizeaux_Extra_Brut_2020.png,images/bottle_Chartogne_Taillet_Orizeaux_Extra_Brut_2020.png,Champagne,Chartogne-Taillet,"earth, tree fruit, microbio, non oak, oak, citrus fruit, red fruit, vegetal, spices, floral, black fruit, tropical fruit, dried fruit","Pork, Rich fish (salmon, tuna etc), Shellfish, Mild and soft cheese","Chardonnay, Pinot Noir, Pinot Meunier"
Thomas Henry Pinot Noir 2024,United States,18.99,3.6,images/Thomas_Henry_Pinot_Noir_2024.png,images/bottle_Thomas_Henry_Pinot_Noir_2024.png,Sonoma County,Thomas Henry,"red fruit, oak, non oak, spices, earth, black fruit, microbio, dried fruit, citrus fruit, vegetal","Beef, Veal, Game (deer, venison), Poultry",Pinot Noir
Taft Street Pinot Noir 2021,United States,29.99,3.9,images/Taft_Street_Pinot_Noir_2021.png,images/bottle_Taft_Street_Pinot_Noir_2021.png,Russian River Valley,Taft Street,"oak, red fruit, earth, non oak, spices, black fruit, dried fruit, tree fruit, citrus fruit, floral","Veal, Pork, Poultry, Mushrooms",Pinot Noir
Louis Jadot Chambertin Clos de Beze Grand Cru 1992,France,380,4.3,images/Louis_Jadot_Chambertin_Clos_de_Beze_Grand_Cru_1992.png,images/bottle_Louis_Jadot_Chambertin_Clos_de_Beze_Grand_C.png,Chambertin-Clos de Bèze Grand Cru,Louis Jadot,"earth, oak, red fruit, non oak, black fruit, microbio, spices, floral, dried fruit, vegetal","Beef, Veal, Game (deer, venison), Poultry",Pinot Noir
Conte Priola Pinot Noir delle Venezie 2021,Italy,11.97,3.3,images/Conte_Priola_Pinot_Noir_delle_Venezie_2021.jpg,,delle Venezie,Conte Priola,"red fruit, oak, earth, black fruit, spices, microbio, non oak, tree fruit, citrus fruit, dried fruit, tropical fruit","Beef, Veal, Game (deer, venison), Poultry",Pinot Noir
Domaine Ponsot Chapelle-Chambertin Grand Cru 2010,France,895,4.3,images/Domaine_Ponsot_Chapelle_Chambertin_Grand_Cru_2010.png,images/bottle_Domaine_Ponsot_Chapelle_Chambertin_Grand_Cr.png,Chapelle-Chambertin Grand Cru,Domaine Ponsot,"red fruit, earth, oak, black fruit, non oak, spices, floral, dried fruit, citrus fruit, vegetal, microbio","Beef, Veal, Game (deer, venison), Poultry",Pinot Noir
Ghostwriter Pinot Noir 2022,United States,32,4.2,images/Ghostwriter_Pinot_Noir_2022.png,images/bottle_Ghostwriter_Pinot_Noir_2022.png,Santa Cruz Mountains,Ghostwriter,"red fruit, earth, oak, non oak, black fruit, spices, microbio, floral, dried fruit, citrus fruit, tree fruit","Beef, Veal, Game (deer, venison), Poultry",Pinot Noir
Domaine Faiveley Nuits-Saint-Georges Les Lavières 2005,France,137,3.9,images/Domaine_Faiveley_Nuits_Saint_Georges_Les_Lavires_2.png,images/bottle_Domaine_Faiveley_Nuits_Saint_Georges_Les_La.png,Nuits-Saint-Georges,Domaine Faiveley,"earth, red fruit, oak, microbio, non oak, spices, black fruit, floral, vegetal","Beef, Veal, Game (deer, venison), Poultry",Pinot Noir
Bouchard Père & Fils Domaines du Chateau de Beaune Le Corton Grand Cru 1990,France,289,4.4,images/Bouchard_Pre_Fils_Domaines_du_Chateau_de_Beaune_Le.jpg,,Corton Grand Cru,Bouchard Père & Fils,"red fruit, earth, oak, spices, non oak, microbio, black fruit, floral, vegetal, dried fruit","Beef, Veal, Game (deer, venison), Poultry",Pinot Noir
Barnaut Rosé Authentique Brut Champagne Grand Cru 'Bouzy',France,65,4.1,images/Barnaut_Ros_Authentique_Brut_Champagne_Grand_Cru_B.png,images/bottle_Barnaut_Ros_Authentique_Brut_Champagne_Gran.png,Champagne Grand Cru 'Bouzy',Barnaut,"red fruit, citrus fruit, earth, microbio, non oak, oak, tree fruit, vegetal, spices, floral","Pork, Rich fish (salmon, tuna etc), Shellfish, Mild and soft cheese","Chardonnay, Pinot Noir, Pinot Meunier"
Lignier-Michelot Morey-Saint-Denis 1er Cru 'Les Faconnières' 2021,France,195,4.2,images/Lignier_Michelot_Morey_Saint_Denis_1er_Cru_Les_Fac.png,images/bottle_Lignier_Michelot_Morey_Saint_Denis_1er_Cru_.png,Morey-Saint-Denis 1er Cru 'Les Faconnières',Lignier-Michelot,"earth, red fruit, oak, black fruit, spices, non oak, microbio, floral, vegetal, dried fruit, tropical fruit","Beef, Veal, Game (deer, venison), Poultry",Pinot Noir
Domaine Henri Boillot Volnay 1er Cru Les Caillerets 1964,France,835,4.3,images/Domaine_Henri_Boillot_Volnay_1er_Cru_Les_Cailleret.png,images/bottle_Domaine_Henri_Boillot_Volnay_1er_Cru_Les_Ca.png,Volnay 1er Cru 'Les Caillerets',Domaine Henri Boillot,"red fruit, earth, spices, oak, microbio, non oak, black fruit, floral, vegetal, citrus fruit, tree fruit","Beef, Veal, Game (deer, venison), Poultry",Pinot Noir
Cep Pinot noir 2023,United States,38.99,4.1,images/Cep_Pinot_noir_2023.png,images/bottle_Cep_Pinot_noir_2023.png,Sonoma Coast,Cep,"red fruit, oak, earth, non oak, spices, black fruit, dried fruit, microbio, citrus fruit, tree fruit","Veal, Pork, Poultry, Mushrooms",Pinot Noir
Siduri Sonoma County Pinot Noir 2021,United States,24.99,4,images/Siduri_Sonoma_County_Pinot_Noir_2021.png,images/bottle_Siduri_Sonoma_County_Pinot_Noir_2021.png,Sonoma County,Siduri,"red fruit, earth, spices, oak, non oak, black fruit, microbio, dried fruit, citrus fruit, vegetal, floral","Beef, Veal, Game (deer, venison), Poultry",Pinot Noir
Domaine Georges Mugneret-Gibourg Échezeaux Grand Cru 2022,France,899.97,4.3,images/Domaine_Georges_Mugneret_Gibourg_chezeaux_Grand_Cr.png,images/bottle_Domaine_Georges_Mugneret_Gibourg_chezeaux_G.png,Échezeaux Grand Cru,Domaine Georges Mugneret-Gibourg,"earth, red fruit, oak, black fruit, non oak, spices, microbio, dried fruit, floral, vegetal","Beef, Veal, Game (deer, venison), Poultry",Pinot Noir
Domaine Taupenot-Merme Gevrey Chambertin Premier Cru Bel Air 2019,France,257,4.2,images/Domaine_Taupenot_Merme_Gevrey_Chambertin_Premier_C.png,images/bottle_Domaine_Taupenot_Merme_Gevrey_Chambertin_Pr.png,Gevrey-Chambertin Premier Cru,Domaine Taupenot-Merme,"red fruit, earth, oak, spices, non oak, black fruit, floral, microbio, citrus fruit, vegetal, dried fruit, tree fruit, tropical fruit","Beef, Veal, Game (deer, venison), Poultry",Pinot Noir
Hubert Lignier Clos de la Roche Grand Cru 2020,France,647,4.4,images/Hubert_Lignier_Clos_de_la_Roche_Grand_Cru_2020.png,images/bottle_Hubert_Lignier_Clos_de_la_Roche_Grand_Cru_2.png,Clos de la Roche Grand Cru,Hubert Lignier,"oak, earth, black fruit, red fruit, non oak, spices, microbio, dried fruit, floral, tropical fruit","Beef, Veal, Game (deer, venison), Poultry",Pinot Noir
Louis Jadot Chapelle-Chambertin Grand Cru 2020,France,265,4.4,images/Louis_Jadot_Chapelle_Chambertin_Grand_Cru_2020.png,images/bottle_Louis_Jadot_Chapelle_Chambertin_Grand_Cru_2.png,Chapelle-Chambertin Grand Cru,Louis Jadot,"red fruit, oak, earth, non oak, spices, black fruit, microbio, floral, citrus fruit, dried fruit, vegetal","Beef, Veal, Game (deer, venison), Poultry",Pinot Noir
Mer Soleil Reserve Pinot Noir 2018,United States,32.99,3.9,images/Mer_Soleil_Reserve_Pinot_Noir_2018.png,images/bottle_Mer_Soleil_Reserve_Pinot_Noir_2018.png,Santa Lucia Highlands,Mer Soleil,"red fruit, oak, earth, non oak, spices, black fruit, microbio, vegetal, dried fruit, floral, citrus fruit, tree fruit, tropical fruit","Veal, Pork, Poultry, Mushrooms",Pinot Noir
Sea Smoke Ten Pinot Noir 2018,United States,133.12,4.7,images/Sea_Smoke_Ten_Pinot_Noir_2018.png,images/bottle_Sea_Smoke_Ten_Pinot_Noir_2018.png,Sta. Rita Hills,Sea Smoke,"oak, red fruit, earth, non oak, spices, black fruit, floral, microbio, dried fruit, vegetal, citrus fruit, tree fruit, tropical fruit","Veal, Pork, Poultry, Mushrooms",Pinot Noir
Cristom Mt. Jefferson Cuvée Pinot Noir 2022,United States,42.99,4.2,images/Cristom_Mt_Jefferson_Cuve_Pinot_Noir_2022.png,images/bottle_Cristom_Mt_Jefferson_Cuve_Pinot_Noir_2022.png,Willamette Valley,Cristom,"red fruit, oak, earth, non oak, spices, black fruit, microbio, floral, vegetal, dried fruit, citrus fruit, tree fruit, tropical fruit","Beef, Veal, Game (deer, venison), Poultry",Pinot Noir
Domaine de Montille Pommard 1er Cru Les Rugiens-Bas 2021,France,675,4.3,images/Domaine_de_Montille_Pommard_1er_Cru_Les_Rugiens_Ba.png,images/bottle_Domaine_de_Montille_Pommard_1er_Cru_Les_Rug.png,Pommard Premier Cru,Domaine de Montille,"red fruit, earth, oak, black fruit, microbio, spices, non oak, floral, dried fruit, citrus fruit, vegetal","Beef, Veal, Game (deer, venison), Poultry",Pinot Noir
Colene Clemens Adriane Pinot Noir 2021,United States,62.99,4.2,images/Colene_Clemens_Adriane_Pinot_Noir_2021.png,images/bottle_Colene_Clemens_Adriane_Pinot_Noir_2021.png,Chehalem Mountains,Colene Clemens,"red fruit, oak, earth, non oak, spices, black fruit, microbio, vegetal, floral, dried fruit, tree fruit, citrus fruit","Beef, Veal, Game (deer, venison), Poultry",Pinot Noir
Domaine de Montille Volnay 1er Cru 'Champans' 1990,France,480,4.2,images/Domaine_de_Montille_Volnay_1er_Cru_Champans_1990.png,images/bottle_Domaine_de_Montille_Volnay_1er_Cru_Champans.png,Volnay 1er Cru 'Champans',Domaine de Montille,"red fruit, earth, oak, non oak, spices, microbio, black fruit, floral, vegetal, citrus fruit, tree fruit","Beef, Veal, Game (deer, venison), Poultry",Pinot Noir
Francis Ford Coppola Winery Diamond Collection Monterey County Pinot Noir 2021,United States,14.99,3.7,images/Francis_Ford_Coppola_Winery_Diamond_Collection_Mon.png,images/bottle_Francis_Ford_Coppola_Winery_Diamond_Collect.png,Monterey County,Francis Ford Coppola Winery,"red fruit, oak, earth, non oak, spices, black fruit, microbio, citrus fruit, floral, tree fruit, vegetal, dried fruit, tropical fruit","Beef, Veal, Game (deer, venison), Poultry",Pinot Noir
Domaine Michel Lafarge Volnay Vendanges Sélectionnées 2022,France,129.99,4.1,images/Domaine_Michel_Lafarge_Volnay_Vendanges_Slectionne.png,images/bottle_Domaine_Michel_Lafarge_Volnay_Vendanges_Sle.png,Volnay,Domaine Michel Lafarge,"red fruit, earth, oak, non oak, black fruit, spices, microbio, floral, citrus fruit, dried fruit, vegetal","Beef, Veal, Game (deer, venison), Poultry",Pinot Noir
Au Bon Climat Pinot Noir Santa Barbara County 2023,United States,26.99,4,images/Au_Bon_Climat_Pinot_Noir_Santa_Barbara_County_2023.png,images/bottle_Au_Bon_Climat_Pinot_Noir_Santa_Barbara_Coun.png,Santa Barbara County,Au Bon Climat,"red fruit, oak, earth, non oak, spices, black fruit, microbio, floral, vegetal, dried fruit, citrus fruit, tree fruit, tropical fruit","Beef, Veal, Game (deer, venison), Poultry",Pinot Noir
Georges Noëllat Nuits-Saint-Georges 2022,France,119.99,4.2,images/Georges_Nollat_Nuits_Saint_Georges_2022.png,images/bottle_Georges_Nollat_Nuits_Saint_Georges_2022.png,Nuits-Saint-Georges,Georges Noëllat,"red fruit, oak, black fruit, earth, non oak, spices, microbio, floral, vegetal, dried fruit, tropical fruit, tree fruit","Beef, Veal, Game (deer, venison), Poultry",Pinot Noir
Benjamin Leroux Volnay 2022,France,138,4.1,images/Benjamin_Leroux_Volnay_2022.png,images/bottle_Benjamin_Leroux_Volnay_2022.png,Volnay,Benjamin Leroux,"red fruit, earth, oak, black fruit, spices, non oak, microbio, floral, dried fruit, vegetal","Beef, Veal, Game (deer, venison), Poultry",Pinot Noir
Domaine Fourrier Vieille Vigne Gevrey-Chambertin 1er Cru 'Cherbaudes' 2020,France,288,4.3,images/Domaine_Fourrier_Vieille_Vigne_Gevrey_Chambertin_1.png,images/bottle_Domaine_Fourrier_Vieille_Vigne_Gevrey_Chamb.png,Gevrey-Chambertin 1er Cru 'Cherbaudes',Domaine Fourrier,"red fruit, earth, oak, non oak, black fruit, floral, spices, dried fruit, microbio, citrus fruit, vegetal","Beef, Veal, Game (deer, venison), Poultry",Pinot Noir
Ken Wright Cellars Abbott Claim Vineyard Pinot Noir 2021,United States,67.99,4.2,images/Ken_Wright_Cellars_Abbott_Claim_Vineyard_Pinot_Noi.png,images/bottle_Ken_Wright_Cellars_Abbott_Claim_Vineyard_Pi.png,Yamhill-Carlton District,Ken Wright Cellars,"red fruit, earth, oak, black fruit, non oak, spices, microbio, citrus fruit, dried fruit, tree fruit, floral, vegetal","Beef, Veal, Game (deer, venison), Poultry",Pinot Noir
Hartford Court Russian River Valley Pinot Noir 2016,United States,39.99,4.3,images/Hartford_Court_Russian_River_Valley_Pinot_Noir_201.png,images/bottle_Hartford_Court_Russian_River_Valley_Pinot_N.png,Russian River Valley,Hartford Court,"red fruit, oak, black fruit, earth, non oak, spices, microbio, citrus fruit, dried fruit, floral, vegetal, tree fruit, tropical fruit","Veal, Pork, Poultry, Mushrooms",Pinot Noir
Hundred Suns Old Eight Cut Pinot Noir 2023,United States,41.99,4.3,images/Hundred_Suns_Old_Eight_Cut_Pinot_Noir_2023.png,images/bottle_Hundred_Suns_Old_Eight_Cut_Pinot_Noir_2023.png,Willamette Valley,Hundred Suns,"red fruit, black fruit, oak, earth, non oak, spices, microbio, citrus fruit, floral, tropical fruit, tree fruit, vegetal","Beef, Veal, Game (deer, venison), Poultry",Pinot Noir
Calera Pinot Noir 2022,United States,21.99,4.1,images/Calera_Pinot_Noir_2022.png,images/bottle_Calera_Pinot_Noir_2022.png,Central Coast,Calera,"red fruit, oak, earth, non oak, spices, black fruit, microbio, floral, dried fruit, vegetal, citrus fruit, tree fruit, tropical fruit","Beef, Veal, Game (deer, venison), Poultry",Pinot Noir
Williams Selyem Terra de Promissio Vineyard Pinot Noir 2022,United States,159.99,4.5,images/Williams_Selyem_Terra_de_Promissio_Vineyard_Pinot_.png,images/bottle_Williams_Selyem_Terra_de_Promissio_Vineyard.png,Sonoma Coast,Williams Selyem,"red fruit, oak, earth, non oak, black fruit, spices, citrus fruit, microbio, floral, dried fruit, vegetal, tree fruit","Veal, Pork, Poultry, Mushrooms",Pinot Noir
Domaine Arnoux-Lachaux Vosne-Romanée Premier Cru 'Les Suchots' 1999,France,525,4.3,images/Domaine_Arnoux_Lachaux_Vosne_Romane_Premier_Cru_Le.png,images/bottle_Domaine_Arnoux_Lachaux_Vosne_Romane_Premier.png,Vosne-Romanée 1er Cru 'Les Suchots',Domaine Arnoux-Lachaux,"oak, earth, red fruit, black fruit, non oak, floral, spices, vegetal, microbio, dried fruit","Beef, Veal, Game (deer, venison), Poultry",Pinot Noir
A to Z Wineworks Bubbles Rosé,United States,15.99,3.8,images/A_to_Z_Wineworks_Bubbles_Ros.png,images/bottle_A_to_Z_Wineworks_Bubbles_Ros.png,Oregon,A to Z Wineworks,"red fruit, tree fruit, citrus fruit, microbio, earth, vegetal, oak, non oak, spices, black fruit, tropical fruit, floral, dried fruit","Shellfish, Any junk food will do, Appetizers and snacks, Lean fish, Aperitif",
Maschio Extra Dry Rosé,Italy,15.26,3.7,images/Maschio_Extra_Dry_Ros.png,images/bottle_Maschio_Extra_Dry_Ros.png,Veneto,Maschio,"red fruit, tree fruit, citrus fruit, microbio, non oak, oak, vegetal, floral","Appetizers and snacks, Aperitif",
Foxen John Sebastiano Vineyard  Pinot Noir 2021,United States,60,4.2,images/Foxen_John_Sebastiano_Vineyard_Pinot_Noir_2021.png,images/bottle_Foxen_John_Sebastiano_Vineyard_Pinot_Noir_2.png,Sta. Rita Hills,Foxen,"red fruit, earth, oak, spices, black fruit, non oak, microbio, vegetal, floral, dried fruit, tree fruit, citrus fruit","Veal, Pork, Poultry, Mushrooms",Pinot Noir
Domaine Michel Lafarge Volnay 1er Cru 'Clos du Château des Ducs' 2015,France,290,4.3,images/Domaine_Michel_Lafarge_Volnay_1er_Cru_Clos_du_Chte.png,images/bottle_Domaine_Michel_Lafarge_Volnay_1er_Cru_Clos_.png,Volnay 1er Cru 'Clos du Château des Ducs',Domaine Michel Lafarge,"red fruit, earth, oak, microbio, spices, black fruit, non oak, floral, dried fruit, tropical fruit, citrus fruit","Beef, Veal, Game (deer, venison), Poultry",Pinot Noir
Domaine Sautereau Sancerre Rouge 2013,France,35.23,3.9,images/Domaine_Sautereau_Sancerre_Rouge_2013.png,images/bottle_Domaine_Sautereau_Sancerre_Rouge_2013.png,Sancerre,Domaine Sautereau,"red fruit, earth, tree fruit, oak, spices, citrus fruit, microbio, black fruit, non oak, dried fruit, floral, vegetal, tropical fruit","Veal, Game (deer, venison), Poultry","Cabernet Franc, Pinot Noir, Gamay, Grolleau"
Michael Pozzan Pinot Noir 2023,United States,17.99,3.8,images/Michael_Pozzan_Pinot_Noir_2023.png,images/bottle_Michael_Pozzan_Pinot_Noir_2023.png,Russian River Valley,Michael Pozzan,"red fruit, earth, oak, black fruit, spices, non oak, citrus fruit, microbio, tree fruit, vegetal","Veal, Pork, Poultry, Mushrooms",Pinot Noir
Domaine Marquis d'Angerville Volnay 1er Cru 'Taillepieds' 1995,France,275,4.2,images/Domaine_Marquis_dAngerville_Volnay_1er_Cru_Taillep.png,images/bottle_Domaine_Marquis_dAngerville_Volnay_1er_Cru_.png,Volnay 1er Cru 'Taille Pieds',Domaine Marquis d'Angerville,"earth, red fruit, oak, non oak, spices, microbio, black fruit, dried fruit, floral, citrus fruit","Beef, Veal, Game (deer, venison), Poultry",Pinot Noir
Domaine Pierre Gelin Chambertin Clos de Bèze Grand Cru 1990,France,630,4.4,images/Domaine_Pierre_Gelin_Chambertin_Clos_de_Bze_Grand_.png,images/bottle_Domaine_Pierre_Gelin_Chambertin_Clos_de_Bze.png,Chambertin-Clos de Bèze Grand Cru,Domaine Pierre Gelin,"earth, oak, black fruit, red fruit, spices, microbio, non oak, floral, dried fruit, tropical fruit, vegetal","Beef, Veal, Game (deer, venison), Poultry",Pinot Noir
Daniel Crochet Sancerre Rouge 2022,France,35.99,3.9,images/Daniel_Crochet_Sancerre_Rouge_2022.png,images/bottle_Daniel_Crochet_Sancerre_Rouge_2022.png,Sancerre,Daniel Crochet,"red fruit, earth, oak, citrus fruit, microbio, black fruit, tree fruit, non oak, spices, floral, vegetal","Veal, Game (deer, venison), Poultry","Cabernet Franc, Pinot Noir, Gamay, Grolleau"
Résonance Résonance Pinot Noir 2021,United States,39.99,4.1,images/Rsonance_Rsonance_Pinot_Noir_2021.png,images/bottle_Rsonance_Rsonance_Pinot_Noir_2021.png,Willamette Valley,Résonance,"red fruit, oak, earth, non oak, spices, black fruit, microbio, floral, vegetal, dried fruit, citrus fruit, tree fruit, tropical fruit","Beef, Veal, Game (deer, venison), Poultry",Pinot Noir
Center of Effort Pinot Noir 2021,United States,40,4.1,images/Center_of_Effort_Pinot_Noir_2021.png,images/bottle_Center_of_Effort_Pinot_Noir_2021.png,Edna Valley,Center of Effort,"red fruit, oak, black fruit, earth, non oak, spices, microbio, floral, dried fruit, citrus fruit, vegetal","Beef, Veal, Game (deer, venison), Poultry",Pinot Noir
Woodbridge by Robert Mondavi Pinot Noir 2016,United States,10.97,3.5,images/Woodbridge_by_Robert_Mondavi_Pinot_Noir_2016.png,images/bottle_Woodbridge_by_Robert_Mondavi_Pinot_Noir_201.png,California,Woodbridge by Robert Mondavi,"oak, red fruit, earth, non oak, black fruit, spices, microbio, dried fruit, citrus fruit, vegetal, tree fruit, floral, tropical fruit","Beef, Veal, Game (deer, venison), Poultry",Pinot Noir
Domaine René Leclerc Gevrey-Chambertin Premier Cru Combe aux Moines 1985,France,375,4.2,images/Domaine_Ren_Leclerc_Gevrey_Chambertin_Premier_Cru_.png,images/bottle_Domaine_Ren_Leclerc_Gevrey_Chambertin_Premi.png,Gevrey-Chambertin Premier Cru,Domaine René Leclerc,"earth, red fruit, oak, non oak, black fruit, microbio, dried fruit, spices, floral, vegetal","Beef, Veal, Game (deer, venison), Poultry",Pinot Noir
Bow & Arrow Rhinestones 2022,United States,27,3.9,images/Bow_Arrow_Rhinestones_2022.png,images/bottle_Bow_Arrow_Rhinestones_2022.png,Willamette Valley,Bow & Arrow,"red fruit, earth, oak, spices, black fruit, non oak, dried fruit, microbio, vegetal, floral, tropical fruit, tree fruit","Beef, Veal, Game (deer, venison), Poultry",Pinot Noir
Méo-Camuzet Corton Grand Cru 'Clos Rognet' 2022,France,569.99,4.4,images/Mo_Camuzet_Corton_Grand_Cru_Clos_Rognet_2022.png,images/bottle_Mo_Camuzet_Corton_Grand_Cru_Clos_Rognet_202.png,Corton Grand Cru,Méo-Camuzet,"red fruit, earth, oak, black fruit, non oak, spices, microbio, floral, vegetal, dried fruit, citrus fruit","Beef, Veal, Game (deer, venison), Poultry",Pinot Noir
Ancien Pinot Noir 2022,United States,50,4.2,images/Ancien_Pinot_Noir_2022.png,images/bottle_Ancien_Pinot_Noir_2022.png,Los Carneros,Ancien,"red fruit, earth, oak, non oak, spices, black fruit, microbio, citrus fruit, floral, vegetal","Veal, Pork, Poultry, Mushrooms",Pinot Noir
Argyle Grower Series Pinot Noir 2021,United States,14,3.8,images/Argyle_Grower_Series_Pinot_Noir_2021.png,images/bottle_Argyle_Grower_Series_Pinot_Noir_2021.png,Willamette Valley,Argyle,"red fruit, oak, earth, non oak, spices, black fruit, microbio, floral, tree fruit, citrus fruit, vegetal, dried fruit, tropical fruit","Beef, Veal, Game (deer, venison), Poultry",Pinot Noir
Louis Jadot Chambolle-Musigny Les Fuées 1997,France,303,4.2,images/Louis_Jadot_Chambolle_Musigny_Les_Fues_1997.png,images/bottle_Louis_Jadot_Chambolle_Musigny_Les_Fues_1997.png,Chambolle-Musigny Premier Cru,Louis Jadot,"red fruit, earth, oak, non oak, spices, floral, black fruit, microbio, dried fruit, vegetal","Beef, Veal, Game (deer, venison), Poultry",Pinot Noir
Georges Noëllat Vosne-Romanée 1er Cru 'Les Beaux Monts' 2019,France,339.99,4.2,images/Georges_Nollat_Vosne_Romane_1er_Cru_Les_Beaux_Mont.png,images/bottle_Georges_Nollat_Vosne_Romane_1er_Cru_Les_Bea.png,Vosne-Romanée 1er Cru 'Les Beaux Monts',Georges Noëllat,"red fruit, earth, oak, non oak, spices, black fruit, floral, microbio, dried fruit, vegetal, citrus fruit","Beef, Veal, Game (deer, venison), Poultry",Pinot Noir
Domaine Trapet Clos Prieur Gevrey-Chambertin 1er Cru 2018,France,190,4.3,images/Domaine_Trapet_Clos_Prieur_Gevrey_Chambertin_1er_C.png,images/bottle_Domaine_Trapet_Clos_Prieur_Gevrey_Chamberti.png,Gevrey-Chambertin Premier Cru,Domaine Trapet,"earth, oak, non oak, red fruit, spices, black fruit, microbio, dried fruit, tree fruit, floral, vegetal, citrus fruit","Beef, Veal, Game (deer, venison), Poultry",Pinot Noir
Domaine François Gaunoux Volnay 1er Cru 'Le Clos des Chênes' 1990,France,276,4.1,images/Domaine_Franois_Gaunoux_Volnay_1er_Cru_Le_Clos_des.png,images/bottle_Domaine_Franois_Gaunoux_Volnay_1er_Cru_Le_C.png,Volnay 1er Cru 'Clos des Chênes',Domaine François Gaunoux,"red fruit, earth, oak, spices, microbio, black fruit, floral, non oak, vegetal, dried fruit, citrus fruit","Beef, Veal, Game (deer, venison), Poultry",Pinot Noir
Louis Jadot Gevrey Chambertin Lavaux-Saint-Jacques 2005,France,187,4.1,images/Louis_Jadot_Gevrey_Chambertin_Lavaux_Saint_Jacques.png,images/bottle_Louis_Jadot_Gevrey_Chambertin_Lavaux_Saint_.png,Gevrey-Chambertin Premier Cru,Louis Jadot,"earth, red fruit, oak, spices, microbio, black fruit, non oak, dried fruit, tropical fruit, floral","Beef, Veal, Game (deer, venison), Poultry",Pinot Noir
Unsorted Pinot Noir 2022,United States,19.99,4,images/Unsorted_Pinot_Noir_2022.png,images/bottle_Unsorted_Pinot_Noir_2022.png,California,Unsorted,"oak, red fruit, non oak, spices, black fruit, earth, dried fruit, citrus fruit, floral, vegetal, microbio","Beef, Veal, Game (deer, venison), Poultry",Pinot Noir
Foxen Julia's Vineyard Pinot Noir 2021,United States,70,4.1,images/Foxen_Julias_Vineyard_Pinot_Noir_2021.png,images/bottle_Foxen_Julias_Vineyard_Pinot_Noir_2021.png,Santa Maria Valley,Foxen,"red fruit, oak, earth, spices, non oak, black fruit, microbio, vegetal, dried fruit, citrus fruit, floral","Veal, Pork, Poultry, Mushrooms",Pinot Noir
Domaine des Croix Beaune Pertuisots 1er Cru 2021,France,146.99,4.1,images/Domaine_des_Croix_Beaune_Pertuisots_1er_Cru_2021.png,images/bottle_Domaine_des_Croix_Beaune_Pertuisots_1er_Cru.png,Beaune 1er Cru 'Pertuisots',Domaine des Croix,"red fruit, earth, oak, black fruit, non oak, spices, floral, dried fruit, vegetal, microbio","Beef, Veal, Game (deer, venison), Poultry",Pinot Noir
David Hill Estate Pinot Noir 2023,United States,35,3.8,images/David_Hill_Estate_Pinot_Noir_2023.png,images/bottle_David_Hill_Estate_Pinot_Noir_2023.png,Willamette Valley,David Hill,"oak, red fruit, spices, non oak, earth, black fruit, vegetal, microbio, citrus fruit, floral","Beef, Veal, Game (deer, venison), Poultry",Pinot Noir
Samuel Robert Family Reserve Pinot Noir 2023,United States,23.97,3.9,images/Samuel_Robert_Family_Reserve_Pinot_Noir_2023.png,images/bottle_Samuel_Robert_Family_Reserve_Pinot_Noir_202.png,Willamette Valley,Samuel Robert,"red fruit, oak, black fruit, non oak, earth, spices, microbio, dried fruit, vegetal, citrus fruit, floral","Beef, Veal, Game (deer, venison), Poultry",Pinot Noir
Ghislaine Barthod Chambolle-Musigny 1er Cru 'Aux Beaux Bruns' 2021,France,199,4.3,images/Ghislaine_Barthod_Chambolle_Musigny_1er_Cru_Aux_Be.png,images/bottle_Ghislaine_Barthod_Chambolle_Musigny_1er_Cru.png,Chambolle-Musigny 1er Cru 'Aux Beaux Bruns',Ghislaine Barthod,"red fruit, earth, oak, non oak, microbio, spices, black fruit, floral, dried fruit, tropical fruit, citrus fruit, vegetal","Beef, Veal, Game (deer, venison), Poultry",Pinot Noir
Ken Wright Cellars Bonnie Jean Vineyard Pinot Noir 2022,United States,67.99,4.3,images/Ken_Wright_Cellars_Bonnie_Jean_Vineyard_Pinot_Noir.png,images/bottle_Ken_Wright_Cellars_Bonnie_Jean_Vineyard_Pin.png,Yamhill-Carlton District,Ken Wright Cellars,"red fruit, oak, earth, black fruit, non oak, spices, microbio, dried fruit, citrus fruit, floral, vegetal, tropical fruit, tree fruit","Beef, Veal, Game (deer, venison), Poultry",Pinot Noir
Paul Hobbs CrossBarn Sonoma Coast Pinot Noir 2020,United States,29.99,4.2,images/Paul_Hobbs_CrossBarn_Sonoma_Coast_Pinot_Noir_2020.png,images/bottle_Paul_Hobbs_CrossBarn_Sonoma_Coast_Pinot_Noi.png,Sonoma Coast,Paul Hobbs,"red fruit, oak, non oak, earth, spices, black fruit, microbio, floral, vegetal, dried fruit, citrus fruit, tree fruit, tropical fruit","Veal, Pork, Poultry, Mushrooms",Pinot Noir
Hubert Lamy Clos des Hâtes Santenay 2022,France,113,4.1,images/Hubert_Lamy_Clos_des_Htes_Santenay_2022.png,images/bottle_Hubert_Lamy_Clos_des_Htes_Santenay_2022.png,Santenay,Hubert Lamy,"red fruit, oak, earth, non oak, black fruit, spices, microbio, floral, citrus fruit","Beef, Veal, Game (deer, venison), Poultry",Pinot Noir
Soléna Estate Domaine Danielle Laurent Pinot Noir 2022,United States,39.99,4.1,images/Solna_Estate_Domaine_Danielle_Laurent_Pinot_Noir_2.png,images/bottle_Solna_Estate_Domaine_Danielle_Laurent_Pinot.png,Willamette Valley,Soléna Estate,"red fruit, earth, oak, spices, non oak, black fruit, microbio, vegetal, dried fruit, citrus fruit, tree fruit, floral","Beef, Veal, Game (deer, venison), Poultry",Pinot Noir
Mt Difficulty Bannockburn Pinot Noir 2019,New Zealand,42.99,4.2,images/Mt_Difficulty_Bannockburn_Pinot_Noir_2019.png,images/bottle_Mt_Difficulty_Bannockburn_Pinot_Noir_2019.png,Central Otago,Mt Difficulty,"red fruit, oak, earth, spices, non oak, black fruit, microbio, floral, vegetal, tropical fruit, tree fruit, dried fruit, citrus fruit","Beef, Veal, Game (deer, venison), Mushrooms",Pinot Noir
Argyle Spirithouse Pinot Noir 2021,United States,75,4.1,images/Argyle_Spirithouse_Pinot_Noir_2021.png,images/bottle_Argyle_Spirithouse_Pinot_Noir_2021.png,Dundee Hills,Argyle,"red fruit, oak, earth, non oak, black fruit, spices, microbio, floral, tree fruit, citrus fruit, vegetal","Beef, Veal, Game (deer, venison), Poultry",Pinot Noir
Philippe Pacalet Échézeaux Grand Cru 2020,France,699,4.4,images/Philippe_Pacalet_chzeaux_Grand_Cru_2020.png,images/bottle_Philippe_Pacalet_chzeaux_Grand_Cru_2020.png,Échezeaux Grand Cru,Philippe Pacalet,"red fruit, earth, oak, black fruit, floral, spices, non oak, vegetal, dried fruit, citrus fruit, microbio","Beef, Veal, Game (deer, venison), Poultry",Pinot Noir
Domaine Georges Mugneret-Gibourg Ruchottes-Chambertin Grand Cru 1996,France,850,4.5,images/Domaine_Georges_Mugneret_Gibourg_Ruchottes_Chamber.png,images/bottle_Domaine_Georges_Mugneret_Gibourg_Ruchottes_.png,Ruchottes-Chambertin Grand Cru,Domaine Georges Mugneret-Gibourg,"red fruit, oak, earth, non oak, black fruit, spices, microbio, floral, dried fruit, citrus fruit","Beef, Veal, Game (deer, venison), Poultry",Pinot Noir
Miraval Studio Rose 2023,France,19.99,3.8,images/Miraval_Studio_Rose_2023.png,images/bottle_Miraval_Studio_Rose_2023.png,Côtes de Provence,Miraval,"red fruit, citrus fruit, tree fruit, earth, microbio, oak, spices, floral, vegetal, non oak, tropical fruit, black fruit, dried fruit","Pork, Shellfish, Vegetarian, Poultry","Shiraz/Syrah, Grenache, Cinsault"
François Cotat Chavignol Sancerre Rosé 2023,France,74,4.1,images/Franois_Cotat_Chavignol_Sancerre_Ros_2023.png,images/bottle_Franois_Cotat_Chavignol_Sancerre_Ros_2023.png,Sancerre,François Cotat,"red fruit, citrus fruit, tree fruit, non oak, earth, vegetal, tropical fruit, microbio, oak, dried fruit, spices, floral","Lamb, Rich fish (salmon, tuna etc), Poultry, Mild and soft cheese, Cured Meat",
Laherte Freres Les Longues Voyes Blanc de Noirs Extra-Brut Champagne Premier Cru 2019,France,79.99,4.2,images/Laherte_Freres_Les_Longues_Voyes_Blanc_de_Noirs_Ex.png,images/bottle_Laherte_Freres_Les_Longues_Voyes_Blanc_de_N.png,Champagne Premier Cru,Laherte Freres,"tree fruit, oak, non oak, microbio, earth, citrus fruit, red fruit, vegetal, spices, black fruit, dried fruit, tropical fruit","Pork, Rich fish (salmon, tuna etc), Shellfish, Mild and soft cheese","Chardonnay, Pinot Noir, Pinot Meunier"
Elk Cove Clay Court Pinot Noir 2023,United States,58.99,4.2,images/Elk_Cove_Clay_Court_Pinot_Noir_2023.png,images/bottle_Elk_Cove_Clay_Court_Pinot_Noir_2023.png,Chehalem Mountains,Elk Cove,"red fruit, oak, earth, non oak, black fruit, spices, microbio, floral, dried fruit, citrus fruit","Beef, Veal, Game (deer, venison), Poultry",Pinot Noir
François Bertheau Bonnes Mares Grand Cru 2001,France,489,4.2,images/Franois_Bertheau_Bonnes_Mares_Grand_Cru_2001.png,images/bottle_Franois_Bertheau_Bonnes_Mares_Grand_Cru_200.png,Bonnes-Mares Grand Cru,François Bertheau,"earth, red fruit, oak, microbio, black fruit, citrus fruit, spices, floral, non oak, vegetal","Beef, Veal, Game (deer, venison), Poultry",Pinot Noir
Louis Jadot Beaune Premier Cru 2012,France,147,3.9,images/Louis_Jadot_Beaune_Premier_Cru_2012.png,images/bottle_Louis_Jadot_Beaune_Premier_Cru_2012.png,Beaune Premier Cru,Louis Jadot,"red fruit, oak, earth, non oak, spices, black fruit, microbio, tree fruit, citrus fruit, floral, dried fruit, vegetal, tropical fruit","Beef, Veal, Game (deer, venison), Poultry",Pinot Noir
Louis Latour Chambolle-Musigny 2003,France,88,4.1,images/Louis_Latour_Chambolle_Musigny_2003.png,images/bottle_Louis_Latour_Chambolle_Musigny_2003.png,Chambolle-Musigny,Louis Latour,"red fruit, earth, oak, spices, non oak, microbio, black fruit, floral, dried fruit, citrus fruit","Beef, Veal, Game (deer, venison), Poultry",Pinot Noir
Williams Selyem Calegari Vineyard Pinot Noir 2022,United States,158,4.5,images/Williams_Selyem_Calegari_Vineyard_Pinot_Noir_2022.png,images/bottle_Williams_Selyem_Calegari_Vineyard_Pinot_Noi.png,Russian River Valley,Williams Selyem,"red fruit, oak, non oak, earth, spices, black fruit, floral, microbio, citrus fruit, vegetal, tropical fruit, dried fruit","Veal, Pork, Poultry, Mushrooms",Pinot Noir
Méo-Camuzet Echezeaux Grand Cru 'Les Rouges du Bas' 2020,France,699.99,4.5,images/Mo_Camuzet_Echezeaux_Grand_Cru_Les_Rouges_du_Bas_2.png,images/bottle_Mo_Camuzet_Echezeaux_Grand_Cru_Les_Rouges_d.png,Échezeaux Grand Cru,Méo-Camuzet,"red fruit, oak, earth, spices, non oak, microbio, black fruit, floral, tree fruit, vegetal","Beef, Veal, Game (deer, venison), Poultry",Pinot Noir
Domaine Blain-Gagnard Chassagne-Montrachet Premier Cru 1990,France,180,4.3,images/Domaine_Blain_Gagnard_Chassagne_Montrachet_Premier.png,images/bottle_Domaine_Blain_Gagnard_Chassagne_Montrachet_.png,Chassagne-Montrachet Premier Cru,Domaine Blain-Gagnard,"oak, earth, microbio, non oak, spices, red fruit, black fruit, tree fruit, citrus fruit, dried fruit, tropical fruit, vegetal","Beef, Veal, Game (deer, venison), Poultry",Pinot Noir
The Prisoner Blindfold Blanc de Noir White Pinot Noir 2021,United States,32.99,4.1,images/The_Prisoner_Blindfold_Blanc_de_Noir_White_Pinot_N.png,images/bottle_The_Prisoner_Blindfold_Blanc_de_Noir_White_.png,California,The Prisoner,"citrus fruit, tree fruit, earth, floral, red fruit, oak, non oak, tropical fruit, vegetal, microbio, spices, black fruit","Pasta, Rich fish (salmon, tuna etc), Shellfish, Vegetarian, Poultry, Lean fish",
River's Edge Elkton Cuvée Pinot Noir 2020,United States,24,4.1,images/Rivers_Edge_Elkton_Cuve_Pinot_Noir_2020.png,images/bottle_Rivers_Edge_Elkton_Cuve_Pinot_Noir_2020.png,Elkton Oregon,River's Edge,"red fruit, oak, non oak, earth, black fruit, spices, microbio, dried fruit, floral, vegetal, citrus fruit","Beef, Veal, Game (deer, venison), Poultry",Pinot Noir
Prieur-Brunet Chassagne Montrachet Morgeot 1er Cru 1986,France,170,4,images/Prieur_Brunet_Chassagne_Montrachet_Morgeot_1er_Cru.png,images/bottle_Prieur_Brunet_Chassagne_Montrachet_Morgeot_.png,Chassagne-Montrachet 1er Cru 'Morgeot',Prieur-Brunet,"red fruit, earth, oak, spices, vegetal, non oak, black fruit, citrus fruit, microbio, tree fruit, floral","Beef, Veal, Game (deer, venison), Poultry",Pinot Noir
Adelsheim Pinot Noir 2021,United States,33.99,4,images/Adelsheim_Pinot_Noir_2021.png,images/bottle_Adelsheim_Pinot_Noir_2021.png,Willamette Valley,Adelsheim,"red fruit, oak, earth, non oak, spices, black fruit, microbio, floral, vegetal, dried fruit, citrus fruit, tree fruit, tropical fruit","Beef, Veal, Game (deer, venison), Poultry",Pinot Noir
Dierberg Drum Canyon Vineyard Pinot Noir 2021,United States,29,4.1,images/Dierberg_Drum_Canyon_Vineyard_Pinot_Noir_2021.png,images/bottle_Dierberg_Drum_Canyon_Vineyard_Pinot_Noir_20.png,Sta. Rita Hills,Dierberg,"red fruit, earth, oak, black fruit, non oak, spices, microbio, dried fruit, citrus fruit, tree fruit, floral","Veal, Pork, Poultry, Mushrooms",Pinot Noir
Michel Magnien Clos de la Roche Grand Cru 1990,France,979,4.3,images/Michel_Magnien_Clos_de_la_Roche_Grand_Cru_1990.png,images/bottle_Michel_Magnien_Clos_de_la_Roche_Grand_Cru_1.png,Clos de la Roche Grand Cru,Michel Magnien,"red fruit, oak, earth, non oak, spices, black fruit, microbio, dried fruit, tree fruit","Beef, Veal, Game (deer, venison), Poultry",Pinot Noir
Lignier-Michelot Clos de la Roche Grand Cru 2020,France,470,4.4,images/Lignier_Michelot_Clos_de_la_Roche_Grand_Cru_2020.png,images/bottle_Lignier_Michelot_Clos_de_la_Roche_Grand_Cru.png,Clos de la Roche Grand Cru,Lignier-Michelot,"earth, red fruit, oak, microbio, floral, non oak, black fruit, spices, vegetal, dried fruit, tropical fruit","Beef, Veal, Game (deer, venison), Poultry",Pinot Noir
Domaine Trapet Gevrey-Chambertin 2019,France,90,4.3,images/Domaine_Trapet_Gevrey_Chambertin_2019.png,images/bottle_Domaine_Trapet_Gevrey_Chambertin_2019.png,Gevrey-Chambertin,Domaine Trapet,"red fruit, earth, oak, non oak, spices, microbio, black fruit, floral, vegetal, dried fruit, citrus fruit, tree fruit, tropical fruit","Beef, Veal, Game (deer, venison), Poultry",Pinot Noir
Domaine Cecile Tremblay Chambolle-Musigny Les Cabottes 2020,France,900,4.4,images/Domaine_Cecile_Tremblay_Chambolle_Musigny_Les_Cabo.png,images/bottle_Domaine_Cecile_Tremblay_Chambolle_Musigny_L.png,Chambolle-Musigny,Domaine Cecile Tremblay,"red fruit, oak, black fruit, earth, floral, non oak, spices, vegetal","Beef, Veal, Game (deer, venison), Poultry",Pinot Noir
Bennett Valley Cellars BIN 6410 Pinot Noir 2022,United States,19.99,4,images/Bennett_Valley_Cellars_BIN_6410_Pinot_Noir_2022.png,images/bottle_Bennett_Valley_Cellars_BIN_6410_Pinot_Noir_.png,Bennett Valley,Bennett Valley Cellars,"red fruit, oak, earth, non oak, spices, black fruit, tree fruit, floral, microbio, dried fruit","Beef, Veal, Game (deer, venison), Poultry",Pinot Noir
Ovum Ezy Tgr Pinot Noir 2023,United States,24.99,3.8,images/Ovum_Ezy_Tgr_Pinot_Noir_2023.png,images/bottle_Ovum_Ezy_Tgr_Pinot_Noir_2023.png,Willamette Valley,Ovum,"red fruit, oak, black fruit, spices, non oak, earth, dried fruit, microbio, tree fruit, vegetal","Beef, Veal, Game (deer, venison), Poultry",Pinot Noir
Kistler Pinot Noir 2018,United States,84.99,4.3,images/Kistler_Pinot_Noir_2018.png,images/bottle_Kistler_Pinot_Noir_2018.png,Sonoma Coast,Kistler,"red fruit, earth, oak, non oak, spices, black fruit, floral, dried fruit, microbio, vegetal, citrus fruit, tree fruit, tropical fruit","Veal, Pork, Poultry, Mushrooms",Pinot Noir
Josh Cellars Pinot Noir 2022,United States,14.99,3.7,images/Josh_Cellars_Pinot_Noir_2022.png,images/bottle_Josh_Cellars_Pinot_Noir_2022.png,Central Coast,Josh Cellars,"red fruit, oak, earth, non oak, black fruit, spices, microbio, dried fruit, tree fruit, citrus fruit, vegetal, floral, tropical fruit","Beef, Veal, Game (deer, venison), Poultry",Pinot Noir
Capiaux Cellars Pisoni Vineyard Pinot Noir 2022,United States,69.99,4.2,images/Capiaux_Cellars_Pisoni_Vineyard_Pinot_Noir_2022.png,images/bottle_Capiaux_Cellars_Pisoni_Vineyard_Pinot_Noir_.png,Santa Lucia Highlands,Capiaux Cellars,"red fruit, earth, oak, black fruit, non oak, spices, microbio, dried fruit, tree fruit, floral","Veal, Pork, Poultry, Mushrooms",Pinot Noir
Maritana Le Russe Pinot Noir 2021,United States,49.99,4.2,images/Maritana_Le_Russe_Pinot_Noir_2021.png,images/bottle_Maritana_Le_Russe_Pinot_Noir_2021.png,Russian River Valley,Maritana,"red fruit, oak, non oak, spices, black fruit, earth, floral, microbio, tree fruit, vegetal, dried fruit","Veal, Pork, Poultry, Mushrooms",Pinot Noir
Lifevine Pinot Noir 2023,United States,13.99,3.6,images/Lifevine_Pinot_Noir_2023.png,images/bottle_Lifevine_Pinot_Noir_2023.png,Willamette Valley,Lifevine,"red fruit, oak, earth, non oak, black fruit, spices, microbio, tree fruit, floral, dried fruit, citrus fruit, vegetal","Beef, Veal, Game (deer, venison), Poultry",Pinot Noir
Pascal Cotat Chavignol Sancerre Rosé 2023,France,99.99,4,images/Pascal_Cotat_Chavignol_Sancerre_Ros_2023.png,images/bottle_Pascal_Cotat_Chavignol_Sancerre_Ros_2023.png,Sancerre,Pascal Cotat,"red fruit, earth, citrus fruit, tree fruit, oak, floral, spices, vegetal, non oak, microbio, dried fruit","Lamb, Rich fish (salmon, tuna etc), Poultry, Mild and soft cheese, Cured Meat",
Domaine Dujac Bonnes-Mares Grand Cru 2022,France,995,4.5,images/Domaine_Dujac_Bonnes_Mares_Grand_Cru_2022.png,images/bottle_Domaine_Dujac_Bonnes_Mares_Grand_Cru_2022.png,Bonnes-Mares Grand Cru,Domaine Dujac,"earth, oak, red fruit, black fruit, microbio, non oak, spices, dried fruit, floral, citrus fruit","Beef, Veal, Game (deer, venison), Poultry",Pinot Noir
Wyatt Pinot Noir 2023,United States,15.99,3.6,images/Wyatt_Pinot_Noir_2023.png,images/bottle_Wyatt_Pinot_Noir_2023.png,California,Wyatt,"red fruit, oak, earth, non oak, spices, black fruit, microbio, tree fruit, floral, vegetal","Beef, Veal, Game (deer, venison), Poultry",Pinot Noir
Thibault Liger-Belair Vosne Romanée 'Aux Réas' 2021,France,170,4.2,images/Thibault_Liger_Belair_Vosne_Romane_Aux_Ras_2021.png,images/bottle_Thibault_Liger_Belair_Vosne_Romane_Aux_Ras_.png,Vosne-Romanée,Thibault Liger-Belair,"red fruit, earth, oak, non oak, black fruit, spices, microbio, floral, citrus fruit, dried fruit, tree fruit","Beef, Veal, Game (deer, venison), Poultry",Pinot Noir
McManis Pinot Noir 2018,United States,10.99,3.7,images/McManis_Pinot_Noir_2018.png,images/bottle_McManis_Pinot_Noir_2018.png,Lodi,McManis,"oak, red fruit, non oak, spices, earth, black fruit, microbio, citrus fruit, dried fruit, tree fruit, floral, vegetal, tropical fruit","Beef, Veal, Game (deer, venison), Poultry",Pinot Noir
Maison En Belles Lies Maranges 2022,France,74.99,4,images/Maison_En_Belles_Lies_Maranges_2022.png,images/bottle_Maison_En_Belles_Lies_Maranges_2022.png,Maranges,Maison En Belles Lies,"red fruit, earth, black fruit, oak, spices, microbio, floral, vegetal, non oak","Beef, Veal, Game (deer, venison), Poultry",Pinot Noir
Philipponnat Clos des Goisses Champagne 2007,France,473,4.5,images/Philipponnat_Clos_des_Goisses_Champagne_2007.png,images/bottle_Philipponnat_Clos_des_Goisses_Champagne_200.png,Champagne,Philipponnat,"earth, non oak, oak, tree fruit, microbio, citrus fruit, vegetal, spices, red fruit, dried fruit, tropical fruit, floral, black fruit","Pork, Rich fish (salmon, tuna etc), Shellfish, Mild and soft cheese","Chardonnay, Pinot Noir, Pinot Meunier"
Michel & Marc Rossignol Volnay 1er Cru 'Les Pitures' 2022,France,475,4,images/Michel_Marc_Rossignol_Volnay_1er_Cru_Les_Pitures_2.png,images/bottle_Michel_Marc_Rossignol_Volnay_1er_Cru_Les_Pi.png,Volnay Premier Cru,Michel & Marc Rossignol,"red fruit, earth, oak, spices, non oak, black fruit, microbio, dried fruit, floral, vegetal","Beef, Veal, Game (deer, venison), Poultry",Pinot Noir
Porter Creek Pinot Noir 2020,United States,47.99,4.2,images/Porter_Creek_Pinot_Noir_2020.png,images/bottle_Porter_Creek_Pinot_Noir_2020.png,Russian River Valley,Porter Creek,"red fruit, earth, oak, black fruit, non oak, microbio, spices, floral, citrus fruit, tree fruit","Veal, Pork, Poultry, Mushrooms",Pinot Noir
Domaine François Buffet Volnay 2022,France,88.99,3.9,images/Domaine_Franois_Buffet_Volnay_2022.png,images/bottle_Domaine_Franois_Buffet_Volnay_2022.png,Volnay,Domaine François Buffet,"red fruit, oak, earth, non oak, black fruit, spices, microbio, floral, vegetal, dried fruit","Beef, Veal, Game (deer, venison), Poultry",Pinot Noir
Joseph Drouhin Santenay Premier Cru Beaurepaire 1990,France,229,3.9,images/Joseph_Drouhin_Santenay_Premier_Cru_Beaurepaire_19.png,images/bottle_Joseph_Drouhin_Santenay_Premier_Cru_Beaurep.png,Santenay Premier Cru,Joseph Drouhin,"red fruit, earth, oak, black fruit, spices, microbio, non oak, citrus fruit, floral","Beef, Veal, Game (deer, venison), Poultry",Pinot Noir
Domaine Edmond Cornu & Fils Les Barrigards Bourgogne 2023,France,35,3.9,images/Domaine_Edmond_Cornu_Fils_Les_Barrigards_Bourgogne.png,images/bottle_Domaine_Edmond_Cornu_Fils_Les_Barrigards_Bo.png,Bourgogne,Domaine Edmond Cornu & Fils,"red fruit, earth, oak, microbio, non oak, spices, black fruit, floral, tree fruit, vegetal","Beef, Veal, Game (deer, venison), Poultry",Pinot Noir
Purple Hands Latchkey Vineyard Pinot Noir 2022,United States,69.99,4.2,images/Purple_Hands_Latchkey_Vineyard_Pinot_Noir_2022.png,images/bottle_Purple_Hands_Latchkey_Vineyard_Pinot_Noir_2.png,Dundee Hills,Purple Hands,"red fruit, earth, oak, non oak, black fruit, spices, floral, microbio, citrus fruit, vegetal, dried fruit, tropical fruit","Beef, Veal, Game (deer, venison), Poultry",Pinot Noir
Domaine des Lambrays Clos des Lambrays Grand Cru 2009,France,320,4.4,images/Domaine_des_Lambrays_Clos_des_Lambrays_Grand_Cru_2.png,images/bottle_Domaine_des_Lambrays_Clos_des_Lambrays_Gran.png,Clos de Lambrays Grand Cru,Domaine des Lambrays,"red fruit, earth, oak, non oak, black fruit, spices, microbio, floral, dried fruit, vegetal, citrus fruit, tree fruit, tropical fruit","Beef, Veal, Game (deer, venison), Poultry",Pinot Noir
Williams Selyem Bucher Vineyard Pinot Noir 2021,United States,159.99,4.4,images/Williams_Selyem_Bucher_Vineyard_Pinot_Noir_2021.png,images/bottle_Williams_Selyem_Bucher_Vineyard_Pinot_Noir_.png,Russian River Valley,Williams Selyem,"red fruit, oak, earth, non oak, spices, black fruit, microbio, citrus fruit, vegetal, tropical fruit, floral, dried fruit","Veal, Pork, Poultry, Mushrooms",Pinot Noir
Chacra Nacha Pinot Noir Rosé 2023,Argentina,29.99,4.1,images/Chacra_Nacha_Pinot_Noir_Ros_2023.png,images/bottle_Chacra_Nacha_Pinot_Noir_Ros_2023.png,Patagonia,Chacra,"red fruit, citrus fruit, earth, microbio, oak, floral, vegetal","Pork, Shellfish, Vegetarian, Poultry, Mild and soft cheese, Aperitif",
Domaine Michel Lafarge Beaune 1er Cru 'Les Aigrots' Rouge 2022,France,90,4.2,images/Domaine_Michel_Lafarge_Beaune_1er_Cru_Les_Aigrots_.png,images/bottle_Domaine_Michel_Lafarge_Beaune_1er_Cru_Les_A.png,Beaune 1er Cru 'Les Aigrots',Domaine Michel Lafarge,"red fruit, oak, earth, black fruit, spices, non oak, dried fruit, microbio, floral, vegetal","Beef, Veal, Game (deer, venison), Poultry",Pinot Noir
Rodney Strong Pinot Noir 2023,United States,26.99,3.8,images/Rodney_Strong_Pinot_Noir_2023.png,images/bottle_Rodney_Strong_Pinot_Noir_2023.png,Russian River Valley,Rodney Strong,"red fruit, oak, earth, non oak, spices, black fruit, microbio, dried fruit, floral","Veal, Pork, Poultry, Mushrooms",Pinot Noir
Sylvain Pataille Marsannay 2022,France,69.99,4.1,images/Sylvain_Pataille_Marsannay_2022.png,images/bottle_Sylvain_Pataille_Marsannay_2022.png,Marsannay,Sylvain Pataille,"red fruit, earth, oak, non oak, spices, black fruit, microbio, floral, vegetal, citrus fruit, dried fruit, tree fruit, tropical fruit","Beef, Veal, Game (deer, venison), Poultry",Pinot Noir
Domaine Serene Yamhill Cuvée Pinot Noir 2019,United States,49.99,4.3,images/Domaine_Serene_Yamhill_Cuve_Pinot_Noir_2019.png,images/bottle_Domaine_Serene_Yamhill_Cuve_Pinot_Noir_2019.png,Willamette Valley,Domaine Serene,"red fruit, oak, earth, non oak, spices, black fruit, microbio, floral, vegetal, dried fruit, citrus fruit, tree fruit, tropical fruit","Beef, Veal, Game (deer, venison), Poultry",Pinot Noir
La Crema Russian River Valley Pinot Noir 2014,United States,34.99,4.1,images/La_Crema_Russian_River_Valley_Pinot_Noir_2014.png,images/bottle_La_Crema_Russian_River_Valley_Pinot_Noir_20.png,Russian River Valley,La Crema,"red fruit, oak, black fruit, earth, non oak, spices, microbio, floral, vegetal, dried fruit, citrus fruit, tree fruit, tropical fruit","Veal, Pork, Poultry, Mushrooms",Pinot Noir
Domaine Rossignol-Trapet Gevrey-Chambertin 1er Cru Clos Prieur 2021,France,263,4.2,images/Domaine_Rossignol_Trapet_Gevrey_Chambertin_1er_Cru.png,images/bottle_Domaine_Rossignol_Trapet_Gevrey_Chambertin_.png,Gevrey-Chambertin 1er Cru 'Clos Prieur',Domaine Rossignol-Trapet,"red fruit, earth, oak, non oak, black fruit, spices, floral, microbio, vegetal, dried fruit, citrus fruit","Beef, Veal, Game (deer, venison), Poultry",Pinot Noir
RR Wines Ridgecrest Vineyards Pinot Noir 2021,United States,59.99,4.1,images/RR_Wines_Ridgecrest_Vineyards_Pinot_Noir_2021.png,images/bottle_RR_Wines_Ridgecrest_Vineyards_Pinot_Noir_20.png,Ribbon Ridge,RR Wines,"red fruit, oak, earth, spices, non oak, black fruit, microbio, dried fruit, citrus fruit, floral, tree fruit","Beef, Veal, Game (deer, venison), Poultry",Pinot Noir
Morlet Family Vineyards Pinot Noir Coteaux Nobles 2020,United States,119.99,4.4,images/Morlet_Family_Vineyards_Pinot_Noir_Coteaux_Nobles_.png,images/bottle_Morlet_Family_Vineyards_Pinot_Noir_Coteaux_.png,Sonoma Coast,Morlet Family Vineyards,"red fruit, oak, earth, non oak, black fruit, spices, floral, microbio, dried fruit, citrus fruit, vegetal, tree fruit, tropical fruit","Veal, Pork, Poultry, Mushrooms",Pinot Noir
Hirsch Vineyards San Andreas Fault Pinot Noir 2020,United States,46.99,4.4,images/Hirsch_Vineyards_San_Andreas_Fault_Pinot_Noir_2020.png,images/bottle_Hirsch_Vineyards_San_Andreas_Fault_Pinot_No.png,Sonoma Coast,Hirsch Vineyards,"red fruit, oak, earth, non oak, spices, black fruit, floral, microbio, vegetal, dried fruit, citrus fruit, tree fruit, tropical fruit","Veal, Pork, Poultry, Mushrooms",Pinot Noir
Merry Edwards Pinot Noir 2019,United States,61.99,4.4,images/Merry_Edwards_Pinot_Noir_2019.png,images/bottle_Merry_Edwards_Pinot_Noir_2019.png,Russian River Valley,Merry Edwards,"red fruit, oak, earth, non oak, spices, black fruit, microbio, floral, vegetal, dried fruit, citrus fruit, tree fruit","Veal, Pork, Poultry, Mushrooms",Pinot Noir
Domaine Denis Bachelet Vieilles Vignes Gevrey-Chambertin 1er Cru Les Corbeaux 1990,France,930,4.2,images/Domaine_Denis_Bachelet_Vieilles_Vignes_Gevrey_Cham.png,images/bottle_Domaine_Denis_Bachelet_Vieilles_Vignes_Gevr.png,Gevrey-Chambertin Premier Cru,Domaine Denis Bachelet,"earth, red fruit, oak, spices, black fruit, non oak, floral, microbio, vegetal, citrus fruit, dried fruit, tree fruit","Beef, Veal, Game (deer, venison), Poultry",Pinot Noir
Albert Bichot Chambolle-Musigny 1985,France,238,4.1,images/Albert_Bichot_Chambolle_Musigny_1985.png,images/bottle_Albert_Bichot_Chambolle_Musigny_1985.png,Chambolle-Musigny,Albert Bichot,"red fruit, earth, oak, non oak, floral, microbio, black fruit, spices, dried fruit, vegetal","Beef, Veal, Game (deer, venison), Poultry",Pinot Noir
The Prisoner Unshackled Pinot Noir 2021,United States,17.99,4,images/The_Prisoner_Unshackled_Pinot_Noir_2021.png,images/bottle_The_Prisoner_Unshackled_Pinot_Noir_2021.png,Napa Valley,The Prisoner,"red fruit, oak, non oak, spices, black fruit, microbio, earth, vegetal, dried fruit, citrus fruit","Beef, Veal, Game (deer, venison), Poultry",Pinot Noir
Brea Pinot Noir 2022,United States,34.99,3.9,images/Brea_Pinot_Noir_2022.png,images/bottle_Brea_Pinot_Noir_2022.png,Monterey,Brea,"red fruit, oak, spices, non oak, earth, black fruit, microbio, dried fruit, citrus fruit, floral, vegetal","Beef, Veal, Game (deer, venison), Poultry",Pinot Noir
Bachelet-Monnot Les Prarons Dessus Santenay 2022,France,57,4.2,images/Bachelet_Monnot_Les_Prarons_Dessus_Santenay_2022.png,images/bottle_Bachelet_Monnot_Les_Prarons_Dessus_Santenay.png,Santenay,Bachelet-Monnot,"red fruit, oak, earth, non oak, spices, black fruit, microbio, tree fruit, floral, vegetal","Beef, Veal, Game (deer, venison), Poultry",Pinot Noir
J Vineyards Russian River Valley Pinot Noir 2018,United States,34.99,4.2,images/J_Vineyards_Russian_River_Valley_Pinot_Noir_2018.png,images/bottle_J_Vineyards_Russian_River_Valley_Pinot_Noir.png,Russian River Valley,J Vineyards,"red fruit, oak, earth, non oak, spices, black fruit, microbio, tree fruit, vegetal, dried fruit, floral, citrus fruit, tropical fruit","Veal, Pork, Poultry, Mushrooms",Pinot Noir
Domaine Potinet-Ampeau Monthelie Rouge 1971,France,235,3.9,images/Domaine_Potinet_Ampeau_Monthelie_Rouge_1971.png,images/bottle_Domaine_Potinet_Ampeau_Monthelie_Rouge_1971.png,Monthélie,Domaine Potinet-Ampeau,"earth, red fruit, oak, spices, floral, microbio, non oak, black fruit, citrus fruit, vegetal, tropical fruit, tree fruit","Beef, Veal, Game (deer, venison), Poultry",Pinot Noir
Méo-Camuzet Corton Grand Cru 'Les Perrières' 2020,France,399.99,4.4,images/Mo_Camuzet_Corton_Grand_Cru_Les_Perrires_2020.png,images/bottle_Mo_Camuzet_Corton_Grand_Cru_Les_Perrires_20.png,Corton Grand Cru,Méo-Camuzet,"red fruit, earth, oak, black fruit, floral, non oak, microbio, dried fruit, spices, vegetal, citrus fruit","Beef, Veal, Game (deer, venison), Poultry",Pinot Noir
Gerard Quivy Gevrey-Chambertin Les Journeaux 2022,France,98,4.1,images/Gerard_Quivy_Gevrey_Chambertin_Les_Journeaux_2022.jpg,,Gevrey-Chambertin,Gerard Quivy,"red fruit, oak, spices, earth, black fruit, microbio, non oak, floral, dried fruit, vegetal","Beef, Veal, Game (deer, venison), Poultry",Pinot Noir
Chalk Hill Pinot Noir 2018,United States,19.99,3.5,images/Chalk_Hill_Pinot_Noir_2018.png,images/bottle_Chalk_Hill_Pinot_Noir_2018.png,Sonoma Coast,Chalk Hill,"red fruit, oak, earth, non oak, spices, black fruit, microbio, vegetal, floral, dried fruit, citrus fruit, tree fruit, tropical fruit","Veal, Pork, Poultry, Mushrooms",Pinot Noir
Underwood Pinot Noir 2021,United States,13.99,3.6,images/Underwood_Pinot_Noir_2021.png,images/bottle_Underwood_Pinot_Noir_2021.png,Oregon,Underwood,"red fruit, oak, earth, non oak, black fruit, spices, microbio, dried fruit, floral, vegetal, tree fruit, citrus fruit, tropical fruit","Beef, Veal, Game (deer, venison), Poultry",Pinot Noir
Domaine Georges Mugneret-Gibourg Chambolle-Musigny 1er Cru 'Les Feusselottes' 2021,France,599.97,4.4,images/Domaine_Georges_Mugneret_Gibourg_Chambolle_Musigny.png,images/bottle_Domaine_Georges_Mugneret_Gibourg_Chambolle_.png,Chambolle-Musigny 1er Cru 'Les Feusselottes',Domaine Georges Mugneret-Gibourg,"red fruit, oak, earth, non oak, black fruit, spices, microbio, floral, citrus fruit, vegetal, dried fruit","Beef, Veal, Game (deer, venison), Poultry",Pinot Noir
Domaine Faiveley Charmes-Chambertin Grand Cru 1988,France,270,4.3,images/Domaine_Faiveley_Charmes_Chambertin_Grand_Cru_1988.png,images/bottle_Domaine_Faiveley_Charmes_Chambertin_Grand_C.png,Charmes-Chambertin Grand Cru,Domaine Faiveley,"earth, red fruit, oak, black fruit, spices, non oak, floral, microbio, dried fruit, tree fruit, citrus fruit, vegetal","Beef, Veal, Game (deer, venison), Poultry",Pinot Noir
Michel Magnien Gevrey-Chambertin Premier Cru 'Cazetiers' 2021,France,130,4.2,images/Michel_Magnien_Gevrey_Chambertin_Premier_Cru_Cazet.png,images/bottle_Michel_Magnien_Gevrey_Chambertin_Premier_Cr.png,Gevrey-Chambertin 1er Cru 'Les Cazetiers',Michel Magnien,"red fruit, earth, oak, black fruit, non oak, spices, microbio, floral, vegetal, dried fruit","Beef, Veal, Game (deer, venison), Poultry",Pinot Noir
Louis Jadot Clos de la Roche Grand Cru 1996,France,436,4.2,images/Louis_Jadot_Clos_de_la_Roche_Grand_Cru_1996.png,images/bottle_Louis_Jadot_Clos_de_la_Roche_Grand_Cru_1996.png,Clos de la Roche Grand Cru,Louis Jadot,"red fruit, earth, oak, black fruit, spices, non oak, microbio, dried fruit, citrus fruit, floral, vegetal","Beef, Veal, Game (deer, venison), Poultry",Pinot Noir
Donum Carneros West Slope Pinot Noir 2022,United States,175,4.5,images/Donum_Carneros_West_Slope_Pinot_Noir_2022.png,images/bottle_Donum_Carneros_West_Slope_Pinot_Noir_2022.png,Los Carneros,Donum,"red fruit, oak, black fruit, earth, non oak, spices, floral, microbio, dried fruit, vegetal","Veal, Pork, Poultry, Mushrooms",Pinot Noir
Domaine Boris Champy Altitude Bourgogne Hautes-Côtes de Beaune 2021,France,62,4,images/Domaine_Boris_Champy_Altitude_Bourgogne_Hautes_Cte.png,images/bottle_Domaine_Boris_Champy_Altitude_Bourgogne_Hau.png,Bourgogne Hautes-Côtes de Beaune,Domaine Boris Champy,"red fruit, spices, earth, oak, floral, vegetal, black fruit, microbio, non oak, dried fruit","Beef, Veal, Game (deer, venison), Poultry",Pinot Noir
A.F. Gros Échezeaux Grand Cru 2021,France,665,4.4,images/AF_Gros_chezeaux_Grand_Cru_2021.png,images/bottle_AF_Gros_chezeaux_Grand_Cru_2021.png,Échezeaux Grand Cru,A.F. Gros,"red fruit, earth, spices, black fruit, oak, non oak, microbio, dried fruit, citrus fruit, floral, vegetal","Beef, Veal, Game (deer, venison), Poultry",Pinot Noir
Donum Anderson Valley Estate Pinot Noir 2020,United States,210,4.5,images/Donum_Anderson_Valley_Estate_Pinot_Noir_2020.png,images/bottle_Donum_Anderson_Valley_Estate_Pinot_Noir_202.png,Anderson Valley,Donum,"red fruit, oak, spices, non oak, black fruit, earth, floral, microbio, vegetal, dried fruit, tree fruit","Veal, Pork, Poultry, Mushrooms",Pinot Noir
Kosta Browne Sonoma Coast Pinot Noir 2019,United States,55.99,4.5,images/Kosta_Browne_Sonoma_Coast_Pinot_Noir_2019.png,images/bottle_Kosta_Browne_Sonoma_Coast_Pinot_Noir_2019.png,Sonoma Coast,Kosta Browne,"red fruit, oak, non oak, black fruit, spices, earth, floral, microbio, dried fruit, vegetal, citrus fruit, tree fruit, tropical fruit","Veal, Pork, Poultry, Mushrooms",Pinot Noir
Domaine Sylvain Cathiard Bourgogne 2022,France,129.99,4,images/Domaine_Sylvain_Cathiard_Bourgogne_2022.png,images/bottle_Domaine_Sylvain_Cathiard_Bourgogne_2022.png,Bourgogne,Domaine Sylvain Cathiard,"red fruit, oak, black fruit, earth, floral, non oak, spices, vegetal, citrus fruit","Beef, Veal, Game (deer, venison), Poultry",Pinot Noir
Camille Giroud Charmes-Chambertin Grand Cru 1978,France,660,4.4,images/Camille_Giroud_Charmes_Chambertin_Grand_Cru_1978.png,images/bottle_Camille_Giroud_Charmes_Chambertin_Grand_Cru.png,Charmes-Chambertin Grand Cru,Camille Giroud,"red fruit, oak, earth, non oak, spices, microbio, black fruit, floral","Beef, Veal, Game (deer, venison), Poultry",Pinot Noir
Veuve Clicquot Vintage Rosé Brut Champagne 2015,France,109.99,4.3,images/Veuve_Clicquot_Vintage_Ros_Brut_Champagne_2015.png,images/bottle_Veuve_Clicquot_Vintage_Ros_Brut_Champagne_2.png,Champagne,Veuve Clicquot,"red fruit, citrus fruit, non oak, earth, microbio, oak, tree fruit, spices, vegetal, floral, black fruit, dried fruit, tropical fruit","Pork, Rich fish (salmon, tuna etc), Shellfish, Mild and soft cheese","Chardonnay, Pinot Noir, Pinot Meunier"
Piper Sonoma Brut Rosé,United States,19.99,3.7,images/Piper_Sonoma_Brut_Ros.png,images/bottle_Piper_Sonoma_Brut_Ros.png,Sonoma County,Piper Sonoma,"red fruit, citrus fruit, microbio, tree fruit, earth, non oak, oak, spices, tropical fruit, dried fruit, black fruit","Shellfish, Appetizers and snacks, Lean fish, Aperitif","Chardonnay, Pinot Noir"
Hubert Lignier Charmes-Chambertin Grand Cru 2020,France,499.99,4.4,images/Hubert_Lignier_Charmes_Chambertin_Grand_Cru_2020.png,images/bottle_Hubert_Lignier_Charmes_Chambertin_Grand_Cru.png,Charmes-Chambertin Grand Cru,Hubert Lignier,"red fruit, earth, oak, non oak, black fruit, spices, floral, microbio, dried fruit, tropical fruit, citrus fruit, vegetal","Beef, Veal, Game (deer, venison), Poultry",Pinot Noir
Domaine Denis Mortet Clos de Vougeot Grand Cru 2013,France,495,4.5,images/Domaine_Denis_Mortet_Clos_de_Vougeot_Grand_Cru_201.png,images/bottle_Domaine_Denis_Mortet_Clos_de_Vougeot_Grand_.png,Clos Vougeot Grand Cru,Domaine Denis Mortet,"earth, oak, red fruit, black fruit, microbio, non oak, dried fruit, spices, floral, vegetal","Beef, Veal, Game (deer, venison), Poultry",Pinot Noir
Domaine Cecile Tremblay Morey-Saint-Denis Tres Girard 2020,France,500,4.4,images/Domaine_Cecile_Tremblay_Morey_Saint_Denis_Tres_Gir.png,images/bottle_Domaine_Cecile_Tremblay_Morey_Saint_Denis_T.png,Morey-Saint-Denis,Domaine Cecile Tremblay,"oak, red fruit, earth, black fruit, non oak, microbio, spices, dried fruit, floral, vegetal","Beef, Veal, Game (deer, venison), Poultry",Pinot Noir
Georges Noëllat Nuits-Saint-Georges 1er Cru 'Les Boudots' 2022,France,290,4.2,images/Georges_Nollat_Nuits_Saint_Georges_1er_Cru_Les_Bou.png,images/bottle_Georges_Nollat_Nuits_Saint_Georges_1er_Cru_.png,Nuits-Saint-Georges 1er Cru 'Aux Boudots',Georges Noëllat,"oak, earth, red fruit, black fruit, spices, non oak, microbio, dried fruit, floral, tree fruit, citrus fruit, vegetal","Beef, Veal, Game (deer, venison), Poultry",Pinot Noir
Sea Smoke Southing Pinot Noir 2009,United States,126,4.4,images/Sea_Smoke_Southing_Pinot_Noir_2009.png,images/bottle_Sea_Smoke_Southing_Pinot_Noir_2009.png,Sta. Rita Hills,Sea Smoke,"red fruit, oak, earth, non oak, black fruit, spices, floral, microbio, dried fruit, vegetal, citrus fruit, tree fruit, tropical fruit","Veal, Pork, Poultry, Mushrooms",Pinot Noir
Domaine Pillot et Laurent Romain - Jean Michel et Laurent Pillot Bourgogne Rouge 2023,France,34.99,3.8,images/Domaine_Pillot_et_Laurent_Romain_Jean_Michel_et_La.png,images/bottle_Domaine_Pillot_et_Laurent_Romain_Jean_Miche.png,Bourgogne,Domaine Pillot et Laurent Romain - Jean Michel et Laurent Pillot,"red fruit, earth, spices, oak, microbio, citrus fruit, tree fruit, non oak, black fruit, floral, vegetal","Beef, Veal, Game (deer, venison), Poultry",Pinot Noir
Liquid Farm Pinot Noir SBC 2023,United States,57.99,4.3,images/Liquid_Farm_Pinot_Noir_SBC_2023.png,images/bottle_Liquid_Farm_Pinot_Noir_SBC_2023.png,Santa Barbara County,Liquid Farm,"red fruit, oak, spices, non oak, earth, black fruit, floral, vegetal, citrus fruit, microbio, dried fruit","Beef, Veal, Game (deer, venison), Poultry",Pinot Noir
Bitouzet-Prieur Bourgogne Pinot Noir 2022,France,32,4,images/Bitouzet_Prieur_Bourgogne_Pinot_Noir_2022.png,images/bottle_Bitouzet_Prieur_Bourgogne_Pinot_Noir_2022.png,Bourgogne,Bitouzet-Prieur,"red fruit, earth, oak, non oak, spices, black fruit, microbio, tree fruit, dried fruit, floral, citrus fruit, vegetal","Beef, Veal, Game (deer, venison), Poultry",Pinot Noir
Au Bon Climat Pinot Noir Isabelle 2018,United States,149.99,4.4,images/Au_Bon_Climat_Pinot_Noir_Isabelle_2018.png,images/bottle_Au_Bon_Climat_Pinot_Noir_Isabelle_2018.png,California,Au Bon Climat,"red fruit, oak, earth, non oak, spices, microbio, black fruit, floral, vegetal, citrus fruit, dried fruit, tree fruit","Beef, Veal, Game (deer, venison), Poultry",Pinot Noir
Melville Pinot Noir Block M 2019,United States,60,4.2,images/Melville_Pinot_Noir_Block_M_2019.png,images/bottle_Melville_Pinot_Noir_Block_M_2019.png,Sta. Rita Hills,Melville,"red fruit, earth, spices, oak, black fruit, non oak, floral, vegetal, microbio, dried fruit, citrus fruit, tree fruit","Veal, Pork, Poultry, Mushrooms",Pinot Noir
Domaine Coche-Dury Monthélie 2000,France,419,4.3,images/Domaine_Coche_Dury_Monthlie_2000.png,images/bottle_Domaine_Coche_Dury_Monthlie_2000.png,Monthélie,Domaine Coche-Dury,"red fruit, earth, oak, black fruit, floral, spices, non oak, dried fruit, tree fruit, citrus fruit","Beef, Veal, Game (deer, venison), Poultry",Pinot Noir
Curran Grenache Gris Rosé 2024,United States,21,4.2,images/Curran_Grenache_Gris_Ros_2024.png,images/bottle_Curran_Grenache_Gris_Ros_2024.png,Santa Barbara County,Curran,"red fruit, tree fruit, citrus fruit, earth, floral, microbio, tropical fruit, spices, non oak, oak","Shellfish, Spicy food, Appetizers and snacks, Fruity desserts, Aperitif","Shiraz/Syrah, Cabernet Sauvignon, Pinot Noir, Sangiovese, Zinfandel, Barbera"
Domaine Duroché Gevrey-Chambertin 'Champ' 2022,France,127,4.1,images/Domaine_Duroch_Gevrey_Chambertin_Champ_2022.png,images/bottle_Domaine_Duroch_Gevrey_Chambertin_Champ_2022.png,Gevrey-Chambertin,Domaine Duroché,"red fruit, earth, oak, spices, black fruit, microbio, non oak, floral, dried fruit, vegetal, tree fruit, citrus fruit","Beef, Veal, Game (deer, venison), Poultry",Pinot Noir
Bruno Colin Maranges Premier Cru 'La Fussière' 2022,France,84.99,4.1,images/Bruno_Colin_Maranges_Premier_Cru_La_Fussire_2022.png,images/bottle_Bruno_Colin_Maranges_Premier_Cru_La_Fussire.png,Maranges 1er Cru 'La Fussière',Bruno Colin,"red fruit, earth, oak, black fruit, spices, microbio, non oak, floral, citrus fruit, vegetal","Beef, Veal, Game (deer, venison), Poultry",Pinot Noir
Zena Crown Conifer Pinot Noir 2021,United States,99.99,4.4,images/Zena_Crown_Conifer_Pinot_Noir_2021.png,images/bottle_Zena_Crown_Conifer_Pinot_Noir_2021.png,Eola-Amity Hills,Zena Crown,"red fruit, oak, black fruit, earth, non oak, spices, microbio, dried fruit, tree fruit","Beef, Veal, Game (deer, venison), Poultry",Pinot Noir
Patrice Rion Chambolle-Musigny 1er Cru 'Les Charmes' 2002,France,169,4.2,images/Patrice_Rion_Chambolle_Musigny_1er_Cru_Les_Charmes.png,images/bottle_Patrice_Rion_Chambolle_Musigny_1er_Cru_Les_.png,Chambolle-Musigny 1er Cru 'Les Charmes',Patrice Rion,"red fruit, earth, oak, non oak, black fruit, microbio, floral, dried fruit, spices, citrus fruit, vegetal","Beef, Veal, Game (deer, venison), Poultry",Pinot Noir
Schäfer-Fröhlich Blanc de Noir Trocken 2024,Germany,34.99,4.1,images/Schfer_Frhlich_Blanc_de_Noir_Trocken_2024.png,images/bottle_Schfer_Frhlich_Blanc_de_Noir_Trocken_2024.png,Nahe,Schäfer-Fröhlich,"tree fruit, earth, citrus fruit, red fruit, microbio, tropical fruit, vegetal, oak, dried fruit, spices","Shellfish, Vegetarian, Lean fish, Mushrooms",Pinot Noir
Badger Mountain Pinot Noir (N.S.A Organic) 2023,United States,18.99,3.3,images/Badger_Mountain_Pinot_Noir_NSA_Organic_2023.png,images/bottle_Badger_Mountain_Pinot_Noir_NSA_Organic_2023.png,Oregon,Badger Mountain,"oak, black fruit, non oak, earth, red fruit, spices, microbio, vegetal, dried fruit, tree fruit, citrus fruit, floral","Beef, Veal, Game (deer, venison), Poultry",Pinot Noir
Domaine Rossignol-Trapet Vieilles Vignes Gevrey-Chambertin 2015,France,122,4,images/Domaine_Rossignol_Trapet_Vieilles_Vignes_Gevrey_Ch.png,images/bottle_Domaine_Rossignol_Trapet_Vieilles_Vignes_Ge.png,Gevrey-Chambertin,Domaine Rossignol-Trapet,"red fruit, earth, oak, non oak, spices, black fruit, microbio, floral, vegetal, dried fruit, citrus fruit, tree fruit","Beef, Veal, Game (deer, venison), Poultry",Pinot Noir
Louis Latour Château Corton Grancey Grand Cru 2005,France,194,4.3,images/Louis_Latour_Chteau_Corton_Grancey_Grand_Cru_2005.png,images/bottle_Louis_Latour_Chteau_Corton_Grancey_Grand_Cr.png,Corton Grand Cru,Louis Latour,"red fruit, earth, oak, non oak, spices, black fruit, microbio, floral, dried fruit, vegetal, citrus fruit, tree fruit, tropical fruit","Beef, Veal, Game (deer, venison), Poultry",Pinot Noir
Lingua Franca Mimi's Mind Pinot Noir 2021,United States,99,4.3,images/Lingua_Franca_Mimis_Mind_Pinot_Noir_2021.png,images/bottle_Lingua_Franca_Mimis_Mind_Pinot_Noir_2021.png,Eola-Amity Hills,Lingua Franca,"red fruit, earth, oak, black fruit, microbio, non oak, spices, floral, citrus fruit, vegetal, tropical fruit, tree fruit","Beef, Veal, Game (deer, venison), Poultry",Pinot Noir
Elqui Pinot Noir 2017,Chile,27.99,3.9,images/Elqui_Pinot_Noir_2017.png,images/bottle_Elqui_Pinot_Noir_2017.png,Elqui Valley,Elqui,"earth, red fruit, black fruit, oak, non oak, spices, microbio","Beef, Veal, Game (deer, venison), Poultry",Pinot Noir
Michel Magnien Charmes-Chambertin Grand Cru 2005,France,150,4.4,images/Michel_Magnien_Charmes_Chambertin_Grand_Cru_2005.png,images/bottle_Michel_Magnien_Charmes_Chambertin_Grand_Cru.png,Charmes-Chambertin Grand Cru,Michel Magnien,"red fruit, earth, oak, spices, microbio, non oak, floral, black fruit, dried fruit, vegetal","Beef, Veal, Game (deer, venison), Poultry",Pinot Noir
François Bertheau Chambolle-Musigny Premier Cru 'Les Amoureuses' 2006,France,739,4.4,images/Franois_Bertheau_Chambolle_Musigny_Premier_Cru_Les.png,images/bottle_Franois_Bertheau_Chambolle_Musigny_Premier_.png,Chambolle-Musigny 1er Cru 'Les Amoureuses',François Bertheau,"red fruit, earth, oak, microbio, non oak, black fruit, citrus fruit, floral, tree fruit, spices, vegetal","Beef, Veal, Game (deer, venison), Poultry",Pinot Noir
Domaine Perrot-Minot Les Murgers des Cras Nuits-Saint-Georges 2009,France,475,4.3,images/Domaine_Perrot_Minot_Les_Murgers_des_Cras_Nuits_Sa.png,images/bottle_Domaine_Perrot_Minot_Les_Murgers_des_Cras_N.png,Nuits-Saint-Georges,Domaine Perrot-Minot,"red fruit, earth, oak, spices, black fruit, dried fruit, floral, non oak, citrus fruit, vegetal, microbio","Beef, Veal, Game (deer, venison), Poultry",Pinot Noir
Dragonette Radian Vineyard Pinot Noir 2022,United States,84.99,4.4,images/Dragonette_Radian_Vineyard_Pinot_Noir_2022.jpg,,Sta. Rita Hills,Dragonette,"earth, red fruit, oak, non oak, black fruit, spices, microbio, dried fruit, citrus fruit, floral, vegetal","Veal, Pork, Poultry, Mushrooms",Pinot Noir
Domaine des Comtes Lafon Volnay 2020,France,136,4.2,images/Domaine_des_Comtes_Lafon_Volnay_2020.png,images/bottle_Domaine_des_Comtes_Lafon_Volnay_2020.png,Volnay,Domaine des Comtes Lafon,"red fruit, earth, black fruit, oak, non oak, spices, microbio, floral, vegetal, dried fruit","Beef, Veal, Game (deer, venison), Poultry",Pinot Noir
Bouchard Père & Fils Volnay Premier Cru Taillepieds 2021,France,138,4.1,images/Bouchard_Pre_Fils_Volnay_Premier_Cru_Taillepieds_2.png,images/bottle_Bouchard_Pre_Fils_Volnay_Premier_Cru_Taille.png,Volnay Premier Cru,Bouchard Père & Fils,"red fruit, earth, spices, oak, black fruit, microbio, non oak, floral, vegetal","Beef, Veal, Game (deer, venison), Poultry",Pinot Noir
Domaine Coche-Dury Volnay Premier Cru 2020,France,1000,4.4,images/Domaine_Coche_Dury_Volnay_Premier_Cru_2020.png,images/bottle_Domaine_Coche_Dury_Volnay_Premier_Cru_2020.png,Volnay Premier Cru,Domaine Coche-Dury,"red fruit, oak, black fruit, spices, floral, earth, microbio, non oak, citrus fruit","Beef, Veal, Game (deer, venison), Poultry",Pinot Noir
19 Crimes The Punishment Pinot Noir 2021,Australia,10.99,3.8,images/19_Crimes_The_Punishment_Pinot_Noir_2021.png,images/bottle_19_Crimes_The_Punishment_Pinot_Noir_2021.png,South Eastern Australia,19 Crimes,"oak, red fruit, non oak, spices, black fruit, earth, microbio, dried fruit, citrus fruit, floral, vegetal, tree fruit, tropical fruit","Beef, Veal, Game (deer, venison), Poultry",Pinot Noir
Le Machin Pinot Noir 2023,United States,29,4.1,images/Le_Machin_Pinot_Noir_2023.png,images/bottle_Le_Machin_Pinot_Noir_2023.png,Sta. Rita Hills,Le Machin,"red fruit, spices, black fruit, earth, oak, non oak, tree fruit, microbio, floral, dried fruit, vegetal","Veal, Pork, Poultry, Mushrooms",Pinot Noir
Coeur de Terre Vineyard Héritage Reserve Estate Pinot Noir 2023,United States,42,4.1,images/Coeur_de_Terre_Vineyard_Hritage_Reserve_Estate_Pin.jpg,,McMinnville,Coeur de Terre Vineyard,"red fruit, earth, oak, black fruit, non oak, spices, vegetal, microbio, citrus fruit, floral, dried fruit, tree fruit","Beef, Veal, Game (deer, venison), Poultry",Pinot Noir
Wines from Hahn Estate Pinot Noir 2022,United States,13.99,3.7,images/Wines_from_Hahn_Estate_Pinot_Noir_2022.png,images/bottle_Wines_from_Hahn_Estate_Pinot_Noir_2022.png,Monterey County,Wines from Hahn Estate,"red fruit, oak, black fruit, non oak, earth, spices, microbio, dried fruit, vegetal, floral, citrus fruit, tree fruit, tropical fruit","Beef, Veal, Game (deer, venison), Poultry",Pinot Noir
Lulumi Pinot Noir 2023,France,14.99,3.8,images/Lulumi_Pinot_Noir_2023.png,images/bottle_Lulumi_Pinot_Noir_2023.png,Pays d'Oc,Lulumi,"red fruit, earth, black fruit, oak, non oak, dried fruit, spices, microbio, citrus fruit, tropical fruit, tree fruit","Beef, Pasta, Veal","Shiraz/Syrah, Grenache, Mourvedre"
Heart & Hands Pinot Noir 2022,United States,35,3.9,images/Heart_Hands_Pinot_Noir_2022.png,images/bottle_Heart_Hands_Pinot_Noir_2022.png,Finger Lakes,Heart & Hands,"red fruit, oak, earth, non oak, black fruit, spices, microbio, dried fruit, citrus fruit, floral, vegetal","Veal, Pork, Game (deer, venison), Poultry, Mushrooms",Pinot Noir
Roux Père & Fils Chambolle-Musigny Premier Cru Les Charmes 1998,France,179,3.9,images/Roux_Pre_Fils_Chambolle_Musigny_Premier_Cru_Les_Ch.png,images/bottle_Roux_Pre_Fils_Chambolle_Musigny_Premier_Cru.png,Chambolle-Musigny Premier Cru,Roux Père & Fils,"oak, red fruit, earth, black fruit, microbio, non oak, spices, floral, tree fruit, vegetal","Beef, Veal, Game (deer, venison), Poultry",Pinot Noir
Hartford Court Far Coast Vineyard Pinot Noir 2023,United States,85,4.4,images/Hartford_Court_Far_Coast_Vineyard_Pinot_Noir_2023.png,images/bottle_Hartford_Court_Far_Coast_Vineyard_Pinot_Noi.png,Sonoma Coast,Hartford Court,"red fruit, black fruit, oak, earth, spices, non oak, floral, citrus fruit, tree fruit, vegetal","Veal, Pork, Poultry, Mushrooms",Pinot Noir
Hartford Court Fog Dance Vineyards Pinot Noir 2023,United States,78,4.3,images/Hartford_Court_Fog_Dance_Vineyards_Pinot_Noir_2023.png,images/bottle_Hartford_Court_Fog_Dance_Vineyards_Pinot_No.png,Green Valley of Russian River Valley,Hartford Court,"red fruit, oak, earth, non oak, black fruit, spices, citrus fruit, microbio, vegetal, dried fruit, floral","Veal, Pork, Poultry, Mushrooms",Pinot Noir
Domaine Duroché Charmes-Chambertin Grand Cru 2022,France,627,4.2,images/Domaine_Duroch_Charmes_Chambertin_Grand_Cru_2022.png,images/bottle_Domaine_Duroch_Charmes_Chambertin_Grand_Cru.png,Charmes-Chambertin Grand Cru,Domaine Duroché,"red fruit, oak, earth, non oak, black fruit, spices, floral, citrus fruit","Beef, Veal, Game (deer, venison), Poultry",Pinot Noir
Michel Magnien Chambolle-Musigny Premier Cru 'Sentiers' 2020,France,112,4.2,images/Michel_Magnien_Chambolle_Musigny_Premier_Cru_Senti.png,images/bottle_Michel_Magnien_Chambolle_Musigny_Premier_Cr.png,Chambolle-Musigny 1er Cru 'Les Sentiers',Michel Magnien,"earth, oak, red fruit, black fruit, non oak, spices, microbio, dried fruit, citrus fruit, floral, vegetal","Beef, Veal, Game (deer, venison), Poultry",Pinot Noir
Belle Glos Oeil de Perdrix Pinot Noir Blanc Rosé 2019,United States,23.99,4.1,images/Belle_Glos_Oeil_de_Perdrix_Pinot_Noir_Blanc_Ros_20.png,images/bottle_Belle_Glos_Oeil_de_Perdrix_Pinot_Noir_Blanc.png,Yorkville Highlands,Belle Glos,"red fruit, citrus fruit, tree fruit, earth, oak, microbio, spices, non oak, floral, vegetal, tropical fruit, dried fruit, black fruit","Shellfish, Spicy food, Appetizers and snacks, Fruity desserts, Aperitif","Shiraz/Syrah, Cabernet Sauvignon, Pinot Noir, Sangiovese, Zinfandel, Barbera"
Jacques-Frederic Mugnier Nuits-Saint-Georges Premier Cru 'Clos de la Maréchale' 2008,France,339,4.2,images/Jacques_Frederic_Mugnier_Nuits_Saint_Georges_Premi.png,images/bottle_Jacques_Frederic_Mugnier_Nuits_Saint_George.png,Nuits-Saint-Georges Premier Cru,Jacques-Frederic Mugnier,"earth, red fruit, oak, black fruit, non oak, spices, microbio, floral, vegetal, dried fruit, citrus fruit, tree fruit, tropical fruit","Beef, Veal, Game (deer, venison), Poultry",Pinot Noir
Domaine Forey Père & Fils Les Perrières Nuits-Saint-Georges 1er Cru 1983,France,283,4.1,images/Domaine_Forey_Pre_Fils_Les_Perrires_Nuits_Saint_Ge.png,images/bottle_Domaine_Forey_Pre_Fils_Les_Perrires_Nuits_S.png,Nuits-Saint-Georges 1er Cru 'Les Perrières',Domaine Forey Père & Fils,"red fruit, earth, oak, spices, non oak, black fruit, microbio, dried fruit, tropical fruit, citrus fruit, vegetal","Beef, Veal, Game (deer, venison), Poultry",Pinot Noir
Morlet Family Vineyards Pinot Noir Joli Coeur 2019,United States,149.99,4.5,images/Morlet_Family_Vineyards_Pinot_Noir_Joli_Coeur_2019.png,images/bottle_Morlet_Family_Vineyards_Pinot_Noir_Joli_Coe.png,Sonoma Coast,Morlet Family Vineyards,"red fruit, oak, black fruit, earth, non oak, spices, microbio, vegetal, dried fruit, tropical fruit, floral","Veal, Pork, Poultry, Mushrooms",Pinot Noir
Domaine Jacques Prieur Chambertin Grand Cru 1978,France,460,4.4,images/Domaine_Jacques_Prieur_Chambertin_Grand_Cru_1978.png,images/bottle_Domaine_Jacques_Prieur_Chambertin_Grand_Cru.png,Chambertin Grand Cru,Domaine Jacques Prieur,"earth, black fruit, red fruit, oak, non oak, spices, floral, microbio, vegetal","Beef, Veal, Game (deer, venison), Poultry",Pinot Noir
Strangeways Pinot Noir 2020,United States,18.99,3.8,images/Strangeways_Pinot_Noir_2020.png,images/bottle_Strangeways_Pinot_Noir_2020.png,California,Strangeways,"red fruit, oak, earth, non oak, black fruit, spices, dried fruit, vegetal, microbio","Beef, Veal, Game (deer, venison), Poultry",Pinot Noir
Belle Glos Eulenloch Pinot Noir 2018,United States,65,4.4,images/Belle_Glos_Eulenloch_Pinot_Noir_2018.png,images/bottle_Belle_Glos_Eulenloch_Pinot_Noir_2018.png,Napa Valley,Belle Glos,"oak, red fruit, black fruit, non oak, spices, earth, microbio, dried fruit, floral, vegetal, citrus fruit, tree fruit, tropical fruit","Beef, Veal, Game (deer, venison), Poultry",Pinot Noir
Domaine Daniel Rion & Fils Vosne-Romanée Premier Cru 'Les Chaumes' 2001,France,189,4.2,images/Domaine_Daniel_Rion_Fils_Vosne_Romane_Premier_Cru_.png,images/bottle_Domaine_Daniel_Rion_Fils_Vosne_Romane_Premi.png,Vosne-Romanée 1er Cru 'Les Chaumes',Domaine Daniel Rion & Fils,"earth, oak, red fruit, non oak, black fruit, dried fruit, spices, floral, vegetal, microbio","Beef, Veal, Game (deer, venison), Poultry",Pinot Noir
Georges Lignier et Fils Clos de la Roche Grand Cru 1990,France,357,4.3,images/Georges_Lignier_et_Fils_Clos_de_la_Roche_Grand_Cru.png,images/bottle_Georges_Lignier_et_Fils_Clos_de_la_Roche_Gr.png,Clos de la Roche Grand Cru,Georges Lignier et Fils,"red fruit, earth, oak, non oak, spices, microbio, floral, black fruit, dried fruit, vegetal, tree fruit, citrus fruit","Beef, Veal, Game (deer, venison), Poultry",Pinot Noir
Louis Jadot Pommard Rugiens 1971,France,685,4,images/Louis_Jadot_Pommard_Rugiens_1971.png,images/bottle_Louis_Jadot_Pommard_Rugiens_1971.png,Pommard Premier Cru,Louis Jadot,"red fruit, earth, oak, black fruit, spices, non oak, floral, microbio, dried fruit, citrus fruit, vegetal","Beef, Veal, Game (deer, venison), Poultry",Pinot Noir
Dobbes Family Estate Patricia's Cuvée Pinot Noir 2021,United States,55,4.1,images/Dobbes_Family_Estate_Patricias_Cuve_Pinot_Noir_202.png,images/bottle_Dobbes_Family_Estate_Patricias_Cuve_Pinot_N.png,Willamette Valley,Dobbes Family Estate,"red fruit, oak, earth, non oak, spices, black fruit, dried fruit, microbio, tree fruit","Beef, Veal, Game (deer, venison), Poultry",Pinot Noir
Christian Bourmault Cuvée Hermance Brut Champagne,France,32,3.8,images/Christian_Bourmault_Cuve_Hermance_Brut_Champagne.png,images/bottle_Christian_Bourmault_Cuve_Hermance_Brut_Cham.png,Champagne,Christian Bourmault,"citrus fruit, microbio, non oak, tree fruit, earth, oak, red fruit, spices","Pork, Rich fish (salmon, tuna etc), Shellfish, Mild and soft cheese","Chardonnay, Pinot Noir, Pinot Meunier"
Au Bon Climat Pinot Noir Knox Alexander 2018,United States,149.99,4.2,images/Au_Bon_Climat_Pinot_Noir_Knox_Alexander_2018.png,images/bottle_Au_Bon_Climat_Pinot_Noir_Knox_Alexander_201.png,Santa Maria Valley,Au Bon Climat,"red fruit, earth, oak, non oak, spices, black fruit, microbio, floral, vegetal, dried fruit, citrus fruit, tree fruit, tropical fruit","Veal, Pork, Poultry, Mushrooms",Pinot Noir
Louis Jadot Gevrey-Chambertin 1er Cru 'Les Cazetiers' 2010,France,182,4.1,images/Louis_Jadot_Gevrey_Chambertin_1er_Cru_Les_Cazetier.png,images/bottle_Louis_Jadot_Gevrey_Chambertin_1er_Cru_Les_C.png,Gevrey-Chambertin 1er Cru 'Les Cazetiers',Louis Jadot,"red fruit, earth, oak, spices, non oak, microbio, black fruit, dried fruit, citrus fruit, floral, vegetal","Beef, Veal, Game (deer, venison), Poultry",Pinot Noir
Albert Ponnelle Les Tilleuls Bourgogne Pinot Noir 2021,France,42.99,3.7,images/Albert_Ponnelle_Les_Tilleuls_Bourgogne_Pinot_Noir_.png,images/bottle_Albert_Ponnelle_Les_Tilleuls_Bourgogne_Pino.png,Bourgogne,Albert Ponnelle,"red fruit, earth, non oak, black fruit, microbio, vegetal, oak","Beef, Veal, Game (deer, venison), Poultry",Pinot Noir
Claude Dugat Gevrey-Chambertin 1er Cru 2000,France,369,4.2,images/Claude_Dugat_Gevrey_Chambertin_1er_Cru_2000.png,images/bottle_Claude_Dugat_Gevrey_Chambertin_1er_Cru_2000.png,Gevrey-Chambertin Premier Cru,Claude Dugat,"red fruit, earth, oak, black fruit, non oak, microbio, spices, floral, vegetal, dried fruit","Beef, Veal, Game (deer, venison), Poultry",Pinot Noir
Gérard Mugneret Échézeaux Grand Cru 2017,France,290,4.4,images/Grard_Mugneret_chzeaux_Grand_Cru_2017.png,images/bottle_Grard_Mugneret_chzeaux_Grand_Cru_2017.png,Échezeaux Grand Cru,Gérard Mugneret,"red fruit, black fruit, earth, oak, floral, non oak, spices, vegetal, microbio","Beef, Veal, Game (deer, venison), Poultry",Pinot Noir
Alfaro Family A Pinot Noir 2023,United States,27,3.8,images/Alfaro_Family_A_Pinot_Noir_2023.png,images/bottle_Alfaro_Family_A_Pinot_Noir_2023.png,Santa Cruz Mountains,Alfaro Family,"red fruit, oak, spices, non oak, earth, black fruit, microbio","Beef, Veal, Game (deer, venison), Poultry",Pinot Noir
Storrs Pinot Noir 2022,United States,39,4.1,images/Storrs_Pinot_Noir_2022.png,images/bottle_Storrs_Pinot_Noir_2022.png,Santa Cruz Mountains,Storrs,"red fruit, oak, spices, non oak, earth, black fruit, microbio, dried fruit, citrus fruit","Beef, Veal, Game (deer, venison), Poultry",Pinot Noir
Moulin de Gassac Pinot Noir 2022,France,13.99,3.8,images/Moulin_de_Gassac_Pinot_Noir_2022.png,images/bottle_Moulin_de_Gassac_Pinot_Noir_2022.png,Pays d'Oc,Moulin de Gassac,"red fruit, earth, oak, non oak, spices, black fruit, microbio, floral, citrus fruit, vegetal, tree fruit, tropical fruit, dried fruit","Beef, Pasta, Veal","Shiraz/Syrah, Grenache, Mourvedre"
Domaine Faiveley Gevrey-Chambertin 1er Cru 'Lavaux Saint-Jacques' 2022,France,156,4.3,images/Domaine_Faiveley_Gevrey_Chambertin_1er_Cru_Lavaux_.png,images/bottle_Domaine_Faiveley_Gevrey_Chambertin_1er_Cru_.png,Gevrey-Chambertin 1er Cru 'Lavaux Saint-Jacques',Domaine Faiveley,"red fruit, earth, oak, non oak, spices, black fruit, microbio, vegetal, dried fruit, floral","Beef, Veal, Game (deer, venison), Poultry",Pinot Noir
Domaine Drouhin-Laroze Gevrey-Chambertin 1er Cru 'Lavaut St Jacques' 2013,France,165,4.1,images/Domaine_Drouhin_Laroze_Gevrey_Chambertin_1er_Cru_L.png,images/bottle_Domaine_Drouhin_Laroze_Gevrey_Chambertin_1e.png,Gevrey-Chambertin 1er Cru 'Lavaux Saint-Jacques',Domaine Drouhin-Laroze,"earth, red fruit, oak, spices, floral, non oak, black fruit, vegetal, microbio, dried fruit, citrus fruit","Beef, Veal, Game (deer, venison), Poultry",Pinot Noir
Domaine Marquis d'Angerville Volnay Clos des Angles 1er Cru 2019,France,198,4.3,images/Domaine_Marquis_dAngerville_Volnay_Clos_des_Angles.png,images/bottle_Domaine_Marquis_dAngerville_Volnay_Clos_des.png,Volnay 1er Cru 'Les Angles',Domaine Marquis d'Angerville,"red fruit, earth, spices, oak, non oak, black fruit, floral, microbio, dried fruit, citrus fruit","Beef, Veal, Game (deer, venison), Poultry",Pinot Noir
Fleur Pinot Noir Rosé 2023,United States,19.99,4,images/Fleur_Pinot_Noir_Ros_2023.png,images/bottle_Fleur_Pinot_Noir_Ros_2023.png,North Coast,Fleur,"red fruit, earth, vegetal, oak, tropical fruit, citrus fruit, microbio, dried fruit, tree fruit, spices","Shellfish, Spicy food, Appetizers and snacks, Fruity desserts, Aperitif","Shiraz/Syrah, Cabernet Sauvignon, Pinot Noir, Sangiovese, Zinfandel, Barbera"
Domaine Anne et Herve Sigaut Chambolle-Musigny 1er Cru 'Les Fuées' 2021,France,185,4.1,images/Domaine_Anne_et_Herve_Sigaut_Chambolle_Musigny_1er.png,images/bottle_Domaine_Anne_et_Herve_Sigaut_Chambolle_Musi.png,Chambolle-Musigny 1er Cru 'Les Fuées',Domaine Anne et Herve Sigaut,"red fruit, earth, oak, non oak, spices, black fruit, floral, microbio, vegetal, dried fruit, tropical fruit","Beef, Veal, Game (deer, venison), Poultry",Pinot Noir
Domaine Stephane Magnien Chambolle-Musigny 1er Cru 'Les Sentiers' 2010,France,175,4.1,images/Domaine_Stephane_Magnien_Chambolle_Musigny_1er_Cru.png,images/bottle_Domaine_Stephane_Magnien_Chambolle_Musigny_.png,Chambolle-Musigny 1er Cru 'Les Sentiers',Domaine Stephane Magnien,"red fruit, earth, oak, black fruit, microbio, citrus fruit, spices, floral, tree fruit, vegetal, non oak","Beef, Veal, Game (deer, venison), Poultry",Pinot Noir
Antoine Lienhardt Côte de Nuits-Villages Les Essards 2023,France,70,4.1,images/Antoine_Lienhardt_Cte_de_Nuits_Villages_Les_Essard.png,images/bottle_Antoine_Lienhardt_Cte_de_Nuits_Villages_Les.png,Côte de Nuits Villages,Antoine Lienhardt,"earth, red fruit, oak, microbio, citrus fruit, spices, black fruit, non oak, tree fruit, floral","Beef, Veal, Game (deer, venison), Poultry",Pinot Noir
Domaine Bart Chambertin Clos de Bezé Grand Cru 2019,France,399.99,4.3,images/Domaine_Bart_Chambertin_Clos_de_Bez_Grand_Cru_2019.png,images/bottle_Domaine_Bart_Chambertin_Clos_de_Bez_Grand_C.png,Chambertin-Clos de Bèze Grand Cru,Domaine Bart,"red fruit, earth, oak, non oak, spices, black fruit, microbio, floral, citrus fruit","Beef, Veal, Game (deer, venison), Poultry",Pinot Noir
Rivers-Marie Occidental Ridge Vineyard Pinot Noir 2006,United States,93,4.3,images/Rivers_Marie_Occidental_Ridge_Vineyard_Pinot_Noir_.png,images/bottle_Rivers_Marie_Occidental_Ridge_Vineyard_Pino.png,Sonoma Coast,Rivers-Marie,"red fruit, black fruit, earth, oak, spices, non oak, vegetal, floral, tree fruit, microbio, citrus fruit, tropical fruit, dried fruit","Veal, Pork, Poultry, Mushrooms",Pinot Noir
Martinelli Zio Tony Ranch Grace Nicole Pinot Noir 2022,United States,89.99,4.3,images/Martinelli_Zio_Tony_Ranch_Grace_Nicole_Pinot_Noir_.png,images/bottle_Martinelli_Zio_Tony_Ranch_Grace_Nicole_Pino.png,Russian River Valley,Martinelli,"red fruit, oak, earth, non oak, black fruit, spices, microbio, vegetal, dried fruit, floral, tropical fruit, tree fruit","Veal, Pork, Poultry, Mushrooms",Pinot Noir
Hartford Court MacLean's Block Pinot Noir 2023,United States,78,4.4,images/Hartford_Court_MacLeans_Block_Pinot_Noir_2023.png,images/bottle_Hartford_Court_MacLeans_Block_Pinot_Noir_20.png,Russian River Valley,Hartford Court,"red fruit, oak, earth, black fruit, non oak, spices, microbio, dried fruit, citrus fruit, floral","Veal, Pork, Poultry, Mushrooms",Pinot Noir
Lucien Boillot & Fils Volnay 2022,France,96.99,4.1,images/Lucien_Boillot_Fils_Volnay_2022.png,images/bottle_Lucien_Boillot_Fils_Volnay_2022.png,Volnay,Lucien Boillot & Fils,"red fruit, oak, earth, microbio, black fruit, spices, non oak, dried fruit, citrus fruit, floral","Beef, Veal, Game (deer, venison), Poultry",Pinot Noir
Lioco Pinot Noir 2021,United States,24.99,4.2,images/Lioco_Pinot_Noir_2021.png,images/bottle_Lioco_Pinot_Noir_2021.png,Mendocino County,Lioco,"red fruit, oak, earth, non oak, black fruit, spices, citrus fruit, microbio, floral, vegetal, dried fruit","Beef, Veal, Game (deer, venison), Poultry",Pinot Noir
Joseph Drouhin Griotte-Chambertin Grand Cru 1983,France,780,4.2,images/Joseph_Drouhin_Griotte_Chambertin_Grand_Cru_1983.png,images/bottle_Joseph_Drouhin_Griotte_Chambertin_Grand_Cru.png,Griotte-Chambertin Grand Cru,Joseph Drouhin,"red fruit, oak, earth, microbio, black fruit, spices, non oak, citrus fruit, vegetal, dried fruit, floral","Beef, Veal, Game (deer, venison), Poultry",Pinot Noir
Jean-Jacques Confuron Vosne-Romanée 1er Cru 'Les Beaux Monts' 2021,France,225,4.2,images/Jean_Jacques_Confuron_Vosne_Romane_1er_Cru_Les_Bea.png,images/bottle_Jean_Jacques_Confuron_Vosne_Romane_1er_Cru_.png,Vosne-Romanée 1er Cru 'Les Beaux Monts',Jean-Jacques Confuron,"red fruit, black fruit, oak, earth, floral, microbio, non oak, dried fruit, spices","Beef, Veal, Game (deer, venison), Poultry",Pinot Noir
Knotty Vines Pinot Noir 2016,United States,13.99,3.6,images/Knotty_Vines_Pinot_Noir_2016.png,images/bottle_Knotty_Vines_Pinot_Noir_2016.png,California,Knotty Vines,"red fruit, oak, earth, non oak, black fruit, spices, dried fruit","Beef, Veal, Game (deer, venison), Poultry",Pinot Noir
Domaine la Borderie Douce Folie Extra Brut Rosé Champagne,France,96,4,images/Domaine_la_Borderie_Douce_Folie_Extra_Brut_Ros_Cha.png,images/bottle_Domaine_la_Borderie_Douce_Folie_Extra_Brut_.png,Champagne,Domaine la Borderie,"red fruit, microbio, earth, non oak, citrus fruit, tree fruit, vegetal, oak, floral, black fruit, spices","Pork, Rich fish (salmon, tuna etc), Shellfish, Mild and soft cheese","Chardonnay, Pinot Noir, Pinot Meunier"
Peyrassol Cuvée des Commandeurs Côtes de Provence Rosé 2022,France,99.99,4,images/Peyrassol_Cuve_des_Commandeurs_Ctes_de_Provence_Ro.png,images/bottle_Peyrassol_Cuve_des_Commandeurs_Ctes_de_Prov.png,Côtes de Provence,Peyrassol,"red fruit, tree fruit, citrus fruit, earth, microbio, spices, floral, oak, non oak, vegetal, tropical fruit, black fruit, dried fruit","Pork, Shellfish, Vegetarian, Poultry","Shiraz/Syrah, Grenache, Cinsault"
Domaine de Saint Pierre Arbois 2023,France,79,4.1,images/Domaine_de_Saint_Pierre_Arbois_2023.png,images/bottle_Domaine_de_Saint_Pierre_Arbois_2023.png,Arbois,Domaine de Saint Pierre,"red fruit, earth, oak, black fruit, microbio, spices, non oak, tropical fruit, citrus fruit","Game (deer, venison), Appetizers and snacks, Mushrooms, Mild and soft cheese, Cured Meat","Pinot Noir, Trousseau, Poulsard"
Rollin Père et Fils Aloxe-Corton 2022,France,64.99,4,images/Rollin_Pre_et_Fils_Aloxe_Corton_2022.png,images/bottle_Rollin_Pre_et_Fils_Aloxe_Corton_2022.png,Aloxe-Corton,Rollin Père et Fils,"red fruit, spices, oak, earth, black fruit, non oak, microbio, citrus fruit, vegetal","Beef, Veal, Game (deer, venison), Poultry",Pinot Noir
Bitouzet-Prieur Volnay 1er Cru 2022,France,106,4.2,images/Bitouzet_Prieur_Volnay_1er_Cru_2022.jpg,,Volnay Premier Cru,Bitouzet-Prieur,"earth, oak, microbio, red fruit, non oak, spices, black fruit, tree fruit, citrus fruit, floral, vegetal","Beef, Veal, Game (deer, venison), Poultry",Pinot Noir
Hermann J. Wiemer Cuvée Dry Rosé 2023,United States,14,3.8,images/Hermann_J_Wiemer_Cuve_Dry_Ros_2023.png,images/bottle_Hermann_J_Wiemer_Cuve_Dry_Ros_2023.png,Seneca Lake,Hermann J. Wiemer,"red fruit, citrus fruit, earth, tree fruit, non oak, oak, floral, vegetal, microbio, tropical fruit, spices",,
Dugat-Py Bourgogne 2018,France,69.99,3.9,images/Dugat_Py_Bourgogne_2018.png,images/bottle_Dugat_Py_Bourgogne_2018.png,Bourgogne,Dugat-Py,"oak, red fruit, earth, spices, microbio, non oak, black fruit, floral, citrus fruit, tropical fruit, vegetal","Beef, Veal, Game (deer, venison), Poultry",Pinot Noir
Bitouzet-Prieur Volnay 1er Cru 'Pitures' 2020,France,133,4.1,images/Bitouzet_Prieur_Volnay_1er_Cru_Pitures_2020.png,images/bottle_Bitouzet_Prieur_Volnay_1er_Cru_Pitures_2020.png,Volnay 1er Cru 'Pitures dessus',Bitouzet-Prieur,"red fruit, earth, microbio, non oak, oak, black fruit, spices, dried fruit, tree fruit, vegetal","Beef, Veal, Game (deer, venison), Poultry",Pinot Noir
Domaine Vincent Latour Vieilles Vignes Meursault Rouge 2022,France,64.99,4.1,images/Domaine_Vincent_Latour_Vieilles_Vignes_Meursault_R.png,images/bottle_Domaine_Vincent_Latour_Vieilles_Vignes_Meur.png,Meursault,Domaine Vincent Latour,"red fruit, earth, oak, black fruit, spices, non oak, microbio, tree fruit, floral, vegetal","Beef, Veal, Game (deer, venison), Poultry",Pinot Noir
Cherry Hill Dijon Cuvée Estate Pinot Noir 2023,United States,30,3.7,images/Cherry_Hill_Dijon_Cuve_Estate_Pinot_Noir_2023.png,images/bottle_Cherry_Hill_Dijon_Cuve_Estate_Pinot_Noir_20.png,Eola-Amity Hills,Cherry Hill,"red fruit, earth, oak, black fruit, spices, non oak, vegetal, tropical fruit, citrus fruit","Beef, Veal, Game (deer, venison), Poultry",Pinot Noir
Domaine Denis Bachelet Vieilles Vignes Charmes-Chambertin Grand Cru 2022,France,650,4.5,images/Domaine_Denis_Bachelet_Vieilles_Vignes_Charmes_Cha.png,images/bottle_Domaine_Denis_Bachelet_Vieilles_Vignes_Char.png,Charmes-Chambertin Grand Cru,Domaine Denis Bachelet,"earth, red fruit, oak, non oak, black fruit, microbio, spices, floral, vegetal, tropical fruit, citrus fruit","Beef, Veal, Game (deer, venison), Poultry",Pinot Noir
Dominique Lafon Volnay 2021,France,96,4.1,images/Dominique_Lafon_Volnay_2021.png,images/bottle_Dominique_Lafon_Volnay_2021.png,Volnay,Dominique Lafon,"red fruit, earth, oak, non oak, spices, black fruit, microbio, tropical fruit, dried fruit, floral, vegetal","Beef, Veal, Game (deer, venison), Poultry",Pinot Noir
Paul Pillot Vieilles Vignes Santenay 2022,France,59.99,3.9,images/Paul_Pillot_Vieilles_Vignes_Santenay_2022.png,images/bottle_Paul_Pillot_Vieilles_Vignes_Santenay_2022.png,Santenay,Paul Pillot,"red fruit, oak, non oak, spices, earth, microbio, black fruit","Beef, Veal, Game (deer, venison), Poultry",Pinot Noir
Joseph Drouhin Chambertin Clos de Bèze Grand Cru 2020,France,950,4.4,images/Joseph_Drouhin_Chambertin_Clos_de_Bze_Grand_Cru_20.png,images/bottle_Joseph_Drouhin_Chambertin_Clos_de_Bze_Grand.png,Chambertin-Clos de Bèze Grand Cru,Joseph Drouhin,"red fruit, oak, earth, non oak, black fruit, spices, floral, microbio, vegetal, dried fruit","Beef, Veal, Game (deer, venison), Poultry",Pinot Noir
Lucien le Moine Chambertin-Clos de Beze Grand Cru 2017,France,675,4.4,images/Lucien_le_Moine_Chambertin_Clos_de_Beze_Grand_Cru_.png,images/bottle_Lucien_le_Moine_Chambertin_Clos_de_Beze_Gra.png,Chambertin-Clos de Bèze Grand Cru,Lucien le Moine,"earth, oak, red fruit, spices, non oak, black fruit, microbio, vegetal, citrus fruit, floral","Beef, Veal, Game (deer, venison), Poultry",Pinot Noir
Sumarroca Cava Pinot Noir Brut Rosé 2021,Spain,19.99,3.5,images/Sumarroca_Cava_Pinot_Noir_Brut_Ros_2021.png,images/bottle_Sumarroca_Cava_Pinot_Noir_Brut_Ros_2021.png,Cava,Sumarroca,"red fruit, tree fruit, tropical fruit, microbio, earth, citrus fruit, vegetal, non oak, oak, spices","Shellfish, Appetizers and snacks, Lean fish, Aperitif, Cured Meat","Xarel-lo, Parellada, Trepat, Viura"
Jean-Marc Vincent Santenay 1er Cru 'Le Beaurepaire' Rouge 2022,France,146,4.2,images/Jean_Marc_Vincent_Santenay_1er_Cru_Le_Beaurepaire_.png,images/bottle_Jean_Marc_Vincent_Santenay_1er_Cru_Le_Beaur.png,Santenay 1er Cru 'Beaurepaire',Jean-Marc Vincent,"oak, red fruit, earth, non oak, spices, black fruit, microbio, citrus fruit, vegetal, tree fruit, floral, tropical fruit, dried fruit","Beef, Veal, Game (deer, venison), Poultry",Pinot Noir
Kings Ridge Pinot Noir 2022,United States,17.99,3.7,images/Kings_Ridge_Pinot_Noir_2022.png,images/bottle_Kings_Ridge_Pinot_Noir_2022.png,Willamette Valley,Kings Ridge,"red fruit, oak, earth, non oak, spices, black fruit, microbio, citrus fruit, vegetal, floral, dried fruit, tree fruit, tropical fruit","Beef, Veal, Game (deer, venison), Poultry",Pinot Noir
Longoria Fe Ciega Vineyard Pinot Noir 2020,United States,68,4,images/Longoria_Fe_Ciega_Vineyard_Pinot_Noir_2020.png,images/bottle_Longoria_Fe_Ciega_Vineyard_Pinot_Noir_2020.png,Sta. Rita Hills,Longoria,"red fruit, earth, oak, non oak, black fruit, spices, floral, vegetal, citrus fruit, microbio, tree fruit, tropical fruit, dried fruit","Veal, Pork, Poultry, Mushrooms",Pinot Noir
Chacra Sin Azufre Pinot Noir 2021,Argentina,43.99,4.1,images/Chacra_Sin_Azufre_Pinot_Noir_2021.png,images/bottle_Chacra_Sin_Azufre_Pinot_Noir_2021.png,Patagonia,Chacra,"red fruit, oak, non oak, earth, spices, black fruit, floral, microbio, vegetal, dried fruit, citrus fruit, tree fruit, tropical fruit","Beef, Veal, Game (deer, venison), Poultry",Pinot Noir
Domaine Taupenot-Merme Auxey Duresses Rouge 2020,France,55,4,images/Domaine_Taupenot_Merme_Auxey_Duresses_Rouge_2020.png,images/bottle_Domaine_Taupenot_Merme_Auxey_Duresses_Rouge.png,Auxey-Duresses,Domaine Taupenot-Merme,"oak, microbio, red fruit, earth, non oak, black fruit, tree fruit, citrus fruit, spices, dried fruit, vegetal","Beef, Veal, Game (deer, venison), Poultry",Pinot Noir
Domaine des Varoilles Gevrey-Chambertin 1er Cru 'Clos des Varoilles' Monopole 1969,France,570,4.1,images/Domaine_des_Varoilles_Gevrey_Chambertin_1er_Cru_Cl.png,images/bottle_Domaine_des_Varoilles_Gevrey_Chambertin_1er.png,Gevrey-Chambertin 1er Cru 'Clos des Varoilles',Domaine des Varoilles,"oak, earth, non oak, red fruit, black fruit, spices, floral, vegetal, microbio","Beef, Veal, Game (deer, venison), Poultry",Pinot Noir
Domaine Nicolas Rossignol Cuvée l'Héritière Bourgogne 2022,France,49.99,4,images/Domaine_Nicolas_Rossignol_Cuve_lHritire_Bourgogne_.png,images/bottle_Domaine_Nicolas_Rossignol_Cuve_lHritire_Bou.png,Bourgogne,Domaine Nicolas Rossignol,"red fruit, earth, oak, spices, black fruit, microbio, non oak, floral","Beef, Veal, Game (deer, venison), Poultry",Pinot Noir
Flanagan Pinot Noir 2023,United States,73,4.3,images/Flanagan_Pinot_Noir_2023.png,images/bottle_Flanagan_Pinot_Noir_2023.png,Sonoma Coast,Flanagan,"red fruit, oak, black fruit, earth, spices, non oak, dried fruit, citrus fruit, microbio","Veal, Pork, Poultry, Mushrooms",Pinot Noir
Domaine Alain Michelot Nuits-Saint-Georges 1er Cru 'Aux Champs Perdrix' 1990,France,265,4.1,images/Domaine_Alain_Michelot_Nuits_Saint_Georges_1er_Cru.png,images/bottle_Domaine_Alain_Michelot_Nuits_Saint_Georges_.png,Nuits-Saint-Georges 1er Cru 'Aux Champs Perdrix',Domaine Alain Michelot,"red fruit, earth, oak, non oak, spices, microbio, black fruit, tree fruit, citrus fruit","Beef, Veal, Game (deer, venison), Poultry",Pinot Noir
Domaine Faiveley Pommard 1er Cru 'Les Rugiens' 2020,France,120,4.1,images/Domaine_Faiveley_Pommard_1er_Cru_Les_Rugiens_2020.png,images/bottle_Domaine_Faiveley_Pommard_1er_Cru_Les_Rugien.png,Pommard 1er Cru 'Les Rugiens',Domaine Faiveley,"red fruit, earth, oak, non oak, black fruit, spices, microbio, citrus fruit, floral, vegetal","Beef, Veal, Game (deer, venison), Poultry",Pinot Noir
Pull Eighty Pinot Noir 2022,United States,20.99,3.8,images/Pull_Eighty_Pinot_Noir_2022.png,images/bottle_Pull_Eighty_Pinot_Noir_2022.png,Willamette Valley,Pull Eighty,"red fruit, earth, oak, non oak, black fruit, spices, microbio, vegetal, dried fruit","Beef, Veal, Game (deer, venison), Poultry",Pinot Noir
Stoller Family Estate JV Estate Pinot Noir 2023,United States,23.99,3.9,images/Stoller_Family_Estate_JV_Estate_Pinot_Noir_2023.png,images/bottle_Stoller_Family_Estate_JV_Estate_Pinot_Noir_.png,Dundee Hills,Stoller Family Estate,"earth, red fruit, oak, spices, black fruit, non oak, microbio, vegetal","Beef, Veal, Game (deer, venison), Poultry",Pinot Noir
Domaine Bruno Clavelier Vieilles Vignes Gevrey-Chambertin 1er Cru 'Les Corbeaux' 2015,France,231,4.1,images/Domaine_Bruno_Clavelier_Vieilles_Vignes_Gevrey_Cha.png,images/bottle_Domaine_Bruno_Clavelier_Vieilles_Vignes_Gev.png,Gevrey-Chambertin 1er Cru 'Les Crobeaux',Domaine Bruno Clavelier,"black fruit, red fruit, non oak, oak, spices, earth, dried fruit, floral, tree fruit, citrus fruit","Beef, Veal, Game (deer, venison), Poultry",Pinot Noir
Domaine Faiveley Mercurey Les Mauvarennes 2020,France,40,4,images/Domaine_Faiveley_Mercurey_Les_Mauvarennes_2020.jpg,,Mercurey,Domaine Faiveley,"red fruit, spices, earth, oak, microbio, non oak, black fruit, dried fruit, tree fruit, citrus fruit, floral, vegetal","Beef, Veal, Game (deer, venison), Poultry",Pinot Noir
Morlet Family Vineyards Pinot Noir En Famille 2019,United States,139.99,4.4,images/Morlet_Family_Vineyards_Pinot_Noir_En_Famille_2019.png,images/bottle_Morlet_Family_Vineyards_Pinot_Noir_En_Famil.png,Fort Ross-Seaview,Morlet Family Vineyards,"red fruit, oak, earth, microbio, black fruit, non oak, spices, tree fruit, vegetal, citrus fruit, floral","Beef, Veal, Game (deer, venison), Poultry",Pinot Noir
Argot Bastard Tongue Pinot Noir 2021,United States,89.99,4.5,images/Argot_Bastard_Tongue_Pinot_Noir_2021.png,images/bottle_Argot_Bastard_Tongue_Pinot_Noir_2021.png,Sonoma County,Argot,"oak, red fruit, non oak, black fruit, spices, earth, microbio, floral, dried fruit, vegetal","Beef, Veal, Game (deer, venison), Poultry",Pinot Noir
Domaine Collotte Marsannay 'Le Clos de Jeu' 2022,France,54.99,3.9,images/Domaine_Collotte_Marsannay_Le_Clos_de_Jeu_2022.png,images/bottle_Domaine_Collotte_Marsannay_Le_Clos_de_Jeu_2.png,Marsannay,Domaine Collotte,"red fruit, earth, oak, non oak, microbio, spices, black fruit, floral, vegetal, tropical fruit, citrus fruit","Beef, Veal, Game (deer, venison), Poultry",Pinot Noir
Pike Road Pinot Noir 2022,United States,21.99,3.8,images/Pike_Road_Pinot_Noir_2022.png,images/bottle_Pike_Road_Pinot_Noir_2022.png,Willamette Valley,Pike Road,"red fruit, oak, earth, non oak, spices, black fruit, microbio, floral, dried fruit, citrus fruit, vegetal, tree fruit, tropical fruit","Beef, Veal, Game (deer, venison), Poultry",Pinot Noir
Caroline Morey Beaune Premier Cru 'Les Grèves' Rouge 2022,France,112,4.3,images/Caroline_Morey_Beaune_Premier_Cru_Les_Grves_Rouge_.png,images/bottle_Caroline_Morey_Beaune_Premier_Cru_Les_Grves.png,Beaune 1er Cru 'Les Grèves',Caroline Morey,"red fruit, spices, oak, earth, non oak, black fruit, dried fruit, tropical fruit, floral, vegetal, microbio","Beef, Veal, Game (deer, venison), Poultry",Pinot Noir
Domaine Prieuré Roch Les Hautes-Maizières 2020,France,500,4.4,images/Domaine_Prieur_Roch_Les_Hautes_Maizires_2020.png,images/bottle_Domaine_Prieur_Roch_Les_Hautes_Maizires_202.png,Vosne-Romanée,Domaine Prieuré Roch,"red fruit, earth, spices, black fruit, microbio, oak, non oak, floral, vegetal","Beef, Veal, Game (deer, venison), Poultry",Pinot Noir
Gran Moraine Brut Rosé,United States,48.99,4.3,images/Gran_Moraine_Brut_Ros.png,images/bottle_Gran_Moraine_Brut_Ros.png,Yamhill-Carlton District,Gran Moraine,"citrus fruit, red fruit, tree fruit, microbio, earth, non oak, oak, dried fruit, vegetal, black fruit, spices, floral","Shellfish, Any junk food will do, Appetizers and snacks, Lean fish, Aperitif",
Ancien Jouissance Pinot Noir 2022,United States,67,4.4,images/Ancien_Jouissance_Pinot_Noir_2022.png,images/bottle_Ancien_Jouissance_Pinot_Noir_2022.png,Russian River Valley,Ancien,"red fruit, oak, earth, non oak, spices, black fruit, microbio, dried fruit, tree fruit, citrus fruit, vegetal","Veal, Pork, Poultry, Mushrooms",Pinot Noir
Mindego Ridge Pinot Noir 2022,United States,99.99,4.2,images/Mindego_Ridge_Pinot_Noir_2022.png,images/bottle_Mindego_Ridge_Pinot_Noir_2022.png,Santa Cruz Mountains,Mindego Ridge,"red fruit, earth, black fruit, spices, oak, tree fruit, microbio, non oak, citrus fruit, floral, vegetal","Beef, Veal, Game (deer, venison), Poultry",Pinot Noir
Bruno Colin Santenay Premier Cru 'Les Gravières' 2022,France,99.99,4,images/Bruno_Colin_Santenay_Premier_Cru_Les_Gravires_2022.png,images/bottle_Bruno_Colin_Santenay_Premier_Cru_Les_Gravir.png,Santenay 1er Cru 'Les Gravières',Bruno Colin,"red fruit, earth, oak, non oak, spices, microbio, black fruit, floral, citrus fruit","Beef, Veal, Game (deer, venison), Poultry",Pinot Noir
Hartford Court Jennifer's Pinot Noir 2023,United States,85,4.5,images/Hartford_Court_Jennifers_Pinot_Noir_2023.png,images/bottle_Hartford_Court_Jennifers_Pinot_Noir_2023.png,Russian River Valley,Hartford Court,"oak, black fruit, red fruit, non oak, earth, spices, microbio, floral, vegetal","Veal, Pork, Poultry, Mushrooms",Pinot Noir
Mail Road Mt. Carmel Vineyard Pinot Noir 2021,United States,129.99,4.4,images/Mail_Road_Mt_Carmel_Vineyard_Pinot_Noir_2021.png,images/bottle_Mail_Road_Mt_Carmel_Vineyard_Pinot_Noir_202.png,Sta. Rita Hills,Mail Road,"red fruit, earth, black fruit, oak, floral, non oak, spices, microbio","Veal, Pork, Poultry, Mushrooms",Pinot Noir
James Bryant Hill Pinot Noir 2017,United States,10.99,3.3,images/James_Bryant_Hill_Pinot_Noir_2017.png,images/bottle_James_Bryant_Hill_Pinot_Noir_2017.png,Central Coast,James Bryant Hill,"red fruit, oak, earth, non oak, spices, black fruit, microbio, dried fruit, tree fruit, vegetal, citrus fruit, floral","Beef, Veal, Game (deer, venison), Poultry",Pinot Noir
Domaine de Grisy Pinot Noir Bourgogne Côtes d'Auxerre 2023,France,19.99,3.7,images/Domaine_de_Grisy_Pinot_Noir_Bourgogne_Ctes_dAuxerr.png,images/bottle_Domaine_de_Grisy_Pinot_Noir_Bourgogne_Ctes_.png,Bourgogne Côtes d'Auxerre,Domaine de Grisy,"red fruit, earth, oak, spices, vegetal, black fruit, microbio, non oak, citrus fruit, floral, tree fruit","Beef, Veal, Game (deer, venison), Poultry",Pinot Noir
Sandhi Santa Rita Hills Pinot Noir 2022,United States,45.99,4.1,images/Sandhi_Santa_Rita_Hills_Pinot_Noir_2022.png,images/bottle_Sandhi_Santa_Rita_Hills_Pinot_Noir_2022.png,Sta. Rita Hills,Sandhi,"red fruit, earth, oak, non oak, spices, black fruit, microbio, vegetal, floral, citrus fruit, dried fruit, tree fruit, tropical fruit","Veal, Pork, Poultry, Mushrooms",Pinot Noir
Henry Natter Sancerre Rouge 2022,France,39.99,3.8,images/Henry_Natter_Sancerre_Rouge_2022.png,images/bottle_Henry_Natter_Sancerre_Rouge_2022.png,Sancerre,Henry Natter,"red fruit, earth, oak, spices, non oak, vegetal, floral, tropical fruit, tree fruit, citrus fruit, microbio","Veal, Game (deer, venison), Poultry","Cabernet Franc, Pinot Noir, Gamay, Grolleau"
Bouchard Père & Fils Chambertin Grand Cru 1997,France,389,4.3,images/Bouchard_Pre_Fils_Chambertin_Grand_Cru_1997.png,images/bottle_Bouchard_Pre_Fils_Chambertin_Grand_Cru_1997.png,Chambertin Grand Cru,Bouchard Père & Fils,"red fruit, earth, oak, spices, microbio, black fruit, non oak, floral, vegetal, dried fruit","Beef, Veal, Game (deer, venison), Poultry",Pinot Noir
Jacques Bourguignon Pinot Noir 2023,France,13.99,3.7,images/Jacques_Bourguignon_Pinot_Noir_2023.png,images/bottle_Jacques_Bourguignon_Pinot_Noir_2023.png,Vin de France,Jacques Bourguignon,"red fruit, oak, non oak, earth, spices, black fruit, microbio, dried fruit",,
Presqu'ile Pinot Noir 2022,United States,26.99,4,images/Presquile_Pinot_Noir_2022.png,images/bottle_Presquile_Pinot_Noir_2022.png,Santa Barbara County,Presqu'ile,"red fruit, earth, oak, non oak, spices, microbio, black fruit, citrus fruit, floral, vegetal, dried fruit, tree fruit","Beef, Veal, Game (deer, venison), Poultry",Pinot Noir
The Four Graces Pinot Noir 2023,United States,23.99,4,images/The_Four_Graces_Pinot_Noir_2023.png,images/bottle_The_Four_Graces_Pinot_Noir_2023.png,Willamette Valley,The Four Graces,"red fruit, earth, oak, non oak, spices, black fruit, microbio, vegetal, floral, dried fruit, tree fruit, citrus fruit, tropical fruit","Beef, Veal, Game (deer, venison), Poultry",Pinot Noir
Domaine Jean-Marc Bouley Volnay 1er Cru 'Clos de la Cave' 2022,France,161,4.1,images/Domaine_Jean_Marc_Bouley_Volnay_1er_Cru_Clos_de_la.png,images/bottle_Domaine_Jean_Marc_Bouley_Volnay_1er_Cru_Clo.png,Volnay 1er Cru 'Clos de la Cave des Ducs',Domaine Jean-Marc Bouley,"red fruit, earth, oak, non oak, spices, black fruit, floral, microbio, vegetal","Beef, Veal, Game (deer, venison), Poultry",Pinot Noir
Mongeard-Mugneret Vosne-Romanée 1er Cru  Les Suchots 2015,France,165,4.3,images/Mongeard_Mugneret_Vosne_Romane_1er_Cru_Les_Suchots.png,images/bottle_Mongeard_Mugneret_Vosne_Romane_1er_Cru_Les_.png,Vosne-Romanée Premier Cru,Mongeard-Mugneret,"oak, red fruit, non oak, spices, earth, black fruit, microbio, dried fruit, vegetal","Beef, Veal, Game (deer, venison), Poultry",Pinot Noir
Domaine Potinet-Ampeau Volnay 1er Cru 'Clos des Chênes' 1971,France,388,3.9,images/Domaine_Potinet_Ampeau_Volnay_1er_Cru_Clos_des_Chn.png,images/bottle_Domaine_Potinet_Ampeau_Volnay_1er_Cru_Clos_.png,Volnay 1er Cru 'Clos des Chênes',Domaine Potinet-Ampeau,"earth, red fruit, microbio, oak, floral, spices, black fruit, non oak, vegetal, citrus fruit, tree fruit, tropical fruit, dried fruit","Beef, Veal, Game (deer, venison), Poultry",Pinot Noir
Chev Pinot Noir 2019,United States,79.99,4.5,images/Chev_Pinot_Noir_2019.png,images/bottle_Chev_Pinot_Noir_2019.png,Russian River Valley,Chev,"red fruit, oak, earth, non oak, spices, black fruit, floral, microbio, dried fruit, tropical fruit, citrus fruit, vegetal","Veal, Pork, Poultry, Mushrooms",Pinot Noir
Evening Land Seven Springs Vineyard Pinot Noir 2022,United States,37.99,4.2,images/Evening_Land_Seven_Springs_Vineyard_Pinot_Noir_202.png,images/bottle_Evening_Land_Seven_Springs_Vineyard_Pinot_N.png,Eola-Amity Hills,Evening Land,"red fruit, earth, oak, non oak, spices, black fruit, microbio, floral, vegetal, citrus fruit, dried fruit, tree fruit","Beef, Veal, Game (deer, venison), Poultry",Pinot Noir
Philipponnat Blanc de Noirs Extra Brut Champagne 2018,France,129.99,4.3,images/Philipponnat_Blanc_de_Noirs_Extra_Brut_Champagne_2.png,images/bottle_Philipponnat_Blanc_de_Noirs_Extra_Brut_Cham.png,Champagne,Philipponnat,"non oak, oak, tree fruit, microbio, citrus fruit, earth, red fruit, vegetal, spices, tropical fruit, floral, black fruit, dried fruit","Pork, Rich fish (salmon, tuna etc), Shellfish, Mild and soft cheese","Chardonnay, Pinot Noir, Pinot Meunier"
JAQK High Roller Pinot Noir 2019,United States,21.99,3.6,images/JAQK_High_Roller_Pinot_Noir_2019.png,images/bottle_JAQK_High_Roller_Pinot_Noir_2019.png,Central Coast,JAQK,"red fruit, black fruit, oak, earth, spices, non oak, citrus fruit, microbio","Beef, Veal, Game (deer, venison), Poultry",Pinot Noir
Simple Life Pinot Noir 2020,United States,12.99,3.7,images/Simple_Life_Pinot_Noir_2020.png,images/bottle_Simple_Life_Pinot_Noir_2020.png,California,Simple Life,"oak, red fruit, non oak, earth, spices, black fruit, microbio, dried fruit, vegetal, tree fruit, citrus fruit, floral, tropical fruit","Beef, Veal, Game (deer, venison), Poultry",Pinot Noir
Bergström Cumberland Reserve Pinot Noir 2021,United States,59.99,4.3,images/Bergstrm_Cumberland_Reserve_Pinot_Noir_2021.png,images/bottle_Bergstrm_Cumberland_Reserve_Pinot_Noir_2021.png,Willamette Valley,Bergström,"red fruit, earth, oak, spices, non oak, black fruit, microbio, floral, vegetal, dried fruit, citrus fruit, tree fruit, tropical fruit","Beef, Veal, Game (deer, venison), Poultry",Pinot Noir
David Duband Louis Auguste Bourgogne Hautes-Côtes de Nuits 2021,France,47.99,4,images/David_Duband_Louis_Auguste_Bourgogne_Hautes_Ctes_d.png,images/bottle_David_Duband_Louis_Auguste_Bourgogne_Hautes.png,Bourgogne Hautes-Côtes de Nuits,David Duband,"red fruit, earth, oak, spices, non oak, black fruit, microbio, dried fruit, floral, citrus fruit, vegetal","Beef, Veal, Game (deer, venison), Poultry",Pinot Noir
DeLoach Heritage Reserve Pinot Noir 2022,United States,11.99,3.8,images/DeLoach_Heritage_Reserve_Pinot_Noir_2022.png,images/bottle_DeLoach_Heritage_Reserve_Pinot_Noir_2022.png,California,DeLoach,"red fruit, oak, earth, non oak, spices, black fruit, microbio, vegetal, dried fruit, floral, citrus fruit, tree fruit, tropical fruit","Beef, Veal, Game (deer, venison), Poultry",Pinot Noir
Ghislaine Barthod Chambolle-Musigny 1er Cru 'Les Chatelots' 2021,France,199,4.1,images/Ghislaine_Barthod_Chambolle_Musigny_1er_Cru_Les_Ch.png,images/bottle_Ghislaine_Barthod_Chambolle_Musigny_1er_Cru.png,Chambolle-Musigny 1er Cru 'Les Chatelots',Ghislaine Barthod,"red fruit, earth, oak, non oak, spices, floral, black fruit, microbio, vegetal, citrus fruit","Beef, Veal, Game (deer, venison), Poultry",Pinot Noir
Domaine Philippe Gilbert Menetou-Salon Rouge 2020,France,29.99,3.9,images/Domaine_Philippe_Gilbert_Menetou_Salon_Rouge_2020.png,images/bottle_Domaine_Philippe_Gilbert_Menetou_Salon_Roug.png,Menetou-Salon,Domaine Philippe Gilbert,"red fruit, earth, oak, spices, non oak, microbio, tree fruit, black fruit, vegetal, citrus fruit, floral, dried fruit, tropical fruit","Veal, Game (deer, venison), Poultry","Cabernet Franc, Pinot Noir, Gamay, Grolleau"
Simon Bize & Fils Latricières-Chambertin Grand Cru 2022,France,650,4.3,images/Simon_Bize_Fils_Latricires_Chambertin_Grand_Cru_20.png,images/bottle_Simon_Bize_Fils_Latricires_Chambertin_Grand.png,Latricières-Chambertin Grand Cru,Simon Bize & Fils,"oak, red fruit, earth, non oak, spices, floral, black fruit, dried fruit, microbio, tree fruit, vegetal","Beef, Veal, Game (deer, venison), Poultry",Pinot Noir
Thibault Liger-Belair Vieilles Vignes Chambolle-Musigny 2021,France,170,4.4,images/Thibault_Liger_Belair_Vieilles_Vignes_Chambolle_Mu.png,images/bottle_Thibault_Liger_Belair_Vieilles_Vignes_Chamb.png,Chambolle-Musigny,Thibault Liger-Belair,"red fruit, oak, spices, floral, earth, non oak, microbio, black fruit","Beef, Veal, Game (deer, venison), Poultry",Pinot Noir
Toschi Pinot Noir 2022,United States,11.99,3.6,images/Toschi_Pinot_Noir_2022.png,images/bottle_Toschi_Pinot_Noir_2022.png,California,Toschi,"red fruit, oak, spices, non oak, black fruit, earth, microbio, citrus fruit","Beef, Veal, Game (deer, venison), Poultry",Pinot Noir
Ghislaine Barthod Les Bons Bâtons Bourgogne 2022,France,69,4.1,images/Ghislaine_Barthod_Les_Bons_Btons_Bourgogne_2022.png,images/bottle_Ghislaine_Barthod_Les_Bons_Btons_Bourgogne_.png,Bourgogne,Ghislaine Barthod,"red fruit, oak, earth, spices, non oak, microbio, floral, black fruit, tree fruit, vegetal","Beef, Veal, Game (deer, venison), Poultry",Pinot Noir
Bevan Cellars Pinot Noir 2021,United States,89.99,4.5,images/Bevan_Cellars_Pinot_Noir_2021.png,images/bottle_Bevan_Cellars_Pinot_Noir_2021.png,Petaluma Gap,Bevan Cellars,"oak, red fruit, black fruit, non oak, spices, earth, microbio, floral, citrus fruit","Beef, Veal, Game (deer, venison), Poultry",Pinot Noir
Bruno Paillard N.P.U. Extra Brut Champagne (Nec Plus Ultra) 2008,France,349.99,4.5,images/Bruno_Paillard_NPU_Extra_Brut_Champagne_Nec_Plus_U.png,images/bottle_Bruno_Paillard_NPU_Extra_Brut_Champagne_Nec.png,Champagne,Bruno Paillard,"non oak, earth, oak, microbio, tree fruit, citrus fruit, vegetal, spices, dried fruit, floral, black fruit, tropical fruit, red fruit","Pork, Rich fish (salmon, tuna etc), Shellfish, Mild and soft cheese","Chardonnay, Pinot Noir, Pinot Meunier"
Domaine Fourrier Vieille Vigne Gevrey-Chambertin Les Goulots 1er Cru 2018,France,239,4.4,images/Domaine_Fourrier_Vieille_Vigne_Gevrey_Chambertin_L.png,images/bottle_Domaine_Fourrier_Vieille_Vigne_Gevrey_Chamb.png,Gevrey-Chambertin 1er Cru 'Les Goulots',Domaine Fourrier,"red fruit, earth, oak, non oak, spices, black fruit, tree fruit, floral, microbio, vegetal","Beef, Veal, Game (deer, venison), Poultry",Pinot Noir
Domaine Michel Lafarge Volnay 1er Cru 'Les Mitans' 2022,France,226,4.2,images/Domaine_Michel_Lafarge_Volnay_1er_Cru_Les_Mitans_2.png,images/bottle_Domaine_Michel_Lafarge_Volnay_1er_Cru_Les_M.png,Volnay 1er Cru 'Les Mitans',Domaine Michel Lafarge,"red fruit, oak, spices, non oak, floral, earth, microbio, black fruit, vegetal","Beef, Veal, Game (deer, venison), Poultry",Pinot Noir
Imagery Pinot Noir 2021,United States,15.99,3.7,images/Imagery_Pinot_Noir_2021.png,images/bottle_Imagery_Pinot_Noir_2021.png,California,Imagery,"red fruit, oak, non oak, spices, earth, black fruit, microbio, dried fruit, vegetal, floral, citrus fruit, tree fruit, tropical fruit","Beef, Veal, Game (deer, venison), Poultry",Pinot Noir
Failla Estate Vineyard Pinot Noir 2022,United States,89.99,4.3,images/Failla_Estate_Vineyard_Pinot_Noir_2022.jpg,,Fort Ross-Seaview,Failla,"red fruit, earth, oak, spices, black fruit, non oak, vegetal, floral","Beef, Veal, Game (deer, venison), Poultry",Pinot Noir
The Pinot Project Pinot Noir 2021,United States,12.99,3.6,images/The_Pinot_Project_Pinot_Noir_2021.png,images/bottle_The_Pinot_Project_Pinot_Noir_2021.png,California,The Pinot Project,"red fruit, oak, black fruit, earth, non oak, spices, microbio, citrus fruit, vegetal, dried fruit, tree fruit, floral, tropical fruit","Beef, Veal, Game (deer, venison), Poultry",Pinot Noir
Le Roi des Pierres Sancerre Rosé 2023,France,29.99,4.1,images/Le_Roi_des_Pierres_Sancerre_Ros_2023.png,images/bottle_Le_Roi_des_Pierres_Sancerre_Ros_2023.png,Sancerre,Le Roi des Pierres,"red fruit, tree fruit, citrus fruit, earth, microbio, non oak, black fruit, spices, floral, oak","Lamb, Rich fish (salmon, tuna etc), Poultry, Mild and soft cheese, Cured Meat",
Joseph Drouhin Chambolle-Musigny Premier Cru Baudes 1990,France,394,4.3,images/Joseph_Drouhin_Chambolle_Musigny_Premier_Cru_Baude.png,images/bottle_Joseph_Drouhin_Chambolle_Musigny_Premier_Cr.png,Chambolle-Musigny Premier Cru,Joseph Drouhin,"red fruit, oak, earth, non oak, black fruit, spices, floral, tree fruit, citrus fruit, vegetal, microbio","Beef, Veal, Game (deer, venison), Poultry",Pinot Noir
Harmonique The Noble One Pinot Noir 2011,United States,39,4.1,images/Harmonique_The_Noble_One_Pinot_Noir_2011.png,images/bottle_Harmonique_The_Noble_One_Pinot_Noir_2011.png,Anderson Valley,Harmonique,"red fruit, oak, black fruit, earth, non oak, spices, dried fruit, microbio, floral, vegetal, citrus fruit","Veal, Pork, Poultry, Mushrooms",Pinot Noir
Ancien Shea Vineyard Pinot Noir 2022,United States,75,4.2,images/Ancien_Shea_Vineyard_Pinot_Noir_2022.png,images/bottle_Ancien_Shea_Vineyard_Pinot_Noir_2022.png,Oregon,Ancien,"red fruit, earth, oak, non oak, black fruit, spices, citrus fruit, floral, microbio, dried fruit, tree fruit","Beef, Veal, Game (deer, venison), Poultry",Pinot Noir
Domaine de Montille Vosne-Romanée 1er Cru 'Aux Malconsorts' 2020,France,499.99,4.4,images/Domaine_de_Montille_Vosne_Romane_1er_Cru_Aux_Malco.png,images/bottle_Domaine_de_Montille_Vosne_Romane_1er_Cru_Au.png,Vosne-Romanée 1er Cru 'Malconsorts',Domaine de Montille,"red fruit, earth, oak, black fruit, spices, floral, non oak, microbio, dried fruit","Beef, Veal, Game (deer, venison), Poultry",Pinot Noir
Patrice Rion Chambolle-Musigny 1er Cru 'Les Cras' 2020,France,99.88,4.1,images/Patrice_Rion_Chambolle_Musigny_1er_Cru_Les_Cras_20.png,images/bottle_Patrice_Rion_Chambolle_Musigny_1er_Cru_Les_.png,Chambolle-Musigny 1er Cru 'Les Cras',Patrice Rion,"red fruit, earth, oak, spices, non oak, floral, black fruit, microbio, vegetal, dried fruit, tree fruit","Beef, Veal, Game (deer, venison), Poultry",Pinot Noir
Domaine Trapet Le Meix Fringuet 2022,France,54.99,3.9,images/Domaine_Trapet_Le_Meix_Fringuet_2022.png,images/bottle_Domaine_Trapet_Le_Meix_Fringuet_2022.png,Côte de Nuits Villages,Domaine Trapet,"red fruit, earth, black fruit, oak, microbio, non oak","Beef, Veal, Game (deer, venison), Poultry",Pinot Noir
Calera Pinot Noir De Villiers Vineyard 2017,United States,69.99,4.2,images/Calera_Pinot_Noir_De_Villiers_Vineyard_2017.png,images/bottle_Calera_Pinot_Noir_De_Villiers_Vineyard_2017.png,Mount Harlan,Calera,"red fruit, oak, earth, black fruit, non oak, spices, dried fruit, vegetal, microbio, floral, tree fruit, citrus fruit","Beef, Veal, Game (deer, venison), Poultry",Pinot Noir
Shiloh Privilege 2023,Israel,26.99,3.9,images/Shiloh_Privilege_2023.png,images/bottle_Shiloh_Privilege_2023.png,Judean Hills,Shiloh,"black fruit, oak, red fruit, non oak, spices, earth, microbio, dried fruit, floral","Beef, Lamb, Veal, Game (deer, venison), Poultry",
Xavier Monnot Pommard 'Les Vignots' 2021,France,94,4,images/Xavier_Monnot_Pommard_Les_Vignots_2021.png,images/bottle_Xavier_Monnot_Pommard_Les_Vignots_2021.png,Pommard,Xavier Monnot,"red fruit, earth, black fruit, oak, spices, non oak, dried fruit, citrus fruit, floral, vegetal, microbio","Beef, Veal, Game (deer, venison), Poultry",Pinot Noir
Georges Noëllat Vosne-Romanée 1er Cru 'Les Petits Monts' 2020,France,299.99,4.3,images/Georges_Nollat_Vosne_Romane_1er_Cru_Les_Petits_Mon.png,images/bottle_Georges_Nollat_Vosne_Romane_1er_Cru_Les_Pet.png,Vosne-Romanée 1er Cru 'Les Petits Monts',Georges Noëllat,"red fruit, oak, earth, non oak, floral, black fruit, microbio, vegetal, citrus fruit, spices","Beef, Veal, Game (deer, venison), Poultry",Pinot Noir
Bouchard Père & Fils Chapelle-Chambertin Grand Cru 2005,France,608,4.3,images/Bouchard_Pre_Fils_Chapelle_Chambertin_Grand_Cru_20.png,images/bottle_Bouchard_Pre_Fils_Chapelle_Chambertin_Grand.png,Chapelle-Chambertin Grand Cru,Bouchard Père & Fils,"red fruit, earth, oak, non oak, spices, floral, black fruit, microbio, dried fruit, vegetal","Beef, Veal, Game (deer, venison), Poultry",Pinot Noir
Lingua Franca Tongue'n Cheek Pinot Noir 2021,United States,82.99,4.2,images/Lingua_Franca_Tonguen_Cheek_Pinot_Noir_2021.png,images/bottle_Lingua_Franca_Tonguen_Cheek_Pinot_Noir_2021.png,Eola-Amity Hills,Lingua Franca,"red fruit, black fruit, earth, oak, non oak, microbio, spices, dried fruit, floral, vegetal","Beef, Veal, Game (deer, venison), Poultry",Pinot Noir
1924 Wines Port Barrel Aged Pinot Noir (Limited Edition) 2022,United States,14.99,3.9,images/1924_Wines_Port_Barrel_Aged_Pinot_Noir_Limited_Edi.png,images/bottle_1924_Wines_Port_Barrel_Aged_Pinot_Noir_Limi.png,California,1924 Wines,"oak, black fruit, red fruit, earth, non oak, spices, dried fruit, microbio, tree fruit, vegetal, citrus fruit","Beef, Veal, Game (deer, venison), Poultry",Pinot Noir
Domaine Coche-Dury Meursault Rouge 2019,France,599,4.4,images/Domaine_Coche_Dury_Meursault_Rouge_2019.png,images/bottle_Domaine_Coche_Dury_Meursault_Rouge_2019.png,Meursault,Domaine Coche-Dury,"red fruit, earth, citrus fruit, spices, microbio, non oak, oak, black fruit, tropical fruit, floral, dried fruit, tree fruit","Beef, Veal, Game (deer, venison), Poultry",Pinot Noir
Shibumi Knoll Vineyards Buena Tierra Vineyard Pinot Noir 2022,United States,80,4.3,images/Shibumi_Knoll_Vineyards_Buena_Tierra_Vineyard_Pino.png,images/bottle_Shibumi_Knoll_Vineyards_Buena_Tierra_Vineya.png,Russian River Valley,Shibumi Knoll Vineyards,"red fruit, oak, non oak, spices, earth, black fruit, floral, microbio","Veal, Pork, Poultry, Mushrooms",Pinot Noir
Raen Bodega Freestone Occidental Pinot Noir 2022,United States,169.99,4.5,images/Raen_Bodega_Freestone_Occidental_Pinot_Noir_2022.png,images/bottle_Raen_Bodega_Freestone_Occidental_Pinot_Noir.png,Sonoma Coast,Raen,"red fruit, earth, oak, black fruit, non oak, citrus fruit, vegetal, microbio, tropical fruit, tree fruit, spices, floral","Veal, Pork, Poultry, Mushrooms",Pinot Noir
Chandon de Briailles Corton Grand Cru 'Clos du Roi' 2022,France,475,4.2,images/Chandon_de_Briailles_Corton_Grand_Cru_Clos_du_Roi_.png,images/bottle_Chandon_de_Briailles_Corton_Grand_Cru_Clos_.png,Corton Grand Cru 'Clos du Roi',Chandon de Briailles,"earth, oak, red fruit, black fruit, microbio, dried fruit, spices, floral, non oak, citrus fruit","Beef, Veal, Game (deer, venison), Poultry",Pinot Noir
Jean-Marc Vincent Santenay Vieilles Vignes 2022,France,82.99,4.1,images/Jean_Marc_Vincent_Santenay_Vieilles_Vignes_2022.png,images/bottle_Jean_Marc_Vincent_Santenay_Vieilles_Vignes_.png,Santenay,Jean-Marc Vincent,"red fruit, oak, earth, non oak, spices, black fruit, citrus fruit, dried fruit","Beef, Veal, Game (deer, venison), Poultry",Pinot Noir
Stoller Family Estate Dundee Hills Pinot Noir 2022,United States,26.99,4,images/Stoller_Family_Estate_Dundee_Hills_Pinot_Noir_2022.png,images/bottle_Stoller_Family_Estate_Dundee_Hills_Pinot_No.png,Dundee Hills,Stoller Family Estate,"red fruit, oak, earth, non oak, spices, black fruit, microbio, floral, tree fruit, vegetal, dried fruit, citrus fruit, tropical fruit","Beef, Veal, Game (deer, venison), Poultry",Pinot Noir
Flâneur Flanerie Vineyard Pinot Noir 2021,United States,64.99,4.3,images/Flneur_Flanerie_Vineyard_Pinot_Noir_2021.png,images/bottle_Flneur_Flanerie_Vineyard_Pinot_Noir_2021.png,Ribbon Ridge,Flâneur,"red fruit, spices, earth, oak, non oak, black fruit, microbio, dried fruit, citrus fruit, vegetal","Beef, Veal, Game (deer, venison), Poultry",Pinot Noir
Jean-Marc Vincent Santenay Premier Cru 'Le Passetemps' 2021,France,138,4,images/Jean_Marc_Vincent_Santenay_Premier_Cru_Le_Passetem.png,images/bottle_Jean_Marc_Vincent_Santenay_Premier_Cru_Le_P.png,Santenay 1er Cru 'Passetemps',Jean-Marc Vincent,"red fruit, oak, earth, non oak, spices, black fruit, vegetal, tree fruit, floral, microbio","Beef, Veal, Game (deer, venison), Poultry",Pinot Noir
Riverbench Pinot Noir 2022,United States,56,4.1,images/Riverbench_Pinot_Noir_2022.jpg,,Santa Maria Valley,Riverbench,"oak, red fruit, earth, non oak, spices, black fruit, microbio, tree fruit, floral, vegetal, dried fruit","Veal, Pork, Poultry, Mushrooms",Pinot Noir
Ancien Mink Vineyard Pinot Noir 2021,United States,67,4.2,images/Ancien_Mink_Vineyard_Pinot_Noir_2021.png,images/bottle_Ancien_Mink_Vineyard_Pinot_Noir_2021.png,Coombsville,Ancien,"oak, red fruit, non oak, spices, earth, black fruit, dried fruit, tree fruit, citrus fruit, floral","Beef, Veal, Game (deer, venison), Poultry",Pinot Noir
Joseph Drouhin Vosne-Romanée Premier Cru 'Petits Monts' 2020,France,540,4.3,images/Joseph_Drouhin_Vosne_Romane_Premier_Cru_Petits_Mon.png,images/bottle_Joseph_Drouhin_Vosne_Romane_Premier_Cru_Pet.png,Vosne-Romanée 1er Cru 'Les Petits Monts',Joseph Drouhin,"red fruit, earth, oak, black fruit, spices, non oak, microbio, citrus fruit, floral, vegetal","Beef, Veal, Game (deer, venison), Poultry",Pinot Noir
Lucien Boillot & Fils Bourgogne 2022,France,58.99,3.8,images/Lucien_Boillot_Fils_Bourgogne_2022.png,images/bottle_Lucien_Boillot_Fils_Bourgogne_2022.png,Bourgogne,Lucien Boillot & Fils,"red fruit, earth, oak, spices, non oak, black fruit, dried fruit, floral, vegetal, microbio, tree fruit","Beef, Veal, Game (deer, venison), Poultry",Pinot Noir
The Federalist Pinot Noir 2023,United States,23.99,3.6,images/The_Federalist_Pinot_Noir_2023.jpg,,Central Coast,The Federalist,,"Beef, Veal, Game (deer, venison), Poultry",Pinot Noir
Bitouzet-Prieur Volnay Premier Cru 'Les Aussy' 2022,France,68,4.2,images/Bitouzet_Prieur_Volnay_Premier_Cru_Les_Aussy_2022.jpg,,Volnay Premier Cru,Bitouzet-Prieur,"red fruit, earth, oak, spices, floral, non oak, black fruit, vegetal, microbio, dried fruit","Beef, Veal, Game (deer, venison), Poultry",Pinot Noir
Belle Glos Taylor Lane Vineyard Pinot Noir 2011,United States,250,4.4,images/Belle_Glos_Taylor_Lane_Vineyard_Pinot_Noir_2011.png,images/bottle_Belle_Glos_Taylor_Lane_Vineyard_Pinot_Noir_.png,Sonoma Coast,Belle Glos,"red fruit, oak, earth, non oak, black fruit, spices, dried fruit, microbio, tree fruit, floral, vegetal, citrus fruit","Veal, Pork, Poultry, Mushrooms",Pinot Noir
Domaine Jean-Marc Bouley Volnay 1er Cru 'Clos des Chênes' 2021,France,259,4.1,images/Domaine_Jean_Marc_Bouley_Volnay_1er_Cru_Clos_des_C.png,images/bottle_Domaine_Jean_Marc_Bouley_Volnay_1er_Cru_Clo.png,Volnay 1er Cru 'Clos des Chênes',Domaine Jean-Marc Bouley,"earth, oak, red fruit, spices, non oak, black fruit, microbio, floral, dried fruit, citrus fruit, vegetal","Beef, Veal, Game (deer, venison), Poultry",Pinot Noir
Castello Bonomi Franciacorta Brut Rosé,Italy,39.99,3.7,images/Castello_Bonomi_Franciacorta_Brut_Ros.png,images/bottle_Castello_Bonomi_Franciacorta_Brut_Ros.png,Franciacorta,Castello Bonomi,"red fruit, citrus fruit, microbio, tree fruit, spices, floral, vegetal, non oak, oak","Shellfish, Appetizers and snacks, Lean fish, Mild and soft cheese, Aperitif","Chardonnay, Pinot Noir, Pinot Blanc"
Portlandia Pinot Noir 2022,United States,19.99,3.7,images/Portlandia_Pinot_Noir_2022.png,images/bottle_Portlandia_Pinot_Noir_2022.png,Oregon,Portlandia,"red fruit, earth, oak, non oak, spices, black fruit, microbio, dried fruit, vegetal, citrus fruit, floral, tree fruit","Beef, Veal, Game (deer, venison), Poultry",Pinot Noir
Doudet Naudin Maranges 1er Cru 'Clos Roussots' 2021,France,35.99,3.9,images/Doudet_Naudin_Maranges_1er_Cru_Clos_Roussots_2021.png,images/bottle_Doudet_Naudin_Maranges_1er_Cru_Clos_Roussot.png,Maranges 1er Cru 'Les Clos Roussots',Doudet Naudin,"red fruit, black fruit, earth, spices, oak, non oak, dried fruit, floral, vegetal, microbio","Beef, Veal, Game (deer, venison), Poultry",Pinot Noir
Olivier Bernstein Mazis-Chambertin Grand Cru 2017,France,899.99,4.3,images/Olivier_Bernstein_Mazis_Chambertin_Grand_Cru_2017.png,images/bottle_Olivier_Bernstein_Mazis_Chambertin_Grand_Cr.png,Mazis-Chambertin Grand Cru,Olivier Bernstein,"red fruit, microbio, floral, black fruit, non oak, oak, spices, earth, tree fruit","Beef, Veal, Game (deer, venison), Poultry",Pinot Noir
EIEIO & Company Cuvée E Pinot Noir 2018,United States,50,4.2,images/EIEIO_Company_Cuve_E_Pinot_Noir_2018.jpg,,Willamette Valley,EIEIO & Company,"red fruit, earth, oak, non oak, black fruit, microbio, spices, floral, dried fruit, tree fruit, citrus fruit, vegetal","Beef, Veal, Game (deer, venison), Poultry",Pinot Noir
Domaine des Comtes Lafon Volnay Clos des Chênes Premier Cru 1996,France,268,4.3,images/Domaine_des_Comtes_Lafon_Volnay_Clos_des_Chnes_Pre.png,images/bottle_Domaine_des_Comtes_Lafon_Volnay_Clos_des_Ch.png,Volnay Premier Cru,Domaine des Comtes Lafon,"red fruit, oak, earth, black fruit, non oak, spices, floral, microbio, vegetal, dried fruit","Beef, Veal, Game (deer, venison), Poultry",Pinot Noir
Domaine Anne et Herve Sigaut Vieilles Vignes Chambolle-Musigny 'Les Bussières' 2021,France,132.99,4.1,images/Domaine_Anne_et_Herve_Sigaut_Vieilles_Vignes_Chamb.png,images/bottle_Domaine_Anne_et_Herve_Sigaut_Vieilles_Vigne.png,Chambolle-Musigny,Domaine Anne et Herve Sigaut,"red fruit, earth, oak, spices, non oak, black fruit, microbio, floral, dried fruit, citrus fruit, vegetal","Beef, Veal, Game (deer, venison), Poultry",Pinot Noir
Domaine G. Roumier Chambolle-Musigny 2009,France,475,4.3,images/Domaine_G_Roumier_Chambolle_Musigny_2009.png,images/bottle_Domaine_G_Roumier_Chambolle_Musigny_2009.png,Chambolle-Musigny,Domaine G. Roumier,"red fruit, earth, oak, non oak, black fruit, floral, microbio, spices, citrus fruit, dried fruit, vegetal, tree fruit, tropical fruit","Beef, Veal, Game (deer, venison), Poultry",Pinot Noir
Louis Latour Domaine Latour Corton Grand Cru 2000,France,75,3.9,images/Louis_Latour_Domaine_Latour_Corton_Grand_Cru_2000.png,images/bottle_Louis_Latour_Domaine_Latour_Corton_Grand_Cr.png,Corton Grand Cru,Louis Latour,"red fruit, earth, oak, non oak, spices, microbio, black fruit, vegetal, floral, dried fruit, citrus fruit, tree fruit, tropical fruit","Beef, Veal, Game (deer, venison), Poultry",Pinot Noir
Highlands 41 Pinot Noir 2022,United States,15,3.4,images/Highlands_41_Pinot_Noir_2022.png,images/bottle_Highlands_41_Pinot_Noir_2022.png,Monterey County,Highlands 41,"red fruit, oak, earth, black fruit, non oak, spices, vegetal, microbio, tree fruit, floral","Beef, Veal, Game (deer, venison), Poultry",Pinot Noir
Jean Noël Gagnard L'Estimée 2022,France,74.99,3.9,images/Jean_Nol_Gagnard_LEstime_2022.png,images/bottle_Jean_Nol_Gagnard_LEstime_2022.png,Chassagne-Montrachet,Jean Noël Gagnard,"red fruit, black fruit, spices, floral, earth, vegetal, non oak, dried fruit, oak","Beef, Veal, Game (deer, venison), Poultry",Pinot Noir
de Lancellotti Famiglia Pinot Noir 2022,United States,55,4.2,images/de_Lancellotti_Famiglia_Pinot_Noir_2022.png,images/bottle_de_Lancellotti_Famiglia_Pinot_Noir_2022.png,Willamette Valley,de Lancellotti,"earth, red fruit, oak, microbio, non oak, black fruit, spices, tree fruit, vegetal, tropical fruit","Beef, Veal, Game (deer, venison), Poultry",Pinot Noir
Tyler Mae Estate Pinot Noir 2022,United States,83,4.2,images/Tyler_Mae_Estate_Pinot_Noir_2022.png,images/bottle_Tyler_Mae_Estate_Pinot_Noir_2022.png,Sta. Rita Hills,Tyler,"red fruit, oak, earth, non oak, spices, microbio, citrus fruit, floral, black fruit, dried fruit, tree fruit","Veal, Pork, Poultry, Mushrooms",Pinot Noir
Domaine Drouhin-Laroze Chambolle-Musigny 2012,France,99,3.9,images/Domaine_Drouhin_Laroze_Chambolle_Musigny_2012.png,images/bottle_Domaine_Drouhin_Laroze_Chambolle_Musigny_20.png,Chambolle-Musigny,Domaine Drouhin-Laroze,"red fruit, earth, oak, non oak, black fruit, spices, floral, dried fruit, citrus fruit, microbio","Beef, Veal, Game (deer, venison), Poultry",Pinot Noir
Dominique Lafon Beaune 1er Cru 'Les Épenottes' 2021,France,102,4.1,images/Dominique_Lafon_Beaune_1er_Cru_Les_penottes_2021.png,images/bottle_Dominique_Lafon_Beaune_1er_Cru_Les_penottes.png,Beaune 1er Cru 'Les Épenotes',Dominique Lafon,"oak, spices, red fruit, black fruit, microbio, earth, non oak, floral","Beef, Veal, Game (deer, venison), Poultry",Pinot Noir
Louis Jadot Chambertin Grand Cru 1995,France,415,4.3,images/Louis_Jadot_Chambertin_Grand_Cru_1995.png,images/bottle_Louis_Jadot_Chambertin_Grand_Cru_1995.png,Chambertin Grand Cru,Louis Jadot,"red fruit, oak, earth, black fruit, spices, non oak, microbio, floral","Beef, Veal, Game (deer, venison), Poultry",Pinot Noir
Anthill Farms Hawk Hill Vineyard Pinot Noir 2021,United States,49,4.2,images/Anthill_Farms_Hawk_Hill_Vineyard_Pinot_Noir_2021.png,images/bottle_Anthill_Farms_Hawk_Hill_Vineyard_Pinot_Noir.png,Sonoma Coast,Anthill Farms,"red fruit, earth, oak, spices, non oak, microbio, black fruit","Veal, Pork, Poultry, Mushrooms",Pinot Noir
Talisman Red Dog Vineyard Pinot Noir 2007,United States,95,4.1,images/Talisman_Red_Dog_Vineyard_Pinot_Noir_2007.png,images/bottle_Talisman_Red_Dog_Vineyard_Pinot_Noir_2007.png,Sonoma Mountain,Talisman,"red fruit, oak, earth, non oak, black fruit, spices, microbio","Beef, Veal, Game (deer, venison), Poultry",Pinot Noir
Harmonique Delicacé Pinot Noir 2011,United States,46,4.2,images/Harmonique_Delicac_Pinot_Noir_2011.jpg,,Anderson Valley,Harmonique,"red fruit, oak, earth, non oak, black fruit, spices, vegetal, dried fruit, floral, microbio","Veal, Pork, Poultry, Mushrooms",Pinot Noir
Petitot Jean Vieille Vigne Ladoix 2023,France,45.99,3.9,images/Petitot_Jean_Vieille_Vigne_Ladoix_2023.png,images/bottle_Petitot_Jean_Vieille_Vigne_Ladoix_2023.png,Ladoix,Petitot Jean,"red fruit, microbio, oak, earth, spices, non oak, black fruit, tree fruit, vegetal","Beef, Veal, Game (deer, venison), Poultry",Pinot Noir
Scar Of The Sea Pinot Noir 2024,United States,39,4.1,images/Scar_Of_The_Sea_Pinot_Noir_2024.png,images/bottle_Scar_Of_The_Sea_Pinot_Noir_2024.png,Santa Barbara County,Scar Of The Sea,"red fruit, earth, oak, non oak, spices, vegetal, black fruit, microbio, floral, dried fruit","Beef, Veal, Game (deer, venison), Poultry",Pinot Noir
Poppy Pinot Noir 2021,United States,16.99,3.6,images/Poppy_Pinot_Noir_2021.png,images/bottle_Poppy_Pinot_Noir_2021.png,Monterey County,Poppy,"red fruit, oak, earth, non oak, spices, black fruit, microbio, vegetal, dried fruit, citrus fruit, floral, tree fruit, tropical fruit","Beef, Veal, Game (deer, venison), Poultry",Pinot Noir
J. Lohr Vineyards & Wines Estates Falcon's Perch Pinot Noir 2021,United States,16.99,3.8,images/J_Lohr_Vineyards_Wines_Estates_Falcons_Perch_Pinot.png,images/bottle_J_Lohr_Vineyards_Wines_Estates_Falcons_Perc.png,Monterey County,J. Lohr Vineyards & Wines,"red fruit, oak, non oak, spices, black fruit, earth, microbio, dried fruit, floral, citrus fruit, vegetal, tree fruit, tropical fruit","Beef, Veal, Game (deer, venison), Poultry",Pinot Noir
Kuentz-Bas Tradition Crémant d'Alsace Brut,France,26.99,3.8,images/Kuentz_Bas_Tradition_Crmant_dAlsace_Brut.png,images/bottle_Kuentz_Bas_Tradition_Crmant_dAlsace_Brut.png,Crémant d'Alsace,Kuentz-Bas,"tree fruit, microbio, earth, citrus fruit, oak, non oak, vegetal, red fruit, tropical fruit, spices","Shellfish, Poultry, Appetizers and snacks, Lean fish, Aperitif","Chardonnay, Pinot Gris, Pinot Noir, Roussanne, Pinot Blanc, Auxerrois"
Soter Vineyards Estates Pinot Noir 2023,United States,30,4.2,images/Soter_Vineyards_Estates_Pinot_Noir_2023.png,images/bottle_Soter_Vineyards_Estates_Pinot_Noir_2023.png,Willamette Valley,Soter Vineyards,"red fruit, oak, black fruit, earth, non oak, spices, floral, microbio, vegetal, dried fruit","Beef, Veal, Game (deer, venison), Poultry",Pinot Noir
Bertrand Ambroise Vosne-Romanée 'Aux Damaudes' 2021,France,89.99,4.1,images/Bertrand_Ambroise_Vosne_Romane_Aux_Damaudes_2021.png,images/bottle_Bertrand_Ambroise_Vosne_Romane_Aux_Damaudes.png,Vosne-Romanée,Bertrand Ambroise,"red fruit, spices, earth, oak, non oak, dried fruit, black fruit, microbio","Beef, Veal, Game (deer, venison), Poultry",Pinot Noir
Tyler Pinot Noir 2022,United States,32.99,4,images/Tyler_Pinot_Noir_2022.png,images/bottle_Tyler_Pinot_Noir_2022.png,Sta. Rita Hills,Tyler,"red fruit, oak, earth, spices, non oak, black fruit, microbio, vegetal, citrus fruit, tree fruit, floral, dried fruit, tropical fruit","Veal, Pork, Poultry, Mushrooms",Pinot Noir
B Cellars Manzana Vineyard Pinot Noir 2023,United States,90,4.5,images/B_Cellars_Manzana_Vineyard_Pinot_Noir_2023.jpg,,Russian River Valley,B Cellars,"red fruit, oak, non oak, earth, spices, black fruit, microbio, dried fruit","Veal, Pork, Poultry, Mushrooms",Pinot Noir
Gérard Mugneret Chambolle-Musigny 1er Cru 'Les Charmes' 2022,France,304,4.3,images/Grard_Mugneret_Chambolle_Musigny_1er_Cru_Les_Charm.png,images/bottle_Grard_Mugneret_Chambolle_Musigny_1er_Cru_Le.png,Chambolle-Musigny 1er Cru 'Les Charmes',Gérard Mugneret,"red fruit, black fruit, earth, oak, spices, floral, non oak","Beef, Veal, Game (deer, venison), Poultry",Pinot Noir
Bethel Heights Casteel Pinot Noir 2022,United States,89.99,4.3,images/Bethel_Heights_Casteel_Pinot_Noir_2022.png,images/bottle_Bethel_Heights_Casteel_Pinot_Noir_2022.png,Eola-Amity Hills,Bethel Heights,"oak, red fruit, earth, black fruit, non oak, spices, vegetal, microbio, citrus fruit, dried fruit, tree fruit, floral","Beef, Veal, Game (deer, venison), Poultry",Pinot Noir
Domaine Jean-Marc Bouley Beaune 1er Cru 'Les Reversées' 2021,France,135,4,images/Domaine_Jean_Marc_Bouley_Beaune_1er_Cru_Les_Revers.png,images/bottle_Domaine_Jean_Marc_Bouley_Beaune_1er_Cru_Les.png,Beaune 1er Cru 'Les Reversées',Domaine Jean-Marc Bouley,"oak, red fruit, earth, non oak, spices, black fruit, floral, citrus fruit, microbio","Beef, Veal, Game (deer, venison), Poultry",Pinot Noir
Emmanuel Rouget Savigny Les Beaune 2018,France,330,4.1,images/Emmanuel_Rouget_Savigny_Les_Beaune_2018.png,images/bottle_Emmanuel_Rouget_Savigny_Les_Beaune_2018.png,Savigny-lès-Beaune,Emmanuel Rouget,"red fruit, oak, floral, non oak, spices, earth, black fruit, microbio","Beef, Veal, Game (deer, venison), Poultry",Pinot Noir
Guy & Yvan Dufouleur Pommard 'Les Vaumuriens' 2020,France,79.99,4,images/Guy_Yvan_Dufouleur_Pommard_Les_Vaumuriens_2020.png,images/bottle_Guy_Yvan_Dufouleur_Pommard_Les_Vaumuriens_2.png,Pommard,Guy & Yvan Dufouleur,"red fruit, black fruit, spices, earth, oak, microbio, non oak","Beef, Veal, Game (deer, venison), Poultry",Pinot Noir
Domaine Faiveley Mercurey Clos Rond 2020,France,40,3.7,images/Domaine_Faiveley_Mercurey_Clos_Rond_2020.png,images/bottle_Domaine_Faiveley_Mercurey_Clos_Rond_2020.png,Mercurey,Domaine Faiveley,"red fruit, earth, oak, spices, non oak, floral, dried fruit, black fruit, citrus fruit, microbio","Beef, Veal, Game (deer, venison), Poultry",Pinot Noir
Marchand Grillot Gevrey Chambertin 'En Créot' 2018,France,79.99,4,images/Marchand_Grillot_Gevrey_Chambertin_En_Crot_2018.png,images/bottle_Marchand_Grillot_Gevrey_Chambertin_En_Crot_.png,Gevrey-Chambertin,Marchand Grillot,"red fruit, earth, oak, black fruit, spices, microbio, non oak, dried fruit, floral, vegetal","Beef, Veal, Game (deer, venison), Poultry",Pinot Noir
Grapesmith & Crusher Pinot Noir 2022,United States,20.99,3.8,images/Grapesmith_Crusher_Pinot_Noir_2022.png,images/bottle_Grapesmith_Crusher_Pinot_Noir_2022.png,Willamette Valley,Grapesmith & Crusher,"red fruit, earth, black fruit, oak, spices, non oak, dried fruit, citrus fruit, floral, microbio","Beef, Veal, Game (deer, venison), Poultry",Pinot Noir
Ancien Fiddlestix Vineyard Pinot Noir 2022,United States,67,4.2,images/Ancien_Fiddlestix_Vineyard_Pinot_Noir_2022.png,images/bottle_Ancien_Fiddlestix_Vineyard_Pinot_Noir_2022.png,Sta. Rita Hills,Ancien,"red fruit, oak, spices, black fruit, non oak, earth, microbio, citrus fruit, floral","Veal, Pork, Poultry, Mushrooms",Pinot Noir
Mongeard-Mugneret Grands-Echezeaux Grand Cru 2009,France,450,4.6,images/Mongeard_Mugneret_Grands_Echezeaux_Grand_Cru_2009.png,images/bottle_Mongeard_Mugneret_Grands_Echezeaux_Grand_Cr.png,Grands-Échezeaux Grand Cru,Mongeard-Mugneret,"red fruit, oak, earth, non oak, spices, black fruit, microbio, floral, vegetal, dried fruit, tree fruit, tropical fruit, citrus fruit","Beef, Veal, Game (deer, venison), Poultry",Pinot Noir
B Wise Nobles Vineyard Pinot Noir 2019,United States,195,4.5,images/B_Wise_Nobles_Vineyard_Pinot_Noir_2019.jpg,,Fort Ross-Seaview,B Wise,"red fruit, earth, oak, non oak, black fruit, tree fruit, spices, floral, vegetal","Beef, Veal, Game (deer, venison), Poultry",Pinot Noir
Sierra del Mar Vineyard Pinot Noir 2021,United States,60,3.7,images/Sierra_del_Mar_Vineyard_Pinot_Noir_2021.png,images/bottle_Sierra_del_Mar_Vineyard_Pinot_Noir_2021.png,Clarksburg,Sierra del Mar Vineyard,"red fruit, oak, earth, spices, non oak, dried fruit, citrus fruit, black fruit, tree fruit, microbio","Beef, Veal, Game (deer, venison), Poultry",Pinot Noir
Domaine Fourrier Vieille Vigne Gevrey Chambertin 1er Cru Les Champeaux 2004,France,665,4.3,images/Domaine_Fourrier_Vieille_Vigne_Gevrey_Chambertin_1.png,images/bottle_Domaine_Fourrier_Vieille_Vigne_Gevrey_Chamb.png,Gevrey-Chambertin 1er Cru 'Champeaux',Domaine Fourrier,"red fruit, earth, black fruit, oak, non oak, spices, tropical fruit, vegetal, microbio","Beef, Veal, Game (deer, venison), Poultry",Pinot Noir
Louis Latour Volnay 2022,France,84.99,4,images/Louis_Latour_Volnay_2022.png,images/bottle_Louis_Latour_Volnay_2022.png,Volnay,Louis Latour,"red fruit, tree fruit, spices, microbio, oak, black fruit, dried fruit, floral, earth","Beef, Veal, Game (deer, venison), Poultry",Pinot Noir
Meyer - Näkel Spätburgunder 2021,Germany,47.99,4,images/Meyer_Nkel_Sptburgunder_2021.png,images/bottle_Meyer_Nkel_Sptburgunder_2021.png,Ahr,Meyer - Näkel,"red fruit, earth, oak, non oak, spices, black fruit, microbio, floral, vegetal, citrus fruit, tree fruit, dried fruit, tropical fruit","Beef, Veal, Game (deer, venison), Poultry",Pinot Noir
Mountford Estate Liaison Pinot Noir 2019,New Zealand,31.99,3.9,images/Mountford_Estate_Liaison_Pinot_Noir_2019.png,images/bottle_Mountford_Estate_Liaison_Pinot_Noir_2019.png,Canterbury,Mountford Estate,"red fruit, oak, earth, non oak, spices, microbio, black fruit, vegetal, dried fruit, floral, citrus fruit, tree fruit, tropical fruit","Beef, Veal, Game (deer, venison), Poultry",Pinot Noir
Demetria Cuvée Sandra Pinot Noir 2022,United States,85,4.3,images/Demetria_Cuve_Sandra_Pinot_Noir_2022.jpg,,Sta. Rita Hills,Demetria,"red fruit, oak, earth, non oak, spices, black fruit, vegetal, microbio","Veal, Pork, Poultry, Mushrooms",Pinot Noir
Prince Florent de Mérode Corton Clos du Roi Grand Cru 1989,France,480,4.3,images/Prince_Florent_de_Mrode_Corton_Clos_du_Roi_Grand_C.png,images/bottle_Prince_Florent_de_Mrode_Corton_Clos_du_Roi_.png,Corton Grand Cru 'Clos du Roi',Prince Florent de Mérode,"earth, non oak, oak, red fruit, spices, microbio, black fruit, dried fruit","Beef, Veal, Game (deer, venison), Poultry",Pinot Noir
Failla Pinot Noir 2022,United States,39,4.1,images/Failla_Pinot_Noir_2022.png,images/bottle_Failla_Pinot_Noir_2022.png,Sonoma Coast,Failla,"red fruit, oak, earth, non oak, spices, black fruit, microbio, vegetal, floral, dried fruit, citrus fruit, tree fruit, tropical fruit","Veal, Pork, Poultry, Mushrooms",Pinot Noir
Paradise Springs Petit Manseng 2023,United States,33,3.7,images/Paradise_Springs_Petit_Manseng_2023.jpg,,Virginia,Paradise Springs,"tree fruit, citrus fruit, earth, tropical fruit, vegetal, microbio, floral, oak, dried fruit, black fruit, red fruit, non oak","Pork, Shellfish, Poultry, Appetizers and snacks, Lean fish",
Ghislaine Barthod Chambolle-Musigny 1er Cru 'Les Charmes' 2021,France,217,4.2,images/Ghislaine_Barthod_Chambolle_Musigny_1er_Cru_Les_Ch.png,images/bottle_Ghislaine_Barthod_Chambolle_Musigny_1er_Cru.png,Chambolle-Musigny 1er Cru 'Les Charmes',Ghislaine Barthod,"red fruit, earth, oak, spices, black fruit, dried fruit, non oak, floral, vegetal","Beef, Veal, Game (deer, venison), Poultry",Pinot Noir
L'Usine Pinot Noir 2018,United States,60,4.2,images/LUsine_Pinot_Noir_2018.png,images/bottle_LUsine_Pinot_Noir_2018.png,Sta. Rita Hills,L'Usine,"oak, black fruit, red fruit, non oak, spices, earth, dried fruit, microbio, citrus fruit, floral","Veal, Pork, Poultry, Mushrooms",Pinot Noir
Capiaux Cellars Widdoes Vineyard Pinot Noir 2022,United States,53.99,4.2,images/Capiaux_Cellars_Widdoes_Vineyard_Pinot_Noir_2022.png,images/bottle_Capiaux_Cellars_Widdoes_Vineyard_Pinot_Noir.png,Russian River Valley,Capiaux Cellars,"red fruit, oak, spices, earth, black fruit, non oak, dried fruit, tropical fruit, floral, vegetal, microbio","Veal, Pork, Poultry, Mushrooms",Pinot Noir
Manincor Mason Pinot Nero 2020,Italy,57.99,4.2,images/Manincor_Mason_Pinot_Nero_2020.png,images/bottle_Manincor_Mason_Pinot_Nero_2020.png,Südtirol - Alto Adige,Manincor,"red fruit, oak, spices, earth, non oak, black fruit, floral, microbio, citrus fruit, dried fruit, vegetal, tree fruit","Beef, Veal, Game (deer, venison), Poultry",Pinot Noir
Withers English Hill Pinot Noir 2019,United States,49.99,4.2,images/Withers_English_Hill_Pinot_Noir_2019.png,images/bottle_Withers_English_Hill_Pinot_Noir_2019.png,Sonoma Coast,Withers,"red fruit, earth, oak, black fruit, non oak, spices, microbio","Veal, Pork, Poultry, Mushrooms",Pinot Noir
Domaine Berthaut-Gerbet Vosne-Romanée Premier Cru Les Petits Monts 2022,France,315,4.4,images/Domaine_Berthaut_Gerbet_Vosne_Romane_Premier_Cru_L.png,images/bottle_Domaine_Berthaut_Gerbet_Vosne_Romane_Premie.png,Vosne-Romanée 1er Cru 'Les Petits Monts',Domaine Berthaut-Gerbet,"red fruit, oak, earth, non oak, spices, floral, black fruit, vegetal, microbio","Beef, Veal, Game (deer, venison), Poultry",Pinot Noir
Domaine Perrot-Minot Chambertin Grand Cru (Vieilles Vignes) 2014,France,540,4.4,images/Domaine_Perrot_Minot_Chambertin_Grand_Cru_Vieilles.png,images/bottle_Domaine_Perrot_Minot_Chambertin_Grand_Cru_V.png,Chambertin Grand Cru,Domaine Perrot-Minot,"red fruit, earth, oak, non oak, spices, microbio, black fruit, citrus fruit","Beef, Veal, Game (deer, venison), Poultry",Pinot Noir
Martin Woods Hyland Vineyard Pinot Noir 2022,United States,62.99,4.3,images/Martin_Woods_Hyland_Vineyard_Pinot_Noir_2022.png,images/bottle_Martin_Woods_Hyland_Vineyard_Pinot_Noir_202.png,Willamette Valley,Martin Woods,"earth, red fruit, oak, non oak, microbio, black fruit, tree fruit, spices","Beef, Veal, Game (deer, venison), Poultry",Pinot Noir
Albert Bichot Charmes-Chambertin Grand Cru 1971,France,700,4.3,images/Albert_Bichot_Charmes_Chambertin_Grand_Cru_1971.png,images/bottle_Albert_Bichot_Charmes_Chambertin_Grand_Cru_.png,Charmes-Chambertin Grand Cru,Albert Bichot,"red fruit, floral, earth, black fruit, spices, oak, dried fruit, tropical fruit, citrus fruit, non oak","Beef, Veal, Game (deer, venison), Poultry",Pinot Noir
Pedro Parra y Familia P Pencopolitano 2019,Chile,25,3.8,images/Pedro_Parra_y_Familia_P_Pencopolitano_2019.png,images/bottle_Pedro_Parra_y_Familia_P_Pencopolitano_2019.png,Itata Valley,Pedro Parra y Familia,"earth, red fruit, oak, non oak, spices, black fruit, vegetal, microbio, floral, dried fruit, citrus fruit, tropical fruit",,
Segal's Fusion Dry Red 2021,Israel,15.99,3.5,images/Segals_Fusion_Dry_Red_2021.png,images/bottle_Segals_Fusion_Dry_Red_2021.png,Upper Galilee,Segal's,"black fruit, red fruit, spices, oak, non oak, earth, microbio, dried fruit","Beef, Lamb, Veal, Game (deer, venison), Poultry",
Domaine Sylvain Cathiard Vosne-Romanée 1er Cru 'En Orveaux' 2022,France,729,4.3,images/Domaine_Sylvain_Cathiard_Vosne_Romane_1er_Cru_En_O.png,images/bottle_Domaine_Sylvain_Cathiard_Vosne_Romane_1er_C.png,Vosne-Romanée 1er Cru 'En Orveaux',Domaine Sylvain Cathiard,"red fruit, oak, earth, spices, black fruit, non oak, floral, dried fruit, microbio","Beef, Veal, Game (deer, venison), Poultry",Pinot Noir
Pedro Parra y Familia Trane Cinsault 2022,Chile,64.99,4,images/Pedro_Parra_y_Familia_Trane_Cinsault_2022.png,images/bottle_Pedro_Parra_y_Familia_Trane_Cinsault_2022.png,Itata Valley,Pedro Parra y Familia,"red fruit, oak, spices, earth, non oak, black fruit, microbio, floral, dried fruit, tree fruit, citrus fruit, vegetal",,
Red Stitch Soberanes Vineyard Pinot Noir 2022,United States,70,4.4,images/Red_Stitch_Soberanes_Vineyard_Pinot_Noir_2022.png,images/bottle_Red_Stitch_Soberanes_Vineyard_Pinot_Noir_20.png,Santa Lucia Highlands,Red Stitch,"red fruit, oak, earth, black fruit, non oak, dried fruit, citrus fruit, spices, microbio","Veal, Pork, Poultry, Mushrooms",Pinot Noir
Recaredo Intens Rosat Brut Nature 2018,Spain,39.99,4.1,images/Recaredo_Intens_Rosat_Brut_Nature_2018.png,images/bottle_Recaredo_Intens_Rosat_Brut_Nature_2018.png,Penedès,Recaredo,"red fruit, earth, microbio, non oak, oak, black fruit, tree fruit, citrus fruit, spices, floral, dried fruit, vegetal, tropical fruit","Shellfish, Appetizers and snacks, Lean fish, Aperitif, Cured Meat","Xarel-lo, Parellada, Trepat, Viura"
Nicolas Jay Bishop Creek Pinot Noir 2022,United States,118,4.3,images/Nicolas_Jay_Bishop_Creek_Pinot_Noir_2022.png,images/bottle_Nicolas_Jay_Bishop_Creek_Pinot_Noir_2022.png,Yamhill-Carlton District,Nicolas Jay,"red fruit, earth, oak, black fruit, spices, non oak, floral, dried fruit, microbio, vegetal","Beef, Veal, Game (deer, venison), Poultry",Pinot Noir
Gérard Boulay Sibylle Sancerre Rosé 2023,France,29.99,4,images/Grard_Boulay_Sibylle_Sancerre_Ros_2023.png,images/bottle_Grard_Boulay_Sibylle_Sancerre_Ros_2023.png,Sancerre,Gérard Boulay,"red fruit, citrus fruit, tree fruit, tropical fruit, spices, earth, non oak, oak","Lamb, Rich fish (salmon, tuna etc), Poultry, Mild and soft cheese, Cured Meat",
Chacra Cincuenta y Cinco Pinot Noir 2022,Argentina,64.99,4.2,images/Chacra_Cincuenta_y_Cinco_Pinot_Noir_2022.png,images/bottle_Chacra_Cincuenta_y_Cinco_Pinot_Noir_2022.png,Patagonia,Chacra,"red fruit, oak, earth, non oak, spices, black fruit, microbio, floral, dried fruit, vegetal, citrus fruit, tree fruit, tropical fruit","Beef, Veal, Game (deer, venison), Poultry",Pinot Noir
Domaine Laurent Cognard Bourgogne Pinot Noir 2020,France,28.99,3.8,images/Domaine_Laurent_Cognard_Bourgogne_Pinot_Noir_2020.png,images/bottle_Domaine_Laurent_Cognard_Bourgogne_Pinot_Noi.png,Bourgogne,Domaine Laurent Cognard,"red fruit, earth, microbio, black fruit, oak, vegetal, non oak","Beef, Veal, Game (deer, venison), Poultry",Pinot Noir
Lauverjat Sancerre  Rosé 2024,France,29.99,4,images/Lauverjat_Sancerre_Ros_2024.png,images/bottle_Lauverjat_Sancerre_Ros_2024.png,Sancerre,Lauverjat,"citrus fruit, red fruit, tree fruit, tropical fruit, earth, floral, vegetal, microbio, oak","Lamb, Rich fish (salmon, tuna etc), Poultry, Mild and soft cheese, Cured Meat",
Joel Gott Oregon Pinot Noir 2013,United States,24.99,3.6,images/Joel_Gott_Oregon_Pinot_Noir_2013.png,images/bottle_Joel_Gott_Oregon_Pinot_Noir_2013.png,Willamette Valley,Joel Gott,"oak, red fruit, earth, non oak, spices, black fruit, microbio, tree fruit, citrus fruit, floral, tropical fruit, vegetal, dried fruit","Beef, Veal, Game (deer, venison), Poultry",Pinot Noir
Domaine du Pelican Arbois Clos Saint-Laurent Pinot Noir 2023,France,55,4.2,images/Domaine_du_Pelican_Arbois_Clos_Saint_Laurent_Pinot.png,images/bottle_Domaine_du_Pelican_Arbois_Clos_Saint_Lauren.png,Arbois,Domaine du Pelican,"red fruit, earth, spices, black fruit, microbio, oak, non oak, tree fruit, floral, vegetal","Game (deer, venison), Appetizers and snacks, Mushrooms, Mild and soft cheese, Cured Meat","Pinot Noir, Trousseau, Poulsard"
El Pino Club Sea Floored Pinot Noir 2021,United States,40,4.2,images/El_Pino_Club_Sea_Floored_Pinot_Noir_2021.png,images/bottle_El_Pino_Club_Sea_Floored_Pinot_Noir_2021.png,Sta. Rita Hills,El Pino Club,"red fruit, earth, non oak, oak, black fruit, spices","Veal, Pork, Poultry, Mushrooms",Pinot Noir
Haegelen-Jayer Vieilles Vignes Clos de Vougeot Grand Cru 2001,France,795,4.4,images/Haegelen_Jayer_Vieilles_Vignes_Clos_de_Vougeot_Gra.png,images/bottle_Haegelen_Jayer_Vieilles_Vignes_Clos_de_Voug.png,Clos Vougeot Grand Cru,Haegelen-Jayer,"earth, red fruit, oak, spices, floral, non oak, microbio, black fruit, vegetal, dried fruit, citrus fruit","Beef, Veal, Game (deer, venison), Poultry",Pinot Noir
Benton-Lane Pinot Noir 2022,United States,25.99,3.9,images/Benton_Lane_Pinot_Noir_2022.png,images/bottle_Benton_Lane_Pinot_Noir_2022.png,Willamette Valley,Benton-Lane,"red fruit, oak, earth, non oak, spices, black fruit, microbio, vegetal, dried fruit, floral, citrus fruit, tree fruit","Beef, Veal, Game (deer, venison), Poultry",Pinot Noir
Sylvain Bailly La Louée Sancerre Rosé 2024,France,27.99,4.1,images/Sylvain_Bailly_La_Loue_Sancerre_Ros_2024.png,images/bottle_Sylvain_Bailly_La_Loue_Sancerre_Ros_2024.png,Sancerre,Sylvain Bailly,"citrus fruit, red fruit, earth, oak, tree fruit, non oak, spices, floral","Lamb, Rich fish (salmon, tuna etc), Poultry, Mild and soft cheese, Cured Meat",
Domaine Arlaud Bourgogne Roncevie 2022,France,44.99,4.1,images/Domaine_Arlaud_Bourgogne_Roncevie_2022.png,images/bottle_Domaine_Arlaud_Bourgogne_Roncevie_2022.png,Bourgogne,Domaine Arlaud,"red fruit, earth, oak, non oak, spices, black fruit, microbio, floral, vegetal, dried fruit, citrus fruit, tree fruit","Beef, Veal, Game (deer, venison), Poultry",Pinot Noir
Block Nine Pinot Noir (Caiden's Vineyards) 2022,United States,12.99,3.8,images/Block_Nine_Pinot_Noir_Caidens_Vineyards_2022.png,images/bottle_Block_Nine_Pinot_Noir_Caidens_Vineyards_202.png,California,Block Nine,"red fruit, oak, earth, non oak, spices, black fruit, microbio, dried fruit, floral, vegetal, citrus fruit, tree fruit, tropical fruit","Beef, Veal, Game (deer, venison), Poultry",Pinot Noir
Domaine Collotte Cuvée Vieilles Vignes Fixin 'Les Crais de Chéne' 2022,France,69.99,3.9,images/Domaine_Collotte_Cuve_Vieilles_Vignes_Fixin_Les_Cr.png,images/bottle_Domaine_Collotte_Cuve_Vieilles_Vignes_Fixin.png,Fixin,Domaine Collotte,"red fruit, earth, oak, citrus fruit, microbio, black fruit, dried fruit, floral","Beef, Veal, Game (deer, venison), Poultry",Pinot Noir
Arnot-Roberts Peter Martin Ray Vineyard Pinot Noir 2022,United States,85,4.2,images/Arnot_Roberts_Peter_Martin_Ray_Vineyard_Pinot_Noir.png,images/bottle_Arnot_Roberts_Peter_Martin_Ray_Vineyard_Pin.png,Santa Cruz Mountains,Arnot-Roberts,"red fruit, earth, vegetal, oak, spices, non oak, black fruit, floral, microbio, tropical fruit, citrus fruit","Beef, Veal, Game (deer, venison), Poultry",Pinot Noir
Vincent Girardin Les Vieilles Vignes Chambolle-Musigny 2020,France,99.98,4,images/Vincent_Girardin_Les_Vieilles_Vignes_Chambolle_Mus.png,images/bottle_Vincent_Girardin_Les_Vieilles_Vignes_Chambo.png,Chambolle-Musigny,Vincent Girardin,"earth, red fruit, microbio, oak, black fruit, floral, vegetal, non oak","Beef, Veal, Game (deer, venison), Poultry",Pinot Noir
François Secondé Brut Rosé Champagne Grand Cru 'Sillery',France,54.99,4,images/Franois_Second_Brut_Ros_Champagne_Grand_Cru_Siller.png,images/bottle_Franois_Second_Brut_Ros_Champagne_Grand_Cru.png,Champagne Grand Cru 'Sillery',François Secondé,"red fruit, microbio, earth, non oak, citrus fruit, tree fruit, vegetal, oak","Pork, Rich fish (salmon, tuna etc), Shellfish, Mild and soft cheese","Chardonnay, Pinot Noir, Pinot Meunier"
Tyler La Rinconada Vineyard Pinot Noir 2021,United States,86,4.1,images/Tyler_La_Rinconada_Vineyard_Pinot_Noir_2021.png,images/bottle_Tyler_La_Rinconada_Vineyard_Pinot_Noir_2021.png,Sta. Rita Hills,Tyler,"red fruit, oak, earth, non oak, black fruit, spices, vegetal, floral, dried fruit, citrus fruit, microbio","Veal, Pork, Poultry, Mushrooms",Pinot Noir
Herzog Lineage Pinot Noir 2021,United States,19.99,3.2,images/Herzog_Lineage_Pinot_Noir_2021.png,images/bottle_Herzog_Lineage_Pinot_Noir_2021.png,Clarksburg,Herzog,"oak, red fruit, black fruit, spices, dried fruit, earth, non oak, microbio, citrus fruit, vegetal","Beef, Veal, Game (deer, venison), Poultry",Pinot Noir
Freelander District One Pinot Noir 2022,United States,14.99,3.8,images/Freelander_District_One_Pinot_Noir_2022.jpg,,California,Freelander,"red fruit, earth, oak, microbio, spices, floral, non oak, vegetal, tropical fruit","Beef, Veal, Game (deer, venison), Poultry",Pinot Noir
Boudier Père & Fils Pernand-Vergelesses 1er Cru 'Les Fichots' 2022,France,69.99,3.9,images/Boudier_Pre_Fils_Pernand_Vergelesses_1er_Cru_Les_F.png,images/bottle_Boudier_Pre_Fils_Pernand_Vergelesses_1er_Cr.png,Pernand-Vergelesses 1er Cru 'Les Fichots',Boudier Père & Fils,"red fruit, earth, floral, oak, black fruit, spices, non oak, tree fruit, vegetal, microbio","Beef, Veal, Game (deer, venison), Poultry",Pinot Noir
Hartford Court Hailey's Block Pinot Noir 2023,United States,85,4.4,images/Hartford_Court_Haileys_Block_Pinot_Noir_2023.png,images/bottle_Hartford_Court_Haileys_Block_Pinot_Noir_202.png,Green Valley of Russian River Valley,Hartford Court,"red fruit, spices, oak, earth, non oak, black fruit, microbio, floral, vegetal","Veal, Pork, Poultry, Mushrooms",Pinot Noir
Domaine Frédéric Esmonin Mazy-Chambertin Grand Cru 2020,France,215,4.1,images/Domaine_Frdric_Esmonin_Mazy_Chambertin_Grand_Cru_2.png,images/bottle_Domaine_Frdric_Esmonin_Mazy_Chambertin_Gran.png,Mazis-Chambertin Grand Cru,Domaine Frédéric Esmonin,"red fruit, earth, oak, non oak, spices, floral, black fruit, microbio, vegetal, citrus fruit","Beef, Veal, Game (deer, venison), Poultry",Pinot Noir
SeaGlass Pinot Noir 2011,United States,20.99,3.4,images/SeaGlass_Pinot_Noir_2011.png,images/bottle_SeaGlass_Pinot_Noir_2011.png,Central Coast,SeaGlass,"red fruit, oak, earth, non oak, spices, black fruit, microbio, dried fruit, citrus fruit, tree fruit, floral, vegetal, tropical fruit","Beef, Veal, Game (deer, venison), Poultry",Pinot Noir
Jean Marc Pillot Bourgogne 'Les Grandes Terres' 2022,France,44.99,4,images/Jean_Marc_Pillot_Bourgogne_Les_Grandes_Terres_2022.png,images/bottle_Jean_Marc_Pillot_Bourgogne_Les_Grandes_Terr.png,Bourgogne,Jean Marc Pillot,"red fruit, earth, oak, spices, floral, black fruit, vegetal, non oak, dried fruit, tree fruit, microbio","Beef, Veal, Game (deer, venison), Poultry",Pinot Noir
The Eyrie Vineyards Roland Green Pinot Noir 2021,United States,84.99,4.2,images/The_Eyrie_Vineyards_Roland_Green_Pinot_Noir_2021.png,images/bottle_The_Eyrie_Vineyards_Roland_Green_Pinot_Noir.png,Dundee Hills,The Eyrie Vineyards,"red fruit, oak, earth, non oak, spices, black fruit, microbio, vegetal, floral, dried fruit","Beef, Veal, Game (deer, venison), Poultry",Pinot Noir
Averaen Pinot Noir 2022,United States,25,4.1,images/Averaen_Pinot_Noir_2022.png,images/bottle_Averaen_Pinot_Noir_2022.png,Willamette Valley,Averaen,"red fruit, oak, earth, non oak, spices, black fruit, microbio, floral, vegetal, citrus fruit, tree fruit, dried fruit, tropical fruit","Beef, Veal, Game (deer, venison), Poultry",Pinot Noir
Aurélien Verdet Nuits-Saint-Georges 1er Cru 'Les Damodes' 2019,France,275,4.2,images/Aurlien_Verdet_Nuits_Saint_Georges_1er_Cru_Les_Dam.png,images/bottle_Aurlien_Verdet_Nuits_Saint_Georges_1er_Cru_.png,Nuits-Saint-Georges 1er Cru 'Les Damodes',Aurélien Verdet,"red fruit, spices, oak, earth, black fruit, microbio, non oak, floral","Beef, Veal, Game (deer, venison), Poultry",Pinot Noir
Domaine G. Roumier Morey-Saint-Denis Premier Cru Clos de La Bussière 2012,France,750,4.4,images/Domaine_G_Roumier_Morey_Saint_Denis_Premier_Cru_Cl.png,images/bottle_Domaine_G_Roumier_Morey_Saint_Denis_Premier.png,Morey-Saint-Denis Premier Cru,Domaine G. Roumier,"red fruit, earth, oak, black fruit, non oak, spices, microbio, floral, dried fruit, vegetal, citrus fruit, tree fruit","Beef, Veal, Game (deer, venison), Poultry",Pinot Noir
Picchetti Truchard Vineyard Pinot Noir 2023,United States,59.95,4.1,images/Picchetti_Truchard_Vineyard_Pinot_Noir_2023.jpg,,Napa Valley,Picchetti,"red fruit, oak, spices, non oak, earth, black fruit, citrus fruit, tropical fruit, tree fruit, microbio, dried fruit","Beef, Veal, Game (deer, venison), Poultry",Pinot Noir
Day Wines Deep Blue 2022,United States,28.99,4,images/Day_Wines_Deep_Blue_2022.png,images/bottle_Day_Wines_Deep_Blue_2022.png,Willamette Valley,Day Wines,"red fruit, black fruit, oak, non oak, earth, tree fruit, spices, vegetal","Beef, Veal, Game (deer, venison), Poultry",Pinot Noir
A.F. Gros Pommard Premier Cru 'Les Arvelets' 2022,France,215,4.3,images/AF_Gros_Pommard_Premier_Cru_Les_Arvelets_2022.png,images/bottle_AF_Gros_Pommard_Premier_Cru_Les_Arvelets_20.png,Pommard 1er Cru 'Les Arvelets',A.F. Gros,"earth, oak, black fruit, red fruit, non oak, spices, microbio","Beef, Veal, Game (deer, venison), Poultry",Pinot Noir
Yatir Winery Mt. Amasa 2020,Israel,51.99,4.2,images/Yatir_Winery_Mt_Amasa_2020.png,images/bottle_Yatir_Winery_Mt_Amasa_2020.png,Judean Hills,Yatir Winery,"oak, black fruit, earth, non oak, red fruit, spices, dried fruit, tree fruit, microbio, vegetal, citrus fruit, floral, tropical fruit","Beef, Lamb, Veal, Game (deer, venison), Poultry",
Louis Jadot Musigny Grand Cru 1988,France,714,4.4,images/Louis_Jadot_Musigny_Grand_Cru_1988.png,images/bottle_Louis_Jadot_Musigny_Grand_Cru_1988.png,Musigny Grand Cru,Louis Jadot,"earth, oak, black fruit, red fruit, floral, microbio, non oak, dried fruit, spices, citrus fruit, vegetal","Beef, Veal, Game (deer, venison), Poultry",Pinot Noir
Melville Estate Sta. Rita Hills Pinot Noir 2020,United States,44,3.9,images/Melville_Estate_Sta_Rita_Hills_Pinot_Noir_2020.png,images/bottle_Melville_Estate_Sta_Rita_Hills_Pinot_Noir_2.png,Sta. Rita Hills,Melville,"red fruit, earth, oak, non oak, spices, black fruit, microbio, floral, vegetal, citrus fruit, dried fruit, tree fruit, tropical fruit","Veal, Pork, Poultry, Mushrooms",Pinot Noir
August West Rosella's Vineyard Pinot Noir 2021,United States,70,4,images/August_West_Rosellas_Vineyard_Pinot_Noir_2021.png,images/bottle_August_West_Rosellas_Vineyard_Pinot_Noir_20.png,Santa Lucia Highlands,August West,"red fruit, earth, oak, spices, black fruit, non oak, microbio","Veal, Pork, Poultry, Mushrooms",Pinot Noir
Talbott Kali Hart Pinot Noir 2022,United States,20.99,3.8,images/Talbott_Kali_Hart_Pinot_Noir_2022.png,images/bottle_Talbott_Kali_Hart_Pinot_Noir_2022.png,Monterey,Talbott,"red fruit, oak, earth, non oak, spices, black fruit, microbio, vegetal, tree fruit, dried fruit, floral, citrus fruit, tropical fruit","Beef, Veal, Game (deer, venison), Poultry",Pinot Noir
Jean Noël Gagnard Santenay 1er Cru 'Clos de Tavannes' 2022,France,118,4.1,images/Jean_Nol_Gagnard_Santenay_1er_Cru_Clos_de_Tavannes.png,images/bottle_Jean_Nol_Gagnard_Santenay_1er_Cru_Clos_de_T.png,Santenay 1er Cru 'Clos de Tavannes',Jean Noël Gagnard,"red fruit, earth, oak, non oak, spices, microbio, black fruit, floral, citrus fruit","Beef, Veal, Game (deer, venison), Poultry",Pinot Noir
Korbel Blanc de Noirs,United States,13.99,3.7,images/Korbel_Blanc_de_Noirs.png,images/bottle_Korbel_Blanc_de_Noirs.png,California,Korbel,"tree fruit, citrus fruit, microbio, red fruit, non oak, earth, tropical fruit, spices, oak, black fruit, dried fruit","Shellfish, Appetizers and snacks, Lean fish, Aperitif","Chardonnay, Pinot Noir"
Bouchard Aîné & Fils Pommard Premier Cru Les Charmots (Cuvée Signature) 2005,France,110,4,images/Bouchard_An_Fils_Pommard_Premier_Cru_Les_Charmots_.png,images/bottle_Bouchard_An_Fils_Pommard_Premier_Cru_Les_Ch.png,Pommard Premier Cru,Bouchard Aîné & Fils,"earth, red fruit, oak, non oak, black fruit, tree fruit","Beef, Veal, Game (deer, venison), Poultry",Pinot Noir
Meyer - Näkel Blue Slate Pinot Noir 2021,Germany,99.99,4,images/Meyer_Nkel_Blue_Slate_Pinot_Noir_2021.jpg,,Ahr,Meyer - Näkel,"earth, red fruit, spices, microbio, oak, black fruit, dried fruit, non oak, tropical fruit, tree fruit, floral, vegetal","Beef, Veal, Game (deer, venison), Poultry",Pinot Noir
The Eyrie Vineyards Daphne Pinot Noir 2021,United States,128.99,4.2,images/The_Eyrie_Vineyards_Daphne_Pinot_Noir_2021.png,images/bottle_The_Eyrie_Vineyards_Daphne_Pinot_Noir_2021.png,Dundee Hills,The Eyrie Vineyards,"red fruit, earth, oak, spices, non oak, black fruit, floral, microbio, citrus fruit, vegetal, tree fruit, dried fruit","Beef, Veal, Game (deer, venison), Poultry",Pinot Noir
Domaine Comte Georges de Vogüé Musigny Grand Cru (Cuveé Vieilles Vignes) 2011,France,999,4.5,images/Domaine_Comte_Georges_de_Vog_Musigny_Grand_Cru_Cuv.png,images/bottle_Domaine_Comte_Georges_de_Vog_Musigny_Grand_.png,Musigny Grand Cru,Domaine Comte Georges de Vogüé,"earth, red fruit, oak, black fruit, non oak, spices, microbio, floral, dried fruit, vegetal, citrus fruit, tree fruit, tropical fruit","Beef, Veal, Game (deer, venison), Poultry",Pinot Noir
The Eyrie Vineyards Outcrop Pinot Noir 2020,United States,82.99,4,images/The_Eyrie_Vineyards_Outcrop_Pinot_Noir_2020.png,images/bottle_The_Eyrie_Vineyards_Outcrop_Pinot_Noir_2020.png,Dundee Hills,The Eyrie Vineyards,"earth, red fruit, microbio, black fruit, spices, oak, vegetal, floral, non oak","Beef, Veal, Game (deer, venison), Poultry",Pinot Noir
Domaine Faiveley Volnay 1er Cru 'Fremiets' 2022,France,90,4.1,images/Domaine_Faiveley_Volnay_1er_Cru_Fremiets_2022.png,images/bottle_Domaine_Faiveley_Volnay_1er_Cru_Fremiets_20.png,Volnay 1er Cru 'Fremiets',Domaine Faiveley,"red fruit, earth, oak, black fruit, spices, non oak, dried fruit, floral, vegetal, microbio","Beef, Veal, Game (deer, venison), Poultry",Pinot Noir
Teutonic Crow Valley Vineyard Pinot Noir 2023,United States,40,4.1,images/Teutonic_Crow_Valley_Vineyard_Pinot_Noir_2023.png,images/bottle_Teutonic_Crow_Valley_Vineyard_Pinot_Noir_20.png,Willamette Valley,Teutonic,"red fruit, oak, spices, earth, vegetal, non oak, black fruit, tree fruit, floral, microbio","Beef, Veal, Game (deer, venison), Poultry",Pinot Noir
Big Table Farm Sunnyside Vineyard Pinot Noir 2021,United States,83,4.2,images/Big_Table_Farm_Sunnyside_Vineyard_Pinot_Noir_2021.jpg,,Willamette Valley,Big Table Farm,"red fruit, earth, oak, non oak, spices, black fruit, floral, citrus fruit, microbio, vegetal, dried fruit, tree fruit","Beef, Veal, Game (deer, venison), Poultry",Pinot Noir
Fess Parker Santa Rita Hills Pinot Noir 2022,United States,32.99,4,images/Fess_Parker_Santa_Rita_Hills_Pinot_Noir_2022.png,images/bottle_Fess_Parker_Santa_Rita_Hills_Pinot_Noir_202.png,Sta. Rita Hills,Fess Parker,"red fruit, oak, earth, non oak, spices, black fruit, microbio, floral, vegetal, dried fruit, citrus fruit, tree fruit, tropical fruit","Veal, Pork, Poultry, Mushrooms",Pinot Noir
Shadowfax Pinot Noir 2020,Australia,34.99,3.7,images/Shadowfax_Pinot_Noir_2020.png,images/bottle_Shadowfax_Pinot_Noir_2020.png,Geelong,Shadowfax,"red fruit, earth, oak, non oak, black fruit, spices, microbio, vegetal, floral","Beef, Veal, Game (deer, venison), Poultry",Pinot Noir
Hartford Court Sevens Bench Vineyard Pinot Noir 2022,United States,78,4.2,images/Hartford_Court_Sevens_Bench_Vineyard_Pinot_Noir_20.png,images/bottle_Hartford_Court_Sevens_Bench_Vineyard_Pinot_.png,Los Carneros,Hartford Court,"red fruit, oak, earth, non oak, spices, black fruit, citrus fruit, dried fruit, floral, vegetal, microbio","Veal, Pork, Poultry, Mushrooms",Pinot Noir
Hartford Court Seascape Vineyard Pinot Noir 2023,United States,85,4.4,images/Hartford_Court_Seascape_Vineyard_Pinot_Noir_2023.png,images/bottle_Hartford_Court_Seascape_Vineyard_Pinot_Noir.png,Sonoma Coast,Hartford Court,"red fruit, oak, earth, non oak, spices, black fruit, vegetal, citrus fruit, microbio","Veal, Pork, Poultry, Mushrooms",Pinot Noir
Domaine des Rouges Queues Maranges 1er Cru 'Clos Roussots' 2021,France,86.99,4,images/Domaine_des_Rouges_Queues_Maranges_1er_Cru_Clos_Ro.png,images/bottle_Domaine_des_Rouges_Queues_Maranges_1er_Cru_.png,Maranges 1er Cru 'Les Clos Roussots',Domaine des Rouges Queues,"red fruit, earth, oak, black fruit, non oak, spices, floral, vegetal, microbio","Beef, Veal, Game (deer, venison), Poultry",Pinot Noir
RouteStock Pinot Noir (Route 116) 2021,United States,21.99,4,images/RouteStock_Pinot_Noir_Route_116_2021.png,images/bottle_RouteStock_Pinot_Noir_Route_116_2021.png,Sonoma Coast,RouteStock,"red fruit, oak, earth, non oak, spices, black fruit, microbio, floral, vegetal, dried fruit, citrus fruit, tree fruit, tropical fruit","Veal, Pork, Poultry, Mushrooms",Pinot Noir
By Farr Farrside Pinot Noir 2021,Australia,85.99,4.4,images/By_Farr_Farrside_Pinot_Noir_2021.png,images/bottle_By_Farr_Farrside_Pinot_Noir_2021.png,Geelong,By Farr,"red fruit, oak, earth, non oak, spices, black fruit, microbio, vegetal, floral, dried fruit, citrus fruit, tree fruit, tropical fruit","Beef, Veal, Game (deer, venison), Poultry",Pinot Noir
Gooseneck Vineyards Pinot Noir 2022,United States,22.99,3.7,images/Gooseneck_Vineyards_Pinot_Noir_2022.png,images/bottle_Gooseneck_Vineyards_Pinot_Noir_2022.png,Oregon,Gooseneck Vineyards,"red fruit, oak, black fruit, earth, spices, vegetal","Beef, Veal, Game (deer, venison), Poultry",Pinot Noir
Domaine Drouhin-Laroze Gevrey-Chambertin 1er Cru 'Clos Prieur' 2012,France,125,3.9,images/Domaine_Drouhin_Laroze_Gevrey_Chambertin_1er_Cru_C.png,images/bottle_Domaine_Drouhin_Laroze_Gevrey_Chambertin_1e.png,Gevrey-Chambertin 1er Cru 'Clos Prieur',Domaine Drouhin-Laroze,"red fruit, earth, oak, non oak, spices, black fruit, microbio","Beef, Veal, Game (deer, venison), Poultry",Pinot Noir
Paul Prieur & Fils Sancerre Rouge 2020,France,30,4.2,images/Paul_Prieur_Fils_Sancerre_Rouge_2020.png,images/bottle_Paul_Prieur_Fils_Sancerre_Rouge_2020.png,Sancerre,Paul Prieur & Fils,"earth, red fruit, citrus fruit, tree fruit, oak, microbio, spices, black fruit, vegetal, non oak, tropical fruit, floral, dried fruit","Veal, Game (deer, venison), Poultry","Cabernet Franc, Pinot Noir, Gamay, Grolleau"
Foxen Solomon Hills Vineyard Pinot Noir 2020,United States,65,4.3,images/Foxen_Solomon_Hills_Vineyard_Pinot_Noir_2020.jpg,,Santa Maria Valley,Foxen,"red fruit, spices, earth, oak, non oak, black fruit, floral, vegetal, dried fruit, citrus fruit, microbio, tree fruit","Veal, Pork, Poultry, Mushrooms",Pinot Noir
Bergström La Spirale Pinot Noir 2020,United States,108,4.3,images/Bergstrm_La_Spirale_Pinot_Noir_2020.png,images/bottle_Bergstrm_La_Spirale_Pinot_Noir_2020.png,Ribbon Ridge,Bergström,"earth, red fruit, oak, non oak, black fruit, spices, vegetal, microbio, floral","Beef, Veal, Game (deer, venison), Poultry",Pinot Noir
Prosper Maufoux Nuits-Saint-Georges 2019,France,119.99,4.2,images/Prosper_Maufoux_Nuits_Saint_Georges_2019.png,images/bottle_Prosper_Maufoux_Nuits_Saint_Georges_2019.png,Nuits-Saint-Georges,Prosper Maufoux,"black fruit, red fruit, oak, dried fruit","Beef, Veal, Game (deer, venison), Poultry",Pinot Noir
Joseph Phelps Vineyards Freestone Vineyards Pinot Noir 2021,United States,65.99,4.3,images/Joseph_Phelps_Vineyards_Freestone_Vineyards_Pinot_.png,images/bottle_Joseph_Phelps_Vineyards_Freestone_Vineyards.png,Sonoma Coast,Joseph Phelps Vineyards,"red fruit, oak, earth, non oak, spices, black fruit, microbio, floral, citrus fruit, vegetal, tree fruit, dried fruit, tropical fruit","Veal, Pork, Poultry, Mushrooms",Pinot Noir
Domaine Vacheron Sancerre Les Marnes 2022,France,109.99,4.2,images/Domaine_Vacheron_Sancerre_Les_Marnes_2022.png,images/bottle_Domaine_Vacheron_Sancerre_Les_Marnes_2022.png,Sancerre,Domaine Vacheron,"tree fruit, citrus fruit, floral, spices, earth, black fruit, vegetal, microbio","Veal, Game (deer, venison), Poultry","Cabernet Franc, Pinot Noir, Gamay, Grolleau"
Gérard Mugneret Cuvée Précolombière Vosne-Romanée 2022,France,154,4.3,images/Grard_Mugneret_Cuve_Prcolombire_Vosne_Romane_2022.jpg,,Vosne-Romanée,Gérard Mugneret,"red fruit, oak, non oak, earth, spices, black fruit","Beef, Veal, Game (deer, venison), Poultry",Pinot Noir
Bouchard Père & Fils Vosne-Romanée Premier Cru Aux Reignots 1988,France,530,4.2,images/Bouchard_Pre_Fils_Vosne_Romane_Premier_Cru_Aux_Rei.png,images/bottle_Bouchard_Pre_Fils_Vosne_Romane_Premier_Cru_.png,Vosne-Romanée Premier Cru,Bouchard Père & Fils,"earth, oak, red fruit, black fruit, microbio, non oak, floral, dried fruit, spices, citrus fruit","Beef, Veal, Game (deer, venison), Poultry",Pinot Noir
Remoissenet Père & Fils Charmes-Chambertin Grand Cru 2018,France,369.99,4.4,images/Remoissenet_Pre_Fils_Charmes_Chambertin_Grand_Cru_.png,images/bottle_Remoissenet_Pre_Fils_Charmes_Chambertin_Gra.png,Charmes-Chambertin Grand Cru,Remoissenet Père & Fils,"red fruit, black fruit, earth, tree fruit, oak, dried fruit, citrus fruit, spices, non oak","Beef, Veal, Game (deer, venison), Poultry",Pinot Noir
Domaine Henri Gouges Nuits-Saint-Georges 2019,France,109.99,4.1,images/Domaine_Henri_Gouges_Nuits_Saint_Georges_2019.png,images/bottle_Domaine_Henri_Gouges_Nuits_Saint_Georges_20.png,Nuits-Saint-Georges,Domaine Henri Gouges,"red fruit, earth, oak, non oak, microbio, black fruit, spices, floral, dried fruit, citrus fruit, vegetal, tree fruit","Beef, Veal, Game (deer, venison), Poultry",Pinot Noir
Larson Family Winery Pinot Noir 2021,United States,55,3.9,images/Larson_Family_Winery_Pinot_Noir_2021.jpg,,Los Carneros,Larson Family Winery,"red fruit, oak, black fruit, spices, earth, non oak, microbio, dried fruit, vegetal","Veal, Pork, Poultry, Mushrooms",Pinot Noir
Selby Pinot Noir 2023,United States,43,4.1,images/Selby_Pinot_Noir_2023.png,images/bottle_Selby_Pinot_Noir_2023.png,Russian River Valley,Selby,"red fruit, oak, earth, black fruit, non oak, spices, microbio, dried fruit, tree fruit, floral","Veal, Pork, Poultry, Mushrooms",Pinot Noir
Carte Blanche Sun Chase Vineyard Pinot Noir 2023,United States,90,4.3,images/Carte_Blanche_Sun_Chase_Vineyard_Pinot_Noir_2023.png,images/bottle_Carte_Blanche_Sun_Chase_Vineyard_Pinot_Noir.png,Sonoma Coast,Carte Blanche,"red fruit, oak, black fruit, earth, dried fruit, spices, non oak, floral, vegetal, microbio","Veal, Pork, Poultry, Mushrooms",Pinot Noir
Clos Frantin Clos Frantin Bourgogne Cote d'Or Pinot Noir 2021,France,53.99,4,images/Clos_Frantin_Clos_Frantin_Bourgogne_Cote_dOr_Pinot.jpg,,Bourgogne,Clos Frantin,"red fruit, non oak, oak, spices, earth, black fruit, microbio, dried fruit","Beef, Veal, Game (deer, venison), Poultry",Pinot Noir
Gran Moraine Pinot Noir 2021,United States,59.99,4.3,images/Gran_Moraine_Pinot_Noir_2021.png,images/bottle_Gran_Moraine_Pinot_Noir_2021.png,Yamhill-Carlton District,Gran Moraine,"red fruit, earth, oak, non oak, spices, black fruit, microbio, floral, citrus fruit, vegetal, dried fruit, tree fruit, tropical fruit","Beef, Veal, Game (deer, venison), Poultry",Pinot Noir
Longoria Lovely Rita Pinot Noir 2023,United States,39,4,images/Longoria_Lovely_Rita_Pinot_Noir_2023.png,images/bottle_Longoria_Lovely_Rita_Pinot_Noir_2023.png,Sta. Rita Hills,Longoria,"red fruit, earth, oak, non oak, microbio, spices, black fruit, tree fruit, vegetal","Veal, Pork, Poultry, Mushrooms",Pinot Noir
Domaine des Rouges Queues Maranges 1er Cru 'La Fussière' 2021,France,86.99,4.1,images/Domaine_des_Rouges_Queues_Maranges_1er_Cru_La_Fuss.png,images/bottle_Domaine_des_Rouges_Queues_Maranges_1er_Cru_.png,Maranges 1er Cru 'Clos de la Fussière',Domaine des Rouges Queues,"red fruit, earth, black fruit, spices, microbio, oak, dried fruit, vegetal, non oak","Beef, Veal, Game (deer, venison), Poultry",Pinot Noir
Louis Jadot Chambolle-Musigny Premier Cru Les Amoureuses 2004,France,588,4.2,images/Louis_Jadot_Chambolle_Musigny_Premier_Cru_Les_Amou.png,images/bottle_Louis_Jadot_Chambolle_Musigny_Premier_Cru_L.png,Chambolle-Musigny Premier Cru,Louis Jadot,"red fruit, oak, earth, black fruit, non oak, spices, microbio, floral","Beef, Veal, Game (deer, venison), Poultry",Pinot Noir
Les Pieds Sur Terre Pinot Noir Les Trouillots 2021,France,63,3.7,images/Les_Pieds_Sur_Terre_Pinot_Noir_Les_Trouillots_2021.png,images/bottle_Les_Pieds_Sur_Terre_Pinot_Noir_Les_Trouillo.png,Côtes du Jura,Les Pieds Sur Terre,"earth, red fruit, microbio, vegetal, black fruit, spices","Game (deer, venison), Appetizers and snacks, Mushrooms, Mild and soft cheese, Cured Meat","Pinot Noir, Trousseau, Poulsard"
Williams Selyem Sonoma Coast Pinot Noir 2021,United States,135,4.5,images/Williams_Selyem_Sonoma_Coast_Pinot_Noir_2021.png,images/bottle_Williams_Selyem_Sonoma_Coast_Pinot_Noir_202.png,Sonoma Coast,Williams Selyem,"red fruit, oak, non oak, earth, spices, black fruit, vegetal, floral, microbio, dried fruit, citrus fruit, tree fruit, tropical fruit","Veal, Pork, Poultry, Mushrooms",Pinot Noir
Hartford Court Muldune Trail Pinot Noir 2022,United States,78,4.2,images/Hartford_Court_Muldune_Trail_Pinot_Noir_2022.png,images/bottle_Hartford_Court_Muldune_Trail_Pinot_Noir_202.png,Anderson Valley,Hartford Court,"earth, red fruit, oak, non oak, black fruit, spices, vegetal","Veal, Pork, Poultry, Mushrooms",Pinot Noir
Lavinea Tualatin Estate Pinot Noir 2018,United States,49.99,4.3,images/Lavinea_Tualatin_Estate_Pinot_Noir_2018.png,images/bottle_Lavinea_Tualatin_Estate_Pinot_Noir_2018.png,Willamette Valley,Lavinea,"earth, red fruit, oak, non oak, microbio, black fruit, spices, citrus fruit, floral, vegetal","Beef, Veal, Game (deer, venison), Poultry",Pinot Noir
Dobbes Family Estate Eola-Amity Cuvée Pinot Noir 2021,United States,45,4.2,images/Dobbes_Family_Estate_Eola_Amity_Cuve_Pinot_Noir_20.png,images/bottle_Dobbes_Family_Estate_Eola_Amity_Cuve_Pinot_.png,Eola-Amity Hills,Dobbes Family Estate,"red fruit, earth, oak, black fruit, spices, non oak, microbio","Beef, Veal, Game (deer, venison), Poultry",Pinot Noir
Domaine Loubejac Pinot Noir 2023,United States,21.97,3.9,images/Domaine_Loubejac_Pinot_Noir_2023.png,images/bottle_Domaine_Loubejac_Pinot_Noir_2023.png,Willamette Valley,Domaine Loubejac,"red fruit, earth, oak, non oak, spices, black fruit, microbio, dried fruit, floral, vegetal, citrus fruit, tree fruit","Beef, Veal, Game (deer, venison), Poultry",Pinot Noir
Adrien Renoir Lieu Dit Les Epinettes Champagne Grand Cru 'Verzy' 2019,France,152,4.3,images/Adrien_Renoir_Lieu_Dit_Les_Epinettes_Champagne_Gra.png,images/bottle_Adrien_Renoir_Lieu_Dit_Les_Epinettes_Champa.png,Champagne Grand Cru 'Verzy',Adrien Renoir,"tree fruit, non oak, oak, microbio, earth, tropical fruit, citrus fruit, spices, vegetal","Pork, Rich fish (salmon, tuna etc), Shellfish, Mild and soft cheese","Chardonnay, Pinot Noir, Pinot Meunier"
Domaine Pavelot - Jean-Marc et Hughes Savigny-les-Beaune 1er Cru 'Les Peuillets' 2016,France,42,4,images/Domaine_Pavelot_Jean_Marc_et_Hughes_Savigny_les_Be.png,images/bottle_Domaine_Pavelot_Jean_Marc_et_Hughes_Savigny.png,Savigny-lès-Beaune 1er Cru 'Les Peuillets',Domaine Pavelot - Jean-Marc et Hughes,"earth, red fruit, oak, non oak, spices, black fruit, microbio, dried fruit, vegetal","Beef, Veal, Game (deer, venison), Poultry",Pinot Noir
Philippe Pacalet Corton-Bressandes Grand Cru 2020,France,489,4.4,images/Philippe_Pacalet_Corton_Bressandes_Grand_Cru_2020.png,images/bottle_Philippe_Pacalet_Corton_Bressandes_Grand_Cr.png,Corton Grand Cru 'Les Bressandes',Philippe Pacalet,"red fruit, oak, spices, earth, non oak, black fruit, tree fruit, microbio, floral, vegetal","Beef, Veal, Game (deer, venison), Poultry",Pinot Noir
Hundred Suns Bednarik Vineyard Pinot Noir 2023,United States,68.99,4.4,images/Hundred_Suns_Bednarik_Vineyard_Pinot_Noir_2023.png,images/bottle_Hundred_Suns_Bednarik_Vineyard_Pinot_Noir_2.png,Willamette Valley,Hundred Suns,"red fruit, oak, black fruit, earth, microbio, spices, non oak, dried fruit, vegetal","Beef, Veal, Game (deer, venison), Poultry",Pinot Noir
Gust Pinot Noir 2022,United States,35.99,4.1,images/Gust_Pinot_Noir_2022.jpg,,Petaluma Gap,Gust,"red fruit, earth, black fruit, oak, non oak, dried fruit, spices","Beef, Veal, Game (deer, venison), Poultry",Pinot Noir
Aurélien Verdet Nuits-Saint-Georges 2017,France,94.99,4.3,images/Aurlien_Verdet_Nuits_Saint_Georges_2017.png,images/bottle_Aurlien_Verdet_Nuits_Saint_Georges_2017.png,Nuits-Saint-Georges,Aurélien Verdet,"red fruit, earth, oak, spices, non oak, black fruit, microbio, dried fruit, floral, citrus fruit, vegetal","Beef, Veal, Game (deer, venison), Poultry",Pinot Noir
A Los Viñateros Bravos Canto a Lo Divino 2021,Chile,19.99,3.8,images/A_Los_Viateros_Bravos_Canto_a_Lo_Divino_2021.png,images/bottle_A_Los_Viateros_Bravos_Canto_a_Lo_Divino_202.png,Itata Valley,A Los Viñateros Bravos,"earth, red fruit, spices, black fruit, dried fruit, non oak, oak, citrus fruit, floral, microbio",,
Domaine Collotte Fixin Les Champstions 2022,France,59.99,3.9,images/Domaine_Collotte_Fixin_Les_Champstions_2022.png,images/bottle_Domaine_Collotte_Fixin_Les_Champstions_2022.png,Fixin,Domaine Collotte,"red fruit, earth, non oak, oak, microbio, spices, floral","Beef, Veal, Game (deer, venison), Poultry",Pinot Noir
August Briggs Pinot Noir 2006,United States,39.99,4.1,images/August_Briggs_Pinot_Noir_2006.jpg,,Russian River Valley,August Briggs,"red fruit, oak, non oak, earth, spices, black fruit, microbio, dried fruit, floral","Veal, Pork, Poultry, Mushrooms",Pinot Noir
Henri & Philippe Jouan Chambolle-Musigny Vieilles Vignes 2020,France,119.99,4.2,images/Henri_Philippe_Jouan_Chambolle_Musigny_Vieilles_Vi.png,images/bottle_Henri_Philippe_Jouan_Chambolle_Musigny_Viei.png,Chambolle-Musigny,Henri & Philippe Jouan,"red fruit, earth, oak, microbio, non oak, black fruit, spices","Beef, Veal, Game (deer, venison), Poultry",Pinot Noir
Domaine Faiveley Mercurey 1er Cru Clos des Myglands 2022,France,57.99,4.2,images/Domaine_Faiveley_Mercurey_1er_Cru_Clos_des_Mygland.png,images/bottle_Domaine_Faiveley_Mercurey_1er_Cru_Clos_des_.png,Mercurey 1er Cru 'Clos des Myglands',Domaine Faiveley,"red fruit, earth, oak, non oak, spices, black fruit, microbio, floral, vegetal, dried fruit, citrus fruit, tree fruit","Beef, Veal, Game (deer, venison), Poultry",Pinot Noir
Talley Vineyards Estate Pinot Noir 2021,United States,36.99,4.2,images/Talley_Vineyards_Estate_Pinot_Noir_2021.png,images/bottle_Talley_Vineyards_Estate_Pinot_Noir_2021.png,Arroyo Grande Valley,Talley Vineyards,"red fruit, oak, earth, non oak, spices, black fruit, microbio, citrus fruit, floral, vegetal, dried fruit, tree fruit, tropical fruit","Beef, Veal, Game (deer, venison), Poultry",Pinot Noir
Modus Operandi Bacigalupi Vineyard Pinot Noir 2021,United States,85,4.3,images/Modus_Operandi_Bacigalupi_Vineyard_Pinot_Noir_2021.png,images/bottle_Modus_Operandi_Bacigalupi_Vineyard_Pinot_No.png,Russian River Valley,Modus Operandi,"red fruit, oak, earth, spices, non oak, black fruit, microbio, dried fruit","Veal, Pork, Poultry, Mushrooms",Pinot Noir
Domaine Carneros Estate Pinot Noir 2020,United States,36.99,4.1,images/Domaine_Carneros_Estate_Pinot_Noir_2020.png,images/bottle_Domaine_Carneros_Estate_Pinot_Noir_2020.png,Los Carneros,Domaine Carneros,"red fruit, oak, earth, non oak, black fruit, spices, microbio, vegetal, citrus fruit, floral, dried fruit, tree fruit","Veal, Pork, Poultry, Mushrooms",Pinot Noir
Dupont-Tisserandot Gevrey-Chambertin 1er Cru 'Les Cazetiers' 2012,France,158,4.3,images/Dupont_Tisserandot_Gevrey_Chambertin_1er_Cru_Les_C.png,images/bottle_Dupont_Tisserandot_Gevrey_Chambertin_1er_Cr.png,Gevrey-Chambertin 1er Cru 'Les Cazetiers',Dupont-Tisserandot,"earth, oak, non oak, red fruit, microbio, black fruit, spices, floral, vegetal, citrus fruit","Beef, Veal, Game (deer, venison), Poultry",Pinot Noir
Leese-Fitch Pinot Noir 2020,United States,15.99,3.7,images/Leese_Fitch_Pinot_Noir_2020.png,images/bottle_Leese_Fitch_Pinot_Noir_2020.png,California,Leese-Fitch,"red fruit, oak, non oak, earth, spices, black fruit, microbio, dried fruit, vegetal, floral, tree fruit, citrus fruit, tropical fruit","Beef, Veal, Game (deer, venison), Poultry",Pinot Noir
Harmonique Oppenlander Pinot Noir 2012,United States,52,3.9,images/Harmonique_Oppenlander_Pinot_Noir_2012.png,images/bottle_Harmonique_Oppenlander_Pinot_Noir_2012.png,Mendocino County,Harmonique,"red fruit, earth, black fruit, non oak, oak, spices, tree fruit","Beef, Veal, Game (deer, venison), Poultry",Pinot Noir
Belle Pente Pinot Noir 2022,United States,34.99,4,images/Belle_Pente_Pinot_Noir_2022.png,images/bottle_Belle_Pente_Pinot_Noir_2022.png,Yamhill-Carlton District,Belle Pente,"red fruit, earth, oak, non oak, black fruit, spices, microbio, citrus fruit, vegetal","Beef, Veal, Game (deer, venison), Poultry",Pinot Noir
Littorai Les Larmes Pinot Noir 2021,United States,74.99,4.4,images/Littorai_Les_Larmes_Pinot_Noir_2021.png,images/bottle_Littorai_Les_Larmes_Pinot_Noir_2021.png,Anderson Valley,Littorai,"red fruit, oak, earth, non oak, spices, black fruit, floral, microbio, vegetal, citrus fruit, dried fruit, tree fruit, tropical fruit","Veal, Pork, Poultry, Mushrooms",Pinot Noir
Ménage à Trois Luscious Pinot Noir 2022,United States,10.99,3.8,images/Mnage_Trois_Luscious_Pinot_Noir_2022.png,images/bottle_Mnage_Trois_Luscious_Pinot_Noir_2022.png,California,Ménage à Trois,"red fruit, oak, non oak, spices, black fruit, earth, microbio, dried fruit, vegetal, tree fruit, floral, citrus fruit","Beef, Veal, Game (deer, venison), Poultry",Pinot Noir
Valravn Pinot Noir 2021,United States,21.99,4.1,images/Valravn_Pinot_Noir_2021.png,images/bottle_Valravn_Pinot_Noir_2021.png,Sonoma County,Valravn,"red fruit, oak, non oak, earth, spices, black fruit, dried fruit, microbio, citrus fruit, floral, vegetal, tree fruit, tropical fruit","Beef, Veal, Game (deer, venison), Poultry",Pinot Noir
R. Parr & S. Moorman Sta. Rita Hills 2018,United States,143,3.7,images/R_Parr_S_Moorman_Sta_Rita_Hills_2018.jpg,,Sta. Rita Hills,R. Parr & S. Moorman,"earth, red fruit, oak, non oak, black fruit, tropical fruit, microbio","Veal, Pork, Poultry, Mushrooms",Pinot Noir
Portola Los Trancos Creek Vineyard Pinot Noir 2021,United States,42,3.9,images/Portola_Los_Trancos_Creek_Vineyard_Pinot_Noir_2021.jpg,,Santa Clara Valley,Portola,"oak, red fruit, earth, black fruit, tree fruit, spices, microbio, non oak","Beef, Veal, Game (deer, venison), Poultry",Pinot Noir
Paradise Springs Pinot Noir 2019,United States,58,3.9,images/Paradise_Springs_Pinot_Noir_2019.jpg,,Sta. Rita Hills,Paradise Springs,"red fruit, earth, non oak, oak, black fruit, microbio, dried fruit, spices, vegetal, tree fruit, floral","Veal, Pork, Poultry, Mushrooms",Pinot Noir
Lavinea Elton Vineyard Pinot Noir 2018,United States,49.99,4.1,images/Lavinea_Elton_Vineyard_Pinot_Noir_2018.png,images/bottle_Lavinea_Elton_Vineyard_Pinot_Noir_2018.png,Eola-Amity Hills,Lavinea,"red fruit, earth, non oak, oak, black fruit, spices, floral, citrus fruit, microbio, vegetal, dried fruit","Beef, Veal, Game (deer, venison), Poultry",Pinot Noir
Malat Reserve Brut Rosé 2017,Austria,51.99,3.9,images/Malat_Reserve_Brut_Ros_2017.png,images/bottle_Malat_Reserve_Brut_Ros_2017.png,Kremstal,Malat,"red fruit, microbio, tree fruit, citrus fruit, earth, non oak, dried fruit, tropical fruit","Shellfish, Appetizers and snacks, Lean fish, Aperitif",
Benoît Déhu Cuvée de L'Orme Champagne 2016,France,148,4.3,images/Benot_Dhu_Cuve_de_LOrme_Champagne_2016.jpg,,Champagne,Benoît Déhu,"tree fruit, earth, oak, citrus fruit, non oak, microbio, spices, red fruit, black fruit, tropical fruit, floral","Pork, Rich fish (salmon, tuna etc), Shellfish, Mild and soft cheese","Chardonnay, Pinot Noir, Pinot Meunier"
Domaine Rossignol-Trapet Gevrey-Chambertin Les Corbeaux 1er Cru 2021,France,263,4.2,images/Domaine_Rossignol_Trapet_Gevrey_Chambertin_Les_Cor.png,images/bottle_Domaine_Rossignol_Trapet_Gevrey_Chambertin_.png,Gevrey-Chambertin 1er Cru 'Les Crobeaux',Domaine Rossignol-Trapet,"red fruit, earth, oak, spices, non oak, microbio, black fruit, dried fruit, citrus fruit, floral","Beef, Veal, Game (deer, venison), Poultry",Pinot Noir
Dugat-Py Vieilles Vignes Gevrey-Chambertin 1er Cru 'Petite Chapelle' 2019,France,434,4.3,images/Dugat_Py_Vieilles_Vignes_Gevrey_Chambertin_1er_Cru.png,images/bottle_Dugat_Py_Vieilles_Vignes_Gevrey_Chambertin_.png,Gevrey-Chambertin 1er Cru 'Petite Chapelle',Dugat-Py,"earth, black fruit, oak, red fruit, non oak, spices, floral, vegetal, microbio","Beef, Veal, Game (deer, venison), Poultry",Pinot Noir
Lignier-Michelot Morey-Saint-Denis Premier Cru 'Aux Chezeaux' 2019,France,180,4.1,images/Lignier_Michelot_Morey_Saint_Denis_Premier_Cru_Aux.png,images/bottle_Lignier_Michelot_Morey_Saint_Denis_Premier_.png,Morey-Saint-Denis 1er Cru 'Aux Cheseaux',Lignier-Michelot,"red fruit, oak, earth, non oak, black fruit, spices, floral","Beef, Veal, Game (deer, venison), Poultry",Pinot Noir
Petri Pinot Noir 2022,Germany,23.99,3.6,images/Petri_Pinot_Noir_2022.jpg,,Pfalz,Petri,"red fruit, black fruit, earth, oak, dried fruit, citrus fruit, floral, non oak","Beef, Veal, Game (deer, venison), Poultry",Pinot Noir
Mount Eden Vineyards Domaine Eden Pinot Noir 2019,United States,45,4.1,images/Mount_Eden_Vineyards_Domaine_Eden_Pinot_Noir_2019.png,images/bottle_Mount_Eden_Vineyards_Domaine_Eden_Pinot_Noi.png,Santa Cruz Mountains,Mount Eden Vineyards,"red fruit, earth, oak, non oak, spices, black fruit, floral, microbio, vegetal, citrus fruit, dried fruit, tree fruit, tropical fruit","Beef, Veal, Game (deer, venison), Poultry",Pinot Noir
Dobbes Family Estate Griffin's Cuvée Pinot Noir 2021,United States,55,4.1,images/Dobbes_Family_Estate_Griffins_Cuve_Pinot_Noir_2021.png,images/bottle_Dobbes_Family_Estate_Griffins_Cuve_Pinot_No.png,Willamette Valley,Dobbes Family Estate,"red fruit, earth, black fruit, oak, spices, microbio, non oak","Beef, Veal, Game (deer, venison), Poultry",Pinot Noir
Cristom Paul Gerrie Vineyard Pinot Noir 2022,United States,86.99,4.2,images/Cristom_Paul_Gerrie_Vineyard_Pinot_Noir_2022.png,images/bottle_Cristom_Paul_Gerrie_Vineyard_Pinot_Noir_202.png,Eola-Amity Hills,Cristom,"red fruit, earth, oak, non oak, black fruit, floral, spices, microbio, vegetal","Beef, Veal, Game (deer, venison), Poultry",Pinot Noir
Nicolas Jay L'Ensemble Pinot Noir 2018,United States,70,4.2,images/Nicolas_Jay_LEnsemble_Pinot_Noir_2018.png,images/bottle_Nicolas_Jay_LEnsemble_Pinot_Noir_2018.png,Willamette Valley,Nicolas Jay,"red fruit, oak, spices, black fruit, earth, non oak, floral, microbio, vegetal, dried fruit, tree fruit","Beef, Veal, Game (deer, venison), Poultry",Pinot Noir
Pierre Labet - François Labet Vieilles Vignes Bourgogne Pinot Noir 2017,France,55.99,3.8,images/Pierre_Labet_Franois_Labet_Vieilles_Vignes_Bourgog.png,images/bottle_Pierre_Labet_Franois_Labet_Vieilles_Vignes_.png,Bourgogne,Pierre Labet - François Labet,"red fruit, oak, earth, spices, non oak, black fruit, microbio, floral, vegetal, dried fruit, tree fruit, citrus fruit, tropical fruit","Beef, Veal, Game (deer, venison), Poultry",Pinot Noir
Jean-Marc Vincent Gravité 2022,France,179.99,4.2,images/Jean_Marc_Vincent_Gravit_2022.png,images/bottle_Jean_Marc_Vincent_Gravit_2022.png,Côte de Beaune,Jean-Marc Vincent,"red fruit, oak, black fruit, earth, floral, non oak","Beef, Veal, Game (deer, venison), Poultry",Pinot Noir
Domaine Marquis d'Angerville Fremiet Volnay 1er Cru 2018,France,180,4.4,images/Domaine_Marquis_dAngerville_Fremiet_Volnay_1er_Cru.png,images/bottle_Domaine_Marquis_dAngerville_Fremiet_Volnay_.png,Volnay Premier Cru,Domaine Marquis d'Angerville,"red fruit, earth, oak, spices, black fruit, non oak, microbio, floral, vegetal, citrus fruit, tropical fruit, tree fruit","Beef, Veal, Game (deer, venison), Poultry",Pinot Noir
Chacra Barda Pinot Noir 2023,Argentina,34.99,4.1,images/Chacra_Barda_Pinot_Noir_2023.png,images/bottle_Chacra_Barda_Pinot_Noir_2023.png,Patagonia,Chacra,"red fruit, oak, earth, non oak, spices, black fruit, microbio, vegetal, floral, dried fruit, citrus fruit, tree fruit, tropical fruit","Beef, Veal, Game (deer, venison), Poultry",Pinot Noir
Paul Hobbs Pinot Noir 2022,United States,79.99,4.4,images/Paul_Hobbs_Pinot_Noir_2022.png,images/bottle_Paul_Hobbs_Pinot_Noir_2022.png,Sonoma Coast,Paul Hobbs,"red fruit, oak, black fruit, non oak, spices, tree fruit, earth, dried fruit","Veal, Pork, Poultry, Mushrooms",Pinot Noir
Hagafen Pinot Noir 2022,United States,39.99,3.6,images/Hagafen_Pinot_Noir_2022.png,images/bottle_Hagafen_Pinot_Noir_2022.png,Los Carneros,Hagafen,"red fruit, earth, oak, spices, black fruit, non oak, dried fruit, vegetal","Veal, Pork, Poultry, Mushrooms",Pinot Noir
Domaine Antonin Guyon Chambolle-Musigny 1991,France,165,4.1,images/Domaine_Antonin_Guyon_Chambolle_Musigny_1991.png,images/bottle_Domaine_Antonin_Guyon_Chambolle_Musigny_199.png,Chambolle-Musigny,Domaine Antonin Guyon,"red fruit, spices, earth, oak, black fruit, dried fruit, microbio, non oak, tree fruit, floral","Beef, Veal, Game (deer, venison), Poultry",Pinot Noir
Jean Bouchard Vosne-Romanée 1978,France,245,4,images/Jean_Bouchard_Vosne_Romane_1978.jpg,,Vosne-Romanée,Jean Bouchard,"earth, oak, red fruit, microbio","Beef, Veal, Game (deer, venison), Poultry",Pinot Noir
Gusbourne Rosé 2019,United Kingdom,85,4.1,images/Gusbourne_Ros_2019.png,images/bottle_Gusbourne_Ros_2019.png,Kent,Gusbourne,"red fruit, microbio, citrus fruit, non oak, tree fruit, oak, earth, vegetal, spices, floral, black fruit, tropical fruit, dried fruit","Shellfish, Appetizers and snacks, Lean fish, Aperitif","Chardonnay, Pinot Noir, Pinot Meunier"
Schloss Gobelsburg Pinot Noir Reserve 2018,Austria,61.99,4,images/Schloss_Gobelsburg_Pinot_Noir_Reserve_2018.png,images/bottle_Schloss_Gobelsburg_Pinot_Noir_Reserve_2018.png,Niederösterreich,Schloss Gobelsburg,"red fruit, oak, earth, non oak, spices, black fruit, vegetal, microbio, dried fruit, citrus fruit","Beef, Veal, Game (deer, venison), Poultry",Pinot Noir
Domaine Fourrier Bourgogne Pinot Noir 2021,France,75,4.1,images/Domaine_Fourrier_Bourgogne_Pinot_Noir_2021.png,images/bottle_Domaine_Fourrier_Bourgogne_Pinot_Noir_2021.png,Bourgogne,Domaine Fourrier,"red fruit, oak, earth, spices, non oak, black fruit, microbio, floral, vegetal, citrus fruit","Beef, Veal, Game (deer, venison), Poultry",Pinot Noir
Vignerons de Buxy Mercurey Buissonnier Rouge 2022,France,24.99,3.8,images/Vignerons_de_Buxy_Mercurey_Buissonnier_Rouge_2022.png,images/bottle_Vignerons_de_Buxy_Mercurey_Buissonnier_Roug.png,Mercurey,Vignerons de Buxy,"red fruit, earth, microbio, oak, spices, non oak, black fruit, citrus fruit","Beef, Veal, Game (deer, venison), Poultry",Pinot Noir
Bitouzet-Prieur Volnay 1er Cru 'Caillerets' 2017,France,134,4.1,images/Bitouzet_Prieur_Volnay_1er_Cru_Caillerets_2017.png,images/bottle_Bitouzet_Prieur_Volnay_1er_Cru_Caillerets_2.png,Volnay 1er Cru 'Les Caillerets',Bitouzet-Prieur,"red fruit, earth, spices, oak, black fruit, vegetal, non oak, dried fruit, floral, microbio","Beef, Veal, Game (deer, venison), Poultry",Pinot Noir
Trinity Vineyards Pinot Noir 2019,United States,45,3.8,images/Trinity_Vineyards_Pinot_Noir_2019.jpg,,Willamette Valley,Trinity Vineyards,"oak, red fruit, spices, non oak, black fruit, earth, dried fruit, citrus fruit, vegetal","Beef, Veal, Game (deer, venison), Poultry",Pinot Noir
Louis Jadot Gevrey Chambertin 2021,France,89.99,4.1,images/Louis_Jadot_Gevrey_Chambertin_2021.png,images/bottle_Louis_Jadot_Gevrey_Chambertin_2021.png,Gevrey-Chambertin,Louis Jadot,"red fruit, earth, oak, non oak, spices, microbio, black fruit, floral, vegetal, dried fruit, tree fruit, citrus fruit","Beef, Veal, Game (deer, venison), Poultry",Pinot Noir
Layer Cake Pinot Noir 2021,United States,14.99,3.7,images/Layer_Cake_Pinot_Noir_2021.png,images/bottle_Layer_Cake_Pinot_Noir_2021.png,Central Coast,Layer Cake,"oak, red fruit, earth, non oak, black fruit, spices, microbio, dried fruit, tree fruit, citrus fruit, floral, vegetal","Beef, Veal, Game (deer, venison), Poultry",Pinot Noir
Ernest Vineyards Edaphos Giving Tree Vineyard Pinot Noir 2020,United States,29.99,4,images/Ernest_Vineyards_Edaphos_Giving_Tree_Vineyard_Pino.png,images/bottle_Ernest_Vineyards_Edaphos_Giving_Tree_Vineya.png,Oregon,Ernest Vineyards,"red fruit, spices, earth, oak, black fruit, non oak, dried fruit, vegetal, microbio, floral","Beef, Veal, Game (deer, venison), Poultry",Pinot Noir
Moillard Volnay Premier Cru Clos Des Chênes 2010,France,145,4.1,images/Moillard_Volnay_Premier_Cru_Clos_Des_Chnes_2010.png,images/bottle_Moillard_Volnay_Premier_Cru_Clos_Des_Chnes_.png,Volnay Premier Cru,Moillard,"red fruit, earth, black fruit, spices, floral, microbio, non oak, oak","Beef, Veal, Game (deer, venison), Poultry",Pinot Noir
Domaine Berthaut-Gerbet Gevrey-Chambertin Premier Cru Les Cazetiers 2016,France,249,4.1,images/Domaine_Berthaut_Gerbet_Gevrey_Chambertin_Premier_.png,images/bottle_Domaine_Berthaut_Gerbet_Gevrey_Chambertin_P.png,Gevrey-Chambertin Premier Cru,Domaine Berthaut-Gerbet,"red fruit, earth, black fruit, floral","Beef, Veal, Game (deer, venison), Poultry",Pinot Noir
Tulocay Haynes Vineyard Pinot Noir 1985,United States,188,4,images/Tulocay_Haynes_Vineyard_Pinot_Noir_1985.png,images/bottle_Tulocay_Haynes_Vineyard_Pinot_Noir_1985.png,Napa Valley,Tulocay,"red fruit, oak, black fruit, floral, earth, non oak, dried fruit, citrus fruit, spices, vegetal, microbio","Beef, Veal, Game (deer, venison), Poultry",Pinot Noir
Flowers Rosé 2019,United States,39.99,4.1,images/Flowers_Ros_2019.png,images/bottle_Flowers_Ros_2019.png,Sonoma Coast,Flowers,"red fruit, citrus fruit, tree fruit, earth, microbio, oak, vegetal, floral, tropical fruit, non oak, spices, black fruit, dried fruit","Shellfish, Spicy food, Appetizers and snacks, Fruity desserts, Aperitif","Shiraz/Syrah, Cabernet Sauvignon, Pinot Noir, Sangiovese, Zinfandel, Barbera"
Lucien le Moine Griotte-Chambertin Grand Cru 2017,France,448,4.3,images/Lucien_le_Moine_Griotte_Chambertin_Grand_Cru_2017.png,images/bottle_Lucien_le_Moine_Griotte_Chambertin_Grand_Cr.png,Griotte-Chambertin Grand Cru,Lucien le Moine,"red fruit, floral, oak, spices, microbio, non oak, black fruit, vegetal, earth","Beef, Veal, Game (deer, venison), Poultry",Pinot Noir
Aston Estate Pinot Noir 2018,United States,87.99,4.3,images/Aston_Estate_Pinot_Noir_2018.png,images/bottle_Aston_Estate_Pinot_Noir_2018.png,Sonoma Coast,Aston Estate,"red fruit, oak, non oak, earth, spices, black fruit, floral, microbio, vegetal, citrus fruit, dried fruit, tropical fruit","Veal, Pork, Poultry, Mushrooms",Pinot Noir
Château de la Tour Clos Vougeot Grand Cru 2013,France,184.99,4.3,images/Chteau_de_la_Tour_Clos_Vougeot_Grand_Cru_2013.png,images/bottle_Chteau_de_la_Tour_Clos_Vougeot_Grand_Cru_20.png,Clos Vougeot Grand Cru,Château de la Tour,"red fruit, earth, oak, non oak, black fruit, spices, microbio, floral, dried fruit, vegetal, tree fruit, citrus fruit","Beef, Veal, Game (deer, venison), Poultry",Pinot Noir
Fresh Vine Pinot Noir 2020,United States,16.99,3.7,images/Fresh_Vine_Pinot_Noir_2020.png,images/bottle_Fresh_Vine_Pinot_Noir_2020.png,California,Fresh Vine,"red fruit, oak, black fruit, spices, non oak, earth, vegetal, floral, microbio","Beef, Veal, Game (deer, venison), Poultry",Pinot Noir
Gérard Mugneret Vosne-Romanée 1er Cru 'Les Brulées' 2022,France,429,4.2,images/Grard_Mugneret_Vosne_Romane_1er_Cru_Les_Brules_202.png,images/bottle_Grard_Mugneret_Vosne_Romane_1er_Cru_Les_Bru.png,Vosne-Romanée 1er Cru 'Aux Brulées',Gérard Mugneret,"black fruit, red fruit, earth, microbio, dried fruit, non oak, oak, spices, vegetal","Beef, Veal, Game (deer, venison), Poultry",Pinot Noir
Arista Pinot Noir 2019,United States,69.99,4.4,images/Arista_Pinot_Noir_2019.png,images/bottle_Arista_Pinot_Noir_2019.png,Russian River Valley,Arista,"red fruit, oak, earth, black fruit, non oak, spices, microbio, floral, vegetal, citrus fruit, dried fruit, tree fruit, tropical fruit","Veal, Pork, Poultry, Mushrooms",Pinot Noir
Foxen Block 43 Pinot Noir (Bien Nacido Vineyard) 2020,United States,68,4.3,images/Foxen_Block_43_Pinot_Noir_Bien_Nacido_Vineyard_202.png,images/bottle_Foxen_Block_43_Pinot_Noir_Bien_Nacido_Viney.png,Santa Maria Valley,Foxen,"red fruit, earth, oak, spices, non oak, black fruit, dried fruit, floral, vegetal, microbio, tree fruit, citrus fruit","Veal, Pork, Poultry, Mushrooms",Pinot Noir
Jean Perrier Cuvée Gastronomie Pinot Noir 2021,France,21.99,3.5,images/Jean_Perrier_Cuve_Gastronomie_Pinot_Noir_2021.png,images/bottle_Jean_Perrier_Cuve_Gastronomie_Pinot_Noir_20.png,Savoie,Jean Perrier,"red fruit, oak, earth, black fruit, non oak, floral, microbio, spices, citrus fruit, dried fruit, tree fruit, vegetal","Beef, Game (deer, venison), Mature and hard cheese, Mild and soft cheese","Pinot Noir, Gamay, Mondeuse Noire"
Cakebread Pinot Noir Two Creeks Vineyards 2021,United States,55.99,4.2,images/Cakebread_Pinot_Noir_Two_Creeks_Vineyards_2021.png,images/bottle_Cakebread_Pinot_Noir_Two_Creeks_Vineyards_2.png,Anderson Valley,Cakebread,"red fruit, oak, earth, non oak, black fruit, spices, microbio, vegetal, tree fruit, floral, dried fruit, citrus fruit, tropical fruit","Veal, Pork, Poultry, Mushrooms",Pinot Noir
Domaine Glantenay Vieilles Vignes Volnay 2021,France,79.99,4.1,images/Domaine_Glantenay_Vieilles_Vignes_Volnay_2021.png,images/bottle_Domaine_Glantenay_Vieilles_Vignes_Volnay_20.png,Volnay,Domaine Glantenay,"red fruit, oak, spices, floral, non oak, earth, black fruit, microbio","Beef, Veal, Game (deer, venison), Poultry",Pinot Noir
Dawn's Dream Winery Alyssa Pinot Noir 2022,United States,48,3.9,images/Dawns_Dream_Winery_Alyssa_Pinot_Noir_2022.jpg,,Santa Lucia Highlands,Dawn's Dream Winery,"red fruit, oak, non oak, spices, black fruit, earth, citrus fruit, dried fruit, floral, vegetal, microbio","Veal, Pork, Poultry, Mushrooms",Pinot Noir
RoseRock Zéphirine Pinot Noir 2021,United States,69.99,4.3,images/RoseRock_Zphirine_Pinot_Noir_2021.png,images/bottle_RoseRock_Zphirine_Pinot_Noir_2021.png,Eola-Amity Hills,RoseRock,"red fruit, oak, earth, non oak, black fruit, spices, floral, microbio, vegetal, citrus fruit, dried fruit, tropical fruit, tree fruit","Beef, Veal, Game (deer, venison), Poultry",Pinot Noir
Grounded Wine Co Landform Pinot Noir 2022,United States,24.99,4,images/Grounded_Wine_Co_Landform_Pinot_Noir_2022.png,images/bottle_Grounded_Wine_Co_Landform_Pinot_Noir_2022.png,Willamette Valley,Grounded Wine Co,"red fruit, oak, non oak, earth, spices, microbio, black fruit, vegetal, citrus fruit, floral, tree fruit, tropical fruit, dried fruit","Beef, Veal, Game (deer, venison), Poultry",Pinot Noir
B Cellars Calesa Vineyard Pinot Noir 2022,United States,87,4.4,images/B_Cellars_Calesa_Vineyard_Pinot_Noir_2022.jpg,,Petaluma Gap,B Cellars,"red fruit, earth, oak, spices, non oak, black fruit, vegetal, microbio","Beef, Veal, Game (deer, venison), Poultry",Pinot Noir
Dusoil Pinot Noir 2023,United States,15.99,3.9,images/Dusoil_Pinot_Noir_2023.png,images/bottle_Dusoil_Pinot_Noir_2023.png,Lodi,Dusoil,"red fruit, earth, black fruit, spices, vegetal, oak, non oak","Beef, Veal, Game (deer, venison), Poultry",Pinot Noir
Louis Jadot Griotte-Chambertin Grand Cru 1988,France,366,4.3,images/Louis_Jadot_Griotte_Chambertin_Grand_Cru_1988.png,images/bottle_Louis_Jadot_Griotte_Chambertin_Grand_Cru_19.png,Griotte-Chambertin Grand Cru,Louis Jadot,"earth, red fruit, black fruit, citrus fruit, floral, microbio, tree fruit, spices, oak","Beef, Veal, Game (deer, venison), Poultry",Pinot Noir
Domaine Éric Louis Sancerre Rouge 2019,France,59.99,4,images/Domaine_ric_Louis_Sancerre_Rouge_2019.png,images/bottle_Domaine_ric_Louis_Sancerre_Rouge_2019.png,Sancerre,Domaine Éric Louis,"red fruit, earth, spices, oak, non oak, vegetal, tree fruit, black fruit, dried fruit, citrus fruit, microbio, tropical fruit, floral","Veal, Game (deer, venison), Poultry","Cabernet Franc, Pinot Noir, Gamay, Grolleau"
Bouzereau-Gruère Bourgogne Rouge 2022,France,34.99,3.8,images/Bouzereau_Grure_Bourgogne_Rouge_2022.jpg,,Bourgogne,Bouzereau-Gruère,"red fruit, spices, earth, non oak, oak","Beef, Veal, Game (deer, venison), Poultry",Pinot Noir
Domaine Arnoux-Lachaux Vosne-Romanée 2012,France,225,3.9,images/Domaine_Arnoux_Lachaux_Vosne_Romane_2012.png,images/bottle_Domaine_Arnoux_Lachaux_Vosne_Romane_2012.png,Vosne-Romanée,Domaine Arnoux-Lachaux,"red fruit, oak, earth, non oak, spices, black fruit, floral, dried fruit, microbio, tree fruit, vegetal, citrus fruit","Beef, Veal, Game (deer, venison), Poultry",Pinot Noir
Copain Edmeades Pinot Noir 2022,United States,85,4.3,images/Copain_Edmeades_Pinot_Noir_2022.png,images/bottle_Copain_Edmeades_Pinot_Noir_2022.png,Anderson Valley,Copain,"red fruit, black fruit, spices, dried fruit, earth, non oak, oak, microbio","Veal, Pork, Poultry, Mushrooms",Pinot Noir
Domaine Nico Grand Père Pinot Noir 2022,Argentina,34.99,4.3,images/Domaine_Nico_Grand_Pre_Pinot_Noir_2022.png,images/bottle_Domaine_Nico_Grand_Pre_Pinot_Noir_2022.png,Mendoza,Domaine Nico,"red fruit, earth, oak, microbio, non oak, black fruit, spices, citrus fruit, floral, vegetal, dried fruit","Beef, Veal, Game (deer, venison), Poultry",Pinot Noir
Fontaine-Gagnard Chassagne-Montrachet 1er Cru 'Morgeot' Rouge 2010,France,94,4.2,images/Fontaine_Gagnard_Chassagne_Montrachet_1er_Cru_Morg.png,images/bottle_Fontaine_Gagnard_Chassagne_Montrachet_1er_C.png,Chassagne-Montrachet 1er Cru 'Morgeot',Fontaine-Gagnard,"red fruit, oak, spices, earth, citrus fruit, microbio","Beef, Veal, Game (deer, venison), Poultry",Pinot Noir
Pierre Boisson Bourgogne Rouge 2021,France,64.99,3.9,images/Pierre_Boisson_Bourgogne_Rouge_2021.png,images/bottle_Pierre_Boisson_Bourgogne_Rouge_2021.png,Bourgogne,Pierre Boisson,"tree fruit, earth, non oak, black fruit, citrus fruit, spices, oak","Beef, Veal, Game (deer, venison), Poultry",Pinot Noir
Pommery Cuvée Louise Brut Champagne 1990,France,360,4.4,images/Pommery_Cuve_Louise_Brut_Champagne_1990.png,images/bottle_Pommery_Cuve_Louise_Brut_Champagne_1990.png,Champagne,Pommery,"non oak, microbio, oak, tree fruit, citrus fruit, earth, vegetal, spices, tropical fruit, floral, red fruit, dried fruit, black fruit","Pork, Rich fish (salmon, tuna etc), Shellfish, Mild and soft cheese","Chardonnay, Pinot Noir, Pinot Meunier"
The Dreaming Tree Pinot Noir 2021,France,12.99,3.8,images/The_Dreaming_Tree_Pinot_Noir_2021.png,images/bottle_The_Dreaming_Tree_Pinot_Noir_2021.png,Vin de France,The Dreaming Tree,"oak, red fruit, non oak, earth, spices, black fruit, microbio, vegetal, dried fruit, citrus fruit, tree fruit, floral",,
Lucien Boillot & Fils Pommard 2022,France,122,4,images/Lucien_Boillot_Fils_Pommard_2022.png,images/bottle_Lucien_Boillot_Fils_Pommard_2022.png,Pommard,Lucien Boillot & Fils,"red fruit, earth, black fruit, spices, vegetal, non oak, oak","Beef, Veal, Game (deer, venison), Poultry",Pinot Noir
José Dhondt Rosé de Saignée Brut Champagne Grand Cru 'Oger',France,97,4,images/Jos_Dhondt_Ros_de_Saigne_Brut_Champagne_Grand_Cru_.png,images/bottle_Jos_Dhondt_Ros_de_Saigne_Brut_Champagne_Gra.png,Champagne Grand Cru 'Oger',José Dhondt,"red fruit, non oak, oak, citrus fruit, earth, microbio, floral, vegetal","Pork, Rich fish (salmon, tuna etc), Shellfish, Mild and soft cheese","Chardonnay, Pinot Noir, Pinot Meunier"
Domaine Pierre Prieur & Fils Domaine de Saint-Pierre Sancerre Rouge 2023,France,29.99,3.6,images/Domaine_Pierre_Prieur_Fils_Domaine_de_Saint_Pierre.png,images/bottle_Domaine_Pierre_Prieur_Fils_Domaine_de_Saint.png,Sancerre,Domaine Pierre Prieur & Fils,"red fruit, citrus fruit, spices, vegetal, non oak, oak","Veal, Game (deer, venison), Poultry","Cabernet Franc, Pinot Noir, Gamay, Grolleau"
Larson Family Winery Millerick Road Pinot Noir 2021,United States,32,3.6,images/Larson_Family_Winery_Millerick_Road_Pinot_Noir_202.jpg,,Sonoma County,Larson Family Winery,"oak, red fruit, earth, black fruit, non oak, spices","Beef, Veal, Game (deer, venison), Poultry",Pinot Noir
Sandlands Cinsault 2023,United States,52,4.1,images/Sandlands_Cinsault_2023.png,images/bottle_Sandlands_Cinsault_2023.png,Lodi,Sandlands,"red fruit, earth, spices, oak, black fruit, floral, vegetal, microbio, tree fruit, non oak",,
Bruno Colin Bourgogne Pinot Noir 2018,France,38.99,3.8,images/Bruno_Colin_Bourgogne_Pinot_Noir_2018.png,images/bottle_Bruno_Colin_Bourgogne_Pinot_Noir_2018.png,Bourgogne,Bruno Colin,"red fruit, earth, oak, non oak, black fruit, spices, microbio, floral, citrus fruit, vegetal, tree fruit, dried fruit, tropical fruit","Beef, Veal, Game (deer, venison), Poultry",Pinot Noir
Hess Select Pinot Noir 2021,United States,18.99,3.8,images/Hess_Select_Pinot_Noir_2021.png,images/bottle_Hess_Select_Pinot_Noir_2021.png,Central Coast,Hess Select,"red fruit, oak, black fruit, non oak, spices, earth, dried fruit, microbio, tree fruit, floral, vegetal, citrus fruit","Beef, Veal, Game (deer, venison), Poultry",Pinot Noir
Burn Cottage Sauvage Vineyard Pinot Noir 2021,New Zealand,75,4.2,images/Burn_Cottage_Sauvage_Vineyard_Pinot_Noir_2021.png,images/bottle_Burn_Cottage_Sauvage_Vineyard_Pinot_Noir_20.png,Bannockburn,Burn Cottage,"red fruit, black fruit, oak, spices, earth, non oak, floral","Beef, Veal, Game (deer, venison), Mushrooms",Pinot Noir
Bouchard Aîné & Fils Santenay 1978,France,265,3.5,images/Bouchard_An_Fils_Santenay_1978.jpg,,Santenay,Bouchard Aîné & Fils,"earth, oak, red fruit, non oak, black fruit, microbio","Beef, Veal, Game (deer, venison), Poultry",Pinot Noir
Ferren Pinot Noir 2021,United States,100,4.4,images/Ferren_Pinot_Noir_2021.jpg,,Sonoma Coast,Ferren,"red fruit, black fruit, oak, spices, earth, microbio, non oak, floral, vegetal","Veal, Pork, Poultry, Mushrooms",Pinot Noir
Domaine Georges Mugneret-Gibourg La Colombière Vosne-Romanée 2021,France,559,4.5,images/Domaine_Georges_Mugneret_Gibourg_La_Colombire_Vosn.png,images/bottle_Domaine_Georges_Mugneret_Gibourg_La_Colombi.png,Vosne-Romanée,Domaine Georges Mugneret-Gibourg,"red fruit, black fruit, dried fruit, non oak, oak","Beef, Veal, Game (deer, venison), Poultry",Pinot Noir
Bow & Arrow Hughes Hollow Vineyard Pinot Noir 2021,United States,35,4.1,images/Bow_Arrow_Hughes_Hollow_Vineyard_Pinot_Noir_2021.png,images/bottle_Bow_Arrow_Hughes_Hollow_Vineyard_Pinot_Noir.png,Eola-Amity Hills,Bow & Arrow,"red fruit, oak, earth, non oak, spices, black fruit, citrus fruit, microbio","Beef, Veal, Game (deer, venison), Poultry",Pinot Noir
Domaine Drouhin-Laroze Musigny Grand Cru 2013,France,699,4.3,images/Domaine_Drouhin_Laroze_Musigny_Grand_Cru_2013.png,images/bottle_Domaine_Drouhin_Laroze_Musigny_Grand_Cru_20.png,Musigny Grand Cru,Domaine Drouhin-Laroze,"red fruit, oak, earth, microbio, black fruit, citrus fruit, spices, non oak","Beef, Veal, Game (deer, venison), Poultry",Pinot Noir
Presqu'ile Steiner Creek Vineyard Pinot Noir 2023,United States,28.99,4.3,images/Presquile_Steiner_Creek_Vineyard_Pinot_Noir_2023.png,images/bottle_Presquile_Steiner_Creek_Vineyard_Pinot_Noir.png,San Luis Obispo County,Presqu'ile,"red fruit, spices, non oak, oak, black fruit, earth, citrus fruit, vegetal","Beef, Veal, Game (deer, venison), Poultry",Pinot Noir
Big Basin Dune and Mountain Pinot Noir 2021,United States,35.99,4.2,images/Big_Basin_Dune_and_Mountain_Pinot_Noir_2021.jpg,,Monterey County,Big Basin,"earth, red fruit, non oak, oak, black fruit, spices, vegetal, microbio, tree fruit, floral","Beef, Veal, Game (deer, venison), Poultry",Pinot Noir
Clos de la Tech Domaine du Docteur Rodgers Pinot Noir 2017,United States,75,4.1,images/Clos_de_la_Tech_Domaine_du_Docteur_Rodgers_Pinot_N.png,images/bottle_Clos_de_la_Tech_Domaine_du_Docteur_Rodgers_.png,San Francisco Bay,Clos de la Tech,"oak, non oak, earth, spices, red fruit, black fruit, floral, microbio, dried fruit, citrus fruit","Beef, Veal, Game (deer, venison), Poultry",Pinot Noir
Andre Montessuy Bourgogne Pinot Noir 2023,France,29.99,3.8,images/Andre_Montessuy_Bourgogne_Pinot_Noir_2023.png,images/bottle_Andre_Montessuy_Bourgogne_Pinot_Noir_2023.png,Bourgogne,Andre Montessuy,"red fruit, oak, spices, non oak, black fruit, citrus fruit, earth","Beef, Veal, Game (deer, venison), Poultry",Pinot Noir
Louis Chenu Pere et Filles Chorey-Les-Beaune 'Les Beaumonts' 2022,France,39.99,3.8,images/Louis_Chenu_Pere_et_Filles_Chorey_Les_Beaune_Les_B.png,images/bottle_Louis_Chenu_Pere_et_Filles_Chorey_Les_Beaun.png,Chorey-lès-Beaune,Louis Chenu Pere et Filles,"red fruit, black fruit, earth","Beef, Veal, Game (deer, venison), Poultry",Pinot Noir
Bachelet-Monnot Maranges 1er Cru 'La Fussière' Rouge 2022,France,57,4.2,images/Bachelet_Monnot_Maranges_1er_Cru_La_Fussire_Rouge_.png,images/bottle_Bachelet_Monnot_Maranges_1er_Cru_La_Fussire.png,Maranges 1er Cru 'La Fussière',Bachelet-Monnot,"red fruit, earth, oak, non oak, spices, black fruit, microbio, floral, vegetal, citrus fruit, tree fruit, dried fruit, tropical fruit","Beef, Veal, Game (deer, venison), Poultry",Pinot Noir
Argyle Bloom House Pinot Noir 2023,United States,24.99,4,images/Argyle_Bloom_House_Pinot_Noir_2023.jpg,,Willamette Valley,Argyle,,"Beef, Veal, Game (deer, venison), Poultry",Pinot Noir
Domaine Michel Lafarge Volnay 1er Cru 'Les Caillerets' 2022,France,270,4.2,images/Domaine_Michel_Lafarge_Volnay_1er_Cru_Les_Caillere.png,images/bottle_Domaine_Michel_Lafarge_Volnay_1er_Cru_Les_C.png,Volnay 1er Cru 'Les Caillerets',Domaine Michel Lafarge,"earth, red fruit, black fruit, oak, microbio, citrus fruit, spices, non oak, floral","Beef, Veal, Game (deer, venison), Poultry",Pinot Noir
Crotta di Prado Pinot Noir 2015,Italy,12.73,3.3,images/Crotta_di_Prado_Pinot_Noir_2015.jpg,,Valle d'Aosta,Crotta di Prado,"red fruit, black fruit, spices, vegetal, earth","Beef, Veal, Game (deer, venison), Poultry",Pinot Noir
Cambria Pinot Noir Clone 115 2020,United States,52,4,images/Cambria_Pinot_Noir_Clone_115_2020.png,images/bottle_Cambria_Pinot_Noir_Clone_115_2020.png,Santa Maria Valley,Cambria,"oak, red fruit, non oak, spices, earth, black fruit, citrus fruit, vegetal, microbio","Veal, Pork, Poultry, Mushrooms",Pinot Noir
Joseph Cattin Crémant d'Alsace Brut Rosé,France,17.99,3.8,images/Joseph_Cattin_Crmant_dAlsace_Brut_Ros.png,images/bottle_Joseph_Cattin_Crmant_dAlsace_Brut_Ros.png,Crémant d'Alsace,Joseph Cattin,"red fruit, citrus fruit, earth, tree fruit, non oak, spices, microbio, oak, floral, vegetal","Shellfish, Poultry, Appetizers and snacks, Lean fish, Aperitif","Chardonnay, Pinot Gris, Pinot Noir, Roussanne, Pinot Blanc, Auxerrois"
Daniel Crochet Sancerre Rosé 2022,France,17,3.8,images/Daniel_Crochet_Sancerre_Ros_2022.png,images/bottle_Daniel_Crochet_Sancerre_Ros_2022.png,Sancerre,Daniel Crochet,"red fruit, citrus fruit, earth, tree fruit, floral, vegetal, microbio","Lamb, Rich fish (salmon, tuna etc), Poultry, Mild and soft cheese, Cured Meat",
Laporte Les Grandmontains Sancerre Rosé 2023,France,29,3.8,images/Laporte_Les_Grandmontains_Sancerre_Ros_2023.png,images/bottle_Laporte_Les_Grandmontains_Sancerre_Ros_2023.png,Sancerre,Laporte,"red fruit, earth, black fruit, citrus fruit, tree fruit, spices, floral, microbio, non oak, oak","Lamb, Rich fish (salmon, tuna etc), Poultry, Mild and soft cheese, Cured Meat",
Violet Hill Pinot Noir 2023,United States,24.99,4.1,images/Violet_Hill_Pinot_Noir_2023.jpg,,Rogue Valley,Violet Hill,"red fruit, earth, oak, non oak, black fruit, spices, floral","Beef, Veal, Game (deer, venison), Poultry",Pinot Noir
Moffett Pinot Noir 2022,United States,60,4.2,images/Moffett_Pinot_Noir_2022.jpg,,Yamhill-Carlton District,Moffett,"earth, red fruit, oak, spices, microbio, non oak, black fruit, floral","Beef, Veal, Game (deer, venison), Poultry",Pinot Noir
Serveau & Fils Chambolle-Musigny 1er Cru 'Les Chabiots' 1978,France,680,4,images/Serveau_Fils_Chambolle_Musigny_1er_Cru_Les_Chabiot.jpg,,Chambolle-Musigny 1er Cru 'Les Chabiots',Serveau & Fils,"red fruit, spices, non oak, oak","Beef, Veal, Game (deer, venison), Poultry",Pinot Noir
Domaine Denis Mortet Gevrey-Chambertin Au Dellé 1995,France,450,4.2,images/Domaine_Denis_Mortet_Gevrey_Chambertin_Au_Dell_199.jpg,,Gevrey-Chambertin,Domaine Denis Mortet,"red fruit, earth, microbio, oak, spices, floral, non oak","Beef, Veal, Game (deer, venison), Poultry",Pinot Noir
Kei Shiogai Pommard 2022,France,525,4.3,images/Kei_Shiogai_Pommard_2022.jpg,,Pommard,Kei Shiogai,"red fruit, earth, oak, black fruit, microbio, non oak","Beef, Veal, Game (deer, venison), Poultry",Pinot Noir
Riverbench One Palm Pinot Noir 2020,United States,52,4,images/Riverbench_One_Palm_Pinot_Noir_2020.jpg,,Santa Maria Valley,Riverbench,"earth, oak, red fruit, non oak, spices, black fruit, microbio, tree fruit, dried fruit, floral, vegetal","Veal, Pork, Poultry, Mushrooms",Pinot Noir
Domaine Faiveley Clos De La Roche Grand Cru 2018,France,314,4.2,images/Domaine_Faiveley_Clos_De_La_Roche_Grand_Cru_2018.png,images/bottle_Domaine_Faiveley_Clos_De_La_Roche_Grand_Cru.png,Clos de la Roche Grand Cru,Domaine Faiveley,"red fruit, earth, oak, microbio, non oak, dried fruit, spices, floral","Beef, Veal, Game (deer, venison), Poultry",Pinot Noir
Enderle & Moll Liaison Pinot Noir 2021,Germany,45,4.1,images/Enderle_Moll_Liaison_Pinot_Noir_2021.png,images/bottle_Enderle_Moll_Liaison_Pinot_Noir_2021.png,Baden,Enderle & Moll,"red fruit, earth, oak, spices, microbio, non oak, floral, black fruit, citrus fruit, vegetal, tree fruit, dried fruit, tropical fruit","Beef, Veal, Game (deer, venison), Poultry",Pinot Noir
Maybach Family Vineyards Irmgard Pinot Noir 2021,United States,89.99,4.5,images/Maybach_Family_Vineyards_Irmgard_Pinot_Noir_2021.png,images/bottle_Maybach_Family_Vineyards_Irmgard_Pinot_Noir.png,Sonoma Coast,Maybach Family Vineyards,"red fruit, spices, oak, non oak, earth, black fruit, floral, vegetal, tree fruit","Veal, Pork, Poultry, Mushrooms",Pinot Noir
Martinelli Bella Vigna Pinot Noir 2021,United States,39.99,4.2,images/Martinelli_Bella_Vigna_Pinot_Noir_2021.png,images/bottle_Martinelli_Bella_Vigna_Pinot_Noir_2021.png,Russian River Valley,Martinelli,"red fruit, oak, non oak, earth, spices, black fruit, microbio, dried fruit, vegetal, floral, citrus fruit, tree fruit","Veal, Pork, Poultry, Mushrooms",Pinot Noir
Stefan Meyer Spätburgunder 2021,Germany,19.99,3.4,images/Stefan_Meyer_Sptburgunder_2021.jpg,,Pfalz,Stefan Meyer,"red fruit, earth, spices, black fruit, microbio, oak, floral, tree fruit, vegetal, non oak","Beef, Veal, Game (deer, venison), Poultry",Pinot Noir
Pascal Laboureau et Mathieu Volnay 1er Cru 'Les Lurets' 2019,France,75,4.1,images/Pascal_Laboureau_et_Mathieu_Volnay_1er_Cru_Les_Lur.jpg,,Volnay 1er Cru 'Les Lurets',Pascal Laboureau et Mathieu,"red fruit, earth, black fruit, oak, dried fruit, spices, floral, vegetal, microbio, non oak","Beef, Veal, Game (deer, venison), Poultry",Pinot Noir
Summer Dreams Golden Hour Pinot Noir 2020,United States,80,4.4,images/Summer_Dreams_Golden_Hour_Pinot_Noir_2020.png,images/bottle_Summer_Dreams_Golden_Hour_Pinot_Noir_2020.png,Sonoma Coast,Summer Dreams,"black fruit, dried fruit, red fruit, earth, microbio","Veal, Pork, Poultry, Mushrooms",Pinot Noir
Barisal Pinot Noir 2019,Mexico,27.89,3.6,images/Barisal_Pinot_Noir_2019.jpg,,Baja California,Barisal,"red fruit, floral, earth, black fruit, tree fruit, spices, non oak, oak",,
Calera Pinot Noir Ryan Vineyard 2018,United States,69.99,4.3,images/Calera_Pinot_Noir_Ryan_Vineyard_2018.png,images/bottle_Calera_Pinot_Noir_Ryan_Vineyard_2018.png,Mount Harlan,Calera,"red fruit, oak, black fruit, non oak, earth, spices, floral, vegetal, microbio, dried fruit, tree fruit, citrus fruit","Beef, Veal, Game (deer, venison), Poultry",Pinot Noir
Ferrari Carano Pinot Noir 2019,United States,32,4.1,images/Ferrari_Carano_Pinot_Noir_2019.png,images/bottle_Ferrari_Carano_Pinot_Noir_2019.png,Anderson Valley,Ferrari Carano,"red fruit, oak, non oak, black fruit, spices, earth, microbio, floral, dried fruit, vegetal, tree fruit, citrus fruit","Veal, Pork, Poultry, Mushrooms",Pinot Noir
Domaine Claude Vosgien Cuvée Tradition Côtes de Toul  Pinot Noir 2019,France,14,3.7,images/Domaine_Claude_Vosgien_Cuve_Tradition_Ctes_de_Toul.jpg,,Côtes de Toul,Domaine Claude Vosgien,"red fruit, spices, earth, non oak, oak, black fruit, tree fruit, vegetal, microbio",,
Shaw + Smith Pinot Noir 2016,Australia,13.99,3.8,images/Shaw_Smith_Pinot_Noir_2016.png,images/bottle_Shaw_Smith_Pinot_Noir_2016.png,Adelaide Hills,Shaw + Smith,"red fruit, earth, oak, non oak, spices, black fruit, microbio, floral, vegetal, citrus fruit, dried fruit, tree fruit, tropical fruit","Beef, Veal, Game (deer, venison), Poultry",Pinot Noir
Jerome Galeyrand Fixin 'Champs de Vosger' 2021,France,89,4.2,images/Jerome_Galeyrand_Fixin_Champs_de_Vosger_2021.png,images/bottle_Jerome_Galeyrand_Fixin_Champs_de_Vosger_202.png,Fixin,Jerome Galeyrand,"black fruit, spices, red fruit, floral, vegetal, earth, microbio","Beef, Veal, Game (deer, venison), Poultry",Pinot Noir
Albert Bichot Chambolle-Musigny Premier Cru Les Amoureuses 2017,France,465,4.3,images/Albert_Bichot_Chambolle_Musigny_Premier_Cru_Les_Am.png,images/bottle_Albert_Bichot_Chambolle_Musigny_Premier_Cru.png,Chambolle-Musigny 1er Cru 'Les Amoureuses',Albert Bichot,"red fruit, oak, spices, earth, floral, microbio, non oak, black fruit, dried fruit, vegetal","Beef, Veal, Game (deer, venison), Poultry",Pinot Noir
Chanterêves Bourgogne Hautes-Côtes de Beaune 'Paris l'Hopital' 2022,France,62.99,4.1,images/Chanterves_Bourgogne_Hautes_Ctes_de_Beaune_Paris_l.png,images/bottle_Chanterves_Bourgogne_Hautes_Ctes_de_Beaune_.png,Bourgogne Hautes-Côtes de Beaune,Chanterêves,"red fruit, black fruit, earth, dried fruit, spices, microbio","Beef, Veal, Game (deer, venison), Poultry",Pinot Noir
Dominique Lafon Volnay 1er Cru 'Les Lurets' 2021,France,148,4.4,images/Dominique_Lafon_Volnay_1er_Cru_Les_Lurets_2021.png,images/bottle_Dominique_Lafon_Volnay_1er_Cru_Les_Lurets_2.png,Volnay 1er Cru 'Les Lurets',Dominique Lafon,"red fruit, earth, microbio, oak, black fruit, spices, floral, non oak, dried fruit","Beef, Veal, Game (deer, venison), Poultry",Pinot Noir
Hartford Court Rosé of Pinot Noir 2023,United States,31.99,4.1,images/Hartford_Court_Ros_of_Pinot_Noir_2023.png,images/bottle_Hartford_Court_Ros_of_Pinot_Noir_2023.png,Russian River Valley,Hartford Court,"red fruit, citrus fruit, tree fruit, vegetal, earth, oak","Shellfish, Spicy food, Appetizers and snacks, Fruity desserts, Aperitif","Shiraz/Syrah, Cabernet Sauvignon, Pinot Noir, Sangiovese, Zinfandel, Barbera"
Andretti Pinot Noir 2023,United States,72,3.9,images/Andretti_Pinot_Noir_2023.jpg,,Los Carneros,Andretti,"oak, spices, red fruit, earth, non oak, black fruit, citrus fruit","Veal, Pork, Poultry, Mushrooms",Pinot Noir
Hope Well Pinot Noir 2019,United States,89.99,4.2,images/Hope_Well_Pinot_Noir_2019.png,images/bottle_Hope_Well_Pinot_Noir_2019.png,Eola-Amity Hills,Hope Well,"oak, red fruit, earth, non oak, microbio, black fruit, spices, floral, vegetal","Beef, Veal, Game (deer, venison), Poultry",Pinot Noir
Anne Amie Vineyards Winemaker's Selection Pinot Noir 2022,United States,21.99,4.2,images/Anne_Amie_Vineyards_Winemakers_Selection_Pinot_Noi.png,images/bottle_Anne_Amie_Vineyards_Winemakers_Selection_Pi.png,Willamette Valley,Anne Amie Vineyards,"red fruit, oak, earth, non oak, spices, black fruit, microbio, floral, tree fruit, dried fruit, citrus fruit, vegetal, tropical fruit","Beef, Veal, Game (deer, venison), Poultry",Pinot Noir
Laurent Pataille Marsannay Es Chezots 2021,France,89.99,4,images/Laurent_Pataille_Marsannay_Es_Chezots_2021.jpg,,Marsannay,Laurent Pataille,"red fruit, spices, floral, non oak, oak","Beef, Veal, Game (deer, venison), Poultry",Pinot Noir
Domaine Drouhin Pinot Noir Édition Limitée 2023,United States,90,4.4,images/Domaine_Drouhin_Pinot_Noir_dition_Limite_2023.png,images/bottle_Domaine_Drouhin_Pinot_Noir_dition_Limite_20.png,Dundee Hills,Domaine Drouhin,"red fruit, oak, spices, non oak, earth, black fruit, citrus fruit, tree fruit, floral, vegetal, microbio","Beef, Veal, Game (deer, venison), Poultry",Pinot Noir
Black Kite Redwoods’ Edge Pinot Noir 2019,United States,69.99,4.2,images/Black_Kite_Redwoods_Edge_Pinot_Noir_2019.png,images/bottle_Black_Kite_Redwoods_Edge_Pinot_Noir_2019.png,Anderson Valley,Black Kite,"oak, earth, red fruit, spices, non oak, black fruit, floral, microbio, citrus fruit","Veal, Pork, Poultry, Mushrooms",Pinot Noir
Cellier des Dames Mercurey Premier Cru 2022,France,45.99,4,images/Cellier_des_Dames_Mercurey_Premier_Cru_2022.png,images/bottle_Cellier_des_Dames_Mercurey_Premier_Cru_2022.png,Mercurey Premier Cru,Cellier des Dames,"red fruit, oak, non oak, spices, earth, microbio, black fruit, citrus fruit, floral, vegetal","Beef, Veal, Game (deer, venison), Poultry",Pinot Noir
Amici Russian River Valley Reserve Pinot Noir 2023,United States,75,4.2,images/Amici_Russian_River_Valley_Reserve_Pinot_Noir_2023.png,images/bottle_Amici_Russian_River_Valley_Reserve_Pinot_No.png,Russian River Valley,Amici,"oak, red fruit, non oak, earth, spices, black fruit, floral, tree fruit, microbio","Veal, Pork, Poultry, Mushrooms",Pinot Noir
Domaine Dujac Morey-Saint-Denis 2006,France,475,4.3,images/Domaine_Dujac_Morey_Saint_Denis_2006.png,images/bottle_Domaine_Dujac_Morey_Saint_Denis_2006.png,Morey-Saint-Denis,Domaine Dujac,"red fruit, earth, oak, non oak, spices, black fruit, microbio, floral, citrus fruit, tree fruit, vegetal, dried fruit, tropical fruit","Beef, Veal, Game (deer, venison), Poultry",Pinot Noir
Ancien Red Dog Vineyard Pinot Noir 2021,United States,70,4.1,images/Ancien_Red_Dog_Vineyard_Pinot_Noir_2021.png,images/bottle_Ancien_Red_Dog_Vineyard_Pinot_Noir_2021.png,Sonoma Mountain,Ancien,"red fruit, earth, oak, floral, spices, black fruit, non oak, tree fruit, citrus fruit, vegetal, tropical fruit, microbio, dried fruit","Beef, Veal, Game (deer, venison), Poultry",Pinot Noir
Merry Edwards Sonoma Coast Pinot Noir 2020,United States,39.99,4.2,images/Merry_Edwards_Sonoma_Coast_Pinot_Noir_2020.png,images/bottle_Merry_Edwards_Sonoma_Coast_Pinot_Noir_2020.png,Sonoma Coast,Merry Edwards,"red fruit, oak, non oak, black fruit, earth, spices, microbio, vegetal, citrus fruit, floral, dried fruit, tree fruit, tropical fruit","Veal, Pork, Poultry, Mushrooms",Pinot Noir
Clos Frantin Chambertin Grand Cru 1978,France,630,4.3,images/Clos_Frantin_Chambertin_Grand_Cru_1978.png,images/bottle_Clos_Frantin_Chambertin_Grand_Cru_1978.png,Chambertin Grand Cru,Clos Frantin,"red fruit, earth, oak, spices, non oak, tree fruit, citrus fruit, microbio","Beef, Veal, Game (deer, venison), Poultry",Pinot Noir
Chanterêves Nuits-Saint-Georges 'Les Tuyaux' 2022,France,118,4.1,images/Chanterves_Nuits_Saint_Georges_Les_Tuyaux_2022.jpg,,Nuits-Saint-Georges,Chanterêves,"oak, black fruit, red fruit, non oak, spices, earth, floral","Beef, Veal, Game (deer, venison), Poultry",Pinot Noir
Cristom Eileen Vineyard Pinot Noir 2019,United States,42.99,4.4,images/Cristom_Eileen_Vineyard_Pinot_Noir_2019.png,images/bottle_Cristom_Eileen_Vineyard_Pinot_Noir_2019.png,Eola-Amity Hills,Cristom,"red fruit, earth, oak, non oak, spices, black fruit, microbio, floral, vegetal, dried fruit, citrus fruit, tree fruit, tropical fruit","Beef, Veal, Game (deer, venison), Poultry",Pinot Noir
Rare Champagne Rare Brut Rosé Champagne (Millésimé) 2008,France,499.99,4.5,images/Rare_Champagne_Rare_Brut_Ros_Champagne_Millsim_200.png,images/bottle_Rare_Champagne_Rare_Brut_Ros_Champagne_Mill.png,Champagne,Rare Champagne,"red fruit, non oak, earth, microbio, oak, citrus fruit, tree fruit, spices, black fruit, tropical fruit, floral, vegetal","Pork, Rich fish (salmon, tuna etc), Shellfish, Mild and soft cheese","Chardonnay, Pinot Noir, Pinot Meunier"
Olivier Leflaive Volnay 2019,France,77,4.2,images/Olivier_Leflaive_Volnay_2019.png,images/bottle_Olivier_Leflaive_Volnay_2019.png,Volnay,Olivier Leflaive,"red fruit, oak, earth, spices, non oak, black fruit, microbio, vegetal, floral, dried fruit, tree fruit, citrus fruit","Beef, Veal, Game (deer, venison), Poultry",Pinot Noir
Harmonique Elegancé Pinot Noir 2011,United States,48,4.2,images/Harmonique_Eleganc_Pinot_Noir_2011.png,images/bottle_Harmonique_Eleganc_Pinot_Noir_2011.png,Anderson Valley,Harmonique,"red fruit, oak, spices, earth, non oak, black fruit, dried fruit, floral, microbio","Veal, Pork, Poultry, Mushrooms",Pinot Noir
Dial Tone Pinot Noir 2023,United States,32.99,4.1,images/Dial_Tone_Pinot_Noir_2023.jpg,,Santa Barbara County,Dial Tone,,"Beef, Veal, Game (deer, venison), Poultry",Pinot Noir
Bouchard Père & Fils Le Corton Grand Cru 2005,France,200,4.3,images/Bouchard_Pre_Fils_Le_Corton_Grand_Cru_2005.png,images/bottle_Bouchard_Pre_Fils_Le_Corton_Grand_Cru_2005.png,Corton Grand Cru,Bouchard Père & Fils,"earth, red fruit, oak, non oak, spices, microbio, black fruit, floral, dried fruit, vegetal, citrus fruit, tree fruit, tropical fruit","Beef, Veal, Game (deer, venison), Poultry",Pinot Noir
Domaine Denis Mortet Gevrey-Chambertin En Motrot Monopole 1995,France,480,4.3,images/Domaine_Denis_Mortet_Gevrey_Chambertin_En_Motrot_M.jpg,,Gevrey-Chambertin,Domaine Denis Mortet,"black fruit, red fruit, earth, microbio, oak","Beef, Veal, Game (deer, venison), Poultry",Pinot Noir
Domaine Della Russian River Valley Pinot Noir 2019,United States,49.99,4.4,images/Domaine_Della_Russian_River_Valley_Pinot_Noir_2019.png,images/bottle_Domaine_Della_Russian_River_Valley_Pinot_No.png,Russian River Valley,Domaine Della,"red fruit, dried fruit","Veal, Pork, Poultry, Mushrooms",Pinot Noir
Anne de Joyeuse Les Carabènes Pinot Noir 2021,France,17.98,3.4,images/Anne_de_Joyeuse_Les_Carabnes_Pinot_Noir_2021.png,images/bottle_Anne_de_Joyeuse_Les_Carabnes_Pinot_Noir_202.png,Pays d'Oc,Anne de Joyeuse,"red fruit, oak, black fruit, earth, non oak, spices, microbio, dried fruit, tree fruit, citrus fruit, floral","Beef, Pasta, Veal","Shiraz/Syrah, Grenache, Mourvedre"
Domaine Thiriet En La Place Bourgogne Pinot Noir 2023,France,55,4.1,images/Domaine_Thiriet_En_La_Place_Bourgogne_Pinot_Noir_2.png,images/bottle_Domaine_Thiriet_En_La_Place_Bourgogne_Pinot.png,Bourgogne,Domaine Thiriet,,"Beef, Veal, Game (deer, venison), Poultry",Pinot Noir
Domaine du Pavillon Pommard 'Clos des Ursulines' (Monopole) 2012,France,195,4.1,images/Domaine_du_Pavillon_Pommard_Clos_des_Ursulines_Mon.png,images/bottle_Domaine_du_Pavillon_Pommard_Clos_des_Ursuli.png,Pommard,Domaine du Pavillon,"red fruit, oak, earth, non oak, black fruit, microbio, spices, dried fruit, floral, tree fruit, vegetal, citrus fruit","Beef, Veal, Game (deer, venison), Poultry",Pinot Noir
Ceritas Cuvée Chloe Pinot Noir 2022,United States,99.99,4.5,images/Ceritas_Cuve_Chloe_Pinot_Noir_2022.png,images/bottle_Ceritas_Cuve_Chloe_Pinot_Noir_2022.png,Sonoma Coast,Ceritas,"red fruit, earth, citrus fruit, spices, vegetal, non oak, oak","Veal, Pork, Poultry, Mushrooms",Pinot Noir
Marie-Noelle Ledru Cuvée du Goulté Blanc de Noirs Brut Champagne Grand Cru 'Ambonnay' 2010,France,399,4.2,images/Marie_Noelle_Ledru_Cuve_du_Goult_Blanc_de_Noirs_Br.png,images/bottle_Marie_Noelle_Ledru_Cuve_du_Goult_Blanc_de_N.png,Champagne Grand Cru 'Ambonnay',Marie-Noelle Ledru,"tree fruit, earth, microbio, oak, spices, non oak, red fruit, dried fruit, vegetal, black fruit, tropical fruit, citrus fruit","Pork, Rich fish (salmon, tuna etc), Shellfish, Mild and soft cheese","Chardonnay, Pinot Noir, Pinot Meunier"
Daniel Moine-Hudelot Chambolle-Musigny 1er Cru 'Les Feusselottes' 2001,France,168,4.1,images/Daniel_Moine_Hudelot_Chambolle_Musigny_1er_Cru_Les.jpg,,Chambolle-Musigny 1er Cru 'Les Feusselottes',Daniel Moine-Hudelot,"oak, red fruit, earth, spices, non oak, black fruit, dried fruit, tree fruit, floral","Beef, Veal, Game (deer, venison), Poultry",Pinot Noir
Joseph Drouhin Bourgogne Pinot Noir 2022,France,39.99,3.8,images/Joseph_Drouhin_Bourgogne_Pinot_Noir_2022.png,images/bottle_Joseph_Drouhin_Bourgogne_Pinot_Noir_2022.png,Bourgogne,Joseph Drouhin,"red fruit, oak, earth, non oak, black fruit, spices, microbio, floral, vegetal, citrus fruit, dried fruit, tree fruit, tropical fruit","Beef, Veal, Game (deer, venison), Poultry",Pinot Noir
Martin Woods Jessie James Vineyard Pinot Noir 2021,United States,54.99,4.2,images/Martin_Woods_Jessie_James_Vineyard_Pinot_Noir_2021.png,images/bottle_Martin_Woods_Jessie_James_Vineyard_Pinot_No.png,Eola-Amity Hills,Martin Woods,"red fruit, earth, oak, microbio, non oak, spices, black fruit, floral, vegetal, tree fruit","Beef, Veal, Game (deer, venison), Poultry",Pinot Noir
Laherte Freres Les Empreintes Extra-Brut Champagne 2013,France,125,4.3,images/Laherte_Freres_Les_Empreintes_Extra_Brut_Champagne.png,images/bottle_Laherte_Freres_Les_Empreintes_Extra_Brut_Ch.png,Champagne,Laherte Freres,"tree fruit, citrus fruit, earth, non oak, oak, microbio, spices, vegetal, floral, red fruit, tropical fruit, dried fruit","Pork, Rich fish (salmon, tuna etc), Shellfish, Mild and soft cheese","Chardonnay, Pinot Noir, Pinot Meunier"
Muller-Koeberle La Geiss Pinot Noir 2021,France,31.99,3.9,images/Muller_Koeberle_La_Geiss_Pinot_Noir_2021.jpg,,Alsace,Muller-Koeberle,"red fruit, oak, spices, earth, black fruit, non oak, citrus fruit, floral, dried fruit, vegetal, microbio","Veal, Game (deer, venison), Poultry, Mushrooms",Pinot Noir
Las Bonitas Pinot Noir 2021,United States,80,4.2,images/Las_Bonitas_Pinot_Noir_2021.jpg,,Sonoma County,Las Bonitas,"red fruit, earth, oak, black fruit, non oak, spices, microbio, dried fruit, floral","Beef, Veal, Game (deer, venison), Poultry",Pinot Noir
Domaine Ponsot Clos de la Roche Grand Cru Cuvée Vieilles Vignes 2009,France,450,4.5,images/Domaine_Ponsot_Clos_de_la_Roche_Grand_Cru_Cuve_Vie.png,images/bottle_Domaine_Ponsot_Clos_de_la_Roche_Grand_Cru_C.png,Clos de la Roche Grand Cru,Domaine Ponsot,"red fruit, earth, oak, black fruit, non oak, spices, microbio, floral, citrus fruit, vegetal, dried fruit, tropical fruit","Beef, Veal, Game (deer, venison), Poultry",Pinot Noir
Belle Pente Willamette Valley Pinot Noir 2019,United States,45,4.1,images/Belle_Pente_Willamette_Valley_Pinot_Noir_2019.png,images/bottle_Belle_Pente_Willamette_Valley_Pinot_Noir_20.png,Willamette Valley,Belle Pente,"red fruit, earth, oak, spices, non oak, black fruit, microbio, floral, tree fruit, vegetal, citrus fruit, dried fruit","Beef, Veal, Game (deer, venison), Poultry",Pinot Noir
Lachini Vineyards Rosé of Pinot Noir 2024,United States,32,3.9,images/Lachini_Vineyards_Ros_of_Pinot_Noir_2024.jpg,,Willamette Valley,Lachini Vineyards,"red fruit, tree fruit, earth, non oak",,Pinot Noir
Ballot Millot Pommard 1er Cru 'Pézerolles' 2022,France,139,4,images/Ballot_Millot_Pommard_1er_Cru_Pzerolles_2022.png,images/bottle_Ballot_Millot_Pommard_1er_Cru_Pzerolles_202.png,Pommard 1er Cru 'Les Pézerolles',Ballot Millot,"red fruit, earth, oak, black fruit, spices, vegetal, microbio","Beef, Veal, Game (deer, venison), Poultry",Pinot Noir
David Duband Bourgogne 2022,France,45.99,4.1,images/David_Duband_Bourgogne_2022.png,images/bottle_David_Duband_Bourgogne_2022.png,Bourgogne,David Duband,"red fruit, earth, oak, microbio, spices, non oak, black fruit, floral, vegetal, dried fruit, tree fruit, citrus fruit","Beef, Veal, Game (deer, venison), Poultry",Pinot Noir
El Pino Club High Haven Pinot Noir 2021,United States,40,4.2,images/El_Pino_Club_High_Haven_Pinot_Noir_2021.png,images/bottle_El_Pino_Club_High_Haven_Pinot_Noir_2021.png,Anderson Valley,El Pino Club,red fruit,"Veal, Pork, Poultry, Mushrooms",Pinot Noir
Pedro Parra y Familia Miles 2022,Chile,79.99,4.1,images/Pedro_Parra_y_Familia_Miles_2022.png,images/bottle_Pedro_Parra_y_Familia_Miles_2022.png,Itata Valley,Pedro Parra y Familia,"red fruit, spices, dried fruit, earth",,
Domaine A. et P. de Villaine Rully 1er Cru 'Cloux' Rouge 2019,France,105,4.3,images/Domaine_A_et_P_de_Villaine_Rully_1er_Cru_Cloux_Rou.png,images/bottle_Domaine_A_et_P_de_Villaine_Rully_1er_Cru_Cl.png,Rully 1er Cru 'Cloux',Domaine A. et P. de Villaine,"oak, spices, earth, non oak, red fruit, microbio, black fruit, tree fruit, citrus fruit, tropical fruit, floral, vegetal","Beef, Veal, Game (deer, venison), Poultry",Pinot Noir
Hudelot-Noëllat Nuits-Saint-Georges 1er Cru 'Les Murgers' 2014,France,140,4.1,images/Hudelot_Nollat_Nuits_Saint_Georges_1er_Cru_Les_Mur.png,images/bottle_Hudelot_Nollat_Nuits_Saint_Georges_1er_Cru_.png,Nuits-Saint-Georges 1er Cru 'Aux Murgers',Hudelot-Noëllat,"red fruit, earth, oak, non oak, spices, floral, black fruit, microbio, vegetal, citrus fruit","Beef, Veal, Game (deer, venison), Poultry",Pinot Noir
WillaKenzie Estate Pinot Noir 2021,United States,45,4.1,images/WillaKenzie_Estate_Pinot_Noir_2021.png,images/bottle_WillaKenzie_Estate_Pinot_Noir_2021.png,Willamette Valley,WillaKenzie Estate,"red fruit, oak, non oak, earth, spices, black fruit, microbio, citrus fruit, vegetal, floral, dried fruit, tree fruit","Beef, Veal, Game (deer, venison), Poultry",Pinot Noir
Hubert Lignier Gevrey-Chambertin 1er Cru 'Aux Combottes' 2020,France,799.99,4.3,images/Hubert_Lignier_Gevrey_Chambertin_1er_Cru_Aux_Combo.png,images/bottle_Hubert_Lignier_Gevrey_Chambertin_1er_Cru_Au.png,Gevrey-Chambertin 1er Cru 'Aux Combottes',Hubert Lignier,"red fruit, oak, earth, black fruit, spices, non oak, citrus fruit, floral, microbio","Beef, Veal, Game (deer, venison), Poultry",Pinot Noir
Maysara Jamsheed Momtazi Vineyard Pinot Noir 2015,United States,36.99,4.1,images/Maysara_Jamsheed_Momtazi_Vineyard_Pinot_Noir_2015.png,images/bottle_Maysara_Jamsheed_Momtazi_Vineyard_Pinot_Noi.png,McMinnville,Maysara,"red fruit, earth, oak, black fruit, spices, non oak, microbio, vegetal, dried fruit, floral, citrus fruit, tree fruit, tropical fruit","Beef, Veal, Game (deer, venison), Poultry",Pinot Noir
Domaine De Cassiopée En Gerlieus Bourgogne 2021,France,69,4,images/Domaine_De_Cassiope_En_Gerlieus_Bourgogne_2021.jpg,,Bourgogne,Domaine De Cassiopée,,"Beef, Veal, Game (deer, venison), Poultry",Pinot Noir
Pierre-Yves Colin-Morey Nuits-Saint-Georges Premier Cru 'Aux Boudots' 2021,France,187,4.5,images/Pierre_Yves_Colin_Morey_Nuits_Saint_Georges_Premie.png,images/bottle_Pierre_Yves_Colin_Morey_Nuits_Saint_Georges.png,Nuits-Saint-Georges 1er Cru 'Aux Boudots',Pierre-Yves Colin-Morey,"red fruit, tree fruit, floral, earth, microbio, oak, black fruit, dried fruit, spices, vegetal, non oak","Beef, Veal, Game (deer, venison), Poultry",Pinot Noir
William Chris Vineyards La Pradera Vineyards Cinsault 2020,United States,22.99,4,images/William_Chris_Vineyards_La_Pradera_Vineyards_Cinsa.png,images/bottle_William_Chris_Vineyards_La_Pradera_Vineyard.png,Texas Hill Country,William Chris Vineyards,"red fruit, oak, earth, spices, non oak, black fruit, microbio, dried fruit","Beef, Lamb, Game (deer, venison)",
B Wise Pinot Noir 2020,United States,55,4.4,images/B_Wise_Pinot_Noir_2020.jpg,,Sonoma Coast,B Wise,"red fruit, earth, oak, black fruit, spices, non oak","Veal, Pork, Poultry, Mushrooms",Pinot Noir
La Compagnie des Vins d'Autrefois Pinot Noir 2023,France,15.97,3.7,images/La_Compagnie_des_Vins_dAutrefois_Pinot_Noir_2023.png,images/bottle_La_Compagnie_des_Vins_dAutrefois_Pinot_Noir.png,Pays d'Oc,La Compagnie des Vins d'Autrefois,"red fruit, oak, earth, black fruit, non oak, spices, microbio, dried fruit, tree fruit, vegetal, citrus fruit, floral, tropical fruit","Beef, Pasta, Veal","Shiraz/Syrah, Grenache, Mourvedre"
Montinore Estate Pinot Noir (Red Cap) 2022,United States,25.99,3.8,images/Montinore_Estate_Pinot_Noir_Red_Cap_2022.png,images/bottle_Montinore_Estate_Pinot_Noir_Red_Cap_2022.png,Willamette Valley,Montinore Estate,"red fruit, oak, earth, non oak, spices, black fruit, microbio, vegetal, floral, tree fruit, citrus fruit, dried fruit, tropical fruit","Beef, Veal, Game (deer, venison), Poultry",Pinot Noir
Mount Riley Pinot Noir 2022,New Zealand,23,3.5,images/Mount_Riley_Pinot_Noir_2022.png,images/bottle_Mount_Riley_Pinot_Noir_2022.png,Marlborough,Mount Riley,"red fruit, oak, earth, spices, non oak, black fruit, microbio, vegetal, floral, dried fruit, tree fruit, citrus fruit, tropical fruit","Beef, Veal, Game (deer, venison), Poultry",Pinot Noir
Evesham Wood Mahonia Vineyard Pinot Noir 2022,United States,50.99,4,images/Evesham_Wood_Mahonia_Vineyard_Pinot_Noir_2022.jpg,,Willamette Valley,Evesham Wood,"red fruit, earth, oak, non oak, spices, floral, black fruit, vegetal, microbio","Beef, Veal, Game (deer, venison), Poultry",Pinot Noir
Argot Estate Vineyard Pinot Noir 2018,United States,47.99,4.4,images/Argot_Estate_Vineyard_Pinot_Noir_2018.png,images/bottle_Argot_Estate_Vineyard_Pinot_Noir_2018.png,Sonoma Mountain,Argot,"black fruit, oak, red fruit, spices, earth, non oak, citrus fruit, floral, microbio","Beef, Veal, Game (deer, venison), Poultry",Pinot Noir
Yount Mill House Pinot Noir 2022,United States,22.99,3.7,images/Yount_Mill_House_Pinot_Noir_2022.png,images/bottle_Yount_Mill_House_Pinot_Noir_2022.png,Los Carneros,Yount Mill House,"red fruit, black fruit, spices, oak, microbio","Veal, Pork, Poultry, Mushrooms",Pinot Noir
Domaine Jean-Marc Bouley Thomas Bouley Bourgogne Pinot Noir 2022,France,69.99,3.6,images/Domaine_Jean_Marc_Bouley_Thomas_Bouley_Bourgogne_P.jpg,,Bourgogne,Domaine Jean-Marc Bouley,"red fruit, spices, earth, black fruit, dried fruit, floral, vegetal, microbio, non oak, oak","Beef, Veal, Game (deer, venison), Poultry",Pinot Noir
Graton Ridge Cellars Pinot Noir 2021,United States,60,4.1,images/Graton_Ridge_Cellars_Pinot_Noir_2021.png,images/bottle_Graton_Ridge_Cellars_Pinot_Noir_2021.png,Russian River Valley,Graton Ridge Cellars,"red fruit, earth, black fruit, spices, oak","Veal, Pork, Poultry, Mushrooms",Pinot Noir
Dawn's Dream Winery Rachael Pinot Noir 2022,United States,48,3.8,images/Dawns_Dream_Winery_Rachael_Pinot_Noir_2022.jpg,,Arroyo Seco,Dawn's Dream Winery,"red fruit, oak, non oak, spices, earth, black fruit, dried fruit, citrus fruit, floral, vegetal","Beef, Veal, Game (deer, venison), Poultry",Pinot Noir
Fulcrum Wines Wildcat Mountain Vineyard 2022,United States,49.99,4.2,images/Fulcrum_Wines_Wildcat_Mountain_Vineyard_2022.png,images/bottle_Fulcrum_Wines_Wildcat_Mountain_Vineyard_202.png,Los Carneros,Fulcrum Wines,"red fruit, black fruit, earth, oak, non oak, spices, dried fruit, tree fruit, citrus fruit, vegetal, microbio","Veal, Pork, Poultry, Mushrooms",Pinot Noir
Domaine Cecile Tremblay Bourgogne La Fontaine 2020,France,250,4.3,images/Domaine_Cecile_Tremblay_Bourgogne_La_Fontaine_2020.png,images/bottle_Domaine_Cecile_Tremblay_Bourgogne_La_Fontai.png,Bourgogne,Domaine Cecile Tremblay,"oak, red fruit, non oak, earth, microbio","Beef, Veal, Game (deer, venison), Poultry",Pinot Noir
Domaine Henri & Gilles Buisson Bourgogne Rouge 2022,France,36.99,3.9,images/Domaine_Henri_Gilles_Buisson_Bourgogne_Rouge_2022.png,images/bottle_Domaine_Henri_Gilles_Buisson_Bourgogne_Roug.png,Bourgogne,Domaine Henri & Gilles Buisson,"red fruit, earth, oak, black fruit, non oak, microbio","Beef, Veal, Game (deer, venison), Poultry",Pinot Noir
The Eyrie Vineyards Pinot Noir 2018,United States,99.99,4.2,images/The_Eyrie_Vineyards_Pinot_Noir_2018.png,images/bottle_The_Eyrie_Vineyards_Pinot_Noir_2018.png,Willamette Valley,The Eyrie Vineyards,"red fruit, earth, oak, non oak, spices, black fruit, microbio, vegetal, floral, dried fruit, citrus fruit, tree fruit","Beef, Veal, Game (deer, venison), Poultry",Pinot Noir
Windrun Santa Rita Hills Pinot Noir 2013,United States,19.99,3.9,images/Windrun_Santa_Rita_Hills_Pinot_Noir_2013.png,images/bottle_Windrun_Santa_Rita_Hills_Pinot_Noir_2013.png,Sta. Rita Hills,Windrun,"red fruit, earth, black fruit, microbio, oak, spices, non oak, dried fruit, citrus fruit","Veal, Pork, Poultry, Mushrooms",Pinot Noir
Guarachi Pinot Noir 2012,United States,49.99,4.3,images/Guarachi_Pinot_Noir_2012.png,images/bottle_Guarachi_Pinot_Noir_2012.png,Sonoma Coast,Guarachi,"red fruit, oak, non oak, earth, black fruit, spices, vegetal, microbio, dried fruit","Veal, Pork, Poultry, Mushrooms",Pinot Noir
Cristom Jessie Vineyard Pinot Noir 2021,United States,86.99,4.3,images/Cristom_Jessie_Vineyard_Pinot_Noir_2021.png,images/bottle_Cristom_Jessie_Vineyard_Pinot_Noir_2021.png,Eola-Amity Hills,Cristom,"red fruit, earth, oak, non oak, black fruit, spices, microbio, floral, vegetal, dried fruit, citrus fruit, tree fruit","Beef, Veal, Game (deer, venison), Poultry",Pinot Noir
Billecart-Salmon Clos Saint-Hilaire Brut Champagne 2007,France,599.99,4.5,images/Billecart_Salmon_Clos_Saint_Hilaire_Brut_Champagne.png,images/bottle_Billecart_Salmon_Clos_Saint_Hilaire_Brut_Ch.png,Champagne,Billecart-Salmon,"oak, non oak, earth, microbio, tree fruit, citrus fruit, spices, red fruit, vegetal, black fruit, dried fruit, floral, tropical fruit","Pork, Rich fish (salmon, tuna etc), Shellfish, Mild and soft cheese","Chardonnay, Pinot Noir, Pinot Meunier"
Domaine Berthaut-Gerbet Clos Vougeot Grand Cru 2017,France,324,4.3,images/Domaine_Berthaut_Gerbet_Clos_Vougeot_Grand_Cru_201.png,images/bottle_Domaine_Berthaut_Gerbet_Clos_Vougeot_Grand_.png,Clos Vougeot Grand Cru,Domaine Berthaut-Gerbet,"red fruit, black fruit, dried fruit, spices, microbio, oak","Beef, Veal, Game (deer, venison), Poultry",Pinot Noir
JAX Vineyards Calesa Vineyard Pinot Noir 2021,United States,59.99,4.1,images/JAX_Vineyards_Calesa_Vineyard_Pinot_Noir_2021.png,images/bottle_JAX_Vineyards_Calesa_Vineyard_Pinot_Noir_20.png,Sonoma Coast,JAX Vineyards,"red fruit, spices, oak, black fruit, dried fruit, microbio, non oak","Veal, Pork, Poultry, Mushrooms",Pinot Noir
Swick Wines Pinot Noir 2022,United States,28.99,3.9,images/Swick_Wines_Pinot_Noir_2022.png,images/bottle_Swick_Wines_Pinot_Noir_2022.png,Willamette Valley,Swick Wines,"red fruit, earth, oak, black fruit, non oak, microbio, spices, floral, citrus fruit, vegetal, dried fruit, tree fruit, tropical fruit","Beef, Veal, Game (deer, venison), Poultry",Pinot Noir
Hudelot-Noëllat Vosne-Romanée 1er Cru 'Les Malconsorts' 2018,France,950,4.1,images/Hudelot_Nollat_Vosne_Romane_1er_Cru_Les_Malconsort.png,images/bottle_Hudelot_Nollat_Vosne_Romane_1er_Cru_Les_Mal.png,Vosne-Romanée 1er Cru 'Malconsorts',Hudelot-Noëllat,"red fruit, earth, floral, spices, oak, black fruit, vegetal, microbio, non oak","Beef, Veal, Game (deer, venison), Poultry",Pinot Noir
Arnot-Roberts Heaven Earth Vineyard Pinot Noir 2023,United States,69.99,3.9,images/Arnot_Roberts_Heaven_Earth_Vineyard_Pinot_Noir_202.png,images/bottle_Arnot_Roberts_Heaven_Earth_Vineyard_Pinot_N.png,Sonoma Coast,Arnot-Roberts,"red fruit, floral, spices, earth, non oak, oak, black fruit, vegetal","Veal, Pork, Poultry, Mushrooms",Pinot Noir
Isotta Manzoni Cuvée Emilia Rosé,Italy,12.99,4.1,images/Isotta_Manzoni_Cuve_Emilia_Ros.png,images/bottle_Isotta_Manzoni_Cuve_Emilia_Ros.png,Emilia,Isotta Manzoni,"red fruit, microbio, tree fruit","Appetizers and snacks, Aperitif",
Firesteed Pinot Noir Oregon 2022,United States,17.99,3.5,images/Firesteed_Pinot_Noir_Oregon_2022.png,images/bottle_Firesteed_Pinot_Noir_Oregon_2022.png,Oregon,Firesteed,"red fruit, earth, oak, non oak, spices, black fruit, microbio, tree fruit, citrus fruit, vegetal, dried fruit, floral, tropical fruit","Beef, Veal, Game (deer, venison), Poultry",Pinot Noir
Golan Heights Winery Yarden Pinot Noir 2021,Israel,39.99,3.9,images/Golan_Heights_Winery_Yarden_Pinot_Noir_2021.png,images/bottle_Golan_Heights_Winery_Yarden_Pinot_Noir_2021.png,Galilee,Golan Heights Winery,"oak, red fruit, earth, non oak, spices, black fruit, microbio, floral, vegetal, dried fruit, tree fruit, citrus fruit","Beef, Lamb, Veal, Game (deer, venison), Poultry",
Clos de la Tech Domaine Valeta Sunny Slope Pinot Noir 2017,United States,47.5,4.3,images/Clos_de_la_Tech_Domaine_Valeta_Sunny_Slope_Pinot_N.png,images/bottle_Clos_de_la_Tech_Domaine_Valeta_Sunny_Slope_.png,Santa Cruz Mountains,Clos de la Tech,"red fruit, earth, black fruit, spices, dried fruit, non oak, oak, vegetal, microbio","Beef, Veal, Game (deer, venison), Poultry",Pinot Noir
Domaine Berthaut-Gerbet Vosne-Romanée 2019,France,139,4.3,images/Domaine_Berthaut_Gerbet_Vosne_Romane_2019.png,images/bottle_Domaine_Berthaut_Gerbet_Vosne_Romane_2019.png,Vosne-Romanée,Domaine Berthaut-Gerbet,"red fruit, oak, earth, non oak, spices, black fruit, microbio, floral, citrus fruit","Beef, Veal, Game (deer, venison), Poultry",Pinot Noir
Capiaux Cellars Garys’ Vineyard Pinot Noir 2022,United States,54.99,4.1,images/Capiaux_Cellars_Garys_Vineyard_Pinot_Noir_2022.png,images/bottle_Capiaux_Cellars_Garys_Vineyard_Pinot_Noir_2.png,Santa Lucia Highlands,Capiaux Cellars,"red fruit, earth, black fruit, non oak, oak, spices, microbio, dried fruit, citrus fruit, vegetal","Veal, Pork, Poultry, Mushrooms",Pinot Noir
Pierre-Yves Colin-Morey Vosne-Romanée 2022,France,144,4.4,images/Pierre_Yves_Colin_Morey_Vosne_Romane_2022.png,images/bottle_Pierre_Yves_Colin_Morey_Vosne_Romane_2022.png,Vosne-Romanée,Pierre-Yves Colin-Morey,"red fruit, earth, black fruit, oak","Beef, Veal, Game (deer, venison), Poultry",Pinot Noir
Hervé Villemade Le Domaine du Moulin Cheverny Rouge 2023,France,28,3.5,images/Herv_Villemade_Le_Domaine_du_Moulin_Cheverny_Rouge.png,images/bottle_Herv_Villemade_Le_Domaine_du_Moulin_Chevern.png,Cheverny,Hervé Villemade,"earth, oak, red fruit, black fruit, tropical fruit, citrus fruit, spices, non oak","Lamb, Pork, Poultry, Goat's Milk Cheese","Cabernet Sauvignon, Cabernet Franc, Pinot Noir, Gamay, Grolleau, Côt, Pineau D'Aunis"
Charles Audoin Cuvée Marie Ragonneau Marsannay 2015,France,40,4.1,images/Charles_Audoin_Cuve_Marie_Ragonneau_Marsannay_2015.png,images/bottle_Charles_Audoin_Cuve_Marie_Ragonneau_Marsann.png,Marsannay,Charles Audoin,"red fruit, earth, oak, non oak, microbio, spices, black fruit, floral, dried fruit, tree fruit, citrus fruit, tropical fruit","Beef, Veal, Game (deer, venison), Poultry",Pinot Noir
Tassajara Pinot Noir 2022,United States,15.99,3.6,images/Tassajara_Pinot_Noir_2022.png,images/bottle_Tassajara_Pinot_Noir_2022.png,Monterey,Tassajara,"red fruit, oak, earth, non oak, spices, black fruit, microbio, vegetal, dried fruit, citrus fruit, floral, tree fruit, tropical fruit","Beef, Veal, Game (deer, venison), Poultry",Pinot Noir
Domaine Jacques Prieur Clos de la Feguine Beaune 1er Cru 2017,France,100,4.3,images/Domaine_Jacques_Prieur_Clos_de_la_Feguine_Beaune_1.png,images/bottle_Domaine_Jacques_Prieur_Clos_de_la_Feguine_B.png,Beaune Premier Cru,Domaine Jacques Prieur,"oak, earth, red fruit, black fruit, microbio, non oak, spices, citrus fruit, floral, vegetal, tree fruit, dried fruit, tropical fruit","Beef, Veal, Game (deer, venison), Poultry",Pinot Noir
Korbel Pinot Noir 2023,United States,30,3.4,images/Korbel_Pinot_Noir_2023.jpg,,Russian River Valley,Korbel,"earth, oak, black fruit, spices, non oak, red fruit, floral","Veal, Pork, Poultry, Mushrooms",Pinot Noir
Méo-Camuzet Marsannay 2010,France,136,3.8,images/Mo_Camuzet_Marsannay_2010.png,images/bottle_Mo_Camuzet_Marsannay_2010.png,Marsannay,Méo-Camuzet,"red fruit, earth, oak, spices, non oak, black fruit, microbio, floral, dried fruit, vegetal, tree fruit, citrus fruit","Beef, Veal, Game (deer, venison), Poultry",Pinot Noir
Beneduce Centerfold Pinot Noir 2021,United States,42,3.8,images/Beneduce_Centerfold_Pinot_Noir_2021.jpg,,New Jersey,Beneduce,"oak, red fruit, spices, black fruit, earth, non oak","Beef, Veal, Game (deer, venison), Cured Meat",
Domaine Bernard Moreau et Fils Chassagne-Montrachet Vieilles Vignes 2012,France,76,4,images/Domaine_Bernard_Moreau_et_Fils_Chassagne_Montrache.png,images/bottle_Domaine_Bernard_Moreau_et_Fils_Chassagne_Mo.png,Chassagne-Montrachet,Domaine Bernard Moreau et Fils,"red fruit, earth, oak, microbio, non oak, spices, black fruit, citrus fruit, floral, vegetal, tree fruit, dried fruit","Beef, Veal, Game (deer, venison), Poultry",Pinot Noir
Philipponnat Les Cintres Extra-Brut Champagne 2009,France,409,4.5,images/Philipponnat_Les_Cintres_Extra_Brut_Champagne_2009.png,images/bottle_Philipponnat_Les_Cintres_Extra_Brut_Champag.png,Champagne,Philipponnat,"non oak, oak, microbio, black fruit, red fruit, tree fruit, citrus fruit, spices, vegetal, earth","Pork, Rich fish (salmon, tuna etc), Shellfish, Mild and soft cheese","Chardonnay, Pinot Noir, Pinot Meunier"
L'Umami Pinot Noir 2022,United States,14.99,3.8,images/LUmami_Pinot_Noir_2022.png,images/bottle_LUmami_Pinot_Noir_2022.png,Willamette Valley,L'Umami,"earth, red fruit, oak, microbio, spices, non oak, black fruit, dried fruit, floral, vegetal, tree fruit, citrus fruit","Beef, Veal, Game (deer, venison), Poultry",Pinot Noir
Dobbes Family Estate Symonette Vineyard Pinot Noir 2021,United States,68,4.2,images/Dobbes_Family_Estate_Symonette_Vineyard_Pinot_Noir.png,images/bottle_Dobbes_Family_Estate_Symonette_Vineyard_Pin.png,Eola-Amity Hills,Dobbes Family Estate,"red fruit, oak, earth, non oak, spices, black fruit, dried fruit, vegetal","Beef, Veal, Game (deer, venison), Poultry",Pinot Noir
Emmanuel Rouget Vosne-Romanée 2018,France,368,4.4,images/Emmanuel_Rouget_Vosne_Romane_2018.png,images/bottle_Emmanuel_Rouget_Vosne_Romane_2018.png,Vosne-Romanée,Emmanuel Rouget,"red fruit, oak, earth, non oak, spices, microbio, floral, black fruit, vegetal, dried fruit","Beef, Veal, Game (deer, venison), Poultry",Pinot Noir
Domaine François Gerbet Vosne-Romanée 1er Cru 'Les Suchots' 2016,France,299,4.3,images/Domaine_Franois_Gerbet_Vosne_Romane_1er_Cru_Les_Su.png,images/bottle_Domaine_Franois_Gerbet_Vosne_Romane_1er_Cru.png,Vosne-Romanée 1er Cru 'Les Suchots',Domaine François Gerbet,,"Beef, Veal, Game (deer, venison), Poultry",Pinot Noir
Domaine Dujac Gevrey Chambertin 1er Cru 'Aux Combottes' 2009,France,450,4.5,images/Domaine_Dujac_Gevrey_Chambertin_1er_Cru_Aux_Combot.png,images/bottle_Domaine_Dujac_Gevrey_Chambertin_1er_Cru_Aux.png,Gevrey-Chambertin 1er Cru 'Aux Combottes',Domaine Dujac,"oak, earth, red fruit, non oak, spices, black fruit, microbio, floral, dried fruit, vegetal, tree fruit, citrus fruit","Beef, Veal, Game (deer, venison), Poultry",Pinot Noir
Vazart-Coquart & Fils Brut Rosé Champagne Premier Cru,France,79,3.8,images/Vazart_Coquart_Fils_Brut_Ros_Champagne_Premier_Cru.png,images/bottle_Vazart_Coquart_Fils_Brut_Ros_Champagne_Prem.png,Champagne Premier Cru,Vazart-Coquart & Fils,"red fruit, tree fruit, citrus fruit, non oak, oak, earth, black fruit, floral, vegetal, microbio","Pork, Rich fish (salmon, tuna etc), Shellfish, Mild and soft cheese","Chardonnay, Pinot Noir, Pinot Meunier"
Domaine Michel Lafarge Pommard 1er Cru 'Les Pézerolles' 2017,France,224,4.2,images/Domaine_Michel_Lafarge_Pommard_1er_Cru_Les_Pzeroll.jpg,,Pommard 1er Cru 'Les Pézerolles',Domaine Michel Lafarge,"red fruit, earth, oak, spices, black fruit, microbio, non oak","Beef, Veal, Game (deer, venison), Poultry",Pinot Noir
Fontaine-Gagnard Chassagne-Montrachet 1er Cru 'Clos Saint Jean' Rouge 2010,France,94,4.1,images/Fontaine_Gagnard_Chassagne_Montrachet_1er_Cru_Clos.png,images/bottle_Fontaine_Gagnard_Chassagne_Montrachet_1er_C.png,Chassagne-Montrachet 1er Cru 'Clos Saint Jean',Fontaine-Gagnard,"red fruit, oak, earth, non oak, spices, floral, tree fruit","Beef, Veal, Game (deer, venison), Poultry",Pinot Noir
Emeritus Vineyards Hallberg Ranch 2020,United States,44.99,4.4,images/Emeritus_Vineyards_Hallberg_Ranch_2020.png,images/bottle_Emeritus_Vineyards_Hallberg_Ranch_2020.png,Russian River Valley,Emeritus Vineyards,"red fruit, oak, earth, black fruit, non oak, spices, microbio, dried fruit, citrus fruit, vegetal, floral, tree fruit, tropical fruit","Veal, Pork, Poultry, Mushrooms",Pinot Noir
Martin Woods Bednarik Vineyard Pinot Noir 2022,United States,61.99,4.2,images/Martin_Woods_Bednarik_Vineyard_Pinot_Noir_2022.png,images/bottle_Martin_Woods_Bednarik_Vineyard_Pinot_Noir_2.png,Willamette Valley,Martin Woods,"earth, red fruit, oak, non oak, black fruit, spices, floral, microbio","Beef, Veal, Game (deer, venison), Poultry",Pinot Noir
David Hill Blackjack Pinot Noir 2022,United States,65,4.2,images/David_Hill_Blackjack_Pinot_Noir_2022.jpg,,Willamette Valley,David Hill,"oak, red fruit, earth, non oak, black fruit, spices, microbio","Beef, Veal, Game (deer, venison), Poultry",Pinot Noir
Domaine Henri Boillot Volnay 1er Cru Clos de La Rougeotte 2005,France,277,4.4,images/Domaine_Henri_Boillot_Volnay_1er_Cru_Clos_de_La_Ro.png,images/bottle_Domaine_Henri_Boillot_Volnay_1er_Cru_Clos_d.png,Volnay 1er Cru 'Clos de la Rougeotte',Domaine Henri Boillot,"oak, earth, non oak, spices, microbio, vegetal, black fruit, dried fruit, red fruit, tropical fruit, tree fruit, floral","Beef, Veal, Game (deer, venison), Poultry",Pinot Noir
Luli Pinot Noir (Highlands Ranch) 2021,United States,32.99,4.1,images/Luli_Pinot_Noir_Highlands_Ranch_2021.png,images/bottle_Luli_Pinot_Noir_Highlands_Ranch_2021.png,Santa Lucia Highlands,Luli,"red fruit, oak, earth, non oak, black fruit, spices, microbio, floral, dried fruit, citrus fruit, vegetal, tree fruit, tropical fruit","Veal, Pork, Poultry, Mushrooms",Pinot Noir
Chanin Sanford & Benedict Vineyard Pinot Noir 2021,United States,70,4.3,images/Chanin_Sanford_Benedict_Vineyard_Pinot_Noir_2021.png,images/bottle_Chanin_Sanford_Benedict_Vineyard_Pinot_Noir.png,Sta. Rita Hills,Chanin,"red fruit, oak, earth, non oak, spices, black fruit, microbio, floral, dried fruit, vegetal, tree fruit, citrus fruit","Veal, Pork, Poultry, Mushrooms",Pinot Noir
Hudelot-Noëllat Vougeot 1er Cru 'Les Petits Vougeots' 2014,France,140,4.1,images/Hudelot_Nollat_Vougeot_1er_Cru_Les_Petits_Vougeots.png,images/bottle_Hudelot_Nollat_Vougeot_1er_Cru_Les_Petits_V.png,Vougeot 1er Cru 'Les Petits Vougeots',Hudelot-Noëllat,"red fruit, earth, oak, spices, floral, black fruit, non oak, vegetal, microbio, citrus fruit, tree fruit","Beef, Veal, Game (deer, venison), Poultry",Pinot Noir
Schumann (Šuman) Modri Pinot 2019,Slovenia,58,3.8,images/Schumann_uman_Modri_Pinot_2019.jpg,,Podravje,Schumann (Šuman),"black fruit, dried fruit, red fruit, citrus fruit, earth","Veal, Game (deer, venison), Poultry, Mushrooms",Pinot Noir
Kosta Browne Sta. Rita Hills Pinot Noir 2022,United States,118,4.4,images/Kosta_Browne_Sta_Rita_Hills_Pinot_Noir_2022.png,images/bottle_Kosta_Browne_Sta_Rita_Hills_Pinot_Noir_2022.png,Sta. Rita Hills,Kosta Browne,"red fruit, oak, non oak, spices, earth, black fruit, floral, vegetal, dried fruit, citrus fruit, microbio, tropical fruit","Veal, Pork, Poultry, Mushrooms",Pinot Noir
Louis Boillot & Fils Pommard 2017,France,131,3.6,images/Louis_Boillot_Fils_Pommard_2017.png,images/bottle_Louis_Boillot_Fils_Pommard_2017.png,Pommard,Louis Boillot & Fils,"red fruit, earth, oak, black fruit, spices, microbio, non oak, floral","Beef, Veal, Game (deer, venison), Poultry",Pinot Noir
Bergström Silice Pinot Noir 2018,United States,99.99,4.3,images/Bergstrm_Silice_Pinot_Noir_2018.png,images/bottle_Bergstrm_Silice_Pinot_Noir_2018.png,Chehalem Mountains,Bergström,"red fruit, earth, oak, non oak, black fruit, spices, microbio, floral, vegetal, citrus fruit, dried fruit, tree fruit, tropical fruit","Beef, Veal, Game (deer, venison), Poultry",Pinot Noir
Domaine Comte Georges de Vogüé Chambolle-Musigny Premier Cru 2013,France,395,4.4,images/Domaine_Comte_Georges_de_Vog_Chambolle_Musigny_Pre.png,images/bottle_Domaine_Comte_Georges_de_Vog_Chambolle_Musi.png,Chambolle-Musigny Premier Cru,Domaine Comte Georges de Vogüé,"red fruit, earth, oak, black fruit, spices, non oak, floral, microbio, dried fruit, vegetal, citrus fruit, tree fruit, tropical fruit","Beef, Veal, Game (deer, venison), Poultry",Pinot Noir
Shea Wine Cellars Estate Pinot Noir 2021,United States,50,4,images/Shea_Wine_Cellars_Estate_Pinot_Noir_2021.png,images/bottle_Shea_Wine_Cellars_Estate_Pinot_Noir_2021.png,Willamette Valley,Shea Wine Cellars,"red fruit, oak, earth, non oak, spices, black fruit, microbio, dried fruit, floral, vegetal, tree fruit, citrus fruit, tropical fruit","Beef, Veal, Game (deer, venison), Poultry",Pinot Noir
Vinisterra Dominó Rosado 2020,Mexico,17.09,3.6,images/Vinisterra_Domin_Rosado_2020.jpg,,Baja California,Vinisterra,"red fruit, tree fruit",,
Bezel Pinot Noir 2023,United States,28.99,3.8,images/Bezel_Pinot_Noir_2023.png,images/bottle_Bezel_Pinot_Noir_2023.png,Edna Valley,Bezel,"red fruit, earth, oak, microbio, non oak, black fruit, spices","Beef, Veal, Game (deer, venison), Poultry",Pinot Noir
Alex Gambal Pommard 2017,France,75,4.1,images/Alex_Gambal_Pommard_2017.png,images/bottle_Alex_Gambal_Pommard_2017.png,Pommard,Alex Gambal,"red fruit, earth, spices, non oak, oak","Beef, Veal, Game (deer, venison), Poultry",Pinot Noir
Pray Tell Pinot Noir 2021,United States,37.88,4.4,images/Pray_Tell_Pinot_Noir_2021.png,images/bottle_Pray_Tell_Pinot_Noir_2021.png,Willamette Valley,Pray Tell,"black fruit, red fruit, floral","Beef, Veal, Game (deer, venison), Poultry",Pinot Noir
Jacquesson Dizy-Terres Rouges Blanc de Noirs Extra Brut Champagne 2013,France,209,4.4,images/Jacquesson_Dizy_Terres_Rouges_Blanc_de_Noirs_Extra.png,images/bottle_Jacquesson_Dizy_Terres_Rouges_Blanc_de_Noir.png,Champagne,Jacquesson,"non oak, oak, tree fruit, citrus fruit, earth, spices, microbio, black fruit, red fruit, floral","Pork, Rich fish (salmon, tuna etc), Shellfish, Mild and soft cheese","Chardonnay, Pinot Noir, Pinot Meunier"
Donum Single Vineyard Year of The Ox Home Ranch Pinot Noir 2021,United States,95,4.3,images/Donum_Single_Vineyard_Year_of_The_Ox_Home_Ranch_Pi.jpg,,Los Carneros,Donum,,"Veal, Pork, Poultry, Mushrooms",Pinot Noir
Wasenhaus Kanzel 2022,Germany,125,4.3,images/Wasenhaus_Kanzel_2022.png,images/bottle_Wasenhaus_Kanzel_2022.png,Baden,Wasenhaus,"red fruit, spices, non oak, oak, earth, microbio, black fruit, floral","Beef, Veal, Game (deer, venison), Poultry",Pinot Noir
Dante Pinot Noir 2021,United States,10.99,3.8,images/Dante_Pinot_Noir_2021.png,images/bottle_Dante_Pinot_Noir_2021.png,Sonoma County,Dante,"red fruit, oak, earth, non oak, spices, black fruit, floral, dried fruit, vegetal, citrus fruit, microbio, tree fruit","Beef, Veal, Game (deer, venison), Poultry",Pinot Noir
Donum Single Vineyard Pinot Noir Rosé 2024,United States,50,4.4,images/Donum_Single_Vineyard_Pinot_Noir_Ros_2024.png,images/bottle_Donum_Single_Vineyard_Pinot_Noir_Ros_2024.png,Los Carneros,Donum,"red fruit, earth, tree fruit, citrus fruit, floral, vegetal, microbio, non oak, oak","Shellfish, Spicy food, Appetizers and snacks, Fruity desserts, Aperitif","Shiraz/Syrah, Cabernet Sauvignon, Pinot Noir, Sangiovese, Zinfandel, Barbera"
Bénédicte et Stéphane Tissot Sous la Tour Pinot Noir 2020,France,72,4.2,images/Bndicte_et_Stphane_Tissot_Sous_la_Tour_Pinot_Noir_.png,images/bottle_Bndicte_et_Stphane_Tissot_Sous_la_Tour_Pino.png,Arbois,Bénédicte et Stéphane Tissot,"red fruit, earth, spices, oak, black fruit, non oak, microbio, dried fruit, floral, vegetal, tree fruit","Game (deer, venison), Appetizers and snacks, Mushrooms, Mild and soft cheese, Cured Meat","Pinot Noir, Trousseau, Poulsard"
Merry Edwards Warrens’ Hill Pinot Noir 2022,United States,70,4.2,images/Merry_Edwards_Warrens_Hill_Pinot_Noir_2022.jpg,,Russian River Valley,Merry Edwards,"red fruit, earth, oak, black fruit, spices, floral, non oak, vegetal, dried fruit, microbio","Veal, Pork, Poultry, Mushrooms",Pinot Noir
Van Duzer Bieze Vineyard Pinot Noir 2021,United States,67.99,4.3,images/Van_Duzer_Bieze_Vineyard_Pinot_Noir_2021.png,images/bottle_Van_Duzer_Bieze_Vineyard_Pinot_Noir_2021.png,Eola-Amity Hills,Van Duzer,"red fruit, oak, earth, non oak, spices, black fruit, citrus fruit, tropical fruit, tree fruit, microbio","Beef, Veal, Game (deer, venison), Poultry",Pinot Noir
EIEIO & Company Swine Wine Pinot Noir 2020,United States,39.99,3.9,images/EIEIO_Company_Swine_Wine_Pinot_Noir_2020.png,images/bottle_EIEIO_Company_Swine_Wine_Pinot_Noir_2020.png,Willamette Valley,EIEIO & Company,"red fruit, earth, non oak, black fruit, oak, spices, microbio, dried fruit, citrus fruit, floral","Beef, Veal, Game (deer, venison), Poultry",Pinot Noir
Walt Blue Jay Pinot Noir 2022,United States,39.99,4.2,images/Walt_Blue_Jay_Pinot_Noir_2022.png,images/bottle_Walt_Blue_Jay_Pinot_Noir_2022.png,Anderson Valley,Walt,"red fruit, oak, black fruit, non oak, spices, earth, microbio, floral, dried fruit, vegetal, citrus fruit, tree fruit, tropical fruit","Veal, Pork, Poultry, Mushrooms",Pinot Noir
Domaine Armand Rousseau Gevrey-Chambertin 1er Cru Lavaux St. Jacques 2017,France,849.99,4.6,images/Domaine_Armand_Rousseau_Gevrey_Chambertin_1er_Cru_.png,images/bottle_Domaine_Armand_Rousseau_Gevrey_Chambertin_1.png,Gevrey-Chambertin Premier Cru,Domaine Armand Rousseau,"red fruit, oak, earth, spices, non oak, black fruit, floral, microbio, vegetal, dried fruit, citrus fruit","Beef, Veal, Game (deer, venison), Poultry",Pinot Noir
Granville Basalt Pinot Noir 2022,United States,50,4.2,images/Granville_Basalt_Pinot_Noir_2022.jpg,,Willamette Valley,Granville,,"Beef, Veal, Game (deer, venison), Poultry",Pinot Noir
By Farr RP Pinot Noir 2020,Australia,112,4.3,images/By_Farr_RP_Pinot_Noir_2020.png,images/bottle_By_Farr_RP_Pinot_Noir_2020.png,Geelong,By Farr,"oak, red fruit, earth, microbio, spices, non oak, black fruit, citrus fruit, vegetal","Beef, Veal, Game (deer, venison), Poultry",Pinot Noir
B Cellars Brown Ranch Pinot Noir 2023,United States,87,4.5,images/B_Cellars_Brown_Ranch_Pinot_Noir_2023.jpg,,Los Carneros,B Cellars,"oak, red fruit, non oak, spices, earth, black fruit, tree fruit","Veal, Pork, Poultry, Mushrooms",Pinot Noir
Domaine Girard Pinot Noir 2022,France,19.99,3.8,images/Domaine_Girard_Pinot_Noir_2022.png,images/bottle_Domaine_Girard_Pinot_Noir_2022.png,Pays d'Oc,Domaine Girard,"red fruit, earth, oak, spices, non oak, black fruit, microbio, floral, vegetal, dried fruit, tropical fruit, citrus fruit","Beef, Pasta, Veal","Shiraz/Syrah, Grenache, Mourvedre"
Ceritas Annabelle Pinot Noir 2022,United States,107,4.3,images/Ceritas_Annabelle_Pinot_Noir_2022.jpg,,Sonoma Coast,Ceritas,"earth, red fruit, microbio, non oak, oak, spices, vegetal, tree fruit, citrus fruit","Veal, Pork, Poultry, Mushrooms",Pinot Noir
Clarice Rosella’s Vineyard Pinot Noir 2021,United States,95,4.2,images/Clarice_Rosellas_Vineyard_Pinot_Noir_2021.jpg,,Santa Lucia Highlands,Clarice,"red fruit, spices, non oak, oak, black fruit, earth","Veal, Pork, Poultry, Mushrooms",Pinot Noir
Comte Armand Pommard 1er Cru 'Clos des Epeneaux' Monopole 2001,France,780,4.2,images/Comte_Armand_Pommard_1er_Cru_Clos_des_Epeneaux_Mon.png,images/bottle_Comte_Armand_Pommard_1er_Cru_Clos_des_Epene.png,Pommard 1er Cru 'Clos des Epeneaux',Comte Armand,"earth, red fruit, oak, non oak, black fruit, microbio, spices, floral, dried fruit, vegetal, citrus fruit, tree fruit","Beef, Veal, Game (deer, venison), Poultry",Pinot Noir
Alpasión Grand Pinot Noir 2021,Argentina,34.99,4.2,images/Alpasin_Grand_Pinot_Noir_2021.png,images/bottle_Alpasin_Grand_Pinot_Noir_2021.png,Uco Valley,Alpasión,"red fruit, oak, earth, non oak, black fruit, spices, microbio, citrus fruit, floral, dried fruit, tropical fruit","Beef, Veal, Game (deer, venison), Poultry",Pinot Noir
Ghostwriter Amaya Ridge Vineyard Pinot Noir 2022,United States,50,4.1,images/Ghostwriter_Amaya_Ridge_Vineyard_Pinot_Noir_2022.png,images/bottle_Ghostwriter_Amaya_Ridge_Vineyard_Pinot_Noir.png,Santa Cruz Mountains,Ghostwriter,"red fruit, oak, spices, earth, black fruit, vegetal, non oak","Beef, Veal, Game (deer, venison), Poultry",Pinot Noir
Ceritas Trout Gulch Vineyard Pinot Noir 2022,United States,99.99,4.3,images/Ceritas_Trout_Gulch_Vineyard_Pinot_Noir_2022.png,images/bottle_Ceritas_Trout_Gulch_Vineyard_Pinot_Noir_202.png,Santa Cruz Mountains,Ceritas,"red fruit, earth, oak, black fruit, spices, non oak, dried fruit, microbio","Beef, Veal, Game (deer, venison), Poultry",Pinot Noir
Domaine Joseph Roty Mazy-Chambertin Grand Cru 1997,France,679,4.3,images/Domaine_Joseph_Roty_Mazy_Chambertin_Grand_Cru_1997.png,images/bottle_Domaine_Joseph_Roty_Mazy_Chambertin_Grand_C.png,Mazis-Chambertin Grand Cru,Domaine Joseph Roty,"oak, earth, black fruit, red fruit, non oak, dried fruit, spices, floral, vegetal, microbio","Beef, Veal, Game (deer, venison), Poultry",Pinot Noir
Lucien le Moine Romanée-Saint-Vivant Grand Cru 2005,France,800,4.5,images/Lucien_le_Moine_Romane_Saint_Vivant_Grand_Cru_2005.png,images/bottle_Lucien_le_Moine_Romane_Saint_Vivant_Grand_C.png,Romanée-Saint-Vivant Grand Cru,Lucien le Moine,"oak, red fruit, spices, non oak","Beef, Veal, Game (deer, venison), Poultry",Pinot Noir
Remoissenet Père & Fils Les Charmes Chambolle-Musigny 1er Cru 1978,France,785,4.3,images/Remoissenet_Pre_Fils_Les_Charmes_Chambolle_Musigny.jpg,,Chambolle-Musigny Premier Cru,Remoissenet Père & Fils,"earth, red fruit, oak, black fruit, dried fruit, non oak","Beef, Veal, Game (deer, venison), Poultry",Pinot Noir
Louis Jadot - Domaine Gagey Santenay Clos des Gatsulards Monopole 2020,France,49,4.1,images/Louis_Jadot_Domaine_Gagey_Santenay_Clos_des_Gatsul.png,images/bottle_Louis_Jadot_Domaine_Gagey_Santenay_Clos_des.png,Santenay,Louis Jadot - Domaine Gagey,"red fruit, earth, oak, non oak, spices, black fruit, floral, microbio, tree fruit, citrus fruit","Beef, Veal, Game (deer, venison), Poultry",Pinot Noir
Kistler Russian River Valley Pinot Noir 2022,United States,89.99,4.3,images/Kistler_Russian_River_Valley_Pinot_Noir_2022.png,images/bottle_Kistler_Russian_River_Valley_Pinot_Noir_202.png,Russian River Valley,Kistler,"red fruit, oak, earth, non oak, black fruit, spices, dried fruit, floral, microbio, citrus fruit, vegetal, tree fruit, tropical fruit","Veal, Pork, Poultry, Mushrooms",Pinot Noir
Williams Selyem Westside Road Neighbors Pinot Noir 2022,United States,195,4.6,images/Williams_Selyem_Westside_Road_Neighbors_Pinot_Noir.png,images/bottle_Williams_Selyem_Westside_Road_Neighbors_Pin.png,Russian River Valley,Williams Selyem,"red fruit, oak, non oak, earth, spices, black fruit, floral, vegetal, microbio, dried fruit, citrus fruit, tropical fruit, tree fruit","Veal, Pork, Poultry, Mushrooms",Pinot Noir
Domaine d'Eugénie Vosne-Romanée 2018,France,119.99,4.3,images/Domaine_dEugnie_Vosne_Romane_2018.png,images/bottle_Domaine_dEugnie_Vosne_Romane_2018.png,Vosne-Romanée,Domaine d'Eugénie,"red fruit, oak, earth, non oak, spices, microbio, black fruit, floral, dried fruit, vegetal, citrus fruit, tree fruit","Beef, Veal, Game (deer, venison), Poultry",Pinot Noir
Domaine Faiveley Givry Champ Lalot Rouge 2022,France,49.99,4.1,images/Domaine_Faiveley_Givry_Champ_Lalot_Rouge_2022.png,images/bottle_Domaine_Faiveley_Givry_Champ_Lalot_Rouge_20.png,Givry,Domaine Faiveley,"red fruit, earth, oak, black fruit, citrus fruit, spices, microbio","Beef, Veal, Game (deer, venison), Poultry",Pinot Noir
Avalon Pinot Noir 2021,United States,10.99,3.6,images/Avalon_Pinot_Noir_2021.png,images/bottle_Avalon_Pinot_Noir_2021.png,Edna Valley,Avalon,"red fruit, oak, earth, non oak, black fruit, spices, microbio, tropical fruit, dried fruit, vegetal","Beef, Veal, Game (deer, venison), Poultry",Pinot Noir
The Calling Pinot Noir 2021,United States,16.99,4.1,images/The_Calling_Pinot_Noir_2021.jpg,,Monterey County,The Calling,"red fruit, oak, non oak, black fruit, spices, earth, microbio","Beef, Veal, Game (deer, venison), Poultry",Pinot Noir
Aleth Girardin Pommard Charmots Premier Cru 1996,France,309,4,images/Aleth_Girardin_Pommard_Charmots_Premier_Cru_1996.jpg,,Pommard 1er Cru 'Les Charmots',Aleth Girardin,"red fruit, spices, oak, black fruit, dried fruit, earth, non oak","Beef, Veal, Game (deer, venison), Poultry",Pinot Noir
Martin Ray Sonoma County Pinot Noir 2021,United States,19.99,3.8,images/Martin_Ray_Sonoma_County_Pinot_Noir_2021.png,images/bottle_Martin_Ray_Sonoma_County_Pinot_Noir_2021.png,Sonoma County,Martin Ray,"red fruit, oak, earth, non oak, spices, black fruit, tree fruit, microbio, vegetal, dried fruit, citrus fruit, floral, tropical fruit","Beef, Veal, Game (deer, venison), Poultry",Pinot Noir
Pudding River Pinot Noir 2016,United States,50,3.8,images/Pudding_River_Pinot_Noir_2016.jpg,,Willamette Valley,Pudding River,"red fruit, oak, earth, non oak, black fruit, floral, tree fruit, spices, vegetal, microbio","Beef, Veal, Game (deer, venison), Poultry",Pinot Noir
Louis Jadot Romanée-Saint-Vivant Grand Cru 1996,France,740,4.3,images/Louis_Jadot_Romane_Saint_Vivant_Grand_Cru_1996.png,images/bottle_Louis_Jadot_Romane_Saint_Vivant_Grand_Cru_1.png,Romanée-Saint-Vivant Grand Cru,Louis Jadot,"earth, red fruit, black fruit, microbio, oak, dried fruit, floral, non oak","Beef, Veal, Game (deer, venison), Poultry",Pinot Noir
Seehof Pinot Noir Rosé Trocken 2020,Germany,23,3.8,images/Seehof_Pinot_Noir_Ros_Trocken_2020.png,images/bottle_Seehof_Pinot_Noir_Ros_Trocken_2020.png,Rheinhessen,Seehof,"citrus fruit, red fruit, tree fruit, earth, microbio, vegetal, tropical fruit","Shellfish, Poultry, Appetizers and snacks, Mild and soft cheese",Pinot Noir
Domaine du Meix-Foulot Mercurey 1er Cru 2018,France,49.99,4.1,images/Domaine_du_Meix_Foulot_Mercurey_1er_Cru_2018.png,images/bottle_Domaine_du_Meix_Foulot_Mercurey_1er_Cru_201.png,Mercurey Premier Cru,Domaine du Meix-Foulot,"red fruit, earth, black fruit, spices, microbio, oak, non oak, floral, dried fruit, tropical fruit, citrus fruit","Beef, Veal, Game (deer, venison), Poultry",Pinot Noir
Dobbes Family Estate Momtazi Vineyard Pinot Noir 2021,United States,68,4.1,images/Dobbes_Family_Estate_Momtazi_Vineyard_Pinot_Noir_2.png,images/bottle_Dobbes_Family_Estate_Momtazi_Vineyard_Pinot.png,McMinnville,Dobbes Family Estate,"earth, red fruit, black fruit, spices, floral, vegetal, oak","Beef, Veal, Game (deer, venison), Poultry",Pinot Noir
Seguin-Manuel Clos de Vougeot Grand Cru 2012,France,150,4.1,images/Seguin_Manuel_Clos_de_Vougeot_Grand_Cru_2012.png,images/bottle_Seguin_Manuel_Clos_de_Vougeot_Grand_Cru_201.png,Clos Vougeot Grand Cru,Seguin-Manuel,"red fruit, earth, oak, non oak","Beef, Veal, Game (deer, venison), Poultry",Pinot Noir
Domaine Glantenay Pommard 1er Cru 'Les Rugiens Hauts' 2018,France,120,4.2,images/Domaine_Glantenay_Pommard_1er_Cru_Les_Rugiens_Haut.png,images/bottle_Domaine_Glantenay_Pommard_1er_Cru_Les_Rugie.png,Pommard 1er Cru 'Les Rugiens',Domaine Glantenay,"red fruit, non oak, oak, spices, earth, floral, microbio","Beef, Veal, Game (deer, venison), Poultry",Pinot Noir
Wasenhaus Möhlin Pinot Noir 2022,Germany,125,4.2,images/Wasenhaus_Mhlin_Pinot_Noir_2022.jpg,,Baden,Wasenhaus,"red fruit, black fruit, spices, vegetal, earth, oak","Beef, Veal, Game (deer, venison), Poultry",Pinot Noir
Domaine Arnoux-Lachaux Échezeaux Grand Cru 'Les Rouges' 2013,France,499,4.3,images/Domaine_Arnoux_Lachaux_chezeaux_Grand_Cru_Les_Roug.png,images/bottle_Domaine_Arnoux_Lachaux_chezeaux_Grand_Cru_L.png,Échezeaux Grand Cru,Domaine Arnoux-Lachaux,"red fruit, earth, oak, black fruit, non oak, spices, floral, vegetal, microbio, tropical fruit, tree fruit","Beef, Veal, Game (deer, venison), Poultry",Pinot Noir
Louis Jadot Charmes Chambertin Grand Cru 2007,France,208,4.3,images/Louis_Jadot_Charmes_Chambertin_Grand_Cru_2007.png,images/bottle_Louis_Jadot_Charmes_Chambertin_Grand_Cru_20.png,Charmes-Chambertin Grand Cru,Louis Jadot,"red fruit, oak, earth, black fruit, spices, non oak, microbio, dried fruit, tree fruit, citrus fruit, floral, vegetal","Beef, Veal, Game (deer, venison), Poultry",Pinot Noir
Laurent Pataille Fixin Rouge 2021,France,109.99,4.1,images/Laurent_Pataille_Fixin_Rouge_2021.jpg,,Fixin,Laurent Pataille,,"Beef, Veal, Game (deer, venison), Poultry",Pinot Noir
Hartford Court Truly Rita Pinot Noir 2022,United States,78,4.3,images/Hartford_Court_Truly_Rita_Pinot_Noir_2022.png,images/bottle_Hartford_Court_Truly_Rita_Pinot_Noir_2022.png,Sta. Rita Hills,Hartford Court,"red fruit, oak, black fruit, spices, earth, non oak","Veal, Pork, Poultry, Mushrooms",Pinot Noir
Domaine Boris Champy Pommard 2021,France,110,4.1,images/Domaine_Boris_Champy_Pommard_2021.png,images/bottle_Domaine_Boris_Champy_Pommard_2021.png,Pommard,Domaine Boris Champy,"red fruit, earth, oak, spices, non oak","Beef, Veal, Game (deer, venison), Poultry",Pinot Noir
Cobb Pinot Noir 2022,United States,69.99,4.1,images/Cobb_Pinot_Noir_2022.jpg,,Sonoma Coast,Cobb,,"Veal, Pork, Poultry, Mushrooms",Pinot Noir
Pierre Boisson Pommard 2021,France,72,4.2,images/Pierre_Boisson_Pommard_2021.png,images/bottle_Pierre_Boisson_Pommard_2021.png,Pommard,Pierre Boisson,"red fruit, earth, oak, non oak, dried fruit, spices, microbio","Beef, Veal, Game (deer, venison), Poultry",Pinot Noir
Dawn's Dream Winery Nicole Pinot Noir 2022,United States,59,4,images/Dawns_Dream_Winery_Nicole_Pinot_Noir_2022.jpg,,Monterey,Dawn's Dream Winery,"oak, red fruit, non oak, spices, earth, black fruit, microbio","Beef, Veal, Game (deer, venison), Poultry",Pinot Noir
Domaine Edmond Cornu & Fils Vieille Vignes Ladoix Rouge 2018,France,49.99,4.1,images/Domaine_Edmond_Cornu_Fils_Vieille_Vignes_Ladoix_Ro.png,images/bottle_Domaine_Edmond_Cornu_Fils_Vieille_Vignes_La.png,Ladoix,Domaine Edmond Cornu & Fils,"red fruit, earth, oak, non oak, black fruit, spices, microbio, floral, vegetal, dried fruit","Beef, Veal, Game (deer, venison), Poultry",Pinot Noir
Maison Leroy Santenay La Comme 1er Cru 2013,France,325,4.3,images/Maison_Leroy_Santenay_La_Comme_1er_Cru_2013.png,images/bottle_Maison_Leroy_Santenay_La_Comme_1er_Cru_2013.png,Santenay 1er Cru 'La Comme',Maison Leroy,"red fruit, non oak, oak, black fruit, microbio, spices, earth, citrus fruit","Beef, Veal, Game (deer, venison), Poultry",Pinot Noir
Domaine Dujac Clos Saint-Denis Grand Cru 2011,France,995,4.3,images/Domaine_Dujac_Clos_Saint_Denis_Grand_Cru_2011.png,images/bottle_Domaine_Dujac_Clos_Saint_Denis_Grand_Cru_20.png,Clos Saint-Denis Grand Cru,Domaine Dujac,"red fruit, earth, oak, black fruit, spices, non oak, citrus fruit, floral, vegetal, dried fruit, microbio, tree fruit","Beef, Veal, Game (deer, venison), Poultry",Pinot Noir
Kistler Cuvée Natalie Silver Belt Vineyard Pinot Noir 2019,United States,104,4.5,images/Kistler_Cuve_Natalie_Silver_Belt_Vineyard_Pinot_No.png,images/bottle_Kistler_Cuve_Natalie_Silver_Belt_Vineyard_P.png,Sonoma Coast,Kistler,"red fruit, oak, non oak, black fruit, earth, spices, floral, dried fruit, citrus fruit, microbio, vegetal, tree fruit","Veal, Pork, Poultry, Mushrooms",Pinot Noir
Domaine Sylvain Morey Chassagne Montrachet 2022,France,129.99,4.1,images/Domaine_Sylvain_Morey_Chassagne_Montrachet_2022.png,images/bottle_Domaine_Sylvain_Morey_Chassagne_Montrachet_.png,Chassagne-Montrachet,Domaine Sylvain Morey,"oak, earth, red fruit, non oak, microbio, spices, citrus fruit, tree fruit, black fruit, floral, tropical fruit, vegetal, dried fruit","Beef, Veal, Game (deer, venison), Poultry",Pinot Noir
Hillsborough Opal Petit Manseng 2022,United States,37,3.4,images/Hillsborough_Opal_Petit_Manseng_2022.jpg,,Virginia,Hillsborough,"earth, tropical fruit, floral, microbio, tree fruit, vegetal, oak, black fruit, citrus fruit, spices","Pork, Shellfish, Poultry, Appetizers and snacks, Lean fish",
Donum Carneros East Slope Pinot Noir 2021,United States,360,4.5,images/Donum_Carneros_East_Slope_Pinot_Noir_2021.png,images/bottle_Donum_Carneros_East_Slope_Pinot_Noir_2021.png,Los Carneros,Donum,"red fruit, oak, earth, non oak, black fruit, dried fruit, spices, microbio, citrus fruit, floral","Veal, Pork, Poultry, Mushrooms",Pinot Noir
Domaine Hoffmann-Jayer Bourgogne Hautes-Côtes de Nuits Rouge 2019,France,49.99,4.1,images/Domaine_Hoffmann_Jayer_Bourgogne_Hautes_Ctes_de_Nu.png,images/bottle_Domaine_Hoffmann_Jayer_Bourgogne_Hautes_Cte.png,Bourgogne Hautes-Côtes de Nuits,Domaine Hoffmann-Jayer,"red fruit, oak, earth, non oak, spices, microbio, black fruit, floral, citrus fruit","Beef, Veal, Game (deer, venison), Poultry",Pinot Noir
Laurent Ponsot Cuvée du Saule Griotte-Chambertin Grand Cru 2019,France,799.99,4.4,images/Laurent_Ponsot_Cuve_du_Saule_Griotte_Chambertin_Gr.png,images/bottle_Laurent_Ponsot_Cuve_du_Saule_Griotte_Chambe.png,Griotte-Chambertin Grand Cru,Laurent Ponsot,"red fruit, black fruit, earth, oak, spices, floral, non oak, tropical fruit","Beef, Veal, Game (deer, venison), Poultry",Pinot Noir
Gundlach Bundschu Pinot Noir 2021,United States,17.99,4,images/Gundlach_Bundschu_Pinot_Noir_2021.png,images/bottle_Gundlach_Bundschu_Pinot_Noir_2021.png,Sonoma Coast,Gundlach Bundschu,"oak, red fruit, earth, spices, non oak, black fruit, microbio, tree fruit, floral, citrus fruit, vegetal, dried fruit, tropical fruit","Veal, Pork, Poultry, Mushrooms",Pinot Noir
Coeur de Terre Vineyard Renelle's Block Reserve Pinot Noir 2021,United States,65,4.2,images/Coeur_de_Terre_Vineyard_Renelles_Block_Reserve_Pin.png,images/bottle_Coeur_de_Terre_Vineyard_Renelles_Block_Rese.png,Willamette Valley,Coeur de Terre Vineyard,"red fruit, earth, black fruit, non oak, oak, spices, dried fruit, microbio","Beef, Veal, Game (deer, venison), Poultry",Pinot Noir
Joseph Perrier La Côte à Bras Parcelle Ah83 Brut Nature Vintage Champagne 2013,France,89,4.1,images/Joseph_Perrier_La_Cte_Bras_Parcelle_Ah83_Brut_Natu.png,images/bottle_Joseph_Perrier_La_Cte_Bras_Parcelle_Ah83_Br.png,Champagne,Joseph Perrier,"tree fruit, non oak, citrus fruit, earth, oak, microbio, red fruit, floral, vegetal, tropical fruit, spices","Pork, Rich fish (salmon, tuna etc), Shellfish, Mild and soft cheese","Chardonnay, Pinot Noir, Pinot Meunier"
Evesham Wood Illahe Vineyard Pinot Noir 2022,United States,50,3.8,images/Evesham_Wood_Illahe_Vineyard_Pinot_Noir_2022.png,images/bottle_Evesham_Wood_Illahe_Vineyard_Pinot_Noir_202.png,Willamette Valley,Evesham Wood,"red fruit, oak, non oak, spices, dried fruit, floral, earth","Beef, Veal, Game (deer, venison), Poultry",Pinot Noir
Maison Noir O.P.P. Pinot Noir 2022,United States,17.99,3.7,images/Maison_Noir_OPP_Pinot_Noir_2022.png,images/bottle_Maison_Noir_OPP_Pinot_Noir_2022.png,Willamette Valley,Maison Noir,"red fruit, earth, oak, non oak, spices, black fruit, microbio, floral, vegetal, dried fruit, tree fruit, citrus fruit, tropical fruit","Beef, Veal, Game (deer, venison), Poultry",Pinot Noir
Kendall-Jackson Jackson Estate Outland Ridge Pinot Noir 2016,United States,30.99,4.2,images/Kendall_Jackson_Jackson_Estate_Outland_Ridge_Pinot.png,images/bottle_Kendall_Jackson_Jackson_Estate_Outland_Ridg.png,Anderson Valley,Kendall-Jackson,"red fruit, oak, non oak, spices, earth, black fruit, microbio, dried fruit, floral, vegetal, tropical fruit, citrus fruit","Veal, Pork, Poultry, Mushrooms",Pinot Noir
Barra Of Mendocino Reserve Pinot Noir 2023,United States,25,4,images/Barra_Of_Mendocino_Reserve_Pinot_Noir_2023.jpg,,Mendocino,Barra Of Mendocino,"red fruit, spices, oak","Beef, Veal, Game (deer, venison), Poultry",Pinot Noir
Domaine Georges Mugneret-Gibourg Vosne-Romanée 2021,France,299.97,4.4,images/Domaine_Georges_Mugneret_Gibourg_Vosne_Romane_2021.png,images/bottle_Domaine_Georges_Mugneret_Gibourg_Vosne_Roma.png,Vosne-Romanée,Domaine Georges Mugneret-Gibourg,"red fruit, earth, oak, non oak, black fruit, spices, floral, microbio, vegetal, citrus fruit, dried fruit","Beef, Veal, Game (deer, venison), Poultry",Pinot Noir
Domaine Ponsot Latricières-Chambertin Grand Cru 1997,France,755,4.6,images/Domaine_Ponsot_Latricires_Chambertin_Grand_Cru_199.jpg,,Latricières-Chambertin Grand Cru,Domaine Ponsot,"red fruit, earth, black fruit, oak, dried fruit, microbio","Beef, Veal, Game (deer, venison), Poultry",Pinot Noir
Fore Family Vineyards Pinot Noir 2018,United States,38,4,images/Fore_Family_Vineyards_Pinot_Noir_2018.png,images/bottle_Fore_Family_Vineyards_Pinot_Noir_2018.png,Los Carneros,Fore Family Vineyards,"oak, non oak, red fruit, spices, earth, microbio","Veal, Pork, Poultry, Mushrooms",Pinot Noir
Domaine Fourrier Vieille Vigne Chambertin Grand Cru 2017,France,637,4.6,images/Domaine_Fourrier_Vieille_Vigne_Chambertin_Grand_Cr.png,images/bottle_Domaine_Fourrier_Vieille_Vigne_Chambertin_G.png,Chambertin Grand Cru,Domaine Fourrier,"red fruit, oak, earth","Beef, Veal, Game (deer, venison), Poultry",Pinot Noir
Martin Woods Koosah Vineyard Pinot Noir 2021,United States,57.99,4.2,images/Martin_Woods_Koosah_Vineyard_Pinot_Noir_2021.jpg,,Eola-Amity Hills,Martin Woods,"red fruit, earth, non oak, oak, black fruit, spices","Beef, Veal, Game (deer, venison), Poultry",Pinot Noir
Kosta Browne Cerise Vineyard Pinot Noir 2019,United States,200,4.4,images/Kosta_Browne_Cerise_Vineyard_Pinot_Noir_2019.png,images/bottle_Kosta_Browne_Cerise_Vineyard_Pinot_Noir_201.png,Anderson Valley,Kosta Browne,"red fruit, earth, oak, spices, non oak, black fruit, dried fruit, floral, citrus fruit, microbio, tree fruit, vegetal","Veal, Pork, Poultry, Mushrooms",Pinot Noir
Louis Latour Marsannay Rouge 2022,France,38,3.9,images/Louis_Latour_Marsannay_Rouge_2022.png,images/bottle_Louis_Latour_Marsannay_Rouge_2022.png,Marsannay,Louis Latour,"red fruit, earth, oak, microbio, spices, non oak, black fruit, floral, vegetal, citrus fruit, tree fruit, dried fruit, tropical fruit","Beef, Veal, Game (deer, venison), Poultry",Pinot Noir
Occidental Occidental Station Vineyard Cuvée Catherine Pinot Noir 2008,United States,175,4.5,images/Occidental_Occidental_Station_Vineyard_Cuve_Cather.jpg,,Sonoma Coast,Occidental,"red fruit, oak, earth, black fruit, spices, non oak, microbio, floral, vegetal, citrus fruit, tree fruit, dried fruit, tropical fruit","Veal, Pork, Poultry, Mushrooms",Pinot Noir
Dolin Pinot Noir 2013,United States,32,4.1,images/Dolin_Pinot_Noir_2013.png,images/bottle_Dolin_Pinot_Noir_2013.png,Sta. Rita Hills,Dolin,"red fruit, oak, non oak, earth, spices, black fruit","Veal, Pork, Poultry, Mushrooms",Pinot Noir
Et Fille Maresh Vineyard Pinot Noir 2022,United States,33.97,4.1,images/Et_Fille_Maresh_Vineyard_Pinot_Noir_2022.jpg,,Oregon,Et Fille,"red fruit, earth, microbio, non oak, oak, spices, black fruit, dried fruit, tree fruit, floral, vegetal","Beef, Veal, Game (deer, venison), Poultry",Pinot Noir
Tournesol Napa Valley Rosé 2023,United States,43,4.2,images/Tournesol_Napa_Valley_Ros_2023.jpg,,Napa Valley,Tournesol,"red fruit, oak, citrus fruit, spices, microbio, tree fruit, floral, earth, non oak","Shellfish, Spicy food, Appetizers and snacks, Fruity desserts, Aperitif","Shiraz/Syrah, Cabernet Sauvignon, Pinot Noir, Sangiovese, Zinfandel, Barbera"
Domaine Henri Gouges Clos des Porrets Nuits-Saint-Georges 1er Cru 2021,France,59.88,4.2,images/Domaine_Henri_Gouges_Clos_des_Porrets_Nuits_Saint_.png,images/bottle_Domaine_Henri_Gouges_Clos_des_Porrets_Nuits.png,Nuits-Saint-Georges 1er Cru 'Clos des Porrets Saint-Georges',Domaine Henri Gouges,"red fruit, earth, oak, black fruit, non oak, spices, microbio, floral, dried fruit, vegetal, tree fruit, citrus fruit, tropical fruit","Beef, Veal, Game (deer, venison), Poultry",Pinot Noir
André Delorme Cuvée Rosé Brut Reserve,France,19.79,3.7,images/Andr_Delorme_Cuve_Ros_Brut_Reserve.jpg,,Bourgogne,André Delorme,"red fruit, citrus fruit, spices, microbio, tree fruit, floral, vegetal, earth, non oak, oak","Shellfish, Poultry, Appetizers and snacks, Lean fish, Aperitif",
Louis Roederer Brut Champagne (Vintage) 1996,France,330,4.6,images/Louis_Roederer_Brut_Champagne_Vintage_1996.png,images/bottle_Louis_Roederer_Brut_Champagne_Vintage_1996.png,Champagne,Louis Roederer,"tree fruit, non oak, citrus fruit, oak, microbio, earth, vegetal, spices, red fruit, floral, tropical fruit, dried fruit, black fruit","Pork, Rich fish (salmon, tuna etc), Shellfish, Mild and soft cheese","Chardonnay, Pinot Noir, Pinot Meunier"
Haden Fig Pinot Noir 2022,United States,26.99,3.9,images/Haden_Fig_Pinot_Noir_2022.png,images/bottle_Haden_Fig_Pinot_Noir_2022.png,Willamette Valley,Haden Fig,"red fruit, earth, oak, spices, non oak, black fruit, microbio, citrus fruit, floral, vegetal, tree fruit, dried fruit","Beef, Veal, Game (deer, venison), Poultry",Pinot Noir
Malk Pinot Noir 2022,United States,80,4.4,images/Malk_Pinot_Noir_2022.jpg,,Fort Ross-Seaview,Malk,"red fruit, spices, non oak, oak","Beef, Veal, Game (deer, venison), Poultry",Pinot Noir
Domaine Drouhin-Laroze Clos de Vougeot Grand Cru 2013,France,185,4.4,images/Domaine_Drouhin_Laroze_Clos_de_Vougeot_Grand_Cru_2.png,images/bottle_Domaine_Drouhin_Laroze_Clos_de_Vougeot_Gran.png,Clos Vougeot Grand Cru,Domaine Drouhin-Laroze,"red fruit, earth, oak, spices, non oak, black fruit, floral, microbio, vegetal, dried fruit, tree fruit, citrus fruit","Beef, Veal, Game (deer, venison), Poultry",Pinot Noir
Cristom Louise Vineyard Pinot Noir 2021,United States,86.99,4.2,images/Cristom_Louise_Vineyard_Pinot_Noir_2021.png,images/bottle_Cristom_Louise_Vineyard_Pinot_Noir_2021.png,Eola-Amity Hills,Cristom,"red fruit, earth, oak, non oak, spices, black fruit, microbio, floral, vegetal, dried fruit, citrus fruit, tree fruit, tropical fruit","Beef, Veal, Game (deer, venison), Poultry",Pinot Noir
Charles Lachaux Bourgogne La Croix Blanche 2019,France,480,4.1,images/Charles_Lachaux_Bourgogne_La_Croix_Blanche_2019.png,images/bottle_Charles_Lachaux_Bourgogne_La_Croix_Blanche_.png,Bourgogne,Charles Lachaux,"red fruit, oak, earth, floral, black fruit, spices, non oak, tropical fruit, citrus fruit, vegetal, microbio","Beef, Veal, Game (deer, venison), Poultry",Pinot Noir
Domaine Bertagna Vougeot 1er Cru 'Clos de la Perrière' Monopole 2019,France,159.99,4.3,images/Domaine_Bertagna_Vougeot_1er_Cru_Clos_de_la_Perrir.png,images/bottle_Domaine_Bertagna_Vougeot_1er_Cru_Clos_de_la.png,Vougeot 1er Cru 'Clos de la Perrière',Domaine Bertagna,"oak, earth, red fruit, black fruit, non oak, spices, microbio, floral, dried fruit, vegetal, citrus fruit, tree fruit, tropical fruit","Beef, Veal, Game (deer, venison), Poultry",Pinot Noir
Domaine De Cassiopée Bourgogne Hautes-Côtes de Beaune Les Paizets 2021,France,69,4,images/Domaine_De_Cassiope_Bourgogne_Hautes_Ctes_de_Beaun.jpg,,Bourgogne Hautes-Côtes de Beaune,Domaine De Cassiopée,,"Beef, Veal, Game (deer, venison), Poultry",Pinot Noir
Domaine Prieuré Roch Vieilles Vignes Gevrey-Chambertin 1er Cru 2022,France,425,4.3,images/Domaine_Prieur_Roch_Vieilles_Vignes_Gevrey_Chamber.png,images/bottle_Domaine_Prieur_Roch_Vieilles_Vignes_Gevrey_.png,Gevrey-Chambertin Premier Cru,Domaine Prieuré Roch,,"Beef, Veal, Game (deer, venison), Poultry",Pinot Noir
Henri & Philippe Jouan Vieilles Vignes Morey-Saint-Denis 1er Cru 'Clos Sorbe' 2020,France,192,4.1,images/Henri_Philippe_Jouan_Vieilles_Vignes_Morey_Saint_D.png,images/bottle_Henri_Philippe_Jouan_Vieilles_Vignes_Morey_.png,Morey-Saint-Denis 1er Cru 'Clos Sorbe',Henri & Philippe Jouan,"spices, floral, vegetal, earth","Beef, Veal, Game (deer, venison), Poultry",Pinot Noir
Domaine Arlaud Gevrey-Chambertin 2020,France,62,4.1,images/Domaine_Arlaud_Gevrey_Chambertin_2020.png,images/bottle_Domaine_Arlaud_Gevrey_Chambertin_2020.png,Gevrey-Chambertin,Domaine Arlaud,"red fruit, earth, oak, black fruit, spices, non oak, microbio, floral, vegetal, dried fruit, tree fruit","Beef, Veal, Game (deer, venison), Poultry",Pinot Noir
Domaine Joseph Roty Tres Vieilles Vignes Charmes-Chambertin Grand Cru 1990,France,985,4.2,images/Domaine_Joseph_Roty_Tres_Vieilles_Vignes_Charmes_C.png,images/bottle_Domaine_Joseph_Roty_Tres_Vieilles_Vignes_Ch.png,Charmes-Chambertin Grand Cru,Domaine Joseph Roty,"oak, earth, black fruit, red fruit, spices, non oak, dried fruit, tropical fruit, microbio","Beef, Veal, Game (deer, venison), Poultry",Pinot Noir
La Pousse d'Or Volnay 1er Cru 'Clos des 60 Ouvrées' (Monopole) 2005,France,150,4.3,images/La_Pousse_dOr_Volnay_1er_Cru_Clos_des_60_Ouvres_Mo.png,images/bottle_La_Pousse_dOr_Volnay_1er_Cru_Clos_des_60_Ou.png,Volnay 1er Cru 'Clos des 60 Ouvrées',La Pousse d'Or,"earth, red fruit, oak, non oak, spices, microbio, black fruit, floral, vegetal, citrus fruit, dried fruit","Beef, Veal, Game (deer, venison), Poultry",Pinot Noir
River's Edge Barrel Select Pinot Noir 2020,United States,28,3.7,images/Rivers_Edge_Barrel_Select_Pinot_Noir_2020.png,images/bottle_Rivers_Edge_Barrel_Select_Pinot_Noir_2020.png,Umpqua Valley,River's Edge,"non oak, oak, red fruit, earth, black fruit, spices, dried fruit","Beef, Veal, Game (deer, venison), Poultry",Pinot Noir
Roco Gravel Road Pinot Noir 2022,United States,25.99,4.1,images/Roco_Gravel_Road_Pinot_Noir_2022.png,images/bottle_Roco_Gravel_Road_Pinot_Noir_2022.png,Oregon,Roco,"red fruit, earth, oak, non oak, black fruit, spices, microbio, citrus fruit, dried fruit, vegetal, floral, tree fruit, tropical fruit","Beef, Veal, Game (deer, venison), Poultry",Pinot Noir
Florian Mollet - Domaine Roc de L'Abbaye Sancerre Rosé 2024,France,32.99,3.8,images/Florian_Mollet_Domaine_Roc_de_LAbbaye_Sancerre_Ros.png,images/bottle_Florian_Mollet_Domaine_Roc_de_LAbbaye_Sance.png,Sancerre,Florian Mollet - Domaine Roc de L'Abbaye,,"Lamb, Rich fish (salmon, tuna etc), Poultry, Mild and soft cheese, Cured Meat",
Te Mata Alma Pinot Noir 2020,New Zealand,60,4,images/Te_Mata_Alma_Pinot_Noir_2020.png,images/bottle_Te_Mata_Alma_Pinot_Noir_2020.png,Hawke's Bay,Te Mata,"red fruit, oak, black fruit, earth, microbio, spices, non oak, floral, vegetal, dried fruit, citrus fruit","Beef, Veal, Game (deer, venison), Poultry",Pinot Noir
Domaine Florence Cholet Saint-Romain Sous la Velle 2022,France,45,4,images/Domaine_Florence_Cholet_Saint_Romain_Sous_la_Velle.jpg,,Saint-Romain,Domaine Florence Cholet,"red fruit, black fruit, spices, earth, microbio, non oak","Beef, Veal, Game (deer, venison), Poultry",Pinot Noir
Hospices de Beaune Volnay Santenots Premier Cru Cuvée Gauvain 2017,France,630,4.3,images/Hospices_de_Beaune_Volnay_Santenots_Premier_Cru_Cu.png,images/bottle_Hospices_de_Beaune_Volnay_Santenots_Premier.png,Volnay Premier Cru,Hospices de Beaune,"red fruit, earth, oak, black fruit, spices, non oak, floral, microbio, vegetal, dried fruit","Beef, Veal, Game (deer, venison), Poultry",Pinot Noir
Louis Jadot Hospices de Beaune Corton Grand Cru Cuvée Charlotte Dumay 1996,France,230,4.3,images/Louis_Jadot_Hospices_de_Beaune_Corton_Grand_Cru_Cu.jpg,,Corton Grand Cru,Louis Jadot,"red fruit, citrus fruit, spices, earth, microbio, non oak, oak","Beef, Veal, Game (deer, venison), Poultry",Pinot Noir
Chloe Rosé 2022,United States,12.99,3.5,images/Chloe_Ros_2022.png,images/bottle_Chloe_Ros_2022.png,Monterey County,Chloe,"red fruit, tree fruit, citrus fruit, earth, microbio, oak, floral, black fruit, spices, non oak, vegetal, tropical fruit, dried fruit","Shellfish, Spicy food, Appetizers and snacks, Fruity desserts, Aperitif","Shiraz/Syrah, Cabernet Sauvignon, Pinot Noir, Sangiovese, Zinfandel, Barbera"
Primarius Pinot Noir 2022,United States,18.99,3.7,images/Primarius_Pinot_Noir_2022.png,images/bottle_Primarius_Pinot_Noir_2022.png,Oregon,Primarius,"red fruit, oak, earth, non oak, spices, black fruit, microbio, vegetal, citrus fruit, floral, tree fruit, dried fruit, tropical fruit","Beef, Veal, Game (deer, venison), Poultry",Pinot Noir
J. Rochioli Estate Grown Pinot Noir 2022,United States,89.99,4.4,images/J_Rochioli_Estate_Grown_Pinot_Noir_2022.png,images/bottle_J_Rochioli_Estate_Grown_Pinot_Noir_2022.png,Russian River Valley,J. Rochioli,"red fruit, oak, non oak, earth, spices, black fruit, microbio, vegetal, citrus fruit, floral, dried fruit, tree fruit, tropical fruit","Veal, Pork, Poultry, Mushrooms",Pinot Noir
Domaine Denis Mortet Gevrey-Chambertin 1er Cru Lavaux St-Jacques 2003,France,545,4.4,images/Domaine_Denis_Mortet_Gevrey_Chambertin_1er_Cru_Lav.png,images/bottle_Domaine_Denis_Mortet_Gevrey_Chambertin_1er_.png,Gevrey-Chambertin Premier Cru,Domaine Denis Mortet,"red fruit, earth, oak, non oak, black fruit, spices, microbio, floral, dried fruit, vegetal, citrus fruit, tree fruit","Beef, Veal, Game (deer, venison), Poultry",Pinot Noir
The Simple Grape Pinot Noir 2020,United States,15.99,3.7,images/The_Simple_Grape_Pinot_Noir_2020.png,images/bottle_The_Simple_Grape_Pinot_Noir_2020.png,California,The Simple Grape,"red fruit, black fruit, oak, spices, earth","Beef, Veal, Game (deer, venison), Poultry",Pinot Noir
Capiaux Cellars Chimera Russian River Valley Pinot Noir 2022,United States,36.99,4.2,images/Capiaux_Cellars_Chimera_Russian_River_Valley_Pinot.png,images/bottle_Capiaux_Cellars_Chimera_Russian_River_Valle.png,Russian River Valley,Capiaux Cellars,"red fruit, oak, earth, non oak, black fruit, spices, microbio, floral, vegetal, dried fruit, tree fruit","Veal, Pork, Poultry, Mushrooms",Pinot Noir
Domaine Perrot-Minot Mazoyères-Chambertin Grand Cru (Vieilles Vignes) 2008,France,320,4.5,images/Domaine_Perrot_Minot_Mazoyres_Chambertin_Grand_Cru.png,images/bottle_Domaine_Perrot_Minot_Mazoyres_Chambertin_Gr.png,Mazoyères-Chambertin Grand Cru,Domaine Perrot-Minot,"earth, oak, red fruit, black fruit, non oak, spices, microbio, floral, dried fruit, vegetal, citrus fruit","Beef, Veal, Game (deer, venison), Poultry",Pinot Noir
Sokol Blosser Evolution (E) Pinot Noir 2023,United States,19.99,3.9,images/Sokol_Blosser_Evolution_E_Pinot_Noir_2023.png,images/bottle_Sokol_Blosser_Evolution_E_Pinot_Noir_2023.png,Willamette Valley,Sokol Blosser,"red fruit, earth, oak, non oak, spices, black fruit, microbio, vegetal, dried fruit, floral, citrus fruit, tree fruit, tropical fruit","Beef, Veal, Game (deer, venison), Poultry",Pinot Noir
Christophe Buisson Chambolle-Musigny 1er Cru 'Aux Echanges' 2018,France,139.99,4.1,images/Christophe_Buisson_Chambolle_Musigny_1er_Cru_Aux_E.jpg,,Chambolle-Musigny 1er Cru 'Aux Echanges',Christophe Buisson,"red fruit, spices, earth, non oak, oak","Beef, Veal, Game (deer, venison), Poultry",Pinot Noir
Clos des Fous Pour Ma Gueule Pinot Noir 2022,Chile,15.99,3.8,images/Clos_des_Fous_Pour_Ma_Gueule_Pinot_Noir_2022.png,images/bottle_Clos_des_Fous_Pour_Ma_Gueule_Pinot_Noir_202.png,Cachapoal Valley,Clos des Fous,"red fruit, earth, oak, black fruit, non oak, spices, microbio, vegetal, floral, dried fruit, tree fruit","Beef, Veal, Game (deer, venison), Poultry",Pinot Noir
Wm. Harrison Pinot Noir 2022,United States,50,3.9,images/Wm_Harrison_Pinot_Noir_2022.jpg,,Sonoma Coast,Wm. Harrison,"red fruit, oak, non oak, spices, earth, floral, citrus fruit","Veal, Pork, Poultry, Mushrooms",Pinot Noir
Domaine Armand Rousseau Charmes-Chambertin Grand Cru 2019,France,850,4.6,images/Domaine_Armand_Rousseau_Charmes_Chambertin_Grand_C.png,images/bottle_Domaine_Armand_Rousseau_Charmes_Chambertin_.png,Charmes-Chambertin Grand Cru,Domaine Armand Rousseau,"red fruit, earth, oak, non oak, spices, black fruit, floral, microbio, vegetal, dried fruit, tropical fruit, citrus fruit, tree fruit","Beef, Veal, Game (deer, venison), Poultry",Pinot Noir
Frey Organic Pinot Noir 2018,United States,28.93,3.5,images/Frey_Organic_Pinot_Noir_2018.png,images/bottle_Frey_Organic_Pinot_Noir_2018.png,Mendocino,Frey,"red fruit, oak, spices, non oak, earth, black fruit, microbio, citrus fruit, tree fruit, floral","Beef, Veal, Game (deer, venison), Poultry",Pinot Noir
Domaine A. et P. de Villaine Bourgogne Rouge 2021,France,85,4.1,images/Domaine_A_et_P_de_Villaine_Bourgogne_Rouge_2021.jpg,,Bourgogne,Domaine A. et P. de Villaine,,"Beef, Veal, Game (deer, venison), Poultry",Pinot Noir
Roar Pinot Noir 2021,United States,56.99,4.1,images/Roar_Pinot_Noir_2021.png,images/bottle_Roar_Pinot_Noir_2021.png,Santa Lucia Highlands,Roar,"red fruit, oak, non oak, earth, spices, black fruit, microbio, floral, citrus fruit, vegetal, dried fruit, tropical fruit, tree fruit","Veal, Pork, Poultry, Mushrooms",Pinot Noir
Chacra Treinta y Dos Pinot Noir 2022,Argentina,153,4.4,images/Chacra_Treinta_y_Dos_Pinot_Noir_2022.png,images/bottle_Chacra_Treinta_y_Dos_Pinot_Noir_2022.png,Patagonia,Chacra,"red fruit, oak, earth, non oak, spices, black fruit, microbio, floral, vegetal, dried fruit, tree fruit, citrus fruit, tropical fruit","Beef, Veal, Game (deer, venison), Poultry",Pinot Noir
Lucia Pinot Noir 2021,United States,59.99,4.4,images/Lucia_Pinot_Noir_2021.png,images/bottle_Lucia_Pinot_Noir_2021.png,Santa Lucia Highlands,Lucia,"red fruit, oak, spices, non oak, earth, black fruit, microbio, citrus fruit, floral, vegetal, tropical fruit, dried fruit","Veal, Pork, Poultry, Mushrooms",Pinot Noir
Lemelson Vineyards Thea's Selection Pinot Noir 2022,United States,29.99,4.1,images/Lemelson_Vineyards_Theas_Selection_Pinot_Noir_2022.png,images/bottle_Lemelson_Vineyards_Theas_Selection_Pinot_No.png,Willamette Valley,Lemelson Vineyards,"red fruit, oak, earth, non oak, spices, black fruit, microbio, floral, vegetal, dried fruit, citrus fruit, tree fruit, tropical fruit","Beef, Veal, Game (deer, venison), Poultry",Pinot Noir
Bluemont Petit Manseng 2022,United States,36,3.6,images/Bluemont_Petit_Manseng_2022.jpg,,Virginia,Bluemont,"tree fruit, earth, dried fruit, tropical fruit, floral, microbio, oak, citrus fruit, vegetal","Pork, Shellfish, Poultry, Appetizers and snacks, Lean fish",
MacRostie Sonoma Coast Pinot Noir 2023,United States,29.99,4.1,images/MacRostie_Sonoma_Coast_Pinot_Noir_2023.png,images/bottle_MacRostie_Sonoma_Coast_Pinot_Noir_2023.png,Sonoma Coast,MacRostie,"red fruit, oak, earth, non oak, spices, black fruit, microbio, citrus fruit, vegetal, floral, dried fruit, tree fruit, tropical fruit","Veal, Pork, Poultry, Mushrooms",Pinot Noir
Margins Pinot Noir 2021,United States,36.99,4.1,images/Margins_Pinot_Noir_2021.png,images/bottle_Margins_Pinot_Noir_2021.png,Santa Cruz Mountains,Margins,"red fruit, earth, oak, non oak","Beef, Veal, Game (deer, venison), Poultry",Pinot Noir
Goose Bay East Coast Pinot Noir 2019,New Zealand,32.99,3.3,images/Goose_Bay_East_Coast_Pinot_Noir_2019.png,images/bottle_Goose_Bay_East_Coast_Pinot_Noir_2019.png,North Island,Goose Bay,"red fruit, tree fruit, earth, oak, black fruit, dried fruit, microbio","Beef, Veal, Game (deer, venison), Poultry",Pinot Noir
Domaine Florence Cholet Puligny-Montrachet 2020,France,75,4.1,images/Domaine_Florence_Cholet_Puligny_Montrachet_2020.jpg,,Puligny-Montrachet,Domaine Florence Cholet,,"Beef, Veal, Game (deer, venison), Poultry",Pinot Noir
Archery Summit Vireton Pinot Noir 2022,United States,29.99,4,images/Archery_Summit_Vireton_Pinot_Noir_2022.png,images/bottle_Archery_Summit_Vireton_Pinot_Noir_2022.png,Willamette Valley,Archery Summit,"red fruit, citrus fruit, earth","Beef, Veal, Game (deer, venison), Poultry",Pinot Noir
Domaine Sylvain Cathiard Coteaux Bourguignons 'Les Croix Blanches' 2022,France,139.99,4.1,images/Domaine_Sylvain_Cathiard_Coteaux_Bourguignons_Les_.png,images/bottle_Domaine_Sylvain_Cathiard_Coteaux_Bourguigno.png,Coteaux Bourguignons,Domaine Sylvain Cathiard,"red fruit, oak, non oak, black fruit, spices, floral, earth, vegetal, microbio","Beef, Veal, Game (deer, venison), Poultry",Pinot Noir
Domaine Fougeray de Beauclair Chambolle-Musigny 1er Cru 'Les Véroilles' 1990,France,740,4.1,images/Domaine_Fougeray_de_Beauclair_Chambolle_Musigny_1e.jpg,,Chambolle-Musigny 1er Cru 'Les Véroilles',Domaine Fougeray de Beauclair,"earth, red fruit, oak, black fruit, citrus fruit, spices, vegetal, microbio, non oak","Beef, Veal, Game (deer, venison), Poultry",Pinot Noir
Domaine Mouton Givry Rouge 2022,France,39.99,3.8,images/Domaine_Mouton_Givry_Rouge_2022.png,images/bottle_Domaine_Mouton_Givry_Rouge_2022.png,Givry,Domaine Mouton,"red fruit, earth, oak, non oak, spices, black fruit, microbio, floral, tree fruit, citrus fruit, vegetal","Beef, Veal, Game (deer, venison), Poultry",Pinot Noir
Head High Pinot Noir 2022,United States,19.99,3.9,images/Head_High_Pinot_Noir_2022.png,images/bottle_Head_High_Pinot_Noir_2022.png,Sonoma Coast,Head High,"red fruit, oak, earth, non oak, spices, black fruit, microbio, vegetal, dried fruit, floral, citrus fruit, tree fruit, tropical fruit","Veal, Pork, Poultry, Mushrooms",Pinot Noir
Alfaro Family Small Lots Heirloom Clones Pinot Noir 2022,United States,40,4.1,images/Alfaro_Family_Small_Lots_Heirloom_Clones_Pinot_Noi.png,images/bottle_Alfaro_Family_Small_Lots_Heirloom_Clones_Pi.png,Santa Cruz Mountains,Alfaro Family,"red fruit, oak, spices, black fruit, earth, microbio, floral","Beef, Veal, Game (deer, venison), Poultry",Pinot Noir
Kudos Pinot Noir 2023,United States,20.97,3.6,images/Kudos_Pinot_Noir_2023.png,images/bottle_Kudos_Pinot_Noir_2023.png,Willamette Valley,Kudos,"red fruit, earth, oak, black fruit, non oak, spices, microbio, tree fruit, citrus fruit, dried fruit, floral, vegetal, tropical fruit","Beef, Veal, Game (deer, venison), Poultry",Pinot Noir
Ponzi Pinot Noir Reserve 2010,United States,225,3.9,images/Ponzi_Pinot_Noir_Reserve_2010.png,images/bottle_Ponzi_Pinot_Noir_Reserve_2010.png,Laurelwood District,Ponzi,"red fruit, oak, spices, earth, non oak, black fruit, floral, vegetal, microbio, dried fruit, citrus fruit, tree fruit","Beef, Veal, Game (deer, venison), Poultry",Pinot Noir
Phelan Farm Pinot Noir 2023,United States,69.99,4.1,images/Phelan_Farm_Pinot_Noir_2023.png,images/bottle_Phelan_Farm_Pinot_Noir_2023.png,San Luis Obispo County,Phelan Farm,,"Beef, Veal, Game (deer, venison), Poultry",Pinot Noir
Two Paddocks Pinot Noir 2022,New Zealand,56.99,4,images/Two_Paddocks_Pinot_Noir_2022.png,images/bottle_Two_Paddocks_Pinot_Noir_2022.png,Central Otago,Two Paddocks,"red fruit, earth, oak, non oak, black fruit, spices, microbio, vegetal, floral, dried fruit, tree fruit, citrus fruit, tropical fruit","Beef, Veal, Game (deer, venison), Mushrooms",Pinot Noir
Peay Pinot Noir 2020,United States,56.99,4.1,images/Peay_Pinot_Noir_2020.png,images/bottle_Peay_Pinot_Noir_2020.png,West Sonoma Coast,Peay,"red fruit, oak, earth, non oak, spices, black fruit, microbio, floral, dried fruit, citrus fruit, tree fruit, vegetal","Veal, Pork, Poultry, Mushrooms",Pinot Noir
David Hill Old Vine Pinot Noir 2022,United States,55,4.4,images/David_Hill_Old_Vine_Pinot_Noir_2022.png,images/bottle_David_Hill_Old_Vine_Pinot_Noir_2022.png,Willamette Valley,David Hill,"red fruit, oak, non oak, black fruit, dried fruit, spices, microbio","Beef, Veal, Game (deer, venison), Poultry",Pinot Noir
Maison Champy Beaune Vieilles Vignes 2018,France,59.99,3.9,images/Maison_Champy_Beaune_Vieilles_Vignes_2018.png,images/bottle_Maison_Champy_Beaune_Vieilles_Vignes_2018.png,Beaune,Maison Champy,"red fruit, oak, earth, non oak, spices, dried fruit, tree fruit, black fruit, vegetal, microbio","Beef, Veal, Game (deer, venison), Poultry",Pinot Noir
Louis Jadot Santenay Clos de Malte 2021,France,49.99,4.1,images/Louis_Jadot_Santenay_Clos_de_Malte_2021.png,images/bottle_Louis_Jadot_Santenay_Clos_de_Malte_2021.png,Santenay,Louis Jadot,"red fruit, earth, oak, non oak, spices, microbio, black fruit, vegetal, floral, dried fruit, citrus fruit, tree fruit, tropical fruit","Beef, Veal, Game (deer, venison), Poultry",Pinot Noir
Henri Rebourseau Clos de Vougeot Grand Cru 2018,France,344.99,4.3,images/Henri_Rebourseau_Clos_de_Vougeot_Grand_Cru_2018.png,images/bottle_Henri_Rebourseau_Clos_de_Vougeot_Grand_Cru_.png,Clos Vougeot Grand Cru,Henri Rebourseau,"earth, oak, red fruit, black fruit, spices, non oak, dried fruit, tree fruit, floral","Beef, Veal, Game (deer, venison), Poultry",Pinot Noir
Domaine Pavelot - Jean-Marc et Hughes Savigny-les-Beaune 1er Cru 'Aux Guettes' 2019,France,59.97,4.2,images/Domaine_Pavelot_Jean_Marc_et_Hughes_Savigny_les_Be.png,images/bottle_Domaine_Pavelot_Jean_Marc_et_Hughes_Savigny.png,Savigny-lès-Beaune 1er Cru 'Aux Guettes',Domaine Pavelot - Jean-Marc et Hughes,"red fruit, earth, oak, spices, non oak, microbio, black fruit, vegetal, floral, dried fruit, citrus fruit, tropical fruit","Beef, Veal, Game (deer, venison), Poultry",Pinot Noir
DuMOL Macintyre Estate Vineyard Pinot Noir 2022,United States,109.99,4.5,images/DuMOL_Macintyre_Estate_Vineyard_Pinot_Noir_2022.png,images/bottle_DuMOL_Macintyre_Estate_Vineyard_Pinot_Noir_.png,Sonoma Coast,DuMOL,"black fruit, earth, red fruit, oak, tree fruit, spices, non oak","Veal, Pork, Poultry, Mushrooms",Pinot Noir
Simpsons Canterbury Rosé 2020,United Kingdom,53.99,3.8,images/Simpsons_Canterbury_Ros_2020.png,images/bottle_Simpsons_Canterbury_Ros_2020.png,England,Simpsons,"red fruit, microbio, citrus fruit, earth, tree fruit, floral, oak, vegetal, non oak, tropical fruit","Shellfish, Appetizers and snacks, Lean fish, Aperitif","Chardonnay, Pinot Noir, Pinot Meunier"
Domaine Rois Mages - Anne-Sophie Debavelaere Rully 'Les Cailloux' 2022,France,49,3.8,images/Domaine_Rois_Mages_Anne_Sophie_Debavelaere_Rully_L.png,images/bottle_Domaine_Rois_Mages_Anne_Sophie_Debavelaere_.png,Rully,Domaine Rois Mages - Anne-Sophie Debavelaere,"red fruit, oak, earth, non oak, microbio, spices, black fruit, tree fruit, citrus fruit, vegetal, dried fruit","Beef, Veal, Game (deer, venison), Poultry",Pinot Noir
Lujon Pinot Noir 2021,United States,25,4,images/Lujon_Pinot_Noir_2021.png,images/bottle_Lujon_Pinot_Noir_2021.png,Dundee Hills,Lujon,"red fruit, earth, oak","Beef, Veal, Game (deer, venison), Poultry",Pinot Noir
Coeur de Terre Vineyard Sarah Jane's Block Reserve Pinot Noir 2021,United States,65,4.3,images/Coeur_de_Terre_Vineyard_Sarah_Janes_Block_Reserve_.jpg,,Willamette Valley,Coeur de Terre Vineyard,"earth, red fruit, non oak, microbio, oak, black fruit, spices, tree fruit","Beef, Veal, Game (deer, venison), Poultry",Pinot Noir
Rhys Vineyards Santa Cruz Mountains Pinot Noir 2009,United States,74,4.3,images/Rhys_Vineyards_Santa_Cruz_Mountains_Pinot_Noir_200.png,images/bottle_Rhys_Vineyards_Santa_Cruz_Mountains_Pinot_N.png,Santa Cruz Mountains,Rhys Vineyards,"red fruit, oak, earth, non oak, black fruit, spices, dried fruit, citrus fruit, floral, vegetal, microbio","Beef, Veal, Game (deer, venison), Poultry",Pinot Noir
Venteux Pinot Noir 2018,United States,58,4.1,images/Venteux_Pinot_Noir_2018.jpg,,Paso Robles,Venteux,"red fruit, earth, microbio, oak, black fruit, spices, non oak","Beef, Veal, Game (deer, venison), Poultry",Pinot Noir
Louis Jadot Savigny-Les-Beaune Premier Cru 2019,France,69.99,3.8,images/Louis_Jadot_Savigny_Les_Beaune_Premier_Cru_2019.jpg,,Savigny-lès-Beaune Premier Cru,Louis Jadot,"red fruit, oak, earth, non oak, spices, microbio, black fruit, floral","Beef, Veal, Game (deer, venison), Poultry",Pinot Noir
The Eyrie Vineyards Estate Pinot Noir 2021,United States,66.99,4,images/The_Eyrie_Vineyards_Estate_Pinot_Noir_2021.png,images/bottle_The_Eyrie_Vineyards_Estate_Pinot_Noir_2021.png,Dundee Hills,The Eyrie Vineyards,"red fruit, earth, oak, non oak, spices, vegetal, black fruit, microbio, floral, dried fruit, citrus fruit","Beef, Veal, Game (deer, venison), Poultry",Pinot Noir
Dugat-Py Vieilles Vignes Gevrey-Chambertin Cuvée Cœur de Roy 2016,France,192,4.2,images/Dugat_Py_Vieilles_Vignes_Gevrey_Chambertin_Cuve_Cu.png,images/bottle_Dugat_Py_Vieilles_Vignes_Gevrey_Chambertin_.png,Gevrey-Chambertin,Dugat-Py,"earth, oak, red fruit, black fruit, non oak, spices, microbio, floral, citrus fruit, vegetal","Beef, Veal, Game (deer, venison), Poultry",Pinot Noir
Domaine Armand Rousseau Gevrey-Chambertin 2021,France,499.99,4.4,images/Domaine_Armand_Rousseau_Gevrey_Chambertin_2021.png,images/bottle_Domaine_Armand_Rousseau_Gevrey_Chambertin_2.png,Gevrey-Chambertin,Domaine Armand Rousseau,"red fruit, earth, oak, spices, non oak, microbio, black fruit, floral, vegetal, dried fruit, citrus fruit, tree fruit, tropical fruit","Beef, Veal, Game (deer, venison), Poultry",Pinot Noir
Mongeard-Mugneret Echezeaux Grand Cru Vieilles Vigne 2008,France,660,4.6,images/Mongeard_Mugneret_Echezeaux_Grand_Cru_Vieilles_Vig.png,images/bottle_Mongeard_Mugneret_Echezeaux_Grand_Cru_Vieil.png,Échezeaux Grand Cru,Mongeard-Mugneret,"red fruit, oak, earth, black fruit, microbio, non oak, spices, dried fruit, floral, vegetal","Beef, Veal, Game (deer, venison), Poultry",Pinot Noir
Louis Jadot Nuits-Saint-Georges 'Les Boudots' 2015,France,132,4.1,images/Louis_Jadot_Nuits_Saint_Georges_Les_Boudots_2015.png,images/bottle_Louis_Jadot_Nuits_Saint_Georges_Les_Boudots.png,Nuits-Saint-Georges Premier Cru,Louis Jadot,"red fruit, oak, earth, non oak, spices, black fruit, microbio, floral, vegetal, tree fruit, citrus fruit, dried fruit","Beef, Veal, Game (deer, venison), Poultry",Pinot Noir
Egly-Ouriet Coteaux Champenois Cuvée des Grands Côtés Vieilles Vignes Grand Cru Ambonnay Rouge 2019,France,375,4.4,images/Egly_Ouriet_Coteaux_Champenois_Cuve_des_Grands_Cts.png,images/bottle_Egly_Ouriet_Coteaux_Champenois_Cuve_des_Gra.png,Coteaux Champenois,Egly-Ouriet,"red fruit, oak, earth, non oak, spices, black fruit, floral, dried fruit, microbio, vegetal, tree fruit, citrus fruit",,
Craven Cinsaut 2023,South Africa,25,4,images/Craven_Cinsaut_2023.png,images/bottle_Craven_Cinsaut_2023.png,Stellenbosch,Craven,"red fruit, spices, earth, oak, black fruit, non oak, microbio, floral, dried fruit, vegetal, tropical fruit","Beef, Lamb, Pork, Vegetarian, Poultry",Cinsault
Thibault Liger-Belair Gevrey-Chambertin 'En Créot' 2021,France,139.99,4.3,images/Thibault_Liger_Belair_Gevrey_Chambertin_En_Crot_20.jpg,,Gevrey-Chambertin,Thibault Liger-Belair,,"Beef, Veal, Game (deer, venison), Poultry",Pinot Noir
Pali Wine Co. Huber Vineyard Pinot Noir 2014,United States,45,4.2,images/Pali_Wine_Co_Huber_Vineyard_Pinot_Noir_2014.png,images/bottle_Pali_Wine_Co_Huber_Vineyard_Pinot_Noir_2014.png,Sta. Rita Hills,Pali Wine Co.,"red fruit, oak, non oak, spices, black fruit, earth, vegetal","Veal, Pork, Poultry, Mushrooms",Pinot Noir
Domaine Leflaive Blagny 1er Cru 'Sous le Dos d'Ane' 2002,France,524,4.2,images/Domaine_Leflaive_Blagny_1er_Cru_Sous_le_Dos_dAne_2.jpg,,Blagny 1er Cru 'Sous le Dos d'Ane',Domaine Leflaive,"red fruit, earth, oak, black fruit, spices, non oak, floral, microbio, tropical fruit, vegetal","Beef, Veal, Game (deer, venison), Poultry",Pinot Noir
Barrique Pinot Noir 2021,United States,19.99,3.9,images/Barrique_Pinot_Noir_2021.jpg,,Sonoma Coast,Barrique,"red fruit, oak, earth, non oak, spices, black fruit, microbio, tree fruit, floral, dried fruit, citrus fruit","Veal, Pork, Poultry, Mushrooms",Pinot Noir
Pierre Girardin Les Grands Epenots Pommard Premier Cru 2018,France,84,4.4,images/Pierre_Girardin_Les_Grands_Epenots_Pommard_Premier.png,images/bottle_Pierre_Girardin_Les_Grands_Epenots_Pommard_.png,Pommard 1er Cru 'Les Epenots',Pierre Girardin,"black fruit, oak, red fruit, spices, earth, non oak","Beef, Veal, Game (deer, venison), Poultry",Pinot Noir
The Calling Patriarch Pinot Noir 2017,United States,44.99,4.4,images/The_Calling_Patriarch_Pinot_Noir_2017.png,images/bottle_The_Calling_Patriarch_Pinot_Noir_2017.png,Sonoma Coast,The Calling,"red fruit, oak, black fruit, non oak, spices, earth, microbio, dried fruit, floral","Veal, Pork, Poultry, Mushrooms",Pinot Noir
La Compagnie des Vins d'Autrefois Réserve Pinot Noir 2023,France,17.97,3.9,images/La_Compagnie_des_Vins_dAutrefois_Rserve_Pinot_Noir.png,images/bottle_La_Compagnie_des_Vins_dAutrefois_Rserve_Pin.png,Pays d'Oc,La Compagnie des Vins d'Autrefois,"red fruit, oak, non oak, earth, spices, microbio, black fruit, vegetal, floral, dried fruit, citrus fruit, tree fruit, tropical fruit","Beef, Pasta, Veal","Shiraz/Syrah, Grenache, Mourvedre"
Dawn's Dream Winery Bel Sogno Pinot Noir Reserve 2021,United States,78,4.1,images/Dawns_Dream_Winery_Bel_Sogno_Pinot_Noir_Reserve_20.jpg,,Santa Lucia Highlands,Dawn's Dream Winery,"black fruit, spices, earth, oak, red fruit, microbio, non oak","Veal, Pork, Poultry, Mushrooms",Pinot Noir
Domaine Vignes du Maynes Cuvée Auguste Bourgogne 2022,France,69,4.2,images/Domaine_Vignes_du_Maynes_Cuve_Auguste_Bourgogne_20.png,images/bottle_Domaine_Vignes_du_Maynes_Cuve_Auguste_Bourg.png,Bourgogne,Domaine Vignes du Maynes,"red fruit, earth, citrus fruit, vegetal, spices, floral, oak, black fruit, non oak, dried fruit, microbio","Beef, Veal, Game (deer, venison), Poultry",Pinot Noir
Domaine Faiveley Mazis-Chambertin Grand Cru 1999,France,970,4.2,images/Domaine_Faiveley_Mazis_Chambertin_Grand_Cru_1999.png,images/bottle_Domaine_Faiveley_Mazis_Chambertin_Grand_Cru.png,Mazis-Chambertin Grand Cru,Domaine Faiveley,"red fruit, earth, oak, non oak, microbio, spices, black fruit, floral, dried fruit, vegetal, tree fruit, citrus fruit","Beef, Veal, Game (deer, venison), Poultry",Pinot Noir
Domaine Nicole Lamarche (François Lamarche) La Grande Rue Grand Cru Monopole 2005,France,595,4.5,images/Domaine_Nicole_Lamarche_Franois_Lamarche_La_Grande.png,images/bottle_Domaine_Nicole_Lamarche_Franois_Lamarche_La.png,La Grande Rue Grand Cru,Domaine Nicole Lamarche (François Lamarche),"red fruit, earth, oak, non oak, spices, black fruit, floral, microbio, citrus fruit, vegetal, dried fruit, tropical fruit","Beef, Veal, Game (deer, venison), Poultry",Pinot Noir
Sokol Blosser Redland Cuvée Estate Pinot Noir 2022,United States,27.99,4,images/Sokol_Blosser_Redland_Cuve_Estate_Pinot_Noir_2022.png,images/bottle_Sokol_Blosser_Redland_Cuve_Estate_Pinot_Noi.png,Willamette Valley,Sokol Blosser,"red fruit, earth, oak, spices, non oak, black fruit, floral, vegetal, microbio, dried fruit, tree fruit","Beef, Veal, Game (deer, venison), Poultry",Pinot Noir
Frédéric Magnien Latricières-Chambertin Grand Cru 2005,France,296,4.2,images/Frdric_Magnien_Latricires_Chambertin_Grand_Cru_200.png,images/bottle_Frdric_Magnien_Latricires_Chambertin_Grand_.png,Latricières-Chambertin Grand Cru,Frédéric Magnien,"red fruit, oak","Beef, Veal, Game (deer, venison), Poultry",Pinot Noir
Robert Groffier Les Amoureuses Chambolle-Musigny 1er Cru 2005,France,600,4.6,images/Robert_Groffier_Les_Amoureuses_Chambolle_Musigny_1.png,images/bottle_Robert_Groffier_Les_Amoureuses_Chambolle_Mu.png,Chambolle-Musigny 1er Cru 'Les Amoureuses',Robert Groffier,"red fruit, earth, oak, non oak, black fruit, floral, spices, microbio, dried fruit, vegetal, tree fruit, tropical fruit, citrus fruit","Beef, Veal, Game (deer, venison), Poultry",Pinot Noir
A to Z Wineworks Pinot Noir 2022,United States,16.99,3.7,images/A_to_Z_Wineworks_Pinot_Noir_2022.png,images/bottle_A_to_Z_Wineworks_Pinot_Noir_2022.png,Oregon,A to Z Wineworks,"red fruit, oak, earth, non oak, spices, black fruit, microbio, dried fruit, citrus fruit, floral, vegetal, tree fruit, tropical fruit","Beef, Veal, Game (deer, venison), Poultry",Pinot Noir
Hirsch Vineyards The Bohan-Dillon Pinot Noir 2023,United States,52.99,4.2,images/Hirsch_Vineyards_The_Bohan_Dillon_Pinot_Noir_2023.png,images/bottle_Hirsch_Vineyards_The_Bohan_Dillon_Pinot_Noi.png,Sonoma Coast,Hirsch Vineyards,"red fruit, earth, oak, spices, non oak, black fruit, floral, microbio, vegetal, citrus fruit, dried fruit, tree fruit, tropical fruit","Veal, Pork, Poultry, Mushrooms",Pinot Noir
Pierre Girardin Vosne-Romanée 2020,France,114.99,4.4,images/Pierre_Girardin_Vosne_Romane_2020.png,images/bottle_Pierre_Girardin_Vosne_Romane_2020.png,Vosne-Romanée,Pierre Girardin,"black fruit, dried fruit, red fruit, spices, earth, non oak, oak","Beef, Veal, Game (deer, venison), Poultry",Pinot Noir
Ojai Pinot Noir 2022,United States,39.99,4,images/Ojai_Pinot_Noir_2022.png,images/bottle_Ojai_Pinot_Noir_2022.png,Santa Barbara County,Ojai,"red fruit, oak, spices, earth, non oak, black fruit, microbio, floral, vegetal, dried fruit, citrus fruit, tree fruit, tropical fruit","Beef, Veal, Game (deer, venison), Poultry",Pinot Noir
Prieur-Brunet Santenay Maladière 1er Cru 2021,France,59.99,3.9,images/Prieur_Brunet_Santenay_Maladire_1er_Cru_2021.png,images/bottle_Prieur_Brunet_Santenay_Maladire_1er_Cru_202.png,Santenay 1er Cru 'La Maladière',Prieur-Brunet,"red fruit, oak, earth, non oak, black fruit, spices, microbio, floral, vegetal, tree fruit, citrus fruit, dried fruit","Beef, Veal, Game (deer, venison), Poultry",Pinot Noir
Camille Giroud Corton Grand Cru 1964,France,970,4.4,images/Camille_Giroud_Corton_Grand_Cru_1964.jpg,,Corton Grand Cru,Camille Giroud,"earth, microbio, oak, red fruit, non oak","Beef, Veal, Game (deer, venison), Poultry",Pinot Noir
Paul Hobbs Goldrock Estate Pinot Noir 2020,United States,79.99,4.4,images/Paul_Hobbs_Goldrock_Estate_Pinot_Noir_2020.png,images/bottle_Paul_Hobbs_Goldrock_Estate_Pinot_Noir_2020.png,Sonoma County,Paul Hobbs,"red fruit, oak, spices, non oak, black fruit, earth, microbio, citrus fruit, floral, vegetal","Beef, Veal, Game (deer, venison), Poultry",Pinot Noir
Cancilla Cellars Pinot Noir 2022,United States,43.99,4,images/Cancilla_Cellars_Pinot_Noir_2022.png,images/bottle_Cancilla_Cellars_Pinot_Noir_2022.png,Willamette Valley,Cancilla Cellars,"earth, oak, black fruit, non oak, dried fruit, red fruit, citrus fruit, spices, microbio","Beef, Veal, Game (deer, venison), Poultry",Pinot Noir
Domaine Daniel Rion & Fils Nuits-Saint-Georges Premier Cru 'Clos des Argillières' 1991,France,256,4.3,images/Domaine_Daniel_Rion_Fils_Nuits_Saint_Georges_Premi.jpg,,Nuits-Saint-Georges Premier Cru,Domaine Daniel Rion & Fils,"red fruit, earth, black fruit, dried fruit, microbio, spices, non oak, oak","Beef, Veal, Game (deer, venison), Poultry",Pinot Noir
Chloe Pinot Noir 2023,United States,12.99,3.5,images/Chloe_Pinot_Noir_2023.png,images/bottle_Chloe_Pinot_Noir_2023.png,Monterey County,Chloe,"red fruit, oak, black fruit, non oak, spices, earth, microbio, vegetal, citrus fruit, floral, tree fruit, dried fruit, tropical fruit","Beef, Veal, Game (deer, venison), Poultry",Pinot Noir
Lignier-Michelot Charmes-Chambertin Grand Cru 2019,France,499.99,4.2,images/Lignier_Michelot_Charmes_Chambertin_Grand_Cru_2019.png,images/bottle_Lignier_Michelot_Charmes_Chambertin_Grand_C.png,Charmes-Chambertin Grand Cru,Lignier-Michelot,,"Beef, Veal, Game (deer, venison), Poultry",Pinot Noir
Louis Jadot Gevrey Chambertin Estournelles Saint Jacques 2013,France,80,3.9,images/Louis_Jadot_Gevrey_Chambertin_Estournelles_Saint_J.png,images/bottle_Louis_Jadot_Gevrey_Chambertin_Estournelles_.png,Gevrey-Chambertin 1er Cru 'Estournelles St Jacques',Louis Jadot,"red fruit, oak, earth, black fruit, non oak, microbio, floral, spices, vegetal","Beef, Veal, Game (deer, venison), Poultry",Pinot Noir
Cobb Wendling Vineyard Pinot Noir 2021,United States,84.99,4.3,images/Cobb_Wendling_Vineyard_Pinot_Noir_2021.jpg,,Anderson Valley,Cobb,"black fruit, red fruit","Veal, Pork, Poultry, Mushrooms",Pinot Noir
Château Puech-Haut Argali Rosé 2024,France,19.99,4,images/Chteau_Puech_Haut_Argali_Ros_2024.png,images/bottle_Chteau_Puech_Haut_Argali_Ros_2024.png,Languedoc-Roussillon,Château Puech-Haut,"red fruit, tree fruit, earth, citrus fruit, floral, microbio, tropical fruit, spices, oak, non oak, vegetal, black fruit","Pasta, Vegetarian, Appetizers and snacks, Lean fish, Aperitif","Shiraz/Syrah, Grenache, Mourvedre"
Beaux Frères The Beaux Frères Vineyard Pinot Noir 2022,United States,138,4.3,images/Beaux_Frres_The_Beaux_Frres_Vineyard_Pinot_Noir_20.png,images/bottle_Beaux_Frres_The_Beaux_Frres_Vineyard_Pinot_.png,Ribbon Ridge,Beaux Frères,"red fruit, oak, earth, non oak, spices, black fruit, floral, microbio, vegetal, citrus fruit, dried fruit, tree fruit","Beef, Veal, Game (deer, venison), Poultry",Pinot Noir
Ponzi Aurora Red 2010,United States,325,4.4,images/Ponzi_Aurora_Red_2010.png,images/bottle_Ponzi_Aurora_Red_2010.png,Willamette Valley,Ponzi,"red fruit, oak, earth, black fruit, floral, microbio, non oak","Beef, Veal, Game (deer, venison), Poultry",Pinot Noir
Julia James Pinot Noir 2021,United States,10.99,3.8,images/Julia_James_Pinot_Noir_2021.png,images/bottle_Julia_James_Pinot_Noir_2021.png,California,Julia James,"red fruit, oak, earth, non oak, spices, black fruit, microbio, vegetal, citrus fruit, tree fruit, tropical fruit, dried fruit, floral","Beef, Veal, Game (deer, venison), Poultry",Pinot Noir
Coeur de Terre Vineyard Tallulah's Run Reserve Pinot Noir 2021,United States,65,4.3,images/Coeur_de_Terre_Vineyard_Tallulahs_Run_Reserve_Pino.png,images/bottle_Coeur_de_Terre_Vineyard_Tallulahs_Run_Reser.png,Willamette Valley,Coeur de Terre Vineyard,"red fruit, earth, spices, oak, black fruit, non oak, floral","Beef, Veal, Game (deer, venison), Poultry",Pinot Noir
Paul Pillot Pinot Noir Bourgogne 2021,France,46.99,4,images/Paul_Pillot_Pinot_Noir_Bourgogne_2021.png,images/bottle_Paul_Pillot_Pinot_Noir_Bourgogne_2021.png,Bourgogne,Paul Pillot,"red fruit, earth, oak, non oak, spices, floral, black fruit, microbio, vegetal, dried fruit, tree fruit","Beef, Veal, Game (deer, venison), Poultry",Pinot Noir
Domaine Georges Mugneret-Gibourg Nuits-Saint-Georges 1er Cru 'Les Vignes Rondes' 2014,France,325,4.3,images/Domaine_Georges_Mugneret_Gibourg_Nuits_Saint_Georg.png,images/bottle_Domaine_Georges_Mugneret_Gibourg_Nuits_Sain.png,Nuits-Saint-Georges 1er Cru 'Aux Vignerondes',Domaine Georges Mugneret-Gibourg,"red fruit, oak, earth, non oak, black fruit, microbio, spices, tree fruit, floral","Beef, Veal, Game (deer, venison), Poultry",Pinot Noir
Dragonette Sanford & Benedict Vineyard Pinot Noir 2021,United States,82.99,4.4,images/Dragonette_Sanford_Benedict_Vineyard_Pinot_Noir_20.jpg,,Sta. Rita Hills,Dragonette,"red fruit, tree fruit, earth, oak","Veal, Pork, Poultry, Mushrooms",Pinot Noir
David Hill Winemaker's  Cuvée Pinot Noir 2022,United States,52,4.1,images/David_Hill_Winemakers_Cuve_Pinot_Noir_2022.jpg,,Willamette Valley,David Hill,"oak, earth, non oak, black fruit, red fruit, microbio, dried fruit, spices","Beef, Veal, Game (deer, venison), Poultry",Pinot Noir
Domaine Génot-Boulanger Mercurey-Saumonts Premier Cru 2020,France,74.99,4.4,images/Domaine_Gnot_Boulanger_Mercurey_Saumonts_Premier_C.png,images/bottle_Domaine_Gnot_Boulanger_Mercurey_Saumonts_Pr.png,Mercurey 1er Cru 'Les Saumonts',Domaine Génot-Boulanger,"red fruit, earth, microbio, tree fruit, citrus fruit, vegetal, non oak, oak","Beef, Veal, Game (deer, venison), Poultry",Pinot Noir
Maison Caroline Lestimé Grand Lys Crémant de Bourgogne Brut 2016,France,69.99,3.9,images/Maison_Caroline_Lestim_Grand_Lys_Crmant_de_Bourgog.png,images/bottle_Maison_Caroline_Lestim_Grand_Lys_Crmant_de_.png,Crémant de Bourgogne,Maison Caroline Lestimé,"tree fruit, citrus fruit, earth, microbio, non oak, oak, red fruit","Shellfish, Poultry, Appetizers and snacks, Lean fish, Aperitif","Chardonnay, Pinot Gris, Pinot Noir, Roussanne, Pinot Blanc, Auxerrois"
Michel Gros Vosne-Romanée 1er Cru 'Clos des Réas' 2021,France,200,4.3,images/Michel_Gros_Vosne_Romane_1er_Cru_Clos_des_Ras_2021.png,images/bottle_Michel_Gros_Vosne_Romane_1er_Cru_Clos_des_R.png,Vosne-Romanée 1er Cru 'Clos des Reas',Michel Gros,"red fruit, earth, oak, spices, non oak, black fruit, microbio, floral, vegetal, dried fruit, citrus fruit, tropical fruit","Beef, Veal, Game (deer, venison), Poultry",Pinot Noir
Clos de la Tech Domaine Lois Louise Twisty Ridge Pinot Noir 2017,United States,47.5,4.1,images/Clos_de_la_Tech_Domaine_Lois_Louise_Twisty_Ridge_P.png,images/bottle_Clos_de_la_Tech_Domaine_Lois_Louise_Twisty_.png,Santa Cruz Mountains,Clos de la Tech,"earth, non oak, oak, dried fruit, red fruit, black fruit, tree fruit, vegetal","Beef, Veal, Game (deer, venison), Poultry",Pinot Noir
Camille Giroud Bourgogne Rouge 2021,France,39.99,4,images/Camille_Giroud_Bourgogne_Rouge_2021.png,images/bottle_Camille_Giroud_Bourgogne_Rouge_2021.png,Bourgogne,Camille Giroud,"red fruit, oak, earth, spices, non oak, microbio, black fruit, citrus fruit, tree fruit, vegetal, tropical fruit, dried fruit, floral","Beef, Veal, Game (deer, venison), Poultry",Pinot Noir
Domaine Faiveley Gevrey-Chambertin 1er Cru 'La Combe Aux Moines' 2010,France,284,4,images/Domaine_Faiveley_Gevrey_Chambertin_1er_Cru_La_Comb.png,images/bottle_Domaine_Faiveley_Gevrey_Chambertin_1er_Cru_.png,Gevrey-Chambertin 1er Cru 'Combe au Moine',Domaine Faiveley,"red fruit, earth, oak, non oak, black fruit, spices, microbio, floral, vegetal, dried fruit, tree fruit, citrus fruit","Beef, Veal, Game (deer, venison), Poultry",Pinot Noir
Robert Sirugue Les Petits Monts Vosne-Romanée 1er Cru 2018,France,145,4.3,images/Robert_Sirugue_Les_Petits_Monts_Vosne_Romane_1er_C.png,images/bottle_Robert_Sirugue_Les_Petits_Monts_Vosne_Roman.png,Vosne-Romanée Premier Cru,Robert Sirugue,"red fruit, oak, earth, non oak, spices, black fruit, microbio, floral, dried fruit, vegetal","Beef, Veal, Game (deer, venison), Poultry",Pinot Noir
Hanzell Sebella Pinot Noir 2022,United States,39.99,4.2,images/Hanzell_Sebella_Pinot_Noir_2022.png,images/bottle_Hanzell_Sebella_Pinot_Noir_2022.png,Sonoma Coast,Hanzell,"red fruit, oak, earth, non oak, spices, black fruit, microbio, citrus fruit, floral, tree fruit, vegetal, dried fruit","Veal, Pork, Poultry, Mushrooms",Pinot Noir
Domaine A. et P. de Villaine La Digoine Bourgogne Côte Chalonnaise 2022,France,73.99,4.2,images/Domaine_A_et_P_de_Villaine_La_Digoine_Bourgogne_Ct.png,images/bottle_Domaine_A_et_P_de_Villaine_La_Digoine_Bourg.png,Côte Chalonnaise,Domaine A. et P. de Villaine,"red fruit, earth, oak, black fruit, spices, non oak, floral, microbio, citrus fruit, vegetal, dried fruit, tree fruit, tropical fruit","Beef, Veal, Game (deer, venison), Poultry",Pinot Noir
Keller Spätburgunder Bürgel 2018,Germany,213,4.3,images/Keller_Sptburgunder_Brgel_2018.png,images/bottle_Keller_Sptburgunder_Brgel_2018.png,Rheinhessen,Keller,"red fruit, oak, earth, non oak, spices, black fruit, floral, microbio, dried fruit, citrus fruit, vegetal","Beef, Veal, Game (deer, venison), Poultry",Pinot Noir
Philippe Colin Santenay 2018,France,46,4.1,images/Philippe_Colin_Santenay_2018.png,images/bottle_Philippe_Colin_Santenay_2018.png,Santenay,Philippe Colin,"red fruit, oak, black fruit, spices, earth, non oak, floral, microbio, citrus fruit","Beef, Veal, Game (deer, venison), Poultry",Pinot Noir
Joseph Swan Vineyards Pinot Noir 2018,United States,49.99,4.2,images/Joseph_Swan_Vineyards_Pinot_Noir_2018.jpg,,Russian River Valley,Joseph Swan Vineyards,"red fruit, spices, non oak, oak, black fruit, earth, microbio, citrus fruit","Veal, Pork, Poultry, Mushrooms",Pinot Noir
Skyaasen Pommard 2022,France,109,4.1,images/Skyaasen_Pommard_2022.png,images/bottle_Skyaasen_Pommard_2022.png,Pommard,Skyaasen,"black fruit, red fruit, earth, oak","Beef, Veal, Game (deer, venison), Poultry",Pinot Noir
Deutz Cuvée William Deutz Rosé Millesimé Brut Champagne 1996,France,385,4.4,images/Deutz_Cuve_William_Deutz_Ros_Millesim_Brut_Champag.png,images/bottle_Deutz_Cuve_William_Deutz_Ros_Millesim_Brut_.png,Champagne,Deutz,"oak, red fruit, non oak, microbio, earth, citrus fruit, tree fruit, vegetal, spices, floral, dried fruit, black fruit, tropical fruit","Pork, Rich fish (salmon, tuna etc), Shellfish, Mild and soft cheese","Chardonnay, Pinot Noir, Pinot Meunier"
Olivier Bernstein Chambertin Grand Cru 2014,France,700,4.5,images/Olivier_Bernstein_Chambertin_Grand_Cru_2014.png,images/bottle_Olivier_Bernstein_Chambertin_Grand_Cru_2014.png,Chambertin Grand Cru,Olivier Bernstein,"black fruit, red fruit, spices, floral, earth, non oak, oak, dried fruit, vegetal","Beef, Veal, Game (deer, venison), Poultry",Pinot Noir
Domaine Arnoux-Lachaux Nuits-Saint-Georges 1er Cru 'Les Corvées Pagets' 2012,France,350,4,images/Domaine_Arnoux_Lachaux_Nuits_Saint_Georges_1er_Cru.png,images/bottle_Domaine_Arnoux_Lachaux_Nuits_Saint_Georges_.png,Nuits-Saint-Georges 1er Cru 'Clos des Corvées Pagets',Domaine Arnoux-Lachaux,"oak, red fruit, earth, spices, non oak, black fruit, floral, microbio, dried fruit, tree fruit, vegetal, citrus fruit","Beef, Veal, Game (deer, venison), Poultry",Pinot Noir
Henry Pellé Les Bornes Menetou-Salon Rouge 2022,France,24.99,4,images/Henry_Pell_Les_Bornes_Menetou_Salon_Rouge_2022.png,images/bottle_Henry_Pell_Les_Bornes_Menetou_Salon_Rouge_2.png,Menetou-Salon,Henry Pellé,"red fruit, earth, oak, microbio, black fruit, dried fruit, spices, vegetal, non oak","Veal, Game (deer, venison), Poultry","Cabernet Franc, Pinot Noir, Gamay, Grolleau"
Bergström Bergström Vineyard Pinot Noir 2017,United States,360,4.3,images/Bergstrm_Bergstrm_Vineyard_Pinot_Noir_2017.png,images/bottle_Bergstrm_Bergstrm_Vineyard_Pinot_Noir_2017.png,Dundee Hills,Bergström,"red fruit, oak, earth, non oak, spices, black fruit, microbio, floral, citrus fruit, vegetal, tree fruit, tropical fruit, dried fruit","Beef, Veal, Game (deer, venison), Poultry",Pinot Noir
Saxon Brown Sangiacomo Roberts Road Vineyard Pinot Noir 2018,United States,75,4.5,images/Saxon_Brown_Sangiacomo_Roberts_Road_Vineyard_Pinot.png,images/bottle_Saxon_Brown_Sangiacomo_Roberts_Road_Vineyar.png,Sonoma Coast,Saxon Brown,"oak, earth, non oak, red fruit, black fruit, floral, spices, microbio","Veal, Pork, Poultry, Mushrooms",Pinot Noir
Coeur de Terre Vineyard Abby's Block Reserve Pinot Noir 2021,United States,65,4.4,images/Coeur_de_Terre_Vineyard_Abbys_Block_Reserve_Pinot_.jpg,,Willamette Valley,Coeur de Terre Vineyard,"black fruit, spices, oak, earth, non oak, red fruit, vegetal","Beef, Veal, Game (deer, venison), Poultry",Pinot Noir
Albrecht Schwegler Pinot Noir 2019,Germany,48,4,images/Albrecht_Schwegler_Pinot_Noir_2019.png,images/bottle_Albrecht_Schwegler_Pinot_Noir_2019.png,Württemberg,Albrecht Schwegler,"red fruit, spices, earth, non oak, oak, floral","Beef, Veal, Game (deer, venison), Poultry",Pinot Noir
Domaine Jean Teiller Menetou-Salon Rouge 2021,France,23,4,images/Domaine_Jean_Teiller_Menetou_Salon_Rouge_2021.png,images/bottle_Domaine_Jean_Teiller_Menetou_Salon_Rouge_20.png,Menetou-Salon,Domaine Jean Teiller,"red fruit, spices, oak, earth, non oak, black fruit, floral, microbio, citrus fruit, vegetal, tree fruit, dried fruit","Veal, Game (deer, venison), Poultry","Cabernet Franc, Pinot Noir, Gamay, Grolleau"
Thierry Richoux Crémant de Bourgogne,France,39,4.1,images/Thierry_Richoux_Crmant_de_Bourgogne.jpg,,Crémant de Bourgogne,Thierry Richoux,"microbio, citrus fruit, non oak, red fruit, tree fruit, earth, oak, vegetal","Shellfish, Poultry, Appetizers and snacks, Lean fish, Aperitif","Chardonnay, Pinot Gris, Pinot Noir, Roussanne, Pinot Blanc, Auxerrois"
Hudelot-Baillet Bourgogne Pinot Noir 2022,France,39.99,3.8,images/Hudelot_Baillet_Bourgogne_Pinot_Noir_2022.png,images/bottle_Hudelot_Baillet_Bourgogne_Pinot_Noir_2022.png,Bourgogne,Hudelot-Baillet,"red fruit, oak, earth, black fruit, non oak, spices, microbio, dried fruit, citrus fruit, floral","Beef, Veal, Game (deer, venison), Poultry",Pinot Noir
Sextant - Julien Altaber Côteaux Bourguignons 2022,France,31,4,images/Sextant_Julien_Altaber_Cteaux_Bourguignons_2022.png,images/bottle_Sextant_Julien_Altaber_Cteaux_Bourguignons_.png,Coteaux Bourguignons,Sextant - Julien Altaber,"red fruit, earth, oak, non oak, microbio, black fruit, spices, floral, vegetal, dried fruit, tree fruit, citrus fruit","Beef, Veal, Game (deer, venison), Poultry",Pinot Noir
Domaine Génot-Boulanger Vieilles Vignes Pommard 2020,France,74.99,4.3,images/Domaine_Gnot_Boulanger_Vieilles_Vignes_Pommard_202.png,images/bottle_Domaine_Gnot_Boulanger_Vieilles_Vignes_Pomm.png,Pommard,Domaine Génot-Boulanger,"red fruit, earth, oak, black fruit, microbio, non oak, spices, floral, dried fruit, tree fruit, vegetal","Beef, Veal, Game (deer, venison), Poultry",Pinot Noir
Robert Ampeau et Fils Savigny-lès-Beaune 1990,France,199,3.8,images/Robert_Ampeau_et_Fils_Savigny_ls_Beaune_1990.png,images/bottle_Robert_Ampeau_et_Fils_Savigny_ls_Beaune_199.png,Savigny-lès-Beaune,Robert Ampeau et Fils,"earth, red fruit, oak, microbio, non oak, black fruit, spices, dried fruit, floral, citrus fruit, vegetal, tree fruit","Beef, Veal, Game (deer, venison), Poultry",Pinot Noir
Lavinea Pinot Noir 2021,United States,39.99,4.2,images/Lavinea_Pinot_Noir_2021.jpg,,Eola-Amity Hills,Lavinea,"black fruit, red fruit","Beef, Veal, Game (deer, venison), Poultry",Pinot Noir
Domaine Berthaut-Gerbet Fixin Les Clos 2022,France,50,4.2,images/Domaine_Berthaut_Gerbet_Fixin_Les_Clos_2022.png,images/bottle_Domaine_Berthaut_Gerbet_Fixin_Les_Clos_2022.png,Fixin,Domaine Berthaut-Gerbet,"red fruit, earth, oak, spices, black fruit, non oak, microbio, floral, dried fruit, citrus fruit","Beef, Veal, Game (deer, venison), Poultry",Pinot Noir
Goose Bay Small Batch Pinot Noir 2016,New Zealand,29.99,3.4,images/Goose_Bay_Small_Batch_Pinot_Noir_2016.png,images/bottle_Goose_Bay_Small_Batch_Pinot_Noir_2016.png,Nelson,Goose Bay,"oak, red fruit, non oak, microbio, earth, black fruit, citrus fruit, spices, vegetal","Beef, Veal, Game (deer, venison), Poultry",Pinot Noir
Harmand-Geoffroy Gevrey-Chambertin 2021,France,139.99,4.1,images/Harmand_Geoffroy_Gevrey_Chambertin_2021.png,images/bottle_Harmand_Geoffroy_Gevrey_Chambertin_2021.png,Gevrey-Chambertin,Harmand-Geoffroy,"red fruit, earth, oak, non oak, black fruit, spices, microbio, floral, citrus fruit, vegetal, dried fruit, tree fruit","Beef, Veal, Game (deer, venison), Poultry",Pinot Noir
Kelley Fox Weber Vineyard Pinot Noir 2021,United States,99.99,4.3,images/Kelley_Fox_Weber_Vineyard_Pinot_Noir_2021.png,images/bottle_Kelley_Fox_Weber_Vineyard_Pinot_Noir_2021.png,Dundee Hills,Kelley Fox,"red fruit, earth","Beef, Veal, Game (deer, venison), Poultry",Pinot Noir
Domaine Fichet Tradition Bourgogne Pinot Noir 2022,France,29.99,3.8,images/Domaine_Fichet_Tradition_Bourgogne_Pinot_Noir_2022.png,images/bottle_Domaine_Fichet_Tradition_Bourgogne_Pinot_No.png,Bourgogne,Domaine Fichet,"red fruit, oak, earth, spices, black fruit, non oak, tree fruit, dried fruit, citrus fruit, floral, vegetal, microbio","Beef, Veal, Game (deer, venison), Poultry",Pinot Noir
Domaine Trapet Marsannay 2022,France,54.99,4.1,images/Domaine_Trapet_Marsannay_2022.png,images/bottle_Domaine_Trapet_Marsannay_2022.png,Marsannay,Domaine Trapet,"red fruit, oak, earth, black fruit, spices, non oak, floral, vegetal, tree fruit, microbio, citrus fruit","Beef, Veal, Game (deer, venison), Poultry",Pinot Noir
Sylvain Pataille Marsannay 'Les Longeroies' 2021,France,70,4.1,images/Sylvain_Pataille_Marsannay_Les_Longeroies_2021.png,images/bottle_Sylvain_Pataille_Marsannay_Les_Longeroies_2.png,Marsannay,Sylvain Pataille,"red fruit, earth, oak, black fruit, non oak, spices, microbio, vegetal, citrus fruit, floral, dried fruit, tree fruit","Beef, Veal, Game (deer, venison), Poultry",Pinot Noir
Bouchard Père & Fils Vigne de l'Enfant Jésus Beaune 1er Cru 'Les Grèves' 2020,France,205.99,4.2,images/Bouchard_Pre_Fils_Vigne_de_lEnfant_Jsus_Beaune_1er.png,images/bottle_Bouchard_Pre_Fils_Vigne_de_lEnfant_Jsus_Bea.png,Beaune 1er Cru 'Les Grèves',Bouchard Père & Fils,"red fruit, earth, oak, non oak, spices, black fruit, microbio, floral, vegetal, dried fruit, citrus fruit, tree fruit, tropical fruit","Beef, Veal, Game (deer, venison), Poultry",Pinot Noir
de Lancellotti Onelia  Pinot Noir 2022,United States,75,4.4,images/de_Lancellotti_Onelia_Pinot_Noir_2022.jpg,,Willamette Valley,de Lancellotti,"black fruit, red fruit, spices, earth, microbio, non oak, oak","Beef, Veal, Game (deer, venison), Poultry",Pinot Noir
Domaine Frédéric Esmonin Chambertin Grand Cru 'Clos-de-Bèze' 1999,France,380,4.2,images/Domaine_Frdric_Esmonin_Chambertin_Grand_Cru_Clos_d.png,images/bottle_Domaine_Frdric_Esmonin_Chambertin_Grand_Cru.png,Chambertin-Clos de Bèze Grand Cru,Domaine Frédéric Esmonin,"red fruit, oak, dried fruit, spices, floral, earth, non oak","Beef, Veal, Game (deer, venison), Poultry",Pinot Noir
Belle Fiore Belle Arte Estate Pinot Noir 2019,United States,23,4.2,images/Belle_Fiore_Belle_Arte_Estate_Pinot_Noir_2019.jpg,,Rogue Valley,Belle Fiore,"earth, red fruit, non oak, oak","Beef, Veal, Game (deer, venison), Poultry",Pinot Noir
Lingua Franca The Plow Pinot Noir 2022,United States,79,4.3,images/Lingua_Franca_The_Plow_Pinot_Noir_2022.png,images/bottle_Lingua_Franca_The_Plow_Pinot_Noir_2022.png,Eola-Amity Hills,Lingua Franca,"red fruit, earth, oak, non oak, spices, black fruit, microbio, floral, dried fruit, vegetal, tropical fruit, citrus fruit","Beef, Veal, Game (deer, venison), Poultry",Pinot Noir
Lignier-Michelot Vieilles Vignes Morey-Saint-Denis 2020,France,98,4.2,images/Lignier_Michelot_Vieilles_Vignes_Morey_Saint_Denis.png,images/bottle_Lignier_Michelot_Vieilles_Vignes_Morey_Sain.png,Morey-Saint-Denis,Lignier-Michelot,"red fruit, earth, oak, non oak, black fruit, spices, microbio, floral, vegetal, citrus fruit","Beef, Veal, Game (deer, venison), Poultry",Pinot Noir
Schramsberg Brut Anderson Valley 2010,United States,93,4.4,images/Schramsberg_Brut_Anderson_Valley_2010.png,images/bottle_Schramsberg_Brut_Anderson_Valley_2010.png,Anderson Valley,Schramsberg,"tree fruit, microbio, non oak, citrus fruit, spices, earth","Shellfish, Appetizers and snacks, Lean fish, Aperitif","Chardonnay, Pinot Noir"
Pierre Guillemot Savigny Aux Serpentières Premier Cru 2022,France,68,4.3,images/Pierre_Guillemot_Savigny_Aux_Serpentires_Premier_C.png,images/bottle_Pierre_Guillemot_Savigny_Aux_Serpentires_Pr.png,Savigny-lès-Beaune 1er Cru 'Aux Serpentières',Pierre Guillemot,"red fruit, earth, oak, spices, non oak, microbio, black fruit, vegetal, citrus fruit, floral, dried fruit, tree fruit","Beef, Veal, Game (deer, venison), Poultry",Pinot Noir
Domaine des Lambrays Morey-Saint-Denis 2022,France,189.99,3.8,images/Domaine_des_Lambrays_Morey_Saint_Denis_2022.png,images/bottle_Domaine_des_Lambrays_Morey_Saint_Denis_2022.png,Morey-Saint-Denis,Domaine des Lambrays,"red fruit, earth, oak, spices, non oak, black fruit, microbio, floral, vegetal, dried fruit, citrus fruit","Beef, Veal, Game (deer, venison), Poultry",Pinot Noir
Christian Tschida Stockkultur 2021,Austria,119.99,4,images/Christian_Tschida_Stockkultur_2021.jpg,,Neusiedlersee,Christian Tschida,"red fruit, citrus fruit, spices, black fruit, vegetal","Beef, Veal, Game (deer, venison), Poultry",Pinot Noir
Coeur de Terre Vineyard Pinot Noir 2023,United States,29.99,4.1,images/Coeur_de_Terre_Vineyard_Pinot_Noir_2023.png,images/bottle_Coeur_de_Terre_Vineyard_Pinot_Noir_2023.png,McMinnville,Coeur de Terre Vineyard,"red fruit, earth, oak, non oak, black fruit, spices, microbio, dried fruit, vegetal","Beef, Veal, Game (deer, venison), Poultry",Pinot Noir
Domaine Sylvain Cathiard Bourgogne Hautes-Côtes de Nuits 2021,France,93,4.1,images/Domaine_Sylvain_Cathiard_Bourgogne_Hautes_Ctes_de_.jpg,,Bourgogne Hautes-Côtes de Nuits,Domaine Sylvain Cathiard,"tropical fruit, tree fruit, citrus fruit, earth","Beef, Veal, Game (deer, venison), Poultry",Pinot Noir
Argyle Giving Tree Vineyard Pinot Noir 2021,United States,60,4.1,images/Argyle_Giving_Tree_Vineyard_Pinot_Noir_2021.jpg,,Willamette Valley,Argyle,"black fruit, red fruit, oak","Beef, Veal, Game (deer, venison), Poultry",Pinot Noir
Racines Sainte Rosé Pinot Noir 2020,United States,69.99,4.2,images/Racines_Sainte_Ros_Pinot_Noir_2020.png,images/bottle_Racines_Sainte_Ros_Pinot_Noir_2020.png,Sta. Rita Hills,Racines,red fruit,"Veal, Pork, Poultry, Mushrooms",Pinot Noir
Domaine des Lambrays Morey-Saint-Denis Premier Cru Les Loups 2021,France,241,4.3,images/Domaine_des_Lambrays_Morey_Saint_Denis_Premier_Cru.png,images/bottle_Domaine_des_Lambrays_Morey_Saint_Denis_Prem.png,Morey-Saint-Denis Premier Cru,Domaine des Lambrays,"red fruit, earth, oak, spices, non oak, black fruit, microbio, floral, vegetal, dried fruit, citrus fruit","Beef, Veal, Game (deer, venison), Poultry",Pinot Noir
Arista UV Lucky Well Vineyard Pinot Noir 2019,United States,99.99,4.4,images/Arista_UV_Lucky_Well_Vineyard_Pinot_Noir_2019.png,images/bottle_Arista_UV_Lucky_Well_Vineyard_Pinot_Noir_20.png,Russian River Valley,Arista,"red fruit, oak, non oak, earth, black fruit, spices, tree fruit, floral, vegetal, dried fruit, microbio","Veal, Pork, Poultry, Mushrooms",Pinot Noir
Remoissenet Père & Fils Clos de la Roche Grand Cru 1964,France,970,4.6,images/Remoissenet_Pre_Fils_Clos_de_la_Roche_Grand_Cru_19.png,images/bottle_Remoissenet_Pre_Fils_Clos_de_la_Roche_Grand.png,Clos de la Roche Grand Cru,Remoissenet Père & Fils,"red fruit, earth, microbio","Beef, Veal, Game (deer, venison), Poultry",Pinot Noir
Te Pā Pinot Noir 2021,New Zealand,27.99,3.9,images/Te_P_Pinot_Noir_2021.png,images/bottle_Te_P_Pinot_Noir_2021.png,Marlborough,Te Pā,"red fruit, oak, earth, black fruit, spices, non oak, citrus fruit, floral, microbio, tree fruit, vegetal, tropical fruit","Beef, Veal, Game (deer, venison), Poultry",Pinot Noir
Paul Prieur & Fils Sancerre Rosé Perpétuel,France,43.99,4.1,images/Paul_Prieur_Fils_Sancerre_Ros_Perptuel.jpg,,Sancerre,Paul Prieur & Fils,,"Lamb, Rich fish (salmon, tuna etc), Poultry, Mild and soft cheese, Cured Meat",
Bitouzet-Prieur Volnay 2020,France,66,4.1,images/Bitouzet_Prieur_Volnay_2020.png,images/bottle_Bitouzet_Prieur_Volnay_2020.png,Volnay,Bitouzet-Prieur,"red fruit, oak, earth, non oak, black fruit, spices, microbio, floral, dried fruit, citrus fruit","Beef, Veal, Game (deer, venison), Poultry",Pinot Noir
Bellande Pinot Noir 2023,United States,19.99,4.2,images/Bellande_Pinot_Noir_2023.png,images/bottle_Bellande_Pinot_Noir_2023.png,Willamette Valley,Bellande,"red fruit, spices, black fruit, floral, vegetal, earth, microbio, non oak, oak","Beef, Veal, Game (deer, venison), Poultry",Pinot Noir
Paul Lato Suerte Solomon Hills Vineyard Pinot Noir 2021,United States,84.99,4.5,images/Paul_Lato_Suerte_Solomon_Hills_Vineyard_Pinot_Noir.png,images/bottle_Paul_Lato_Suerte_Solomon_Hills_Vineyard_Pin.png,Santa Maria Valley,Paul Lato,"red fruit, oak, non oak, spices, floral, black fruit, earth, citrus fruit, microbio, vegetal, dried fruit, tree fruit","Veal, Pork, Poultry, Mushrooms",Pinot Noir
Tyler Fiddlestix Vineyard Pinot Noir 2021,United States,106.99,4.3,images/Tyler_Fiddlestix_Vineyard_Pinot_Noir_2021.jpg,,Sta. Rita Hills,Tyler,,"Veal, Pork, Poultry, Mushrooms",Pinot Noir
Potomac Point Petit Manseng Dessert 2023,United States,28,3.7,images/Potomac_Point_Petit_Manseng_Dessert_2023.jpg,,Virginia,Potomac Point,"citrus fruit, tree fruit, vegetal, dried fruit",,
Donum Carneros Estate Pinot Noir 2020,United States,220,4.3,images/Donum_Carneros_Estate_Pinot_Noir_2020.png,images/bottle_Donum_Carneros_Estate_Pinot_Noir_2020.png,Los Carneros,Donum,"red fruit, oak, black fruit, earth, non oak, spices, microbio, citrus fruit, floral, dried fruit, tree fruit, vegetal","Veal, Pork, Poultry, Mushrooms",Pinot Noir
La Belle Angèle Pinot Noir 2023,France,12.97,3.6,images/La_Belle_Angle_Pinot_Noir_2023.png,images/bottle_La_Belle_Angle_Pinot_Noir_2023.png,Vin de France,La Belle Angèle,"red fruit, oak, non oak, spices, black fruit, earth, microbio, citrus fruit, dried fruit, floral, tree fruit, vegetal, tropical fruit",,
Dautel Spätburgunder 2021,Germany,24.99,3.8,images/Dautel_Sptburgunder_2021.png,images/bottle_Dautel_Sptburgunder_2021.png,Württemberg,Dautel,"red fruit, earth, oak, non oak, spices, microbio, black fruit, citrus fruit, vegetal, floral","Beef, Veal, Game (deer, venison), Poultry",Pinot Noir
LaVelle Four Brothers Pinot Noir 2021,United States,40,4.3,images/LaVelle_Four_Brothers_Pinot_Noir_2021.jpg,,Willamette Valley,LaVelle,red fruit,"Beef, Veal, Game (deer, venison), Poultry",Pinot Noir
Stringtown Pinot Noir 2022,United States,20.99,3.6,images/Stringtown_Pinot_Noir_2022.png,images/bottle_Stringtown_Pinot_Noir_2022.png,Willamette Valley,Stringtown,"red fruit, earth, oak, spices, microbio, non oak, black fruit, vegetal, floral, tree fruit","Beef, Veal, Game (deer, venison), Poultry",Pinot Noir
Domaine Perrot-Minot Charmes-Chambertin Grand Cru 2009,France,495,4.5,images/Domaine_Perrot_Minot_Charmes_Chambertin_Grand_Cru_.png,images/bottle_Domaine_Perrot_Minot_Charmes_Chambertin_Gra.png,Charmes-Chambertin Grand Cru,Domaine Perrot-Minot,"red fruit, oak, earth, non oak, black fruit, microbio, spices, floral, vegetal, dried fruit, citrus fruit, tree fruit, tropical fruit","Beef, Veal, Game (deer, venison), Poultry",Pinot Noir
Domaine Sylvain Cathiard Vosne-Romanée 1er Cru 'Aux Malconsorts' 2006,France,800,4.7,images/Domaine_Sylvain_Cathiard_Vosne_Romane_1er_Cru_Aux_.png,images/bottle_Domaine_Sylvain_Cathiard_Vosne_Romane_1er_C.png,Vosne-Romanée 1er Cru 'Malconsorts',Domaine Sylvain Cathiard,"red fruit, earth, oak, non oak, black fruit, spices, microbio, floral, vegetal, dried fruit, citrus fruit, tree fruit","Beef, Veal, Game (deer, venison), Poultry",Pinot Noir
Morey-Coffinet Chassagne Montrachet Rouge 2021,France,85,4.3,images/Morey_Coffinet_Chassagne_Montrachet_Rouge_2021.png,images/bottle_Morey_Coffinet_Chassagne_Montrachet_Rouge_2.png,Chassagne-Montrachet,Morey-Coffinet,"oak, earth, red fruit, non oak, microbio, spices, citrus fruit, tree fruit, floral, black fruit, vegetal, tropical fruit, dried fruit","Beef, Veal, Game (deer, venison), Poultry",Pinot Noir
Maison Leroy Chassagne-Montrachet Rouge 1990,France,680,4.3,images/Maison_Leroy_Chassagne_Montrachet_Rouge_1990.png,images/bottle_Maison_Leroy_Chassagne_Montrachet_Rouge_199.png,Chassagne-Montrachet,Maison Leroy,"red fruit, spices, earth, black fruit, microbio","Beef, Veal, Game (deer, venison), Poultry",Pinot Noir
U.S. Grant Union Vineyard Pinot Noir 2019,United States,125,4.4,images/US_Grant_Union_Vineyard_Pinot_Noir_2019.jpg,,Santa Cruz Mountains,U.S. Grant,"black fruit, earth, non oak, oak","Beef, Veal, Game (deer, venison), Poultry",Pinot Noir
Domaine Arnoux-Lachaux Latricières-Chambertin Grand Cru 2013,France,499,4.3,images/Domaine_Arnoux_Lachaux_Latricires_Chambertin_Grand.png,images/bottle_Domaine_Arnoux_Lachaux_Latricires_Chamberti.png,Latricières-Chambertin Grand Cru,Domaine Arnoux-Lachaux,"earth, red fruit, oak, non oak, black fruit, floral, microbio, citrus fruit, spices","Beef, Veal, Game (deer, venison), Poultry",Pinot Noir
La Maison Romane Marsannay 'Longeroies' 2019,France,79,3.8,images/La_Maison_Romane_Marsannay_Longeroies_2019.png,images/bottle_La_Maison_Romane_Marsannay_Longeroies_2019.png,Marsannay,La Maison Romane,"earth, oak, black fruit, floral, red fruit, non oak, spices, dried fruit, tree fruit, citrus fruit","Beef, Veal, Game (deer, venison), Poultry",Pinot Noir
Melville Sandy's Pinot Noir 2020,United States,70,4.1,images/Melville_Sandys_Pinot_Noir_2020.png,images/bottle_Melville_Sandys_Pinot_Noir_2020.png,Sta. Rita Hills,Melville,"red fruit, earth, oak, spices, non oak, floral, vegetal, black fruit, microbio, tree fruit, dried fruit, citrus fruit","Veal, Pork, Poultry, Mushrooms",Pinot Noir
Robert Sinskey Pinot Noir of Vin Gris 2023,United States,34.99,4.2,images/Robert_Sinskey_Pinot_Noir_of_Vin_Gris_2023.png,images/bottle_Robert_Sinskey_Pinot_Noir_of_Vin_Gris_2023.png,Los Carneros,Robert Sinskey,"red fruit, tree fruit, citrus fruit, earth, spices, floral, vegetal, oak, tropical fruit, microbio, non oak, black fruit","Shellfish, Spicy food, Appetizers and snacks, Fruity desserts, Aperitif","Shiraz/Syrah, Cabernet Sauvignon, Pinot Noir, Sangiovese, Zinfandel, Barbera"
Domaine De Cassiopée Le Saugeot Maranges 2022,France,60,3.9,images/Domaine_De_Cassiope_Le_Saugeot_Maranges_2022.jpg,,Maranges,Domaine De Cassiopée,,"Beef, Veal, Game (deer, venison), Poultry",Pinot Noir
Enderle & Moll Muschelkalk 2020,Germany,63,4,images/Enderle_Moll_Muschelkalk_2020.png,images/bottle_Enderle_Moll_Muschelkalk_2020.png,Baden,Enderle & Moll,"red fruit, earth, spices, black fruit, oak, non oak, floral, microbio, citrus fruit, dried fruit, tree fruit, vegetal","Beef, Veal, Game (deer, venison), Poultry",Pinot Noir
Beaulieu Vineyard (BV) Beaumont Pinot Noir 1969,United States,280,3.8,images/Beaulieu_Vineyard_BV_Beaumont_Pinot_Noir_1969.jpg,,Napa Valley,Beaulieu Vineyard (BV),"dried fruit, red fruit, earth, microbio, non oak, black fruit, oak","Beef, Veal, Game (deer, venison), Poultry",Pinot Noir
Pacific Redwood Organic Pinot Noir 2022,United States,16.99,3.7,images/Pacific_Redwood_Organic_Pinot_Noir_2022.png,images/bottle_Pacific_Redwood_Organic_Pinot_Noir_2022.png,Redwood Valley,Pacific Redwood,"red fruit, oak, earth, non oak, black fruit, spices, dried fruit, microbio, tree fruit, vegetal","Beef, Veal, Game (deer, venison), Poultry",Pinot Noir
Kelley Fox Carter Vineyard Pinot Noir 2021,United States,99.99,4.2,images/Kelley_Fox_Carter_Vineyard_Pinot_Noir_2021.png,images/bottle_Kelley_Fox_Carter_Vineyard_Pinot_Noir_2021.png,Eola-Amity Hills,Kelley Fox,"black fruit, red fruit","Beef, Veal, Game (deer, venison), Poultry",Pinot Noir
Domaine Jean Teiller Menetou-Salon Rosé 2019,France,14,3.8,images/Domaine_Jean_Teiller_Menetou_Salon_Ros_2019.png,images/bottle_Domaine_Jean_Teiller_Menetou_Salon_Ros_2019.png,Menetou-Salon,Domaine Jean Teiller,"red fruit, tree fruit, tropical fruit, floral, earth","Lamb, Rich fish (salmon, tuna etc), Poultry, Mild and soft cheese, Cured Meat",
Portola Pinot Noir 2021,United States,42,4.2,images/Portola_Pinot_Noir_2021.jpg,,Santa Cruz Mountains,Portola,"red fruit, earth, non oak, oak, black fruit, spices, vegetal, floral","Beef, Veal, Game (deer, venison), Poultry",Pinot Noir
Domaine Duroché Gevrey-Chambertin 2022,France,127,4.2,images/Domaine_Duroch_Gevrey_Chambertin_2022.png,images/bottle_Domaine_Duroch_Gevrey_Chambertin_2022.png,Gevrey-Chambertin,Domaine Duroché,"red fruit, earth, oak, non oak, black fruit, spices, microbio, floral, dried fruit, citrus fruit, vegetal","Beef, Veal, Game (deer, venison), Poultry",Pinot Noir
Domaine Besson Givry 'Le Haut Colombier' Rouge 2021,France,39.99,4,images/Domaine_Besson_Givry_Le_Haut_Colombier_Rouge_2021.png,images/bottle_Domaine_Besson_Givry_Le_Haut_Colombier_Roug.png,Givry,Domaine Besson,"red fruit, oak, earth, non oak, spices, black fruit, microbio, dried fruit, floral, tree fruit, citrus fruit, vegetal","Beef, Veal, Game (deer, venison), Poultry",Pinot Noir
Louis Latour Mercurey Rouge 2020,France,38,4,images/Louis_Latour_Mercurey_Rouge_2020.png,images/bottle_Louis_Latour_Mercurey_Rouge_2020.png,Mercurey,Louis Latour,"red fruit, earth, spices, oak, non oak, floral, microbio, black fruit, vegetal, dried fruit, tree fruit, citrus fruit","Beef, Veal, Game (deer, venison), Poultry",Pinot Noir
Tellier La Goutte d’Or Champagne 2018,France,85,4.3,images/Tellier_La_Goutte_dOr_Champagne_2018.png,images/bottle_Tellier_La_Goutte_dOr_Champagne_2018.png,Champagne,Tellier,,"Pork, Rich fish (salmon, tuna etc), Shellfish, Mild and soft cheese","Chardonnay, Pinot Noir, Pinot Meunier"
Domaine Chevrot Pinot Noir Bourgogne Hautes-Côtes de Beaune 2022,France,29.99,3.8,images/Domaine_Chevrot_Pinot_Noir_Bourgogne_Hautes_Ctes_d.png,images/bottle_Domaine_Chevrot_Pinot_Noir_Bourgogne_Hautes.png,Bourgogne Hautes-Côtes de Beaune,Domaine Chevrot,"earth, red fruit, black fruit, microbio, vegetal, non oak","Beef, Veal, Game (deer, venison), Poultry",Pinot Noir
Purple Hands Freedom Hill Vineyard Pinot Noir 2022,United States,69.99,4.1,images/Purple_Hands_Freedom_Hill_Vineyard_Pinot_Noir_2022.png,images/bottle_Purple_Hands_Freedom_Hill_Vineyard_Pinot_No.png,Willamette Valley,Purple Hands,"red fruit, earth, oak, black fruit, spices, non oak, microbio, floral, dried fruit, vegetal, tree fruit, citrus fruit","Beef, Veal, Game (deer, venison), Poultry",Pinot Noir
Mail Road Pinot Noir 2023,United States,70,4.3,images/Mail_Road_Pinot_Noir_2023.png,images/bottle_Mail_Road_Pinot_Noir_2023.png,Sta. Rita Hills,Mail Road,"red fruit, spices, black fruit, floral, earth, non oak, oak","Veal, Pork, Poultry, Mushrooms",Pinot Noir
Domaine Denis Mortet Gevrey-Chambertin 2007,France,279,4.6,images/Domaine_Denis_Mortet_Gevrey_Chambertin_2007.png,images/bottle_Domaine_Denis_Mortet_Gevrey_Chambertin_2007.png,Gevrey-Chambertin,Domaine Denis Mortet,"red fruit, oak, earth, non oak, spices, black fruit, microbio, floral, dried fruit, tree fruit, vegetal, citrus fruit","Beef, Veal, Game (deer, venison), Poultry",Pinot Noir
Domaine de la Cras Bourgogne Coteaux de Dijon Rouge 2023,France,50,4.1,images/Domaine_de_la_Cras_Bourgogne_Coteaux_de_Dijon_Roug.png,images/bottle_Domaine_de_la_Cras_Bourgogne_Coteaux_de_Dij.png,Bourgogne,Domaine de la Cras,"earth, red fruit, oak, spices, black fruit, microbio, non oak, floral, tree fruit, vegetal, citrus fruit, tropical fruit, dried fruit","Beef, Veal, Game (deer, venison), Poultry",Pinot Noir
Méo-Camuzet Clos de Vougeot Grand Cru 2020,France,499.99,4.3,images/Mo_Camuzet_Clos_de_Vougeot_Grand_Cru_2020.png,images/bottle_Mo_Camuzet_Clos_de_Vougeot_Grand_Cru_2020.png,Clos Vougeot Grand Cru,Méo-Camuzet,"red fruit, earth, oak, black fruit, non oak, spices, microbio, floral, dried fruit, vegetal, citrus fruit, tree fruit, tropical fruit","Beef, Veal, Game (deer, venison), Poultry",Pinot Noir
Jerome Galeyrand Gevrey-Chambertin 'Billard' 2020,France,152,4.2,images/Jerome_Galeyrand_Gevrey_Chambertin_Billard_2020.png,images/bottle_Jerome_Galeyrand_Gevrey_Chambertin_Billard_.png,Gevrey-Chambertin,Jerome Galeyrand,"red fruit, earth, oak, spices, microbio, black fruit, non oak, floral, citrus fruit, vegetal","Beef, Veal, Game (deer, venison), Poultry",Pinot Noir
Irrewarra Pinot Noir 2021,Australia,49.99,4.1,images/Irrewarra_Pinot_Noir_2021.png,images/bottle_Irrewarra_Pinot_Noir_2021.png,Geelong,Irrewarra,"red fruit, earth, oak, spices, black fruit, non oak, dried fruit, citrus fruit, microbio, floral, vegetal","Beef, Veal, Game (deer, venison), Poultry",Pinot Noir
Patricia Green Cellars Chehalem Mountain Vineyard Pinot Noir 2022,United States,39.99,4.1,images/Patricia_Green_Cellars_Chehalem_Mountain_Vineyard_.jpg,,Chehalem Mountains,Patricia Green Cellars,,"Beef, Veal, Game (deer, venison), Poultry",Pinot Noir
Henri Rebourseau Chambertin Grand Cru 2018,France,749.99,4.4,images/Henri_Rebourseau_Chambertin_Grand_Cru_2018.png,images/bottle_Henri_Rebourseau_Chambertin_Grand_Cru_2018.png,Chambertin Grand Cru,Henri Rebourseau,"red fruit, earth, floral, spices, oak, black fruit, microbio, non oak","Beef, Veal, Game (deer, venison), Poultry",Pinot Noir
Williams Selyem Foss Vineyard Pinot Noir 2021,United States,156.99,4.4,images/Williams_Selyem_Foss_Vineyard_Pinot_Noir_2021.png,images/bottle_Williams_Selyem_Foss_Vineyard_Pinot_Noir_20.png,Russian River Valley,Williams Selyem,"red fruit, earth, oak, non oak, black fruit, spices, microbio, floral, citrus fruit, vegetal, dried fruit, tree fruit","Veal, Pork, Poultry, Mushrooms",Pinot Noir
Ropiteau Freres Pinot Noir Bourgogne 2023,France,14.97,3.8,images/Ropiteau_Freres_Pinot_Noir_Bourgogne_2023.png,images/bottle_Ropiteau_Freres_Pinot_Noir_Bourgogne_2023.png,Bourgogne,Ropiteau Freres,"red fruit, earth, oak, non oak, black fruit, spices, microbio, vegetal, floral, tree fruit, citrus fruit, dried fruit, tropical fruit","Beef, Veal, Game (deer, venison), Poultry",Pinot Noir
Roar Rosella's Vineyard Pinot Noir 2021,United States,79.99,4.3,images/Roar_Rosellas_Vineyard_Pinot_Noir_2021.png,images/bottle_Roar_Rosellas_Vineyard_Pinot_Noir_2021.png,Santa Lucia Highlands,Roar,"red fruit, oak, spices, earth, non oak, black fruit, microbio, dried fruit, citrus fruit, floral, vegetal","Veal, Pork, Poultry, Mushrooms",Pinot Noir
Pierre Morey Bourgogne Pinot Noir 2022,France,44.99,4,images/Pierre_Morey_Bourgogne_Pinot_Noir_2022.png,images/bottle_Pierre_Morey_Bourgogne_Pinot_Noir_2022.png,Bourgogne,Pierre Morey,"red fruit, oak, spices, black fruit, non oak, earth, citrus fruit, microbio","Beef, Veal, Game (deer, venison), Poultry",Pinot Noir
Van Duzer Estate Pinot Noir 2022,United States,27.99,4,images/Van_Duzer_Estate_Pinot_Noir_2022.png,images/bottle_Van_Duzer_Estate_Pinot_Noir_2022.png,Willamette Valley,Van Duzer,"red fruit, earth, oak, non oak, spices, black fruit, microbio, vegetal, floral, tree fruit, citrus fruit, dried fruit, tropical fruit","Beef, Veal, Game (deer, venison), Poultry",Pinot Noir
Flanagan Gap View Vineyard Pinot Noir 2021,United States,93,4.3,images/Flanagan_Gap_View_Vineyard_Pinot_Noir_2021.jpg,,Sonoma Coast,Flanagan,"red fruit, oak, earth, non oak, black fruit, spices","Veal, Pork, Poultry, Mushrooms",Pinot Noir
Wasenhaus Grand Ordinaire 2023,Germany,46,4.1,images/Wasenhaus_Grand_Ordinaire_2023.jpg,,Baden,Wasenhaus,"earth, red fruit, oak, spices, non oak, citrus fruit, black fruit, floral, microbio","Beef, Veal, Game (deer, venison), Poultry",Pinot Noir
Alex Gambal Vieilles Vignes Vosne-Romanée 2012,France,75,4.4,images/Alex_Gambal_Vieilles_Vignes_Vosne_Romane_2012.png,images/bottle_Alex_Gambal_Vieilles_Vignes_Vosne_Romane_20.png,Vosne-Romanée,Alex Gambal,"red fruit, earth, oak, microbio, black fruit, floral, spices, vegetal, tree fruit, non oak","Beef, Veal, Game (deer, venison), Poultry",Pinot Noir
Pierre-Yves Colin-Morey Rosé de Pinot Noir 2023,France,49.99,4,images/Pierre_Yves_Colin_Morey_Ros_de_Pinot_Noir_2023.png,images/bottle_Pierre_Yves_Colin_Morey_Ros_de_Pinot_Noir_2.png,Bourgogne,Pierre-Yves Colin-Morey,"red fruit, citrus fruit, earth, microbio, tree fruit, floral, vegetal, spices, non oak, oak","Rich fish (salmon, tuna etc), Shellfish, Vegetarian, Lean fish, Mild and soft cheese",
Vallepicciola Boscobruno Pinot Nero 2021,Italy,64.99,3.9,images/Vallepicciola_Boscobruno_Pinot_Nero_2021.png,images/bottle_Vallepicciola_Boscobruno_Pinot_Nero_2021.png,Toscana,Vallepicciola,"red fruit, oak, earth, non oak, spices, floral, black fruit","Beef, Lamb, Veal, Poultry, Cured Meat","Cabernet Sauvignon, Merlot, Sangiovese, Canaiolo Nero"
Anthill Farms Anderson Valley Pinot Noir 2022,United States,37.99,4,images/Anthill_Farms_Anderson_Valley_Pinot_Noir_2022.png,images/bottle_Anthill_Farms_Anderson_Valley_Pinot_Noir_20.png,Anderson Valley,Anthill Farms,"red fruit, earth, oak, non oak, spices, black fruit, citrus fruit, microbio, floral, vegetal, tree fruit, dried fruit, tropical fruit","Veal, Pork, Poultry, Mushrooms",Pinot Noir
Purple Hands Shea Vineyard Pinot Noir 2022,United States,69.99,4.2,images/Purple_Hands_Shea_Vineyard_Pinot_Noir_2022.png,images/bottle_Purple_Hands_Shea_Vineyard_Pinot_Noir_2022.png,Yamhill-Carlton District,Purple Hands,"red fruit, earth, oak, non oak, black fruit, microbio, spices, vegetal, tree fruit, citrus fruit","Beef, Veal, Game (deer, venison), Poultry",Pinot Noir
Louis Latour Bourgogne Cuvée Latour 2022,France,28,3.6,images/Louis_Latour_Bourgogne_Cuve_Latour_2022.png,images/bottle_Louis_Latour_Bourgogne_Cuve_Latour_2022.png,Bourgogne,Louis Latour,"red fruit, earth, oak, spices, non oak, microbio, black fruit, tree fruit, citrus fruit, vegetal, dried fruit, floral","Beef, Veal, Game (deer, venison), Poultry",Pinot Noir
Pinot Noix Ardoise Pinot Noix 2020,Germany,149,4.2,images/Pinot_Noix_Ardoise_Pinot_Noix_2020.png,images/bottle_Pinot_Noix_Ardoise_Pinot_Noix_2020.png,Mosel,Pinot Noix,"oak, red fruit, earth, non oak, spices, black fruit, floral, dried fruit, tree fruit, microbio","Beef, Veal, Game (deer, venison), Poultry",Pinot Noir
Domaine Taupenot-Merme Charmes Chambertin Grand Cru 2016,France,399.99,4.4,images/Domaine_Taupenot_Merme_Charmes_Chambertin_Grand_Cr.png,images/bottle_Domaine_Taupenot_Merme_Charmes_Chambertin_G.png,Charmes-Chambertin Grand Cru,Domaine Taupenot-Merme,"red fruit, earth, oak, non oak, black fruit, spices, microbio, floral, vegetal, dried fruit, citrus fruit","Beef, Veal, Game (deer, venison), Poultry",Pinot Noir
Charles Van Canneyt Morey-Saint-Denis 2018,France,74,4.1,images/Charles_Van_Canneyt_Morey_Saint_Denis_2018.png,images/bottle_Charles_Van_Canneyt_Morey_Saint_Denis_2018.png,Morey-Saint-Denis,Charles Van Canneyt,"red fruit, spices, non oak, oak, black fruit, microbio","Beef, Veal, Game (deer, venison), Poultry",Pinot Noir
La Compagnie des Vins d'Autrefois Pinot Noir Rosé 2023,France,15.97,3.9,images/La_Compagnie_des_Vins_dAutrefois_Pinot_Noir_Ros_20.png,images/bottle_La_Compagnie_des_Vins_dAutrefois_Pinot_Noir.png,Pays d'Oc,La Compagnie des Vins d'Autrefois,"red fruit, tree fruit, citrus fruit, earth, microbio, black fruit, oak, non oak, floral, spices, vegetal, tropical fruit, dried fruit","Pasta, Vegetarian, Appetizers and snacks, Lean fish, Aperitif","Shiraz/Syrah, Grenache, Mourvedre"
Dugat-Py Vieilles Vignes Charmes-Chambertin Grand Cru 2018,France,660,4.5,images/Dugat_Py_Vieilles_Vignes_Charmes_Chambertin_Grand_.png,images/bottle_Dugat_Py_Vieilles_Vignes_Charmes_Chambertin.png,Charmes-Chambertin Grand Cru,Dugat-Py,"black fruit, dried fruit, red fruit, floral, earth, microbio, spices, vegetal, non oak, oak","Beef, Veal, Game (deer, venison), Poultry",Pinot Noir
Mongeard-Mugneret Savigny-Les-Beaune 1er Cru Les Narbantons 2005,France,63,4.2,images/Mongeard_Mugneret_Savigny_Les_Beaune_1er_Cru_Les_N.png,images/bottle_Mongeard_Mugneret_Savigny_Les_Beaune_1er_Cr.png,Savigny-lès-Beaune Premier Cru,Mongeard-Mugneret,"red fruit, oak, earth, spices, non oak, black fruit, microbio, floral, tree fruit, citrus fruit, vegetal, tropical fruit, dried fruit","Beef, Veal, Game (deer, venison), Poultry",Pinot Noir
St. Innocent Momtazi Vineyard Pinot Noir 2019,United States,54.99,4.2,images/St_Innocent_Momtazi_Vineyard_Pinot_Noir_2019.png,images/bottle_St_Innocent_Momtazi_Vineyard_Pinot_Noir_201.png,Willamette Valley,St. Innocent,"red fruit, earth, oak, non oak, black fruit, spices, microbio, vegetal, floral, dried fruit, tree fruit, citrus fruit, tropical fruit","Beef, Veal, Game (deer, venison), Poultry",Pinot Noir
Marine Layer Lyra Pinot Noir 2022,United States,50,4.3,images/Marine_Layer_Lyra_Pinot_Noir_2022.png,images/bottle_Marine_Layer_Lyra_Pinot_Noir_2022.png,Sonoma Coast,Marine Layer,"red fruit, oak, non oak, spices, earth, citrus fruit, black fruit, floral, dried fruit, microbio","Veal, Pork, Poultry, Mushrooms",Pinot Noir
Lc Villa Pinot Noir 2021,Italy,10.98,3.6,images/Lc_Villa_Pinot_Noir_2021.jpg,,Abruzzo,Lc Villa,"black fruit, red fruit","Beef, Pasta, Veal, Poultry","Sangiovese, Montepulciano"
Eden Rift Vineyards Valliant Pinot Noir 2020,United States,23.99,3.8,images/Eden_Rift_Vineyards_Valliant_Pinot_Noir_2020.png,images/bottle_Eden_Rift_Vineyards_Valliant_Pinot_Noir_202.png,Central Coast,Eden Rift Vineyards,"red fruit, oak, spices, non oak, earth, black fruit, tree fruit, dried fruit, microbio","Beef, Veal, Game (deer, venison), Poultry",Pinot Noir
Vivier Pinot Noir 2021,United States,39.99,4.2,images/Vivier_Pinot_Noir_2021.png,images/bottle_Vivier_Pinot_Noir_2021.png,Sonoma Coast,Vivier,"red fruit, earth, oak, spices, non oak, black fruit, microbio, floral, vegetal, dried fruit, tree fruit, citrus fruit, tropical fruit","Veal, Pork, Poultry, Mushrooms",Pinot Noir
Camille Giroud Corton Grand Cru 'Les Chaumes' 2005,France,285,4.3,images/Camille_Giroud_Corton_Grand_Cru_Les_Chaumes_2005.png,images/bottle_Camille_Giroud_Corton_Grand_Cru_Les_Chaumes.png,Corton Grand Cru 'Les Chaumes',Camille Giroud,"red fruit, earth, black fruit, vegetal","Beef, Veal, Game (deer, venison), Poultry",Pinot Noir
Sanford Sanford & Benedict Vineyard Pinot Noir 2021,United States,75,4,images/Sanford_Sanford_Benedict_Vineyard_Pinot_Noir_2021.png,images/bottle_Sanford_Sanford_Benedict_Vineyard_Pinot_Noi.png,Sta. Rita Hills,Sanford,"red fruit, oak, earth, non oak, spices, black fruit, microbio, vegetal, floral, dried fruit, tree fruit, citrus fruit, tropical fruit","Veal, Pork, Poultry, Mushrooms",Pinot Noir
Truchard Pinot Noir 2022,United States,29.99,4,images/Truchard_Pinot_Noir_2022.png,images/bottle_Truchard_Pinot_Noir_2022.png,Los Carneros,Truchard,"red fruit, oak, non oak, spices, earth, black fruit, vegetal, microbio, floral, dried fruit, citrus fruit, tree fruit, tropical fruit","Veal, Pork, Poultry, Mushrooms",Pinot Noir
Foxen Rosé of Pinot Noir 2023,United States,28,3.8,images/Foxen_Ros_of_Pinot_Noir_2023.png,images/bottle_Foxen_Ros_of_Pinot_Noir_2023.png,Santa Maria Valley,Foxen,"red fruit, tree fruit, citrus fruit, spices, floral, oak","Shellfish, Spicy food, Appetizers and snacks, Fruity desserts, Aperitif","Shiraz/Syrah, Cabernet Sauvignon, Pinot Noir, Sangiovese, Zinfandel, Barbera"
Sonoma-Cutrer Pinot Noir 2022,United States,39.99,3.9,images/Sonoma_Cutrer_Pinot_Noir_2022.png,images/bottle_Sonoma_Cutrer_Pinot_Noir_2022.png,Russian River Valley,Sonoma-Cutrer,"red fruit, oak, non oak, earth, black fruit, spices, microbio, citrus fruit, vegetal, floral, dried fruit, tree fruit, tropical fruit","Veal, Pork, Poultry, Mushrooms",Pinot Noir
Cristom Marjorie Vineyard Pinot Noir 2021,United States,59,4.4,images/Cristom_Marjorie_Vineyard_Pinot_Noir_2021.png,images/bottle_Cristom_Marjorie_Vineyard_Pinot_Noir_2021.png,Eola-Amity Hills,Cristom,"red fruit, oak, earth, non oak, spices, black fruit, microbio, floral, dried fruit, citrus fruit, vegetal, tree fruit","Beef, Veal, Game (deer, venison), Poultry",Pinot Noir
Domaine Coillot Marsannay Les Boivins 2016,France,49.99,4.2,images/Domaine_Coillot_Marsannay_Les_Boivins_2016.png,images/bottle_Domaine_Coillot_Marsannay_Les_Boivins_2016.png,Marsannay,Domaine Coillot,"red fruit, oak, earth, non oak, spices, black fruit, microbio, dried fruit, citrus fruit, vegetal","Beef, Veal, Game (deer, venison), Poultry",Pinot Noir
Amalie Robert The Uncarved Block Pinot Noir 2013,United States,32.99,4.2,images/Amalie_Robert_The_Uncarved_Block_Pinot_Noir_2013.png,images/bottle_Amalie_Robert_The_Uncarved_Block_Pinot_Noir.png,Willamette Valley,Amalie Robert,"red fruit, earth, oak, spices, non oak, microbio, black fruit, floral, dried fruit, vegetal, citrus fruit","Beef, Veal, Game (deer, venison), Poultry",Pinot Noir
Méo-Camuzet Chambolle-Musigny 2010,France,268,4.2,images/Mo_Camuzet_Chambolle_Musigny_2010.png,images/bottle_Mo_Camuzet_Chambolle_Musigny_2010.png,Chambolle-Musigny,Méo-Camuzet,"red fruit, oak, earth, non oak, spices, microbio, black fruit, floral, dried fruit","Beef, Veal, Game (deer, venison), Poultry",Pinot Noir
Pierre Guillemot Bourgogne Côte d’Or 2022,France,39,4,images/Pierre_Guillemot_Bourgogne_Cte_dOr_2022.jpg,,Bourgogne Côte d’Or,Pierre Guillemot,,"Beef, Veal, Game (deer, venison), Poultry",Pinot Noir
Hiyu Moon Dog 2016,United States,119.99,4.5,images/Hiyu_Moon_Dog_2016.jpg,,Columbia Gorge,Hiyu,"red fruit, earth, non oak, oak, black fruit, dried fruit, spices, microbio","Beef, Veal, Game (deer, venison), Poultry",Pinot Noir
Chanin Los Alamos Vineyard Pinot Noir 2021,United States,66,4.3,images/Chanin_Los_Alamos_Vineyard_Pinot_Noir_2021.png,images/bottle_Chanin_Los_Alamos_Vineyard_Pinot_Noir_2021.png,Santa Barbara County,Chanin,"red fruit, oak, spices, non oak, earth, microbio, floral, vegetal, black fruit, citrus fruit, dried fruit, tree fruit","Beef, Veal, Game (deer, venison), Poultry",Pinot Noir
Domaine Taupenot-Merme Gevrey Chambertin 2020,France,96,4.3,images/Domaine_Taupenot_Merme_Gevrey_Chambertin_2020.png,images/bottle_Domaine_Taupenot_Merme_Gevrey_Chambertin_20.png,Gevrey-Chambertin,Domaine Taupenot-Merme,"red fruit, earth, oak, non oak, microbio, spices, black fruit, floral, vegetal, dried fruit, citrus fruit","Beef, Veal, Game (deer, venison), Poultry",Pinot Noir
Francis Ford Coppola Winery Diamond Collection Oregon Pinot Noir 2021,United States,17.99,3.6,images/Francis_Ford_Coppola_Winery_Diamond_Collection_Ore.png,images/bottle_Francis_Ford_Coppola_Winery_Diamond_Collect.png,Oregon,Francis Ford Coppola Winery,"red fruit, oak, earth, non oak, spices, black fruit, microbio, dried fruit, floral, citrus fruit, vegetal","Beef, Veal, Game (deer, venison), Poultry",Pinot Noir
Domaine Ponsot Chambolle-Musigny Premier Cru Les Charmes 2010,France,420,4.2,images/Domaine_Ponsot_Chambolle_Musigny_Premier_Cru_Les_C.png,images/bottle_Domaine_Ponsot_Chambolle_Musigny_Premier_Cr.png,Chambolle-Musigny Premier Cru,Domaine Ponsot,"red fruit, oak, earth, microbio, non oak, black fruit, dried fruit, spices, floral, tropical fruit, citrus fruit, vegetal","Beef, Veal, Game (deer, venison), Poultry",Pinot Noir
Domaine Faillenc Sainte-Marie Corbières 2022,France,17,3.6,images/Domaine_Faillenc_Sainte_Marie_Corbires_2022.png,images/bottle_Domaine_Faillenc_Sainte_Marie_Corbires_2022.png,Corbières,Domaine Faillenc Sainte-Marie,"earth, black fruit, oak, red fruit, spices, non oak, floral, microbio, vegetal, dried fruit, citrus fruit, tree fruit, tropical fruit","Beef, Pasta, Veal","Shiraz/Syrah, Grenache, Mourvedre"
Marguet La Grande Ruelle Champagne Grand Cru 2018,France,124,4.3,images/Marguet_La_Grande_Ruelle_Champagne_Grand_Cru_2018.png,images/bottle_Marguet_La_Grande_Ruelle_Champagne_Grand_Cr.png,Champagne Grand Cru,Marguet,"tree fruit, oak, microbio, earth, citrus fruit, non oak, red fruit, tropical fruit, spices, black fruit, floral, vegetal","Pork, Rich fish (salmon, tuna etc), Shellfish, Mild and soft cheese","Chardonnay, Pinot Noir, Pinot Meunier"
Emilien Feneuil Les Puits Blanc de Noir Champagne 2016,France,150,4,images/Emilien_Feneuil_Les_Puits_Blanc_de_Noir_Champagne_.png,images/bottle_Emilien_Feneuil_Les_Puits_Blanc_de_Noir_Cha.png,Champagne,Emilien Feneuil,"citrus fruit, microbio, spices, oak, red fruit, tree fruit, earth, non oak","Pork, Rich fish (salmon, tuna etc), Shellfish, Mild and soft cheese","Chardonnay, Pinot Noir, Pinot Meunier"
Hubert Lignier Morey-Saint-Denis 2020,France,82,4.3,images/Hubert_Lignier_Morey_Saint_Denis_2020.png,images/bottle_Hubert_Lignier_Morey_Saint_Denis_2020.png,Morey-Saint-Denis,Hubert Lignier,"red fruit, earth, oak, non oak, spices, black fruit, microbio, floral, dried fruit, citrus fruit, vegetal, tropical fruit","Beef, Veal, Game (deer, venison), Poultry",Pinot Noir
Brewer-Clifton Machado Pinot Noir 2022,United States,85.99,4.2,images/Brewer_Clifton_Machado_Pinot_Noir_2022.png,images/bottle_Brewer_Clifton_Machado_Pinot_Noir_2022.png,Sta. Rita Hills,Brewer-Clifton,"red fruit, oak, earth, non oak, spices, black fruit, vegetal, dried fruit, floral, tree fruit, citrus fruit, microbio, tropical fruit","Veal, Pork, Poultry, Mushrooms",Pinot Noir
Maxime Cheurlin-Noëllat Clos de Vougeot Grand Cru 2019,France,433.99,4.4,images/Maxime_Cheurlin_Nollat_Clos_de_Vougeot_Grand_Cru_2.png,images/bottle_Maxime_Cheurlin_Nollat_Clos_de_Vougeot_Gran.png,Clos Vougeot Grand Cru,Maxime Cheurlin-Noëllat,oak,"Beef, Veal, Game (deer, venison), Poultry",Pinot Noir
Domaine de Bellène Vieilles Vignes Savigny-lès-Beaune 2021,France,65,3.9,images/Domaine_de_Bellne_Vieilles_Vignes_Savigny_ls_Beaun.png,images/bottle_Domaine_de_Bellne_Vieilles_Vignes_Savigny_l.png,Savigny-lès-Beaune,Domaine de Bellène,"red fruit, oak, earth, microbio, non oak, spices, black fruit, tree fruit, citrus fruit, vegetal, floral","Beef, Veal, Game (deer, venison), Poultry",Pinot Noir
Evesham Wood Willamette Valley Pinot Noir 2023,United States,27.99,3.8,images/Evesham_Wood_Willamette_Valley_Pinot_Noir_2023.png,images/bottle_Evesham_Wood_Willamette_Valley_Pinot_Noir_2.png,Willamette Valley,Evesham Wood,"red fruit, earth, oak, spices, non oak, microbio, black fruit, vegetal, floral, tree fruit, dried fruit, citrus fruit","Beef, Veal, Game (deer, venison), Poultry",Pinot Noir
Domaine Faiveley Vosne-Romanée 2022,France,128,4.3,images/Domaine_Faiveley_Vosne_Romane_2022.png,images/bottle_Domaine_Faiveley_Vosne_Romane_2022.png,Vosne-Romanée,Domaine Faiveley,"red fruit, earth, oak, non oak, black fruit, spices, microbio, dried fruit, floral, tree fruit, vegetal, citrus fruit","Beef, Veal, Game (deer, venison), Poultry",Pinot Noir
Charles Viénot Vosne-Romanée 1983,France,198,4.1,images/Charles_Vinot_Vosne_Romane_1983.jpg,,Vosne-Romanée,Charles Viénot,"red fruit, earth, microbio, oak","Beef, Veal, Game (deer, venison), Poultry",Pinot Noir
Wooldridge Creek Pinot Noir 2022,United States,40,3.7,images/Wooldridge_Creek_Pinot_Noir_2022.jpg,,Applegate Valley,Wooldridge Creek,"red fruit, oak, black fruit, spices, earth, non oak, dried fruit, citrus fruit","Beef, Veal, Game (deer, venison), Poultry",Pinot Noir
David Hill Estate Pinot Noir Rosé 2022,United States,25,3.9,images/David_Hill_Estate_Pinot_Noir_Ros_2022.jpg,,Willamette Valley,David Hill,"red fruit, citrus fruit, tree fruit, earth",,Pinot Noir
Domaine Les Temps Perdus - Clotilde Davenne Irancy 2019,France,39.99,3.7,images/Domaine_Les_Temps_Perdus_Clotilde_Davenne_Irancy_2.png,images/bottle_Domaine_Les_Temps_Perdus_Clotilde_Davenne_I.png,Irancy,Domaine Les Temps Perdus - Clotilde Davenne,"red fruit, oak, spices, earth, non oak, black fruit, dried fruit, floral, microbio, tropical fruit, vegetal","Beef, Veal, Game (deer, venison), Poultry",Pinot Noir
Elk Cove La Bohèmè Pinot Noir 2022,United States,58.99,4.1,images/Elk_Cove_La_Bohm_Pinot_Noir_2022.png,images/bottle_Elk_Cove_La_Bohm_Pinot_Noir_2022.png,Yamhill-Carlton District,Elk Cove,"red fruit, earth, spices, oak, black fruit, non oak, floral, microbio, vegetal, tree fruit, dried fruit, tropical fruit, citrus fruit","Beef, Veal, Game (deer, venison), Poultry",Pinot Noir
Peay Ama Estate Pinot Noir 2021,United States,79.99,4.2,images/Peay_Ama_Estate_Pinot_Noir_2021.png,images/bottle_Peay_Ama_Estate_Pinot_Noir_2021.png,Sonoma Coast,Peay,"red fruit, earth, black fruit, oak, spices, non oak, dried fruit, floral, vegetal, tree fruit, microbio","Veal, Pork, Poultry, Mushrooms",Pinot Noir
Domaine Ponsot Griotte-Chambertin Grand Cru 2010,France,597,4.3,images/Domaine_Ponsot_Griotte_Chambertin_Grand_Cru_2010.png,images/bottle_Domaine_Ponsot_Griotte_Chambertin_Grand_Cru.png,Griotte-Chambertin Grand Cru,Domaine Ponsot,"red fruit, earth, oak, black fruit, microbio, non oak, spices, floral, vegetal, dried fruit, citrus fruit","Beef, Veal, Game (deer, venison), Poultry",Pinot Noir
Pearl Morissette Chamboulé 2021,Canada,44,3.8,images/Pearl_Morissette_Chamboul_2021.jpg,,Niagara Peninsula,Pearl Morissette,"red fruit, oak, earth, microbio, black fruit, vegetal, spices, citrus fruit, floral, non oak, dried fruit","Beef, Veal, Game (deer, venison), Poultry",Pinot Noir
Weingut Kolfok Querschnitt Pinot Noir Rosé 2018,Austria,38,3.9,images/Weingut_Kolfok_Querschnitt_Pinot_Noir_Ros_2018.png,images/bottle_Weingut_Kolfok_Querschnitt_Pinot_Noir_Ros_2.png,Mittelburgenland,Weingut Kolfok,"red fruit, microbio, earth, non oak, oak","Pork, Shellfish, Appetizers and snacks, Mild and soft cheese, Cured Meat",
Maison Leroy Hommage à l'An Bourgogne,France,368,4.2,images/Maison_Leroy_Hommage_lAn_Bourgogne.png,images/bottle_Maison_Leroy_Hommage_lAn_Bourgogne.png,Bourgogne,Maison Leroy,,"Beef, Veal, Game (deer, venison), Poultry",Pinot Noir
Yamhill Valley Estate Pinot Noir 2023,United States,24.99,3.9,images/Yamhill_Valley_Estate_Pinot_Noir_2023.png,images/bottle_Yamhill_Valley_Estate_Pinot_Noir_2023.png,McMinnville,Yamhill Valley,"red fruit, earth, oak, non oak, spices, black fruit, microbio, vegetal, tree fruit, floral, dried fruit, citrus fruit, tropical fruit","Beef, Veal, Game (deer, venison), Poultry",Pinot Noir
Senses Wines Kanzler Vineyard Pinot Noir 2021,United States,60,4.4,images/Senses_Wines_Kanzler_Vineyard_Pinot_Noir_2021.jpg,,Russian River Valley,Senses Wines,,"Veal, Pork, Poultry, Mushrooms",Pinot Noir
Lucien le Moine Clos de la Roche Grand Cru 2012,France,441,4.4,images/Lucien_le_Moine_Clos_de_la_Roche_Grand_Cru_2012.png,images/bottle_Lucien_le_Moine_Clos_de_la_Roche_Grand_Cru_.png,Clos de la Roche Grand Cru,Lucien le Moine,"red fruit, oak, earth, non oak, black fruit, spices, floral, dried fruit, microbio, tropical fruit, vegetal","Beef, Veal, Game (deer, venison), Poultry",Pinot Noir
Moffett Rosé Of Pinot Noir 2023,United States,38,4.2,images/Moffett_Ros_Of_Pinot_Noir_2023.png,images/bottle_Moffett_Ros_Of_Pinot_Noir_2023.png,Willamette Valley,Moffett,"red fruit, tree fruit, spices, earth, non oak, oak",,Pinot Noir
Peay Pomarium Pinot Noir 2021,United States,87,4.4,images/Peay_Pomarium_Pinot_Noir_2021.png,images/bottle_Peay_Pomarium_Pinot_Noir_2021.png,Sonoma Coast,Peay,"red fruit, oak, earth, non oak, spices, black fruit, microbio, floral, vegetal, tree fruit, dried fruit, citrus fruit, tropical fruit","Veal, Pork, Poultry, Mushrooms",Pinot Noir
Joseph Drouhin Vosne-Romanée Premier Cru 'Suchots' 1996,France,160,4.2,images/Joseph_Drouhin_Vosne_Romane_Premier_Cru_Suchots_19.png,images/bottle_Joseph_Drouhin_Vosne_Romane_Premier_Cru_Suc.png,Vosne-Romanée 1er Cru 'Les Suchots',Joseph Drouhin,"black fruit, red fruit, earth, dried fruit, non oak, oak, microbio","Beef, Veal, Game (deer, venison), Poultry",Pinot Noir
Summer Dreams Stargazing Pinot Noir 2022,United States,74.99,4.3,images/Summer_Dreams_Stargazing_Pinot_Noir_2022.png,images/bottle_Summer_Dreams_Stargazing_Pinot_Noir_2022.png,Sonoma Coast,Summer Dreams,,"Veal, Pork, Poultry, Mushrooms",Pinot Noir
Domaine Génot-Boulanger Chambolle-Musigny 2020,France,129.99,4.3,images/Domaine_Gnot_Boulanger_Chambolle_Musigny_2020.png,images/bottle_Domaine_Gnot_Boulanger_Chambolle_Musigny_20.png,Chambolle-Musigny,Domaine Génot-Boulanger,"red fruit, earth, oak, black fruit, microbio, non oak, spices, floral, dried fruit, citrus fruit, vegetal","Beef, Veal, Game (deer, venison), Poultry",Pinot Noir
Arnot-Roberts Fox Creek Vineyard Pinot Noir 2023,United States,73,4.1,images/Arnot_Roberts_Fox_Creek_Vineyard_Pinot_Noir_2023.jpg,,Carmel Valley,Arnot-Roberts,,"Beef, Veal, Game (deer, venison), Poultry",Pinot Noir
Dragonette Pinot Noir 2022,United States,54.99,4.2,images/Dragonette_Pinot_Noir_2022.png,images/bottle_Dragonette_Pinot_Noir_2022.png,Sta. Rita Hills,Dragonette,"red fruit, oak, earth, non oak, spices, black fruit, microbio, vegetal, citrus fruit, floral, dried fruit, tree fruit","Veal, Pork, Poultry, Mushrooms",Pinot Noir
Domaine Drouhin-Laroze Latricieres-Chambertin Grand Cru 2013,France,175,4,images/Domaine_Drouhin_Laroze_Latricieres_Chambertin_Gran.png,images/bottle_Domaine_Drouhin_Laroze_Latricieres_Chambert.png,Latricières-Chambertin Grand Cru,Domaine Drouhin-Laroze,"red fruit, earth, oak, non oak, black fruit, spices, microbio, floral, vegetal, dried fruit, citrus fruit, tree fruit","Beef, Veal, Game (deer, venison), Poultry",Pinot Noir
Hudelot-Noëllat Vosne-Romanée 1er Cru 'Les Suchots' 2017,France,441,4.3,images/Hudelot_Nollat_Vosne_Romane_1er_Cru_Les_Suchots_20.png,images/bottle_Hudelot_Nollat_Vosne_Romane_1er_Cru_Les_Suc.png,Vosne-Romanée 1er Cru 'Les Suchots',Hudelot-Noëllat,"red fruit, oak, earth, non oak, spices, microbio, black fruit, floral, dried fruit, citrus fruit, vegetal","Beef, Veal, Game (deer, venison), Poultry",Pinot Noir
Domaine De Cassiopée Les Plantes Maranges 2022,France,70,4.1,images/Domaine_De_Cassiope_Les_Plantes_Maranges_2022.jpg,,Maranges,Domaine De Cassiopée,,"Beef, Veal, Game (deer, venison), Poultry",Pinot Noir
Henri Rebourseau Gevrey-Chambertin 2020,France,150,4.2,images/Henri_Rebourseau_Gevrey_Chambertin_2020.png,images/bottle_Henri_Rebourseau_Gevrey_Chambertin_2020.png,Gevrey-Chambertin,Henri Rebourseau,"red fruit, earth, oak, non oak, microbio, spices, black fruit, floral, vegetal, dried fruit, citrus fruit","Beef, Veal, Game (deer, venison), Poultry",Pinot Noir
Patricia Green Cellars Reserve Pinot Noir 2023,United States,29.99,4.2,images/Patricia_Green_Cellars_Reserve_Pinot_Noir_2023.png,images/bottle_Patricia_Green_Cellars_Reserve_Pinot_Noir_2.png,Willamette Valley,Patricia Green Cellars,"red fruit, earth, oak, non oak, spices, black fruit, microbio, floral, vegetal, citrus fruit, tree fruit, dried fruit, tropical fruit","Beef, Veal, Game (deer, venison), Poultry",Pinot Noir
Hudelot-Noëllat Clos de Vougeot Grand Cru 2004,France,250,4.4,images/Hudelot_Nollat_Clos_de_Vougeot_Grand_Cru_2004.png,images/bottle_Hudelot_Nollat_Clos_de_Vougeot_Grand_Cru_20.png,Clos Vougeot Grand Cru,Hudelot-Noëllat,"red fruit, earth, oak, black fruit, non oak, spices, microbio, floral, vegetal, tree fruit, dried fruit, citrus fruit, tropical fruit","Beef, Veal, Game (deer, venison), Poultry",Pinot Noir
Thevenet & Fils Bourgogne Les Clos Pinot Noir 2023,France,21.99,3.6,images/Thevenet_Fils_Bourgogne_Les_Clos_Pinot_Noir_2023.jpg,,Bourgogne,Thevenet & Fils,"red fruit, earth, oak, non oak, black fruit, microbio","Beef, Veal, Game (deer, venison), Poultry",Pinot Noir
McGregor Vineyard Reserve Pinot Noir 2021,United States,45,3.8,images/McGregor_Vineyard_Reserve_Pinot_Noir_2021.jpg,,Finger Lakes,McGregor Vineyard,"red fruit, black fruit, oak, spices, microbio, non oak","Veal, Pork, Game (deer, venison), Poultry, Mushrooms",Pinot Noir
The Little Sheep Rosé 2024,France,10.99,4,images/The_Little_Sheep_Ros_2024.png,images/bottle_The_Little_Sheep_Ros_2024.png,Vin de France,The Little Sheep,"red fruit, citrus fruit, earth, tree fruit, floral, vegetal, spices, microbio, tropical fruit, non oak, oak","Rich fish (salmon, tuna etc), Shellfish, Vegetarian, Lean fish, Mild and soft cheese",
Spoken West Pinot Noir 2021,United States,16.99,3.6,images/Spoken_West_Pinot_Noir_2021.jpg,,California,Spoken West,"oak, earth, non oak, spices, black fruit, red fruit, tree fruit, microbio","Beef, Veal, Game (deer, venison), Poultry",Pinot Noir
Antoine Lienhardt Emphase 2023,France,79,4.1,images/Antoine_Lienhardt_Emphase_2023.png,images/bottle_Antoine_Lienhardt_Emphase_2023.png,Côte de Nuits Villages,Antoine Lienhardt,"red fruit, earth, spices, black fruit, non oak, oak, dried fruit, tree fruit, floral, tropical fruit, vegetal","Beef, Veal, Game (deer, venison), Poultry",Pinot Noir
Domaine Bertagna Bourgogne Hautes-Côtes de Nuits Pinot Noir(Les Dames Huguettes) 2021,France,49.99,4.1,images/Domaine_Bertagna_Bourgogne_Hautes_Ctes_de_Nuits_Pi.png,images/bottle_Domaine_Bertagna_Bourgogne_Hautes_Ctes_de_N.png,Bourgogne Hautes-Côtes de Nuits,Domaine Bertagna,"red fruit, earth, oak, non oak, microbio, spices, black fruit, tree fruit, floral, tropical fruit, citrus fruit","Beef, Veal, Game (deer, venison), Poultry",Pinot Noir
Roar Sierra Mar Vineyard Pinot Noir 2021,United States,76,4.2,images/Roar_Sierra_Mar_Vineyard_Pinot_Noir_2021.png,images/bottle_Roar_Sierra_Mar_Vineyard_Pinot_Noir_2021.png,Santa Lucia Highlands,Roar,"red fruit, oak, earth, non oak, spices, black fruit, floral, vegetal, microbio, citrus fruit, dried fruit","Veal, Pork, Poultry, Mushrooms",Pinot Noir
Maison Noir Oregogne Pinot Noir 2021,United States,44.99,4,images/Maison_Noir_Oregogne_Pinot_Noir_2021.png,images/bottle_Maison_Noir_Oregogne_Pinot_Noir_2021.png,Willamette Valley,Maison Noir,"red fruit, earth, oak, non oak, black fruit, spices, microbio, dried fruit, tree fruit, citrus fruit, vegetal","Beef, Veal, Game (deer, venison), Poultry",Pinot Noir
Michel Sarrazin Bourgogne Rouge 2023,France,31.99,3.9,images/Michel_Sarrazin_Bourgogne_Rouge_2023.png,images/bottle_Michel_Sarrazin_Bourgogne_Rouge_2023.png,Bourgogne,Michel Sarrazin,"red fruit, earth, oak, black fruit, spices","Beef, Veal, Game (deer, venison), Poultry",Pinot Noir
Philippe Bornard L'Aide-Memoire Arbois Pupillin 2019,France,85,4,images/Philippe_Bornard_LAide_Memoire_Arbois_Pupillin_201.png,images/bottle_Philippe_Bornard_LAide_Memoire_Arbois_Pupil.png,Arbois Pupillin,Philippe Bornard,"red fruit, earth, oak, non oak, spices, vegetal, microbio, black fruit, dried fruit, citrus fruit, floral","Game (deer, venison), Appetizers and snacks, Mushrooms, Mild and soft cheese, Cured Meat","Pinot Noir, Trousseau, Poulsard"
Domaine Anne et Herve Sigaut Chambolle-Musigny 1er Cru 'Les Chatelots' 2020,France,135.99,4.2,images/Domaine_Anne_et_Herve_Sigaut_Chambolle_Musigny_1er.png,images/bottle_Domaine_Anne_et_Herve_Sigaut_Chambolle_Musi.png,Chambolle-Musigny 1er Cru 'Les Chatelots',Domaine Anne et Herve Sigaut,"red fruit, earth, oak, non oak, black fruit, spices, microbio, floral, vegetal, dried fruit, citrus fruit","Beef, Veal, Game (deer, venison), Poultry",Pinot Noir
Jean Marc Pillot Chassagne-Montrachet Mes Vieilles Vignes Rouge 2021,France,69.99,4.2,images/Jean_Marc_Pillot_Chassagne_Montrachet_Mes_Vieilles.png,images/bottle_Jean_Marc_Pillot_Chassagne_Montrachet_Mes_V.png,Chassagne-Montrachet,Jean Marc Pillot,"red fruit, oak, earth, non oak, microbio, spices, black fruit, floral, tree fruit, vegetal","Beef, Veal, Game (deer, venison), Poultry",Pinot Noir
Cartlidge & Browne Pinot Noir 2021,United States,14.99,3.9,images/Cartlidge_Browne_Pinot_Noir_2021.png,images/bottle_Cartlidge_Browne_Pinot_Noir_2021.png,North Coast,Cartlidge & Browne,"red fruit, oak, earth, non oak, spices, black fruit, vegetal, microbio, dried fruit, citrus fruit, floral, tropical fruit, tree fruit","Beef, Veal, Game (deer, venison), Poultry",Pinot Noir
Domaine Denis Mortet Gevrey-Chambertin Mes Cinq Terroirs 2022,France,154.99,4.3,images/Domaine_Denis_Mortet_Gevrey_Chambertin_Mes_Cinq_Te.png,images/bottle_Domaine_Denis_Mortet_Gevrey_Chambertin_Mes_.png,Gevrey-Chambertin,Domaine Denis Mortet,"red fruit, oak, earth, non oak, spices, black fruit, microbio, floral, vegetal, dried fruit, citrus fruit, tropical fruit","Beef, Veal, Game (deer, venison), Poultry",Pinot Noir
Iter Pinot Noir 2023,United States,17.97,3.8,images/Iter_Pinot_Noir_2023.png,images/bottle_Iter_Pinot_Noir_2023.png,California,Iter,"oak, red fruit, non oak, spices, black fruit, earth, microbio, dried fruit, vegetal, citrus fruit, tree fruit, tropical fruit, floral","Beef, Veal, Game (deer, venison), Poultry",Pinot Noir
Didier Dagueneau (Louis-Benjamin Dagueneau) Les Jardins de Babylone Moelleux 2018,France,189.99,4.3,images/Didier_Dagueneau_Louis_Benjamin_Dagueneau_Les_Jard.png,images/bottle_Didier_Dagueneau_Louis_Benjamin_Dagueneau_L.png,Jurançon,Didier Dagueneau (Louis-Benjamin Dagueneau),"tropical fruit, earth, tree fruit, citrus fruit, oak, microbio, non oak, floral, dried fruit, spices, vegetal, red fruit, black fruit","Mature and hard cheese, Fruity desserts, Blue cheese",
William Downie Pinot Noir 2023,Australia,69.99,4.1,images/William_Downie_Pinot_Noir_2023.png,images/bottle_William_Downie_Pinot_Noir_2023.png,Gippsland,William Downie,"red fruit, earth, oak, non oak, black fruit, microbio, spices, vegetal, floral, citrus fruit, dried fruit","Beef, Veal, Game (deer, venison), Poultry",Pinot Noir
Freeman Vineyard & Winery Russian River Valley Pinot Noir 2021,United States,47.99,4.1,images/Freeman_Vineyard_Winery_Russian_River_Valley_Pinot.png,images/bottle_Freeman_Vineyard_Winery_Russian_River_Valle.png,Russian River Valley,Freeman Vineyard & Winery,"red fruit, oak, non oak, earth, black fruit, spices, microbio, floral, vegetal, tree fruit, citrus fruit, dried fruit","Veal, Pork, Poultry, Mushrooms",Pinot Noir
Bricoleur Pinot Noir 2021,United States,40,4.3,images/Bricoleur_Pinot_Noir_2021.png,images/bottle_Bricoleur_Pinot_Noir_2021.png,Russian River Valley,Bricoleur,"black fruit, non oak, oak, spices, earth, dried fruit, red fruit, microbio, tropical fruit, vegetal","Veal, Pork, Poultry, Mushrooms",Pinot Noir
Bergström Le Pré du Col Vineyard Pinot Noir 2022,United States,128,4.2,images/Bergstrm_Le_Pr_du_Col_Vineyard_Pinot_Noir_2022.png,images/bottle_Bergstrm_Le_Pr_du_Col_Vineyard_Pinot_Noir_2.png,Ribbon Ridge,Bergström,"red fruit, earth, oak, spices, black fruit, non oak, microbio, citrus fruit, floral, vegetal, tree fruit, dried fruit","Beef, Veal, Game (deer, venison), Poultry",Pinot Noir
Riverbench Mount Eden Pinot Noir 2019,United States,65,4.1,images/Riverbench_Mount_Eden_Pinot_Noir_2019.jpg,,Santa Maria Valley,Riverbench,"red fruit, earth, non oak, oak, spices, microbio","Veal, Pork, Poultry, Mushrooms",Pinot Noir
Jerome Galeyrand Gevrey-Chambertin 'La Justice' 2020,France,172,4.3,images/Jerome_Galeyrand_Gevrey_Chambertin_La_Justice_2020.png,images/bottle_Jerome_Galeyrand_Gevrey_Chambertin_La_Justi.png,Gevrey-Chambertin,Jerome Galeyrand,"red fruit, spices, oak, earth, non oak, black fruit, microbio, dried fruit, floral, vegetal","Beef, Veal, Game (deer, venison), Poultry",Pinot Noir
Hubert Lignier Griotte-Chambertin Grand Cru 2017,France,629.99,4.4,images/Hubert_Lignier_Griotte_Chambertin_Grand_Cru_2017.png,images/bottle_Hubert_Lignier_Griotte_Chambertin_Grand_Cru.png,Griotte-Chambertin Grand Cru,Hubert Lignier,,"Beef, Veal, Game (deer, venison), Poultry",Pinot Noir
Philippe Pacalet Chambolle-Musigny Premier Cru 'Les Sentiers' 2015,France,299,4.3,images/Philippe_Pacalet_Chambolle_Musigny_Premier_Cru_Les.png,images/bottle_Philippe_Pacalet_Chambolle_Musigny_Premier_.png,Chambolle-Musigny 1er Cru 'Les Sentiers',Philippe Pacalet,"microbio, red fruit, oak, black fruit, floral, earth","Beef, Veal, Game (deer, venison), Poultry",Pinot Noir
Peay Scallop Shelf Pinot Noir 2021,United States,90,4.3,images/Peay_Scallop_Shelf_Pinot_Noir_2021.png,images/bottle_Peay_Scallop_Shelf_Pinot_Noir_2021.png,Sonoma Coast,Peay,"red fruit, earth, oak, spices, non oak, black fruit, citrus fruit, floral, microbio, vegetal, dried fruit, tree fruit","Veal, Pork, Poultry, Mushrooms",Pinot Noir
Domaine de la Borde Pinostradamus 2022,France,51,3.9,images/Domaine_de_la_Borde_Pinostradamus_2022.png,images/bottle_Domaine_de_la_Borde_Pinostradamus_2022.png,Arbois Pupillin,Domaine de la Borde,"red fruit, earth, oak, non oak, black fruit, floral, microbio, dried fruit, spices, tropical fruit, vegetal","Game (deer, venison), Appetizers and snacks, Mushrooms, Mild and soft cheese, Cured Meat","Pinot Noir, Trousseau, Poulsard"
Domaine Bouard-Bonnefoy Chassagne-Montrachet Rouge 2022,France,119.99,3.8,images/Domaine_Bouard_Bonnefoy_Chassagne_Montrachet_Rouge.jpg,,Chassagne-Montrachet,Domaine Bouard-Bonnefoy,"red fruit, tropical fruit, tree fruit, vegetal, earth","Beef, Veal, Game (deer, venison), Poultry",Pinot Noir
Louis Jadot Célébration Beaune 1er Cru 2020,France,80,4.1,images/Louis_Jadot_Clbration_Beaune_1er_Cru_2020.png,images/bottle_Louis_Jadot_Clbration_Beaune_1er_Cru_2020.png,Beaune Premier Cru,Louis Jadot,"red fruit, earth, oak, non oak, spices, microbio, black fruit, dried fruit, citrus fruit, floral, vegetal","Beef, Veal, Game (deer, venison), Poultry",Pinot Noir
Gérard Mugneret Nuits-Saint-Georges 1er Cru 'Aux Cras' 2022,France,289,4.3,images/Grard_Mugneret_Nuits_Saint_Georges_1er_Cru_Aux_Cra.png,images/bottle_Grard_Mugneret_Nuits_Saint_Georges_1er_Cru_.png,Nuits-Saint-Georges 1er Cru 'Aux Cras',Gérard Mugneret,"red fruit, oak","Beef, Veal, Game (deer, venison), Poultry",Pinot Noir
LaRue Emmaline Ann Vineyard Pinot Noir 2018,United States,80,4.3,images/LaRue_Emmaline_Ann_Vineyard_Pinot_Noir_2018.png,images/bottle_LaRue_Emmaline_Ann_Vineyard_Pinot_Noir_2018.png,Sonoma County,LaRue,red fruit,"Beef, Veal, Game (deer, venison), Poultry",Pinot Noir
Domaine Génot-Boulanger Pommard 'Les Cras' 2022,France,109.99,4.2,images/Domaine_Gnot_Boulanger_Pommard_Les_Cras_2022.png,images/bottle_Domaine_Gnot_Boulanger_Pommard_Les_Cras_202.png,Pommard,Domaine Génot-Boulanger,,"Beef, Veal, Game (deer, venison), Poultry",Pinot Noir
Dönnhoff Pinot Brut 2014,Germany,80,4,images/Dnnhoff_Pinot_Brut_2014.png,images/bottle_Dnnhoff_Pinot_Brut_2014.png,Nahe,Dönnhoff,"tree fruit, microbio, oak, non oak, citrus fruit, red fruit, earth, spices, black fruit","Poultry, Appetizers and snacks, Lean fish, Aperitif","Chardonnay, Gewürztraminer, Riesling, Grauburgunder, Silvaner, Kerner, Weissburgunder, Huxelrebe"
Domaine Boris Champy Beaune 1er Cru 'Vignes Franches' 2021,France,135,4,images/Domaine_Boris_Champy_Beaune_1er_Cru_Vignes_Franche.png,images/bottle_Domaine_Boris_Champy_Beaune_1er_Cru_Vignes_.png,Beaune 1er Cru 'Les Vignes Franches',Domaine Boris Champy,"red fruit, earth, non oak, oak","Beef, Veal, Game (deer, venison), Poultry",Pinot Noir
Clos de la Tech Santa Cruz Mountains Estates Pinot Noir 2017,United States,65,4.1,images/Clos_de_la_Tech_Santa_Cruz_Mountains_Estates_Pinot.png,images/bottle_Clos_de_la_Tech_Santa_Cruz_Mountains_Estate.png,Santa Cruz Mountains,Clos de la Tech,"earth, black fruit, red fruit, oak, non oak, microbio, spices, dried fruit, citrus fruit, floral","Beef, Veal, Game (deer, venison), Poultry",Pinot Noir
Madson Ascona Vineyard Pinot Noir 2021,United States,55,4,images/Madson_Ascona_Vineyard_Pinot_Noir_2021.jpg,,Santa Cruz Mountains,Madson,"red fruit, oak, non oak, black fruit, dried fruit, spices, vegetal, earth","Beef, Veal, Game (deer, venison), Poultry",Pinot Noir
David Trousselle Coteaux Bourguignons 2023,France,26.99,3.7,images/David_Trousselle_Coteaux_Bourguignons_2023.jpg,,Coteaux Bourguignons,David Trousselle,"oak, citrus fruit, black fruit, red fruit, earth","Beef, Veal, Game (deer, venison), Poultry",Pinot Noir
Chartron et Trébuchet Cuvée La Chaume Rully 2015,France,49.99,3.7,images/Chartron_et_Trbuchet_Cuve_La_Chaume_Rully_2015.png,images/bottle_Chartron_et_Trbuchet_Cuve_La_Chaume_Rully_2.png,Rully,Chartron et Trébuchet,"tree fruit, earth, oak, citrus fruit","Beef, Veal, Game (deer, venison), Poultry",Pinot Noir
Patricia Green Cellars Estate Old Vine Pinot Noir 2022,United States,44.99,4.2,images/Patricia_Green_Cellars_Estate_Old_Vine_Pinot_Noir_.png,images/bottle_Patricia_Green_Cellars_Estate_Old_Vine_Pino.png,Ribbon Ridge,Patricia Green Cellars,"red fruit, earth, oak, black fruit, spices, non oak, microbio, vegetal, citrus fruit, floral, dried fruit","Beef, Veal, Game (deer, venison), Poultry",Pinot Noir
Myrko Tépus La Fin du Bal 2021,France,36.99,3.9,images/Myrko_Tpus_La_Fin_du_Bal_2021.png,images/bottle_Myrko_Tpus_La_Fin_du_Bal_2021.png,Provence,Myrko Tépus,"red fruit, earth, oak","Beef, Lamb, Game (deer, venison), Mushrooms","Shiraz/Syrah, Cabernet Sauvignon, Grenache, Mourvedre, Carignan, Tibouren, Cinsaut"
Alex Gambal Volnay 2017,France,60,4.2,images/Alex_Gambal_Volnay_2017.png,images/bottle_Alex_Gambal_Volnay_2017.png,Volnay,Alex Gambal,"oak, red fruit, earth, spices, non oak, black fruit, dried fruit, floral, microbio","Beef, Veal, Game (deer, venison), Poultry",Pinot Noir
Domaine Nicolas Faure Nuits-Saint-Georges 'Les Herbues' 2015,France,499,4.2,images/Domaine_Nicolas_Faure_Nuits_Saint_Georges_Les_Herb.jpg,,Nuits-Saint-Georges,Domaine Nicolas Faure,"red fruit, earth, oak, black fruit, non oak, spices, dried fruit, citrus fruit","Beef, Veal, Game (deer, venison), Poultry",Pinot Noir
Hudelot-Noëllat Richebourg Grand Cru 2007,France,850,4.7,images/Hudelot_Nollat_Richebourg_Grand_Cru_2007.png,images/bottle_Hudelot_Nollat_Richebourg_Grand_Cru_2007.png,Richebourg Grand Cru,Hudelot-Noëllat,"earth, oak, red fruit, non oak, black fruit, microbio, spices, floral, vegetal, citrus fruit, tree fruit","Beef, Veal, Game (deer, venison), Poultry",Pinot Noir
Donnachadh Pinot Noir 2022,United States,39.99,4.2,images/Donnachadh_Pinot_Noir_2022.png,images/bottle_Donnachadh_Pinot_Noir_2022.png,Sta. Rita Hills,Donnachadh,"earth, red fruit, oak, non oak, black fruit, spices, citrus fruit, floral, microbio","Veal, Pork, Poultry, Mushrooms",Pinot Noir
Domaine Florence Cholet Auxey-Duresses 2022,France,54,4.1,images/Domaine_Florence_Cholet_Auxey_Duresses_2022.jpg,,Auxey-Duresses,Domaine Florence Cholet,"microbio, earth, red fruit, citrus fruit, oak","Beef, Veal, Game (deer, venison), Poultry",Pinot Noir
Hubert Lamy La Goujonne Vieilles Vignes Chassagne-Montrachet 2021,France,89,4.3,images/Hubert_Lamy_La_Goujonne_Vieilles_Vignes_Chassagne_.png,images/bottle_Hubert_Lamy_La_Goujonne_Vieilles_Vignes_Cha.png,Chassagne-Montrachet,Hubert Lamy,"red fruit, earth, oak, non oak, spices, black fruit, microbio, tree fruit, citrus fruit, floral, vegetal","Beef, Veal, Game (deer, venison), Poultry",Pinot Noir
Arnaud Mortet Mazoyères-Chambertin Grand Cru 2017,France,699.99,4.5,images/Arnaud_Mortet_Mazoyres_Chambertin_Grand_Cru_2017.png,images/bottle_Arnaud_Mortet_Mazoyres_Chambertin_Grand_Cru.png,Mazoyères-Chambertin Grand Cru,Arnaud Mortet,,"Beef, Veal, Game (deer, venison), Poultry",Pinot Noir
Williams Selyem Ferrington Vineyard Pinot Noir 2022,United States,158,4.5,images/Williams_Selyem_Ferrington_Vineyard_Pinot_Noir_202.png,images/bottle_Williams_Selyem_Ferrington_Vineyard_Pinot_N.png,Anderson Valley,Williams Selyem,"red fruit, oak, earth, non oak, spices, black fruit, microbio, vegetal, floral, citrus fruit, dried fruit, tree fruit","Veal, Pork, Poultry, Mushrooms",Pinot Noir
Domaine Faiveley Gevrey-Chambertin 1er Cru 'Les Cazetiers' 2022,France,269.99,4.4,images/Domaine_Faiveley_Gevrey_Chambertin_1er_Cru_Les_Caz.png,images/bottle_Domaine_Faiveley_Gevrey_Chambertin_1er_Cru_.png,Gevrey-Chambertin 1er Cru 'Les Cazetiers',Domaine Faiveley,"red fruit, earth, oak, non oak, spices, black fruit, microbio, floral, dried fruit, vegetal, citrus fruit, tree fruit","Beef, Veal, Game (deer, venison), Poultry",Pinot Noir
Pedro Parra y Familia I Imaginador Cinsault 2022,Chile,19.99,3.9,images/Pedro_Parra_y_Familia_I_Imaginador_Cinsault_2022.png,images/bottle_Pedro_Parra_y_Familia_I_Imaginador_Cinsault.png,Itata Valley,Pedro Parra y Familia,"red fruit, earth, oak, non oak, spices, black fruit, vegetal, microbio, floral, dried fruit, citrus fruit",,
Kerr Pinot Noir 2016,United States,69.99,4.3,images/Kerr_Pinot_Noir_2016.png,images/bottle_Kerr_Pinot_Noir_2016.png,Sonoma Coast,Kerr,"red fruit, oak, spices, earth, non oak, black fruit, microbio","Veal, Pork, Poultry, Mushrooms",Pinot Noir
Jean Bourdy Crémant du Jura Brut Rosé,France,38.99,4,images/Jean_Bourdy_Crmant_du_Jura_Brut_Ros.png,images/bottle_Jean_Bourdy_Crmant_du_Jura_Brut_Ros.png,Crémant du Jura,Jean Bourdy,"red fruit, microbio, non oak, citrus fruit","Shellfish, Poultry, Appetizers and snacks, Lean fish, Aperitif","Chardonnay, Pinot Gris, Pinot Noir, Roussanne, Pinot Blanc, Auxerrois"
Domaine Dandelion Pet' Nat' 2023,France,45,3.8,images/Domaine_Dandelion_Pet_Nat_2023.jpg,,Bourgogne,Domaine Dandelion,,"Beef, Veal, Game (deer, venison), Poultry",Pinot Noir
Clos Frantin Echezeaux Grand Cru 2018,France,355,4.3,images/Clos_Frantin_Echezeaux_Grand_Cru_2018.png,images/bottle_Clos_Frantin_Echezeaux_Grand_Cru_2018.png,Échezeaux Grand Cru,Clos Frantin,"red fruit, earth, oak, floral, non oak, spices, black fruit, microbio, dried fruit","Beef, Veal, Game (deer, venison), Poultry",Pinot Noir
Bethel Heights Æolian Pinot Noir 2022,United States,49.99,4.3,images/Bethel_Heights_olian_Pinot_Noir_2022.png,images/bottle_Bethel_Heights_olian_Pinot_Noir_2022.png,Eola-Amity Hills,Bethel Heights,"red fruit, oak, earth, non oak, spices, black fruit, microbio, citrus fruit, vegetal, dried fruit, floral, tree fruit, tropical fruit","Beef, Veal, Game (deer, venison), Poultry",Pinot Noir
