name,country,price,rating,image_url,bottle_image_url,region,winery,flavor,food_pairing,grapes
Château Suduiraut Sauternes (Premier Grand Cru Classé) 1966,France,289,4.3,images/Chteau_Suduiraut_Sauternes_Premier_Grand_Cru_Class.png,images/bottle_Chteau_Suduiraut_Sauternes_Premier_Grand_Cr.png,Sauternes,Château Suduiraut,"earth, tree fruit, oak, citrus fruit, non oak, microbio, tropical fruit, spices, dried fruit, vegetal, floral, black fruit, red fruit","Fruity desserts, Blue cheese","Sauvignon Blanc, Sémillon, Muscadelle"
Château Guiraud Sauternes (Premier Grand Cru Classé) 1966,France,270,4.3,images/Chteau_Guiraud_Sauternes_Premier_Grand_Cru_Class_1.png,images/bottle_Chteau_Guiraud_Sauternes_Premier_Grand_Cru_.png,Sauternes,Château Guiraud,"earth, tree fruit, citrus fruit, oak, non oak, tropical fruit, microbio, spices, dried fruit, floral, vegetal, black fruit, red fruit","Fruity desserts, Blue cheese","Sauvignon Blanc, Sémillon, Muscadelle"
Château Coutet Sauternes Barsac (Premier Grand Cru Classé) 1981,France,65,4.2,images/Chteau_Coutet_Sauternes_Barsac_Premier_Grand_Cru_C.png,images/bottle_Chteau_Coutet_Sauternes_Barsac_Premier_Gran.png,Barsac,Château Coutet,"earth, tree fruit, citrus fruit, oak, non oak, tropical fruit, spices, microbio, dried fruit, floral, vegetal, black fruit, red fruit","Fruity desserts, Blue cheese","Sauvignon Blanc, Sémillon, Muscadelle"
Château d'Esclans Whispering Angel Rosé 2021,France,21.99,4.1,images/Chteau_dEsclans_Whispering_Angel_Ros_2021.png,images/bottle_Chteau_dEsclans_Whispering_Angel_Ros_2021.png,Côtes de Provence,Château d'Esclans,"red fruit, tree fruit, citrus fruit, earth, microbio, floral, oak, spices, tropical fruit, vegetal, non oak, black fruit, dried fruit","Pork, Shellfish, Vegetarian, Poultry","Shiraz/Syrah, Grenache, Cinsault"
Château Doisy-Vedrines-Olivier Castéja Sauternes (Grand Cru Classé) 1983,France,95,4.2,images/Chteau_Doisy_Vedrines_Olivier_Castja_Sauternes_Gra.png,images/bottle_Chteau_Doisy_Vedrines_Olivier_Castja_Sauter.png,Sauternes,Château Doisy-Vedrines-Olivier Castéja,"earth, tree fruit, citrus fruit, oak, non oak, microbio, tropical fruit, spices, dried fruit, vegetal, floral, black fruit, red fruit","Fruity desserts, Blue cheese","Sauvignon Blanc, Sémillon, Muscadelle"
Château Lafaurie-Peyraguey Sauternes (Premier Grand Cru Classé) 1961,France,395,4.3,images/Chteau_Lafaurie_Peyraguey_Sauternes_Premier_Grand_.png,images/bottle_Chteau_Lafaurie_Peyraguey_Sauternes_Premier.png,Sauternes,Château Lafaurie-Peyraguey,"earth, tree fruit, citrus fruit, oak, non oak, microbio, tropical fruit, spices, dried fruit, floral, vegetal, red fruit, black fruit","Fruity desserts, Blue cheese","Sauvignon Blanc, Sémillon, Muscadelle"
Château de Rayne Vigneau Sauternes (Premier Grand Cru Classé) 1971,France,289,4.2,images/Chteau_de_Rayne_Vigneau_Sauternes_Premier_Grand_Cr.png,images/bottle_Chteau_de_Rayne_Vigneau_Sauternes_Premier_G.png,Sauternes,Château de Rayne Vigneau,"earth, tree fruit, citrus fruit, oak, non oak, microbio, tropical fruit, dried fruit, spices, floral, vegetal, black fruit, red fruit","Fruity desserts, Blue cheese","Sauvignon Blanc, Sémillon, Muscadelle"
Château Climens Barsac (Premier Grand Cru Classé) 1970,France,289,4.4,images/Chteau_Climens_Barsac_Premier_Grand_Cru_Class_1970.png,images/bottle_Chteau_Climens_Barsac_Premier_Grand_Cru_Cla.png,Barsac,Château Climens,"earth, tree fruit, citrus fruit, oak, non oak, microbio, tropical fruit, spices, dried fruit, floral, vegetal, black fruit, red fruit","Fruity desserts, Blue cheese","Sauvignon Blanc, Sémillon, Muscadelle"
Château Doisy-Daëne Barsac (Grand Cru Classé) 1962,France,440,4.2,images/Chteau_Doisy_Dane_Barsac_Grand_Cru_Class_1962.png,images/bottle_Chteau_Doisy_Dane_Barsac_Grand_Cru_Class_19.png,Barsac,Château Doisy-Daëne,"earth, tree fruit, citrus fruit, oak, non oak, tropical fruit, microbio, spices, floral, dried fruit, vegetal, red fruit, black fruit","Fruity desserts, Blue cheese","Sauvignon Blanc, Sémillon, Muscadelle"
Moulin Touchais Côteaux du Layon 2010,France,49.99,4.2,images/Moulin_Touchais_Cteaux_du_Layon_2010.png,images/bottle_Moulin_Touchais_Cteaux_du_Layon_2010.png,Côteaux du Layon,Moulin Touchais,"earth, tree fruit, citrus fruit, oak, non oak, microbio, dried fruit, tropical fruit, vegetal, spices, floral, black fruit, red fruit","Mature and hard cheese, Fruity desserts, Blue cheese",Chenin Blanc
Château La Tour Blanche Sauternes (Premier Grand Cru Classé) 1971,France,269,4.3,images/Chteau_La_Tour_Blanche_Sauternes_Premier_Grand_Cru.png,images/bottle_Chteau_La_Tour_Blanche_Sauternes_Premier_Gr.png,Sauternes,Château La Tour Blanche,"earth, tree fruit, citrus fruit, oak, tropical fruit, non oak, microbio, spices, dried fruit, floral, vegetal, red fruit, black fruit","Fruity desserts, Blue cheese","Sauvignon Blanc, Sémillon, Muscadelle"
Château Filhot Sauternes (Grand Cru Classé) 1985,France,89,4.2,images/Chteau_Filhot_Sauternes_Grand_Cru_Class_1985.png,images/bottle_Chteau_Filhot_Sauternes_Grand_Cru_Class_198.png,Sauternes,Château Filhot,"earth, tree fruit, citrus fruit, oak, non oak, tropical fruit, microbio, spices, dried fruit, floral, vegetal, black fruit, red fruit","Fruity desserts, Blue cheese","Sauvignon Blanc, Sémillon, Muscadelle"
Château Pigoudet Première Rosé 2024,France,17.99,3.9,images/Chteau_Pigoudet_Premire_Ros_2024.png,images/bottle_Chteau_Pigoudet_Premire_Ros_2024.png,Coteaux d'Aix-en-Provence,Château Pigoudet,"red fruit, tree fruit, citrus fruit, earth, microbio, vegetal, oak, floral, spices, tropical fruit, non oak, black fruit, dried fruit","Pork, Shellfish, Vegetarian, Poultry","Shiraz/Syrah, Grenache, Cinsault"
Château de Fargues Sauternes (Lur Saluces) 1975,France,360,4.4,images/Chteau_de_Fargues_Sauternes_Lur_Saluces_1975.png,images/bottle_Chteau_de_Fargues_Sauternes_Lur_Saluces_197.png,Sauternes,Château de Fargues,"earth, tree fruit, citrus fruit, oak, non oak, tropical fruit, microbio, dried fruit, spices, vegetal, floral, black fruit, red fruit","Fruity desserts, Blue cheese","Sauvignon Blanc, Sémillon, Muscadelle"
Olema Côtes de Provence 2024,France,13.99,3.9,images/Olema_Ctes_de_Provence_2024.png,images/bottle_Olema_Ctes_de_Provence_2024.png,Côtes de Provence,Olema,"red fruit, tree fruit, citrus fruit, earth, microbio, floral, vegetal, spices, oak, tropical fruit, non oak, black fruit, dried fruit","Pork, Shellfish, Vegetarian, Poultry","Shiraz/Syrah, Grenache, Cinsault"
Château Sigalas Rabaud Sauternes (Premier Grand Cru Classé) 1967,France,320,4.3,images/Chteau_Sigalas_Rabaud_Sauternes_Premier_Grand_Cru_.png,images/bottle_Chteau_Sigalas_Rabaud_Sauternes_Premier_Gra.png,Sauternes,Château Sigalas Rabaud,"earth, tree fruit, citrus fruit, non oak, oak, tropical fruit, microbio, dried fruit, spices, floral, vegetal, red fruit, black fruit","Fruity desserts, Blue cheese","Sauvignon Blanc, Sémillon, Muscadelle"
Château d'Yquem Sauternes 1996,France,297,4.7,images/Chteau_dYquem_Sauternes_1996.png,images/bottle_Chteau_dYquem_Sauternes_1996.png,Sauternes,Château d'Yquem,"earth, tree fruit, oak, non oak, citrus fruit, microbio, tropical fruit, spices, dried fruit, floral, vegetal, black fruit, red fruit","Fruity desserts, Blue cheese","Sauvignon Blanc, Sémillon, Muscadelle"
Château de Malle Sauternes (Grand Cru Classé) 1983,France,89,4.2,images/Chteau_de_Malle_Sauternes_Grand_Cru_Class_1983.png,images/bottle_Chteau_de_Malle_Sauternes_Grand_Cru_Class_1.png,Sauternes,Château de Malle,"earth, tree fruit, citrus fruit, oak, non oak, microbio, tropical fruit, spices, dried fruit, floral, vegetal, red fruit, black fruit","Fruity desserts, Blue cheese","Sauvignon Blanc, Sémillon, Muscadelle"
Decoy Rosé 2024,United States,16.99,3.8,images/Decoy_Ros_2024.png,images/bottle_Decoy_Ros_2024.png,California,Decoy,"red fruit, citrus fruit, tree fruit, earth, oak, microbio, floral, vegetal, tropical fruit, spices, non oak, black fruit, dried fruit","Shellfish, Spicy food, Appetizers and snacks, Fruity desserts, Aperitif","Shiraz/Syrah, Cabernet Sauvignon, Pinot Noir, Sangiovese, Zinfandel, Barbera"
Miraval Côtes de Provence Rosé 2014,France,39.99,3.9,images/Miraval_Ctes_de_Provence_Ros_2014.png,images/bottle_Miraval_Ctes_de_Provence_Ros_2014.png,Côtes de Provence,Miraval,"red fruit, tree fruit, citrus fruit, earth, microbio, floral, oak, spices, non oak, vegetal, tropical fruit, black fruit, dried fruit","Pork, Shellfish, Vegetarian, Poultry","Shiraz/Syrah, Grenache, Cinsault"
Minuty M Rosé 2023,France,19.99,3.9,images/Minuty_M_Ros_2023.png,images/bottle_Minuty_M_Ros_2023.png,Côtes de Provence,Minuty,"red fruit, tree fruit, citrus fruit, earth, microbio, floral, spices, oak, vegetal, tropical fruit, non oak, black fruit, dried fruit","Pork, Shellfish, Vegetarian, Poultry","Shiraz/Syrah, Grenache, Cinsault"
Leone de Castris Five Roses 2024,Italy,21.99,3.9,images/Leone_de_Castris_Five_Roses_2024.png,images/bottle_Leone_de_Castris_Five_Roses_2024.png,Salento,Leone de Castris,"red fruit, citrus fruit, earth, tree fruit, spices, floral, microbio, oak, vegetal, non oak, tropical fruit","Rich fish (salmon, tuna etc), Shellfish, Appetizers and snacks, Goat's Milk Cheese",
Château Nairac Barsac (Grand Cru Classé) 1988,France,56,4.2,images/Chteau_Nairac_Barsac_Grand_Cru_Class_1988.png,images/bottle_Chteau_Nairac_Barsac_Grand_Cru_Class_1988.png,Barsac,Château Nairac,"earth, tree fruit, oak, non oak, spices, citrus fruit, microbio, tropical fruit, dried fruit, floral, black fruit, vegetal, red fruit","Fruity desserts, Blue cheese","Sauvignon Blanc, Sémillon, Muscadelle"
Château Caillou Sauternes (Grand Cru Classé) 1983,France,56,4.2,images/Chteau_Caillou_Sauternes_Grand_Cru_Class_1983.png,images/bottle_Chteau_Caillou_Sauternes_Grand_Cru_Class_19.png,Sauternes,Château Caillou,"earth, tree fruit, oak, non oak, citrus fruit, microbio, spices, dried fruit, tropical fruit, vegetal, floral, black fruit, red fruit","Fruity desserts, Blue cheese","Sauvignon Blanc, Sémillon, Muscadelle"
Château Rieussec Sauternes (Premier Grand Cru Classé) 2005,France,68,4.4,images/Chteau_Rieussec_Sauternes_Premier_Grand_Cru_Class_.png,images/bottle_Chteau_Rieussec_Sauternes_Premier_Grand_Cru.png,Sauternes,Château Rieussec,"earth, tree fruit, oak, non oak, citrus fruit, microbio, tropical fruit, spices, dried fruit, vegetal, floral, black fruit, red fruit","Fruity desserts, Blue cheese","Sauvignon Blanc, Sémillon, Muscadelle"
Stella Rosa Pink Semi-Sweet Rose,Italy,10.95,4,images/Stella_Rosa_Pink_Semi_Sweet_Rose.png,images/bottle_Stella_Rosa_Pink_Semi_Sweet_Rose.png,Piemonte,Stella Rosa,"red fruit, tree fruit, microbio, tropical fruit, earth, citrus fruit, oak, black fruit, floral, dried fruit","Shellfish, Mature and hard cheese, Appetizers and snacks, Lean fish, Mild and soft cheese, Cured Meat",
Wölffer Estate Rosé 2024,United States,17.99,4,images/Wlffer_Estate_Ros_2024.png,images/bottle_Wlffer_Estate_Ros_2024.png,Long Island,Wölffer Estate,"tree fruit, red fruit, citrus fruit, earth, oak, microbio, vegetal, floral, tropical fruit, spices, non oak, black fruit, dried fruit","Shellfish, Spicy food, Mature and hard cheese, Appetizers and snacks, Lean fish, Cured Meat",
Oliver Cherry Moscato,United States,13.99,4.2,images/Oliver_Cherry_Moscato.png,images/bottle_Oliver_Cherry_Moscato.png,Indiana,Oliver,"red fruit, tree fruit, citrus fruit, oak, spices, non oak, floral, earth, black fruit, microbio, tropical fruit, vegetal",,
Château de la Clapière Côtes de Provence Rosé (Cru Classé) 2024,France,24.99,3.8,images/Chteau_de_la_Clapire_Ctes_de_Provence_Ros_Cru_Clas.png,images/bottle_Chteau_de_la_Clapire_Ctes_de_Provence_Ros_C.png,Côtes de Provence,Château de la Clapière,"red fruit, tree fruit, earth, citrus fruit, microbio, spices, floral, vegetal, oak, tropical fruit, black fruit, non oak, dried fruit","Pork, Shellfish, Vegetarian, Poultry","Shiraz/Syrah, Grenache, Cinsault"
Stoller Family Estate Pinot Noir Rosé 2024,United States,21.99,3.9,images/Stoller_Family_Estate_Pinot_Noir_Ros_2024.png,images/bottle_Stoller_Family_Estate_Pinot_Noir_Ros_2024.png,Willamette Valley,Stoller Family Estate,"red fruit, citrus fruit, earth, tree fruit, oak, spices, microbio, tropical fruit, non oak, vegetal, floral, black fruit, dried fruit",,Pinot Noir
Stella Rosa Berry Semi-Sweet Rosé,Italy,10.95,4.1,images/Stella_Rosa_Berry_Semi_Sweet_Ros.png,images/bottle_Stella_Rosa_Berry_Semi_Sweet_Ros.png,Piemonte,Stella Rosa,"red fruit, tree fruit, microbio, black fruit, oak, earth, non oak, spices, floral, citrus fruit, vegetal","Shellfish, Mature and hard cheese, Appetizers and snacks, Lean fish, Mild and soft cheese, Cured Meat",
Matthiasson Rosé 2024,United States,32.99,4.1,images/Matthiasson_Ros_2024.png,images/bottle_Matthiasson_Ros_2024.png,Napa Valley,Matthiasson,"red fruit, tree fruit, citrus fruit, earth, oak, spices, floral, microbio, tropical fruit, vegetal, non oak, black fruit, dried fruit","Shellfish, Spicy food, Appetizers and snacks, Fruity desserts, Aperitif","Shiraz/Syrah, Cabernet Sauvignon, Pinot Noir, Sangiovese, Zinfandel, Barbera"
Domaine de Terrebrune Terroir du Trias Delille Vigneron Bandol Rosé 2024,France,35,4.1,images/Domaine_de_Terrebrune_Terroir_du_Trias_Delille_Vig.png,images/bottle_Domaine_de_Terrebrune_Terroir_du_Trias_Deli.png,Bandol,Domaine de Terrebrune,"red fruit, earth, tree fruit, citrus fruit, oak, microbio, spices, floral, non oak, vegetal, black fruit, tropical fruit, dried fruit","Pork, Shellfish, Vegetarian, Poultry","Shiraz/Syrah, Grenache, Cinsault"
Domaine de l'Abbaye Clos Beylesse Côtes de Provence Rosé 2024,France,32,4.3,images/Domaine_de_lAbbaye_Clos_Beylesse_Ctes_de_Provence_.png,images/bottle_Domaine_de_lAbbaye_Clos_Beylesse_Ctes_de_Pr.png,Côtes de Provence,Domaine de l'Abbaye,"red fruit, tree fruit, earth, citrus fruit, microbio, vegetal, floral, oak, spices, non oak, tropical fruit","Pork, Shellfish, Vegetarian, Poultry","Shiraz/Syrah, Grenache, Cinsault"
Château Roûmieu-Lacoste Sauternes 2001,France,49,4.1,images/Chteau_Romieu_Lacoste_Sauternes_2001.png,images/bottle_Chteau_Romieu_Lacoste_Sauternes_2001.png,Sauternes,Château Roûmieu-Lacoste,"earth, tree fruit, citrus fruit, oak, microbio, tropical fruit, non oak, spices, floral, dried fruit, vegetal, red fruit, black fruit","Fruity desserts, Blue cheese","Sauvignon Blanc, Sémillon, Muscadelle"
Domaine de Paris Côtes de Provence 2024,France,17.99,3.8,images/Domaine_de_Paris_Ctes_de_Provence_2024.png,images/bottle_Domaine_de_Paris_Ctes_de_Provence_2024.png,Côtes de Provence,Domaine de Paris,"red fruit, tree fruit, citrus fruit, earth, microbio, spices, vegetal, oak, tropical fruit, non oak, floral","Pork, Shellfish, Vegetarian, Poultry","Shiraz/Syrah, Grenache, Cinsault"
Château Roubine Côtes de Provence Rosé (Cru Classé) 2021,France,29.99,3.8,images/Chteau_Roubine_Ctes_de_Provence_Ros_Cru_Class_2021.png,images/bottle_Chteau_Roubine_Ctes_de_Provence_Ros_Cru_Cla.png,Côtes de Provence,Château Roubine,"red fruit, tree fruit, earth, spices, citrus fruit, oak, microbio, non oak, tropical fruit, vegetal, floral, dried fruit","Pork, Shellfish, Vegetarian, Poultry","Shiraz/Syrah, Grenache, Cinsault"
Santo Tomás Grenache Rosado ST 2023,Mexico,22.49,3.6,images/Santo_Toms_Grenache_Rosado_ST_2023.png,images/bottle_Santo_Toms_Grenache_Rosado_ST_2023.png,Baja California,Santo Tomás,"red fruit, tree fruit, tropical fruit, citrus fruit, earth, microbio, floral, non oak, oak, spices, vegetal",,
La Vidaubanaise Le Provençal Côtes de Provence Rosé 2024,France,17.99,3.8,images/La_Vidaubanaise_Le_Provenal_Ctes_de_Provence_Ros_2.png,images/bottle_La_Vidaubanaise_Le_Provenal_Ctes_de_Provenc.png,Côtes de Provence,La Vidaubanaise,"red fruit, citrus fruit, earth, tree fruit, microbio, vegetal, spices, oak, floral, tropical fruit, non oak, black fruit, dried fruit","Pork, Shellfish, Vegetarian, Poultry","Shiraz/Syrah, Grenache, Cinsault"
Château La Tour de l'Évêque Chevalier de Lafoux Sainte Anne Rosé 2023,France,14.97,3.7,images/Chteau_La_Tour_de_lvque_Chevalier_de_Lafoux_Sainte.png,images/bottle_Chteau_La_Tour_de_lvque_Chevalier_de_Lafoux.png,Côtes de Provence,Château La Tour de l'Évêque,"red fruit, citrus fruit, tree fruit, earth, oak, microbio, vegetal, non oak, spices, floral, black fruit, tropical fruit, dried fruit","Pork, Shellfish, Vegetarian, Poultry","Shiraz/Syrah, Grenache, Cinsault"
Château Broustet Barsac-Sauternes (Grand Cru Classé) 1990,France,59,4.1,images/Chteau_Broustet_Barsac_Sauternes_Grand_Cru_Class_1.png,images/bottle_Chteau_Broustet_Barsac_Sauternes_Grand_Cru_.png,Barsac,Château Broustet,"earth, tree fruit, oak, citrus fruit, microbio, non oak, tropical fruit, spices, dried fruit, vegetal, floral, red fruit, black fruit","Fruity desserts, Blue cheese","Sauvignon Blanc, Sémillon, Muscadelle"
Gros' Noré Bandol Rosé 2024,France,35,4,images/Gros_Nor_Bandol_Ros_2024.png,images/bottle_Gros_Nor_Bandol_Ros_2024.png,Bandol,Gros' Noré,"red fruit, tree fruit, earth, citrus fruit, microbio, spices, floral, vegetal, black fruit, tropical fruit, oak, dried fruit, non oak","Pork, Shellfish, Vegetarian, Poultry","Shiraz/Syrah, Grenache, Cinsault"
Maison Saint Aix AIX Rosé 2023,France,17.99,4,images/Maison_Saint_Aix_AIX_Ros_2023.png,images/bottle_Maison_Saint_Aix_AIX_Ros_2023.png,Coteaux d'Aix-en-Provence,Maison Saint Aix,"red fruit, citrus fruit, tree fruit, earth, microbio, spices, floral, tropical fruit, oak, vegetal, non oak, black fruit, dried fruit","Pork, Shellfish, Vegetarian, Poultry","Shiraz/Syrah, Grenache, Cinsault"
Oliver Blueberry Moscato,United States,13.99,4.2,images/Oliver_Blueberry_Moscato.png,images/bottle_Oliver_Blueberry_Moscato.png,Indiana,Oliver,"black fruit, red fruit, dried fruit, tree fruit, earth, citrus fruit, spices, microbio, oak, floral, vegetal, tropical fruit, non oak",,
Domaine Huet Vouvray Clos du Bourg Moelleux 2023,France,65,4.2,images/Domaine_Huet_Vouvray_Clos_du_Bourg_Moelleux_2023.png,images/bottle_Domaine_Huet_Vouvray_Clos_du_Bourg_Moelleux.png,Vouvray,Domaine Huet,"earth, tree fruit, citrus fruit, oak, microbio, non oak, spices, floral, tropical fruit, dried fruit, vegetal, black fruit, red fruit","Mature and hard cheese, Fruity desserts, Blue cheese",Chenin Blanc
Château Gilette Sauternes (Crème de Tête) 1962,France,330,4.5,images/Chteau_Gilette_Sauternes_Crme_de_Tte_1962.png,images/bottle_Chteau_Gilette_Sauternes_Crme_de_Tte_1962.png,Sauternes,Château Gilette,"earth, oak, tree fruit, non oak, microbio, citrus fruit, dried fruit, spices, tropical fruit, floral, red fruit, vegetal","Fruity desserts, Blue cheese","Sauvignon Blanc, Sémillon, Muscadelle"
Arnot-Roberts Rosé 2024,United States,29.99,4.1,images/Arnot_Roberts_Ros_2024.png,images/bottle_Arnot_Roberts_Ros_2024.png,California,Arnot-Roberts,"red fruit, citrus fruit, earth, tree fruit, vegetal, spices, microbio, floral, tropical fruit, oak, black fruit, non oak, dried fruit","Shellfish, Spicy food, Appetizers and snacks, Fruity desserts, Aperitif","Shiraz/Syrah, Cabernet Sauvignon, Pinot Noir, Sangiovese, Zinfandel, Barbera"
Bertani Recioto della Valpolicella Classico Superiore 1961,Italy,700,4.5,images/Bertani_Recioto_della_Valpolicella_Classico_Superi.png,images/bottle_Bertani_Recioto_della_Valpolicella_Classico.png,Recioto della Valpolicella,Bertani,"oak, dried fruit, earth, non oak, black fruit, spices, red fruit, microbio, floral, vegetal, tropical fruit, citrus fruit",,
Château Pradeaux Bandol Rosé 2024,France,34.99,4,images/Chteau_Pradeaux_Bandol_Ros_2024.png,images/bottle_Chteau_Pradeaux_Bandol_Ros_2024.png,Bandol,Château Pradeaux,"red fruit, earth, tree fruit, citrus fruit, spices, floral, vegetal, microbio, oak, non oak, black fruit, tropical fruit, dried fruit","Pork, Shellfish, Vegetarian, Poultry","Shiraz/Syrah, Grenache, Cinsault"
B. Lovely Late Harvest Riesling 2023,United States,15.97,3.9,images/B_Lovely_Late_Harvest_Riesling_2023.jpg,,Washington,B. Lovely,"tree fruit, earth, floral, citrus fruit, tropical fruit, oak, microbio, spices, vegetal, dried fruit, non oak, red fruit, black fruit",,
Famille Bougrier Pure Loire Rosé de Loire 2024,France,15.98,3.9,images/Famille_Bougrier_Pure_Loire_Ros_de_Loire_2024.png,images/bottle_Famille_Bougrier_Pure_Loire_Ros_de_Loire_20.png,Rosé de Loire,Famille Bougrier,"red fruit, tree fruit, citrus fruit, earth, microbio, floral, tropical fruit, vegetal, dried fruit, non oak, oak, spices, black fruit","Lamb, Rich fish (salmon, tuna etc), Poultry, Mild and soft cheese, Cured Meat",
Riunite Rosato,Italy,12.99,3.6,images/Riunite_Rosato.png,images/bottle_Riunite_Rosato.png,Emilia-Romagna,Riunite,"red fruit, tree fruit, citrus fruit, black fruit, earth, microbio, oak","Shellfish, Mature and hard cheese, Appetizers and snacks, Lean fish, Mild and soft cheese, Cured Meat",
Santi Infinito Rosé 2024,Italy,14.99,3.7,images/Santi_Infinito_Ros_2024.png,images/bottle_Santi_Infinito_Ros_2024.png,Bardolino Chiaretto,Santi,"red fruit, vegetal, citrus fruit, tree fruit, oak, earth, non oak, spices, microbio, floral","Shellfish, Mature and hard cheese, Appetizers and snacks, Lean fish, Mild and soft cheese, Cured Meat",
Donnafugata Ben Ryé Passito di Pantelleria 2022,Italy,49.99,4.4,images/Donnafugata_Ben_Ry_Passito_di_Pantelleria_2022.png,images/bottle_Donnafugata_Ben_Ry_Passito_di_Pantelleria_2.png,Passito di Pantelleria,Donnafugata,"tree fruit, earth, citrus fruit, dried fruit, non oak, oak, microbio, spices, tropical fruit, black fruit, vegetal, floral, red fruit",,
Long Shadows Julia's Dazzle Rosé 2024,United States,20,3.8,images/Long_Shadows_Julias_Dazzle_Ros_2024.png,images/bottle_Long_Shadows_Julias_Dazzle_Ros_2024.png,Horse Heaven Hills,Long Shadows,"red fruit, tree fruit, citrus fruit, microbio, tropical fruit, floral, earth, vegetal, non oak, oak, spices, dried fruit","Shellfish, Spicy food, Mature and hard cheese, Appetizers and snacks, Lean fish, Cured Meat",
Fleurs de Prairie Côtes de Provence 2022,France,16.99,4,images/Fleurs_de_Prairie_Ctes_de_Provence_2022.png,images/bottle_Fleurs_de_Prairie_Ctes_de_Provence_2022.png,Côtes de Provence,Fleurs de Prairie,"red fruit, citrus fruit, tree fruit, earth, floral, microbio, vegetal, oak, spices, tropical fruit, non oak, black fruit, dried fruit","Pork, Shellfish, Vegetarian, Poultry","Shiraz/Syrah, Grenache, Cinsault"
Tormaresca Negroamaro Salento Calafuria Rosato 2023,Italy,17.99,4,images/Tormaresca_Negroamaro_Salento_Calafuria_Rosato_202.png,images/bottle_Tormaresca_Negroamaro_Salento_Calafuria_Ros.png,Salento,Tormaresca,"red fruit, tree fruit, citrus fruit, earth, floral, microbio, spices, vegetal, oak, tropical fruit, non oak, black fruit, dried fruit","Rich fish (salmon, tuna etc), Shellfish, Appetizers and snacks, Goat's Milk Cheese",
Lunaria Pettirosce Cerasuolo d'Abruzzo 2024,Italy,19.99,3.7,images/Lunaria_Pettirosce_Cerasuolo_dAbruzzo_2024.png,images/bottle_Lunaria_Pettirosce_Cerasuolo_dAbruzzo_2024.png,Cerasuolo d'Abruzzo,Lunaria,"red fruit, earth, citrus fruit, non oak, oak, tree fruit, vegetal, microbio, spices, floral, dried fruit, black fruit, tropical fruit","Shellfish, Appetizers and snacks, Lean fish, Mild and soft cheese",Montepulciano
Blackbird Vineyards Arriviste 2024,United States,23.99,4,images/Blackbird_Vineyards_Arriviste_2024.png,images/bottle_Blackbird_Vineyards_Arriviste_2024.png,Napa Valley,Blackbird Vineyards,"red fruit, tree fruit, earth, oak, black fruit, microbio, citrus fruit, spices, non oak, tropical fruit, floral, dried fruit","Shellfish, Spicy food, Appetizers and snacks, Fruity desserts, Aperitif","Shiraz/Syrah, Cabernet Sauvignon, Pinot Noir, Sangiovese, Zinfandel, Barbera"
Chambers Rosewood Vineyards Muscat,Australia,18.99,3.9,images/Chambers_Rosewood_Vineyards_Muscat.png,images/bottle_Chambers_Rosewood_Vineyards_Muscat.png,Rutherglen,Chambers Rosewood Vineyards,"dried fruit, non oak, oak, earth, microbio, citrus fruit, tree fruit, spices, black fruit, red fruit, vegetal, floral, tropical fruit","Sweet desserts, Fruity desserts, Blue cheese",
Royal Tokaji Late Harvest 2018,Hungary,22.99,4,images/Royal_Tokaji_Late_Harvest_2018.png,images/bottle_Royal_Tokaji_Late_Harvest_2018.png,Tokaj,Royal Tokaji,"tree fruit, earth, citrus fruit, tropical fruit, oak, floral, microbio, non oak, spices, dried fruit, vegetal, red fruit, black fruit",,
Wölffer Estate Summer In A Bottle Côtes de Provence Rosé 2024,France,22.99,4.1,images/Wlffer_Estate_Summer_In_A_Bottle_Ctes_de_Provence_.png,images/bottle_Wlffer_Estate_Summer_In_A_Bottle_Ctes_de_Pr.png,Côtes de Provence,Wölffer Estate,"red fruit, tree fruit, earth, citrus fruit, microbio, spices, floral, oak, black fruit, tropical fruit, vegetal, non oak","Pork, Shellfish, Vegetarian, Poultry","Shiraz/Syrah, Grenache, Cinsault"
Spier Discover Rosé 2023,South Africa,12.97,3.7,images/Spier_Discover_Ros_2023.png,images/bottle_Spier_Discover_Ros_2023.png,Western Cape,Spier,"red fruit, tropical fruit, tree fruit, citrus fruit, microbio, black fruit","Rich fish (salmon, tuna etc), Shellfish, Appetizers and snacks, Lean fish",
Lucien Crochet Sancerre Pinot Rosé 2024,France,38.99,4.1,images/Lucien_Crochet_Sancerre_Pinot_Ros_2024.png,images/bottle_Lucien_Crochet_Sancerre_Pinot_Ros_2024.png,Sancerre,Lucien Crochet,"red fruit, earth, citrus fruit, tree fruit, microbio, oak, vegetal, non oak, tropical fruit, spices, floral","Lamb, Rich fish (salmon, tuna etc), Poultry, Mild and soft cheese, Cured Meat",
Klein Constantia Vin de Constance (Natural Sweet) 2018,South Africa,79,4.5,images/Klein_Constantia_Vin_de_Constance_Natural_Sweet_20.png,images/bottle_Klein_Constantia_Vin_de_Constance_Natural_S.png,Constantia,Klein Constantia,"earth, tree fruit, citrus fruit, oak, non oak, dried fruit, tropical fruit, microbio, spices, floral, vegetal, black fruit, red fruit","Sweet desserts, Fruity desserts",
Domaine de la Courtade Les Terrasses Rosé 2024,France,19.97,3.9,images/Domaine_de_la_Courtade_Les_Terrasses_Ros_2024.png,images/bottle_Domaine_de_la_Courtade_Les_Terrasses_Ros_20.png,Côtes de Provence,Domaine de la Courtade,"earth, tree fruit, red fruit, citrus fruit, spices, microbio, tropical fruit, floral, vegetal, black fruit, non oak, oak","Pork, Shellfish, Vegetarian, Poultry","Shiraz/Syrah, Grenache, Cinsault"
La Spinetta Il Rosé di Casanova 2021,Italy,12,3.9,images/La_Spinetta_Il_Ros_di_Casanova_2021.png,images/bottle_La_Spinetta_Il_Ros_di_Casanova_2021.png,Toscana,La Spinetta,"red fruit, citrus fruit, tree fruit, earth, vegetal, floral, microbio, spices, oak, tropical fruit, non oak, black fruit, dried fruit","Shellfish, Poultry, Lean fish, Mild and soft cheese",
Las Nubes Jaak 2022,Mexico,22.49,3.4,images/Las_Nubes_Jaak_2022.jpg,,Valle de Guadalupe,Las Nubes,"red fruit, tree fruit, citrus fruit, microbio, vegetal, floral",,
La Vieille Ferme Rosé 2023,France,19.99,3.7,images/La_Vieille_Ferme_Ros_2023.png,images/bottle_La_Vieille_Ferme_Ros_2023.png,Vin de France,La Vieille Ferme,"red fruit, citrus fruit, tree fruit, earth, microbio, oak, spices, non oak, black fruit, floral, vegetal, tropical fruit, dried fruit","Rich fish (salmon, tuna etc), Shellfish, Vegetarian, Lean fish, Mild and soft cheese",
Domaines Ott By.Ott Rosé 2023,France,27.99,4.1,images/Domaines_Ott_ByOtt_Ros_2023.png,images/bottle_Domaines_Ott_ByOtt_Ros_2023.png,Côtes de Provence,Domaines Ott,"red fruit, tree fruit, citrus fruit, earth, microbio, floral, spices, oak, tropical fruit, non oak, vegetal, black fruit, dried fruit","Pork, Shellfish, Vegetarian, Poultry","Shiraz/Syrah, Grenache, Cinsault"
Penya Côtes Catalanes Rosé 2024,France,12.99,3.6,images/Penya_Ctes_Catalanes_Ros_2024.png,images/bottle_Penya_Ctes_Catalanes_Ros_2024.png,Côtes Catalanes,Penya,"red fruit, tree fruit, earth, citrus fruit, microbio, oak, black fruit, tropical fruit, spices, non oak, dried fruit, floral","Pasta, Vegetarian, Appetizers and snacks, Lean fish, Aperitif","Shiraz/Syrah, Grenache, Mourvedre"
Washington Hills Paradise Peak Sweet Riesling 2022,United States,13.97,3.8,images/Washington_Hills_Paradise_Peak_Sweet_Riesling_2022.jpg,,Washington,Washington Hills,"tree fruit, earth, citrus fruit, tropical fruit, microbio, non oak, oak, dried fruit, spices, vegetal, floral",,
Château d'Esclans Rock Angel Rosé 2022,France,29.99,4.1,images/Chteau_dEsclans_Rock_Angel_Ros_2022.png,images/bottle_Chteau_dEsclans_Rock_Angel_Ros_2022.png,Côtes de Provence,Château d'Esclans,"red fruit, tree fruit, citrus fruit, earth, oak, microbio, spices, non oak, tropical fruit, vegetal, floral, black fruit, dried fruit","Pork, Shellfish, Vegetarian, Poultry","Shiraz/Syrah, Grenache, Cinsault"
Bagnol Cassis Rosé 2024,France,31.99,4.1,images/Bagnol_Cassis_Ros_2024.png,images/bottle_Bagnol_Cassis_Ros_2024.png,Cassis,Bagnol,"red fruit, tree fruit, earth, citrus fruit, black fruit, microbio, floral, tropical fruit, spices, vegetal","Pork, Shellfish, Vegetarian, Poultry","Shiraz/Syrah, Grenache, Cinsault"
Le Grand Cros L'Esprit de Provence Rosé 2023,France,18,3.9,images/Le_Grand_Cros_LEsprit_de_Provence_Ros_2023.png,images/bottle_Le_Grand_Cros_LEsprit_de_Provence_Ros_2023.png,Côtes de Provence,Le Grand Cros,"red fruit, tree fruit, citrus fruit, tropical fruit, earth, microbio, spices, floral, black fruit, vegetal, non oak, oak","Pork, Shellfish, Vegetarian, Poultry","Shiraz/Syrah, Grenache, Cinsault"
Domaines Ott Clos Mireille Rosé (Coeur de Grain) 2022,France,49.99,4.8,images/Domaines_Ott_Clos_Mireille_Ros_Coeur_de_Grain_2022.png,images/bottle_Domaines_Ott_Clos_Mireille_Ros_Coeur_de_Gra.png,Côtes de Provence,Domaines Ott,"citrus fruit, tree fruit, red fruit, earth, tropical fruit, microbio, oak, spices, vegetal, non oak, floral, dried fruit, black fruit","Pork, Shellfish, Vegetarian, Poultry","Shiraz/Syrah, Grenache, Cinsault"
Purato Rosé 2023,Italy,11.99,3.5,images/Purato_Ros_2023.png,images/bottle_Purato_Ros_2023.png,Terre Siciliane,Purato,"red fruit, vegetal, citrus fruit, earth, black fruit, spices, non oak, oak, dried fruit, tree fruit, microbio, floral","Rich fish (salmon, tuna etc), Shellfish, Appetizers and snacks, Goat's Milk Cheese",
Rose Gold Côtes de Provence Rosé 2024,France,17.59,4.1,images/Rose_Gold_Ctes_de_Provence_Ros_2024.png,images/bottle_Rose_Gold_Ctes_de_Provence_Ros_2024.png,Côtes de Provence,Rose Gold,"red fruit, citrus fruit, tree fruit, earth, microbio, floral, spices, vegetal, oak, black fruit, tropical fruit, dried fruit, non oak","Pork, Shellfish, Vegetarian, Poultry","Shiraz/Syrah, Grenache, Cinsault"
The Prisoner Unshackled Rosé 2019,United States,18.51,3.9,images/The_Prisoner_Unshackled_Ros_2019.png,images/bottle_The_Prisoner_Unshackled_Ros_2019.png,California,The Prisoner,"red fruit, citrus fruit, tree fruit, earth, microbio, oak, black fruit, spices, vegetal, floral, non oak, tropical fruit, dried fruit","Shellfish, Spicy food, Appetizers and snacks, Fruity desserts, Aperitif","Shiraz/Syrah, Cabernet Sauvignon, Pinot Noir, Sangiovese, Zinfandel, Barbera"
Bartenura Brachetto 2023,Italy,14.99,4.2,images/Bartenura_Brachetto_2023.png,images/bottle_Bartenura_Brachetto_2023.png,Piemonte,Bartenura,"red fruit, microbio, oak, tree fruit, earth, spices, non oak, black fruit, tropical fruit, citrus fruit, floral",,
Charles Joguet Chinon Rosé 2023,France,27.99,4,images/Charles_Joguet_Chinon_Ros_2023.png,images/bottle_Charles_Joguet_Chinon_Ros_2023.png,Chinon,Charles Joguet,"red fruit, earth, tree fruit, citrus fruit, microbio, vegetal, oak, spices, non oak, tropical fruit, floral, black fruit","Lamb, Rich fish (salmon, tuna etc), Poultry, Mild and soft cheese, Cured Meat",
Hampton Water Rosé 2023,France,19.99,3.9,images/Hampton_Water_Ros_2023.png,images/bottle_Hampton_Water_Ros_2023.png,Languedoc-Roussillon,Hampton Water,"red fruit, citrus fruit, tree fruit, earth, oak, microbio, spices, non oak, floral, vegetal, tropical fruit, black fruit, dried fruit","Pasta, Vegetarian, Appetizers and snacks, Lean fish, Aperitif","Shiraz/Syrah, Grenache, Mourvedre"
Antoniolo Bricco Lorella Rosato 2023,Italy,14,3.6,images/Antoniolo_Bricco_Lorella_Rosato_2023.png,images/bottle_Antoniolo_Bricco_Lorella_Rosato_2023.png,Coste della Sesia,Antoniolo,"red fruit, citrus fruit, earth, tree fruit, spices, vegetal, black fruit, dried fruit, microbio, floral","Shellfish, Mature and hard cheese, Appetizers and snacks, Lean fish, Mild and soft cheese, Cured Meat",
Mi Mi en Provence Grande Réserve Rosé 2021,France,16.99,3.9,images/Mi_Mi_en_Provence_Grande_Rserve_Ros_2021.png,images/bottle_Mi_Mi_en_Provence_Grande_Rserve_Ros_2021.png,Côtes de Provence,Mi Mi en Provence,"red fruit, tree fruit, citrus fruit, earth, microbio, floral, spices, vegetal, tropical fruit, oak, non oak, black fruit, dried fruit","Pork, Shellfish, Vegetarian, Poultry","Shiraz/Syrah, Grenache, Cinsault"
Miraval Studio Rose 2023,France,19.99,3.8,images/Miraval_Studio_Rose_2023.png,images/bottle_Miraval_Studio_Rose_2023.png,Côtes de Provence,Miraval,"red fruit, citrus fruit, tree fruit, earth, microbio, oak, spices, floral, vegetal, non oak, tropical fruit, black fruit, dried fruit","Pork, Shellfish, Vegetarian, Poultry","Shiraz/Syrah, Grenache, Cinsault"
François Cotat Chavignol Sancerre Rosé 2023,France,74,4.1,images/Franois_Cotat_Chavignol_Sancerre_Ros_2023.png,images/bottle_Franois_Cotat_Chavignol_Sancerre_Ros_2023.png,Sancerre,François Cotat,"red fruit, citrus fruit, tree fruit, non oak, earth, vegetal, tropical fruit, microbio, oak, dried fruit, spices, floral","Lamb, Rich fish (salmon, tuna etc), Poultry, Mild and soft cheese, Cured Meat",
Domaine Tempier Bandol Rosé 2021,France,59.99,4.2,images/Domaine_Tempier_Bandol_Ros_2021.png,images/bottle_Domaine_Tempier_Bandol_Ros_2021.png,Bandol,Domaine Tempier,"red fruit, earth, tree fruit, citrus fruit, spices, floral, oak, microbio, vegetal, non oak, tropical fruit, black fruit, dried fruit","Pork, Shellfish, Vegetarian, Poultry","Shiraz/Syrah, Grenache, Cinsault"
Clos Sainte Magdeleine Côtes de Provence 2023,France,20,4.1,images/Clos_Sainte_Magdeleine_Ctes_de_Provence_2023.png,images/bottle_Clos_Sainte_Magdeleine_Ctes_de_Provence_202.png,Côtes de Provence,Clos Sainte Magdeleine,"red fruit, tree fruit, earth, citrus fruit, spices, vegetal, non oak, oak, black fruit, microbio","Pork, Shellfish, Vegetarian, Poultry","Shiraz/Syrah, Grenache, Cinsault"
Côte des Roses Rosé 2024,France,17.99,3.9,images/Cte_des_Roses_Ros_2024.png,images/bottle_Cte_des_Roses_Ros_2024.png,Languedoc,Côte des Roses,"red fruit, citrus fruit, tree fruit, earth, microbio, oak, floral, spices, non oak, vegetal, tropical fruit, black fruit, dried fruit","Pasta, Vegetarian, Appetizers and snacks, Lean fish, Aperitif","Shiraz/Syrah, Grenache, Mourvedre"
Pascal Cotat Chavignol Sancerre Rosé 2023,France,99.99,4,images/Pascal_Cotat_Chavignol_Sancerre_Ros_2023.png,images/bottle_Pascal_Cotat_Chavignol_Sancerre_Ros_2023.png,Sancerre,Pascal Cotat,"red fruit, earth, citrus fruit, tree fruit, oak, floral, spices, vegetal, non oak, microbio, dried fruit","Lamb, Rich fish (salmon, tuna etc), Poultry, Mild and soft cheese, Cured Meat",
Cantina Gabriele Moscato 2021,Italy,11.99,4.2,images/Cantina_Gabriele_Moscato_2021.png,images/bottle_Cantina_Gabriele_Moscato_2021.png,Lazio,Cantina Gabriele,"tree fruit, earth, tropical fruit, oak, citrus fruit, spices, microbio, red fruit, vegetal, non oak",,
Chacra Nacha Pinot Noir Rosé 2023,Argentina,29.99,4.1,images/Chacra_Nacha_Pinot_Noir_Ros_2023.png,images/bottle_Chacra_Nacha_Pinot_Noir_Ros_2023.png,Patagonia,Chacra,"red fruit, citrus fruit, earth, microbio, oak, floral, vegetal","Pork, Shellfish, Vegetarian, Poultry, Mild and soft cheese, Aperitif",
A Tribute to Grace Santa Barbara Highlands Vineyard Rosé of Grenache 2024,United States,24,4.1,images/A_Tribute_to_Grace_Santa_Barbara_Highlands_Vineyar.png,images/bottle_A_Tribute_to_Grace_Santa_Barbara_Highlands_.png,Santa Barbara County,A Tribute to Grace,"red fruit, tree fruit, earth, citrus fruit, floral, microbio, oak, spices, vegetal, tropical fruit, non oak","Shellfish, Spicy food, Appetizers and snacks, Fruity desserts, Aperitif","Shiraz/Syrah, Cabernet Sauvignon, Pinot Noir, Sangiovese, Zinfandel, Barbera"
Domaine de la Courtade L'Alycastre Côtes de Provence Rosé 2023,France,67.14,3.6,images/Domaine_de_la_Courtade_LAlycastre_Ctes_de_Provence.png,images/bottle_Domaine_de_la_Courtade_LAlycastre_Ctes_de_P.png,Côtes de Provence,Domaine de la Courtade,"tropical fruit, microbio","Pork, Shellfish, Vegetarian, Poultry","Shiraz/Syrah, Grenache, Cinsault"
Triennes Rosé 2022,France,15.97,3.9,images/Triennes_Ros_2022.png,images/bottle_Triennes_Ros_2022.png,Méditerranée,Triennes,"red fruit, tree fruit, citrus fruit, earth, microbio, spices, floral, oak, non oak, tropical fruit, vegetal, black fruit, dried fruit","Shellfish, Appetizers and snacks, Lean fish, Aperitif",
Curran Grenache Gris Rosé 2024,United States,21,4.2,images/Curran_Grenache_Gris_Ros_2024.png,images/bottle_Curran_Grenache_Gris_Ros_2024.png,Santa Barbara County,Curran,"red fruit, tree fruit, citrus fruit, earth, floral, microbio, tropical fruit, spices, non oak, oak","Shellfish, Spicy food, Appetizers and snacks, Fruity desserts, Aperitif","Shiraz/Syrah, Cabernet Sauvignon, Pinot Noir, Sangiovese, Zinfandel, Barbera"
Château Guiraud Petit Guiraud Sauternes 2010,France,20,3.9,images/Chteau_Guiraud_Petit_Guiraud_Sauternes_2010.png,images/bottle_Chteau_Guiraud_Petit_Guiraud_Sauternes_2010.png,Sauternes,Château Guiraud,"earth, tree fruit, citrus fruit, tropical fruit, oak, microbio, non oak, spices, floral, dried fruit, vegetal, red fruit, black fruit","Fruity desserts, Blue cheese","Sauvignon Blanc, Sémillon, Muscadelle"
Antinori Castello della Sala Muffato della Sala 2009,Italy,59.99,4.3,images/Antinori_Castello_della_Sala_Muffato_della_Sala_20.png,images/bottle_Antinori_Castello_della_Sala_Muffato_della_.png,Umbria,Antinori,"earth, tree fruit, citrus fruit, microbio, oak, non oak, dried fruit, spices, tropical fruit, floral, vegetal, black fruit, red fruit",,
Domaine Chantepierre Tavel Rosé 2022,France,23.99,3.7,images/Domaine_Chantepierre_Tavel_Ros_2022.png,images/bottle_Domaine_Chantepierre_Tavel_Ros_2022.png,Tavel,Domaine Chantepierre,"red fruit, earth, citrus fruit, tree fruit, spices, vegetal, microbio, oak, black fruit, floral, dried fruit, non oak, tropical fruit","Pork, Rich fish (salmon, tuna etc), Shellfish, Poultry","Shiraz/Syrah, Grenache, Mourvedre"
Volpaia Vin Santo del Chianti Classico 2017,Italy,90,4.2,images/Volpaia_Vin_Santo_del_Chianti_Classico_2017.png,images/bottle_Volpaia_Vin_Santo_del_Chianti_Classico_2017.png,Vin Santo del Chianti Classico,Volpaia,"dried fruit, oak, non oak, earth, tree fruit, microbio, citrus fruit, black fruit, vegetal, spices, red fruit, floral","Sweet desserts, Blue cheese","Sangiovese, Grechetto, Malvasia Bianca Lunga, Trebbiano Toscano"
Château Barbier Sauternes 1980,France,115,4,images/Chteau_Barbier_Sauternes_1980.png,images/bottle_Chteau_Barbier_Sauternes_1980.png,Sauternes,Château Barbier,"earth, tree fruit, tropical fruit, citrus fruit, oak, dried fruit, non oak, floral, spices, microbio, red fruit, black fruit, vegetal","Fruity desserts, Blue cheese","Sauvignon Blanc, Sémillon, Muscadelle"
Château d'Estoublon Roseblood d'Estoublon 2023,France,19.99,3.9,images/Chteau_dEstoublon_Roseblood_dEstoublon_2023.png,images/bottle_Chteau_dEstoublon_Roseblood_dEstoublon_2023.png,Coteaux Varois en Provence,Château d'Estoublon,"red fruit, citrus fruit, tree fruit, earth, floral, microbio, non oak, oak, tropical fruit, spices, vegetal","Pork, Shellfish, Vegetarian, Poultry","Shiraz/Syrah, Grenache, Cinsault"
Belle Glos Oeil de Perdrix Pinot Noir Blanc Rosé 2019,United States,23.99,4.1,images/Belle_Glos_Oeil_de_Perdrix_Pinot_Noir_Blanc_Ros_20.png,images/bottle_Belle_Glos_Oeil_de_Perdrix_Pinot_Noir_Blanc.png,Yorkville Highlands,Belle Glos,"red fruit, citrus fruit, tree fruit, earth, oak, microbio, spices, non oak, floral, vegetal, tropical fruit, dried fruit, black fruit","Shellfish, Spicy food, Appetizers and snacks, Fruity desserts, Aperitif","Shiraz/Syrah, Cabernet Sauvignon, Pinot Noir, Sangiovese, Zinfandel, Barbera"
Psagot Jerusalem Mountain Vineyards Rosé 2023,Israel,29.99,4,images/Psagot_Jerusalem_Mountain_Vineyards_Ros_2023.png,images/bottle_Psagot_Jerusalem_Mountain_Vineyards_Ros_202.png,Jerusalem,Psagot,"red fruit, citrus fruit, earth, microbio, tree fruit, oak, spices, black fruit, non oak, floral, vegetal, tropical fruit, dried fruit",,
Fleur Pinot Noir Rosé 2023,United States,19.99,4,images/Fleur_Pinot_Noir_Ros_2023.png,images/bottle_Fleur_Pinot_Noir_Ros_2023.png,North Coast,Fleur,"red fruit, earth, vegetal, oak, tropical fruit, citrus fruit, microbio, dried fruit, tree fruit, spices","Shellfish, Spicy food, Appetizers and snacks, Fruity desserts, Aperitif","Shiraz/Syrah, Cabernet Sauvignon, Pinot Noir, Sangiovese, Zinfandel, Barbera"
Cline Mourvèdre Rosè 2023,United States,13.99,3.6,images/Cline_Mourvdre_Ros_2023.png,images/bottle_Cline_Mourvdre_Ros_2023.png,Contra Costa County,Cline,"red fruit, citrus fruit, tree fruit, microbio, black fruit, spices, earth, non oak, oak, tropical fruit","Shellfish, Spicy food, Appetizers and snacks, Fruity desserts, Aperitif","Shiraz/Syrah, Cabernet Sauvignon, Pinot Noir, Sangiovese, Zinfandel, Barbera"
Château la Rame Les Coteaux de la Rame Sainte-Croix-du-Mont 1985,France,98,4,images/Chteau_la_Rame_Les_Coteaux_de_la_Rame_Sainte_Croix.png,images/bottle_Chteau_la_Rame_Les_Coteaux_de_la_Rame_Saint.png,Saint-Croix-du-Mont,Château la Rame,"earth, tree fruit, citrus fruit, oak, non oak, tropical fruit, dried fruit, vegetal, microbio, spices, black fruit, red fruit, floral","Fruity desserts, Blue cheese","Sauvignon Blanc, Sémillon, Muscadelle, Sauvignon Gris"
Peyrassol Cuvée des Commandeurs Côtes de Provence Rosé 2022,France,99.99,4,images/Peyrassol_Cuve_des_Commandeurs_Ctes_de_Provence_Ro.png,images/bottle_Peyrassol_Cuve_des_Commandeurs_Ctes_de_Prov.png,Côtes de Provence,Peyrassol,"red fruit, tree fruit, citrus fruit, earth, microbio, spices, floral, oak, non oak, vegetal, tropical fruit, black fruit, dried fruit","Pork, Shellfish, Vegetarian, Poultry","Shiraz/Syrah, Grenache, Cinsault"
Hermann J. Wiemer Cuvée Dry Rosé 2023,United States,14,3.8,images/Hermann_J_Wiemer_Cuve_Dry_Ros_2023.png,images/bottle_Hermann_J_Wiemer_Cuve_Dry_Ros_2023.png,Seneca Lake,Hermann J. Wiemer,"red fruit, citrus fruit, earth, tree fruit, non oak, oak, floral, vegetal, microbio, tropical fruit, spices",,
Beurer Rosé Trocken 2024,Germany,23.99,4,images/Beurer_Ros_Trocken_2024.png,images/bottle_Beurer_Ros_Trocken_2024.png,Württemberg,Beurer,"red fruit, tree fruit, citrus fruit, earth, tropical fruit, vegetal, spices, black fruit, non oak, oak, floral, dried fruit, microbio","Rich fish (salmon, tuna etc), Shellfish, Poultry, Appetizers and snacks, Cured Meat",
Ruffino Aqua di Venus Toscana 2022,Italy,11.99,4,images/Ruffino_Aqua_di_Venus_Toscana_2022.png,images/bottle_Ruffino_Aqua_di_Venus_Toscana_2022.png,Toscana,Ruffino,"red fruit, citrus fruit, tree fruit, earth, microbio, oak, non oak, floral, vegetal, spices","Shellfish, Poultry, Lean fish, Mild and soft cheese",
Château Suduiraut Lions de Suduiraut Sauternes 2013,France,15,3.9,images/Chteau_Suduiraut_Lions_de_Suduiraut_Sauternes_2013.png,images/bottle_Chteau_Suduiraut_Lions_de_Suduiraut_Sautern.png,Sauternes,Château Suduiraut,"earth, tree fruit, citrus fruit, oak, non oak, tropical fruit, spices, microbio, dried fruit, floral, vegetal, black fruit, red fruit","Fruity desserts, Blue cheese","Sauvignon Blanc, Sémillon, Muscadelle"
Bieler Père et Fils Rosé (Cuvée Sabine) 2023,France,11,4,images/Bieler_Pre_et_Fils_Ros_Cuve_Sabine_2023.png,images/bottle_Bieler_Pre_et_Fils_Ros_Cuve_Sabine_2023.png,Coteaux d'Aix-en-Provence,Bieler Père et Fils,"red fruit, tree fruit, citrus fruit, earth, microbio, floral, vegetal, spices, oak, tropical fruit, non oak, black fruit, dried fruit","Pork, Shellfish, Vegetarian, Poultry","Shiraz/Syrah, Grenache, Cinsault"
Château d'Esclans Garrus Rosé 2021,France,99.99,4.4,images/Chteau_dEsclans_Garrus_Ros_2021.png,images/bottle_Chteau_dEsclans_Garrus_Ros_2021.png,Côtes de Provence,Château d'Esclans,"oak, red fruit, microbio, non oak, earth, citrus fruit, tree fruit, spices, tropical fruit, floral, vegetal, black fruit, dried fruit","Pork, Shellfish, Vegetarian, Poultry","Shiraz/Syrah, Grenache, Cinsault"
Château de la Galiniere Le Cengle Côtes de Provence 2024,France,21.99,3.8,images/Chteau_de_la_Galiniere_Le_Cengle_Ctes_de_Provence_.png,images/bottle_Chteau_de_la_Galiniere_Le_Cengle_Ctes_de_Pr.png,Côtes de Provence,Château de la Galiniere,"red fruit, tree fruit, citrus fruit, earth, spices, floral, black fruit, dried fruit, tropical fruit","Pork, Shellfish, Vegetarian, Poultry","Shiraz/Syrah, Grenache, Cinsault"
Mas de Gourgonnier Les Baux de Provence Rosé 2024,France,18.99,3.7,images/Mas_de_Gourgonnier_Les_Baux_de_Provence_Ros_2024.png,images/bottle_Mas_de_Gourgonnier_Les_Baux_de_Provence_Ros.png,Les Baux-de-Provence,Mas de Gourgonnier,"red fruit, earth, tree fruit, citrus fruit, spices, oak, floral, non oak, vegetal, microbio","Pork, Shellfish, Vegetarian, Poultry","Shiraz/Syrah, Grenache, Cinsault"
Dal Forno Romano Vigna Seré Veneto Passito Rosso 2004,Italy,234.99,4.6,images/Dal_Forno_Romano_Vigna_Ser_Veneto_Passito_Rosso_20.png,images/bottle_Dal_Forno_Romano_Vigna_Ser_Veneto_Passito_R.png,Veneto,Dal Forno Romano,"oak, black fruit, non oak, earth, red fruit, dried fruit, spices, microbio, floral, tree fruit, citrus fruit",,
Château Saint-Amand Sauternes 1989,France,74,3.9,images/Chteau_Saint_Amand_Sauternes_1989.jpg,,Sauternes,Château Saint-Amand,"earth, tree fruit, citrus fruit, oak, dried fruit, non oak, microbio, tropical fruit, spices, floral, vegetal","Fruity desserts, Blue cheese","Sauvignon Blanc, Sémillon, Muscadelle"
Prophecy Rosé 2020,France,12.99,3.6,images/Prophecy_Ros_2020.png,images/bottle_Prophecy_Ros_2020.png,Vin de France,Prophecy,"red fruit, citrus fruit, tree fruit, earth, microbio, floral, oak, tropical fruit, vegetal, spices, non oak, black fruit, dried fruit","Rich fish (salmon, tuna etc), Shellfish, Vegetarian, Lean fish, Mild and soft cheese",
Aime Roquesante Côtes de Provence Sainte Victoire 2024,France,13.99,3.3,images/Aime_Roquesante_Ctes_de_Provence_Sainte_Victoire_2.jpg,,Côtes de Provence,Aime Roquesante,"red fruit, citrus fruit, floral, tree fruit, earth, vegetal, tropical fruit, oak","Pork, Shellfish, Vegetarian, Poultry","Shiraz/Syrah, Grenache, Cinsault"
Pijoan Convertible Rosa 2021,Mexico,23.39,3.4,images/Pijoan_Convertible_Rosa_2021.jpg,,Valle de Guadalupe,Pijoan,"red fruit, floral, spices, earth, vegetal, tree fruit, citrus fruit, non oak, oak",,
Le Roi des Pierres Sancerre Rosé 2023,France,29.99,4.1,images/Le_Roi_des_Pierres_Sancerre_Ros_2023.png,images/bottle_Le_Roi_des_Pierres_Sancerre_Ros_2023.png,Sancerre,Le Roi des Pierres,"red fruit, tree fruit, citrus fruit, earth, microbio, non oak, black fruit, spices, floral, oak","Lamb, Rich fish (salmon, tuna etc), Poultry, Mild and soft cheese, Cured Meat",
Domaine de la Haute Coudraie Cabernet d'Anjou 2023,France,22.99,4.2,images/Domaine_de_la_Haute_Coudraie_Cabernet_dAnjou_2023.png,images/bottle_Domaine_de_la_Haute_Coudraie_Cabernet_dAnjo.png,Cabernet d'Anjou,Domaine de la Haute Coudraie,red fruit,"Lamb, Rich fish (salmon, tuna etc), Poultry, Mild and soft cheese, Cured Meat",
Château La Tour Blanche Emotions de la Tour Blanche Sauternes 2021,France,24.99,4,images/Chteau_La_Tour_Blanche_Emotions_de_la_Tour_Blanche.png,images/bottle_Chteau_La_Tour_Blanche_Emotions_de_la_Tour_.png,Sauternes,Château La Tour Blanche,"tree fruit, earth, citrus fruit, oak, floral, tropical fruit, non oak, microbio, spices, dried fruit, red fruit, black fruit, vegetal","Fruity desserts, Blue cheese","Sauvignon Blanc, Sémillon, Muscadelle"
Peyrassol La Croix Rosé 2023,France,16.99,4,images/Peyrassol_La_Croix_Ros_2023.png,images/bottle_Peyrassol_La_Croix_Ros_2023.png,Méditerranée,Peyrassol,"red fruit, tree fruit, earth, citrus fruit, floral, spices, dried fruit, tropical fruit, vegetal, microbio, oak","Shellfish, Appetizers and snacks, Lean fish, Aperitif",
Cru d'Arche Pugneau Sauternes 1991,France,75,4.3,images/Cru_dArche_Pugneau_Sauternes_1991.png,images/bottle_Cru_dArche_Pugneau_Sauternes_1991.png,Sauternes,Cru d'Arche Pugneau,"earth, citrus fruit, microbio, non oak, tropical fruit, oak, red fruit, tree fruit, spices, floral, black fruit, dried fruit","Fruity desserts, Blue cheese","Sauvignon Blanc, Sémillon, Muscadelle"
Domaines Ott Château de Selle Rosé (Coeur de Grain) 2022,France,39.99,4.2,images/Domaines_Ott_Chteau_de_Selle_Ros_Coeur_de_Grain_20.png,images/bottle_Domaines_Ott_Chteau_de_Selle_Ros_Coeur_de_G.png,Côtes de Provence,Domaines Ott,"tree fruit, red fruit, citrus fruit, earth, microbio, floral, oak, spices, non oak, tropical fruit, vegetal, black fruit, dried fruit","Pork, Shellfish, Vegetarian, Poultry","Shiraz/Syrah, Grenache, Cinsault"
Dune (Caveau Les Sablons) Gris de Gris 2023,France,12.97,3.8,images/Dune_Caveau_Les_Sablons_Gris_de_Gris_2023.png,images/bottle_Dune_Caveau_Les_Sablons_Gris_de_Gris_2023.png,Sable de Camargue,Dune (Caveau Les Sablons),"red fruit, citrus fruit, tree fruit, earth, microbio, tropical fruit, floral, vegetal, oak, spices, non oak, black fruit","Pasta, Vegetarian, Appetizers and snacks, Lean fish, Aperitif","Shiraz/Syrah, Grenache, Mourvedre"
Maddalena Wines Rosé 2023,United States,14.99,3.8,images/Maddalena_Wines_Ros_2023.png,images/bottle_Maddalena_Wines_Ros_2023.png,Paso Robles,Maddalena Wines,"red fruit, black fruit, earth, tree fruit, oak, citrus fruit, non oak, microbio, tropical fruit, vegetal, floral, spices, dried fruit","Shellfish, Spicy food, Appetizers and snacks, Fruity desserts, Aperitif","Shiraz/Syrah, Cabernet Sauvignon, Pinot Noir, Sangiovese, Zinfandel, Barbera"
Jean François Ganevat Vieux Macvin du Jura 2012,France,129,4.2,images/Jean_Franois_Ganevat_Vieux_Macvin_du_Jura_2012.png,images/bottle_Jean_Franois_Ganevat_Vieux_Macvin_du_Jura_2.png,Jura,Jean François Ganevat,"non oak, oak, dried fruit, earth, tree fruit, microbio, citrus fruit, vegetal, tropical fruit, spices, black fruit",,
Clos Pegase Rosé 2022,United States,32,3.8,images/Clos_Pegase_Ros_2022.png,images/bottle_Clos_Pegase_Ros_2022.png,Napa Valley,Clos Pegase,"red fruit, citrus fruit, tree fruit, earth, oak, non oak, black fruit, spices, vegetal, microbio, floral, tropical fruit, dried fruit","Shellfish, Spicy food, Appetizers and snacks, Fruity desserts, Aperitif","Shiraz/Syrah, Cabernet Sauvignon, Pinot Noir, Sangiovese, Zinfandel, Barbera"
Château Pradeaux Le Côtes de Provence Rosé 2023,France,19.99,3.9,images/Chteau_Pradeaux_Le_Ctes_de_Provence_Ros_2023.png,images/bottle_Chteau_Pradeaux_Le_Ctes_de_Provence_Ros_202.png,Côtes de Provence,Château Pradeaux,"red fruit, tree fruit, earth, citrus fruit, floral, microbio, spices, oak, non oak, dried fruit, tropical fruit","Pork, Shellfish, Vegetarian, Poultry","Shiraz/Syrah, Grenache, Cinsault"
Crasà - SRC Rosato 2020,Italy,33.99,3.7,images/Cras_SRC_Rosato_2020.png,images/bottle_Cras_SRC_Rosato_2020.png,Etna,Crasà - SRC,"red fruit, earth, citrus fruit, floral, microbio","Rich fish (salmon, tuna etc), Shellfish, Appetizers and snacks, Goat's Milk Cheese",
Château Montaud Côtes de Provence Rosé 2023,France,11.99,3.6,images/Chteau_Montaud_Ctes_de_Provence_Ros_2023.png,images/bottle_Chteau_Montaud_Ctes_de_Provence_Ros_2023.png,Côtes de Provence,Château Montaud,"red fruit, tree fruit, citrus fruit, microbio, spices, earth, tropical fruit, floral, non oak, oak, black fruit","Pork, Shellfish, Vegetarian, Poultry","Shiraz/Syrah, Grenache, Cinsault"
Buehler Zinfandel White 2023,United States,15,3.5,images/Buehler_Zinfandel_White_2023.png,images/bottle_Buehler_Zinfandel_White_2023.png,Napa Valley,Buehler,"red fruit, earth, citrus fruit, oak, non oak, dried fruit, spices, black fruit, floral, vegetal, microbio, tree fruit, tropical fruit","Shellfish, Spicy food, Appetizers and snacks, Fruity desserts, Aperitif","Shiraz/Syrah, Cabernet Sauvignon, Pinot Noir, Sangiovese, Zinfandel, Barbera"
Stein Rosé Trocken 2024,Germany,35,4.1,images/Stein_Ros_Trocken_2024.png,images/bottle_Stein_Ros_Trocken_2024.png,Mosel,Stein,"red fruit, citrus fruit, earth, tree fruit, black fruit, dried fruit, vegetal, microbio, non oak","Rich fish (salmon, tuna etc), Shellfish, Poultry, Appetizers and snacks, Cured Meat",
Rose d'Madeleine Alpes-de-Haute-Provence Rosé 2024,France,11.99,3.8,images/Rose_dMadeleine_Alpes_de_Haute_Provence_Ros_2024.png,images/bottle_Rose_dMadeleine_Alpes_de_Haute_Provence_Ros.png,Alpes-de-Haute-Provence,Rose d'Madeleine,"red fruit, citrus fruit, earth, microbio, floral, tree fruit, vegetal, black fruit, spices, non oak, oak","Shellfish, Appetizers and snacks, Lean fish, Aperitif",
G.D. Vajra Rosabella Rosato 2024,Italy,18.99,4,images/GD_Vajra_Rosabella_Rosato_2024.png,images/bottle_GD_Vajra_Rosabella_Rosato_2024.png,Piemonte,G.D. Vajra,"red fruit, citrus fruit, vegetal, earth, tree fruit, floral, spices, microbio, oak, black fruit, non oak, tropical fruit","Shellfish, Mature and hard cheese, Appetizers and snacks, Lean fish, Mild and soft cheese, Cured Meat",
Ravoire & Fils Manon Côtes de Provence Rosé 2024,France,14.99,4,images/Ravoire_Fils_Manon_Ctes_de_Provence_Ros_2024.png,images/bottle_Ravoire_Fils_Manon_Ctes_de_Provence_Ros_202.png,Côtes de Provence,Ravoire & Fils,"red fruit, tree fruit, citrus fruit, earth, floral, microbio, oak, spices, non oak, vegetal, tropical fruit, dried fruit","Pork, Shellfish, Vegetarian, Poultry","Shiraz/Syrah, Grenache, Cinsault"
Clos Solène La Rose 2024,United States,52,4.3,images/Clos_Solne_La_Rose_2024.png,images/bottle_Clos_Solne_La_Rose_2024.png,Paso Robles,Clos Solène,"citrus fruit, tree fruit, red fruit, earth, oak, spices, floral, non oak, tropical fruit, vegetal, microbio","Shellfish, Spicy food, Appetizers and snacks, Fruity desserts, Aperitif","Shiraz/Syrah, Cabernet Sauvignon, Pinot Noir, Sangiovese, Zinfandel, Barbera"
Cass Oasis Rosé 2024,United States,32,3.9,images/Cass_Oasis_Ros_2024.png,images/bottle_Cass_Oasis_Ros_2024.png,Paso Robles,Cass,"red fruit, citrus fruit, tree fruit, microbio, tropical fruit, spices, earth, oak, floral, non oak","Shellfish, Spicy food, Appetizers and snacks, Fruity desserts, Aperitif","Shiraz/Syrah, Cabernet Sauvignon, Pinot Noir, Sangiovese, Zinfandel, Barbera"
Miraval Muse de Miraval 2023,France,299.97,4.4,images/Miraval_Muse_de_Miraval_2023.png,images/bottle_Miraval_Muse_de_Miraval_2023.png,Côtes de Provence,Miraval,"tree fruit, red fruit, tropical fruit, citrus fruit, earth, floral, microbio, non oak, oak","Pork, Shellfish, Vegetarian, Poultry","Shiraz/Syrah, Grenache, Cinsault"
Bella Vineyards Special Release Late Harvest Zinfandel 2024,United States,35,4.2,images/Bella_Vineyards_Special_Release_Late_Harvest_Zinfa.jpg,,Alexander Valley,Bella Vineyards,"oak, black fruit, dried fruit, red fruit, earth, microbio, non oak, spices, tropical fruit, tree fruit, floral, vegetal","Sweet desserts, Mild and soft cheese, Fruity desserts, Blue cheese",
The Dreaming Tree Rosé 2019,United States,12.99,3.8,images/The_Dreaming_Tree_Ros_2019.png,images/bottle_The_Dreaming_Tree_Ros_2019.png,California,The Dreaming Tree,"red fruit, citrus fruit, oak, earth, non oak, microbio, tree fruit, spices, vegetal, black fruit, tropical fruit, floral, dried fruit","Shellfish, Spicy food, Appetizers and snacks, Fruity desserts, Aperitif","Shiraz/Syrah, Cabernet Sauvignon, Pinot Noir, Sangiovese, Zinfandel, Barbera"
Château d'Esclans The Pale Rosé 2023,France,15.99,3.8,images/Chteau_dEsclans_The_Pale_Ros_2023.png,images/bottle_Chteau_dEsclans_The_Pale_Ros_2023.png,Provence,Château d'Esclans,"red fruit, tree fruit, citrus fruit, earth, microbio, floral, vegetal, non oak, spices, oak, tropical fruit","Pork, Shellfish, Vegetarian, Poultry","Shiraz/Syrah, Grenache, Cinsault"
DAOU Discovery Collection Rosé 2021,United States,19.99,4,images/DAOU_Discovery_Collection_Ros_2021.png,images/bottle_DAOU_Discovery_Collection_Ros_2021.png,Paso Robles,DAOU,"tree fruit, red fruit, citrus fruit, earth, tropical fruit, microbio, oak, floral, non oak, vegetal, spices","Shellfish, Spicy food, Appetizers and snacks, Fruity desserts, Aperitif","Shiraz/Syrah, Cabernet Sauvignon, Pinot Noir, Sangiovese, Zinfandel, Barbera"
Quady Batch 88 Starboard 1988,United States,16.99,3.8,images/Quady_Batch_88_Starboard_1988.png,images/bottle_Quady_Batch_88_Starboard_1988.png,California,Quady,"non oak, red fruit, dried fruit, oak, black fruit, spices, microbio, earth, tree fruit, citrus fruit, floral","Sweet desserts, Mild and soft cheese, Fruity desserts, Blue cheese",
Domaine de la Mordorée La Dame Rousse Tavel Rosé 2021,France,31.99,3.9,images/Domaine_de_la_Mordore_La_Dame_Rousse_Tavel_Ros_202.png,images/bottle_Domaine_de_la_Mordore_La_Dame_Rousse_Tavel_.png,Tavel,Domaine de la Mordorée,"red fruit, citrus fruit, tree fruit, earth, spices, microbio, vegetal, oak, non oak, floral, black fruit, tropical fruit, dried fruit","Pork, Rich fish (salmon, tuna etc), Shellfish, Poultry","Shiraz/Syrah, Grenache, Mourvedre"
Gérard Boulay Sibylle Sancerre Rosé 2023,France,29.99,4,images/Grard_Boulay_Sibylle_Sancerre_Ros_2023.png,images/bottle_Grard_Boulay_Sibylle_Sancerre_Ros_2023.png,Sancerre,Gérard Boulay,"red fruit, citrus fruit, tree fruit, tropical fruit, spices, earth, non oak, oak","Lamb, Rich fish (salmon, tuna etc), Poultry, Mild and soft cheese, Cured Meat",
Lauverjat Sancerre  Rosé 2024,France,29.99,4,images/Lauverjat_Sancerre_Ros_2024.png,images/bottle_Lauverjat_Sancerre_Ros_2024.png,Sancerre,Lauverjat,"citrus fruit, red fruit, tree fruit, tropical fruit, earth, floral, vegetal, microbio, oak","Lamb, Rich fish (salmon, tuna etc), Poultry, Mild and soft cheese, Cured Meat",
Sylvain Bailly La Louée Sancerre Rosé 2024,France,27.99,4.1,images/Sylvain_Bailly_La_Loue_Sancerre_Ros_2024.png,images/bottle_Sylvain_Bailly_La_Loue_Sancerre_Ros_2024.png,Sancerre,Sylvain Bailly,"citrus fruit, red fruit, earth, oak, tree fruit, non oak, spices, floral","Lamb, Rich fish (salmon, tuna etc), Poultry, Mild and soft cheese, Cured Meat",
Clos Cibonne Tibouren Tradition Rosé 2022,France,39.99,4.1,images/Clos_Cibonne_Tibouren_Tradition_Ros_2022.png,images/bottle_Clos_Cibonne_Tibouren_Tradition_Ros_2022.png,Côtes de Provence,Clos Cibonne,"red fruit, earth, citrus fruit, tree fruit, microbio, oak, spices, non oak, floral, vegetal, tropical fruit, black fruit, dried fruit","Pork, Shellfish, Vegetarian, Poultry","Shiraz/Syrah, Grenache, Cinsault"
Kracher Trockenbeerenauslese,Austria,24.99,4.1,images/Kracher_Trockenbeerenauslese.png,images/bottle_Kracher_Trockenbeerenauslese.png,Burgenland,Kracher,"tree fruit, earth, spices, oak, tropical fruit, citrus fruit, vegetal, microbio, non oak","Sweet desserts, Fruity desserts, Blue cheese",
Château La Nerthe Les Cassagnes Côtes-du-Rhône Rosé 2020,France,18.99,3.8,images/Chteau_La_Nerthe_Les_Cassagnes_Ctes_du_Rhne_Ros_20.png,images/bottle_Chteau_La_Nerthe_Les_Cassagnes_Ctes_du_Rhne.png,Côtes-du-Rhône,Château La Nerthe,"red fruit, citrus fruit, microbio, tropical fruit, tree fruit, floral, earth, spices, non oak, dried fruit, vegetal, oak","Pork, Rich fish (salmon, tuna etc), Shellfish, Poultry","Shiraz/Syrah, Grenache, Mourvedre"
Château Raymond-Lafon Sauternes 2002,France,60,4.2,images/Chteau_Raymond_Lafon_Sauternes_2002.png,images/bottle_Chteau_Raymond_Lafon_Sauternes_2002.png,Sauternes,Château Raymond-Lafon,"earth, tree fruit, oak, non oak, citrus fruit, tropical fruit, microbio, spices, dried fruit, floral, vegetal, red fruit, black fruit","Fruity desserts, Blue cheese","Sauvignon Blanc, Sémillon, Muscadelle"
Domaine de l'Horizon Rosé 2021,France,67,4.1,images/Domaine_de_lHorizon_Ros_2021.png,images/bottle_Domaine_de_lHorizon_Ros_2021.png,Côtes Catalanes,Domaine de l'Horizon,"earth, red fruit, floral, vegetal, tree fruit, spices, oak, citrus fruit, microbio, non oak","Pasta, Vegetarian, Appetizers and snacks, Lean fish, Aperitif","Shiraz/Syrah, Grenache, Mourvedre"
Paradise Springs Nana's Rosé 2024,United States,28,3.5,images/Paradise_Springs_Nanas_Ros_2024.jpg,,Virginia,Paradise Springs,"red fruit, earth, tree fruit, citrus fruit, microbio, oak, dried fruit, non oak","Rich fish (salmon, tuna etc)",
Josh Cellars Rosé 2023,United States,13.99,3.7,images/Josh_Cellars_Ros_2023.png,images/bottle_Josh_Cellars_Ros_2023.png,California,Josh Cellars,"red fruit, tree fruit, citrus fruit, earth, oak, microbio, spices, black fruit, non oak, vegetal, tropical fruit, floral, dried fruit","Shellfish, Spicy food, Appetizers and snacks, Fruity desserts, Aperitif","Shiraz/Syrah, Cabernet Sauvignon, Pinot Noir, Sangiovese, Zinfandel, Barbera"
Cloud Break Winemaker's Reserve Rosé 2023,United States,11.97,3.4,images/Cloud_Break_Winemakers_Reserve_Ros_2023.jpg,,California,Cloud Break,"red fruit, tree fruit, earth, citrus fruit, oak, microbio, black fruit, vegetal, non oak, floral","Shellfish, Spicy food, Appetizers and snacks, Fruity desserts, Aperitif","Shiraz/Syrah, Cabernet Sauvignon, Pinot Noir, Sangiovese, Zinfandel, Barbera"
Cenyth Rosé 2022,United States,39.99,3.9,images/Cenyth_Ros_2022.png,images/bottle_Cenyth_Ros_2022.png,Sonoma County,Cenyth,"red fruit, citrus fruit, earth, floral, tree fruit, microbio, vegetal, spices, non oak, oak","Shellfish, Spicy food, Appetizers and snacks, Fruity desserts, Aperitif","Shiraz/Syrah, Cabernet Sauvignon, Pinot Noir, Sangiovese, Zinfandel, Barbera"
Blackwater Lazy Lucy 2023,South Africa,14.99,3.7,images/Blackwater_Lazy_Lucy_2023.png,images/bottle_Blackwater_Lazy_Lucy_2023.png,Swartland,Blackwater,"red fruit, citrus fruit, vegetal, microbio, tree fruit, earth, oak, non oak, dried fruit, tropical fruit, spices, floral","Rich fish (salmon, tuna etc), Shellfish, Appetizers and snacks, Lean fish",
Becker Vineyards Jolie Rosé 2023,United States,40,3.7,images/Becker_Vineyards_Jolie_Ros_2023.jpg,,Texas,Becker Vineyards,"red fruit, tree fruit, citrus fruit, floral, spices, earth, microbio, non oak, oak","Pork, Rich fish (salmon, tuna etc), Shellfish, Poultry, Appetizers and snacks, Mild and soft cheese",
Field Recordings Fiction Grenache Rosé 2022,United States,25,3.7,images/Field_Recordings_Fiction_Grenache_Ros_2022.png,images/bottle_Field_Recordings_Fiction_Grenache_Ros_2022.png,Paso Robles,Field Recordings,"red fruit, citrus fruit, tree fruit, earth, microbio, vegetal, black fruit, tropical fruit, floral, oak, dried fruit, spices","Shellfish, Spicy food, Appetizers and snacks, Fruity desserts, Aperitif","Shiraz/Syrah, Cabernet Sauvignon, Pinot Noir, Sangiovese, Zinfandel, Barbera"
McPherson Cellars Les Copains Dry Rosé 2023,United States,21.99,3.8,images/McPherson_Cellars_Les_Copains_Dry_Ros_2023.png,images/bottle_McPherson_Cellars_Les_Copains_Dry_Ros_2023.png,Texas,McPherson Cellars,"red fruit, tree fruit, citrus fruit, earth, microbio, black fruit, tropical fruit, floral, vegetal, spices, dried fruit, non oak, oak","Pork, Rich fish (salmon, tuna etc), Shellfish, Poultry, Appetizers and snacks, Mild and soft cheese",
Domaine de Pellehaut Harmonie De Gascogne Rosé 2022,France,13.99,3.8,images/Domaine_de_Pellehaut_Harmonie_De_Gascogne_Ros_2022.png,images/bottle_Domaine_de_Pellehaut_Harmonie_De_Gascogne_R.png,Côtes de Gascogne,Domaine de Pellehaut,"red fruit, citrus fruit, tree fruit, microbio, tropical fruit, earth, vegetal, oak, floral, dried fruit, spices, black fruit, non oak","Shellfish, Appetizers and snacks, Lean fish, Aperitif",
Bully Hill Banty Red,United States,10.99,3.6,images/Bully_Hill_Banty_Red.png,images/bottle_Bully_Hill_Banty_Red.png,Finger Lakes,Bully Hill,"oak, red fruit, tree fruit, non oak, black fruit, spices, earth",,
Clos du Temple Languedoc Cabrières 2019,France,99.88,4.5,images/Clos_du_Temple_Languedoc_Cabrires_2019.png,images/bottle_Clos_du_Temple_Languedoc_Cabrires_2019.png,Languedoc,Clos du Temple,"oak, tree fruit, earth, microbio, red fruit, spices, non oak, citrus fruit, floral, vegetal, tropical fruit","Pasta, Vegetarian, Appetizers and snacks, Lean fish, Aperitif","Shiraz/Syrah, Grenache, Mourvedre"
Château La Mouliniere Bordeaux Rosé 2024,France,13.99,3.8,images/Chteau_La_Mouliniere_Bordeaux_Ros_2024.png,images/bottle_Chteau_La_Mouliniere_Bordeaux_Ros_2024.png,Bordeaux,Château La Mouliniere,"red fruit, citrus fruit, dried fruit, microbio","Shellfish, Vegetarian, Poultry, Appetizers and snacks, Lean fish, Aperitif","Cabernet Sauvignon, Cabernet Franc, Malbec, Merlot, Petit Verdot, Carménère"
Ronchi di Cialla Rosé di Cialla Rosato 2024,Italy,22.99,3.9,images/Ronchi_di_Cialla_Ros_di_Cialla_Rosato_2024.png,images/bottle_Ronchi_di_Cialla_Ros_di_Cialla_Rosato_2024.png,Friuli-Venezia Giulia,Ronchi di Cialla,"red fruit, citrus fruit, tree fruit, earth, floral, vegetal, black fruit, dried fruit, spices, microbio","Shellfish, Mature and hard cheese, Appetizers and snacks, Lean fish, Mild and soft cheese, Cured Meat",
Kim Crawford Rosé 2022,New Zealand,14.99,3.7,images/Kim_Crawford_Ros_2022.png,images/bottle_Kim_Crawford_Ros_2022.png,Hawke's Bay,Kim Crawford,"red fruit, citrus fruit, tree fruit, earth, tropical fruit, vegetal, microbio, oak, spices, floral, black fruit, non oak, dried fruit","Pork, Rich fish (salmon, tuna etc), Shellfish, Vegetarian, Poultry, Appetizers and snacks",
Preston Farm & Winery Vin Gris Rosé 2023,United States,34,4.1,images/Preston_Farm_Winery_Vin_Gris_Ros_2023.png,images/bottle_Preston_Farm_Winery_Vin_Gris_Ros_2023.png,Dry Creek Valley,Preston Farm & Winery,"citrus fruit, red fruit, earth, vegetal, oak","Shellfish, Spicy food, Appetizers and snacks, Fruity desserts, Aperitif","Shiraz/Syrah, Cabernet Sauvignon, Pinot Noir, Sangiovese, Zinfandel, Barbera"
Vena Cava Grenache Rosado 2023,Mexico,26.09,3.6,images/Vena_Cava_Grenache_Rosado_2023.jpg,,Valle de Guadalupe,Vena Cava,"red fruit, earth, tree fruit, citrus fruit, floral",,
Croteaux 181 Merlot Rosé 2024,United States,38,4.1,images/Croteaux_181_Merlot_Ros_2024.png,images/bottle_Croteaux_181_Merlot_Ros_2024.png,Long Island,Croteaux,"tree fruit, red fruit, citrus fruit, earth, tropical fruit, floral, vegetal","Shellfish, Spicy food, Mature and hard cheese, Appetizers and snacks, Lean fish, Cured Meat",
Minuty Château Minuty 281 2023,France,73.99,4.3,images/Minuty_Chteau_Minuty_281_2023.png,images/bottle_Minuty_Chteau_Minuty_281_2023.png,Côtes de Provence,Minuty,"red fruit, tree fruit, citrus fruit, earth, microbio, spices, oak, tropical fruit, floral, non oak, dried fruit, vegetal","Pork, Shellfish, Vegetarian, Poultry","Shiraz/Syrah, Grenache, Cinsault"
Durand Marella Rosé 2023,Mexico,23.39,3.8,images/Durand_Marella_Ros_2023.jpg,,Baja California,Durand,"red fruit, earth, tree fruit, black fruit, floral, microbio",,
Boundary Breaks Riesling Ice Wine 2022,United States,69.99,4.2,images/Boundary_Breaks_Riesling_Ice_Wine_2022.png,images/bottle_Boundary_Breaks_Riesling_Ice_Wine_2022.png,Finger Lakes,Boundary Breaks,"tree fruit, earth, tropical fruit, citrus fruit, dried fruit, floral, microbio, oak, non oak, black fruit, vegetal",,
Barton & Guestier Sauternes 2018,France,26.99,3.9,images/Barton_Guestier_Sauternes_2018.png,images/bottle_Barton_Guestier_Sauternes_2018.png,Sauternes,Barton & Guestier,"tree fruit, earth, oak, tropical fruit, microbio, non oak, citrus fruit, spices, floral, dried fruit, vegetal, black fruit","Fruity desserts, Blue cheese","Sauvignon Blanc, Sémillon, Muscadelle"
Château de Campuget Costières-de-Nîmes Rosé (Tradition de Campuget) 2017,France,16.99,3.8,images/Chteau_de_Campuget_Costires_de_Nmes_Ros_Tradition_.png,images/bottle_Chteau_de_Campuget_Costires_de_Nmes_Ros_Tra.png,Costières-de-Nîmes,Château de Campuget,"red fruit, tree fruit, citrus fruit, earth, microbio, vegetal, oak, floral, tropical fruit, spices, black fruit, non oak, dried fruit","Pork, Rich fish (salmon, tuna etc), Shellfish, Poultry","Shiraz/Syrah, Grenache, Mourvedre"
Carol Shelton Black Magic Late Harvest Zinfandel 2023,United States,21,3.9,images/Carol_Shelton_Black_Magic_Late_Harvest_Zinfandel_2.png,images/bottle_Carol_Shelton_Black_Magic_Late_Harvest_Zinf.png,Sonoma County,Carol Shelton,"oak, black fruit, dried fruit, red fruit, spices, earth, non oak, floral, microbio","Sweet desserts, Mild and soft cheese, Fruity desserts, Blue cheese",
Golan Heights Winery Yarden Muscat 2014,Israel,29.99,3.8,images/Golan_Heights_Winery_Yarden_Muscat_2014.png,images/bottle_Golan_Heights_Winery_Yarden_Muscat_2014.png,Galilee,Golan Heights Winery,"earth, tree fruit, citrus fruit, floral, oak, non oak, microbio, tropical fruit, spices, dried fruit, vegetal, red fruit, black fruit",,
San Simeon Wines Grenache Rosé 2023,United States,18.95,3.7,images/San_Simeon_Wines_Grenache_Ros_2023.png,images/bottle_San_Simeon_Wines_Grenache_Ros_2023.png,Paso Robles,San Simeon Wines,"red fruit, tree fruit, citrus fruit, earth, black fruit, oak, spices","Shellfish, Spicy food, Appetizers and snacks, Fruity desserts, Aperitif","Shiraz/Syrah, Cabernet Sauvignon, Pinot Noir, Sangiovese, Zinfandel, Barbera"
Bully Hill Sweet Walter Rosé,United States,10.99,4,images/Bully_Hill_Sweet_Walter_Ros.png,images/bottle_Bully_Hill_Sweet_Walter_Ros.png,New York,Bully Hill,"red fruit, tree fruit, black fruit, citrus fruit, earth",,
Amorotti Cerasuolo d'Abruzzo 2021,Italy,56,4.2,images/Amorotti_Cerasuolo_dAbruzzo_2021.jpg,,Cerasuolo d'Abruzzo,Amorotti,"red fruit, citrus fruit, earth, non oak, oak, black fruit, spices, microbio, tree fruit","Shellfish, Appetizers and snacks, Lean fish, Mild and soft cheese",Montepulciano
Golan Heights Winery Yarden Rosé 2023,Israel,32.99,3.8,images/Golan_Heights_Winery_Yarden_Ros_2023.png,images/bottle_Golan_Heights_Winery_Yarden_Ros_2023.png,Galilee,Golan Heights Winery,"citrus fruit, red fruit, tree fruit, non oak, floral, oak, spices, earth, microbio",,
Croteaux Jolie Cabernet Franc Rosé 2024,United States,38,4,images/Croteaux_Jolie_Cabernet_Franc_Ros_2024.png,images/bottle_Croteaux_Jolie_Cabernet_Franc_Ros_2024.png,Long Island,Croteaux,"red fruit, citrus fruit, tree fruit, spices, vegetal, earth, microbio","Shellfish, Spicy food, Mature and hard cheese, Appetizers and snacks, Lean fish, Cured Meat",
Château d'Esclans Rosé 2021,France,37,4.1,images/Chteau_dEsclans_Ros_2021.png,images/bottle_Chteau_dEsclans_Ros_2021.png,Côtes de Provence,Château d'Esclans,"red fruit, oak, citrus fruit, tree fruit, earth, spices, non oak, microbio, floral, vegetal, black fruit, tropical fruit, dried fruit","Pork, Shellfish, Vegetarian, Poultry","Shiraz/Syrah, Grenache, Cinsault"
Schloss Gobelsburg Cistercien Rosé 2023,Austria,22.99,4.1,images/Schloss_Gobelsburg_Cistercien_Ros_2023.png,images/bottle_Schloss_Gobelsburg_Cistercien_Ros_2023.png,Niederösterreich,Schloss Gobelsburg,"red fruit, citrus fruit, tree fruit, earth, spices, microbio, floral, vegetal, oak, tropical fruit, non oak, dried fruit, black fruit","Pork, Shellfish, Appetizers and snacks, Mild and soft cheese, Cured Meat",
Flowers Rosé 2019,United States,39.99,4.1,images/Flowers_Ros_2019.png,images/bottle_Flowers_Ros_2019.png,Sonoma Coast,Flowers,"red fruit, citrus fruit, tree fruit, earth, microbio, oak, vegetal, floral, tropical fruit, non oak, spices, black fruit, dried fruit","Shellfish, Spicy food, Appetizers and snacks, Fruity desserts, Aperitif","Shiraz/Syrah, Cabernet Sauvignon, Pinot Noir, Sangiovese, Zinfandel, Barbera"
Château Pajzos Esszencia 1993,Hungary,408,4.6,images/Chteau_Pajzos_Esszencia_1993.png,images/bottle_Chteau_Pajzos_Esszencia_1993.png,Tokaj,Château Pajzos,"dried fruit, earth, non oak, oak, black fruit, tree fruit, citrus fruit, microbio, tropical fruit, floral, spices, red fruit, vegetal",,
Ovum Pnk Salt Rosé 2022,United States,14,4,images/Ovum_Pnk_Salt_Ros_2022.png,images/bottle_Ovum_Pnk_Salt_Ros_2022.png,Columbia Gorge,Ovum,"earth, red fruit, citrus fruit, tropical fruit, tree fruit, spices",,
Mullineux Straw Wine 2021,South Africa,55.99,4.3,images/Mullineux_Straw_Wine_2021.png,images/bottle_Mullineux_Straw_Wine_2021.png,Swartland,Mullineux,"earth, tree fruit, citrus fruit, vegetal, dried fruit, non oak, oak, microbio, tropical fruit, spices, floral, red fruit, black fruit","Sweet desserts, Fruity desserts",
Coeur de Terre Vineyard Rustique Rosé 2024,United States,24,3.9,images/Coeur_de_Terre_Vineyard_Rustique_Ros_2024.jpg,,McMinnville,Coeur de Terre Vineyard,"red fruit, citrus fruit, vegetal, tropical fruit, tree fruit, earth, microbio, spices, floral, oak",,
Quixote Rosé of Petite Sirah 2024,United States,40,4.2,images/Quixote_Ros_of_Petite_Sirah_2024.jpg,,Stags Leap District,Quixote,"red fruit, earth, oak, spices, non oak, black fruit, tree fruit, microbio","Shellfish, Spicy food, Appetizers and snacks, Fruity desserts, Aperitif","Shiraz/Syrah, Cabernet Sauvignon, Pinot Noir, Sangiovese, Zinfandel, Barbera"
Château d'Esclans The Beach Whispering Angel Rosé 2023,France,15.99,3.7,images/Chteau_dEsclans_The_Beach_Whispering_Angel_Ros_202.png,images/bottle_Chteau_dEsclans_The_Beach_Whispering_Angel_.png,Provence,Château d'Esclans,"red fruit, tree fruit, citrus fruit, earth, microbio, tropical fruit, spices, vegetal, oak, floral, non oak, black fruit, dried fruit","Pork, Shellfish, Vegetarian, Poultry","Shiraz/Syrah, Grenache, Cinsault"
Quintarelli Giuseppe Recioto della Valpolicella Classico 1997,Italy,450,4.7,images/Quintarelli_Giuseppe_Recioto_della_Valpolicella_Cl.png,images/bottle_Quintarelli_Giuseppe_Recioto_della_Valpolic.png,Recioto della Valpolicella,Quintarelli Giuseppe,"oak, black fruit, non oak, dried fruit, red fruit, earth, spices, microbio, vegetal, tree fruit, floral, citrus fruit",,
Picchetti Mattie Rosé 2023,United States,32.95,3.9,images/Picchetti_Mattie_Ros_2023.jpg,,Central Coast,Picchetti,"citrus fruit, red fruit, tree fruit, black fruit, tropical fruit, vegetal, earth, microbio","Shellfish, Spicy food, Appetizers and snacks, Fruity desserts, Aperitif","Shiraz/Syrah, Cabernet Sauvignon, Pinot Noir, Sangiovese, Zinfandel, Barbera"
Relieve Pinot Noir - Malbec Rosé 2020,Mexico,20.69,3.8,images/Relieve_Pinot_Noir_Malbec_Ros_2020.jpg,,Valle de Guadalupe,Relieve,"red fruit, earth, microbio, tree fruit, citrus fruit, spices, oak",,
Château Liot Château du Levant Sauternes 2020,France,18.99,4,images/Chteau_Liot_Chteau_du_Levant_Sauternes_2020.png,images/bottle_Chteau_Liot_Chteau_du_Levant_Sauternes_2020.png,Sauternes,Château Liot,"earth, tree fruit, citrus fruit, oak, microbio, non oak, tropical fruit, spices, dried fruit, vegetal, red fruit, floral, black fruit","Fruity desserts, Blue cheese","Sauvignon Blanc, Sémillon, Muscadelle"
Domaines Ott Château Romassan Rosé (Coeur de Grain) 2023,France,59.99,4.1,images/Domaines_Ott_Chteau_Romassan_Ros_Coeur_de_Grain_20.png,images/bottle_Domaines_Ott_Chteau_Romassan_Ros_Coeur_de_G.png,Bandol,Domaines Ott,"tree fruit, citrus fruit, red fruit, earth, spices, microbio, oak, floral, non oak, tropical fruit, vegetal, black fruit, dried fruit","Pork, Shellfish, Vegetarian, Poultry","Shiraz/Syrah, Grenache, Cinsault"
Daniel Crochet Sancerre Rosé 2022,France,17,3.8,images/Daniel_Crochet_Sancerre_Ros_2022.png,images/bottle_Daniel_Crochet_Sancerre_Ros_2022.png,Sancerre,Daniel Crochet,"red fruit, citrus fruit, earth, tree fruit, floral, vegetal, microbio","Lamb, Rich fish (salmon, tuna etc), Poultry, Mild and soft cheese, Cured Meat",
Domaine du Cagueloup Bandol Rosé 2022,France,20,3.8,images/Domaine_du_Cagueloup_Bandol_Ros_2022.jpg,,Bandol,Domaine du Cagueloup,"citrus fruit, red fruit, tree fruit","Pork, Shellfish, Vegetarian, Poultry","Shiraz/Syrah, Grenache, Cinsault"
Laporte Les Grandmontains Sancerre Rosé 2023,France,29,3.8,images/Laporte_Les_Grandmontains_Sancerre_Ros_2023.png,images/bottle_Laporte_Les_Grandmontains_Sancerre_Ros_2023.png,Sancerre,Laporte,"red fruit, earth, black fruit, citrus fruit, tree fruit, spices, floral, microbio, non oak, oak","Lamb, Rich fish (salmon, tuna etc), Poultry, Mild and soft cheese, Cured Meat",
Sun Goddess Pinot Grigio Ramato 2021,Italy,19.99,3.9,images/Sun_Goddess_Pinot_Grigio_Ramato_2021.png,images/bottle_Sun_Goddess_Pinot_Grigio_Ramato_2021.png,Friuli,Sun Goddess,"tree fruit, citrus fruit, red fruit, earth, microbio, oak, tropical fruit, vegetal, spices, non oak, floral, black fruit, dried fruit","Shellfish, Mature and hard cheese, Appetizers and snacks, Lean fish, Mild and soft cheese, Cured Meat",
Château d'Esclans Les Clans Rosé 2022,France,64.99,4.3,images/Chteau_dEsclans_Les_Clans_Ros_2022.png,images/bottle_Chteau_dEsclans_Les_Clans_Ros_2022.png,Côtes de Provence,Château d'Esclans,"oak, red fruit, tree fruit, microbio, non oak, spices, citrus fruit, earth, floral, vegetal, black fruit, tropical fruit, dried fruit","Pork, Shellfish, Vegetarian, Poultry","Shiraz/Syrah, Grenache, Cinsault"
RUMOR Rosé 2021,France,21.99,4.3,images/RUMOR_Ros_2021.png,images/bottle_RUMOR_Ros_2021.png,Côtes de Provence,RUMOR,"red fruit, citrus fruit, tree fruit, spices, earth, floral","Pork, Shellfish, Vegetarian, Poultry","Shiraz/Syrah, Grenache, Cinsault"
Château la Rame Saint-Croix-du-Mont 2018,France,28,4.1,images/Chteau_la_Rame_Saint_Croix_du_Mont_2018.png,images/bottle_Chteau_la_Rame_Saint_Croix_du_Mont_2018.png,Saint-Croix-du-Mont,Château la Rame,"earth, tree fruit, citrus fruit, tropical fruit, oak, non oak, spices, dried fruit, microbio, floral, vegetal, black fruit, red fruit","Fruity desserts, Blue cheese","Sauvignon Blanc, Sémillon, Muscadelle, Sauvignon Gris"
Croteaux 3 Merlot Rosé 2024,United States,38,3.8,images/Croteaux_3_Merlot_Ros_2024.jpg,,Long Island,Croteaux,"citrus fruit, red fruit, earth, tree fruit, floral, vegetal, microbio, oak","Shellfish, Spicy food, Mature and hard cheese, Appetizers and snacks, Lean fish, Cured Meat",
Royal Tokaji Szt. Tamás Single Vineyard 6 Puttonyos Aszú 2013,Hungary,150,4.5,images/Royal_Tokaji_Szt_Tams_Single_Vineyard_6_Puttonyos_.png,images/bottle_Royal_Tokaji_Szt_Tams_Single_Vineyard_6_Put.png,Tokaj,Royal Tokaji,"earth, tree fruit, citrus fruit, dried fruit, non oak, oak, tropical fruit, spices, microbio, floral, vegetal","Sweet desserts, Blue cheese","Hárslevelű, Furmint"
Thibaud Boudignon Rosé de Loire 2020,France,20,3.9,images/Thibaud_Boudignon_Ros_de_Loire_2020.png,images/bottle_Thibaud_Boudignon_Ros_de_Loire_2020.png,Rosé de Loire,Thibaud Boudignon,"red fruit, earth, citrus fruit, tree fruit, spices, floral, vegetal, microbio, oak, black fruit, tropical fruit, non oak","Lamb, Rich fish (salmon, tuna etc), Poultry, Mild and soft cheese, Cured Meat",
Frog's Leap PINK (La Grenouille Rouganté) 2017,United States,20.99,4.1,images/Frogs_Leap_PINK_La_Grenouille_Rougant_2017.png,images/bottle_Frogs_Leap_PINK_La_Grenouille_Rougant_2017.png,Napa Valley,Frog's Leap,"red fruit, citrus fruit, tree fruit, earth, vegetal, microbio, oak, tropical fruit, spices, floral, non oak","Shellfish, Spicy food, Appetizers and snacks, Fruity desserts, Aperitif","Shiraz/Syrah, Cabernet Sauvignon, Pinot Noir, Sangiovese, Zinfandel, Barbera"
Hartford Court Rosé of Pinot Noir 2023,United States,31.99,4.1,images/Hartford_Court_Ros_of_Pinot_Noir_2023.png,images/bottle_Hartford_Court_Ros_of_Pinot_Noir_2023.png,Russian River Valley,Hartford Court,"red fruit, citrus fruit, tree fruit, vegetal, earth, oak","Shellfish, Spicy food, Appetizers and snacks, Fruity desserts, Aperitif","Shiraz/Syrah, Cabernet Sauvignon, Pinot Noir, Sangiovese, Zinfandel, Barbera"
Jezreel Rose 2019,Israel,21.99,3.7,images/Jezreel_Rose_2019.png,images/bottle_Jezreel_Rose_2019.png,Lower Galilee,Jezreel,"red fruit, citrus fruit, oak, spices, black fruit, tree fruit, microbio, earth, non oak",,
Paradise Springs Pink Ash Rosé 2023,United States,35,3.9,images/Paradise_Springs_Pink_Ash_Ros_2023.jpg,,Santa Barbara County,Paradise Springs,"red fruit, earth, black fruit, tree fruit, oak","Shellfish, Spicy food, Appetizers and snacks, Fruity desserts, Aperitif","Shiraz/Syrah, Cabernet Sauvignon, Pinot Noir, Sangiovese, Zinfandel, Barbera"
Chateau Ste. Michelle Rosé 2023,United States,10.99,3.7,images/Chateau_Ste_Michelle_Ros_2023.png,images/bottle_Chateau_Ste_Michelle_Ros_2023.png,Yakima Valley,Chateau Ste. Michelle,"red fruit, citrus fruit, tree fruit, earth, microbio, floral, tropical fruit, oak, spices, non oak, vegetal, black fruit, dried fruit","Shellfish, Spicy food, Mature and hard cheese, Appetizers and snacks, Lean fish, Cured Meat",
Disznókó Tokaji Aszú 6 Puttonyos 2016,Hungary,75,4.4,images/Disznk_Tokaji_Asz_6_Puttonyos_2016.png,images/bottle_Disznk_Tokaji_Asz_6_Puttonyos_2016.png,Tokaj,Disznókó,"earth, tree fruit, oak, citrus fruit, non oak, dried fruit, microbio, spices, tropical fruit, vegetal, floral, red fruit, black fruit","Sweet desserts, Blue cheese","Hárslevelű, Furmint"
Domaines Ott By.Ott Bandol Rosé 2023,France,27,4.1,images/Domaines_Ott_ByOtt_Bandol_Ros_2023.jpg,,Bandol,Domaines Ott,"tree fruit, spices, non oak, oak","Pork, Shellfish, Vegetarian, Poultry","Shiraz/Syrah, Grenache, Cinsault"
Lachini Vineyards Rosé of Pinot Noir 2024,United States,32,3.9,images/Lachini_Vineyards_Ros_of_Pinot_Noir_2024.jpg,,Willamette Valley,Lachini Vineyards,"red fruit, tree fruit, earth, non oak",,Pinot Noir
Bluemont The Donkey Rosé 2022,United States,32,3.5,images/Bluemont_The_Donkey_Ros_2022.jpg,,Virginia,Bluemont,"red fruit, tree fruit, microbio, tropical fruit","Rich fish (salmon, tuna etc)",
La Roche Buissière Rosé 2021,France,22.99,3.9,images/La_Roche_Buissire_Ros_2021.jpg,,Côtes-du-Rhône,La Roche Buissière,"red fruit, citrus fruit, earth, tree fruit, spices, vegetal, microbio","Pork, Rich fish (salmon, tuna etc), Shellfish, Poultry","Shiraz/Syrah, Grenache, Mourvedre"
Chêne Bleu Rosé 2022,France,34,4.1,images/Chne_Bleu_Ros_2022.png,images/bottle_Chne_Bleu_Ros_2022.png,Vaucluse,Chêne Bleu,"red fruit, citrus fruit, tree fruit, earth, microbio, tropical fruit, spices, oak, vegetal, floral, non oak, dried fruit, black fruit","Shellfish, Appetizers and snacks, Lean fish, Aperitif",
Domaine de la Patience From the Tank Coteaux du Pont du Gard Rosé 2023,France,14.99,3.7,images/Domaine_de_la_Patience_From_the_Tank_Coteaux_du_Po.jpg,,Coteaux du Pont du Gard,Domaine de la Patience,"red fruit, tree fruit, citrus fruit, earth, tropical fruit, microbio, black fruit","Pasta, Vegetarian, Appetizers and snacks, Lean fish, Aperitif","Shiraz/Syrah, Grenache, Mourvedre"
San Gregorio Tres Ojos Rosado 2024,Spain,11.98,3.5,images/San_Gregorio_Tres_Ojos_Rosado_2024.png,images/bottle_San_Gregorio_Tres_Ojos_Rosado_2024.png,Calatayud,San Gregorio,"red fruit, citrus fruit, black fruit, vegetal, earth, non oak, oak, tree fruit, spices, floral, microbio","Pork, Rich fish (salmon, tuna etc), Shellfish, Vegetarian, Poultry, Aperitif",
Château Suduiraut Castelnau de Suduiraut Sauternes 2022,France,28,4.1,images/Chteau_Suduiraut_Castelnau_de_Suduiraut_Sauternes_.png,images/bottle_Chteau_Suduiraut_Castelnau_de_Suduiraut_Sau.png,Sauternes,Château Suduiraut,"earth, tree fruit, citrus fruit, oak, non oak, microbio, tropical fruit, dried fruit, spices, vegetal, floral, black fruit, red fruit","Fruity desserts, Blue cheese","Sauvignon Blanc, Sémillon, Muscadelle"
Domaine Arnaud et Sophie Bourgogne Passetoutgrains 2023,France,29.99,3.7,images/Domaine_Arnaud_et_Sophie_Bourgogne_Passetoutgrains.png,images/bottle_Domaine_Arnaud_et_Sophie_Bourgogne_Passetou.png,Bourgogne Passe-tout-grains,Domaine Arnaud et Sophie,"red fruit, earth, non oak, citrus fruit, vegetal, spices, oak, black fruit, floral, microbio","Rich fish (salmon, tuna etc), Shellfish, Vegetarian, Lean fish, Mild and soft cheese",
Viña Emiliana Blá Blá Rosado 2023,Mexico,26.09,3.7,images/Via_Emiliana_Bl_Bl_Rosado_2023.png,images/bottle_Via_Emiliana_Bl_Bl_Rosado_2023.png,Valle de Guadalupe,Viña Emiliana,"red fruit, citrus fruit",,
La Primavera Eleven 2024,United States,28,3.6,images/La_Primavera_Eleven_2024.jpg,,Washington,La Primavera,"red fruit, tree fruit, citrus fruit, spices, earth, microbio, non oak, oak","Shellfish, Spicy food, Mature and hard cheese, Appetizers and snacks, Lean fish, Cured Meat",
Tenuta San Vito Malmantico Vin Santo del Chianti 2016,Italy,44.99,4,images/Tenuta_San_Vito_Malmantico_Vin_Santo_del_Chianti_2.png,images/bottle_Tenuta_San_Vito_Malmantico_Vin_Santo_del_Ch.png,Vin Santo del Chianti,Tenuta San Vito,"earth, non oak, oak, dried fruit, microbio","Sweet desserts, Blue cheese","Sangiovese, Grechetto, Malvasia Bianca Lunga, Trebbiano Toscano"
Côté Mas Aurore Rosé 2024,France,13.99,3.6,images/Ct_Mas_Aurore_Ros_2024.png,images/bottle_Ct_Mas_Aurore_Ros_2024.png,Pays d'Oc,Côté Mas,"red fruit, tree fruit, earth, citrus fruit, spices, microbio, tropical fruit, floral, oak, non oak, vegetal, black fruit","Pasta, Vegetarian, Appetizers and snacks, Lean fish, Aperitif","Shiraz/Syrah, Grenache, Mourvedre"
Chalk Hill Estate Vineyard Selection Botrytised Sémillon 1986,United States,45,4.2,images/Chalk_Hill_Estate_Vineyard_Selection_Botrytised_Sm.png,images/bottle_Chalk_Hill_Estate_Vineyard_Selection_Botryt.png,Chalk Hill,Chalk Hill,"tree fruit, earth, citrus fruit, tropical fruit, non oak, vegetal, microbio, oak, spices","Sweet desserts, Mild and soft cheese, Fruity desserts, Blue cheese",
Philippe Foreau Vouvray Moelleux 2015,France,78.99,4.2,images/Philippe_Foreau_Vouvray_Moelleux_2015.png,images/bottle_Philippe_Foreau_Vouvray_Moelleux_2015.png,Vouvray,Philippe Foreau,"earth, tree fruit, citrus fruit, oak, microbio, non oak, spices, tropical fruit, vegetal, dried fruit, black fruit, red fruit, floral","Mature and hard cheese, Fruity desserts, Blue cheese",Chenin Blanc
Christian Tschida Himmel Auf Erden Rosé 2022,Austria,44,4.1,images/Christian_Tschida_Himmel_Auf_Erden_Ros_2022.png,images/bottle_Christian_Tschida_Himmel_Auf_Erden_Ros_2022.png,Neusiedlersee,Christian Tschida,"red fruit, earth, citrus fruit, vegetal, microbio, spices, tree fruit, oak, floral, non oak, black fruit, tropical fruit, dried fruit","Pork, Shellfish, Appetizers and snacks, Mild and soft cheese, Cured Meat",
Château des Sarrins Côtes de Provence Rosé 2017,France,14.99,3.9,images/Chteau_des_Sarrins_Ctes_de_Provence_Ros_2017.png,images/bottle_Chteau_des_Sarrins_Ctes_de_Provence_Ros_201.png,Côtes de Provence,Château des Sarrins,"red fruit, earth, citrus fruit, oak, spices, non oak, tree fruit, black fruit, floral, vegetal","Pork, Shellfish, Vegetarian, Poultry","Shiraz/Syrah, Grenache, Cinsault"
Endless Weekend French Rosé 2021,France,13.98,3.8,images/Endless_Weekend_French_Ros_2021.jpg,,Pays d'Oc,Endless Weekend,"red fruit, citrus fruit, microbio","Pasta, Vegetarian, Appetizers and snacks, Lean fish, Aperitif","Shiraz/Syrah, Grenache, Mourvedre"
Hafner Rosé 2024,United States,21,3.9,images/Hafner_Ros_2024.png,images/bottle_Hafner_Ros_2024.png,Alexander Valley,Hafner,"red fruit, citrus fruit","Shellfish, Spicy food, Appetizers and snacks, Fruity desserts, Aperitif","Shiraz/Syrah, Cabernet Sauvignon, Pinot Noir, Sangiovese, Zinfandel, Barbera"
Kanonkop Kadette Pinotage Rosé 2024,South Africa,16.99,3.8,images/Kanonkop_Kadette_Pinotage_Ros_2024.png,images/bottle_Kanonkop_Kadette_Pinotage_Ros_2024.png,Coastal Region,Kanonkop,"red fruit, tree fruit, microbio, citrus fruit, oak, non oak, spices, tropical fruit, earth, black fruit, floral, vegetal, dried fruit","Rich fish (salmon, tuna etc), Shellfish, Appetizers and snacks, Lean fish",
Bargemone Commanderie de la Bargemone Rosé 2023,France,18.99,4,images/Bargemone_Commanderie_de_la_Bargemone_Ros_2023.png,images/bottle_Bargemone_Commanderie_de_la_Bargemone_Ros_2.png,Coteaux d'Aix-en-Provence,Bargemone,"red fruit, citrus fruit, tree fruit, earth, microbio, vegetal, floral, spices, tropical fruit, oak, non oak, dried fruit, black fruit","Pork, Shellfish, Vegetarian, Poultry","Shiraz/Syrah, Grenache, Cinsault"
Château Lamothe Guignard Sauternes (Grand Cru Classé) 2001,France,31,4.1,images/Chteau_Lamothe_Guignard_Sauternes_Grand_Cru_Class_.png,images/bottle_Chteau_Lamothe_Guignard_Sauternes_Grand_Cru.png,Sauternes,Château Lamothe Guignard,"earth, tree fruit, non oak, oak, citrus fruit, microbio, dried fruit, tropical fruit, spices, vegetal, floral, black fruit, red fruit","Fruity desserts, Blue cheese","Sauvignon Blanc, Sémillon, Muscadelle"
Domaine de Sulauze Pomponette Coteaux d'Aix-en-Provence Rosé 2024,France,16.99,4.1,images/Domaine_de_Sulauze_Pomponette_Coteaux_dAix_en_Prov.png,images/bottle_Domaine_de_Sulauze_Pomponette_Coteaux_dAix_.png,Coteaux d'Aix-en-Provence,Domaine de Sulauze,"red fruit, earth, citrus fruit, tree fruit, floral, spices, oak, vegetal, microbio, tropical fruit, non oak, black fruit, dried fruit","Pork, Shellfish, Vegetarian, Poultry","Shiraz/Syrah, Grenache, Cinsault"
Guerrieri Rizzardi Keya Rosé 2022,Italy,10,4.1,images/Guerrieri_Rizzardi_Keya_Ros_2022.png,images/bottle_Guerrieri_Rizzardi_Keya_Ros_2022.png,Bardolino Classico,Guerrieri Rizzardi,"red fruit, earth, citrus fruit, black fruit, vegetal, microbio","Shellfish, Mature and hard cheese, Appetizers and snacks, Lean fish, Mild and soft cheese, Cured Meat",
Clos Saint Michel Domaine Guy Mousset Côtes du Rhône Rosé 2023,France,15.97,3.8,images/Clos_Saint_Michel_Domaine_Guy_Mousset_Ctes_du_Rhne.png,images/bottle_Clos_Saint_Michel_Domaine_Guy_Mousset_Ctes_.png,Côtes-du-Rhône,Clos Saint Michel,"red fruit, earth, citrus fruit, oak, tree fruit, spices, non oak, black fruit, microbio, floral, vegetal, tropical fruit, dried fruit","Pork, Rich fish (salmon, tuna etc), Shellfish, Poultry","Shiraz/Syrah, Grenache, Mourvedre"
Rôtie Mourvèdre Rosé 2024,United States,22,4.1,images/Rtie_Mourvdre_Ros_2024.jpg,,Washington,Rôtie,"citrus fruit, tree fruit, red fruit, earth, microbio, tropical fruit, vegetal, non oak, oak","Shellfish, Spicy food, Mature and hard cheese, Appetizers and snacks, Lean fish, Cured Meat",
Troupis Winery Hoof & Lur Moschofilero 2023,Greece,27.99,3.9,images/Troupis_Winery_Hoof_Lur_Moschofilero_2023.png,images/bottle_Troupis_Winery_Hoof_Lur_Moschofilero_2023.png,Peloponnesos,Troupis Winery,"citrus fruit, tree fruit, earth, floral, red fruit, tropical fruit, microbio, spices, vegetal, oak, non oak, dried fruit, black fruit",,
Monte Xanic Grenache Rosé 2023,Mexico,17.09,3.8,images/Monte_Xanic_Grenache_Ros_2023.png,images/bottle_Monte_Xanic_Grenache_Ros_2023.png,Valle de Guadalupe,Monte Xanic,"red fruit, citrus fruit, tree fruit, spices, non oak, oak, floral, earth, microbio, tropical fruit, vegetal, black fruit",,
Umathum Rosa 2023,Austria,25.99,3.8,images/Umathum_Rosa_2023.png,images/bottle_Umathum_Rosa_2023.png,Burgenland,Umathum,"red fruit, earth, citrus fruit, tree fruit, spices, microbio, oak, vegetal, floral, non oak, black fruit, tropical fruit, dried fruit","Pork, Shellfish, Appetizers and snacks, Mild and soft cheese, Cured Meat",
Nervi Il Rosato 2023,Italy,32.99,4,images/Nervi_Il_Rosato_2023.png,images/bottle_Nervi_Il_Rosato_2023.png,Piemonte,Nervi,"red fruit, tree fruit, citrus fruit, earth, floral, microbio, vegetal, oak, non oak, spices, tropical fruit","Shellfish, Mature and hard cheese, Appetizers and snacks, Lean fish, Mild and soft cheese, Cured Meat",
Girasole Rosé 2024,United States,14.99,3.8,images/Girasole_Ros_2024.png,images/bottle_Girasole_Ros_2024.png,Mendocino County,Girasole,"red fruit, tree fruit, citrus fruit, microbio, vegetal, earth, non oak, oak","Shellfish, Spicy food, Appetizers and snacks, Fruity desserts, Aperitif","Shiraz/Syrah, Cabernet Sauvignon, Pinot Noir, Sangiovese, Zinfandel, Barbera"
Albert Boxler Vendanges Tardives Gewürztraminer 2015,France,69.99,4.3,images/Albert_Boxler_Vendanges_Tardives_Gewrztraminer_201.jpg,,Alsace,Albert Boxler,"earth, tropical fruit, black fruit, citrus fruit, spices, floral, microbio, non oak, oak","Mature and hard cheese, Fruity desserts, Blue cheese",Gewürztraminer
Vinisterra Dominó Rosado 2020,Mexico,17.09,3.6,images/Vinisterra_Domin_Rosado_2020.jpg,,Baja California,Vinisterra,"red fruit, tree fruit",,
Protea Dry Rosé 2024,South Africa,12.99,3.8,images/Protea_Dry_Ros_2024.png,images/bottle_Protea_Dry_Ros_2024.png,Swartland,Protea,"red fruit, tree fruit, citrus fruit, earth, microbio, oak, spices, vegetal, black fruit, tropical fruit, floral, non oak","Rich fish (salmon, tuna etc), Shellfish, Appetizers and snacks, Lean fish",
Donum Single Vineyard Pinot Noir Rosé 2024,United States,50,4.4,images/Donum_Single_Vineyard_Pinot_Noir_Ros_2024.png,images/bottle_Donum_Single_Vineyard_Pinot_Noir_Ros_2024.png,Los Carneros,Donum,"red fruit, earth, tree fruit, citrus fruit, floral, vegetal, microbio, non oak, oak","Shellfish, Spicy food, Appetizers and snacks, Fruity desserts, Aperitif","Shiraz/Syrah, Cabernet Sauvignon, Pinot Noir, Sangiovese, Zinfandel, Barbera"
Ameztoi Rubentis 2023,Spain,25,4,images/Ameztoi_Rubentis_2023.png,images/bottle_Ameztoi_Rubentis_2023.png,Getariako Txakolina,Ameztoi,"red fruit, citrus fruit, earth, tree fruit, spices, vegetal, microbio, floral, tropical fruit, oak, non oak, black fruit, dried fruit","Pork, Rich fish (salmon, tuna etc), Shellfish, Vegetarian, Poultry, Aperitif",
Croteaux 314 Merlot Rosé 2024,United States,38,3.9,images/Croteaux_314_Merlot_Ros_2024.png,images/bottle_Croteaux_314_Merlot_Ros_2024.png,Long Island,Croteaux,"red fruit, floral, tree fruit, citrus fruit, spices, vegetal, earth","Shellfish, Spicy food, Mature and hard cheese, Appetizers and snacks, Lean fish, Cured Meat",
Buller Wines Premium Fine Tokay,Australia,17.49,3.5,images/Buller_Wines_Premium_Fine_Tokay.png,images/bottle_Buller_Wines_Premium_Fine_Tokay.png,Victoria,Buller Wines,"oak, non oak, dried fruit, microbio, earth, black fruit, tree fruit, citrus fruit, spices, red fruit, floral, vegetal","Sweet desserts, Fruity desserts, Blue cheese",
Château Roubine La Vie en Rose 2023,France,14.99,3.8,images/Chteau_Roubine_La_Vie_en_Rose_2023.png,images/bottle_Chteau_Roubine_La_Vie_en_Rose_2023.png,Côtes de Provence,Château Roubine,"red fruit, tree fruit, citrus fruit, earth, microbio, oak, spices, vegetal, floral, non oak, tropical fruit, black fruit, dried fruit","Pork, Shellfish, Vegetarian, Poultry","Shiraz/Syrah, Grenache, Cinsault"
Obelisco Estate Cabernet Rosé 2023,United States,40,3.7,images/Obelisco_Estate_Cabernet_Ros_2023.jpg,,Red Mountain,Obelisco Estate,"red fruit, microbio, citrus fruit, oak, tree fruit, spices, earth, non oak","Shellfish, Spicy food, Mature and hard cheese, Appetizers and snacks, Lean fish, Cured Meat",
Wölffer Estate Summer In A Bottle Long Island Rosé 2024,United States,21.99,4.1,images/Wlffer_Estate_Summer_In_A_Bottle_Long_Island_Ros_2.png,images/bottle_Wlffer_Estate_Summer_In_A_Bottle_Long_Islan.png,Long Island,Wölffer Estate,"red fruit, tree fruit, citrus fruit, earth, microbio, tropical fruit, floral, vegetal, oak, spices, non oak, dried fruit, black fruit","Shellfish, Spicy food, Mature and hard cheese, Appetizers and snacks, Lean fish, Cured Meat",
Seehof Pinot Noir Rosé Trocken 2020,Germany,23,3.8,images/Seehof_Pinot_Noir_Ros_Trocken_2020.png,images/bottle_Seehof_Pinot_Noir_Ros_Trocken_2020.png,Rheinhessen,Seehof,"citrus fruit, red fruit, tree fruit, earth, microbio, vegetal, tropical fruit","Shellfish, Poultry, Appetizers and snacks, Mild and soft cheese",Pinot Noir
Il Ciliegio Vin Santo del Chianti 1999,Italy,115,4,images/Il_Ciliegio_Vin_Santo_del_Chianti_1999.jpg,,Vin Santo del Chianti,Il Ciliegio,"dried fruit, floral, earth, microbio, non oak, vegetal, oak, black fruit, tree fruit","Sweet desserts, Blue cheese","Sangiovese, Grechetto, Malvasia Bianca Lunga, Trebbiano Toscano"
Château Bastor-Lamontagne Sauternes 1989,France,96,4.3,images/Chteau_Bastor_Lamontagne_Sauternes_1989.png,images/bottle_Chteau_Bastor_Lamontagne_Sauternes_1989.png,Sauternes,Château Bastor-Lamontagne,"earth, tree fruit, oak, citrus fruit, non oak, microbio, tropical fruit, dried fruit, spices, floral, vegetal, red fruit, black fruit","Fruity desserts, Blue cheese","Sauvignon Blanc, Sémillon, Muscadelle"
Château Gigery Côtes de Provence 2023,France,19.97,4,images/Chteau_Gigery_Ctes_de_Provence_2023.png,images/bottle_Chteau_Gigery_Ctes_de_Provence_2023.png,Côtes de Provence,Château Gigery,"red fruit, tree fruit, citrus fruit, earth, floral, microbio, vegetal, non oak, oak, dried fruit, spices","Pork, Shellfish, Vegetarian, Poultry","Shiraz/Syrah, Grenache, Cinsault"
Campo Viejo Rosado 2020,Spain,11.99,3.7,images/Campo_Viejo_Rosado_2020.png,images/bottle_Campo_Viejo_Rosado_2020.png,Rioja,Campo Viejo,"red fruit, oak, spices, non oak, black fruit, earth, microbio, dried fruit, citrus fruit, tropical fruit, tree fruit, vegetal","Spicy food, Poultry, Appetizers and snacks",Grenache
Tenuta De Sterlich Cerasuolo d'Abruzzo 2021,Italy,20.99,4.1,images/Tenuta_De_Sterlich_Cerasuolo_dAbruzzo_2021.jpg,,Cerasuolo d'Abruzzo,Tenuta De Sterlich,,"Shellfish, Appetizers and snacks, Lean fish, Mild and soft cheese",Montepulciano
Netofa Latour Rosado 2019,Israel,26.99,3.7,images/Netofa_Latour_Rosado_2019.png,images/bottle_Netofa_Latour_Rosado_2019.png,Galilee,Netofa,"red fruit, citrus fruit, tree fruit, earth, oak, spices, vegetal, microbio",,
Unparalleled Cuvée Rosé 2017,France,15.99,4,images/Unparalleled_Cuve_Ros_2017.png,images/bottle_Unparalleled_Cuve_Ros_2017.png,Coteaux Varois en Provence,Unparalleled,"citrus fruit, tree fruit, red fruit, earth, microbio, tropical fruit, floral, vegetal, non oak, oak","Pork, Shellfish, Vegetarian, Poultry","Shiraz/Syrah, Grenache, Cinsault"
Domaine Corne-Loup Tavel Rosé 2022,France,23.99,3.7,images/Domaine_Corne_Loup_Tavel_Ros_2022.png,images/bottle_Domaine_Corne_Loup_Tavel_Ros_2022.png,Tavel,Domaine Corne-Loup,"red fruit, earth, citrus fruit, microbio, black fruit, oak, non oak, spices, vegetal, tropical fruit, dried fruit, floral, tree fruit","Pork, Rich fish (salmon, tuna etc), Shellfish, Poultry","Shiraz/Syrah, Grenache, Mourvedre"
Château La Roche Saint Jean Bordeaux Rosé 2023,France,13.99,4,images/Chteau_La_Roche_Saint_Jean_Bordeaux_Ros_2023.png,images/bottle_Chteau_La_Roche_Saint_Jean_Bordeaux_Ros_202.png,Bordeaux,Château La Roche Saint Jean,"red fruit, tree fruit, citrus fruit","Shellfish, Vegetarian, Poultry, Appetizers and snacks, Lean fish, Aperitif","Cabernet Sauvignon, Cabernet Franc, Malbec, Merlot, Petit Verdot, Carménère"
Ridge Vineyards Dusi Ranch Paso Robles Zinfandel Late Harvest 1978,United States,365,4.2,images/Ridge_Vineyards_Dusi_Ranch_Paso_Robles_Zinfandel_L.png,images/bottle_Ridge_Vineyards_Dusi_Ranch_Paso_Robles_Zinf.png,Paso Robles,Ridge Vineyards,"black fruit, dried fruit, red fruit, microbio","Sweet desserts, Mild and soft cheese, Fruity desserts, Blue cheese",
Potomac Point La Belle Vie Rosé 2023,United States,22,3.4,images/Potomac_Point_La_Belle_Vie_Ros_2023.jpg,,Virginia,Potomac Point,"red fruit, citrus fruit, tree fruit, microbio, oak, tropical fruit, vegetal","Rich fish (salmon, tuna etc)",
Château d'Aqueria Tavel Rosé 2024,France,21.99,3.9,images/Chteau_dAqueria_Tavel_Ros_2024.png,images/bottle_Chteau_dAqueria_Tavel_Ros_2024.png,Tavel,Château d'Aqueria,"red fruit, earth, citrus fruit, spices, tree fruit, microbio, oak, floral, vegetal, non oak, black fruit, tropical fruit, dried fruit","Pork, Rich fish (salmon, tuna etc), Shellfish, Poultry","Shiraz/Syrah, Grenache, Mourvedre"
Herzog Late Harvest Chenin Blanc 2016,United States,24.99,3.8,images/Herzog_Late_Harvest_Chenin_Blanc_2016.png,images/bottle_Herzog_Late_Harvest_Chenin_Blanc_2016.png,Clarksburg,Herzog,"tree fruit, earth, oak, tropical fruit, citrus fruit, microbio, spices, red fruit, black fruit, floral, vegetal, non oak, dried fruit","Sweet desserts, Mild and soft cheese, Fruity desserts, Blue cheese",
Château Laribotte Sauternes 2022,France,28,4.2,images/Chteau_Laribotte_Sauternes_2022.png,images/bottle_Chteau_Laribotte_Sauternes_2022.png,Sauternes,Château Laribotte,"earth, tree fruit, citrus fruit, oak, microbio, tropical fruit, non oak, spices, dried fruit, floral, vegetal, red fruit, black fruit","Fruity desserts, Blue cheese","Sauvignon Blanc, Sémillon, Muscadelle"
Quinta da Lixa Sol Real Rosé 2024,Portugal,13,4.1,images/Quinta_da_Lixa_Sol_Real_Ros_2024.png,images/bottle_Quinta_da_Lixa_Sol_Real_Ros_2024.png,Vinho Verde,Quinta da Lixa,"red fruit, tree fruit, citrus fruit, vegetal, earth, microbio","Shellfish, Appetizers and snacks, Cured Meat",
Tournesol Napa Valley Rosé 2023,United States,43,4.2,images/Tournesol_Napa_Valley_Ros_2023.jpg,,Napa Valley,Tournesol,"red fruit, oak, citrus fruit, spices, microbio, tree fruit, floral, earth, non oak","Shellfish, Spicy food, Appetizers and snacks, Fruity desserts, Aperitif","Shiraz/Syrah, Cabernet Sauvignon, Pinot Noir, Sangiovese, Zinfandel, Barbera"
Château Léoube Secret de Léoube Rosé 2022,France,49.99,4.2,images/Chteau_Loube_Secret_de_Loube_Ros_2022.png,images/bottle_Chteau_Loube_Secret_de_Loube_Ros_2022.png,Côtes de Provence,Château Léoube,"red fruit, tree fruit, citrus fruit, earth, spices, microbio, non oak, floral, oak, black fruit, vegetal","Pork, Shellfish, Vegetarian, Poultry","Shiraz/Syrah, Grenache, Cinsault"
Château Doisy-Daëne L'Extravagant de Doisy-Daëne Sauternes 2010,France,295,4.5,images/Chteau_Doisy_Dane_LExtravagant_de_Doisy_Dane_Saute.png,images/bottle_Chteau_Doisy_Dane_LExtravagant_de_Doisy_Dan.png,Sauternes,Château Doisy-Daëne,"earth, oak, tree fruit, citrus fruit, non oak, tropical fruit, microbio, spices, dried fruit, floral, vegetal, black fruit","Fruity desserts, Blue cheese","Sauvignon Blanc, Sémillon, Muscadelle"
Dolce Dolce (Late Harvest) 2018,United States,59.99,4.4,images/Dolce_Dolce_Late_Harvest_2018.png,images/bottle_Dolce_Dolce_Late_Harvest_2018.png,Napa Valley,Dolce,"earth, tree fruit, oak, non oak, microbio, citrus fruit, spices, tropical fruit, floral, dried fruit, vegetal, red fruit, black fruit","Sweet desserts, Mild and soft cheese, Fruity desserts, Blue cheese",
Florian Mollet - Domaine Roc de L'Abbaye Sancerre Rosé 2024,France,32.99,3.8,images/Florian_Mollet_Domaine_Roc_de_LAbbaye_Sancerre_Ros.png,images/bottle_Florian_Mollet_Domaine_Roc_de_LAbbaye_Sance.png,Sancerre,Florian Mollet - Domaine Roc de L'Abbaye,,"Lamb, Rich fish (salmon, tuna etc), Poultry, Mild and soft cheese, Cured Meat",
Chloe Rosé 2022,United States,12.99,3.5,images/Chloe_Ros_2022.png,images/bottle_Chloe_Ros_2022.png,Monterey County,Chloe,"red fruit, tree fruit, citrus fruit, earth, microbio, oak, floral, black fruit, spices, non oak, vegetal, tropical fruit, dried fruit","Shellfish, Spicy food, Appetizers and snacks, Fruity desserts, Aperitif","Shiraz/Syrah, Cabernet Sauvignon, Pinot Noir, Sangiovese, Zinfandel, Barbera"
Torre Mora Scalunera Etna Rosato 2024,Italy,25,4.1,images/Torre_Mora_Scalunera_Etna_Rosato_2024.png,images/bottle_Torre_Mora_Scalunera_Etna_Rosato_2024.png,Etna,Torre Mora,"red fruit, earth, citrus fruit, tree fruit, tropical fruit, spices, oak, floral, microbio, non oak, black fruit, vegetal, dried fruit","Rich fish (salmon, tuna etc), Shellfish, Appetizers and snacks, Goat's Milk Cheese",
Fleur de Mer Rosé 2023,France,17.99,4,images/Fleur_de_Mer_Ros_2023.png,images/bottle_Fleur_de_Mer_Ros_2023.png,Côtes de Provence,Fleur de Mer,"red fruit, citrus fruit, tree fruit, earth, floral, microbio, vegetal, oak, tropical fruit, spices, non oak, black fruit, dried fruit","Pork, Shellfish, Vegetarian, Poultry","Shiraz/Syrah, Grenache, Cinsault"
Saint Mitre Cuvée M Rosé 2021,France,12.99,4,images/Saint_Mitre_Cuve_M_Ros_2021.png,images/bottle_Saint_Mitre_Cuve_M_Ros_2021.png,Coteaux Varois en Provence,Saint Mitre,"red fruit, citrus fruit, tree fruit, earth, microbio, tropical fruit, spices, oak, non oak, floral, vegetal","Pork, Shellfish, Vegetarian, Poultry","Shiraz/Syrah, Grenache, Cinsault"
Vins Bréban Winter en Provence First Press Rosé de Provence 2021,France,21.99,3.8,images/Vins_Brban_Winter_en_Provence_First_Press_Ros_de_P.png,images/bottle_Vins_Brban_Winter_en_Provence_First_Press_R.png,Provence,Vins Bréban,"red fruit, citrus fruit, tree fruit, earth, tropical fruit, microbio, floral, vegetal, spices, non oak, oak","Pork, Shellfish, Vegetarian, Poultry","Shiraz/Syrah, Grenache, Cinsault"
Peyrassol Le Clos Peyrassol Côtes de Provence Rosé 2022,France,74.99,4.1,images/Peyrassol_Le_Clos_Peyrassol_Ctes_de_Provence_Ros_2.png,images/bottle_Peyrassol_Le_Clos_Peyrassol_Ctes_de_Provenc.png,Côtes de Provence,Peyrassol,"red fruit, tree fruit, earth, microbio, citrus fruit, oak, spices, floral, vegetal, non oak, black fruit, tropical fruit","Pork, Shellfish, Vegetarian, Poultry","Shiraz/Syrah, Grenache, Cinsault"
L'Ostal Cazes Rosé 2024,France,13.99,3.8,images/LOstal_Cazes_Ros_2024.png,images/bottle_LOstal_Cazes_Ros_2024.png,Pays d'Oc,L'Ostal Cazes,"red fruit, citrus fruit, tree fruit, earth, microbio, tropical fruit, spices, floral, vegetal, oak, non oak, black fruit, dried fruit","Pasta, Vegetarian, Appetizers and snacks, Lean fish, Aperitif","Shiraz/Syrah, Grenache, Mourvedre"
M. Chapoutier Belleruche Côtes du Rhône Rosé 2023,France,15,3.8,images/M_Chapoutier_Belleruche_Ctes_du_Rhne_Ros_2023.png,images/bottle_M_Chapoutier_Belleruche_Ctes_du_Rhne_Ros_20.png,Côtes-du-Rhône,M. Chapoutier,"red fruit, citrus fruit, earth, tree fruit, spices, oak, microbio, vegetal, floral, non oak, tropical fruit, black fruit, dried fruit","Pork, Rich fish (salmon, tuna etc), Shellfish, Poultry","Shiraz/Syrah, Grenache, Mourvedre"
La Mascaronne Provence Rosé 2023,France,14.99,4,images/La_Mascaronne_Provence_Ros_2023.png,images/bottle_La_Mascaronne_Provence_Ros_2023.png,Côtes de Provence,La Mascaronne,"red fruit, tree fruit, citrus fruit, earth, microbio, spices, oak, non oak, tropical fruit, floral, vegetal, black fruit","Pork, Shellfish, Vegetarian, Poultry","Shiraz/Syrah, Grenache, Cinsault"
Abbazia di Novacella (Stiftskellerei Neustift) Praepositus Moscato Rosa 2017,Italy,69.99,3.9,images/Abbazia_di_Novacella_Stiftskellerei_Neustift_Praep.png,images/bottle_Abbazia_di_Novacella_Stiftskellerei_Neustif.png,Südtirol - Alto Adige,Abbazia di Novacella (Stiftskellerei Neustift),"red fruit, non oak, dried fruit, tree fruit, floral, oak, black fruit, earth, tropical fruit, citrus fruit, microbio",,
Firriato Le Sabbie dell’Etna Rosato 2021,Italy,25.99,3.7,images/Firriato_Le_Sabbie_dellEtna_Rosato_2021.png,images/bottle_Firriato_Le_Sabbie_dellEtna_Rosato_2021.png,Etna,Firriato,"red fruit, tree fruit, earth, microbio","Rich fish (salmon, tuna etc), Shellfish, Appetizers and snacks, Goat's Milk Cheese",
Domaine La Bernarde Les Hauts du Luc Côtes de Provence Rosé 2023,France,14,4.1,images/Domaine_La_Bernarde_Les_Hauts_du_Luc_Ctes_de_Prove.png,images/bottle_Domaine_La_Bernarde_Les_Hauts_du_Luc_Ctes_d.png,Côtes de Provence,Domaine La Bernarde,"tree fruit, red fruit, citrus fruit, earth, floral, microbio, spices, oak, tropical fruit, black fruit, vegetal, dried fruit, non oak","Pork, Shellfish, Vegetarian, Poultry","Shiraz/Syrah, Grenache, Cinsault"
Castello del Poggio Peachy Dreams Peach Moscato,Italy,12.49,4.3,images/Castello_del_Poggio_Peachy_Dreams_Peach_Moscato.png,images/bottle_Castello_del_Poggio_Peachy_Dreams_Peach_Mos.png,Piemonte,Castello del Poggio,tree fruit,,
La Clarine Farm Rosé 2023,United States,25,4,images/La_Clarine_Farm_Ros_2023.png,images/bottle_La_Clarine_Farm_Ros_2023.png,Sierra Foothills,La Clarine Farm,"red fruit, microbio, citrus fruit","Shellfish, Spicy food, Appetizers and snacks, Fruity desserts, Aperitif","Shiraz/Syrah, Cabernet Sauvignon, Pinot Noir, Sangiovese, Zinfandel, Barbera"
Clos Haut-Peyraguey Sauternes (Premier Grand Cru Classé) 2019,France,30,3.8,images/Clos_Haut_Peyraguey_Sauternes_Premier_Grand_Cru_Cl.png,images/bottle_Clos_Haut_Peyraguey_Sauternes_Premier_Grand.png,Sauternes,Clos Haut-Peyraguey,"earth, tree fruit, citrus fruit, oak, non oak, tropical fruit, microbio, spices, dried fruit, floral, vegetal, red fruit, black fruit","Fruity desserts, Blue cheese","Sauvignon Blanc, Sémillon, Muscadelle"
Tobin James Cellars Moscato Dream Catcher 2022,United States,20,3.9,images/Tobin_James_Cellars_Moscato_Dream_Catcher_2022.jpg,,Paso Robles,Tobin James Cellars,"tree fruit, citrus fruit, earth, tropical fruit, floral","Sweet desserts, Mild and soft cheese, Fruity desserts, Blue cheese",
Royal Tokaji Mézes Mály Single Vineyard 6 Puttonyos Aszú 2009,Hungary,225,4.6,images/Royal_Tokaji_Mzes_Mly_Single_Vineyard_6_Puttonyos_.png,images/bottle_Royal_Tokaji_Mzes_Mly_Single_Vineyard_6_Put.png,Tokaj,Royal Tokaji,"earth, tree fruit, citrus fruit, oak, non oak, microbio, spices, vegetal, tropical fruit, dried fruit, floral, black fruit, red fruit","Sweet desserts, Blue cheese","Hárslevelű, Furmint"
Domaine Lafage Miraflors Rosé 2024,France,16.99,4,images/Domaine_Lafage_Miraflors_Ros_2024.png,images/bottle_Domaine_Lafage_Miraflors_Ros_2024.png,Côtes du Roussillon,Domaine Lafage,"red fruit, citrus fruit, tree fruit, earth, microbio, floral, tropical fruit, spices, oak, vegetal, non oak, black fruit, dried fruit","Pasta, Vegetarian, Appetizers and snacks, Lean fish, Aperitif","Shiraz/Syrah, Grenache, Mourvedre"
Riley's Rows Rosé of Syrah 2021,United States,32,3.7,images/Rileys_Rows_Ros_of_Syrah_2021.jpg,,North Coast,Riley's Rows,"red fruit, tree fruit, citrus fruit, oak, spices, vegetal, earth, non oak","Shellfish, Spicy food, Appetizers and snacks, Fruity desserts, Aperitif","Shiraz/Syrah, Cabernet Sauvignon, Pinot Noir, Sangiovese, Zinfandel, Barbera"
Chrysalis Vineyards Mariposa Dry Rosé 2021,United States,22,3.4,images/Chrysalis_Vineyards_Mariposa_Dry_Ros_2021.jpg,,Virginia,Chrysalis Vineyards,"red fruit, tree fruit, earth","Rich fish (salmon, tuna etc)",
Miles Wine Cellars Wisteria Blush,United States,11.95,4,images/Miles_Wine_Cellars_Wisteria_Blush.png,images/bottle_Miles_Wine_Cellars_Wisteria_Blush.png,Finger Lakes,Miles Wine Cellars,red fruit,,
Ruth Lewandowski Fox Hill Vineyard Touriga Nacional Rosé 2021,United States,34.99,4.2,images/Ruth_Lewandowski_Fox_Hill_Vineyard_Touriga_Naciona.png,images/bottle_Ruth_Lewandowski_Fox_Hill_Vineyard_Touriga_.png,Calaveras County,Ruth Lewandowski,"red fruit, citrus fruit, earth, vegetal, spices, tree fruit, black fruit, oak, floral, tropical fruit, dried fruit, microbio, non oak","Shellfish, Spicy food, Appetizers and snacks, Fruity desserts, Aperitif","Shiraz/Syrah, Cabernet Sauvignon, Pinot Noir, Sangiovese, Zinfandel, Barbera"
Or Haganuz Har Sinai (הר סיני) 2014,Israel,59.99,4.1,images/Or_Haganuz_Har_Sinai_2014.png,images/bottle_Or_Haganuz_Har_Sinai_2014.png,Galilee,Or Haganuz,"earth, non oak, oak",,
Château Puech-Haut Argali Rosé 2024,France,19.99,4,images/Chteau_Puech_Haut_Argali_Ros_2024.png,images/bottle_Chteau_Puech_Haut_Argali_Ros_2024.png,Languedoc-Roussillon,Château Puech-Haut,"red fruit, tree fruit, earth, citrus fruit, floral, microbio, tropical fruit, spices, oak, non oak, vegetal, black fruit","Pasta, Vegetarian, Appetizers and snacks, Lean fish, Aperitif","Shiraz/Syrah, Grenache, Mourvedre"
DAOU Rosé 2019,United States,29.99,4.1,images/DAOU_Ros_2019.png,images/bottle_DAOU_Ros_2019.png,Paso Robles,DAOU,"tree fruit, red fruit, citrus fruit, microbio, earth, oak, tropical fruit, non oak, spices, floral, black fruit, vegetal","Shellfish, Spicy food, Appetizers and snacks, Fruity desserts, Aperitif","Shiraz/Syrah, Cabernet Sauvignon, Pinot Noir, Sangiovese, Zinfandel, Barbera"
Vins Bréban Les Hauts Plateaux Alpes de Haute Provence Rosé 2023,France,13.97,3.8,images/Vins_Brban_Les_Hauts_Plateaux_Alpes_de_Haute_Prove.png,images/bottle_Vins_Brban_Les_Hauts_Plateaux_Alpes_de_Haut.png,Alpes-de-Haute-Provence,Vins Bréban,"red fruit, tree fruit, citrus fruit, earth, floral, vegetal, tropical fruit, microbio, non oak, spices, oak","Shellfish, Appetizers and snacks, Lean fish, Aperitif",
Domaine de Fontsainte Gris de Gris Corbières Rosé 2024,France,18,4.2,images/Domaine_de_Fontsainte_Gris_de_Gris_Corbires_Ros_20.png,images/bottle_Domaine_de_Fontsainte_Gris_de_Gris_Corbires.png,Corbières,Domaine de Fontsainte,"red fruit, tree fruit, citrus fruit, earth, microbio, tropical fruit, oak, spices, floral, vegetal, non oak, black fruit, dried fruit","Pasta, Vegetarian, Appetizers and snacks, Lean fish, Aperitif","Shiraz/Syrah, Grenache, Mourvedre"
Scaia Rosato 2024,Italy,15,4,images/Scaia_Rosato_2024.png,images/bottle_Scaia_Rosato_2024.png,Veneto,Scaia,"red fruit, tree fruit, citrus fruit, earth, vegetal, microbio, oak, non oak, spices, tropical fruit, floral, black fruit, dried fruit","Shellfish, Mature and hard cheese, Appetizers and snacks, Lean fish, Mild and soft cheese, Cured Meat",
Phebus Malbec Rosé 2023,Argentina,13.97,3.7,images/Phebus_Malbec_Ros_2023.png,images/bottle_Phebus_Malbec_Ros_2023.png,Mendoza,Phebus,"red fruit, citrus fruit, tree fruit, earth, microbio, spices, oak, tropical fruit, black fruit, floral, dried fruit, vegetal, non oak","Spicy food, Mature and hard cheese, Appetizers and snacks, Blue cheese, Cured Meat",Malbec
Foncalieu Le Versant Grenache Rosé 2024,France,14.98,3.9,images/Foncalieu_Le_Versant_Grenache_Ros_2024.png,images/bottle_Foncalieu_Le_Versant_Grenache_Ros_2024.png,Pays d'Oc,Foncalieu,"red fruit, citrus fruit, earth, tree fruit, floral, microbio, oak, black fruit, spices, vegetal, non oak","Pasta, Vegetarian, Appetizers and snacks, Lean fish, Aperitif","Shiraz/Syrah, Grenache, Mourvedre"
Rose N Blum Pink Moscato 2011,United States,17.13,3.8,images/Rose_N_Blum_Pink_Moscato_2011.png,images/bottle_Rose_N_Blum_Pink_Moscato_2011.png,California,Rose N Blum,"red fruit, non oak, tree fruit, citrus fruit, spices, oak","Shellfish, Spicy food, Appetizers and snacks, Fruity desserts, Aperitif","Shiraz/Syrah, Cabernet Sauvignon, Pinot Noir, Sangiovese, Zinfandel, Barbera"
McGregor Vineyard Rosé d'Cabernet Franc 2024,United States,22,3.8,images/McGregor_Vineyard_Ros_dCabernet_Franc_2024.jpg,,Finger Lakes,McGregor Vineyard,"red fruit, tree fruit, citrus fruit, earth",,
Las Jaras Wines Superbloom Cuvée Zero Zero 2023,United States,32.99,4.2,images/Las_Jaras_Wines_Superbloom_Cuve_Zero_Zero_2023.png,images/bottle_Las_Jaras_Wines_Superbloom_Cuve_Zero_Zero_2.png,California,Las Jaras Wines,"red fruit, citrus fruit, tree fruit, earth, vegetal, tropical fruit, microbio, spices, oak, black fruit, non oak, dried fruit, floral","Shellfish, Spicy food, Appetizers and snacks, Fruity desserts, Aperitif","Shiraz/Syrah, Cabernet Sauvignon, Pinot Noir, Sangiovese, Zinfandel, Barbera"
Graci Etna Rosato 2023,Italy,29.99,3.9,images/Graci_Etna_Rosato_2023.png,images/bottle_Graci_Etna_Rosato_2023.png,Etna,Graci,"citrus fruit, earth, tree fruit, red fruit, microbio, floral, oak, spices, non oak, vegetal, tropical fruit, black fruit, dried fruit","Rich fish (salmon, tuna etc), Shellfish, Appetizers and snacks, Goat's Milk Cheese",
Cass Dessert Syrah 2020,United States,44,4.2,images/Cass_Dessert_Syrah_2020.png,images/bottle_Cass_Dessert_Syrah_2020.png,Paso Robles,Cass,"oak, non oak, spices, earth, black fruit, microbio, red fruit, dried fruit, citrus fruit, vegetal","Sweet desserts, Mild and soft cheese, Fruity desserts, Blue cheese",
Paul Prieur & Fils Sancerre Rosé Perpétuel,France,43.99,4.1,images/Paul_Prieur_Fils_Sancerre_Ros_Perptuel.jpg,,Sancerre,Paul Prieur & Fils,,"Lamb, Rich fish (salmon, tuna etc), Poultry, Mild and soft cheese, Cured Meat",
Enrico Serafino Passito Erbaluce Riserva 1952,Italy,560,4.7,images/Enrico_Serafino_Passito_Erbaluce_Riserva_1952.png,images/bottle_Enrico_Serafino_Passito_Erbaluce_Riserva_19.png,Piemonte,Enrico Serafino,"black fruit, dried fruit, non oak, oak",,
Potomac Point Petit Manseng Dessert 2023,United States,28,3.7,images/Potomac_Point_Petit_Manseng_Dessert_2023.jpg,,Virginia,Potomac Point,"citrus fruit, tree fruit, vegetal, dried fruit",,
La Bastide Blanche Bandol Rosé 2023,France,28,3.9,images/La_Bastide_Blanche_Bandol_Ros_2023.png,images/bottle_La_Bastide_Blanche_Bandol_Ros_2023.png,Bandol,La Bastide Blanche,"red fruit, earth, oak, tree fruit, spices, black fruit, citrus fruit, non oak, microbio, floral, vegetal, tropical fruit, dried fruit","Pork, Shellfish, Vegetarian, Poultry","Shiraz/Syrah, Grenache, Cinsault"
Ruffino Salento Bianco Vino Liquoroso 1951,Italy,430,3.9,images/Ruffino_Salento_Bianco_Vino_Liquoroso_1951.jpg,,Salento,Ruffino,"red fruit, spices",,
Robert Sinskey Pinot Noir of Vin Gris 2023,United States,34.99,4.2,images/Robert_Sinskey_Pinot_Noir_of_Vin_Gris_2023.png,images/bottle_Robert_Sinskey_Pinot_Noir_of_Vin_Gris_2023.png,Los Carneros,Robert Sinskey,"red fruit, tree fruit, citrus fruit, earth, spices, floral, vegetal, oak, tropical fruit, microbio, non oak, black fruit","Shellfish, Spicy food, Appetizers and snacks, Fruity desserts, Aperitif","Shiraz/Syrah, Cabernet Sauvignon, Pinot Noir, Sangiovese, Zinfandel, Barbera"
Domaine Jean Teiller Menetou-Salon Rosé 2019,France,14,3.8,images/Domaine_Jean_Teiller_Menetou_Salon_Ros_2019.png,images/bottle_Domaine_Jean_Teiller_Menetou_Salon_Ros_2019.png,Menetou-Salon,Domaine Jean Teiller,"red fruit, tree fruit, tropical fruit, floral, earth","Lamb, Rich fish (salmon, tuna etc), Poultry, Mild and soft cheese, Cured Meat",
Balistreri Late Harvest Zinfandel 2022,United States,20,4.1,images/Balistreri_Late_Harvest_Zinfandel_2022.jpg,,Colorado,Balistreri,"dried fruit, red fruit, spices",,
Pierre-Yves Colin-Morey Rosé de Pinot Noir 2023,France,49.99,4,images/Pierre_Yves_Colin_Morey_Ros_de_Pinot_Noir_2023.png,images/bottle_Pierre_Yves_Colin_Morey_Ros_de_Pinot_Noir_2.png,Bourgogne,Pierre-Yves Colin-Morey,"red fruit, citrus fruit, earth, microbio, tree fruit, floral, vegetal, spices, non oak, oak","Rich fish (salmon, tuna etc), Shellfish, Vegetarian, Lean fish, Mild and soft cheese",
Chateau Pajot (enclave Yquem) Sauternes 1983,France,290,4.4,images/Chateau_Pajot_enclave_Yquem_Sauternes_1983.png,images/bottle_Chateau_Pajot_enclave_Yquem_Sauternes_1983.png,Sauternes,Chateau Pajot (enclave Yquem),"tree fruit, citrus fruit, spices, earth","Fruity desserts, Blue cheese","Sauvignon Blanc, Sémillon, Muscadelle"
Mina Penelope Rosé 2024,Mexico,26.99,3.8,images/Mina_Penelope_Ros_2024.jpg,,Baja California,Mina Penelope,"red fruit, tree fruit, vegetal",,
I Vigneri Vinudilice 2021,Italy,49,4,images/I_Vigneri_Vinudilice_2021.png,images/bottle_I_Vigneri_Vinudilice_2021.png,Etna,I Vigneri,"red fruit, earth, tree fruit, citrus fruit, spices, non oak, oak, microbio, vegetal, floral, black fruit, dried fruit","Rich fish (salmon, tuna etc), Shellfish, Appetizers and snacks, Goat's Milk Cheese",
Tulip White Franc 2014,Israel,24.99,4,images/Tulip_White_Franc_2014.png,images/bottle_Tulip_White_Franc_2014.png,Galilee,Tulip,"tree fruit, citrus fruit, red fruit, tropical fruit, earth, floral, vegetal, microbio",,
Loxton Rosé 2024,United States,25,4.2,images/Loxton_Ros_2024.jpg,,Sonoma Valley,Loxton,"spices, microbio, non oak, oak","Shellfish, Spicy food, Appetizers and snacks, Fruity desserts, Aperitif","Shiraz/Syrah, Cabernet Sauvignon, Pinot Noir, Sangiovese, Zinfandel, Barbera"
Château Vignelaure Château Vignelaure Rosé 2023,France,21.99,3.9,images/Chteau_Vignelaure_Chteau_Vignelaure_Ros_2023.png,images/bottle_Chteau_Vignelaure_Chteau_Vignelaure_Ros_202.png,Coteaux d'Aix-en-Provence,Château Vignelaure,"red fruit, citrus fruit, earth, oak, tree fruit, spices, black fruit, non oak, microbio, floral, vegetal, tropical fruit, dried fruit","Pork, Shellfish, Vegetarian, Poultry","Shiraz/Syrah, Grenache, Cinsault"
Stolpman Vineyards Love You Bunches Rosé 2023,United States,23.99,3.8,images/Stolpman_Vineyards_Love_You_Bunches_Ros_2023.png,images/bottle_Stolpman_Vineyards_Love_You_Bunches_Ros_202.png,Central Coast,Stolpman Vineyards,"red fruit, citrus fruit, tree fruit, floral, earth, microbio, tropical fruit, spices, oak, vegetal, non oak","Shellfish, Spicy food, Appetizers and snacks, Fruity desserts, Aperitif","Shiraz/Syrah, Cabernet Sauvignon, Pinot Noir, Sangiovese, Zinfandel, Barbera"
Oliver Creekbend Vineyard Tawny 2017,United States,30,4.3,images/Oliver_Creekbend_Vineyard_Tawny_2017.png,images/bottle_Oliver_Creekbend_Vineyard_Tawny_2017.png,Indiana,Oliver,"non oak, spices, oak, earth, black fruit, dried fruit",,
Adir Barbera Rosé 2019,Israel,32.99,3.7,images/Adir_Barbera_Ros_2019.png,images/bottle_Adir_Barbera_Ros_2019.png,Galilee,Adir,"red fruit, citrus fruit, spices, non oak, oak",,
Royal Tokaji Essencia 1993,Hungary,417,4.8,images/Royal_Tokaji_Essencia_1993.png,images/bottle_Royal_Tokaji_Essencia_1993.png,Tokaj,Royal Tokaji,"earth, tree fruit, oak, non oak, dried fruit, microbio, citrus fruit, black fruit, spices, floral, vegetal, tropical fruit, red fruit",,
La Compagnie des Vins d'Autrefois Pinot Noir Rosé 2023,France,15.97,3.9,images/La_Compagnie_des_Vins_dAutrefois_Pinot_Noir_Ros_20.png,images/bottle_La_Compagnie_des_Vins_dAutrefois_Pinot_Noir.png,Pays d'Oc,La Compagnie des Vins d'Autrefois,"red fruit, tree fruit, citrus fruit, earth, microbio, black fruit, oak, non oak, floral, spices, vegetal, tropical fruit, dried fruit","Pasta, Vegetarian, Appetizers and snacks, Lean fish, Aperitif","Shiraz/Syrah, Grenache, Mourvedre"
Liquid Farm Vogelzang Vineyard Rosé 2022,United States,29.99,4,images/Liquid_Farm_Vogelzang_Vineyard_Ros_2022.png,images/bottle_Liquid_Farm_Vogelzang_Vineyard_Ros_2022.png,Happy Canyon of Santa Barbara,Liquid Farm,"red fruit, tree fruit, citrus fruit, earth, microbio, tropical fruit, spices, vegetal, floral, oak, black fruit, dried fruit, non oak","Shellfish, Spicy food, Appetizers and snacks, Fruity desserts, Aperitif","Shiraz/Syrah, Cabernet Sauvignon, Pinot Noir, Sangiovese, Zinfandel, Barbera"
Matar Rosé 2021,Israel,44.99,4.2,images/Matar_Ros_2021.png,images/bottle_Matar_Ros_2021.png,Jerusalem,Matar,"citrus fruit, red fruit, tree fruit, oak, spices, earth, non oak",,
Domaine Weinbach Pinot Gris Alsace Altenbourg Quintessence de Grains Noble Cuvée D'Or 2009,France,252,4.4,images/Domaine_Weinbach_Pinot_Gris_Alsace_Altenbourg_Quin.jpg,,Alsace,Domaine Weinbach,"citrus fruit, earth, microbio, oak","Mild and soft cheese, Fruity desserts, Blue cheese",Pinot Gris
Foxen Rosé of Pinot Noir 2023,United States,28,3.8,images/Foxen_Ros_of_Pinot_Noir_2023.png,images/bottle_Foxen_Ros_of_Pinot_Noir_2023.png,Santa Maria Valley,Foxen,"red fruit, tree fruit, citrus fruit, spices, floral, oak","Shellfish, Spicy food, Appetizers and snacks, Fruity desserts, Aperitif","Shiraz/Syrah, Cabernet Sauvignon, Pinot Noir, Sangiovese, Zinfandel, Barbera"
Hillsborough Merlot White 2022,United States,33,3.4,images/Hillsborough_Merlot_White_2022.jpg,,Virginia,Hillsborough,red fruit,"Rich fish (salmon, tuna etc)",
Château Paradis La Danse du Château Paradis 2023,France,13,3.8,images/Chteau_Paradis_La_Danse_du_Chteau_Paradis_2023.png,images/bottle_Chteau_Paradis_La_Danse_du_Chteau_Paradis_2.png,Coteaux d'Aix-en-Provence,Château Paradis,"tree fruit, red fruit, floral","Pork, Shellfish, Vegetarian, Poultry","Shiraz/Syrah, Grenache, Cinsault"
Mayacamas Late Harvest Zinfandel 1976,United States,335,4.1,images/Mayacamas_Late_Harvest_Zinfandel_1976.png,images/bottle_Mayacamas_Late_Harvest_Zinfandel_1976.png,Napa Valley,Mayacamas,"dried fruit, black fruit, earth, non oak, oak","Sweet desserts, Mild and soft cheese, Fruity desserts, Blue cheese",
Herzog Lineage Rosé 2022,United States,17.99,3.6,images/Herzog_Lineage_Ros_2022.png,images/bottle_Herzog_Lineage_Ros_2022.png,Clarksburg,Herzog,"earth, red fruit, tree fruit, spices, oak","Shellfish, Spicy food, Appetizers and snacks, Fruity desserts, Aperitif","Shiraz/Syrah, Cabernet Sauvignon, Pinot Noir, Sangiovese, Zinfandel, Barbera"
Château du Seuil Rosé 2024,France,16.99,3.9,images/Chteau_du_Seuil_Ros_2024.png,images/bottle_Chteau_du_Seuil_Ros_2024.png,Coteaux d'Aix-en-Provence,Château du Seuil,"red fruit, tree fruit, citrus fruit, earth, spices, floral, vegetal, microbio, non oak, oak","Pork, Shellfish, Vegetarian, Poultry","Shiraz/Syrah, Grenache, Cinsault"
Domaine Huet Cuvée Constance 2015,France,194.99,4.6,images/Domaine_Huet_Cuve_Constance_2015.png,images/bottle_Domaine_Huet_Cuve_Constance_2015.png,Vouvray,Domaine Huet,"earth, tree fruit, citrus fruit, dried fruit, tropical fruit, non oak, oak, microbio, spices, vegetal, black fruit, floral","Mature and hard cheese, Fruity desserts, Blue cheese",Chenin Blanc
Clos Fornelli Rosé 2022,France,19.99,3.7,images/Clos_Fornelli_Ros_2022.png,images/bottle_Clos_Fornelli_Ros_2022.png,Corsica,Clos Fornelli,"earth, red fruit, tree fruit, spices, black fruit, dried fruit, citrus fruit, floral, non oak, oak","Rich fish (salmon, tuna etc), Shellfish, Vegetarian, Lean fish, Mild and soft cheese",
Domaine la Sobilane Rivesaltes 1949,France,199.99,4.5,images/Domaine_la_Sobilane_Rivesaltes_1949.png,images/bottle_Domaine_la_Sobilane_Rivesaltes_1949.png,Rivesaltes,Domaine la Sobilane,"oak, non oak, earth, dried fruit, microbio, spices, black fruit, tree fruit, vegetal, citrus fruit, red fruit, floral",,
Domaine de La Vivonne Bandol Rosé 2023,France,25.97,3.8,images/Domaine_de_La_Vivonne_Bandol_Ros_2023.png,images/bottle_Domaine_de_La_Vivonne_Bandol_Ros_2023.png,Bandol,Domaine de La Vivonne,"red fruit, tree fruit, citrus fruit, earth, oak, non oak, microbio, floral, spices, vegetal, black fruit, tropical fruit, dried fruit","Pork, Shellfish, Vegetarian, Poultry","Shiraz/Syrah, Grenache, Cinsault"
David Hill Estate Pinot Noir Rosé 2022,United States,25,3.9,images/David_Hill_Estate_Pinot_Noir_Ros_2022.jpg,,Willamette Valley,David Hill,"red fruit, citrus fruit, tree fruit, earth",,Pinot Noir
Royal Tokaji Betsek 6 Puttonyos Aszú 2017,Hungary,134.99,4.4,images/Royal_Tokaji_Betsek_6_Puttonyos_Asz_2017.png,images/bottle_Royal_Tokaji_Betsek_6_Puttonyos_Asz_2017.png,Tokaj,Royal Tokaji,"tree fruit, earth, dried fruit, oak, tropical fruit, citrus fruit, non oak, microbio, spices, black fruit, floral, vegetal, red fruit","Sweet desserts, Blue cheese","Hárslevelű, Furmint"
Bully Hill Niagara,United States,10.99,3.3,images/Bully_Hill_Niagara.jpg,,New York,Bully Hill,"earth, non oak",,
Mirabeau Forever Summer Rosé 2023,France,10.99,3.8,images/Mirabeau_Forever_Summer_Ros_2023.png,images/bottle_Mirabeau_Forever_Summer_Ros_2023.png,Côtes de Provence,Mirabeau,"red fruit, citrus fruit, tree fruit, microbio, tropical fruit, earth, floral, vegetal, oak","Pork, Shellfish, Vegetarian, Poultry","Shiraz/Syrah, Grenache, Cinsault"
Weingut Kolfok Querschnitt Pinot Noir Rosé 2018,Austria,38,3.9,images/Weingut_Kolfok_Querschnitt_Pinot_Noir_Ros_2018.png,images/bottle_Weingut_Kolfok_Querschnitt_Pinot_Noir_Ros_2.png,Mittelburgenland,Weingut Kolfok,"red fruit, microbio, earth, non oak, oak","Pork, Shellfish, Appetizers and snacks, Mild and soft cheese, Cured Meat",
Moffett Rosé Of Pinot Noir 2023,United States,38,4.2,images/Moffett_Ros_Of_Pinot_Noir_2023.png,images/bottle_Moffett_Ros_Of_Pinot_Noir_2023.png,Willamette Valley,Moffett,"red fruit, tree fruit, spices, earth, non oak, oak",,Pinot Noir
Disznókó Tokaji Aszú Eszencia 2005,Hungary,350,4.6,images/Disznk_Tokaji_Asz_Eszencia_2005.png,images/bottle_Disznk_Tokaji_Asz_Eszencia_2005.png,Tokaj,Disznókó,"earth, non oak, dried fruit, oak, tree fruit, citrus fruit, spices, black fruit, tropical fruit, microbio, red fruit, floral, vegetal","Sweet desserts, Blue cheese","Hárslevelű, Furmint"
Domaine Schoffit Clos Saint-Theobald Pinot Gris (Tokay) 'Rangen de Thann' Vendanges Tardives 2002,France,84,4.4,images/Domaine_Schoffit_Clos_Saint_Theobald_Pinot_Gris_To.jpg,,Alsace Grand Cru 'Rangen',Domaine Schoffit,"earth, tropical fruit, tree fruit, citrus fruit, vegetal, microbio, non oak, oak","Mild and soft cheese, Fruity desserts, Blue cheese",Pinot Gris
Orée des Roses Rosé 2023,France,10.97,3.8,images/Ore_des_Roses_Ros_2023.png,images/bottle_Ore_des_Roses_Ros_2023.png,Languedoc,Orée des Roses,"red fruit, citrus fruit, tree fruit, earth, microbio, floral, tropical fruit, oak, black fruit, spices, vegetal","Pasta, Vegetarian, Appetizers and snacks, Lean fish, Aperitif","Shiraz/Syrah, Grenache, Mourvedre"
Azienda Agricola Steiger-Kalena Passatella Rosato 2022,Italy,33,4.1,images/Azienda_Agricola_Steiger_Kalena_Passatella_Rosato_.jpg,,Molise,Azienda Agricola Steiger-Kalena,,"Rich fish (salmon, tuna etc), Shellfish, Appetizers and snacks, Goat's Milk Cheese",
Herzog Late Harvest Zinfandel 2022,United States,27.99,3.9,images/Herzog_Late_Harvest_Zinfandel_2022.png,images/bottle_Herzog_Late_Harvest_Zinfandel_2022.png,Lodi,Herzog,"red fruit, black fruit, dried fruit","Sweet desserts, Mild and soft cheese, Fruity desserts, Blue cheese",
Turley Zinfandel Rosé 2022,United States,28.99,4,images/Turley_Zinfandel_Ros_2022.png,images/bottle_Turley_Zinfandel_Ros_2022.png,Napa Valley,Turley,"red fruit, tree fruit, earth, spices, citrus fruit, oak, non oak, floral, vegetal, microbio, black fruit, tropical fruit, dried fruit","Shellfish, Spicy food, Appetizers and snacks, Fruity desserts, Aperitif","Shiraz/Syrah, Cabernet Sauvignon, Pinot Noir, Sangiovese, Zinfandel, Barbera"
San Giusto a Rentennano Vin San Giusto 2013,Italy,149.99,4.1,images/San_Giusto_a_Rentennano_Vin_San_Giusto_2013.png,images/bottle_San_Giusto_a_Rentennano_Vin_San_Giusto_2013.png,Vin Santo,San Giusto a Rentennano,"earth, non oak, dried fruit, oak, black fruit, microbio, tree fruit","Sweet desserts, Blue cheese","Sangiovese, Grechetto, Malvasia Bianca Lunga, Trebbiano Toscano"
The Little Sheep Rosé 2024,France,10.99,4,images/The_Little_Sheep_Ros_2024.png,images/bottle_The_Little_Sheep_Ros_2024.png,Vin de France,The Little Sheep,"red fruit, citrus fruit, earth, tree fruit, floral, vegetal, spices, microbio, tropical fruit, non oak, oak","Rich fish (salmon, tuna etc), Shellfish, Vegetarian, Lean fish, Mild and soft cheese",
Didier Dagueneau (Louis-Benjamin Dagueneau) Les Jardins de Babylone Moelleux 2018,France,189.99,4.3,images/Didier_Dagueneau_Louis_Benjamin_Dagueneau_Les_Jard.png,images/bottle_Didier_Dagueneau_Louis_Benjamin_Dagueneau_L.png,Jurançon,Didier Dagueneau (Louis-Benjamin Dagueneau),"tropical fruit, earth, tree fruit, citrus fruit, oak, microbio, non oak, floral, dried fruit, spices, vegetal, red fruit, black fruit","Mature and hard cheese, Fruity desserts, Blue cheese",
Frank Cornelissen Pistemutta Rosato 2021,Italy,29.99,4.2,images/Frank_Cornelissen_Pistemutta_Rosato_2021.jpg,,Terre Siciliane,Frank Cornelissen,"red fruit, tree fruit, citrus fruit, earth","Rich fish (salmon, tuna etc), Shellfish, Appetizers and snacks, Goat's Milk Cheese",
Château Pigoudet Classic Rosé 2024,France,19,4,images/Chteau_Pigoudet_Classic_Ros_2024.png,images/bottle_Chteau_Pigoudet_Classic_Ros_2024.png,Coteaux d'Aix-en-Provence,Château Pigoudet,"citrus fruit, red fruit, tree fruit, earth, tropical fruit, floral, spices, vegetal, microbio, non oak, oak","Pork, Shellfish, Vegetarian, Poultry","Shiraz/Syrah, Grenache, Cinsault"
Domaine Jean-Louis Chave Hermitage Vin de Paille 1990,France,849,4.4,images/Domaine_Jean_Louis_Chave_Hermitage_Vin_de_Paille_1.jpg,,Hermitage,Domaine Jean-Louis Chave,,,
Royal Tokaji 5 Puttonyos Aszú (Red Label) 2018,Hungary,69.99,4.3,images/Royal_Tokaji_5_Puttonyos_Asz_Red_Label_2018.png,images/bottle_Royal_Tokaji_5_Puttonyos_Asz_Red_Label_2018.png,Tokaj,Royal Tokaji,"earth, tree fruit, citrus fruit, tropical fruit, oak, dried fruit, non oak, microbio, spices, floral, vegetal, black fruit, red fruit","Sweet desserts, Blue cheese","Hárslevelű, Furmint"
Delinquente Pretty Boy Nero d'Avola Rosato 2023,Australia,21.99,3.7,images/Delinquente_Pretty_Boy_Nero_dAvola_Rosato_2023.png,images/bottle_Delinquente_Pretty_Boy_Nero_dAvola_Rosato_2.png,Riverland,Delinquente,"red fruit, citrus fruit, earth, microbio, tree fruit, tropical fruit, floral, vegetal, oak, black fruit, spices","Pork, Rich fish (salmon, tuna etc), Vegetarian, Poultry, Appetizers and snacks, Mild and soft cheese",
Kapcsandy Grand Vin Rosé 2019,United States,699.99,4.2,images/Kapcsandy_Grand_Vin_Ros_2019.jpg,,Napa Valley,Kapcsandy,"red fruit, oak","Shellfish, Spicy food, Appetizers and snacks, Fruity desserts, Aperitif","Shiraz/Syrah, Cabernet Sauvignon, Pinot Noir, Sangiovese, Zinfandel, Barbera"
Celler Aixalà Alcait Cal.Ligrama Rosat 2021,Spain,35.99,3.7,images/Celler_Aixal_Alcait_CalLigrama_Rosat_2021.png,images/bottle_Celler_Aixal_Alcait_CalLigrama_Rosat_2021.png,Priorat,Celler Aixalà Alcait,"red fruit, earth, microbio","Pork, Rich fish (salmon, tuna etc), Shellfish, Vegetarian, Poultry, Aperitif",
Olivares Rosado 2023,Spain,12.99,3.6,images/Olivares_Rosado_2023.png,images/bottle_Olivares_Rosado_2023.png,Jumilla,Olivares,"red fruit, tree fruit, citrus fruit, earth, vegetal, microbio, floral, spices, tropical fruit, oak, black fruit, dried fruit, non oak","Spicy food, Poultry, Appetizers and snacks",Grenache
Forth Dry Rosé 2008,United States,37.99,3.8,images/Forth_Dry_Ros_2008.jpg,,Sonoma County,Forth,"red fruit, oak, black fruit, tropical fruit, tree fruit, spices, vegetal, non oak","Shellfish, Spicy food, Appetizers and snacks, Fruity desserts, Aperitif","Shiraz/Syrah, Cabernet Sauvignon, Pinot Noir, Sangiovese, Zinfandel, Barbera"
Tensley Colson Canyon Grenache Rosé 2024,United States,29,3.8,images/Tensley_Colson_Canyon_Grenache_Ros_2024.jpg,,Santa Barbara County,Tensley,"red fruit, tree fruit, citrus fruit, tropical fruit","Shellfish, Spicy food, Appetizers and snacks, Fruity desserts, Aperitif","Shiraz/Syrah, Cabernet Sauvignon, Pinot Noir, Sangiovese, Zinfandel, Barbera"
Château Caillou Creme de Tete 1947,France,496,4.4,images/Chteau_Caillou_Creme_de_Tete_1947.jpg,,Barsac,Château Caillou,"tree fruit, earth, non oak, oak, spices, vegetal, microbio","Fruity desserts, Blue cheese","Sauvignon Blanc, Sémillon, Muscadelle"
