name,country,price,rating,image_url,bottle_image_url,region,winery,flavor,food_pairing,grapes
Joel Gott Sauvignon Blanc 2006,United States,18.56,3.7,images/Joel_Gott_Sauvignon_Blanc_2006.png,images/bottle_Joel_Gott_Sauvignon_Blanc_2006.png,California,Joel Gott,"citrus fruit, tree fruit, tropical fruit, earth, oak, vegetal, microbio, spices, non oak, floral, red fruit, black fruit, dried fruit","Shellfish, Vegetarian, Goat's Milk Cheese",Sauvignon Blanc
Kia Ora Sauvignon Blanc 2024,New Zealand,13.97,4,images/Kia_Ora_Sauvignon_Blanc_2024.png,images/bottle_Kia_Ora_Sauvignon_Blanc_2024.png,Marlborough,Kia Ora,"citrus fruit, tropical fruit, tree fruit, vegetal, earth, microbio, spices, oak, floral, non oak, black fruit, red fruit, dried fruit","Shellfish, Vegetarian, Goat's Milk Cheese",Sauvignon Blanc
Decoy Sonoma County Sauvignon Blanc 2024,United States,17.99,3.8,images/Decoy_Sonoma_County_Sauvignon_Blanc_2024.png,images/bottle_Decoy_Sonoma_County_Sauvignon_Blanc_2024.png,Sonoma County,Decoy,"citrus fruit, tree fruit, earth, tropical fruit, vegetal, oak, microbio, spices, floral, non oak, red fruit, black fruit, dried fruit","Shellfish, Vegetarian, Goat's Milk Cheese",Sauvignon Blanc
Cloudy Bay Sauvignon Blanc 2016,New Zealand,58.99,4.1,images/Cloudy_Bay_Sauvignon_Blanc_2016.png,images/bottle_Cloudy_Bay_Sauvignon_Blanc_2016.png,Marlborough,Cloudy Bay,"citrus fruit, tropical fruit, vegetal, tree fruit, earth, microbio, spices, floral, oak, non oak, black fruit, red fruit, dried fruit","Shellfish, Vegetarian, Goat's Milk Cheese",Sauvignon Blanc
Whitehaven Sauvignon Blanc 2017,New Zealand,14.98,4.2,images/Whitehaven_Sauvignon_Blanc_2017.png,images/bottle_Whitehaven_Sauvignon_Blanc_2017.png,Marlborough,Whitehaven,"citrus fruit, tree fruit, tropical fruit, vegetal, earth, spices, microbio, oak, floral, non oak, red fruit, black fruit, dried fruit","Shellfish, Vegetarian, Goat's Milk Cheese",Sauvignon Blanc
Matanzas Creek Sauvignon Blanc 2024,United States,15.99,3.8,images/Matanzas_Creek_Sauvignon_Blanc_2024.png,images/bottle_Matanzas_Creek_Sauvignon_Blanc_2024.png,Sonoma County,Matanzas Creek,"citrus fruit, tree fruit, tropical fruit, earth, vegetal, oak, microbio, spices, floral, non oak, red fruit, black fruit, dried fruit","Shellfish, Vegetarian, Goat's Milk Cheese",Sauvignon Blanc
Illumination Sauvignon Blanc 2008,United States,23,4.3,images/Illumination_Sauvignon_Blanc_2008.png,images/bottle_Illumination_Sauvignon_Blanc_2008.png,California,Illumination,"citrus fruit, tree fruit, tropical fruit, earth, microbio, oak, vegetal, floral, spices, non oak, dried fruit, red fruit, black fruit","Shellfish, Vegetarian, Goat's Milk Cheese",Sauvignon Blanc
Matua Sauvignon Blanc 2022,New Zealand,12.99,3.9,images/Matua_Sauvignon_Blanc_2022.png,images/bottle_Matua_Sauvignon_Blanc_2022.png,Marlborough,Matua,"citrus fruit, tropical fruit, tree fruit, vegetal, earth, microbio, spices, oak, floral, non oak, black fruit, red fruit, dried fruit","Shellfish, Vegetarian, Goat's Milk Cheese",Sauvignon Blanc
Brancott Estate Sauvignon Blanc 2022,New Zealand,12.99,4.1,images/Brancott_Estate_Sauvignon_Blanc_2022.png,images/bottle_Brancott_Estate_Sauvignon_Blanc_2022.png,Marlborough,Brancott Estate,"citrus fruit, tropical fruit, vegetal, tree fruit, earth, microbio, spices, floral, oak, non oak, black fruit, red fruit, dried fruit","Shellfish, Vegetarian, Goat's Milk Cheese",Sauvignon Blanc
Gérard Boulay Sancerre à Chavignol Blanc 2024,France,42.99,4.1,images/Grard_Boulay_Sancerre_Chavignol_Blanc_2024.png,images/bottle_Grard_Boulay_Sancerre_Chavignol_Blanc_2024.png,Sancerre,Gérard Boulay,"citrus fruit, earth, tree fruit, vegetal, tropical fruit, microbio, oak, spices, floral, non oak, red fruit, dried fruit, black fruit","Pork, Shellfish, Spicy food, Vegetarian, Goat's Milk Cheese","Chenin Blanc, Sauvignon Blanc"
Henri Bourgeois Sancerre La Bourgeoise Blanc 2024,France,39.99,4.1,images/Henri_Bourgeois_Sancerre_La_Bourgeoise_Blanc_2024.png,images/bottle_Henri_Bourgeois_Sancerre_La_Bourgeoise_Blan.png,Sancerre,Henri Bourgeois,"citrus fruit, earth, tree fruit, vegetal, tropical fruit, oak, microbio, spices, non oak, floral, black fruit, red fruit, dried fruit","Pork, Shellfish, Spicy food, Vegetarian, Goat's Milk Cheese","Chenin Blanc, Sauvignon Blanc"
DAOU Sauvignon Blanc 2024,United States,14.99,3.8,images/DAOU_Sauvignon_Blanc_2024.png,images/bottle_DAOU_Sauvignon_Blanc_2024.png,Paso Robles,DAOU,"citrus fruit, tree fruit, tropical fruit, earth, vegetal, spices, microbio, oak, floral, black fruit, non oak, red fruit, dried fruit","Shellfish, Vegetarian, Goat's Milk Cheese",Sauvignon Blanc
Château Margaux Pavillon Blanc du Château Margaux 2022,France,279.99,4.3,images/Chteau_Margaux_Pavillon_Blanc_du_Chteau_Margaux_20.png,images/bottle_Chteau_Margaux_Pavillon_Blanc_du_Chteau_Mar.png,Bordeaux,Château Margaux,"oak, earth, citrus fruit, non oak, tree fruit, microbio, spices, vegetal, tropical fruit, floral, black fruit, dried fruit, red fruit","Pork, Vegetarian, Poultry, Appetizers and snacks, Lean fish","Sauvignon Blanc, Sémillon, Muscadelle"
Kim Crawford Sauvignon Blanc 2019,New Zealand,14.08,3.9,images/Kim_Crawford_Sauvignon_Blanc_2019.png,images/bottle_Kim_Crawford_Sauvignon_Blanc_2019.png,Marlborough,Kim Crawford,"citrus fruit, tropical fruit, tree fruit, vegetal, earth, microbio, spices, oak, floral, non oak, red fruit, black fruit, dried fruit","Shellfish, Vegetarian, Goat's Milk Cheese",Sauvignon Blanc
Domaine de Chevalier Pessac-Léognan Blanc (Grand Cru Classé de Graves) 1990,France,275,4.2,images/Domaine_de_Chevalier_Pessac_Lognan_Blanc_Grand_Cru.png,images/bottle_Domaine_de_Chevalier_Pessac_Lognan_Blanc_Gr.png,Pessac-Léognan,Domaine de Chevalier,"earth, citrus fruit, oak, tree fruit, microbio, non oak, tropical fruit, spices, vegetal, floral, dried fruit, black fruit, red fruit","Pork, Vegetarian, Poultry, Appetizers and snacks, Lean fish","Sauvignon Blanc, Sémillon, Muscadelle"
Villa Maria Private Bin Sauvignon Blanc 2023,New Zealand,10.99,4.1,images/Villa_Maria_Private_Bin_Sauvignon_Blanc_2023.png,images/bottle_Villa_Maria_Private_Bin_Sauvignon_Blanc_202.png,Marlborough,Villa Maria,"citrus fruit, tropical fruit, tree fruit, vegetal, earth, microbio, spices, oak, floral, non oak, red fruit, black fruit, dried fruit","Shellfish, Vegetarian, Goat's Milk Cheese",Sauvignon Blanc
Domaine Hippolyte Reverdy Sancerre 2024,France,38,4.2,images/Domaine_Hippolyte_Reverdy_Sancerre_2024.png,images/bottle_Domaine_Hippolyte_Reverdy_Sancerre_2024.png,Sancerre,Domaine Hippolyte Reverdy,"tree fruit, citrus fruit, earth, vegetal, oak, tropical fruit, microbio, spices, non oak, floral, red fruit, black fruit, dried fruit","Pork, Shellfish, Spicy food, Vegetarian, Goat's Milk Cheese","Chenin Blanc, Sauvignon Blanc"
Jean-Paul Balland Sancerre Blanc 2024,France,24.99,4,images/Jean_Paul_Balland_Sancerre_Blanc_2024.png,images/bottle_Jean_Paul_Balland_Sancerre_Blanc_2024.png,Sancerre,Jean-Paul Balland,"citrus fruit, tree fruit, earth, vegetal, microbio, tropical fruit, oak, spices, non oak, floral, dried fruit, black fruit, red fruit","Pork, Shellfish, Spicy food, Vegetarian, Goat's Milk Cheese","Chenin Blanc, Sauvignon Blanc"
Oyster Bay Sauvignon Blanc 2023,New Zealand,13.99,3.9,images/Oyster_Bay_Sauvignon_Blanc_2023.png,images/bottle_Oyster_Bay_Sauvignon_Blanc_2023.png,Marlborough,Oyster Bay,"citrus fruit, tree fruit, tropical fruit, vegetal, earth, microbio, oak, spices, floral, non oak, red fruit, black fruit, dried fruit","Shellfish, Vegetarian, Goat's Milk Cheese",Sauvignon Blanc
Jean-Jacques Auchère Sancerre 2024,France,25,4,images/Jean_Jacques_Auchre_Sancerre_2024.png,images/bottle_Jean_Jacques_Auchre_Sancerre_2024.png,Sancerre,Jean-Jacques Auchère,"citrus fruit, tree fruit, earth, vegetal, oak, microbio, tropical fruit, floral, spices, non oak, red fruit","Pork, Shellfish, Spicy food, Vegetarian, Goat's Milk Cheese","Chenin Blanc, Sauvignon Blanc"
Rapaura Springs Marlborough Sauvignon Blanc 2022,New Zealand,11.99,4.2,images/Rapaura_Springs_Marlborough_Sauvignon_Blanc_2022.png,images/bottle_Rapaura_Springs_Marlborough_Sauvignon_Blanc.png,Marlborough,Rapaura Springs,"citrus fruit, tropical fruit, tree fruit, vegetal, earth, microbio, spices, oak, floral, non oak, red fruit, black fruit, dried fruit","Shellfish, Vegetarian, Goat's Milk Cheese",Sauvignon Blanc
Kia Ora Estate Grown Signature Series Sauvignon Blanc 2024,New Zealand,18.97,4.1,images/Kia_Ora_Estate_Grown_Signature_Series_Sauvignon_Bl.jpg,,Marlborough,Kia Ora,"citrus fruit, tropical fruit, tree fruit, earth, vegetal, spices, microbio, oak, floral, non oak, red fruit, black fruit","Shellfish, Vegetarian, Goat's Milk Cheese",Sauvignon Blanc
Clos Henri Vineyard Sauvignon Blanc 2023,New Zealand,17.99,3.9,images/Clos_Henri_Vineyard_Sauvignon_Blanc_2023.png,images/bottle_Clos_Henri_Vineyard_Sauvignon_Blanc_2023.png,Marlborough,Clos Henri Vineyard,"citrus fruit, earth, tropical fruit, vegetal, tree fruit, oak, microbio, spices, floral, non oak, black fruit, dried fruit, red fruit","Shellfish, Vegetarian, Goat's Milk Cheese",Sauvignon Blanc
Vincent Gaudry Sancerre Le Tournebride 2024,France,49.97,3.9,images/Vincent_Gaudry_Sancerre_Le_Tournebride_2024.png,images/bottle_Vincent_Gaudry_Sancerre_Le_Tournebride_2024.png,Sancerre,Vincent Gaudry,"citrus fruit, earth, tree fruit, vegetal, microbio, oak, tropical fruit, non oak, spices, floral, black fruit, dried fruit","Pork, Shellfish, Spicy food, Vegetarian, Goat's Milk Cheese","Chenin Blanc, Sauvignon Blanc"
Paul Prieur & Fils Sancerre 2023,France,38,4,images/Paul_Prieur_Fils_Sancerre_2023.png,images/bottle_Paul_Prieur_Fils_Sancerre_2023.png,Upper Loire,Paul Prieur & Fils,"citrus fruit, tree fruit, earth, vegetal, microbio, oak, tropical fruit, non oak, floral, black fruit, spices, red fruit","Pork, Shellfish, Spicy food, Vegetarian, Goat's Milk Cheese","Chenin Blanc, Sauvignon Blanc"
Domaine Les Temps Perdus - Clotilde Davenne Saint-Bris Sauvignon 2023,France,24.99,3.7,images/Domaine_Les_Temps_Perdus_Clotilde_Davenne_Saint_Br.png,images/bottle_Domaine_Les_Temps_Perdus_Clotilde_Davenne_S.png,Saint-Bris,Domaine Les Temps Perdus - Clotilde Davenne,"citrus fruit, tree fruit, earth, tropical fruit, vegetal, microbio, oak, non oak, spices, black fruit, floral","Pasta, Rich fish (salmon, tuna etc), Shellfish, Mild and soft cheese, Cured Meat",Chardonnay
Decoy Brut Cuvée,United States,13.32,3.9,images/Decoy_Brut_Cuve.png,images/bottle_Decoy_Brut_Cuve.png,California,Decoy,"tree fruit, citrus fruit, microbio, non oak, earth, oak, vegetal, red fruit, spices, tropical fruit, floral, black fruit, dried fruit","Shellfish, Appetizers and snacks, Lean fish, Aperitif","Chardonnay, Pinot Noir"
Benziger Sauvignon Blanc 2023,United States,11.99,3.7,images/Benziger_Sauvignon_Blanc_2023.png,images/bottle_Benziger_Sauvignon_Blanc_2023.png,North Coast,Benziger,"citrus fruit, tree fruit, earth, tropical fruit, vegetal, microbio, oak, spices, floral, non oak, black fruit, red fruit, dried fruit","Shellfish, Vegetarian, Goat's Milk Cheese",Sauvignon Blanc
Domaine Vacheron Sancerre Les Romains 2023,France,77,4.2,images/Domaine_Vacheron_Sancerre_Les_Romains_2023.png,images/bottle_Domaine_Vacheron_Sancerre_Les_Romains_2023.png,Sancerre,Domaine Vacheron,"citrus fruit, earth, tree fruit, vegetal, oak, microbio, tropical fruit, non oak, spices, floral, red fruit, black fruit","Pork, Shellfish, Spicy food, Vegetarian, Goat's Milk Cheese","Chenin Blanc, Sauvignon Blanc"
Peju Sauvignon Blanc 2023,United States,25,4,images/Peju_Sauvignon_Blanc_2023.png,images/bottle_Peju_Sauvignon_Blanc_2023.png,Napa Valley,Peju,"citrus fruit, tree fruit, tropical fruit, earth, oak, microbio, vegetal, floral, spices, non oak, black fruit","Shellfish, Vegetarian, Goat's Milk Cheese",Sauvignon Blanc
Chalk Hill Chalk Hill Estate Sauvignon Blanc 2006,United States,33.56,3.8,images/Chalk_Hill_Chalk_Hill_Estate_Sauvignon_Blanc_2006.png,images/bottle_Chalk_Hill_Chalk_Hill_Estate_Sauvignon_Blan.png,Chalk Hill,Chalk Hill,"citrus fruit, tree fruit, earth, tropical fruit, oak, vegetal, microbio, spices, floral, non oak, black fruit, red fruit, dried fruit","Shellfish, Vegetarian, Goat's Milk Cheese",Sauvignon Blanc
Otto's Constant Dream Sauvignon Blanc 2023,New Zealand,15,3.9,images/Ottos_Constant_Dream_Sauvignon_Blanc_2023.png,images/bottle_Ottos_Constant_Dream_Sauvignon_Blanc_2023.png,Marlborough,Otto's Constant Dream,"citrus fruit, tree fruit, vegetal, tropical fruit, earth, spices, microbio, floral, oak, red fruit, non oak, black fruit","Shellfish, Vegetarian, Goat's Milk Cheese",Sauvignon Blanc
Olema Sauvignon Blanc 2024,France,13.99,3.9,images/Olema_Sauvignon_Blanc_2024.png,images/bottle_Olema_Sauvignon_Blanc_2024.png,Loire Valley,Olema,"citrus fruit, tree fruit, earth, tropical fruit, vegetal, microbio, spices, oak, floral, red fruit, non oak, black fruit, dried fruit",,
Alphonse Mellot Edmond Sancerre 2022,France,99,4.2,images/Alphonse_Mellot_Edmond_Sancerre_2022.png,images/bottle_Alphonse_Mellot_Edmond_Sancerre_2022.png,Sancerre,Alphonse Mellot,"citrus fruit, earth, tree fruit, oak, vegetal, spices, tropical fruit, non oak, microbio, floral, dried fruit, black fruit","Pork, Shellfish, Spicy food, Vegetarian, Goat's Milk Cheese","Chenin Blanc, Sauvignon Blanc"
Chateau Montelena Sauvignon Blanc 2009,United States,77,4.1,images/Chateau_Montelena_Sauvignon_Blanc_2009.png,images/bottle_Chateau_Montelena_Sauvignon_Blanc_2009.png,Napa Valley,Chateau Montelena,"citrus fruit, tree fruit, tropical fruit, earth, vegetal, microbio, oak, floral, non oak, red fruit, spices, black fruit, dried fruit","Shellfish, Vegetarian, Goat's Milk Cheese",Sauvignon Blanc
Kiwi Cuvée Bin 88 Sauvignon Blanc 2024,France,12.97,3.7,images/Kiwi_Cuve_Bin_88_Sauvignon_Blanc_2024.png,images/bottle_Kiwi_Cuve_Bin_88_Sauvignon_Blanc_2024.png,Vin de France,Kiwi Cuvée,"citrus fruit, tree fruit, tropical fruit, vegetal, earth, microbio, oak, spices, floral, red fruit, non oak",,
Cade Sauvignon Blanc 2024,United States,47.99,4.1,images/Cade_Sauvignon_Blanc_2024.png,images/bottle_Cade_Sauvignon_Blanc_2024.png,Napa Valley,Cade,"citrus fruit, tree fruit, earth, tropical fruit, vegetal, microbio, oak, spices, non oak, floral, black fruit, dried fruit","Shellfish, Vegetarian, Goat's Milk Cheese",Sauvignon Blanc
Greywacke Sauvignon Blanc 2022,New Zealand,23.99,4.1,images/Greywacke_Sauvignon_Blanc_2022.png,images/bottle_Greywacke_Sauvignon_Blanc_2022.png,Marlborough,Greywacke,"citrus fruit, vegetal, tropical fruit, tree fruit, earth, microbio, floral, spices, oak, non oak, black fruit, red fruit, dried fruit","Shellfish, Vegetarian, Goat's Milk Cheese",Sauvignon Blanc
Hedges Family Estate CMS Sauvignon Blanc (Unoaked) 2023,United States,17.99,3.5,images/Hedges_Family_Estate_CMS_Sauvignon_Blanc_Unoaked_2.png,images/bottle_Hedges_Family_Estate_CMS_Sauvignon_Blanc_Un.png,Columbia Valley,Hedges Family Estate,"citrus fruit, tree fruit, earth, tropical fruit, oak, vegetal, microbio, spices, non oak, floral, black fruit, red fruit, dried fruit","Shellfish, Vegetarian, Goat's Milk Cheese",Sauvignon Blanc
Giant Sky Sauvignon Blanc 2023,New Zealand,14.97,3.8,images/Giant_Sky_Sauvignon_Blanc_2023.png,images/bottle_Giant_Sky_Sauvignon_Blanc_2023.png,Marlborough,Giant Sky,"citrus fruit, tree fruit, tropical fruit, vegetal, earth, microbio, spices, oak, floral, non oak","Shellfish, Vegetarian, Goat's Milk Cheese",Sauvignon Blanc
Domaine Sautereau Sancerre Blanc 2023,France,22.99,3.9,images/Domaine_Sautereau_Sancerre_Blanc_2023.png,images/bottle_Domaine_Sautereau_Sancerre_Blanc_2023.png,Sancerre,Domaine Sautereau,"citrus fruit, earth, tree fruit, vegetal, microbio, tropical fruit, oak, floral, spices, non oak, black fruit, red fruit, dried fruit","Pork, Shellfish, Spicy food, Vegetarian, Goat's Milk Cheese","Chenin Blanc, Sauvignon Blanc"
Foucher Lebrun Le Mont Sancerre Blanc 2024,France,29.99,4,images/Foucher_Lebrun_Le_Mont_Sancerre_Blanc_2024.png,images/bottle_Foucher_Lebrun_Le_Mont_Sancerre_Blanc_2024.png,Sancerre,Foucher Lebrun,"citrus fruit, earth, tree fruit, vegetal, microbio, tropical fruit, oak, spices, floral, non oak, red fruit, black fruit","Pork, Shellfish, Spicy food, Vegetarian, Goat's Milk Cheese","Chenin Blanc, Sauvignon Blanc"
Stoneleigh Sauvignon Blanc 2023,New Zealand,14.99,4,images/Stoneleigh_Sauvignon_Blanc_2023.png,images/bottle_Stoneleigh_Sauvignon_Blanc_2023.png,Marlborough,Stoneleigh,"citrus fruit, tropical fruit, tree fruit, vegetal, earth, floral, microbio, spices, black fruit, oak, non oak, red fruit, dried fruit","Shellfish, Vegetarian, Goat's Milk Cheese",Sauvignon Blanc
Michel Girault Domaine les Beaux Regards Sancerre Blanc 2023,France,29.99,3.9,images/Michel_Girault_Domaine_les_Beaux_Regards_Sancerre_.png,images/bottle_Michel_Girault_Domaine_les_Beaux_Regards_Sa.png,Sancerre,Michel Girault,"citrus fruit, tree fruit, earth, tropical fruit, vegetal, microbio, oak, spices, non oak, floral, dried fruit, red fruit","Pork, Shellfish, Spicy food, Vegetarian, Goat's Milk Cheese","Chenin Blanc, Sauvignon Blanc"
Domaine Martin Chavignol Sancerre Blanc 2023,France,32.99,4.1,images/Domaine_Martin_Chavignol_Sancerre_Blanc_2023.png,images/bottle_Domaine_Martin_Chavignol_Sancerre_Blanc_202.png,Sancerre,Domaine Martin,"citrus fruit, tree fruit, earth, vegetal, tropical fruit, microbio, oak, spices, black fruit, non oak, floral, red fruit, dried fruit","Pork, Shellfish, Spicy food, Vegetarian, Goat's Milk Cheese","Chenin Blanc, Sauvignon Blanc"
Domaine Delaporte Sancerre Blanc 2023,France,24.99,4,images/Domaine_Delaporte_Sancerre_Blanc_2023.png,images/bottle_Domaine_Delaporte_Sancerre_Blanc_2023.png,Sancerre,Domaine Delaporte,"citrus fruit, earth, tree fruit, vegetal, microbio, tropical fruit, oak, spices, floral, red fruit, non oak, black fruit, dried fruit","Pork, Shellfish, Spicy food, Vegetarian, Goat's Milk Cheese","Chenin Blanc, Sauvignon Blanc"
St. Supéry Sauvignon Blanc 2018,United States,34.05,4,images/St_Supry_Sauvignon_Blanc_2018.png,images/bottle_St_Supry_Sauvignon_Blanc_2018.png,Napa Valley,St. Supéry,"citrus fruit, tree fruit, tropical fruit, earth, vegetal, oak, microbio, spices, non oak, floral, dried fruit, red fruit, black fruit","Shellfish, Vegetarian, Goat's Milk Cheese",Sauvignon Blanc
Honig Sauvignon Blanc 2017,United States,22.99,3.9,images/Honig_Sauvignon_Blanc_2017.png,images/bottle_Honig_Sauvignon_Blanc_2017.png,Napa Valley,Honig,"citrus fruit, tree fruit, tropical fruit, earth, vegetal, microbio, oak, floral, spices, non oak, red fruit, dried fruit, black fruit","Shellfish, Vegetarian, Goat's Milk Cheese",Sauvignon Blanc
Ferrari Carano Fumé Blanc (Sauvignon Blanc) 2019,United States,22.99,3.8,images/Ferrari_Carano_Fum_Blanc_Sauvignon_Blanc_2019.png,images/bottle_Ferrari_Carano_Fum_Blanc_Sauvignon_Blanc_20.png,Dry Creek Valley,Ferrari Carano,"tree fruit, citrus fruit, oak, tropical fruit, microbio, earth, vegetal, non oak, spices, floral, red fruit, black fruit, dried fruit","Shellfish, Vegetarian, Goat's Milk Cheese",Sauvignon Blanc
"Black Elephant Vintners Two Dogs, A Peacock & A Horse Sauvignon Blanc 2024",South Africa,15.99,3.9,images/Black_Elephant_Vintners_Two_Dogs_A_Peacock_A_Horse.png,images/bottle_Black_Elephant_Vintners_Two_Dogs_A_Peacock_.png,Franschhoek,Black Elephant Vintners,"tropical fruit, citrus fruit, tree fruit, vegetal, earth, microbio, floral, spices, oak, non oak","Shellfish, Vegetarian, Goat's Milk Cheese",Sauvignon Blanc
Domaine Fouassier - François Le Saint Calcaire Sancerre 2023,France,43.99,4.1,images/Domaine_Fouassier_Franois_Le_Saint_Calcaire_Sancer.png,images/bottle_Domaine_Fouassier_Franois_Le_Saint_Calcaire.png,Sancerre,Domaine Fouassier - François Le Saint,"citrus fruit, earth, tree fruit, vegetal, oak, tropical fruit, microbio, floral, spices, non oak, black fruit, red fruit, dried fruit","Pork, Shellfish, Spicy food, Vegetarian, Goat's Milk Cheese","Chenin Blanc, Sauvignon Blanc"
Château Smith Haut-Lafitte Le Petit Smith Haut Lafitte Pessac-Léognan Blanc 2023,France,40,4.1,images/Chteau_Smith_Haut_Lafitte_Le_Petit_Smith_Haut_Lafi.png,images/bottle_Chteau_Smith_Haut_Lafitte_Le_Petit_Smith_Ha.png,Pessac-Léognan,Château Smith Haut-Lafitte,"citrus fruit, oak, tree fruit, earth, microbio, tropical fruit, non oak, spices, vegetal, floral, black fruit, red fruit, dried fruit","Pork, Vegetarian, Poultry, Appetizers and snacks, Lean fish","Sauvignon Blanc, Sémillon, Muscadelle"
Chateau Ste. Michelle Sauvignon Blanc 2017,United States,14.08,3.7,images/Chateau_Ste_Michelle_Sauvignon_Blanc_2017.png,images/bottle_Chateau_Ste_Michelle_Sauvignon_Blanc_2017.png,Columbia Valley,Chateau Ste. Michelle,"tree fruit, citrus fruit, earth, tropical fruit, vegetal, microbio, oak, spices, non oak, red fruit, floral, black fruit, dried fruit","Shellfish, Vegetarian, Goat's Milk Cheese",Sauvignon Blanc
Foucher Lebrun Petit le Mont Sauvignon 2024,France,12.99,3.7,images/Foucher_Lebrun_Petit_le_Mont_Sauvignon_2024.png,images/bottle_Foucher_Lebrun_Petit_le_Mont_Sauvignon_2024.png,Loire Valley,Foucher Lebrun,"citrus fruit, tree fruit, earth, vegetal, tropical fruit, microbio, spices, oak, red fruit, floral, non oak","Pork, Shellfish, Spicy food, Vegetarian, Goat's Milk Cheese","Chenin Blanc, Sauvignon Blanc"
Juggernaut Sauvignon Blanc 2024,New Zealand,16.99,4.1,images/Juggernaut_Sauvignon_Blanc_2024.png,images/bottle_Juggernaut_Sauvignon_Blanc_2024.png,Marlborough,Juggernaut,,"Shellfish, Vegetarian, Goat's Milk Cheese",Sauvignon Blanc
François Cotat Les Monts Damnés Sancerre 2023,France,99.99,4.2,images/Franois_Cotat_Les_Monts_Damns_Sancerre_2023.png,images/bottle_Franois_Cotat_Les_Monts_Damns_Sancerre_2023.png,Sancerre,François Cotat,"earth, citrus fruit, tree fruit, oak, vegetal, tropical fruit, non oak, microbio, spices, floral, black fruit, red fruit, dried fruit","Pork, Shellfish, Spicy food, Vegetarian, Goat's Milk Cheese","Chenin Blanc, Sauvignon Blanc"
Casillero del Diablo Sauvignon Blanc (Reserva) 2023,Chile,10.99,3.6,images/Casillero_del_Diablo_Sauvignon_Blanc_Reserva_2023.png,images/bottle_Casillero_del_Diablo_Sauvignon_Blanc_Reserv.png,Casablanca Valley,Casillero del Diablo,"citrus fruit, tree fruit, vegetal, tropical fruit, earth, oak, spices, microbio, non oak, floral, black fruit, red fruit, dried fruit","Shellfish, Vegetarian, Goat's Milk Cheese",Sauvignon Blanc
Wairau River Sauvignon Blanc 2023,New Zealand,15.99,4,images/Wairau_River_Sauvignon_Blanc_2023.png,images/bottle_Wairau_River_Sauvignon_Blanc_2023.png,Marlborough,Wairau River,"citrus fruit, tropical fruit, tree fruit, vegetal, earth, microbio, spices, oak, floral, non oak, black fruit, red fruit, dried fruit","Shellfish, Vegetarian, Goat's Milk Cheese",Sauvignon Blanc
Gitton Père & Fils Sancerre 'Les Montachins' 2023,France,34,3.9,images/Gitton_Pre_Fils_Sancerre_Les_Montachins_2023.png,images/bottle_Gitton_Pre_Fils_Sancerre_Les_Montachins_202.png,Sancerre,Gitton Père & Fils,"tree fruit, citrus fruit, earth, vegetal, spices, microbio, non oak, oak, tropical fruit, floral","Pork, Shellfish, Spicy food, Vegetarian, Goat's Milk Cheese","Chenin Blanc, Sauvignon Blanc"
Didier Dagueneau (Louis-Benjamin Dagueneau) Le Mont Damné Chavignol 2020,France,235,4.3,images/Didier_Dagueneau_Louis_Benjamin_Dagueneau_Le_Mont_.png,images/bottle_Didier_Dagueneau_Louis_Benjamin_Dagueneau_L.png,Sancerre,Didier Dagueneau (Louis-Benjamin Dagueneau),"earth, tree fruit, tropical fruit, citrus fruit, microbio, oak, vegetal, non oak, floral, spices, black fruit, dried fruit","Pork, Shellfish, Spicy food, Vegetarian, Goat's Milk Cheese","Chenin Blanc, Sauvignon Blanc"
Gitton Père & Fils Sancerre 2023,France,31,3.8,images/Gitton_Pre_Fils_Sancerre_2023.png,images/bottle_Gitton_Pre_Fils_Sancerre_2023.png,Sancerre,Gitton Père & Fils,"citrus fruit, earth, tree fruit, vegetal, floral, tropical fruit, microbio, spices","Pork, Shellfish, Spicy food, Vegetarian, Goat's Milk Cheese","Chenin Blanc, Sauvignon Blanc"
Massican Sauvignon 2024,United States,29.99,4.1,images/Massican_Sauvignon_2024.png,images/bottle_Massican_Sauvignon_2024.png,California,Massican,"citrus fruit, tree fruit, earth, tropical fruit, vegetal, oak, microbio, spices, non oak, red fruit, floral","Shellfish, Vegetarian, Goat's Milk Cheese",Sauvignon Blanc
Edmond Vatan Sancerre 'Clos la Néore' 2005,France,629,4.4,images/Edmond_Vatan_Sancerre_Clos_la_Nore_2005.png,images/bottle_Edmond_Vatan_Sancerre_Clos_la_Nore_2005.png,Sancerre,Edmond Vatan,"earth, citrus fruit, vegetal, tree fruit, spices, microbio, non oak, tropical fruit, oak, floral, red fruit","Pork, Shellfish, Spicy food, Vegetarian, Goat's Milk Cheese","Chenin Blanc, Sauvignon Blanc"
Lail Vineyards Blueprint Sauvignon Blanc 2010,United States,40,4.1,images/Lail_Vineyards_Blueprint_Sauvignon_Blanc_2010.png,images/bottle_Lail_Vineyards_Blueprint_Sauvignon_Blanc_20.png,Napa Valley,Lail Vineyards,"citrus fruit, tree fruit, oak, earth, vegetal, non oak, tropical fruit, microbio, spices, floral, dried fruit, black fruit","Shellfish, Vegetarian, Goat's Milk Cheese",Sauvignon Blanc
Pascal Jolivet Sauvignon Blanc Attitude 2021,France,25,3.8,images/Pascal_Jolivet_Sauvignon_Blanc_Attitude_2021.png,images/bottle_Pascal_Jolivet_Sauvignon_Blanc_Attitude_202.png,Touraine,Pascal Jolivet,"citrus fruit, tree fruit, earth, tropical fruit, vegetal, microbio, oak, spices, non oak, floral, red fruit, black fruit, dried fruit","Vegetarian, Lean fish, Goat's Milk Cheese",Sauvignon Blanc
SIMI Sonoma County Sauvignon Blanc 2018,United States,18.78,3.7,images/SIMI_Sonoma_County_Sauvignon_Blanc_2018.png,images/bottle_SIMI_Sonoma_County_Sauvignon_Blanc_2018.png,Sonoma County,SIMI,"citrus fruit, tree fruit, tropical fruit, earth, vegetal, oak, microbio, spices, non oak, black fruit, floral, red fruit, dried fruit","Shellfish, Vegetarian, Goat's Milk Cheese",Sauvignon Blanc
Dog Point Sauvignon Blanc 2023,New Zealand,23.99,3.9,images/Dog_Point_Sauvignon_Blanc_2023.png,images/bottle_Dog_Point_Sauvignon_Blanc_2023.png,Marlborough,Dog Point,"citrus fruit, vegetal, tropical fruit, earth, tree fruit, microbio, oak, spices, non oak, floral, black fruit, red fruit, dried fruit","Shellfish, Vegetarian, Goat's Milk Cheese",Sauvignon Blanc
Starborough Sauvignon Blanc 2021,New Zealand,12.99,3.8,images/Starborough_Sauvignon_Blanc_2021.png,images/bottle_Starborough_Sauvignon_Blanc_2021.png,Marlborough,Starborough,"citrus fruit, tree fruit, tropical fruit, vegetal, earth, spices, microbio, oak, floral, non oak, red fruit, dried fruit, black fruit","Shellfish, Vegetarian, Goat's Milk Cheese",Sauvignon Blanc
Kante Sauvignon 2021,Italy,56,3.8,images/Kante_Sauvignon_2021.png,images/bottle_Kante_Sauvignon_2021.png,Carso,Kante,"citrus fruit, tree fruit, earth, microbio, tropical fruit, vegetal, oak, spices, non oak, floral, black fruit","Pasta, Shellfish, Mature and hard cheese, Lean fish, Cured Meat","Arneis, Pinot Blanc, Cortese, Tocai Friulano"
The Crossings Sauvignon Blanc 2022,New Zealand,11.99,3.8,images/The_Crossings_Sauvignon_Blanc_2022.png,images/bottle_The_Crossings_Sauvignon_Blanc_2022.png,Marlborough,The Crossings,"citrus fruit, tropical fruit, tree fruit, vegetal, earth, spices, microbio, floral, oak, black fruit, red fruit, non oak, dried fruit","Shellfish, Vegetarian, Goat's Milk Cheese",Sauvignon Blanc
Lauverjat Karine Sancerre Blanc 2024,France,29.99,4.1,images/Lauverjat_Karine_Sancerre_Blanc_2024.png,images/bottle_Lauverjat_Karine_Sancerre_Blanc_2024.png,Sancerre,Lauverjat,"citrus fruit, tree fruit, earth, vegetal, oak, microbio, tropical fruit, floral, red fruit, spices, non oak","Pork, Shellfish, Spicy food, Vegetarian, Goat's Milk Cheese","Chenin Blanc, Sauvignon Blanc"
Decibel Crownthorpe Vineyard Sauvignon Blanc 2023,New Zealand,15.99,4,images/Decibel_Crownthorpe_Vineyard_Sauvignon_Blanc_2023.png,images/bottle_Decibel_Crownthorpe_Vineyard_Sauvignon_Blan.png,Hawke's Bay,Decibel,"citrus fruit, tree fruit, earth, tropical fruit, vegetal, microbio, floral, spices, oak, red fruit, non oak","Shellfish, Vegetarian, Goat's Milk Cheese",Sauvignon Blanc
Emmolo Sauvignon Blanc 2019,United States,35.99,4,images/Emmolo_Sauvignon_Blanc_2019.png,images/bottle_Emmolo_Sauvignon_Blanc_2019.png,Napa Valley,Emmolo,"citrus fruit, tree fruit, earth, vegetal, microbio, oak, tropical fruit, floral, spices, non oak, red fruit, dried fruit, black fruit","Shellfish, Vegetarian, Goat's Milk Cheese",Sauvignon Blanc
Justin Sauvignon Blanc 2019,United States,24.99,3.6,images/Justin_Sauvignon_Blanc_2019.png,images/bottle_Justin_Sauvignon_Blanc_2019.png,Paso Robles,Justin,"citrus fruit, tree fruit, tropical fruit, earth, vegetal, oak, microbio, spices, floral, non oak, red fruit, dried fruit, black fruit","Shellfish, Vegetarian, Goat's Milk Cheese",Sauvignon Blanc
Turnbull Sauvignon Blanc 2023,United States,36.99,4,images/Turnbull_Sauvignon_Blanc_2023.png,images/bottle_Turnbull_Sauvignon_Blanc_2023.png,Oakville,Turnbull,"citrus fruit, tree fruit, tropical fruit, earth, vegetal, microbio, oak, spices, floral, non oak, red fruit, dried fruit","Shellfish, Vegetarian, Goat's Milk Cheese",Sauvignon Blanc
Riebeek Cellars Sauvignon Blanc 2023,South Africa,11.98,3.5,images/Riebeek_Cellars_Sauvignon_Blanc_2023.png,images/bottle_Riebeek_Cellars_Sauvignon_Blanc_2023.png,Swartland,Riebeek Cellars,"citrus fruit, tree fruit, tropical fruit, vegetal, earth, oak, microbio, black fruit, non oak, red fruit, spices","Shellfish, Vegetarian, Goat's Milk Cheese",Sauvignon Blanc
Duckhorn North Coast Sauvignon Blanc 2022,United States,28,4.1,images/Duckhorn_North_Coast_Sauvignon_Blanc_2022.png,images/bottle_Duckhorn_North_Coast_Sauvignon_Blanc_2022.png,North Coast,Duckhorn,"citrus fruit, tree fruit, tropical fruit, earth, vegetal, microbio, oak, floral, non oak, spices, red fruit, dried fruit, black fruit","Shellfish, Vegetarian, Goat's Milk Cheese",Sauvignon Blanc
Emile Balland Les Beaux Jours Coteaux du Giennois 2023,France,19.99,3.8,images/Emile_Balland_Les_Beaux_Jours_Coteaux_du_Giennois_.png,images/bottle_Emile_Balland_Les_Beaux_Jours_Coteaux_du_Gi.png,Coteaux du Giennois,Emile Balland,"citrus fruit, tree fruit, earth, vegetal, microbio, red fruit, oak, spices, tropical fruit, floral, non oak","Pork, Shellfish, Spicy food, Vegetarian, Goat's Milk Cheese","Chenin Blanc, Sauvignon Blanc"
Vincent Siret Courtaud Quincy 2022,France,27.99,3.8,images/Vincent_Siret_Courtaud_Quincy_2022.jpg,,Quincy,Vincent Siret Courtaud,"citrus fruit, tree fruit, earth, non oak, oak, vegetal, spices, red fruit, microbio","Pork, Shellfish, Spicy food, Vegetarian, Goat's Milk Cheese","Chenin Blanc, Sauvignon Blanc"
François Chidaine Clos de la Grange Touraine Sauvignon 2023,France,19.99,3.8,images/Franois_Chidaine_Clos_de_la_Grange_Touraine_Sauvig.png,images/bottle_Franois_Chidaine_Clos_de_la_Grange_Touraine.png,Touraine,François Chidaine,"citrus fruit, earth, tree fruit, tropical fruit, vegetal, microbio, oak, red fruit, spices, floral, dried fruit, non oak","Vegetarian, Lean fish, Goat's Milk Cheese",Sauvignon Blanc
Raimbault Noël et Jean-Luc Sancerre 2023,France,26.99,3.9,images/Raimbault_Nol_et_Jean_Luc_Sancerre_2023.png,images/bottle_Raimbault_Nol_et_Jean_Luc_Sancerre_2023.png,Sancerre,Raimbault Noël et Jean-Luc,"citrus fruit, earth, tree fruit, tropical fruit, vegetal, oak, floral, microbio, non oak, red fruit, spices, black fruit","Pork, Shellfish, Spicy food, Vegetarian, Goat's Milk Cheese","Chenin Blanc, Sauvignon Blanc"
Patricia Green Cellars Sauvignon Blanc 2024,United States,27.99,4.1,images/Patricia_Green_Cellars_Sauvignon_Blanc_2024.png,images/bottle_Patricia_Green_Cellars_Sauvignon_Blanc_2024.png,Willamette Valley,Patricia Green Cellars,"citrus fruit, tree fruit, tropical fruit, earth, vegetal, microbio, spices, floral, oak, non oak, dried fruit","Rich fish (salmon, tuna etc), Vegetarian, Poultry, Lean fish, Mild and soft cheese",Sauvignon Blanc
Terra Vega Sauvignon Blanc 2023,Chile,11.99,3.3,images/Terra_Vega_Sauvignon_Blanc_2023.png,images/bottle_Terra_Vega_Sauvignon_Blanc_2023.png,Central Valley,Terra Vega,"citrus fruit, tree fruit, tropical fruit, vegetal, earth, microbio, oak, spices, floral, non oak, black fruit, red fruit","Shellfish, Vegetarian, Goat's Milk Cheese",Sauvignon Blanc
Laporte Pouilly-Fumé La Vigne de Beaussoppet 2023,France,53,3.9,images/Laporte_Pouilly_Fum_La_Vigne_de_Beaussoppet_2023.png,images/bottle_Laporte_Pouilly_Fum_La_Vigne_de_Beaussoppet.png,Pouilly-Fumé,Laporte,"earth, citrus fruit, vegetal, tree fruit, oak, tropical fruit, black fruit, spices, floral, microbio, non oak","Pork, Shellfish, Spicy food, Vegetarian, Goat's Milk Cheese","Chenin Blanc, Sauvignon Blanc"
Spier Sauvignon Blanc 2024,South Africa,12.97,3.5,images/Spier_Sauvignon_Blanc_2024.png,images/bottle_Spier_Sauvignon_Blanc_2024.png,Stellenbosch,Spier,"tropical fruit, tree fruit, citrus fruit, vegetal, earth, microbio, oak, non oak, dried fruit, floral, red fruit, spices","Shellfish, Vegetarian, Goat's Milk Cheese",Sauvignon Blanc
Barkan Classic Sauvignon Blanc 2024,Israel,13.99,3.4,images/Barkan_Classic_Sauvignon_Blanc_2024.png,images/bottle_Barkan_Classic_Sauvignon_Blanc_2024.png,Judean Hills,Barkan,"tree fruit, citrus fruit, tropical fruit, vegetal, spices, microbio, oak, floral, earth, non oak, dried fruit","Spicy food, Vegetarian, Poultry, Appetizers and snacks, Lean fish, Goat's Milk Cheese",Sauvignon Blanc
Schug Sauvignon Blanc 2020,United States,24.99,3.9,images/Schug_Sauvignon_Blanc_2020.png,images/bottle_Schug_Sauvignon_Blanc_2020.png,Sonoma Coast,Schug,"citrus fruit, tree fruit, tropical fruit, microbio, oak, vegetal, earth, spices, floral","Shellfish, Vegetarian, Goat's Milk Cheese",Sauvignon Blanc
Murphy-Goode The Fumé Sauvignon Blanc 2017,United States,16.41,3.7,images/Murphy_Goode_The_Fum_Sauvignon_Blanc_2017.png,images/bottle_Murphy_Goode_The_Fum_Sauvignon_Blanc_2017.png,North Coast,Murphy-Goode,"citrus fruit, tree fruit, tropical fruit, earth, oak, vegetal, microbio, non oak, floral, spices, red fruit, black fruit, dried fruit","Shellfish, Vegetarian, Goat's Milk Cheese",Sauvignon Blanc
Pahlmeyer Jayson Sauvignon Blanc 2024,United States,31.99,4.1,images/Pahlmeyer_Jayson_Sauvignon_Blanc_2024.png,images/bottle_Pahlmeyer_Jayson_Sauvignon_Blanc_2024.png,Napa Valley,Pahlmeyer,"citrus fruit, tree fruit, earth, tropical fruit, oak, vegetal, microbio, non oak, spices, floral","Shellfish, Vegetarian, Goat's Milk Cheese",Sauvignon Blanc
Shaw + Smith Sauvignon Blanc 2022,Australia,24.99,4,images/Shaw_Smith_Sauvignon_Blanc_2022.png,images/bottle_Shaw_Smith_Sauvignon_Blanc_2022.png,Adelaide Hills,Shaw + Smith,"citrus fruit, tropical fruit, tree fruit, vegetal, earth, microbio, floral, spices, oak, non oak, red fruit, black fruit","Shellfish, Vegetarian, Goat's Milk Cheese",Sauvignon Blanc
Golan Heights Winery Mount Hermon White 2022,Israel,12.99,4,images/Golan_Heights_Winery_Mount_Hermon_White_2022.png,images/bottle_Golan_Heights_Winery_Mount_Hermon_White_202.png,Galilee,Golan Heights Winery,"tree fruit, citrus fruit, earth, tropical fruit, microbio, oak, vegetal, spices, floral, non oak, red fruit, dried fruit, black fruit","Spicy food, Vegetarian, Poultry, Appetizers and snacks, Lean fish, Goat's Milk Cheese",Sauvignon Blanc
Domaine de la Villaudière Sancerre 2023,France,31.99,4,images/Domaine_de_la_Villaudire_Sancerre_2023.png,images/bottle_Domaine_de_la_Villaudire_Sancerre_2023.png,Sancerre,Domaine de la Villaudière,"citrus fruit, tree fruit, earth, vegetal, tropical fruit, microbio, floral, oak, spices, black fruit, non oak, red fruit, dried fruit","Pork, Shellfish, Spicy food, Vegetarian, Goat's Milk Cheese","Chenin Blanc, Sauvignon Blanc"
Goose Bay Sauvignon Blanc 2023,New Zealand,15.99,3.8,images/Goose_Bay_Sauvignon_Blanc_2023.png,images/bottle_Goose_Bay_Sauvignon_Blanc_2023.png,Marlborough,Goose Bay,"citrus fruit, tree fruit, vegetal, tropical fruit, earth, microbio, oak, spices, red fruit, non oak","Shellfish, Vegetarian, Goat's Milk Cheese",Sauvignon Blanc
Bevan Cellars Dry Stack Vineyard Sauvignon Blanc 2023,United States,49.99,4.1,images/Bevan_Cellars_Dry_Stack_Vineyard_Sauvignon_Blanc_2.png,images/bottle_Bevan_Cellars_Dry_Stack_Vineyard_Sauvignon_.png,Bennett Valley,Bevan Cellars,"citrus fruit, tropical fruit, tree fruit, oak, vegetal, microbio, earth, spices, floral, non oak, black fruit","Shellfish, Vegetarian, Goat's Milk Cheese",Sauvignon Blanc
Pascal Jolivet Sancerre Blanc 2022,France,40,4.1,images/Pascal_Jolivet_Sancerre_Blanc_2022.png,images/bottle_Pascal_Jolivet_Sancerre_Blanc_2022.png,Sancerre,Pascal Jolivet,"citrus fruit, earth, tree fruit, vegetal, tropical fruit, microbio, oak, spices, floral, non oak, red fruit, black fruit, dried fruit","Pork, Shellfish, Spicy food, Vegetarian, Goat's Milk Cheese","Chenin Blanc, Sauvignon Blanc"
Silverado Vineyards Miller Ranch Sauvignon Blanc 2018,United States,40.7,3.8,images/Silverado_Vineyards_Miller_Ranch_Sauvignon_Blanc_2.png,images/bottle_Silverado_Vineyards_Miller_Ranch_Sauvignon_.png,Napa Valley,Silverado Vineyards,"citrus fruit, tree fruit, tropical fruit, earth, vegetal, spices, oak, microbio, floral, non oak, red fruit, black fruit, dried fruit","Shellfish, Vegetarian, Goat's Milk Cheese",Sauvignon Blanc
Matua Lighter Sauvignon Blanc 2024,New Zealand,12.99,3.6,images/Matua_Lighter_Sauvignon_Blanc_2024.png,images/bottle_Matua_Lighter_Sauvignon_Blanc_2024.png,Marlborough,Matua,"citrus fruit, tree fruit, tropical fruit, earth, vegetal, red fruit, microbio","Shellfish, Vegetarian, Goat's Milk Cheese",Sauvignon Blanc
Stag's Leap Wine Cellars AVETA Sauvignon Blanc 2019,United States,29.99,4.2,images/Stags_Leap_Wine_Cellars_AVETA_Sauvignon_Blanc_2019.png,images/bottle_Stags_Leap_Wine_Cellars_AVETA_Sauvignon_Bla.png,Napa Valley,Stag's Leap Wine Cellars,"citrus fruit, tree fruit, tropical fruit, earth, vegetal, oak, spices, microbio, non oak, floral, red fruit, black fruit, dried fruit","Shellfish, Vegetarian, Goat's Milk Cheese",Sauvignon Blanc
Turnbull Josephine Sauvignon Blanc 2024,United States,50,4.3,images/Turnbull_Josephine_Sauvignon_Blanc_2024.png,images/bottle_Turnbull_Josephine_Sauvignon_Blanc_2024.png,Oakville,Turnbull,"tree fruit, citrus fruit, tropical fruit, earth, oak, microbio, vegetal, floral, spices, red fruit, non oak","Shellfish, Vegetarian, Goat's Milk Cheese",Sauvignon Blanc
Biscaye Baie Sauvignon Blanc 2023,France,12.99,3.8,images/Biscaye_Baie_Sauvignon_Blanc_2023.png,images/bottle_Biscaye_Baie_Sauvignon_Blanc_2023.png,Côtes de Gascogne,Biscaye Baie,"citrus fruit, tree fruit, tropical fruit, earth, vegetal, spices, floral, microbio, oak, red fruit, non oak","Shellfish, Spicy food, Poultry, Lean fish, Goat's Milk Cheese, Cured Meat",
SeaGlass Sauvignon Blanc 2017,United States,17.13,3.5,images/SeaGlass_Sauvignon_Blanc_2017.png,images/bottle_SeaGlass_Sauvignon_Blanc_2017.png,Santa Barbara County,SeaGlass,"citrus fruit, tree fruit, tropical fruit, earth, vegetal, microbio, oak, spices, non oak, floral, red fruit, black fruit, dried fruit","Shellfish, Vegetarian, Goat's Milk Cheese",Sauvignon Blanc
Allan Scott Sauvignon Blanc 2023,New Zealand,18,3.8,images/Allan_Scott_Sauvignon_Blanc_2023.png,images/bottle_Allan_Scott_Sauvignon_Blanc_2023.png,Marlborough,Allan Scott,"citrus fruit, tropical fruit, tree fruit, vegetal, earth, spices, microbio, oak, floral, non oak, red fruit, dried fruit, black fruit","Shellfish, Vegetarian, Goat's Milk Cheese",Sauvignon Blanc
McFadden Vineyard Blue Quail Sauvignon Blanc 2024,United States,16.99,3.8,images/McFadden_Vineyard_Blue_Quail_Sauvignon_Blanc_2024.png,images/bottle_McFadden_Vineyard_Blue_Quail_Sauvignon_Blan.png,Potter Valley,McFadden Vineyard,"citrus fruit, tree fruit, earth, microbio, spices, oak, vegetal, tropical fruit, floral, non oak","Shellfish, Vegetarian, Goat's Milk Cheese",Sauvignon Blanc
Ménage à Trois Sauvignon Blanc 2024,United States,10.99,3.3,images/Mnage_Trois_Sauvignon_Blanc_2024.png,images/bottle_Mnage_Trois_Sauvignon_Blanc_2024.png,California,Ménage à Trois,"citrus fruit, tropical fruit, tree fruit, microbio, oak, spices, earth","Shellfish, Vegetarian, Goat's Milk Cheese",Sauvignon Blanc
Patrick Noël Sancerre Blanc 2023,France,42.99,4,images/Patrick_Nol_Sancerre_Blanc_2023.png,images/bottle_Patrick_Nol_Sancerre_Blanc_2023.png,Sancerre,Patrick Noël,"citrus fruit, vegetal, tree fruit, earth, tropical fruit, black fruit, red fruit, floral, microbio","Pork, Shellfish, Spicy food, Vegetarian, Goat's Milk Cheese","Chenin Blanc, Sauvignon Blanc"
Paul & Jean-Marc Pastou Les Boucaults Vieilles Vignes Sancerre 2024,France,28.99,4,images/Paul_Jean_Marc_Pastou_Les_Boucaults_Vieilles_Vigne.jpg,,Sancerre,Paul & Jean-Marc Pastou,"citrus fruit, tree fruit, vegetal, earth, tropical fruit, non oak, oak, microbio, floral, black fruit","Pork, Shellfish, Spicy food, Vegetarian, Goat's Milk Cheese","Chenin Blanc, Sauvignon Blanc"
Sunny With a Chance of Flowers Sauvignon Blanc 2022,United States,14.99,3.6,images/Sunny_With_a_Chance_of_Flowers_Sauvignon_Blanc_202.png,images/bottle_Sunny_With_a_Chance_of_Flowers_Sauvignon_Bl.png,Monterey,Sunny With a Chance of Flowers,"citrus fruit, earth, tropical fruit, tree fruit, vegetal, microbio, spices, floral, black fruit","Shellfish, Vegetarian, Goat's Milk Cheese",Sauvignon Blanc
Vincent Pinard Grand Chemarin Sancerre 2022,France,65,4.1,images/Vincent_Pinard_Grand_Chemarin_Sancerre_2022.png,images/bottle_Vincent_Pinard_Grand_Chemarin_Sancerre_2022.png,Sancerre,Vincent Pinard,"citrus fruit, earth, oak, tree fruit, microbio, tropical fruit, vegetal, floral, black fruit, spices, non oak","Pork, Shellfish, Spicy food, Vegetarian, Goat's Milk Cheese","Chenin Blanc, Sauvignon Blanc"
Babich Sauvignon Blanc 2023,New Zealand,11.99,4.1,images/Babich_Sauvignon_Blanc_2023.png,images/bottle_Babich_Sauvignon_Blanc_2023.png,Marlborough,Babich,"citrus fruit, tropical fruit, tree fruit, vegetal, earth, microbio, spices, floral, oak, black fruit, non oak, red fruit, dried fruit","Shellfish, Vegetarian, Goat's Milk Cheese",Sauvignon Blanc
Pavette Sauvignon 2024,United States,13.99,3.9,images/Pavette_Sauvignon_2024.png,images/bottle_Pavette_Sauvignon_2024.png,California,Pavette,"tree fruit, citrus fruit, tropical fruit, vegetal, earth, microbio, oak, red fruit","Shellfish, Vegetarian, Goat's Milk Cheese",Sauvignon Blanc
Blue Rock Baby Blue White 2023,United States,25.99,4,images/Blue_Rock_Baby_Blue_White_2023.png,images/bottle_Blue_Rock_Baby_Blue_White_2023.png,Sonoma Coast,Blue Rock,"citrus fruit, tree fruit, earth, vegetal, tropical fruit, microbio, spices, floral, oak, non oak, black fruit, red fruit","Shellfish, Vegetarian, Goat's Milk Cheese",Sauvignon Blanc
Miani Sauvignon 2023,Italy,125,4.3,images/Miani_Sauvignon_2023.png,images/bottle_Miani_Sauvignon_2023.png,Colli Orientali del Friuli,Miani,"earth, tree fruit, tropical fruit, citrus fruit, microbio, oak, non oak, spices, vegetal, floral","Pasta, Shellfish, Mature and hard cheese, Lean fish, Cured Meat","Arneis, Pinot Blanc, Cortese, Tocai Friulano"
Serge Dagueneau & Filles Pouilly-Fumé Les Pentes 2023,France,29.99,4.1,images/Serge_Dagueneau_Filles_Pouilly_Fum_Les_Pentes_2023.png,images/bottle_Serge_Dagueneau_Filles_Pouilly_Fum_Les_Pent.png,Pouilly-Fumé,Serge Dagueneau & Filles,"citrus fruit, earth, tree fruit, vegetal, microbio, oak, spices, non oak, tropical fruit, floral","Pork, Shellfish, Spicy food, Vegetarian, Goat's Milk Cheese","Chenin Blanc, Sauvignon Blanc"
Where’s Linus? Sauvignon Blanc 2022,United States,18.99,3.9,images/Wheres_Linus_Sauvignon_Blanc_2022.png,images/bottle_Wheres_Linus_Sauvignon_Blanc_2022.png,California,Where’s Linus?,"citrus fruit, earth, vegetal, oak, tree fruit, red fruit, spices, microbio, non oak, tropical fruit, floral","Shellfish, Vegetarian, Goat's Milk Cheese",Sauvignon Blanc
Domaine Mardon - Domaine Luc Tabordet Cuvée Très Vieilles Vignes Quincy 2023,France,24.99,4.1,images/Domaine_Mardon_Domaine_Luc_Tabordet_Cuve_Trs_Vieil.png,images/bottle_Domaine_Mardon_Domaine_Luc_Tabordet_Cuve_Tr.png,Quincy,Domaine Mardon - Domaine Luc Tabordet,"citrus fruit, earth, tree fruit, microbio, tropical fruit, oak, vegetal, non oak, spices, red fruit, black fruit, floral, dried fruit","Pork, Shellfish, Spicy food, Vegetarian, Goat's Milk Cheese","Chenin Blanc, Sauvignon Blanc"
Walnut Block Sauvignon Blanc 2023,New Zealand,16.99,4,images/Walnut_Block_Sauvignon_Blanc_2023.png,images/bottle_Walnut_Block_Sauvignon_Blanc_2023.png,Marlborough,Walnut Block,"citrus fruit, tree fruit, tropical fruit, vegetal, earth, microbio, spices, oak, floral, non oak, dried fruit","Shellfish, Vegetarian, Goat's Milk Cheese",Sauvignon Blanc
Jonata Flor 2022,United States,89.99,4.2,images/Jonata_Flor_2022.png,images/bottle_Jonata_Flor_2022.png,Ballard Canyon,Jonata,"citrus fruit, oak, tropical fruit, tree fruit, non oak, earth, spices, floral, microbio, vegetal, black fruit, dried fruit","Shellfish, Vegetarian, Goat's Milk Cheese",Sauvignon Blanc
Dalton Oak Aged Fumé Blanc 2023,Israel,22.99,3.7,images/Dalton_Oak_Aged_Fum_Blanc_2023.png,images/bottle_Dalton_Oak_Aged_Fum_Blanc_2023.png,Galilee,Dalton,"oak, citrus fruit, tree fruit, earth, tropical fruit, microbio, non oak, vegetal, floral","Spicy food, Vegetarian, Poultry, Appetizers and snacks, Lean fish, Goat's Milk Cheese",Sauvignon Blanc
Rombauer Vineyards Sauvignon Blanc 2020,United States,29.99,4.1,images/Rombauer_Vineyards_Sauvignon_Blanc_2020.png,images/bottle_Rombauer_Vineyards_Sauvignon_Blanc_2020.png,Napa Valley,Rombauer Vineyards,"citrus fruit, tree fruit, tropical fruit, oak, vegetal, earth, microbio, spices, non oak, floral, red fruit, black fruit, dried fruit","Shellfish, Vegetarian, Goat's Milk Cheese",Sauvignon Blanc
Dragonette Sauvignon Blanc 2023,United States,39.99,4,images/Dragonette_Sauvignon_Blanc_2023.png,images/bottle_Dragonette_Sauvignon_Blanc_2023.png,Happy Canyon of Santa Barbara,Dragonette,"tree fruit, citrus fruit, tropical fruit, oak, earth, microbio, vegetal, floral, non oak, spices, red fruit, black fruit, dried fruit","Shellfish, Vegetarian, Goat's Milk Cheese",Sauvignon Blanc
Alphonse Mellot La Moussière Sancerre Blanc 2022,France,39.99,4.1,images/Alphonse_Mellot_La_Moussire_Sancerre_Blanc_2022.png,images/bottle_Alphonse_Mellot_La_Moussire_Sancerre_Blanc_.png,Sancerre,Alphonse Mellot,"citrus fruit, tree fruit, earth, vegetal, microbio, oak, tropical fruit, spices, floral, non oak, red fruit, dried fruit, black fruit","Pork, Shellfish, Spicy food, Vegetarian, Goat's Milk Cheese","Chenin Blanc, Sauvignon Blanc"
Gerard & Pierre Morin Sancerre Vieilles Vignes 2023,France,39.99,3.9,images/Gerard_Pierre_Morin_Sancerre_Vieilles_Vignes_2023.png,images/bottle_Gerard_Pierre_Morin_Sancerre_Vieilles_Vigne.png,Sancerre,Gerard & Pierre Morin,"citrus fruit, tree fruit, earth, vegetal, microbio, floral, spices, tropical fruit, oak, non oak","Pork, Shellfish, Spicy food, Vegetarian, Goat's Milk Cheese","Chenin Blanc, Sauvignon Blanc"
Rapaura Springs Reserve Marlborough Sauvignon Blanc 2023,New Zealand,17.99,4.1,images/Rapaura_Springs_Reserve_Marlborough_Sauvignon_Blan.png,images/bottle_Rapaura_Springs_Reserve_Marlborough_Sauvign.png,Marlborough,Rapaura Springs,"tropical fruit, citrus fruit, tree fruit, vegetal, earth, microbio, oak, spices, floral, non oak, black fruit, red fruit","Shellfish, Vegetarian, Goat's Milk Cheese",Sauvignon Blanc
Philippe Raimbault Les Lumeaux Pouilly-Fumé 2021,France,24.99,3.9,images/Philippe_Raimbault_Les_Lumeaux_Pouilly_Fum_2021.png,images/bottle_Philippe_Raimbault_Les_Lumeaux_Pouilly_Fum_.png,Pouilly-Fumé,Philippe Raimbault,"citrus fruit, earth, tropical fruit, tree fruit, microbio, vegetal, oak, floral, non oak, black fruit, spices","Pork, Shellfish, Spicy food, Vegetarian, Goat's Milk Cheese","Chenin Blanc, Sauvignon Blanc"
Jean-Max Roger Cuvée G.C. Sancerre 2024,France,34.99,3.8,images/Jean_Max_Roger_Cuve_GC_Sancerre_2024.png,images/bottle_Jean_Max_Roger_Cuve_GC_Sancerre_2024.png,Sancerre,Jean-Max Roger,"citrus fruit, tree fruit, earth, tropical fruit, vegetal, oak, microbio, non oak, spices, red fruit, floral","Pork, Shellfish, Spicy food, Vegetarian, Goat's Milk Cheese","Chenin Blanc, Sauvignon Blanc"
Merry Edwards Sauvignon Blanc 2022,United States,42.99,4.4,images/Merry_Edwards_Sauvignon_Blanc_2022.png,images/bottle_Merry_Edwards_Sauvignon_Blanc_2022.png,Russian River Valley,Merry Edwards,"tree fruit, citrus fruit, oak, microbio, tropical fruit, earth, non oak, spices, vegetal, floral, red fruit, dried fruit, black fruit","Shellfish, Vegetarian, Goat's Milk Cheese",Sauvignon Blanc
Vincent Pinard Le Château Sancerre 2022,France,65,4.2,images/Vincent_Pinard_Le_Chteau_Sancerre_2022.png,images/bottle_Vincent_Pinard_Le_Chteau_Sancerre_2022.png,Sancerre,Vincent Pinard,"citrus fruit, earth, oak, tree fruit, tropical fruit, spices, non oak, vegetal, microbio, floral","Pork, Shellfish, Spicy food, Vegetarian, Goat's Milk Cheese","Chenin Blanc, Sauvignon Blanc"
Vigneron Firmin Dezat Pouilly-Fumé 2024,France,25.99,4.1,images/Vigneron_Firmin_Dezat_Pouilly_Fum_2024.jpg,,Pouilly-Fumé,Vigneron Firmin Dezat,"citrus fruit, earth, tree fruit, spices, vegetal, non oak, oak","Pork, Shellfish, Spicy food, Vegetarian, Goat's Milk Cheese","Chenin Blanc, Sauvignon Blanc"
The Little Sheep Sauvignon Blanc 2023,New Zealand,12.99,4,images/The_Little_Sheep_Sauvignon_Blanc_2023.png,images/bottle_The_Little_Sheep_Sauvignon_Blanc_2023.png,Marlborough,The Little Sheep,"citrus fruit, tree fruit, tropical fruit, vegetal, earth, microbio, oak, spices, floral, red fruit, non oak, black fruit","Shellfish, Vegetarian, Goat's Milk Cheese",Sauvignon Blanc
Tement Kalk & Kreide Sauvignon Blanc 2023,Austria,24.99,4,images/Tement_Kalk_Kreide_Sauvignon_Blanc_2023.png,images/bottle_Tement_Kalk_Kreide_Sauvignon_Blanc_2023.png,Südsteiermark,Tement,"citrus fruit, earth, vegetal, tree fruit, tropical fruit, floral, oak, microbio, spices, black fruit, non oak","Shellfish, Vegetarian, Goat's Milk Cheese",Sauvignon Blanc
Rodney Strong Charlotte's Home Estate Sauvignon Blanc 2019,United States,15.26,3.7,images/Rodney_Strong_Charlottes_Home_Estate_Sauvignon_Bla.png,images/bottle_Rodney_Strong_Charlottes_Home_Estate_Sauvig.png,Sonoma County,Rodney Strong,"citrus fruit, tree fruit, tropical fruit, earth, oak, vegetal, microbio, spices, non oak, floral, red fruit, black fruit, dried fruit","Shellfish, Vegetarian, Goat's Milk Cheese",Sauvignon Blanc
"Invivo X, SJP Sauvignon Blanc 2023",New Zealand,19.99,4,images/Invivo_X_SJP_Sauvignon_Blanc_2023.png,images/bottle_Invivo_X_SJP_Sauvignon_Blanc_2023.png,Marlborough,Invivo,"citrus fruit, tropical fruit, tree fruit, vegetal, earth, microbio, spices, oak, floral, non oak, red fruit, black fruit, dried fruit","Shellfish, Vegetarian, Goat's Milk Cheese",Sauvignon Blanc
Cultivar Wine Sauvignon Blanc 2022,United States,19.99,3.9,images/Cultivar_Wine_Sauvignon_Blanc_2022.png,images/bottle_Cultivar_Wine_Sauvignon_Blanc_2022.png,Napa Valley,Cultivar Wine,"citrus fruit, tree fruit, tropical fruit, earth, oak, microbio, non oak, black fruit, spices, vegetal, red fruit, floral","Shellfish, Vegetarian, Goat's Milk Cheese",Sauvignon Blanc
Lobster Reef Sauvignon Blanc 2022,New Zealand,13.99,3.9,images/Lobster_Reef_Sauvignon_Blanc_2022.png,images/bottle_Lobster_Reef_Sauvignon_Blanc_2022.png,Marlborough,Lobster Reef,"citrus fruit, tropical fruit, tree fruit, vegetal, earth, microbio, oak, floral, spices, non oak, red fruit","Shellfish, Vegetarian, Goat's Milk Cheese",Sauvignon Blanc
Domaine du Nozay Sancerre 'Le Paradis' 2021,France,42,4,images/Domaine_du_Nozay_Sancerre_Le_Paradis_2021.jpg,,Sancerre,Domaine du Nozay,"tree fruit, spices, earth, non oak, oak, citrus fruit, microbio","Pork, Shellfish, Spicy food, Vegetarian, Goat's Milk Cheese","Chenin Blanc, Sauvignon Blanc"
Peter Yealands Sauvignon Blanc 2021,New Zealand,15.99,3.9,images/Peter_Yealands_Sauvignon_Blanc_2021.png,images/bottle_Peter_Yealands_Sauvignon_Blanc_2021.png,Marlborough,Peter Yealands,"citrus fruit, tropical fruit, tree fruit, vegetal, earth, microbio, spices, floral, oak, black fruit, non oak, red fruit, dried fruit","Shellfish, Vegetarian, Goat's Milk Cheese",Sauvignon Blanc
Monte Xanic Viña Kristel Sauvignon Blanc 2022,Mexico,19.99,4.2,images/Monte_Xanic_Via_Kristel_Sauvignon_Blanc_2022.png,images/bottle_Monte_Xanic_Via_Kristel_Sauvignon_Blanc_202.png,Valle de Guadalupe,Monte Xanic,"tropical fruit, citrus fruit, tree fruit, earth, vegetal, microbio, oak, spices, floral, non oak, red fruit, dried fruit, black fruit",,
Vie di Romans Flors di Uis 2021,Italy,38.99,4.3,images/Vie_di_Romans_Flors_di_Uis_2021.png,images/bottle_Vie_di_Romans_Flors_di_Uis_2021.png,Friuli Isonzo,Vie di Romans,"tree fruit, earth, citrus fruit, microbio, oak, tropical fruit, vegetal, floral, spices, non oak, dried fruit, red fruit","Pasta, Shellfish, Mature and hard cheese, Lean fish, Cured Meat","Arneis, Pinot Blanc, Cortese, Tocai Friulano"
Le Jade Sauvignon 2023,France,10.98,3.4,images/Le_Jade_Sauvignon_2023.png,images/bottle_Le_Jade_Sauvignon_2023.png,Pays d'Oc,Le Jade,"citrus fruit, tree fruit, tropical fruit, vegetal, earth","Pasta, Vegetarian, Poultry, Lean fish, Aperitif","Grenache Blanc, Bourboulenc"
Bread & Butter Sauvignon Blanc 2022,United States,15.99,3.7,images/Bread_Butter_Sauvignon_Blanc_2022.png,images/bottle_Bread_Butter_Sauvignon_Blanc_2022.png,North Coast,Bread & Butter,"citrus fruit, tree fruit, oak, microbio, tropical fruit, earth, spices, vegetal, non oak, red fruit, floral","Shellfish, Vegetarian, Goat's Milk Cheese",Sauvignon Blanc
Kenzo Estate Asatsuyu Sauvignon Blanc 2023,United States,109.99,4.3,images/Kenzo_Estate_Asatsuyu_Sauvignon_Blanc_2023.png,images/bottle_Kenzo_Estate_Asatsuyu_Sauvignon_Blanc_2023.png,Napa Valley,Kenzo Estate,"citrus fruit, tree fruit, tropical fruit, earth, oak, vegetal, microbio, spices, non oak, floral, black fruit, red fruit","Shellfish, Vegetarian, Goat's Milk Cheese",Sauvignon Blanc
The Prisoner Unshackled Sauvignon Blanc 2021,United States,17.99,3.9,images/The_Prisoner_Unshackled_Sauvignon_Blanc_2021.png,images/bottle_The_Prisoner_Unshackled_Sauvignon_Blanc_202.png,California,The Prisoner,"tree fruit, citrus fruit, tropical fruit, earth, oak, vegetal, microbio, spices, non oak, floral, black fruit, dried fruit","Shellfish, Vegetarian, Goat's Milk Cheese",Sauvignon Blanc
Kono Sauvignon Blanc 2023,New Zealand,13.99,3.9,images/Kono_Sauvignon_Blanc_2023.png,images/bottle_Kono_Sauvignon_Blanc_2023.png,Marlborough,Kono,"citrus fruit, tree fruit, tropical fruit, vegetal, earth, spices, microbio, oak, floral, red fruit, non oak, black fruit, dried fruit","Shellfish, Vegetarian, Goat's Milk Cheese",Sauvignon Blanc
Saint Clair Family Estate Dillons Point Sauvignon Blanc 2021,New Zealand,16.99,4.1,images/Saint_Clair_Family_Estate_Dillons_Point_Sauvignon_.png,images/bottle_Saint_Clair_Family_Estate_Dillons_Point_Sau.png,Marlborough,Saint Clair Family Estate,"citrus fruit, tropical fruit, tree fruit, vegetal, earth, spices, floral, dried fruit, red fruit, microbio","Shellfish, Vegetarian, Goat's Milk Cheese",Sauvignon Blanc
RouteStock Sauvignon Blanc (Route 29) 2023,United States,23,3.8,images/RouteStock_Sauvignon_Blanc_Route_29_2023.png,images/bottle_RouteStock_Sauvignon_Blanc_Route_29_2023.png,Napa Valley,RouteStock,"citrus fruit, tree fruit, microbio, oak, tropical fruit, spices, earth, non oak, vegetal, floral","Shellfish, Vegetarian, Goat's Milk Cheese",Sauvignon Blanc
La Légende de Saint Martin Cuvée Prestige Sancerre 2024,France,29.99,4.2,images/La_Lgende_de_Saint_Martin_Cuve_Prestige_Sancerre_2.png,images/bottle_La_Lgende_de_Saint_Martin_Cuve_Prestige_San.png,Sancerre,La Légende de Saint Martin,"citrus fruit, tree fruit, earth, tropical fruit, microbio, black fruit, vegetal, oak","Pork, Shellfish, Spicy food, Vegetarian, Goat's Milk Cheese","Chenin Blanc, Sauvignon Blanc"
Von Winning Sauvignon Blanc II 2022,Germany,22.99,4,images/Von_Winning_Sauvignon_Blanc_II_2022.png,images/bottle_Von_Winning_Sauvignon_Blanc_II_2022.png,Pfalz,Von Winning,"citrus fruit, tree fruit, vegetal, earth, tropical fruit, microbio, oak, spices, floral, non oak, black fruit, red fruit, dried fruit","Shellfish, Vegetarian, Goat's Milk Cheese",Sauvignon Blanc
Domaine Vacheron Sancerre Blanc 2023,France,53.97,4.1,images/Domaine_Vacheron_Sancerre_Blanc_2023.png,images/bottle_Domaine_Vacheron_Sancerre_Blanc_2023.png,Sancerre,Domaine Vacheron,"citrus fruit, earth, tree fruit, vegetal, microbio, oak, tropical fruit, non oak, floral, spices, black fruit, red fruit, dried fruit","Pork, Shellfish, Spicy food, Vegetarian, Goat's Milk Cheese","Chenin Blanc, Sauvignon Blanc"
Ziata Sauvignon Blanc 2023,United States,35,4.1,images/Ziata_Sauvignon_Blanc_2023.png,images/bottle_Ziata_Sauvignon_Blanc_2023.png,Napa Valley,Ziata,"citrus fruit, tree fruit, tropical fruit, earth, oak, microbio, vegetal, spices, non oak, floral","Shellfish, Vegetarian, Goat's Milk Cheese",Sauvignon Blanc
Josh Cellars Sauvignon Blanc 2023,United States,12.99,3.6,images/Josh_Cellars_Sauvignon_Blanc_2023.png,images/bottle_Josh_Cellars_Sauvignon_Blanc_2023.png,North Coast,Josh Cellars,"citrus fruit, tree fruit, tropical fruit, oak, earth, vegetal, microbio, spices, non oak, red fruit, black fruit, floral, dried fruit","Shellfish, Vegetarian, Goat's Milk Cheese",Sauvignon Blanc
La Crema Sauvignon Blanc 2023,United States,15,3.8,images/La_Crema_Sauvignon_Blanc_2023.png,images/bottle_La_Crema_Sauvignon_Blanc_2023.png,Sonoma County,La Crema,"tree fruit, citrus fruit, vegetal, tropical fruit, earth, oak, microbio, spices, non oak, floral","Shellfish, Vegetarian, Goat's Milk Cheese",Sauvignon Blanc
Bonterra Sauvignon Blanc 2013,United States,17.13,3.6,images/Bonterra_Sauvignon_Blanc_2013.png,images/bottle_Bonterra_Sauvignon_Blanc_2013.png,California,Bonterra,"citrus fruit, tree fruit, tropical fruit, vegetal, earth, oak, microbio, spices, floral, non oak, red fruit, black fruit, dried fruit","Shellfish, Vegetarian, Goat's Milk Cheese",Sauvignon Blanc
Taft Street Sauvignon Blanc 2023,United States,25.99,3.9,images/Taft_Street_Sauvignon_Blanc_2023.png,images/bottle_Taft_Street_Sauvignon_Blanc_2023.png,Russian River Valley,Taft Street,"citrus fruit, tree fruit, tropical fruit, vegetal, red fruit, spices, earth, microbio, oak, black fruit, non oak","Shellfish, Vegetarian, Goat's Milk Cheese",Sauvignon Blanc
JAX Vineyards Sauvignon Blanc Y3 2023,United States,21.99,3.6,images/JAX_Vineyards_Sauvignon_Blanc_Y3_2023.png,images/bottle_JAX_Vineyards_Sauvignon_Blanc_Y3_2023.png,Napa Valley,JAX Vineyards,"citrus fruit, tree fruit, earth, vegetal, microbio, tropical fruit, oak, spices, floral","Shellfish, Vegetarian, Goat's Milk Cheese",Sauvignon Blanc
Wither Hills Sauvignon Blanc 2023,New Zealand,14.99,3.8,images/Wither_Hills_Sauvignon_Blanc_2023.png,images/bottle_Wither_Hills_Sauvignon_Blanc_2023.png,Marlborough,Wither Hills,"citrus fruit, tropical fruit, tree fruit, vegetal, earth, spices, microbio, oak, floral, non oak, black fruit, red fruit, dried fruit","Shellfish, Vegetarian, Goat's Milk Cheese",Sauvignon Blanc
La Raimbauderie Sancerre 2023,France,33.99,4.2,images/La_Raimbauderie_Sancerre_2023.png,images/bottle_La_Raimbauderie_Sancerre_2023.png,Sancerre,La Raimbauderie,"citrus fruit, tree fruit, oak, microbio, earth, vegetal, floral, tropical fruit, red fruit, spices, non oak","Pork, Shellfish, Spicy food, Vegetarian, Goat's Milk Cheese","Chenin Blanc, Sauvignon Blanc"
Bedrock Wine Co. Sauvignon Blanc 2023,United States,27.99,4,images/Bedrock_Wine_Co_Sauvignon_Blanc_2023.png,images/bottle_Bedrock_Wine_Co_Sauvignon_Blanc_2023.png,Sonoma Valley,Bedrock Wine Co.,"citrus fruit, tree fruit, earth, tropical fruit, vegetal, spices, oak, floral, microbio, non oak, dried fruit","Shellfish, Vegetarian, Goat's Milk Cheese",Sauvignon Blanc
Larkmead Lillie 2023,United States,75,4.4,images/Larkmead_Lillie_2023.png,images/bottle_Larkmead_Lillie_2023.png,Napa Valley,Larkmead,"citrus fruit, tree fruit, tropical fruit, earth, oak, microbio, non oak, vegetal, spices, dried fruit, floral","Shellfish, Vegetarian, Goat's Milk Cheese",Sauvignon Blanc
Squealing Pig Marlborough Sauvignon Blanc 2023,New Zealand,13.99,3.9,images/Squealing_Pig_Marlborough_Sauvignon_Blanc_2023.png,images/bottle_Squealing_Pig_Marlborough_Sauvignon_Blanc_2.png,Marlborough,Squealing Pig,"tropical fruit, citrus fruit, vegetal, tree fruit, earth, microbio, spices, oak, floral, black fruit, red fruit, non oak, dried fruit","Shellfish, Vegetarian, Goat's Milk Cheese",Sauvignon Blanc
Groth Sauvignon Blanc 2023,United States,24.99,4.1,images/Groth_Sauvignon_Blanc_2023.png,images/bottle_Groth_Sauvignon_Blanc_2023.png,Napa Valley,Groth,"citrus fruit, tree fruit, earth, tropical fruit, vegetal, oak, microbio, spices, non oak, floral, red fruit, dried fruit, black fruit","Shellfish, Vegetarian, Goat's Milk Cheese",Sauvignon Blanc
Clos Henri Vineyard Otira Single Vineyard Sauvignon Blanc 2022,New Zealand,22,4.1,images/Clos_Henri_Vineyard_Otira_Single_Vineyard_Sauvigno.png,images/bottle_Clos_Henri_Vineyard_Otira_Single_Vineyard_S.png,Marlborough,Clos Henri Vineyard,"tree fruit, citrus fruit, earth, microbio","Shellfish, Vegetarian, Goat's Milk Cheese",Sauvignon Blanc
Domaine du Nozay La Plante Froide Sancerre 2023,France,48.99,4,images/Domaine_du_Nozay_La_Plante_Froide_Sancerre_2023.png,images/bottle_Domaine_du_Nozay_La_Plante_Froide_Sancerre_.png,Sancerre,Domaine du Nozay,"tree fruit, citrus fruit, earth, oak, microbio, vegetal, tropical fruit, non oak","Pork, Shellfish, Spicy food, Vegetarian, Goat's Milk Cheese","Chenin Blanc, Sauvignon Blanc"
San Simeon Wines Sauvignon Blanc 2023,United States,18.95,3.7,images/San_Simeon_Wines_Sauvignon_Blanc_2023.png,images/bottle_San_Simeon_Wines_Sauvignon_Blanc_2023.png,Paso Robles,San Simeon Wines,"citrus fruit, tree fruit, earth, spices, oak, vegetal, microbio, non oak, black fruit","Shellfish, Vegetarian, Goat's Milk Cheese",Sauvignon Blanc
Kendall-Jackson Vintner's Reserve Sauvignon Blanc 2017,United States,21.41,3.6,images/Kendall_Jackson_Vintners_Reserve_Sauvignon_Blanc_2.png,images/bottle_Kendall_Jackson_Vintners_Reserve_Sauvignon_.png,California,Kendall-Jackson,"citrus fruit, tree fruit, earth, tropical fruit, vegetal, microbio, oak, spices, non oak, dried fruit, floral, red fruit, black fruit","Shellfish, Vegetarian, Goat's Milk Cheese",Sauvignon Blanc
Château de Sancerre Sancerre Blanc 2023,France,34.99,4.1,images/Chteau_de_Sancerre_Sancerre_Blanc_2023.png,images/bottle_Chteau_de_Sancerre_Sancerre_Blanc_2023.png,Sancerre,Château de Sancerre,"citrus fruit, tree fruit, earth, vegetal, tropical fruit, microbio, oak, floral, spices, non oak, red fruit, black fruit","Pork, Shellfish, Spicy food, Vegetarian, Goat's Milk Cheese","Chenin Blanc, Sauvignon Blanc"
Thierry Merlin Cherrier Le Chêne Marchand Sancerre Blanc 2022,France,44.99,3.9,images/Thierry_Merlin_Cherrier_Le_Chne_Marchand_Sancerre_.png,images/bottle_Thierry_Merlin_Cherrier_Le_Chne_Marchand_Sa.png,Sancerre,Thierry Merlin Cherrier,"citrus fruit, tree fruit, earth, vegetal, oak, tropical fruit, microbio, floral, non oak, red fruit, spices","Pork, Shellfish, Spicy food, Vegetarian, Goat's Milk Cheese","Chenin Blanc, Sauvignon Blanc"
Cakebread Sauvignon Blanc 2023,United States,29.99,4.1,images/Cakebread_Sauvignon_Blanc_2023.png,images/bottle_Cakebread_Sauvignon_Blanc_2023.png,Napa Valley,Cakebread,"citrus fruit, tree fruit, earth, oak, vegetal, tropical fruit, microbio, spices, non oak, floral, red fruit, black fruit, dried fruit","Shellfish, Vegetarian, Goat's Milk Cheese",Sauvignon Blanc
Raphael Midoir Tuffeau Sauvignon Blanc 2020,France,10,3.6,images/Raphael_Midoir_Tuffeau_Sauvignon_Blanc_2020.png,images/bottle_Raphael_Midoir_Tuffeau_Sauvignon_Blanc_2020.png,Touraine,Raphael Midoir,"citrus fruit, vegetal, earth, tropical fruit, tree fruit, oak, spices, microbio, floral","Vegetarian, Lean fish, Goat's Milk Cheese",Sauvignon Blanc
Mount Riley Sauvignon Blanc 2024,New Zealand,15.99,4.1,images/Mount_Riley_Sauvignon_Blanc_2024.png,images/bottle_Mount_Riley_Sauvignon_Blanc_2024.png,Marlborough,Mount Riley,"citrus fruit, tropical fruit, vegetal, tree fruit, earth, spices, floral, microbio, oak, black fruit, red fruit, non oak, dried fruit","Shellfish, Vegetarian, Goat's Milk Cheese",Sauvignon Blanc
Jean Jacques Bardin Domaine Les Chaumes Pouilly-Fumé 2023,France,23.99,4,images/Jean_Jacques_Bardin_Domaine_Les_Chaumes_Pouilly_Fu.png,images/bottle_Jean_Jacques_Bardin_Domaine_Les_Chaumes_Pou.png,Pouilly-Fumé,Jean Jacques Bardin,"citrus fruit, tree fruit, vegetal, earth, tropical fruit, microbio, oak, spices, non oak, black fruit, floral","Pork, Shellfish, Spicy food, Vegetarian, Goat's Milk Cheese","Chenin Blanc, Sauvignon Blanc"
Sand Point Sauvignon Blanc 2018,United States,17.61,3.6,images/Sand_Point_Sauvignon_Blanc_2018.png,images/bottle_Sand_Point_Sauvignon_Blanc_2018.png,Lodi,Sand Point,"citrus fruit, tree fruit, tropical fruit, vegetal, oak, earth, spices, non oak, microbio, floral, red fruit","Shellfish, Vegetarian, Goat's Milk Cheese",Sauvignon Blanc
Casa Julia Thresher Sauvignon Blanc 2023,Chile,13,3.7,images/Casa_Julia_Thresher_Sauvignon_Blanc_2023.png,images/bottle_Casa_Julia_Thresher_Sauvignon_Blanc_2023.png,Central Valley,Casa Julia,"citrus fruit, tree fruit, tropical fruit, vegetal, oak, earth, microbio","Shellfish, Vegetarian, Goat's Milk Cheese",Sauvignon Blanc
13 Celsius Sauvignon Blanc 2013,New Zealand,12.49,3.7,images/13_Celsius_Sauvignon_Blanc_2013.png,images/bottle_13_Celsius_Sauvignon_Blanc_2013.png,Marlborough,13 Celsius,"citrus fruit, tree fruit, tropical fruit, earth, vegetal, microbio, oak, spices, floral, black fruit, non oak, red fruit, dried fruit","Shellfish, Vegetarian, Goat's Milk Cheese",Sauvignon Blanc
Sylvain Bailly Quincy 'Beaucharme' 2023,France,19.99,3.7,images/Sylvain_Bailly_Quincy_Beaucharme_2023.png,images/bottle_Sylvain_Bailly_Quincy_Beaucharme_2023.png,Quincy,Sylvain Bailly,"tree fruit, citrus fruit, earth, vegetal, microbio, tropical fruit, spices, oak","Pork, Shellfish, Spicy food, Vegetarian, Goat's Milk Cheese","Chenin Blanc, Sauvignon Blanc"
Coquerel Le Petit Coquerel Sauvignon Blanc 2024,United States,24.99,3.9,images/Coquerel_Le_Petit_Coquerel_Sauvignon_Blanc_2024.png,images/bottle_Coquerel_Le_Petit_Coquerel_Sauvignon_Blanc_.png,Napa Valley,Coquerel,"citrus fruit, tree fruit, vegetal, tropical fruit, earth, oak, microbio, spices, non oak","Shellfish, Vegetarian, Goat's Milk Cheese",Sauvignon Blanc
Napa Cellars Sauvignon Blanc 2018,United States,26.99,3.6,images/Napa_Cellars_Sauvignon_Blanc_2018.png,images/bottle_Napa_Cellars_Sauvignon_Blanc_2018.png,Napa Valley,Napa Cellars,"citrus fruit, tree fruit, earth, tropical fruit, microbio, oak, vegetal, spices, non oak, black fruit, floral, red fruit","Shellfish, Vegetarian, Goat's Milk Cheese",Sauvignon Blanc
Long Shadows Cymbal Sauvignon Blanc 2023,United States,35,4.1,images/Long_Shadows_Cymbal_Sauvignon_Blanc_2023.png,images/bottle_Long_Shadows_Cymbal_Sauvignon_Blanc_2023.png,Columbia Valley,Long Shadows,"citrus fruit, tropical fruit, oak, tree fruit, microbio, vegetal, non oak, earth, spices, floral","Shellfish, Vegetarian, Goat's Milk Cheese",Sauvignon Blanc
Sylvain Bailly Sancerre 'Chêne Marchand' 2023,France,29.99,4.1,images/Sylvain_Bailly_Sancerre_Chne_Marchand_2023.png,images/bottle_Sylvain_Bailly_Sancerre_Chne_Marchand_2023.png,Sancerre,Sylvain Bailly,"citrus fruit, tree fruit, vegetal, tropical fruit, earth, floral, oak, microbio","Pork, Shellfish, Spicy food, Vegetarian, Goat's Milk Cheese","Chenin Blanc, Sauvignon Blanc"
Guy Saget Sancerre Sèlection Première 2023,France,39.99,3.8,images/Guy_Saget_Sancerre_Slection_Premire_2023.png,images/bottle_Guy_Saget_Sancerre_Slection_Premire_2023.png,Sancerre,Guy Saget,"citrus fruit, vegetal, black fruit, tree fruit","Pork, Shellfish, Spicy food, Vegetarian, Goat's Milk Cheese","Chenin Blanc, Sauvignon Blanc"
Domaine du Pré Semelé (Julien & Clément Raimbault) Sancerre Blanc 2022,France,38.99,4,images/Domaine_du_Pr_Semel_Julien_Clment_Raimbault_Sancer.png,images/bottle_Domaine_du_Pr_Semel_Julien_Clment_Raimbault.png,Sancerre,Domaine du Pré Semelé (Julien & Clément Raimbault),"citrus fruit, tree fruit, earth, microbio, oak, vegetal, tropical fruit, spices, red fruit, non oak, floral, black fruit","Pork, Shellfish, Spicy food, Vegetarian, Goat's Milk Cheese","Chenin Blanc, Sauvignon Blanc"
Château Ducasse (FR) Bordeaux Blanc 2023,France,20,4.1,images/Chteau_Ducasse_FR_Bordeaux_Blanc_2023.png,images/bottle_Chteau_Ducasse_FR_Bordeaux_Blanc_2023.png,Bordeaux,Château Ducasse (FR),"citrus fruit, tree fruit, earth, microbio, vegetal, tropical fruit, oak, spices, non oak, floral, red fruit, black fruit, dried fruit","Pork, Vegetarian, Poultry, Appetizers and snacks, Lean fish","Sauvignon Blanc, Sémillon, Muscadelle"
Emile Balland Croq'Caillotte Sancerre 2022,France,34.99,3.9,images/Emile_Balland_CroqCaillotte_Sancerre_2022.png,images/bottle_Emile_Balland_CroqCaillotte_Sancerre_2022.png,Sancerre,Emile Balland,"citrus fruit, earth, tree fruit, tropical fruit, vegetal, microbio, black fruit, non oak, oak","Pork, Shellfish, Spicy food, Vegetarian, Goat's Milk Cheese","Chenin Blanc, Sauvignon Blanc"
O'Dwyers Creek Sauvignon Blanc 2023,New Zealand,19.99,3.8,images/ODwyers_Creek_Sauvignon_Blanc_2023.png,images/bottle_ODwyers_Creek_Sauvignon_Blanc_2023.png,Marlborough,O'Dwyers Creek,"citrus fruit, tropical fruit, tree fruit, vegetal, earth, spices, oak, floral, microbio, non oak","Shellfish, Vegetarian, Goat's Milk Cheese",Sauvignon Blanc
Preston Farm & Winery Sauvignon Blanc 2024,United States,36,3.9,images/Preston_Farm_Winery_Sauvignon_Blanc_2024.png,images/bottle_Preston_Farm_Winery_Sauvignon_Blanc_2024.png,Dry Creek Valley,Preston Farm & Winery,"citrus fruit, tree fruit, vegetal, microbio, tropical fruit, earth, spices, red fruit, oak, floral, non oak","Shellfish, Vegetarian, Goat's Milk Cheese",Sauvignon Blanc
Vigneron Firmin Dezat Sancerre Blanc 2024,France,39.99,4,images/Vigneron_Firmin_Dezat_Sancerre_Blanc_2024.png,images/bottle_Vigneron_Firmin_Dezat_Sancerre_Blanc_2024.png,Sancerre,Vigneron Firmin Dezat,"tree fruit, citrus fruit, earth, vegetal, microbio, oak","Pork, Shellfish, Spicy food, Vegetarian, Goat's Milk Cheese","Chenin Blanc, Sauvignon Blanc"
Frenzy Sauvignon Blanc 2023,New Zealand,12.99,4.1,images/Frenzy_Sauvignon_Blanc_2023.png,images/bottle_Frenzy_Sauvignon_Blanc_2023.png,Marlborough,Frenzy,"citrus fruit, tree fruit, tropical fruit, vegetal, earth, spices, microbio, oak, floral, black fruit, red fruit, dried fruit, non oak","Shellfish, Vegetarian, Goat's Milk Cheese",Sauvignon Blanc
Raimbault-Pineau Les Chamblins Menetou-Salon 2022,France,24.99,3.9,images/Raimbault_Pineau_Les_Chamblins_Menetou_Salon_2022.jpg,,Menetou-Salon,Raimbault-Pineau,"tropical fruit, citrus fruit","Pork, Shellfish, Spicy food, Vegetarian, Goat's Milk Cheese","Chenin Blanc, Sauvignon Blanc"
Curauma Weichafe Sauvignon Blanc 2022,Chile,14.99,3.8,images/Curauma_Weichafe_Sauvignon_Blanc_2022.jpg,,Casablanca Valley,Curauma,"tropical fruit, citrus fruit, tree fruit, dried fruit, floral, vegetal, earth","Shellfish, Vegetarian, Goat's Milk Cheese",Sauvignon Blanc
Franck Aurelien Bailly Sancerre 2023,France,34.99,3.8,images/Franck_Aurelien_Bailly_Sancerre_2023.png,images/bottle_Franck_Aurelien_Bailly_Sancerre_2023.png,Sancerre,Franck Aurelien Bailly,"citrus fruit, earth, black fruit, vegetal, non oak, oak","Pork, Shellfish, Spicy food, Vegetarian, Goat's Milk Cheese","Chenin Blanc, Sauvignon Blanc"
Bogle Sauvignon Blanc 2018,United States,15.26,3.6,images/Bogle_Sauvignon_Blanc_2018.png,images/bottle_Bogle_Sauvignon_Blanc_2018.png,California,Bogle,"citrus fruit, tree fruit, tropical fruit, vegetal, earth, microbio, oak, spices, floral, non oak, black fruit, red fruit, dried fruit","Shellfish, Vegetarian, Goat's Milk Cheese",Sauvignon Blanc
Greyrock Sauvignon Blanc 2023,New Zealand,15.97,3.9,images/Greyrock_Sauvignon_Blanc_2023.png,images/bottle_Greyrock_Sauvignon_Blanc_2023.png,Marlborough,Greyrock,"citrus fruit, vegetal, tree fruit, tropical fruit, earth, spices, microbio, floral, black fruit, red fruit, oak, non oak","Shellfish, Vegetarian, Goat's Milk Cheese",Sauvignon Blanc
Rutherford Ranch Sauvignon Blanc 2018,United States,20.99,3.8,images/Rutherford_Ranch_Sauvignon_Blanc_2018.png,images/bottle_Rutherford_Ranch_Sauvignon_Blanc_2018.png,Napa Valley,Rutherford Ranch,"citrus fruit, tree fruit, tropical fruit, earth, vegetal, oak, microbio, spices, non oak, red fruit, floral, dried fruit","Shellfish, Vegetarian, Goat's Milk Cheese",Sauvignon Blanc
Famille Bougrier Sauvignon Blanc Touraine 2023,France,15.97,3.7,images/Famille_Bougrier_Sauvignon_Blanc_Touraine_2023.png,images/bottle_Famille_Bougrier_Sauvignon_Blanc_Touraine_2.png,Touraine,Famille Bougrier,"citrus fruit, tree fruit, tropical fruit, earth, vegetal, microbio, oak, spices, floral, non oak, red fruit, dried fruit, black fruit","Vegetarian, Lean fish, Goat's Milk Cheese",Sauvignon Blanc
Dragonette Vogelzang Vineyard Sauvignon Blanc 2022,United States,59.99,4.3,images/Dragonette_Vogelzang_Vineyard_Sauvignon_Blanc_2022.png,images/bottle_Dragonette_Vogelzang_Vineyard_Sauvignon_Bla.png,Happy Canyon of Santa Barbara,Dragonette,"tree fruit, earth, citrus fruit, tropical fruit, microbio, spices, vegetal, oak, non oak, floral","Shellfish, Vegetarian, Goat's Milk Cheese",Sauvignon Blanc
Domaine Fouassier Les Grands Groux Sancerre 2022,France,57.99,3.7,images/Domaine_Fouassier_Les_Grands_Groux_Sancerre_2022.png,images/bottle_Domaine_Fouassier_Les_Grands_Groux_Sancerre.png,Sancerre,Domaine Fouassier,"citrus fruit, earth, tree fruit, vegetal, floral, microbio, oak","Pork, Shellfish, Spicy food, Vegetarian, Goat's Milk Cheese","Chenin Blanc, Sauvignon Blanc"
Domaine Arnaud et Stéphanie Dezat Sancerre 2024,France,29.99,4,images/Domaine_Arnaud_et_Stphanie_Dezat_Sancerre_2024.jpg,,Sancerre,Domaine Arnaud et Stéphanie Dezat,"tree fruit, citrus fruit, earth","Pork, Shellfish, Spicy food, Vegetarian, Goat's Milk Cheese","Chenin Blanc, Sauvignon Blanc"
Wente Vineyards Louis Mel Sauvignon Blanc 2018,United States,16.99,3.7,images/Wente_Vineyards_Louis_Mel_Sauvignon_Blanc_2018.png,images/bottle_Wente_Vineyards_Louis_Mel_Sauvignon_Blanc_2.png,Central Coast,Wente Vineyards,"citrus fruit, tree fruit, earth, tropical fruit, vegetal, oak, microbio, spices, floral, non oak, red fruit","Shellfish, Vegetarian, Goat's Milk Cheese",Sauvignon Blanc
Alphonse Mellot Génération XIX Sancerre Blanc 2020,France,89,4,images/Alphonse_Mellot_Gnration_XIX_Sancerre_Blanc_2020.png,images/bottle_Alphonse_Mellot_Gnration_XIX_Sancerre_Blanc.png,Sancerre,Alphonse Mellot,"tree fruit, citrus fruit, earth, vegetal, tropical fruit, spices, non oak","Pork, Shellfish, Spicy food, Vegetarian, Goat's Milk Cheese","Chenin Blanc, Sauvignon Blanc"
Nicolas Barbou Utopi Creative 2022,France,195,4.1,images/Nicolas_Barbou_Utopi_Creative_2022.jpg,,Val de Loire,Nicolas Barbou,"tree fruit, earth, microbio",,
Domaine Château Massiac Sauvignon 2023,France,14.99,3.8,images/Domaine_Chteau_Massiac_Sauvignon_2023.png,images/bottle_Domaine_Chteau_Massiac_Sauvignon_2023.png,Pays d'Oc,Domaine Château Massiac,"earth, citrus fruit, tropical fruit, tree fruit, floral, microbio, spices, vegetal","Pasta, Vegetarian, Poultry, Lean fish, Aperitif","Grenache Blanc, Bourboulenc"
Domaine Courtault Tardieux Les Sagères Sauvignon 2022,France,28,3.8,images/Domaine_Courtault_Tardieux_Les_Sagres_Sauvignon_20.png,images/bottle_Domaine_Courtault_Tardieux_Les_Sagres_Sauvi.png,Touraine,Domaine Courtault Tardieux,"tree fruit, citrus fruit, earth, spices, vegetal, oak, tropical fruit, microbio","Vegetarian, Lean fish, Goat's Milk Cheese",Sauvignon Blanc
San Leonardo Vette di San Leonardo 2024,Italy,22.99,4.1,images/San_Leonardo_Vette_di_San_Leonardo_2024.png,images/bottle_San_Leonardo_Vette_di_San_Leonardo_2024.png,Vigneti delle Dolomiti,San Leonardo,"citrus fruit, tree fruit, earth, vegetal, tropical fruit, spices, microbio, oak, floral, non oak, black fruit, red fruit, dried fruit","Pasta, Shellfish, Mature and hard cheese, Lean fish, Cured Meat","Arneis, Pinot Blanc, Cortese, Tocai Friulano"
Two Angels Sauvignon Blanc 2007,United States,18.78,3.5,images/Two_Angels_Sauvignon_Blanc_2007.png,images/bottle_Two_Angels_Sauvignon_Blanc_2007.png,High Valley,Two Angels,"citrus fruit, tree fruit, non oak, spices, dried fruit, vegetal, earth, oak, tropical fruit, floral, microbio","Shellfish, Vegetarian, Goat's Milk Cheese",Sauvignon Blanc
19 Crimes Sauvignon Block 2023,Australia,10.99,3.9,images/19_Crimes_Sauvignon_Block_2023.png,images/bottle_19_Crimes_Sauvignon_Block_2023.png,South Eastern Australia,19 Crimes,"tree fruit, citrus fruit, tropical fruit, oak, microbio, vegetal, earth, non oak, spices, floral, red fruit, black fruit, dried fruit","Shellfish, Vegetarian, Goat's Milk Cheese",Sauvignon Blanc
Chateau Souverain Sauvignon Blanc 2022,United States,10.99,3.8,images/Chateau_Souverain_Sauvignon_Blanc_2022.png,images/bottle_Chateau_Souverain_Sauvignon_Blanc_2022.png,Alexander Valley,Chateau Souverain,"citrus fruit, tree fruit, earth, vegetal, tropical fruit, oak, microbio, spices, non oak, floral, red fruit","Shellfish, Vegetarian, Goat's Milk Cheese",Sauvignon Blanc
Vie di Romans Vieris Sauvignon Blanc 2022,Italy,37,4.3,images/Vie_di_Romans_Vieris_Sauvignon_Blanc_2022.png,images/bottle_Vie_di_Romans_Vieris_Sauvignon_Blanc_2022.png,Friuli Isonzo,Vie di Romans,"citrus fruit, earth, tree fruit, oak, microbio, non oak, spices, vegetal, tropical fruit, floral, black fruit, dried fruit","Pasta, Shellfish, Mature and hard cheese, Lean fish, Cured Meat","Arneis, Pinot Blanc, Cortese, Tocai Friulano"
La Belle Angèle Sauvignon Blanc 2023,France,12.97,3.8,images/La_Belle_Angle_Sauvignon_Blanc_2023.png,images/bottle_La_Belle_Angle_Sauvignon_Blanc_2023.png,Vin de France,La Belle Angèle,"citrus fruit, tree fruit, vegetal, earth, tropical fruit, floral, spices, black fruit, microbio, red fruit, non oak, oak",,
Selby Sauvignon Blanc 2024,United States,28,3.8,images/Selby_Sauvignon_Blanc_2024.png,images/bottle_Selby_Sauvignon_Blanc_2024.png,Russian River Valley,Selby,"tree fruit, citrus fruit, tropical fruit, earth, vegetal, microbio, floral, oak","Shellfish, Vegetarian, Goat's Milk Cheese",Sauvignon Blanc
Château Lynch-Bages Blanc de Lynch-Bages 2021,France,100,4.2,images/Chteau_Lynch_Bages_Blanc_de_Lynch_Bages_2021.png,images/bottle_Chteau_Lynch_Bages_Blanc_de_Lynch_Bages_202.png,Bordeaux,Château Lynch-Bages,"citrus fruit, tree fruit, tropical fruit, earth, oak, microbio, vegetal, non oak, spices, floral, dried fruit, black fruit, red fruit","Pork, Vegetarian, Poultry, Appetizers and snacks, Lean fish","Sauvignon Blanc, Sémillon, Muscadelle"
François Lurton Les Fumées Blanches 2023,France,16.99,3.7,images/Franois_Lurton_Les_Fumes_Blanches_2023.png,images/bottle_Franois_Lurton_Les_Fumes_Blanches_2023.png,Vin de France,François Lurton,"citrus fruit, tree fruit, vegetal, earth, tropical fruit, oak, floral, non oak, microbio, spices, black fruit, red fruit",,
Herzog Baron Herzog Sauvignon Blanc 2021,United States,14.99,3.2,images/Herzog_Baron_Herzog_Sauvignon_Blanc_2021.png,images/bottle_Herzog_Baron_Herzog_Sauvignon_Blanc_2021.png,Clarksburg,Herzog,"tree fruit, citrus fruit, oak, vegetal, dried fruit, tropical fruit, spices, floral, earth","Shellfish, Vegetarian, Goat's Milk Cheese",Sauvignon Blanc
Grgich Hills Sauvignon Blanc 2021,United States,22.99,4.1,images/Grgich_Hills_Sauvignon_Blanc_2021.png,images/bottle_Grgich_Hills_Sauvignon_Blanc_2021.png,Napa Valley,Grgich Hills,"citrus fruit, tree fruit, earth, tropical fruit, oak, vegetal, spices, microbio, non oak, floral, red fruit, dried fruit, black fruit","Shellfish, Vegetarian, Goat's Milk Cheese",Sauvignon Blanc
Trois Noix Sauvignon Blanc 2020,United States,27.29,4,images/Trois_Noix_Sauvignon_Blanc_2020.png,images/bottle_Trois_Noix_Sauvignon_Blanc_2020.png,Napa Valley,Trois Noix,"citrus fruit, tree fruit, earth, oak, tropical fruit, microbio, spices, vegetal, non oak, floral, dried fruit","Shellfish, Vegetarian, Goat's Milk Cheese",Sauvignon Blanc
Monsieur Touton Sauvignon Bordeaux Dry 2018,France,15.26,3.7,images/Monsieur_Touton_Sauvignon_Bordeaux_Dry_2018.png,images/bottle_Monsieur_Touton_Sauvignon_Bordeaux_Dry_2018.png,Bordeaux,Monsieur Touton,"citrus fruit, tree fruit, earth, vegetal, microbio, tropical fruit, floral, spices, oak, red fruit","Pork, Vegetarian, Poultry, Appetizers and snacks, Lean fish","Sauvignon Blanc, Sémillon, Muscadelle"
Brassfield Sauvignon Blanc (High Serenity Ranch Vineyard) 2023,United States,16.99,3.7,images/Brassfield_Sauvignon_Blanc_High_Serenity_Ranch_Vin.png,images/bottle_Brassfield_Sauvignon_Blanc_High_Serenity_Ra.png,High Valley,Brassfield,"citrus fruit, tree fruit, tropical fruit, earth, oak, microbio, floral, spices, vegetal, non oak","Shellfish, Vegetarian, Goat's Milk Cheese",Sauvignon Blanc
Domaine Philippe Gilbert Menetou-Salon Blanc 2022,France,29.99,4,images/Domaine_Philippe_Gilbert_Menetou_Salon_Blanc_2022.png,images/bottle_Domaine_Philippe_Gilbert_Menetou_Salon_Blan.png,Menetou-Salon,Domaine Philippe Gilbert,"earth, citrus fruit, tree fruit, microbio, oak, vegetal, tropical fruit, spices, non oak, red fruit, floral, dried fruit","Pork, Shellfish, Spicy food, Vegetarian, Goat's Milk Cheese","Chenin Blanc, Sauvignon Blanc"
Château Cantenac Brown AltO de Cantenac Brown 2018,France,50,4,images/Chteau_Cantenac_Brown_AltO_de_Cantenac_Brown_2018.png,images/bottle_Chteau_Cantenac_Brown_AltO_de_Cantenac_Brow.png,Bordeaux,Château Cantenac Brown,"oak, tree fruit, citrus fruit, earth, microbio, non oak, spices, vegetal, tropical fruit, floral, black fruit","Pork, Vegetarian, Poultry, Appetizers and snacks, Lean fish","Sauvignon Blanc, Sémillon, Muscadelle"
Craggy Range Sauvignon Blanc Te Muna Road Vineyard 2024,New Zealand,24.99,4.2,images/Craggy_Range_Sauvignon_Blanc_Te_Muna_Road_Vineyard.png,images/bottle_Craggy_Range_Sauvignon_Blanc_Te_Muna_Road_V.png,Martinborough,Craggy Range,"citrus fruit, tree fruit, tropical fruit, vegetal, earth, microbio, floral, spices, oak, black fruit, non oak, red fruit, dried fruit","Shellfish, Vegetarian, Goat's Milk Cheese",Sauvignon Blanc
Didier Dagueneau (Louis-Benjamin Dagueneau) Silex 2020,France,235,4.5,images/Didier_Dagueneau_Louis_Benjamin_Dagueneau_Silex_20.png,images/bottle_Didier_Dagueneau_Louis_Benjamin_Dagueneau_S.png,Pouilly-Fumé,Didier Dagueneau (Louis-Benjamin Dagueneau),"earth, citrus fruit, tree fruit, oak, tropical fruit, vegetal, microbio, non oak, spices, floral, dried fruit, black fruit, red fruit","Pork, Shellfish, Spicy food, Vegetarian, Goat's Milk Cheese","Chenin Blanc, Sauvignon Blanc"
Domaine du Nozay La Marâtre Sancerre 2023,France,56.99,3.9,images/Domaine_du_Nozay_La_Martre_Sancerre_2023.png,images/bottle_Domaine_du_Nozay_La_Martre_Sancerre_2023.png,Sancerre,Domaine du Nozay,"tree fruit, earth, oak, vegetal","Pork, Shellfish, Spicy food, Vegetarian, Goat's Milk Cheese","Chenin Blanc, Sauvignon Blanc"
Buoncristiani Sauvignon Blanc 2023,United States,45,3.9,images/Buoncristiani_Sauvignon_Blanc_2023.jpg,,Napa Valley,Buoncristiani,"citrus fruit, tree fruit, vegetal, microbio, oak, tropical fruit, black fruit, dried fruit, red fruit, spices, floral, earth","Shellfish, Vegetarian, Goat's Milk Cheese",Sauvignon Blanc
Stonestreet Aurora Point Sauvignon Blanc 2022,United States,65,4,images/Stonestreet_Aurora_Point_Sauvignon_Blanc_2022.png,images/bottle_Stonestreet_Aurora_Point_Sauvignon_Blanc_20.png,Alexander Valley,Stonestreet,"citrus fruit, tropical fruit, oak, earth, tree fruit, microbio, vegetal, floral","Shellfish, Vegetarian, Goat's Milk Cheese",Sauvignon Blanc
Château La Roche Saint Jean Bordeaux Blanc 2023,France,11.98,3.6,images/Chteau_La_Roche_Saint_Jean_Bordeaux_Blanc_2023.png,images/bottle_Chteau_La_Roche_Saint_Jean_Bordeaux_Blanc_2.png,Bordeaux,Château La Roche Saint Jean,"citrus fruit, tree fruit, earth, spices, microbio, non oak, oak","Pork, Vegetarian, Poultry, Appetizers and snacks, Lean fish","Sauvignon Blanc, Sémillon, Muscadelle"
Rashi Joyvin White,Italy,11.99,3.7,images/Rashi_Joyvin_White.png,images/bottle_Rashi_Joyvin_White.png,Vino d'Italia,Rashi,"tree fruit, citrus fruit, tropical fruit, earth, floral, microbio","Rich fish (salmon, tuna etc), Shellfish, Vegetarian, Appetizers and snacks, Lean fish, Mild and soft cheese",
Domaine du Nozay Clos du Nozay Sancerre 2023,France,89.99,4.3,images/Domaine_du_Nozay_Clos_du_Nozay_Sancerre_2023.png,images/bottle_Domaine_du_Nozay_Clos_du_Nozay_Sancerre_202.png,Sancerre,Domaine du Nozay,"tree fruit, citrus fruit, microbio, earth, oak, tropical fruit, floral, vegetal","Pork, Shellfish, Spicy food, Vegetarian, Goat's Milk Cheese","Chenin Blanc, Sauvignon Blanc"
J. de Villebois Pouilly Fumé 2022,France,27.98,4.1,images/J_de_Villebois_Pouilly_Fum_2022.png,images/bottle_J_de_Villebois_Pouilly_Fum_2022.png,Pouilly-Fumé,J. de Villebois,"citrus fruit, tree fruit, earth, tropical fruit, vegetal, microbio, oak, floral, spices, non oak, red fruit","Pork, Shellfish, Spicy food, Vegetarian, Goat's Milk Cheese","Chenin Blanc, Sauvignon Blanc"
Mulderbosch Sauvignon Blanc 2018,South Africa,18.78,3.8,images/Mulderbosch_Sauvignon_Blanc_2018.png,images/bottle_Mulderbosch_Sauvignon_Blanc_2018.png,Stellenbosch,Mulderbosch,"citrus fruit, tree fruit, vegetal, earth, tropical fruit, spices, microbio, oak, non oak, black fruit, floral, dried fruit, red fruit","Shellfish, Vegetarian, Goat's Milk Cheese",Sauvignon Blanc
Comte Lafond Sancerre Blanc 2023,France,45,4,images/Comte_Lafond_Sancerre_Blanc_2023.png,images/bottle_Comte_Lafond_Sancerre_Blanc_2023.png,Sancerre,Comte Lafond,"citrus fruit, earth, tree fruit, vegetal, microbio, tropical fruit, oak, spices, non oak, floral, black fruit, dried fruit, red fruit","Pork, Shellfish, Spicy food, Vegetarian, Goat's Milk Cheese","Chenin Blanc, Sauvignon Blanc"
Lucien Crochet Sancerre Blanc 2023,France,38.99,4,images/Lucien_Crochet_Sancerre_Blanc_2023.png,images/bottle_Lucien_Crochet_Sancerre_Blanc_2023.png,Sancerre,Lucien Crochet,"citrus fruit, tree fruit, earth, vegetal, microbio, tropical fruit, oak, spices, non oak, floral, red fruit, black fruit, dried fruit","Pork, Shellfish, Spicy food, Vegetarian, Goat's Milk Cheese","Chenin Blanc, Sauvignon Blanc"
Johannes Zillinger Numen Fumé Blanc 2020,Austria,65,4.2,images/Johannes_Zillinger_Numen_Fum_Blanc_2020.png,images/bottle_Johannes_Zillinger_Numen_Fum_Blanc_2020.png,Weinviertel,Johannes Zillinger,"earth, tropical fruit, citrus fruit, tree fruit, oak, non oak, floral, microbio, vegetal, spices","Shellfish, Vegetarian, Goat's Milk Cheese",Sauvignon Blanc
Smith Sheth Cru Sauvignon Blanc 2022,New Zealand,28,4.1,images/Smith_Sheth_Cru_Sauvignon_Blanc_2022.png,images/bottle_Smith_Sheth_Cru_Sauvignon_Blanc_2022.png,Wairau Valley,Smith Sheth,"citrus fruit, tree fruit, tropical fruit, earth, vegetal, microbio, oak, black fruit, spices, non oak, red fruit, floral","Shellfish, Vegetarian, Goat's Milk Cheese",Sauvignon Blanc
The Setting Sauvignon Blanc 2022,United States,55,4.2,images/The_Setting_Sauvignon_Blanc_2022.jpg,,Sonoma County,The Setting,"tree fruit, citrus fruit, tropical fruit, earth, oak, floral, spices, microbio, non oak, dried fruit, red fruit","Shellfish, Vegetarian, Goat's Milk Cheese",Sauvignon Blanc
La Perrière La Petite Perrière Sauvignon Blanc 2023,France,10.99,3.7,images/La_Perrire_La_Petite_Perrire_Sauvignon_Blanc_2023.png,images/bottle_La_Perrire_La_Petite_Perrire_Sauvignon_Blan.png,Vin de France,La Perrière,"citrus fruit, tree fruit, earth, vegetal, tropical fruit, microbio, oak, spices, non oak, floral, black fruit, red fruit, dried fruit",,
Acumen Mountainside Sauvignon Blanc 2022,United States,35,3.7,images/Acumen_Mountainside_Sauvignon_Blanc_2022.png,images/bottle_Acumen_Mountainside_Sauvignon_Blanc_2022.png,Napa Valley,Acumen,"tree fruit, citrus fruit, floral, earth, tropical fruit, oak, microbio, vegetal, spices","Shellfish, Vegetarian, Goat's Milk Cheese",Sauvignon Blanc
Bodega Volcanes Reserva Sauvignon Blanc 2022,Chile,11.99,3.8,images/Bodega_Volcanes_Reserva_Sauvignon_Blanc_2022.png,images/bottle_Bodega_Volcanes_Reserva_Sauvignon_Blanc_202.png,Leyda Valley,Bodega Volcanes,"citrus fruit, vegetal, earth, tropical fruit, tree fruit, spices, floral, microbio, non oak, oak","Shellfish, Vegetarian, Goat's Milk Cheese",Sauvignon Blanc
Domaine de La Pagerie Reuilly Sauvignon 2021,France,21.99,3.9,images/Domaine_de_La_Pagerie_Reuilly_Sauvignon_2021.png,images/bottle_Domaine_de_La_Pagerie_Reuilly_Sauvignon_202.png,Reuilly,Domaine de La Pagerie,"citrus fruit, vegetal","Pork, Shellfish, Spicy food, Vegetarian, Goat's Milk Cheese","Chenin Blanc, Sauvignon Blanc"
Spottswoode Sauvignon Blanc 2022,United States,42.99,4.2,images/Spottswoode_Sauvignon_Blanc_2022.png,images/bottle_Spottswoode_Sauvignon_Blanc_2022.png,North Coast,Spottswoode,"citrus fruit, tree fruit, tropical fruit, earth, vegetal, oak, spices, microbio, non oak, floral, dried fruit, black fruit, red fruit","Shellfish, Vegetarian, Goat's Milk Cheese",Sauvignon Blanc
Pascal Cotat La Grande Côte Sancerre 2019,France,73,4.3,images/Pascal_Cotat_La_Grande_Cte_Sancerre_2019.png,images/bottle_Pascal_Cotat_La_Grande_Cte_Sancerre_2019.png,Sancerre,Pascal Cotat,"earth, tree fruit, citrus fruit, microbio, oak, vegetal, spices, tropical fruit, non oak, floral","Pork, Shellfish, Spicy food, Vegetarian, Goat's Milk Cheese","Chenin Blanc, Sauvignon Blanc"
Loveblock Sauvignon Blanc 2023,New Zealand,22.99,4,images/Loveblock_Sauvignon_Blanc_2023.png,images/bottle_Loveblock_Sauvignon_Blanc_2023.png,Marlborough,Loveblock,"citrus fruit, tree fruit, tropical fruit, vegetal, earth, microbio, spices, floral, oak, non oak, red fruit, black fruit, dried fruit","Shellfish, Vegetarian, Goat's Milk Cheese",Sauvignon Blanc
Amici Sauvignon Blanc 2024,United States,25,4,images/Amici_Sauvignon_Blanc_2024.png,images/bottle_Amici_Sauvignon_Blanc_2024.png,Sonoma County,Amici,"citrus fruit, vegetal, tree fruit, microbio","Shellfish, Vegetarian, Goat's Milk Cheese",Sauvignon Blanc
Cliff Lede Sauvignon Blanc 2022,United States,33.99,4.1,images/Cliff_Lede_Sauvignon_Blanc_2022.png,images/bottle_Cliff_Lede_Sauvignon_Blanc_2022.png,Napa Valley,Cliff Lede,"citrus fruit, tree fruit, earth, oak, tropical fruit, microbio, vegetal, spices, floral, non oak, red fruit, black fruit, dried fruit","Shellfish, Vegetarian, Goat's Milk Cheese",Sauvignon Blanc
Francis Ford Coppola Winery Diamond Collection Sauvignon Blanc 2022,United States,11.99,3.7,images/Francis_Ford_Coppola_Winery_Diamond_Collection_Sau.png,images/bottle_Francis_Ford_Coppola_Winery_Diamond_Collect.png,California,Francis Ford Coppola Winery,"citrus fruit, tree fruit, tropical fruit, earth, oak, vegetal, microbio, floral, spices, non oak, red fruit, black fruit, dried fruit","Shellfish, Vegetarian, Goat's Milk Cheese",Sauvignon Blanc
Domaine Jean Teiller Menetou-Salon Blanc 2020,France,20,4.1,images/Domaine_Jean_Teiller_Menetou_Salon_Blanc_2020.png,images/bottle_Domaine_Jean_Teiller_Menetou_Salon_Blanc_20.png,Menetou-Salon,Domaine Jean Teiller,"citrus fruit, vegetal, tree fruit, earth, tropical fruit, microbio, non oak, oak, spices, red fruit, floral, black fruit, dried fruit","Pork, Shellfish, Spicy food, Vegetarian, Goat's Milk Cheese","Chenin Blanc, Sauvignon Blanc"
Jacky Marteau Lulu Sauvignon Blanc 2023,France,18.99,3.7,images/Jacky_Marteau_Lulu_Sauvignon_Blanc_2023.png,images/bottle_Jacky_Marteau_Lulu_Sauvignon_Blanc_2023.png,Touraine,Jacky Marteau,"tree fruit, earth, citrus fruit, tropical fruit, vegetal, microbio","Vegetarian, Lean fish, Goat's Milk Cheese",Sauvignon Blanc
Domaine Serge Laloue Sancerre Blanc 2023,France,33,4.1,images/Domaine_Serge_Laloue_Sancerre_Blanc_2023.png,images/bottle_Domaine_Serge_Laloue_Sancerre_Blanc_2023.png,Sancerre,Domaine Serge Laloue,"citrus fruit, tree fruit, earth, vegetal, tropical fruit, microbio, oak, spices, floral, non oak, black fruit, red fruit","Pork, Shellfish, Spicy food, Vegetarian, Goat's Milk Cheese","Chenin Blanc, Sauvignon Blanc"
Spier Seaward Sauvignon Blanc 2022,South Africa,18.99,3.9,images/Spier_Seaward_Sauvignon_Blanc_2022.png,images/bottle_Spier_Seaward_Sauvignon_Blanc_2022.png,Cape Town,Spier,"vegetal, tree fruit, citrus fruit, tropical fruit, spices, earth, microbio, oak, black fruit, floral, non oak, dried fruit","Shellfish, Vegetarian, Goat's Milk Cheese",Sauvignon Blanc
Ellman Family Vineyards Caryn Renae Sauvignon Blanc 2023,United States,130,4,images/Ellman_Family_Vineyards_Caryn_Renae_Sauvignon_Blan.png,images/bottle_Ellman_Family_Vineyards_Caryn_Renae_Sauvign.png,Napa Valley,Ellman Family Vineyards,"tree fruit, citrus fruit, tropical fruit, vegetal, earth, oak, floral, spices, non oak","Shellfish, Vegetarian, Goat's Milk Cheese",Sauvignon Blanc
Château Loudenne Bordeaux Blanc 2016,France,24.99,3.8,images/Chteau_Loudenne_Bordeaux_Blanc_2016.png,images/bottle_Chteau_Loudenne_Bordeaux_Blanc_2016.png,Bordeaux,Château Loudenne,"citrus fruit, tree fruit, microbio, oak, earth, vegetal, tropical fruit, spices, non oak, black fruit, dried fruit, floral","Pork, Vegetarian, Poultry, Appetizers and snacks, Lean fish","Sauvignon Blanc, Sémillon, Muscadelle"
Craggy Range Marlborough Sauvignon Blanc 2024,New Zealand,20.99,4.1,images/Craggy_Range_Marlborough_Sauvignon_Blanc_2024.png,images/bottle_Craggy_Range_Marlborough_Sauvignon_Blanc_20.png,Marlborough,Craggy Range,"citrus fruit, tree fruit, tropical fruit, earth, vegetal, microbio, oak, spices, floral, non oak, black fruit, red fruit","Shellfish, Vegetarian, Goat's Milk Cheese",Sauvignon Blanc
Koha Sauvignon Blanc 2023,New Zealand,11.99,3.9,images/Koha_Sauvignon_Blanc_2023.png,images/bottle_Koha_Sauvignon_Blanc_2023.png,Marlborough,Koha,"citrus fruit, vegetal, tropical fruit, tree fruit, earth, microbio, spices, floral, non oak, oak, red fruit","Shellfish, Vegetarian, Goat's Milk Cheese",Sauvignon Blanc
Foxen Foxen 7200 Vogelzang Vineyard Sauvignon Blanc 2023,United States,32,4,images/Foxen_Foxen_7200_Vogelzang_Vineyard_Sauvignon_Blan.jpg,,Happy Canyon of Santa Barbara,Foxen,"tree fruit, citrus fruit, earth, tropical fruit, oak, vegetal, microbio, spices, floral, non oak","Shellfish, Vegetarian, Goat's Milk Cheese",Sauvignon Blanc
Trentadue OPR Sauvignon Blanc 2022,United States,12.99,3.8,images/Trentadue_OPR_Sauvignon_Blanc_2022.png,images/bottle_Trentadue_OPR_Sauvignon_Blanc_2022.png,California,Trentadue,"citrus fruit, tree fruit, vegetal, microbio, earth, tropical fruit, floral, oak","Shellfish, Vegetarian, Goat's Milk Cheese",Sauvignon Blanc
Gaja Alteni di Brassica Langhe 2021,Italy,205,4.2,images/Gaja_Alteni_di_Brassica_Langhe_2021.png,images/bottle_Gaja_Alteni_di_Brassica_Langhe_2021.png,Langhe,Gaja,"citrus fruit, earth, tree fruit, vegetal, oak, microbio, tropical fruit, spices, non oak, floral, black fruit, red fruit, dried fruit","Pasta, Shellfish, Mature and hard cheese, Lean fish, Cured Meat","Arneis, Pinot Blanc, Cortese, Tocai Friulano"
Auntsfield Single Vineyard Sauvignon Blanc 2024,New Zealand,19.99,4.2,images/Auntsfield_Single_Vineyard_Sauvignon_Blanc_2024.png,images/bottle_Auntsfield_Single_Vineyard_Sauvignon_Blanc_.png,Marlborough,Auntsfield,"citrus fruit, tropical fruit, tree fruit, vegetal, earth, spices, oak, microbio, floral, non oak, red fruit, black fruit, dried fruit","Shellfish, Vegetarian, Goat's Milk Cheese",Sauvignon Blanc
Yalumba Y Series Sauvignon Blanc 2018,Australia,18.78,3.4,images/Yalumba_Y_Series_Sauvignon_Blanc_2018.png,images/bottle_Yalumba_Y_Series_Sauvignon_Blanc_2018.png,South Australia,Yalumba,"citrus fruit, tree fruit, tropical fruit, vegetal, earth, microbio, oak, spices, floral, black fruit, non oak","Shellfish, Vegetarian, Goat's Milk Cheese",Sauvignon Blanc
Te Mata Estate Vineyards Sauvignon Blanc 2023,New Zealand,25,3.9,images/Te_Mata_Estate_Vineyards_Sauvignon_Blanc_2023.png,images/bottle_Te_Mata_Estate_Vineyards_Sauvignon_Blanc_20.png,Hawke's Bay,Te Mata,"citrus fruit, tropical fruit, vegetal, tree fruit, earth, microbio, oak, spices, non oak, black fruit, floral, red fruit","Shellfish, Vegetarian, Goat's Milk Cheese",Sauvignon Blanc
Alban Roblin Chateau La Rabotine Sancerre Blanc 2023,France,32.99,4,images/Alban_Roblin_Chateau_La_Rabotine_Sancerre_Blanc_20.png,images/bottle_Alban_Roblin_Chateau_La_Rabotine_Sancerre_B.png,Sancerre,Alban Roblin,"citrus fruit, earth, tree fruit, vegetal, tropical fruit, microbio, red fruit, floral, oak","Pork, Shellfish, Spicy food, Vegetarian, Goat's Milk Cheese","Chenin Blanc, Sauvignon Blanc"
Tobin James Cellars Sauvignon Blanc Sundance 2022,United States,20,3.6,images/Tobin_James_Cellars_Sauvignon_Blanc_Sundance_2022.jpg,,Monterey County,Tobin James Cellars,"citrus fruit, tropical fruit, tree fruit, spices, vegetal, earth, microbio, non oak, oak","Shellfish, Vegetarian, Goat's Milk Cheese",Sauvignon Blanc
Domaine des Vieux Pruniers Sancerre Blanc 2023,France,29.99,3.9,images/Domaine_des_Vieux_Pruniers_Sancerre_Blanc_2023.png,images/bottle_Domaine_des_Vieux_Pruniers_Sancerre_Blanc_2.png,Sancerre,Domaine des Vieux Pruniers,"citrus fruit, tree fruit, earth, vegetal, black fruit, oak, floral, spices, microbio, tropical fruit, non oak","Pork, Shellfish, Spicy food, Vegetarian, Goat's Milk Cheese","Chenin Blanc, Sauvignon Blanc"
Duckhorn Napa Valley Sauvignon Blanc 2023,United States,24.99,3.9,images/Duckhorn_Napa_Valley_Sauvignon_Blanc_2023.png,images/bottle_Duckhorn_Napa_Valley_Sauvignon_Blanc_2023.png,Napa Valley,Duckhorn,"citrus fruit, tree fruit, tropical fruit, oak, earth, microbio, vegetal, spices, non oak, floral, red fruit, black fruit, dried fruit","Shellfish, Vegetarian, Goat's Milk Cheese",Sauvignon Blanc
Details Sauvignon Blanc 2021,United States,25,3.9,images/Details_Sauvignon_Blanc_2021.png,images/bottle_Details_Sauvignon_Blanc_2021.png,Sonoma County,Details,"citrus fruit, tree fruit, earth, tropical fruit, vegetal, microbio","Shellfish, Vegetarian, Goat's Milk Cheese",Sauvignon Blanc
Henry Pellé Menetou-Salon Morogues Blanc 2023,France,25.99,3.9,images/Henry_Pell_Menetou_Salon_Morogues_Blanc_2023.png,images/bottle_Henry_Pell_Menetou_Salon_Morogues_Blanc_202.png,Menetou-Salon,Henry Pellé,"citrus fruit, tree fruit, earth, vegetal, microbio, tropical fruit, oak, spices, non oak, floral, red fruit, black fruit, dried fruit","Pork, Shellfish, Spicy food, Vegetarian, Goat's Milk Cheese","Chenin Blanc, Sauvignon Blanc"
Cos d'Estournel Cos d'Estournel Blanc 2018,France,199.99,4.3,images/Cos_dEstournel_Cos_dEstournel_Blanc_2018.png,images/bottle_Cos_dEstournel_Cos_dEstournel_Blanc_2018.png,Bordeaux,Cos d'Estournel,"citrus fruit, earth, tree fruit, oak, tropical fruit, microbio, non oak, spices, vegetal, floral, black fruit, dried fruit, red fruit","Pork, Vegetarian, Poultry, Appetizers and snacks, Lean fish","Sauvignon Blanc, Sémillon, Muscadelle"
Domaine Fournier Père et Fils Sancerre Blanc 'Les Belles Vignes' 2023,France,38,3.9,images/Domaine_Fournier_Pre_et_Fils_Sancerre_Blanc_Les_Be.png,images/bottle_Domaine_Fournier_Pre_et_Fils_Sancerre_Blanc.png,Sancerre,Domaine Fournier Père et Fils,"citrus fruit, earth, tree fruit, vegetal, oak, tropical fruit, microbio, spices, non oak, floral, black fruit, red fruit, dried fruit","Pork, Shellfish, Spicy food, Vegetarian, Goat's Milk Cheese","Chenin Blanc, Sauvignon Blanc"
Woodward Canyon Estate Sauvignon Blanc 2024,United States,35,3.6,images/Woodward_Canyon_Estate_Sauvignon_Blanc_2024.jpg,,Walla Walla Valley,Woodward Canyon,"citrus fruit, earth, tree fruit, tropical fruit, oak, vegetal, spices, microbio, non oak","Shellfish, Vegetarian, Goat's Milk Cheese",Sauvignon Blanc
Framingham Sauvignon Blanc 2023,New Zealand,18.97,4,images/Framingham_Sauvignon_Blanc_2023.png,images/bottle_Framingham_Sauvignon_Blanc_2023.png,Marlborough,Framingham,"citrus fruit, tropical fruit, tree fruit, vegetal, earth, oak, microbio, spices, floral, non oak, black fruit, red fruit, dried fruit","Shellfish, Vegetarian, Goat's Milk Cheese",Sauvignon Blanc
Venica & Venica Ronco del Cerò Sauvignon 2022,Italy,29.99,4.1,images/Venica_Venica_Ronco_del_Cer_Sauvignon_2022.png,images/bottle_Venica_Venica_Ronco_del_Cer_Sauvignon_2022.png,Collio,Venica & Venica,"citrus fruit, tree fruit, earth, vegetal, tropical fruit, microbio, oak, spices, floral, non oak, black fruit, red fruit, dried fruit","Pasta, Shellfish, Mature and hard cheese, Lean fish, Cured Meat","Arneis, Pinot Blanc, Cortese, Tocai Friulano"
Michael David Winery Sauvignon Blanc 2021,United States,22.84,3.7,images/Michael_David_Winery_Sauvignon_Blanc_2021.png,images/bottle_Michael_David_Winery_Sauvignon_Blanc_2021.png,Lodi,Michael David Winery,"citrus fruit, tree fruit, tropical fruit, earth, vegetal, microbio, oak, spices, floral, red fruit, non oak","Shellfish, Vegetarian, Goat's Milk Cheese",Sauvignon Blanc
Neumeister Straden Sauvignon Blanc 2021,Austria,32,4,images/Neumeister_Straden_Sauvignon_Blanc_2021.png,images/bottle_Neumeister_Straden_Sauvignon_Blanc_2021.png,Steiermark,Neumeister,"citrus fruit, tree fruit, vegetal, earth, black fruit, spices, microbio, oak, tropical fruit, floral, non oak","Shellfish, Vegetarian, Goat's Milk Cheese",Sauvignon Blanc
Golan Heights Winery Gilgal Sauvignon Blanc 2023,Israel,19.99,4.2,images/Golan_Heights_Winery_Gilgal_Sauvignon_Blanc_2023.png,images/bottle_Golan_Heights_Winery_Gilgal_Sauvignon_Blanc.png,Galilee,Golan Heights Winery,"citrus fruit, tropical fruit, microbio, oak, tree fruit, earth, spices, floral","Spicy food, Vegetarian, Poultry, Appetizers and snacks, Lean fish, Goat's Milk Cheese",Sauvignon Blanc
Frog's Leap Sauvignon Blanc 2023,United States,31.99,4,images/Frogs_Leap_Sauvignon_Blanc_2023.png,images/bottle_Frogs_Leap_Sauvignon_Blanc_2023.png,Rutherford,Frog's Leap,"citrus fruit, tree fruit, earth, vegetal, tropical fruit, microbio, oak, spices, floral, non oak, red fruit, dried fruit","Shellfish, Vegetarian, Goat's Milk Cheese",Sauvignon Blanc
Twomey Sauvignon Blanc 2023,United States,31.99,3.9,images/Twomey_Sauvignon_Blanc_2023.png,images/bottle_Twomey_Sauvignon_Blanc_2023.png,Napa County,Twomey,"citrus fruit, tree fruit, tropical fruit, vegetal, earth, oak, microbio, spices, floral, non oak, red fruit, black fruit","Shellfish, Vegetarian, Goat's Milk Cheese",Sauvignon Blanc
Fairvalley Sauvignon Blanc 2024,South Africa,13.99,3.6,images/Fairvalley_Sauvignon_Blanc_2024.png,images/bottle_Fairvalley_Sauvignon_Blanc_2024.png,Western Cape,Fairvalley,"citrus fruit, tree fruit, vegetal, earth, black fruit, red fruit, tropical fruit","Shellfish, Vegetarian, Goat's Milk Cheese",Sauvignon Blanc
Hanna Sauvignon Blanc 2023,United States,16.99,3.9,images/Hanna_Sauvignon_Blanc_2023.png,images/bottle_Hanna_Sauvignon_Blanc_2023.png,Russian River Valley,Hanna,"citrus fruit, tree fruit, tropical fruit, vegetal, earth, microbio, oak, spices, non oak, floral, red fruit, dried fruit, black fruit","Shellfish, Vegetarian, Goat's Milk Cheese",Sauvignon Blanc
Lady of the Sunshine Stolpman Vineyards Sauvignon Blanc 2023,United States,35,4.2,images/Lady_of_the_Sunshine_Stolpman_Vineyards_Sauvignon_.png,images/bottle_Lady_of_the_Sunshine_Stolpman_Vineyards_Sau.png,Ballard Canyon,Lady of the Sunshine,"tree fruit, citrus fruit, vegetal, tropical fruit, spices, earth, microbio, non oak, oak","Shellfish, Vegetarian, Goat's Milk Cheese",Sauvignon Blanc
Girard Sauvignon Blanc 2022,United States,22,3.7,images/Girard_Sauvignon_Blanc_2022.png,images/bottle_Girard_Sauvignon_Blanc_2022.png,Napa Valley,Girard,"citrus fruit, tree fruit, tropical fruit, earth, vegetal, oak, microbio, spices, non oak, floral, red fruit","Shellfish, Vegetarian, Goat's Milk Cheese",Sauvignon Blanc
Mina Penelope Amber Blanc 2022,Mexico,29.99,4,images/Mina_Penelope_Amber_Blanc_2022.jpg,,Valle de Guadalupe,Mina Penelope,"tree fruit, citrus fruit, earth, dried fruit, red fruit, spices, vegetal",,
Michel Thomas & Fils Sil'ex Sancerre Blanc 2022,France,39.99,4,images/Michel_Thomas_Fils_Silex_Sancerre_Blanc_2022.png,images/bottle_Michel_Thomas_Fils_Silex_Sancerre_Blanc_202.png,Sancerre,Michel Thomas & Fils,"citrus fruit, earth, tree fruit, vegetal, floral, microbio, tropical fruit, oak, non oak, red fruit, spices","Pork, Shellfish, Spicy food, Vegetarian, Goat's Milk Cheese","Chenin Blanc, Sauvignon Blanc"
Mato Bay Reserve Sauvignon Blanc 2023,New Zealand,14.97,3.9,images/Mato_Bay_Reserve_Sauvignon_Blanc_2023.jpg,,Marlborough,Mato Bay,"citrus fruit, tropical fruit, tree fruit, vegetal, spices, floral, earth, microbio, non oak, oak","Shellfish, Vegetarian, Goat's Milk Cheese",Sauvignon Blanc
Stoneburn Sauvignon Blanc 2024,New Zealand,14.99,4,images/Stoneburn_Sauvignon_Blanc_2024.png,images/bottle_Stoneburn_Sauvignon_Blanc_2024.png,Marlborough,Stoneburn,"citrus fruit, tropical fruit, vegetal, tree fruit, earth, spices, microbio, floral, oak, red fruit, non oak, black fruit","Shellfish, Vegetarian, Goat's Milk Cheese",Sauvignon Blanc
Paradise Springs Sauvignon Blanc 2022,United States,35,3.8,images/Paradise_Springs_Sauvignon_Blanc_2022.jpg,,Santa Barbara County,Paradise Springs,"tree fruit, citrus fruit, vegetal, tropical fruit, earth, microbio, oak, spices, floral, non oak","Shellfish, Vegetarian, Goat's Milk Cheese",Sauvignon Blanc
Château Cheval Blanc Le Petit Cheval Bordeaux Blanc 2021,France,229.99,4.4,images/Chteau_Cheval_Blanc_Le_Petit_Cheval_Bordeaux_Blanc.png,images/bottle_Chteau_Cheval_Blanc_Le_Petit_Cheval_Bordeau.png,Bordeaux,Château Cheval Blanc,"tropical fruit, oak, citrus fruit, earth, tree fruit, microbio, non oak, spices, vegetal, floral, black fruit, red fruit, dried fruit","Pork, Vegetarian, Poultry, Appetizers and snacks, Lean fish","Sauvignon Blanc, Sémillon, Muscadelle"
Korbin Kameron Sauvignon Blanc 2023,United States,35,3.8,images/Korbin_Kameron_Sauvignon_Blanc_2023.png,images/bottle_Korbin_Kameron_Sauvignon_Blanc_2023.png,Moon Mountain District,Korbin Kameron,"tree fruit, tropical fruit, citrus fruit, earth, vegetal, oak","Shellfish, Vegetarian, Goat's Milk Cheese",Sauvignon Blanc
Venica & Venica Ronco delle Mele Sauvignon 2023,Italy,66.99,4.2,images/Venica_Venica_Ronco_delle_Mele_Sauvignon_2023.png,images/bottle_Venica_Venica_Ronco_delle_Mele_Sauvignon_20.png,Collio,Venica & Venica,"tree fruit, citrus fruit, earth, tropical fruit, vegetal, oak, spices, floral, microbio, non oak, red fruit, black fruit, dried fruit","Pasta, Shellfish, Mature and hard cheese, Lean fish, Cured Meat","Arneis, Pinot Blanc, Cortese, Tocai Friulano"
Barker's Marque Wines Woolpack Sauvignon Blanc 2023,New Zealand,12.99,4.4,images/Barkers_Marque_Wines_Woolpack_Sauvignon_Blanc_2023.png,images/bottle_Barkers_Marque_Wines_Woolpack_Sauvignon_Bla.png,Marlborough,Barker's Marque Wines,"citrus fruit, tropical fruit, tree fruit, earth, vegetal, spices, non oak, oak, floral, microbio, black fruit","Shellfish, Vegetarian, Goat's Milk Cheese",Sauvignon Blanc
Five Vintners Admiral's Napa Valley Sauvignon Blanc 2023,United States,30,3.7,images/Five_Vintners_Admirals_Napa_Valley_Sauvignon_Blanc.png,images/bottle_Five_Vintners_Admirals_Napa_Valley_Sauvigno.png,Napa Valley,Five Vintners,"citrus fruit, tree fruit, vegetal, tropical fruit, spices, earth, microbio","Shellfish, Vegetarian, Goat's Milk Cheese",Sauvignon Blanc
Intrinsic Sauvignon Blanc 2020,United States,18.99,3.8,images/Intrinsic_Sauvignon_Blanc_2020.png,images/bottle_Intrinsic_Sauvignon_Blanc_2020.png,Horse Heaven Hills,Intrinsic,"citrus fruit, tree fruit, earth, oak, tropical fruit, floral, vegetal, non oak","Shellfish, Vegetarian, Goat's Milk Cheese",Sauvignon Blanc
Pascal Cotat Les Monts Damnés Sancerre 2022,France,119.99,4.3,images/Pascal_Cotat_Les_Monts_Damns_Sancerre_2022.png,images/bottle_Pascal_Cotat_Les_Monts_Damns_Sancerre_2022.png,Sancerre,Pascal Cotat,"earth, citrus fruit, tree fruit, microbio, tropical fruit, oak, vegetal, spices, non oak, floral, red fruit, black fruit, dried fruit","Pork, Shellfish, Spicy food, Vegetarian, Goat's Milk Cheese","Chenin Blanc, Sauvignon Blanc"
Château Pape Clément Pessac-Léognan Blanc 2021,France,129.99,4.2,images/Chteau_Pape_Clment_Pessac_Lognan_Blanc_2021.png,images/bottle_Chteau_Pape_Clment_Pessac_Lognan_Blanc_2021.png,Pessac-Léognan,Château Pape Clément,"oak, citrus fruit, earth, tree fruit, microbio, non oak, tropical fruit, spices, vegetal, floral, black fruit, red fruit, dried fruit","Pork, Vegetarian, Poultry, Appetizers and snacks, Lean fish","Sauvignon Blanc, Sémillon, Muscadelle"
Sevilen Sauvignon Blanc 2022,Turkey,26.99,3.8,images/Sevilen_Sauvignon_Blanc_2022.jpg,,Thrace,Sevilen,"earth, vegetal, tree fruit, microbio, red fruit, citrus fruit, non oak, oak",,
Peter Michael L'Après-Midi Sauvignon Blanc 2021,United States,73,4.4,images/Peter_Michael_LAprs_Midi_Sauvignon_Blanc_2021.png,images/bottle_Peter_Michael_LAprs_Midi_Sauvignon_Blanc_20.png,Knights Valley,Peter Michael,"citrus fruit, oak, tree fruit, earth, microbio, tropical fruit, non oak, vegetal, spices, floral, dried fruit, red fruit, black fruit","Shellfish, Vegetarian, Goat's Milk Cheese",Sauvignon Blanc
Château Haut-Brion La Clarté de Haut-Brion Pessac-Léognan Blanc (Les Plantiers du Haut-Brion) 2020,France,86,4.2,images/Chteau_Haut_Brion_La_Clart_de_Haut_Brion_Pessac_Lo.png,images/bottle_Chteau_Haut_Brion_La_Clart_de_Haut_Brion_Pe.png,Pessac-Léognan,Château Haut-Brion,"earth, oak, tree fruit, citrus fruit, microbio, non oak, spices, tropical fruit, vegetal, floral, dried fruit, black fruit, red fruit","Pork, Vegetarian, Poultry, Appetizers and snacks, Lean fish","Sauvignon Blanc, Sémillon, Muscadelle"
Chloe Sauvignon Blanc 2023,Argentina,11.99,3.8,images/Chloe_Sauvignon_Blanc_2023.png,images/bottle_Chloe_Sauvignon_Blanc_2023.png,Mendoza,Chloe,"citrus fruit, tree fruit, tropical fruit, spices, microbio, floral, earth, red fruit, non oak","Shellfish, Vegetarian, Goat's Milk Cheese",Sauvignon Blanc
Decoy Featherweight Sauvignon Blanc 2023,United States,20.99,3.7,images/Decoy_Featherweight_Sauvignon_Blanc_2023.jpg,,California,Decoy,,"Shellfish, Vegetarian, Goat's Milk Cheese",Sauvignon Blanc
Massey Dacta Sauvignon Blanc 2023,New Zealand,14.99,3.9,images/Massey_Dacta_Sauvignon_Blanc_2023.png,images/bottle_Massey_Dacta_Sauvignon_Blanc_2023.png,Marlborough,Massey Dacta,"citrus fruit, tree fruit, tropical fruit, earth, vegetal, microbio, floral, spices, oak, red fruit, non oak","Shellfish, Vegetarian, Goat's Milk Cheese",Sauvignon Blanc
Malk Sauvignon Blanc 2022,United States,45,4.2,images/Malk_Sauvignon_Blanc_2022.png,images/bottle_Malk_Sauvignon_Blanc_2022.png,Napa Valley,Malk,"citrus fruit, tree fruit, oak, microbio, tropical fruit, spices, earth, non oak","Shellfish, Vegetarian, Goat's Milk Cheese",Sauvignon Blanc
Cave des Vins de Sancerre Comte de la Chevalière Sancerre 2023,France,20.99,3.8,images/Cave_des_Vins_de_Sancerre_Comte_de_la_Chevalire_Sa.png,images/bottle_Cave_des_Vins_de_Sancerre_Comte_de_la_Cheva.png,Sancerre,Cave des Vins de Sancerre,"tropical fruit, earth, tree fruit, citrus fruit, spices","Pork, Shellfish, Spicy food, Vegetarian, Goat's Milk Cheese","Chenin Blanc, Sauvignon Blanc"
Matthews Reserve Sauvignon Blanc 2022,United States,75,4.2,images/Matthews_Reserve_Sauvignon_Blanc_2022.png,images/bottle_Matthews_Reserve_Sauvignon_Blanc_2022.png,Washington,Matthews,"citrus fruit, tree fruit, tropical fruit, earth, vegetal, microbio, oak, floral","Shellfish, Vegetarian, Goat's Milk Cheese",Sauvignon Blanc
Picchetti Cedar Lane Vineyard Sauvignon Blanc 2024,United States,44.95,4.1,images/Picchetti_Cedar_Lane_Vineyard_Sauvignon_Blanc_2024.jpg,,Arroyo Seco,Picchetti,"tree fruit, citrus fruit, tropical fruit, vegetal, red fruit, earth","Shellfish, Vegetarian, Goat's Milk Cheese",Sauvignon Blanc
Cannonball Sauvignon Blanc 2022,United States,15.99,3.8,images/Cannonball_Sauvignon_Blanc_2022.png,images/bottle_Cannonball_Sauvignon_Blanc_2022.png,California,Cannonball,"citrus fruit, tree fruit, earth, tropical fruit, vegetal, oak, floral, microbio, spices, black fruit, red fruit, non oak","Shellfish, Vegetarian, Goat's Milk Cheese",Sauvignon Blanc
Florian Mollet - Domaine Roc de L'Abbaye Pouilly-Fumé 2022,France,36.99,4,images/Florian_Mollet_Domaine_Roc_de_LAbbaye_Pouilly_Fum_.png,images/bottle_Florian_Mollet_Domaine_Roc_de_LAbbaye_Pouil.png,Pouilly-Fumé,Florian Mollet - Domaine Roc de L'Abbaye,"citrus fruit, earth, tree fruit, oak, non oak, vegetal, tropical fruit, black fruit, microbio, spices, floral, red fruit","Pork, Shellfish, Spicy food, Vegetarian, Goat's Milk Cheese","Chenin Blanc, Sauvignon Blanc"
Aperture Sauvignon Blanc 2022,United States,42.99,4.2,images/Aperture_Sauvignon_Blanc_2022.png,images/bottle_Aperture_Sauvignon_Blanc_2022.png,Alexander Valley,Aperture,"citrus fruit, tree fruit, oak, earth, tropical fruit, microbio, floral, vegetal, non oak, spices, dried fruit","Shellfish, Vegetarian, Goat's Milk Cheese",Sauvignon Blanc
Daniel Chotard Sancerre Blanc 2023,France,35,4,images/Daniel_Chotard_Sancerre_Blanc_2023.png,images/bottle_Daniel_Chotard_Sancerre_Blanc_2023.png,Sancerre,Daniel Chotard,"citrus fruit, tree fruit, earth, vegetal, microbio, tropical fruit, oak, spices, red fruit, non oak, floral","Pork, Shellfish, Spicy food, Vegetarian, Goat's Milk Cheese","Chenin Blanc, Sauvignon Blanc"
Ink Grade Sauvignon Blanc 2021,United States,86.99,4.1,images/Ink_Grade_Sauvignon_Blanc_2021.jpg,,Napa Valley,Ink Grade,"earth, microbio, red fruit, tree fruit, citrus fruit, spices, floral, non oak, oak","Shellfish, Vegetarian, Goat's Milk Cheese",Sauvignon Blanc
Airfield Estates Sauvignon Blanc 2022,United States,16.99,3.8,images/Airfield_Estates_Sauvignon_Blanc_2022.png,images/bottle_Airfield_Estates_Sauvignon_Blanc_2022.png,Yakima Valley,Airfield Estates,"citrus fruit, tree fruit, vegetal, earth, tropical fruit, floral, spices, microbio, red fruit, black fruit, oak, non oak","Shellfish, Vegetarian, Goat's Milk Cheese",Sauvignon Blanc
J. Lohr Vineyards & Wines Estates Flume Crossing Sauvignon Blanc 2022,United States,15.99,3.7,images/J_Lohr_Vineyards_Wines_Estates_Flume_Crossing_Sauv.png,images/bottle_J_Lohr_Vineyards_Wines_Estates_Flume_Crossi.png,Monterey County,J. Lohr Vineyards & Wines,"citrus fruit, tree fruit, tropical fruit, vegetal, earth, oak, spices, floral, microbio, non oak, red fruit, dried fruit, black fruit","Shellfish, Vegetarian, Goat's Milk Cheese",Sauvignon Blanc
Passionate Montesco Agua de Roca 2022,Argentina,29.99,4,images/Passionate_Montesco_Agua_de_Roca_2022.png,images/bottle_Passionate_Montesco_Agua_de_Roca_2022.png,Gualtallary,Passionate,"vegetal, earth, citrus fruit, tree fruit, tropical fruit, spices, microbio, non oak, oak, floral","Shellfish, Vegetarian, Goat's Milk Cheese",Sauvignon Blanc
Solstice Sauvignon 2023,Italy,21,3.3,images/Solstice_Sauvignon_2023.jpg,,delle Venezie,Solstice,"citrus fruit, vegetal, tropical fruit, tree fruit, floral","Pasta, Shellfish, Mature and hard cheese, Lean fish, Cured Meat","Arneis, Pinot Blanc, Cortese, Tocai Friulano"
Riley's Rows Sauvignon Blanc 2023,United States,33,3.8,images/Rileys_Rows_Sauvignon_Blanc_2023.png,images/bottle_Rileys_Rows_Sauvignon_Blanc_2023.png,North Coast,Riley's Rows,"tree fruit, citrus fruit, tropical fruit, earth, vegetal, microbio","Shellfish, Vegetarian, Goat's Milk Cheese",Sauvignon Blanc
Clouston & Co Sauvignon Blanc 2023,New Zealand,19.99,4,images/Clouston_Co_Sauvignon_Blanc_2023.png,images/bottle_Clouston_Co_Sauvignon_Blanc_2023.png,Marlborough,Clouston & Co,"citrus fruit, tree fruit, tropical fruit, vegetal, earth, spices, microbio, red fruit, floral, non oak","Shellfish, Vegetarian, Goat's Milk Cheese",Sauvignon Blanc
Château Marjosse Bordeaux Blanc 2023,France,18.99,3.7,images/Chteau_Marjosse_Bordeaux_Blanc_2023.png,images/bottle_Chteau_Marjosse_Bordeaux_Blanc_2023.png,Bordeaux,Château Marjosse,"citrus fruit, tree fruit, earth, oak, tropical fruit, microbio, spices, vegetal, non oak, black fruit, floral, red fruit, dried fruit","Pork, Vegetarian, Poultry, Appetizers and snacks, Lean fish","Sauvignon Blanc, Sémillon, Muscadelle"
Mark Herold Herold Sauvignon Blanc 2023,United States,48.99,3.9,images/Mark_Herold_Herold_Sauvignon_Blanc_2023.jpg,,Knights Valley,Mark Herold,"tree fruit, tropical fruit, citrus fruit, earth, vegetal, spices, microbio, oak","Shellfish, Vegetarian, Goat's Milk Cheese",Sauvignon Blanc
Alain de la Treille Sauvignon Blanc 2024,France,11.98,4,images/Alain_de_la_Treille_Sauvignon_Blanc_2024.png,images/bottle_Alain_de_la_Treille_Sauvignon_Blanc_2024.png,Touraine,Alain de la Treille,"earth, citrus fruit, tropical fruit, tree fruit, microbio, spices, vegetal","Vegetarian, Lean fish, Goat's Milk Cheese",Sauvignon Blanc
Mussel Bay Marlborough Sauvignon Blanc 2023,New Zealand,10.99,3.9,images/Mussel_Bay_Marlborough_Sauvignon_Blanc_2023.png,images/bottle_Mussel_Bay_Marlborough_Sauvignon_Blanc_2023.png,Marlborough,Mussel Bay,"citrus fruit, tropical fruit, tree fruit, vegetal, earth, spices, microbio, oak, black fruit, non oak, floral, red fruit","Shellfish, Vegetarian, Goat's Milk Cheese",Sauvignon Blanc
Matthews Sauvignon Blanc 2022,United States,39,4,images/Matthews_Sauvignon_Blanc_2022.png,images/bottle_Matthews_Sauvignon_Blanc_2022.png,Columbia Valley,Matthews,"citrus fruit, tree fruit, tropical fruit, earth, vegetal, oak, spices, floral, microbio, non oak, red fruit, black fruit, dried fruit","Shellfish, Vegetarian, Goat's Milk Cheese",Sauvignon Blanc
B Cellars Sauvignon Blanc 2024,United States,42,4.1,images/B_Cellars_Sauvignon_Blanc_2024.jpg,,Napa Valley,B Cellars,"citrus fruit, vegetal, tropical fruit, tree fruit, non oak, oak","Shellfish, Vegetarian, Goat's Milk Cheese",Sauvignon Blanc
Raimbault-Pineau Coteaux du Giennois 2022,France,18.99,3.8,images/Raimbault_Pineau_Coteaux_du_Giennois_2022.png,images/bottle_Raimbault_Pineau_Coteaux_du_Giennois_2022.png,Coteaux du Giennois,Raimbault-Pineau,"citrus fruit, tree fruit, earth, microbio, vegetal, red fruit, floral, oak, spices","Pork, Shellfish, Spicy food, Vegetarian, Goat's Milk Cheese","Chenin Blanc, Sauvignon Blanc"
Barker's Marque Wines ranga.ranga Sauvignon Blanc 2023,New Zealand,13.99,3.9,images/Barkers_Marque_Wines_rangaranga_Sauvignon_Blanc_20.png,images/bottle_Barkers_Marque_Wines_rangaranga_Sauvignon_B.png,Marlborough,Barker's Marque Wines,"citrus fruit, tree fruit, tropical fruit, vegetal, earth, spices, microbio, oak, floral, non oak, dried fruit, red fruit","Shellfish, Vegetarian, Goat's Milk Cheese",Sauvignon Blanc
Goisot Exogyra Virgula Saint-Bris 2022,France,30,3.8,images/Goisot_Exogyra_Virgula_Saint_Bris_2022.png,images/bottle_Goisot_Exogyra_Virgula_Saint_Bris_2022.png,Saint-Bris,Goisot,"earth, citrus fruit, tree fruit, oak, vegetal, microbio, tropical fruit, non oak, spices, floral, black fruit, dried fruit, red fruit","Pasta, Rich fish (salmon, tuna etc), Shellfish, Mild and soft cheese, Cured Meat",Chardonnay
Henri Bourgeois Sancerre D'Antan 2022,France,63.99,4.3,images/Henri_Bourgeois_Sancerre_DAntan_2022.png,images/bottle_Henri_Bourgeois_Sancerre_DAntan_2022.png,Sancerre,Henri Bourgeois,"citrus fruit, earth, tree fruit, oak, vegetal, tropical fruit, microbio, non oak, spices, floral, black fruit, dried fruit","Pork, Shellfish, Spicy food, Vegetarian, Goat's Milk Cheese","Chenin Blanc, Sauvignon Blanc"
Rewa Vineyards Sauvignon Blanc 2021,United States,59.99,4.2,images/Rewa_Vineyards_Sauvignon_Blanc_2021.png,images/bottle_Rewa_Vineyards_Sauvignon_Blanc_2021.png,Coombsville,Rewa Vineyards,"tree fruit, tropical fruit, citrus fruit, earth, microbio, oak, spices","Shellfish, Vegetarian, Goat's Milk Cheese",Sauvignon Blanc
Clos Pegase Sauvignon Blanc 2022,United States,32,3.8,images/Clos_Pegase_Sauvignon_Blanc_2022.jpg,,Napa County,Clos Pegase,"tree fruit, earth","Shellfish, Vegetarian, Goat's Milk Cheese",Sauvignon Blanc
Alphonse Mellot La Demoiselle Sancerre 2021,France,75,4,images/Alphonse_Mellot_La_Demoiselle_Sancerre_2021.png,images/bottle_Alphonse_Mellot_La_Demoiselle_Sancerre_2021.png,Sancerre,Alphonse Mellot,"earth, citrus fruit, tree fruit, vegetal, microbio, tropical fruit, spices, oak, non oak, floral, red fruit","Pork, Shellfish, Spicy food, Vegetarian, Goat's Milk Cheese","Chenin Blanc, Sauvignon Blanc"
Black Stallion Sauvignon Blanc 2021,United States,16.99,3.8,images/Black_Stallion_Sauvignon_Blanc_2021.png,images/bottle_Black_Stallion_Sauvignon_Blanc_2021.png,Napa Valley,Black Stallion,"citrus fruit, tree fruit, vegetal, earth, tropical fruit, microbio, oak, spices, non oak, red fruit, black fruit, floral","Shellfish, Vegetarian, Goat's Milk Cheese",Sauvignon Blanc
Sileni Estates Sauvignon Blanc 2024,New Zealand,14.99,3.8,images/Sileni_Estates_Sauvignon_Blanc_2024.png,images/bottle_Sileni_Estates_Sauvignon_Blanc_2024.png,Marlborough,Sileni Estates,"citrus fruit, tropical fruit, vegetal, tree fruit, floral, earth","Shellfish, Vegetarian, Goat's Milk Cheese",Sauvignon Blanc
Château La Roche Saint Jean Bordeaux Rosé 2023,France,13.99,4,images/Chteau_La_Roche_Saint_Jean_Bordeaux_Ros_2023.png,images/bottle_Chteau_La_Roche_Saint_Jean_Bordeaux_Ros_202.png,Bordeaux,Château La Roche Saint Jean,"red fruit, tree fruit, citrus fruit","Shellfish, Vegetarian, Poultry, Appetizers and snacks, Lean fish, Aperitif","Cabernet Sauvignon, Cabernet Franc, Malbec, Merlot, Petit Verdot, Carménère"
Francis Blanchet Pouilly-Fumé Calcite 2023,France,25.99,4.1,images/Francis_Blanchet_Pouilly_Fum_Calcite_2023.png,images/bottle_Francis_Blanchet_Pouilly_Fum_Calcite_2023.png,Pouilly-Fumé,Francis Blanchet,"citrus fruit, tree fruit, earth, vegetal, tropical fruit, microbio, floral, oak, spices, non oak, red fruit, black fruit, dried fruit","Pork, Shellfish, Spicy food, Vegetarian, Goat's Milk Cheese","Chenin Blanc, Sauvignon Blanc"
Grand Silex Sauvignon Blanc 2023,France,10.99,3.5,images/Grand_Silex_Sauvignon_Blanc_2023.jpg,,Loire Valley,Grand Silex,"citrus fruit, tree fruit, earth",,
Brilliant Mistake Sauvignon Blanc 2022,United States,88,4.3,images/Brilliant_Mistake_Sauvignon_Blanc_2022.png,images/bottle_Brilliant_Mistake_Sauvignon_Blanc_2022.png,Napa Valley,Brilliant Mistake,"tropical fruit, citrus fruit, oak, tree fruit, spices, earth, microbio, non oak","Shellfish, Vegetarian, Goat's Milk Cheese",Sauvignon Blanc
Jean-Marc Crochet Sancerre Blanc 2023,France,22.99,4,images/Jean_Marc_Crochet_Sancerre_Blanc_2023.png,images/bottle_Jean_Marc_Crochet_Sancerre_Blanc_2023.png,Sancerre,Jean-Marc Crochet,"citrus fruit, tree fruit, earth, vegetal, microbio, oak, red fruit, spices, non oak, tropical fruit, floral, black fruit","Pork, Shellfish, Spicy food, Vegetarian, Goat's Milk Cheese","Chenin Blanc, Sauvignon Blanc"
Château Couhins-Lurton Pessac-Léognan Blanc (Grand Cru Classé de Graves) 2020,France,46.99,4.1,images/Chteau_Couhins_Lurton_Pessac_Lognan_Blanc_Grand_Cr.png,images/bottle_Chteau_Couhins_Lurton_Pessac_Lognan_Blanc_G.png,Pessac-Léognan,Château Couhins-Lurton,"oak, citrus fruit, tree fruit, earth, microbio, non oak, vegetal, spices, tropical fruit, black fruit, dried fruit, floral, red fruit","Pork, Vegetarian, Poultry, Appetizers and snacks, Lean fish","Sauvignon Blanc, Sémillon, Muscadelle"
Jean-Max Roger Cuvée Les Caillottes Sancerre 2023,France,39.99,4.1,images/Jean_Max_Roger_Cuve_Les_Caillottes_Sancerre_2023.png,images/bottle_Jean_Max_Roger_Cuve_Les_Caillottes_Sancerre.png,Sancerre,Jean-Max Roger,"citrus fruit, earth, tree fruit, vegetal, microbio, oak, tropical fruit, non oak, spices, red fruit, floral, black fruit","Pork, Shellfish, Spicy food, Vegetarian, Goat's Milk Cheese","Chenin Blanc, Sauvignon Blanc"
La Poussie Sancerre Blanc 2023,France,44,4,images/La_Poussie_Sancerre_Blanc_2023.png,images/bottle_La_Poussie_Sancerre_Blanc_2023.png,Sancerre,La Poussie,"citrus fruit, tree fruit, earth, vegetal, oak, microbio, tropical fruit, spices, floral, non oak, red fruit, black fruit, dried fruit","Pork, Shellfish, Spicy food, Vegetarian, Goat's Milk Cheese","Chenin Blanc, Sauvignon Blanc"
Morlet Family Vineyards Les Petits Morlet Sauvignon Blanc 2020,United States,50,4.2,images/Morlet_Family_Vineyards_Les_Petits_Morlet_Sauvigno.png,images/bottle_Morlet_Family_Vineyards_Les_Petits_Morlet_S.png,Sonoma County,Morlet Family Vineyards,"oak, microbio, citrus fruit, vegetal, red fruit, tree fruit, spices, earth, non oak","Shellfish, Vegetarian, Goat's Milk Cheese",Sauvignon Blanc
l'Oselier Coteaux du Giennois 2022,France,19.99,3.9,images/lOselier_Coteaux_du_Giennois_2022.jpg,,Coteaux du Giennois,l'Oselier,"tree fruit, citrus fruit, earth, microbio, red fruit","Pork, Shellfish, Spicy food, Vegetarian, Goat's Milk Cheese","Chenin Blanc, Sauvignon Blanc"
Patel Sauvignon Blanc 2021,United States,65,4.3,images/Patel_Sauvignon_Blanc_2021.jpg,,Napa Valley,Patel,"vegetal, tree fruit, earth, oak, citrus fruit, microbio","Shellfish, Vegetarian, Goat's Milk Cheese",Sauvignon Blanc
Château Malartic-Lagravière Pessac-Léognan Blanc (Grand Cru Classé de Graves) 2020,France,88.99,3.9,images/Chteau_Malartic_Lagravire_Pessac_Lognan_Blanc_Gran.png,images/bottle_Chteau_Malartic_Lagravire_Pessac_Lognan_Bla.png,Pessac-Léognan,Château Malartic-Lagravière,"citrus fruit, tree fruit, earth, oak, microbio, vegetal, non oak, tropical fruit, spices, floral, dried fruit, black fruit, red fruit","Pork, Vegetarian, Poultry, Appetizers and snacks, Lean fish","Sauvignon Blanc, Sémillon, Muscadelle"
Dragonette Grimm’s Bluff Vineyard Sauvignon Blanc 2021,United States,52.99,4.3,images/Dragonette_Grimms_Bluff_Vineyard_Sauvignon_Blanc_2.png,images/bottle_Dragonette_Grimms_Bluff_Vineyard_Sauvignon_.png,Santa Barbara County,Dragonette,"tree fruit, vegetal, microbio, oak, tropical fruit, earth","Shellfish, Vegetarian, Goat's Milk Cheese",Sauvignon Blanc
Jean-Pierre Vacher & Fils Sancerre Blanc 2022,France,26.99,4,images/Jean_Pierre_Vacher_Fils_Sancerre_Blanc_2022.png,images/bottle_Jean_Pierre_Vacher_Fils_Sancerre_Blanc_2022.png,Sancerre,Jean-Pierre Vacher & Fils,"citrus fruit, tree fruit, earth, tropical fruit, vegetal, spices, oak, red fruit, floral, microbio, non oak, black fruit","Pork, Shellfish, Spicy food, Vegetarian, Goat's Milk Cheese","Chenin Blanc, Sauvignon Blanc"
Raimbault-Pineau Pouilly-Fumé 2022,France,28.99,3.8,images/Raimbault_Pineau_Pouilly_Fum_2022.png,images/bottle_Raimbault_Pineau_Pouilly_Fum_2022.png,Pouilly-Fumé,Raimbault-Pineau,"citrus fruit, tree fruit, earth, tropical fruit, vegetal, microbio, floral, oak, spices","Pork, Shellfish, Spicy food, Vegetarian, Goat's Milk Cheese","Chenin Blanc, Sauvignon Blanc"
Seresin Sauvignon Blanc 2023,New Zealand,26.99,4,images/Seresin_Sauvignon_Blanc_2023.png,images/bottle_Seresin_Sauvignon_Blanc_2023.png,Marlborough,Seresin,"citrus fruit, tropical fruit, vegetal, earth, tree fruit, oak, microbio, non oak, spices, floral, black fruit, red fruit, dried fruit","Shellfish, Vegetarian, Goat's Milk Cheese",Sauvignon Blanc
Deerfield Ranch Peterson Vineyard Sauvignon Blanc 2023,United States,32,4,images/Deerfield_Ranch_Peterson_Vineyard_Sauvignon_Blanc_.jpg,,Sonoma Valley,Deerfield Ranch,"citrus fruit, tree fruit, earth, non oak","Shellfish, Vegetarian, Goat's Milk Cheese",Sauvignon Blanc
Sean Minor California Series Sauvignon Blanc 2022,United States,12.99,3.7,images/Sean_Minor_California_Series_Sauvignon_Blanc_2022.png,images/bottle_Sean_Minor_California_Series_Sauvignon_Blan.png,California,Sean Minor,"citrus fruit, tree fruit, tropical fruit, earth, vegetal, microbio, oak, spices, non oak, red fruit, floral, black fruit, dried fruit","Shellfish, Vegetarian, Goat's Milk Cheese",Sauvignon Blanc
AVA Grace Sauvignon Blanc 2021,United States,11.99,3.7,images/AVA_Grace_Sauvignon_Blanc_2021.png,images/bottle_AVA_Grace_Sauvignon_Blanc_2021.png,California,AVA Grace,"citrus fruit, tree fruit, vegetal, tropical fruit, oak, microbio, earth, spices, non oak, floral","Shellfish, Vegetarian, Goat's Milk Cheese",Sauvignon Blanc
Raimbault-Pineau Les Lumeaux Pouilly-Fumé 2017,France,22,3.8,images/Raimbault_Pineau_Les_Lumeaux_Pouilly_Fum_2017.png,images/bottle_Raimbault_Pineau_Les_Lumeaux_Pouilly_Fum_20.png,Pouilly-Fumé,Raimbault-Pineau,microbio,"Pork, Shellfish, Spicy food, Vegetarian, Goat's Milk Cheese","Chenin Blanc, Sauvignon Blanc"
Stolpman Vineyards Sauvignon Blanc 2020,United States,19.99,3.8,images/Stolpman_Vineyards_Sauvignon_Blanc_2020.png,images/bottle_Stolpman_Vineyards_Sauvignon_Blanc_2020.png,Ballard Canyon,Stolpman Vineyards,"citrus fruit, tree fruit, earth, tropical fruit, vegetal, spices, oak, non oak, microbio, floral, red fruit","Shellfish, Vegetarian, Goat's Milk Cheese",Sauvignon Blanc
Château Olivier Pessac-Léognan Blanc (Grand Cru Classé de Graves) 2021,France,108.99,4,images/Chteau_Olivier_Pessac_Lognan_Blanc_Grand_Cru_Class.png,images/bottle_Chteau_Olivier_Pessac_Lognan_Blanc_Grand_Cr.png,Pessac-Léognan,Château Olivier,"citrus fruit, earth, tree fruit, oak, vegetal, non oak, microbio, tropical fruit, spices, floral, black fruit, dried fruit, red fruit","Pork, Vegetarian, Poultry, Appetizers and snacks, Lean fish","Sauvignon Blanc, Sémillon, Muscadelle"
Shiloh Sauvignon Blanc 2023,Israel,24.99,3.6,images/Shiloh_Sauvignon_Blanc_2023.png,images/bottle_Shiloh_Sauvignon_Blanc_2023.png,Negev,Shiloh,"citrus fruit, tree fruit, spices, tropical fruit, vegetal","Spicy food, Vegetarian, Poultry, Appetizers and snacks, Lean fish, Goat's Milk Cheese",Sauvignon Blanc
Paul Buisse Touraine Sauvignon 2023,France,15.99,3.9,images/Paul_Buisse_Touraine_Sauvignon_2023.png,images/bottle_Paul_Buisse_Touraine_Sauvignon_2023.png,Touraine,Paul Buisse,"citrus fruit, tree fruit, earth, vegetal, tropical fruit, microbio, oak, floral, spices, non oak, black fruit, red fruit, dried fruit","Vegetarian, Lean fish, Goat's Milk Cheese",Sauvignon Blanc
Didier Dagueneau (Louis-Benjamin Dagueneau) Pur Sang 2020,France,180,4.4,images/Didier_Dagueneau_Louis_Benjamin_Dagueneau_Pur_Sang.png,images/bottle_Didier_Dagueneau_Louis_Benjamin_Dagueneau_P.png,Pouilly-Fumé,Didier Dagueneau (Louis-Benjamin Dagueneau),"earth, citrus fruit, tree fruit, vegetal, oak, tropical fruit, microbio, non oak, spices, floral, black fruit, dried fruit, red fruit","Pork, Shellfish, Spicy food, Vegetarian, Goat's Milk Cheese","Chenin Blanc, Sauvignon Blanc"
Dancing Crow Vineyards Sauvignon Blanc 2023,United States,14.99,3.7,images/Dancing_Crow_Vineyards_Sauvignon_Blanc_2023.png,images/bottle_Dancing_Crow_Vineyards_Sauvignon_Blanc_2023.png,Lake County,Dancing Crow Vineyards,"tree fruit, citrus fruit, tropical fruit, earth, vegetal, microbio, spices, oak, floral, non oak, black fruit, dried fruit","Shellfish, Vegetarian, Goat's Milk Cheese",Sauvignon Blanc
Drylands Sauvignon Blanc 2024,New Zealand,22.99,4.1,images/Drylands_Sauvignon_Blanc_2024.png,images/bottle_Drylands_Sauvignon_Blanc_2024.png,Marlborough,Drylands,"citrus fruit, tropical fruit, tree fruit, vegetal, earth, microbio, spices, oak, floral, non oak, red fruit, dried fruit, black fruit","Shellfish, Vegetarian, Goat's Milk Cheese",Sauvignon Blanc
Protea Sauvignon Blanc 2024,South Africa,12.99,3.8,images/Protea_Sauvignon_Blanc_2024.png,images/bottle_Protea_Sauvignon_Blanc_2024.png,Coastal Region,Protea,"tropical fruit, citrus fruit, vegetal, tree fruit, earth, spices, floral, microbio, dried fruit, non oak, red fruit, oak","Shellfish, Vegetarian, Goat's Milk Cheese",Sauvignon Blanc
Murdoch Hill Sauvignon Blanc 2021,Australia,19.99,3.8,images/Murdoch_Hill_Sauvignon_Blanc_2021.png,images/bottle_Murdoch_Hill_Sauvignon_Blanc_2021.png,Adelaide Hills,Murdoch Hill,"vegetal, citrus fruit, tropical fruit, tree fruit, earth, black fruit, spices, floral, microbio","Shellfish, Vegetarian, Goat's Milk Cheese",Sauvignon Blanc
Monkey Bay Sauvignon Blanc 2022,New Zealand,10.97,3.7,images/Monkey_Bay_Sauvignon_Blanc_2022.png,images/bottle_Monkey_Bay_Sauvignon_Blanc_2022.png,Wine of New Zealand,Monkey Bay,"citrus fruit, tropical fruit, tree fruit, vegetal, earth, microbio, spices, oak, floral, non oak, black fruit, red fruit","Shellfish, Vegetarian, Goat's Milk Cheese",Sauvignon Blanc
Clément Lavallée Vigneron Les Copains d'abord Saint-Bris 2022,France,42,4.1,images/Clment_Lavalle_Vigneron_Les_Copains_dabord_Saint_B.png,images/bottle_Clment_Lavalle_Vigneron_Les_Copains_dabord_.png,Saint-Bris,Clément Lavallée Vigneron,"citrus fruit, oak","Pasta, Rich fish (salmon, tuna etc), Shellfish, Mild and soft cheese, Cured Meat",Chardonnay
Kim Crawford Illuminate Sauvignon Blanc 2023,New Zealand,15.99,3.5,images/Kim_Crawford_Illuminate_Sauvignon_Blanc_2023.png,images/bottle_Kim_Crawford_Illuminate_Sauvignon_Blanc_202.png,Marlborough,Kim Crawford,"citrus fruit, tree fruit, tropical fruit, earth, vegetal, spices, microbio, oak, floral, non oak","Shellfish, Vegetarian, Goat's Milk Cheese",Sauvignon Blanc
Southern Right Sauvignon Blanc 2024,South Africa,17.99,3.9,images/Southern_Right_Sauvignon_Blanc_2024.png,images/bottle_Southern_Right_Sauvignon_Blanc_2024.png,Walker Bay,Southern Right,"citrus fruit, vegetal, earth, tree fruit, tropical fruit, spices, oak, microbio, non oak, floral, black fruit, red fruit, dried fruit","Shellfish, Vegetarian, Goat's Milk Cheese",Sauvignon Blanc
The Dreaming Tree Sauvignon Blanc 2022,United States,12.99,3.7,images/The_Dreaming_Tree_Sauvignon_Blanc_2022.png,images/bottle_The_Dreaming_Tree_Sauvignon_Blanc_2022.png,California,The Dreaming Tree,"citrus fruit, tree fruit, tropical fruit, earth, oak, vegetal, microbio, non oak, spices, black fruit, red fruit, dried fruit","Shellfish, Vegetarian, Goat's Milk Cheese",Sauvignon Blanc
Marciano Estate Blanc 2021,United States,150,4.3,images/Marciano_Estate_Blanc_2021.png,images/bottle_Marciano_Estate_Blanc_2021.png,Napa Valley,Marciano Estate,"earth, tree fruit, citrus fruit, non oak, oak, tropical fruit, spices, floral, vegetal, microbio","Shellfish, Vegetarian, Goat's Milk Cheese",Sauvignon Blanc
Starborough Starlite Sauvignon Blanc 2020,New Zealand,12.99,3.8,images/Starborough_Starlite_Sauvignon_Blanc_2020.png,images/bottle_Starborough_Starlite_Sauvignon_Blanc_2020.png,Marlborough,Starborough,"citrus fruit, tropical fruit, tree fruit, vegetal, earth, microbio","Shellfish, Vegetarian, Goat's Milk Cheese",Sauvignon Blanc
J. Rochioli Estate Grown Sauvignon Blanc 2021,United States,50,4.2,images/J_Rochioli_Estate_Grown_Sauvignon_Blanc_2021.png,images/bottle_J_Rochioli_Estate_Grown_Sauvignon_Blanc_202.png,Russian River Valley,J. Rochioli,"citrus fruit, tree fruit, tropical fruit, earth, vegetal, oak, microbio, spices, floral, non oak, red fruit, black fruit","Shellfish, Vegetarian, Goat's Milk Cheese",Sauvignon Blanc
Château Lamothe de Haux Bordeaux Blanc 2023,France,11.5,3.9,images/Chteau_Lamothe_de_Haux_Bordeaux_Blanc_2023.png,images/bottle_Chteau_Lamothe_de_Haux_Bordeaux_Blanc_2023.png,Bordeaux,Château Lamothe de Haux,"citrus fruit, tree fruit, earth, vegetal, oak, microbio, tropical fruit, floral, spices, non oak, black fruit, red fruit, dried fruit","Pork, Vegetarian, Poultry, Appetizers and snacks, Lean fish","Sauvignon Blanc, Sémillon, Muscadelle"
Paws Sauvignon Blanc,United States,14.08,3.4,images/Paws_Sauvignon_Blanc.png,images/bottle_Paws_Sauvignon_Blanc.png,California,Paws,"citrus fruit, tree fruit, tropical fruit, earth, microbio, oak","Shellfish, Vegetarian, Goat's Milk Cheese",Sauvignon Blanc
Lifevine Sauvignon Blanc 2022,United States,11.99,3.8,images/Lifevine_Sauvignon_Blanc_2022.png,images/bottle_Lifevine_Sauvignon_Blanc_2022.png,California,Lifevine,,"Shellfish, Vegetarian, Goat's Milk Cheese",Sauvignon Blanc
DeLille Cellars Métier Sauvignon Blanc 2023,United States,19.99,3.8,images/DeLille_Cellars_Mtier_Sauvignon_Blanc_2023.png,images/bottle_DeLille_Cellars_Mtier_Sauvignon_Blanc_2023.png,Columbia Valley,DeLille Cellars,,"Shellfish, Vegetarian, Goat's Milk Cheese",Sauvignon Blanc
Gérard Boulay La Côte Sancerre 2020,France,66,4.2,images/Grard_Boulay_La_Cte_Sancerre_2020.png,images/bottle_Grard_Boulay_La_Cte_Sancerre_2020.png,Sancerre,Gérard Boulay,"citrus fruit, earth, tree fruit, oak, microbio, tropical fruit, vegetal, spices, non oak, floral","Pork, Shellfish, Spicy food, Vegetarian, Goat's Milk Cheese","Chenin Blanc, Sauvignon Blanc"
Domaine Reverdy Ducroux Beau Roy Sancerre 2023,France,23.99,3.9,images/Domaine_Reverdy_Ducroux_Beau_Roy_Sancerre_2023.png,images/bottle_Domaine_Reverdy_Ducroux_Beau_Roy_Sancerre_2.png,Sancerre,Domaine Reverdy Ducroux,"citrus fruit, tree fruit, earth, microbio, vegetal, tropical fruit, oak, floral, non oak, spices, red fruit","Pork, Shellfish, Spicy food, Vegetarian, Goat's Milk Cheese","Chenin Blanc, Sauvignon Blanc"
Didier Dagueneau (Louis-Benjamin Dagueneau) XXI 2021,France,195,4.1,images/Didier_Dagueneau_Louis_Benjamin_Dagueneau_XXI_2021.jpg,,Pouilly-Fumé,Didier Dagueneau (Louis-Benjamin Dagueneau),,"Pork, Shellfish, Spicy food, Vegetarian, Goat's Milk Cheese","Chenin Blanc, Sauvignon Blanc"
Imagery Sauvignon Blanc 2022,United States,14.99,3.8,images/Imagery_Sauvignon_Blanc_2022.png,images/bottle_Imagery_Sauvignon_Blanc_2022.png,California,Imagery,"citrus fruit, tree fruit, earth, floral, tropical fruit, oak, microbio, vegetal, spices, non oak, red fruit, black fruit","Shellfish, Vegetarian, Goat's Milk Cheese",Sauvignon Blanc
Domaine Vacheron Sancerre Les Garennes 2022,France,99.99,3.9,images/Domaine_Vacheron_Sancerre_Les_Garennes_2022.jpg,,Sancerre,Domaine Vacheron,"citrus fruit, tree fruit, earth, microbio, oak","Pork, Shellfish, Spicy food, Vegetarian, Goat's Milk Cheese","Chenin Blanc, Sauvignon Blanc"
Château La Louvière Pessac-Léognan Blanc 2020,France,46,4,images/Chteau_La_Louvire_Pessac_Lognan_Blanc_2020.png,images/bottle_Chteau_La_Louvire_Pessac_Lognan_Blanc_2020.png,Pessac-Léognan,Château La Louvière,"earth, citrus fruit, oak, tree fruit, non oak, vegetal, microbio, spices, tropical fruit, floral, black fruit, dried fruit, red fruit","Pork, Vegetarian, Poultry, Appetizers and snacks, Lean fish","Sauvignon Blanc, Sémillon, Muscadelle"
Hall Sauvignon Blanc 2023,United States,29.99,3.9,images/Hall_Sauvignon_Blanc_2023.png,images/bottle_Hall_Sauvignon_Blanc_2023.png,Napa Valley,Hall,"citrus fruit, tree fruit, tropical fruit, earth, vegetal, microbio, oak, spices, floral, non oak, red fruit, dried fruit, black fruit","Shellfish, Vegetarian, Goat's Milk Cheese",Sauvignon Blanc
Lenz Winery Sauvignon Blanc 2024,United States,30,3.6,images/Lenz_Winery_Sauvignon_Blanc_2024.jpg,,North Fork of Long Island,Lenz Winery,"citrus fruit, tropical fruit, tree fruit, spices, earth",,
Domaine Thomas & Fils Le Pierrier Sancerre 2023,France,37.99,4,images/Domaine_Thomas_Fils_Le_Pierrier_Sancerre_2023.png,images/bottle_Domaine_Thomas_Fils_Le_Pierrier_Sancerre_20.png,Sancerre,Domaine Thomas & Fils,"citrus fruit, tree fruit, earth, vegetal, microbio, oak, tropical fruit, spices, non oak, floral, black fruit","Pork, Shellfish, Spicy food, Vegetarian, Goat's Milk Cheese","Chenin Blanc, Sauvignon Blanc"
Blackbird Vineyards Dissonance 2021,United States,22.99,3.9,images/Blackbird_Vineyards_Dissonance_2021.png,images/bottle_Blackbird_Vineyards_Dissonance_2021.png,Napa Valley,Blackbird Vineyards,"citrus fruit, tree fruit, earth, vegetal, oak, microbio, non oak, tropical fruit, spices, floral, red fruit","Shellfish, Vegetarian, Goat's Milk Cheese",Sauvignon Blanc
Noble Vines 242 Sauvignon Blanc 2023,United States,10.99,3.5,images/Noble_Vines_242_Sauvignon_Blanc_2023.png,images/bottle_Noble_Vines_242_Sauvignon_Blanc_2023.png,Monterey,Noble Vines,"citrus fruit, tree fruit, earth, microbio, oak, vegetal, tropical fruit, spices, non oak, floral, black fruit, red fruit","Shellfish, Vegetarian, Goat's Milk Cheese",Sauvignon Blanc
Iter Sauvignon Blanc 2022,United States,13.97,3.4,images/Iter_Sauvignon_Blanc_2022.jpg,,California,Iter,,"Shellfish, Vegetarian, Goat's Milk Cheese",Sauvignon Blanc
Vincent Gaudry Sancerre 'Constellation du Scorpion' 2022,France,79.99,4.1,images/Vincent_Gaudry_Sancerre_Constellation_du_Scorpion_.png,images/bottle_Vincent_Gaudry_Sancerre_Constellation_du_Sc.png,Sancerre,Vincent Gaudry,"earth, tree fruit, citrus fruit, microbio, oak, tropical fruit, vegetal, spices, floral","Pork, Shellfish, Spicy food, Vegetarian, Goat's Milk Cheese","Chenin Blanc, Sauvignon Blanc"
Gitton Père & Fils Coteaux du Giennois de la Vigne du Taureau Blanc 2021,France,20,3.7,images/Gitton_Pre_Fils_Coteaux_du_Giennois_de_la_Vigne_du.jpg,,Coteaux du Giennois,Gitton Père & Fils,"tropical fruit, tree fruit, earth","Pork, Shellfish, Spicy food, Vegetarian, Goat's Milk Cheese","Chenin Blanc, Sauvignon Blanc"
Whitehall Lane Sauvignon Blanc 2022,United States,29.99,3.9,images/Whitehall_Lane_Sauvignon_Blanc_2022.png,images/bottle_Whitehall_Lane_Sauvignon_Blanc_2022.png,Rutherford,Whitehall Lane,"citrus fruit, tree fruit, earth, oak, vegetal, microbio, tropical fruit, spices, non oak, floral, black fruit, red fruit","Shellfish, Vegetarian, Goat's Milk Cheese",Sauvignon Blanc
Schiopetto Collio Sauvignon 2021,Italy,31,4,images/Schiopetto_Collio_Sauvignon_2021.png,images/bottle_Schiopetto_Collio_Sauvignon_2021.png,Collio,Schiopetto,"citrus fruit, tree fruit, vegetal, tropical fruit, earth, oak, microbio, spices, non oak, black fruit, floral","Pasta, Shellfish, Mature and hard cheese, Lean fish, Cured Meat","Arneis, Pinot Blanc, Cortese, Tocai Friulano"
Mato Bay Sauvignon Blanc 2024,New Zealand,11.97,3.7,images/Mato_Bay_Sauvignon_Blanc_2024.png,images/bottle_Mato_Bay_Sauvignon_Blanc_2024.png,Marlborough,Mato Bay,"citrus fruit, tropical fruit, vegetal, tree fruit, earth, microbio, spices, floral, oak, red fruit, non oak","Shellfish, Vegetarian, Goat's Milk Cheese",Sauvignon Blanc
Claude Riffault Mosaique Calcaire Sancerre Blanc 2023,France,39.99,4,images/Claude_Riffault_Mosaique_Calcaire_Sancerre_Blanc_2.jpg,,Sancerre,Claude Riffault,,"Pork, Shellfish, Spicy food, Vegetarian, Goat's Milk Cheese","Chenin Blanc, Sauvignon Blanc"
Momo Sauvignon Blanc 2023,New Zealand,15,3.7,images/Momo_Sauvignon_Blanc_2023.png,images/bottle_Momo_Sauvignon_Blanc_2023.png,Marlborough,Momo,"citrus fruit, tropical fruit, tree fruit, vegetal, earth, microbio, spices, oak, floral, non oak, red fruit, black fruit","Shellfish, Vegetarian, Goat's Milk Cheese",Sauvignon Blanc
Elizabeth Spencer Sauvignon Blanc 2016,United States,20.99,4.1,images/Elizabeth_Spencer_Sauvignon_Blanc_2016.png,images/bottle_Elizabeth_Spencer_Sauvignon_Blanc_2016.png,Rutherford,Elizabeth Spencer,"tropical fruit, tree fruit, citrus fruit, earth","Shellfish, Vegetarian, Goat's Milk Cheese",Sauvignon Blanc
Obelisco Estate Sauvignon Blanc 2023,United States,35,3.6,images/Obelisco_Estate_Sauvignon_Blanc_2023.jpg,,Columbia Valley,Obelisco Estate,"tree fruit, citrus fruit, tropical fruit, vegetal, earth, floral, microbio, oak","Shellfish, Vegetarian, Goat's Milk Cheese",Sauvignon Blanc
Fitz Roy Sauvignon Blanc 2022,Chile,12.99,3.7,images/Fitz_Roy_Sauvignon_Blanc_2022.jpg,,Central Valley,Fitz Roy,"citrus fruit, tree fruit, earth","Shellfish, Vegetarian, Goat's Milk Cheese",Sauvignon Blanc
Vena Cava Sauvignon Blanc 2023,Mexico,28.99,3.8,images/Vena_Cava_Sauvignon_Blanc_2023.png,images/bottle_Vena_Cava_Sauvignon_Blanc_2023.png,Valle de Guadalupe,Vena Cava,"tree fruit, citrus fruit, oak, tropical fruit, earth, spices, microbio, floral, non oak, vegetal",,
Peregrine Sauvignon Blanc 2023,New Zealand,28.99,4.1,images/Peregrine_Sauvignon_Blanc_2023.png,images/bottle_Peregrine_Sauvignon_Blanc_2023.png,Central Otago,Peregrine,"citrus fruit, tropical fruit, tree fruit, vegetal, earth, red fruit, spices, floral, non oak, oak","Shellfish, Vegetarian, Goat's Milk Cheese",Sauvignon Blanc
The Beach House Sauvignon Blanc 2024,South Africa,11.99,3.7,images/The_Beach_House_Sauvignon_Blanc_2024.png,images/bottle_The_Beach_House_Sauvignon_Blanc_2024.png,Coastal Region,The Beach House,"citrus fruit, tree fruit, vegetal, tropical fruit, earth, microbio, oak, spices, non oak, floral, red fruit","Shellfish, Vegetarian, Goat's Milk Cheese",Sauvignon Blanc
Hailstone 32 Degrees Sauvignon Blanc 2021,United States,50,4.2,images/Hailstone_32_Degrees_Sauvignon_Blanc_2021.jpg,,Napa Valley,Hailstone,"tree fruit, tropical fruit, earth, citrus fruit, spices, vegetal, non oak, oak","Shellfish, Vegetarian, Goat's Milk Cheese",Sauvignon Blanc
Marcel Langoux Pouilly-Fumé 2023,France,20.99,3.8,images/Marcel_Langoux_Pouilly_Fum_2023.png,images/bottle_Marcel_Langoux_Pouilly_Fum_2023.png,Pouilly-Fumé,Marcel Langoux,"citrus fruit, tree fruit, earth, vegetal, tropical fruit, non oak, oak, microbio, spices, floral, black fruit, dried fruit","Pork, Shellfish, Spicy food, Vegetarian, Goat's Milk Cheese","Chenin Blanc, Sauvignon Blanc"
The Crossings Light Wave Sauvignon Blanc 2022,New Zealand,12.99,3.6,images/The_Crossings_Light_Wave_Sauvignon_Blanc_2022.jpg,,Awatere Valley,The Crossings,,"Shellfish, Vegetarian, Goat's Milk Cheese",Sauvignon Blanc
Map Maker Sauvignon Blanc 2023,New Zealand,17.97,3.9,images/Map_Maker_Sauvignon_Blanc_2023.png,images/bottle_Map_Maker_Sauvignon_Blanc_2023.png,Marlborough,Map Maker,"citrus fruit, tropical fruit, vegetal, tree fruit, earth, microbio, oak, spices, floral, red fruit, non oak, black fruit","Shellfish, Vegetarian, Goat's Milk Cheese",Sauvignon Blanc
Nobilo Sauvignon Blanc 2023,New Zealand,11.99,3.8,images/Nobilo_Sauvignon_Blanc_2023.png,images/bottle_Nobilo_Sauvignon_Blanc_2023.png,Marlborough,Nobilo,"citrus fruit, tree fruit, tropical fruit, vegetal, earth, microbio, spices, floral, red fruit, non oak, oak, dried fruit, black fruit","Shellfish, Vegetarian, Goat's Milk Cheese",Sauvignon Blanc
Barker's Marque Wines The Loop Sauvignon Blanc 2023,New Zealand,13.99,4.1,images/Barkers_Marque_Wines_The_Loop_Sauvignon_Blanc_2023.png,images/bottle_Barkers_Marque_Wines_The_Loop_Sauvignon_Bla.png,Marlborough,Barker's Marque Wines,"citrus fruit, tree fruit, tropical fruit, vegetal, earth, spices, floral, red fruit, microbio, non oak, oak, dried fruit","Shellfish, Vegetarian, Goat's Milk Cheese",Sauvignon Blanc
Château Latour-Martillac Pessac-Léognan Blanc (Grand Cru Classé de Graves) 2022,France,59.99,3.9,images/Chteau_Latour_Martillac_Pessac_Lognan_Blanc_Grand_.png,images/bottle_Chteau_Latour_Martillac_Pessac_Lognan_Blanc.png,Pessac-Léognan,Château Latour-Martillac,"citrus fruit, oak, tree fruit, earth, microbio, non oak, spices, vegetal, tropical fruit, floral, black fruit, red fruit, dried fruit","Pork, Vegetarian, Poultry, Appetizers and snacks, Lean fish","Sauvignon Blanc, Sémillon, Muscadelle"
Sanford Santa Ynez Valley Sauvignon Blanc 2018,United States,15.99,3.6,images/Sanford_Santa_Ynez_Valley_Sauvignon_Blanc_2018.jpg,,Santa Ynez Valley,Sanford,"citrus fruit, earth, tree fruit, tropical fruit, oak, vegetal, microbio","Shellfish, Vegetarian, Goat's Milk Cheese",Sauvignon Blanc
Stags' Leap Sauvignon Blanc 2023,United States,30,4.1,images/Stags_Leap_Sauvignon_Blanc_2023.png,images/bottle_Stags_Leap_Sauvignon_Blanc_2023.png,Napa Valley,Stags' Leap,"citrus fruit, tree fruit, earth, oak, tropical fruit, vegetal, spices, non oak, microbio, floral, black fruit, red fruit, dried fruit","Shellfish, Vegetarian, Goat's Milk Cheese",Sauvignon Blanc
Gundlach Bundschu Sauvignon Blanc 2023,United States,25.99,4,images/Gundlach_Bundschu_Sauvignon_Blanc_2023.jpg,,Sonoma Valley,Gundlach Bundschu,"citrus fruit, tree fruit, tropical fruit, vegetal, oak, spices, earth, microbio","Shellfish, Vegetarian, Goat's Milk Cheese",Sauvignon Blanc
Margaret Sauvignon Blanc 2022,South Africa,10.99,3.3,images/Margaret_Sauvignon_Blanc_2022.png,images/bottle_Margaret_Sauvignon_Blanc_2022.png,Western Cape,Margaret,"vegetal, tree fruit, citrus fruit, non oak, oak, black fruit, tropical fruit, spices, floral, earth, microbio","Shellfish, Vegetarian, Goat's Milk Cheese",Sauvignon Blanc
Florian Mollet - Domaine Roc de L'Abbaye Sancerre Blanc 'Roc de l'Abbaye' 2023,France,37.99,3.9,images/Florian_Mollet_Domaine_Roc_de_LAbbaye_Sancerre_Bla.png,images/bottle_Florian_Mollet_Domaine_Roc_de_LAbbaye_Sance.png,Sancerre,Florian Mollet - Domaine Roc de L'Abbaye,"citrus fruit, tree fruit, earth, vegetal, microbio, tropical fruit, oak, non oak, spices, dried fruit, red fruit, floral","Pork, Shellfish, Spicy food, Vegetarian, Goat's Milk Cheese","Chenin Blanc, Sauvignon Blanc"
Hourglass Estate Sauvignon Blanc 2023,United States,39.99,4.4,images/Hourglass_Estate_Sauvignon_Blanc_2023.png,images/bottle_Hourglass_Estate_Sauvignon_Blanc_2023.png,Napa Valley,Hourglass,"tree fruit, citrus fruit, tropical fruit, earth, vegetal, oak, microbio, floral, spices, non oak, red fruit","Shellfish, Vegetarian, Goat's Milk Cheese",Sauvignon Blanc
Vena Cava Sauvignon Blanc Natural 2020,Mexico,42.99,4,images/Vena_Cava_Sauvignon_Blanc_Natural_2020.jpg,,Baja California,Vena Cava,"citrus fruit, tropical fruit, tree fruit",,
Cuvaison Estate Grown Sauvignon Blanc 2022,United States,27.99,4,images/Cuvaison_Estate_Grown_Sauvignon_Blanc_2022.png,images/bottle_Cuvaison_Estate_Grown_Sauvignon_Blanc_2022.png,Los Carneros,Cuvaison,"citrus fruit, tree fruit, tropical fruit, earth, vegetal, oak, spices, microbio, dried fruit, red fruit, floral, non oak","Shellfish, Vegetarian, Goat's Milk Cheese",Sauvignon Blanc
Cave Daniel Ducroux Sancerre Blanc 2023,France,23.99,4,images/Cave_Daniel_Ducroux_Sancerre_Blanc_2023.png,images/bottle_Cave_Daniel_Ducroux_Sancerre_Blanc_2023.png,Sancerre,Cave Daniel Ducroux,"citrus fruit, tree fruit, earth, floral, vegetal, tropical fruit, microbio, non oak, oak","Pork, Shellfish, Spicy food, Vegetarian, Goat's Milk Cheese","Chenin Blanc, Sauvignon Blanc"
Vincent Pinard Nuance Sancerre 2022,France,45,4,images/Vincent_Pinard_Nuance_Sancerre_2022.png,images/bottle_Vincent_Pinard_Nuance_Sancerre_2022.png,Sancerre,Vincent Pinard,"citrus fruit, tree fruit, earth, vegetal, oak, microbio, non oak, spices, tropical fruit, black fruit","Pork, Shellfish, Spicy food, Vegetarian, Goat's Milk Cheese","Chenin Blanc, Sauvignon Blanc"
Sun Goddess Sauvignon Blanc 2021,Italy,16.99,3.8,images/Sun_Goddess_Sauvignon_Blanc_2021.png,images/bottle_Sun_Goddess_Sauvignon_Blanc_2021.png,Friuli,Sun Goddess,"citrus fruit, tree fruit, tropical fruit, earth, vegetal, microbio, spices, oak, floral, non oak, red fruit","Pasta, Shellfish, Mature and hard cheese, Lean fish, Cured Meat","Arneis, Pinot Blanc, Cortese, Tocai Friulano"
Foucher Lebrun Les Monts Damnés Sancerre 2019,France,42.99,3.9,images/Foucher_Lebrun_Les_Monts_Damns_Sancerre_2019.png,images/bottle_Foucher_Lebrun_Les_Monts_Damns_Sancerre_201.png,Sancerre,Foucher Lebrun,tree fruit,"Pork, Shellfish, Spicy food, Vegetarian, Goat's Milk Cheese","Chenin Blanc, Sauvignon Blanc"
Mason Cellars Sauvignon Blanc (Yount Mill Vineyard) 2023,United States,14.99,4,images/Mason_Cellars_Sauvignon_Blanc_Yount_Mill_Vineyard_.png,images/bottle_Mason_Cellars_Sauvignon_Blanc_Yount_Mill_Vi.png,Napa Valley,Mason Cellars,"citrus fruit, tree fruit, tropical fruit, earth, microbio, vegetal, oak, non oak, dried fruit, floral, spices, red fruit","Shellfish, Vegetarian, Goat's Milk Cheese",Sauvignon Blanc
Durand Champ Perroy Sancerre 2024,France,21.99,4,images/Durand_Champ_Perroy_Sancerre_2024.jpg,,Sancerre,Durand,citrus fruit,"Pork, Shellfish, Spicy food, Vegetarian, Goat's Milk Cheese","Chenin Blanc, Sauvignon Blanc"
Alpasión Sauvignon Blanc 2022,Argentina,17.99,4,images/Alpasin_Sauvignon_Blanc_2022.jpg,,Mendoza,Alpasión,,"Shellfish, Vegetarian, Goat's Milk Cheese",Sauvignon Blanc
Didier Dagueneau (Louis-Benjamin Dagueneau) Buisson Renard 2020,France,250,4.3,images/Didier_Dagueneau_Louis_Benjamin_Dagueneau_Buisson_.png,images/bottle_Didier_Dagueneau_Louis_Benjamin_Dagueneau_B.png,Pouilly-Fumé,Didier Dagueneau (Louis-Benjamin Dagueneau),"earth, citrus fruit, tree fruit, oak, vegetal, tropical fruit, microbio, non oak, spices, floral, black fruit, dried fruit","Pork, Shellfish, Spicy food, Vegetarian, Goat's Milk Cheese","Chenin Blanc, Sauvignon Blanc"
Crocker & Starr Sauvignon Blanc 2023,United States,40,4.1,images/Crocker_Starr_Sauvignon_Blanc_2023.png,images/bottle_Crocker_Starr_Sauvignon_Blanc_2023.png,Napa Valley,Crocker & Starr,"citrus fruit, tree fruit, tropical fruit, earth, microbio, vegetal, spices, non oak, oak, floral, red fruit, black fruit, dried fruit","Shellfish, Vegetarian, Goat's Milk Cheese",Sauvignon Blanc
Ghost Block Morgaenlee Vineyard Sauvignon Blanc 2022,United States,29.99,4,images/Ghost_Block_Morgaenlee_Vineyard_Sauvignon_Blanc_20.png,images/bottle_Ghost_Block_Morgaenlee_Vineyard_Sauvignon_B.png,Yountville,Ghost Block,"tree fruit, citrus fruit, microbio, tropical fruit, earth, oak, spices, vegetal, non oak, floral, red fruit","Shellfish, Vegetarian, Goat's Milk Cheese",Sauvignon Blanc
Vincent Pinard Chêne Marchand Sancerre 2022,France,65,4.2,images/Vincent_Pinard_Chne_Marchand_Sancerre_2022.png,images/bottle_Vincent_Pinard_Chne_Marchand_Sancerre_2022.png,Sancerre,Vincent Pinard,"citrus fruit, earth, tree fruit, oak, microbio, spices, non oak, tropical fruit, vegetal, floral, black fruit, red fruit, dried fruit","Pork, Shellfish, Spicy food, Vegetarian, Goat's Milk Cheese","Chenin Blanc, Sauvignon Blanc"
Domaine Georges Pauchon Sancerre Blanc 2024,France,24.99,4,images/Domaine_Georges_Pauchon_Sancerre_Blanc_2024.jpg,,Sancerre,Domaine Georges Pauchon,"citrus fruit, tree fruit","Pork, Shellfish, Spicy food, Vegetarian, Goat's Milk Cheese","Chenin Blanc, Sauvignon Blanc"
Domaine du Nozay Sancerre Blanc 2023,France,45,4,images/Domaine_du_Nozay_Sancerre_Blanc_2023.png,images/bottle_Domaine_du_Nozay_Sancerre_Blanc_2023.png,Sancerre,Domaine du Nozay,"citrus fruit, tree fruit, earth, vegetal, tropical fruit, microbio, oak, floral, spices, non oak, red fruit, black fruit","Pork, Shellfish, Spicy food, Vegetarian, Goat's Milk Cheese","Chenin Blanc, Sauvignon Blanc"
Oak Grove Sauvignon Blanc 2022,United States,12.97,3.5,images/Oak_Grove_Sauvignon_Blanc_2022.png,images/bottle_Oak_Grove_Sauvignon_Blanc_2022.png,California,Oak Grove,"tree fruit, citrus fruit, vegetal, earth, tropical fruit, floral, spices, microbio, oak","Shellfish, Vegetarian, Goat's Milk Cheese",Sauvignon Blanc
Lucien Crochet La Croix du Roy Sancerre Blanc 2023,France,37,4.1,images/Lucien_Crochet_La_Croix_du_Roy_Sancerre_Blanc_2023.png,images/bottle_Lucien_Crochet_La_Croix_du_Roy_Sancerre_Bla.png,Sancerre,Lucien Crochet,"citrus fruit, tree fruit, earth, vegetal, microbio, tropical fruit, non oak, oak, spices, floral, dried fruit, red fruit","Pork, Shellfish, Spicy food, Vegetarian, Goat's Milk Cheese","Chenin Blanc, Sauvignon Blanc"
Governors Bay Sauvignon Blanc 2024,New Zealand,15.97,3.9,images/Governors_Bay_Sauvignon_Blanc_2024.png,images/bottle_Governors_Bay_Sauvignon_Blanc_2024.png,Marlborough,Governors Bay,"citrus fruit, tree fruit, tropical fruit, vegetal, earth, spices, microbio, oak, floral, non oak, red fruit, dried fruit, black fruit","Shellfish, Vegetarian, Goat's Milk Cheese",Sauvignon Blanc
Abbazia di Novacella (Stiftskellerei Neustift) Sauvignon 2023,Italy,25,4,images/Abbazia_di_Novacella_Stiftskellerei_Neustift_Sauvi.png,images/bottle_Abbazia_di_Novacella_Stiftskellerei_Neustif.png,Südtirol - Alto Adige,Abbazia di Novacella (Stiftskellerei Neustift),"tree fruit, citrus fruit, vegetal, earth, tropical fruit, spices, floral, microbio, non oak, oak","Pasta, Shellfish, Mature and hard cheese, Lean fish, Cured Meat","Arneis, Pinot Blanc, Cortese, Tocai Friulano"
Brandlin Sauvignon Blanc 2021,United States,39.99,4.3,images/Brandlin_Sauvignon_Blanc_2021.png,images/bottle_Brandlin_Sauvignon_Blanc_2021.png,Napa Valley,Brandlin,"tropical fruit, oak","Shellfish, Vegetarian, Goat's Milk Cheese",Sauvignon Blanc
Simon Family Estate Golden Ore Sauvignon Blanc 2021,United States,69.88,4.3,images/Simon_Family_Estate_Golden_Ore_Sauvignon_Blanc_202.jpg,,Rutherford,Simon Family Estate,"tree fruit, citrus fruit, oak","Shellfish, Vegetarian, Goat's Milk Cheese",Sauvignon Blanc
Claude Riffault Les Boucauds Sancerre Blanc 2023,France,44.99,4.1,images/Claude_Riffault_Les_Boucauds_Sancerre_Blanc_2023.png,images/bottle_Claude_Riffault_Les_Boucauds_Sancerre_Blanc.png,Sancerre,Claude Riffault,"citrus fruit, earth, tree fruit, oak, microbio, vegetal, tropical fruit, non oak, floral, spices, black fruit, red fruit","Pork, Shellfish, Spicy food, Vegetarian, Goat's Milk Cheese","Chenin Blanc, Sauvignon Blanc"
Patient Cottat Le Grand Caillou Sauvignon Blanc 2023,France,13.99,4.1,images/Patient_Cottat_Le_Grand_Caillou_Sauvignon_Blanc_20.png,images/bottle_Patient_Cottat_Le_Grand_Caillou_Sauvignon_B.png,Upper Loire,Patient Cottat,"citrus fruit, tree fruit, earth, tropical fruit, vegetal, microbio, floral, oak, spices, non oak, red fruit","Pork, Shellfish, Spicy food, Vegetarian, Goat's Milk Cheese","Chenin Blanc, Sauvignon Blanc"
Casa Julia Mahu Sauvignon Blanc 2023,Chile,10.99,4.1,images/Casa_Julia_Mahu_Sauvignon_Blanc_2023.png,images/bottle_Casa_Julia_Mahu_Sauvignon_Blanc_2023.png,Maule Valley,Casa Julia,"citrus fruit, tree fruit, tropical fruit, earth, vegetal, floral, spices, microbio, red fruit, oak, dried fruit, black fruit, non oak","Shellfish, Vegetarian, Goat's Milk Cheese",Sauvignon Blanc
Quivira Vineyards Sauvignon Blanc 2022,United States,25.99,3.9,images/Quivira_Vineyards_Sauvignon_Blanc_2022.png,images/bottle_Quivira_Vineyards_Sauvignon_Blanc_2022.png,Dry Creek Valley,Quivira Vineyards,"citrus fruit, tree fruit, vegetal, tropical fruit, earth, oak, microbio, floral, spices, non oak, red fruit, dried fruit, black fruit","Shellfish, Vegetarian, Goat's Milk Cheese",Sauvignon Blanc
KrisTodd Vineyards Sauvignon Blanc 2021,United States,35,4.3,images/KrisTodd_Vineyards_Sauvignon_Blanc_2021.jpg,,Napa Valley,KrisTodd Vineyards,tropical fruit,"Shellfish, Vegetarian, Goat's Milk Cheese",Sauvignon Blanc
Pascal Jolivet Sancerre Les Caillottes Blanc 2022,France,50,4.2,images/Pascal_Jolivet_Sancerre_Les_Caillottes_Blanc_2022.png,images/bottle_Pascal_Jolivet_Sancerre_Les_Caillottes_Blan.png,Sancerre,Pascal Jolivet,"citrus fruit, tree fruit, earth, vegetal, tropical fruit, microbio, oak, spices, red fruit, non oak, floral, black fruit, dried fruit","Pork, Shellfish, Spicy food, Vegetarian, Goat's Milk Cheese","Chenin Blanc, Sauvignon Blanc"
Kissime Bay Sauvignon Blanc 2022,New Zealand,15.99,4,images/Kissime_Bay_Sauvignon_Blanc_2022.jpg,,Marlborough,Kissime Bay,citrus fruit,"Shellfish, Vegetarian, Goat's Milk Cheese",Sauvignon Blanc
Sonoma-Cutrer Sauvignon Blanc 2024,United States,24.99,3.8,images/Sonoma_Cutrer_Sauvignon_Blanc_2024.jpg,,Russian River Valley,Sonoma-Cutrer,,"Shellfish, Vegetarian, Goat's Milk Cheese",Sauvignon Blanc
Lieu Dit Sauvignon Blanc 2023,United States,24.99,4,images/Lieu_Dit_Sauvignon_Blanc_2023.png,images/bottle_Lieu_Dit_Sauvignon_Blanc_2023.png,Santa Ynez Valley,Lieu Dit,"citrus fruit, tree fruit, earth, vegetal, tropical fruit, microbio, oak, spices, non oak, floral, red fruit, dried fruit","Shellfish, Vegetarian, Goat's Milk Cheese",Sauvignon Blanc
Muirwood Sauvignon Blanc 2023,United States,15.97,3.7,images/Muirwood_Sauvignon_Blanc_2023.png,images/bottle_Muirwood_Sauvignon_Blanc_2023.png,Arroyo Seco,Muirwood,"citrus fruit, tree fruit, vegetal, microbio, earth, oak, tropical fruit, spices, black fruit, non oak, red fruit, floral","Shellfish, Vegetarian, Goat's Milk Cheese",Sauvignon Blanc
Gaspard Sauvignon Blanc 2022,France,18.99,3.8,images/Gaspard_Sauvignon_Blanc_2022.png,images/bottle_Gaspard_Sauvignon_Blanc_2022.png,Saint-Pourçain,Gaspard,"citrus fruit, tree fruit, earth, vegetal, tropical fruit, microbio, oak, floral, non oak, spices, dried fruit, red fruit",,
Inglenook Sauvignon Blanc 2022,United States,40,3.9,images/Inglenook_Sauvignon_Blanc_2022.png,images/bottle_Inglenook_Sauvignon_Blanc_2022.png,Rutherford,Inglenook,"citrus fruit, tree fruit, vegetal, earth, tropical fruit, microbio, oak, spices, floral, non oak","Shellfish, Vegetarian, Goat's Milk Cheese",Sauvignon Blanc
Régis Minet Vieilles Vignes Pouilly-Fumé 2023,France,32.99,3.9,images/Rgis_Minet_Vieilles_Vignes_Pouilly_Fum_2023.png,images/bottle_Rgis_Minet_Vieilles_Vignes_Pouilly_Fum_2023.png,Pouilly-Fumé,Régis Minet,"citrus fruit, tree fruit, earth, vegetal, oak, microbio, tropical fruit, spices, floral, non oak, red fruit, black fruit, dried fruit","Pork, Shellfish, Spicy food, Vegetarian, Goat's Milk Cheese","Chenin Blanc, Sauvignon Blanc"
Movia Sauvignon 2019,Slovenia,35,4,images/Movia_Sauvignon_2019.png,images/bottle_Movia_Sauvignon_2019.png,Goriška Brda,Movia,"earth, citrus fruit, tree fruit, tropical fruit, vegetal, oak, microbio, spices, floral, non oak, black fruit, red fruit, dried fruit","Shellfish, Vegetarian, Goat's Milk Cheese",Sauvignon Blanc
Alphonse Mellot Les Romains Sancerre Blanc 2021,France,75,4.1,images/Alphonse_Mellot_Les_Romains_Sancerre_Blanc_2021.png,images/bottle_Alphonse_Mellot_Les_Romains_Sancerre_Blanc_.png,Sancerre,Alphonse Mellot,"earth, citrus fruit, tree fruit, microbio, oak, tropical fruit, vegetal, spices, floral, non oak","Pork, Shellfish, Spicy food, Vegetarian, Goat's Milk Cheese","Chenin Blanc, Sauvignon Blanc"
Domaine Delaporte Sancerre Silex Blanc 2023,France,42.99,4,images/Domaine_Delaporte_Sancerre_Silex_Blanc_2023.png,images/bottle_Domaine_Delaporte_Sancerre_Silex_Blanc_2023.png,Sancerre,Domaine Delaporte,"earth, tree fruit, citrus fruit, vegetal, oak, tropical fruit, microbio, non oak, floral, spices, black fruit, red fruit","Pork, Shellfish, Spicy food, Vegetarian, Goat's Milk Cheese","Chenin Blanc, Sauvignon Blanc"
