name,country,price,rating,image_url,bottle_image_url,region,winery,flavor,food_pairing,grapes
W. & J. Graham's Late Bottled Vintage Port 1979,Portugal,115,4.1,images/W_J_Grahams_Late_Bottled_Vintage_Port_1979.png,images/bottle_W_J_Grahams_Late_Bottled_Vintage_Port_1979.png,Porto,W. & J. Graham's,"oak, black fruit, dried fruit, non oak, red fruit, spices, earth, microbio, vegetal, floral, citrus fruit, tree fruit, tropical fruit","Sweet desserts, Mature and hard cheese, Blue cheese","Touriga Nacional, Touriga Franca, Tinta Roriz"
W. & J. Graham's 10 Year Old Tawny Port,Portugal,28,4.2,images/W_J_Grahams_10_Year_Old_Tawny_Port.png,images/bottle_W_J_Grahams_10_Year_Old_Tawny_Port.png,Porto,W. & J. Graham's,"non oak, oak, dried fruit, earth, microbio, red fruit, spices, black fruit, vegetal, citrus fruit, tree fruit, floral, tropical fruit","Sweet desserts, Mature and hard cheese, Blue cheese","Touriga Nacional, Touriga Franca, Tinta Roriz"
Taylor's 10 Year Old Tawny Port,Portugal,27.99,4.1,images/Taylors_10_Year_Old_Tawny_Port.png,images/bottle_Taylors_10_Year_Old_Tawny_Port.png,Porto,Taylor's,"oak, non oak, dried fruit, earth, black fruit, red fruit, spices, microbio, vegetal, citrus fruit, tree fruit, floral, tropical fruit","Sweet desserts, Mature and hard cheese, Blue cheese","Touriga Nacional, Touriga Franca, Tinta Roriz"
W. & J. Graham's 20 Year Old Tawny Port,Portugal,59.99,4.4,images/W_J_Grahams_20_Year_Old_Tawny_Port.png,images/bottle_W_J_Grahams_20_Year_Old_Tawny_Port.png,Porto,W. & J. Graham's,"oak, non oak, dried fruit, microbio, earth, citrus fruit, black fruit, spices, red fruit, vegetal, tree fruit, tropical fruit, floral","Sweet desserts, Mature and hard cheese, Blue cheese","Touriga Nacional, Touriga Franca, Tinta Roriz"
W. & J. Graham's Six Grapes Reserve Port,Portugal,24.98,3.9,images/W_J_Grahams_Six_Grapes_Reserve_Port.png,images/bottle_W_J_Grahams_Six_Grapes_Reserve_Port.png,Porto,W. & J. Graham's,"black fruit, oak, red fruit, dried fruit, non oak, earth, spices, microbio, floral, citrus fruit, tree fruit, vegetal","Sweet desserts, Mature and hard cheese, Blue cheese","Touriga Nacional, Tinta Roriz, Tinta Barroca, Souzao, Touriga Francesa"
Tio Pepe Palomino Fino Sherry (Muy Seco),Spain,12.99,3.3,images/Tio_Pepe_Palomino_Fino_Sherry_Muy_Seco.png,images/bottle_Tio_Pepe_Palomino_Fino_Sherry_Muy_Seco.png,Jerez-Xérès-Sherry,Tio Pepe,"non oak, microbio, earth, oak, vegetal, tree fruit, citrus fruit, spices, dried fruit, floral, tropical fruit, black fruit, red fruit","Shellfish, Mature and hard cheese, Appetizers and snacks, Aperitif, Cured Meat",Palomino
Taylor's 20 Year Old Tawny Port,Portugal,49.98,4.3,images/Taylors_20_Year_Old_Tawny_Port.png,images/bottle_Taylors_20_Year_Old_Tawny_Port.png,Porto,Taylor's,"oak, non oak, dried fruit, earth, microbio, black fruit, spices, red fruit, citrus fruit, vegetal, tree fruit, tropical fruit, floral","Sweet desserts, Mature and hard cheese, Blue cheese","Touriga Nacional, Touriga Franca, Tinta Roriz"
Gonzalez-Byass Nectar Pedro Ximenez Sherry (Dulce),Spain,35.99,4.1,images/Gonzalez_Byass_Nectar_Pedro_Ximenez_Sherry_Dulce.png,images/bottle_Gonzalez_Byass_Nectar_Pedro_Ximenez_Sherry_.png,Jerez-Xérès-Sherry,Gonzalez-Byass,"dried fruit, non oak, oak, earth, black fruit, microbio, spices, red fruit, tree fruit, vegetal, citrus fruit, tropical fruit, floral","Sweet desserts, Blue cheese",Pedro Ximenez
Sandeman Fine Ruby Port,Portugal,17.99,3.9,images/Sandeman_Fine_Ruby_Port.png,images/bottle_Sandeman_Fine_Ruby_Port.png,Porto,Sandeman,"black fruit, red fruit, oak, dried fruit, non oak, earth, spices, microbio, tree fruit, citrus fruit, vegetal, floral, tropical fruit","Sweet desserts, Mature and hard cheese, Blue cheese","Touriga Nacional, Touriga Franca, Tinta Roriz"
Fonseca Bin 27 Reserve Port,Portugal,10.99,3.8,images/Fonseca_Bin_27_Reserve_Port.png,images/bottle_Fonseca_Bin_27_Reserve_Port.png,Porto,Fonseca,"oak, black fruit, non oak, dried fruit, red fruit, spices, earth, microbio, citrus fruit, floral, tree fruit, vegetal, tropical fruit","Sweet desserts, Mature and hard cheese, Blue cheese","Touriga Nacional, Tinta Roriz, Tinta Barroca, Souzao, Touriga Francesa"
Warre's Otima 10 Year Old Tawny Port,Portugal,26.99,4,images/Warres_Otima_10_Year_Old_Tawny_Port.png,images/bottle_Warres_Otima_10_Year_Old_Tawny_Port.png,Porto,Warre's,"oak, non oak, dried fruit, earth, spices, microbio, red fruit, black fruit, vegetal, citrus fruit, tree fruit, tropical fruit, floral","Sweet desserts, Mature and hard cheese, Blue cheese","Touriga Nacional, Touriga Franca, Tinta Roriz"
Offley Porto Tawny (Barão de Forrester),Portugal,18.98,3.6,images/Offley_Porto_Tawny_Baro_de_Forrester.png,images/bottle_Offley_Porto_Tawny_Baro_de_Forrester.png,Porto,Offley,"oak, non oak, dried fruit, red fruit, black fruit, microbio, earth, spices, tree fruit, vegetal, citrus fruit, floral, tropical fruit","Sweet desserts, Mature and hard cheese, Blue cheese","Touriga Nacional, Touriga Franca, Tinta Roriz"
Krohn Porto Valdouro Ruby Port,Portugal,17.97,3.9,images/Krohn_Porto_Valdouro_Ruby_Port.png,images/bottle_Krohn_Porto_Valdouro_Ruby_Port.png,Porto,Krohn,"oak, black fruit, red fruit, dried fruit, non oak, spices, earth, microbio, tree fruit, floral, vegetal, citrus fruit, tropical fruit","Sweet desserts, Mature and hard cheese, Blue cheese","Touriga Nacional, Touriga Franca, Tinta Roriz"
Warre's Late Bottled Vintage Port 1986,Portugal,175,4.2,images/Warres_Late_Bottled_Vintage_Port_1986.png,images/bottle_Warres_Late_Bottled_Vintage_Port_1986.png,Porto,Warre's,"oak, black fruit, non oak, dried fruit, red fruit, earth, spices, microbio, vegetal, floral, citrus fruit, tree fruit, tropical fruit","Sweet desserts, Mature and hard cheese, Blue cheese","Touriga Nacional, Touriga Franca, Tinta Roriz"
Cockburn's Special Reserve Port,Portugal,20.99,3.8,images/Cockburns_Special_Reserve_Port.png,images/bottle_Cockburns_Special_Reserve_Port.png,Porto,Cockburn's,"oak, black fruit, non oak, red fruit, dried fruit, spices, earth, microbio, citrus fruit, floral, vegetal, tree fruit, tropical fruit","Sweet desserts, Mature and hard cheese, Blue cheese","Touriga Nacional, Tinta Roriz, Tinta Barroca, Souzao, Touriga Francesa"
Fonseca Guimaraens Vintage Port 1968,Portugal,370,4.2,images/Fonseca_Guimaraens_Vintage_Port_1968.png,images/bottle_Fonseca_Guimaraens_Vintage_Port_1968.png,Porto,Fonseca,"oak, black fruit, dried fruit, non oak, earth, spices, red fruit, microbio, floral, vegetal, citrus fruit, tree fruit","Mature and hard cheese, Blue cheese","Touriga Nacional, Touriga Franca, Tinta Roriz"
Dow's 10 Years Old Tawny Port,Portugal,39.99,4,images/Dows_10_Years_Old_Tawny_Port.png,images/bottle_Dows_10_Years_Old_Tawny_Port.png,Porto,Dow's,"oak, non oak, dried fruit, microbio, spices, earth, black fruit, red fruit, vegetal, citrus fruit, tree fruit, floral","Sweet desserts, Mature and hard cheese, Blue cheese","Touriga Nacional, Touriga Franca, Tinta Roriz"
Kopke 10 Years Old Tawny Port,Portugal,19.7,4,images/Kopke_10_Years_Old_Tawny_Port.png,images/bottle_Kopke_10_Years_Old_Tawny_Port.png,Porto,Kopke,"non oak, oak, dried fruit, earth, microbio, black fruit, vegetal, red fruit, spices, tree fruit, citrus fruit, floral, tropical fruit","Sweet desserts, Mature and hard cheese, Blue cheese","Touriga Nacional, Touriga Franca, Tinta Roriz"
Dow's Fine Tawny Port,Portugal,17.75,3.8,images/Dows_Fine_Tawny_Port.png,images/bottle_Dows_Fine_Tawny_Port.png,Porto,Dow's,"oak, non oak, dried fruit, black fruit, red fruit, spices, earth, microbio, tree fruit, vegetal, citrus fruit, tropical fruit, floral","Sweet desserts, Mature and hard cheese, Blue cheese","Touriga Nacional, Touriga Franca, Tinta Roriz"
Ferreira Late Bottled Vintage Port 1991,Portugal,60,4,images/Ferreira_Late_Bottled_Vintage_Port_1991.png,images/bottle_Ferreira_Late_Bottled_Vintage_Port_1991.png,Porto,Ferreira,"oak, non oak, black fruit, red fruit, dried fruit, spices, earth, microbio, floral, vegetal, tree fruit, citrus fruit","Sweet desserts, Mature and hard cheese, Blue cheese","Touriga Nacional, Touriga Franca, Tinta Roriz"
Quinta do Noval 10 Year Old Tawny Port,Portugal,34.99,4,images/Quinta_do_Noval_10_Year_Old_Tawny_Port.png,images/bottle_Quinta_do_Noval_10_Year_Old_Tawny_Port.png,Porto,Quinta do Noval,"oak, non oak, dried fruit, microbio, earth, red fruit, black fruit, spices, vegetal, tree fruit, citrus fruit, floral, tropical fruit","Sweet desserts, Mature and hard cheese, Blue cheese","Touriga Nacional, Touriga Franca, Tinta Roriz"
Niepoort Colheita Port 1977,Portugal,218,4.3,images/Niepoort_Colheita_Port_1977.png,images/bottle_Niepoort_Colheita_Port_1977.png,Porto,Niepoort,"oak, non oak, dried fruit, earth, microbio, black fruit, spices, citrus fruit, red fruit, vegetal, tree fruit, floral, tropical fruit","Sweet desserts, Mature and hard cheese, Blue cheese","Touriga Nacional, Touriga Franca, Tinta Roriz"
Taylor's Fine Tawny Port,Portugal,17.99,3.8,images/Taylors_Fine_Tawny_Port.png,images/bottle_Taylors_Fine_Tawny_Port.png,Porto,Taylor's,"oak, dried fruit, non oak, black fruit, red fruit, spices, earth, microbio, citrus fruit, vegetal, tree fruit, floral, tropical fruit","Sweet desserts, Mature and hard cheese, Blue cheese","Touriga Nacional, Touriga Franca, Tinta Roriz"
Sandeman 20 Years Old Tawny Porto,Portugal,52.99,4.3,images/Sandeman_20_Years_Old_Tawny_Porto.png,images/bottle_Sandeman_20_Years_Old_Tawny_Porto.png,Porto,Sandeman,"non oak, oak, dried fruit, earth, spices, microbio, citrus fruit, tree fruit, red fruit, vegetal, black fruit, tropical fruit, floral","Sweet desserts, Mature and hard cheese, Blue cheese","Touriga Nacional, Touriga Franca, Tinta Roriz"
W. & J. Graham's 30 Year Old Tawny Port,Portugal,129.99,4.5,images/W_J_Grahams_30_Year_Old_Tawny_Port.png,images/bottle_W_J_Grahams_30_Year_Old_Tawny_Port.png,Porto,W. & J. Graham's,"oak, non oak, earth, dried fruit, microbio, spices, citrus fruit, vegetal, black fruit, red fruit, tree fruit, floral, tropical fruit","Sweet desserts, Mature and hard cheese, Blue cheese","Touriga Nacional, Touriga Franca, Tinta Roriz"
Kopke Fine Ruby Port,Portugal,21.49,3.7,images/Kopke_Fine_Ruby_Port.png,images/bottle_Kopke_Fine_Ruby_Port.png,Porto,Kopke,"oak, red fruit, black fruit, non oak, dried fruit, spices, earth, microbio, vegetal, citrus fruit, floral, tree fruit, tropical fruit","Sweet desserts, Mature and hard cheese, Blue cheese","Touriga Nacional, Touriga Franca, Tinta Roriz"
Sandeman 10 Years Old Tawny Porto,Portugal,29.99,4.1,images/Sandeman_10_Years_Old_Tawny_Porto.png,images/bottle_Sandeman_10_Years_Old_Tawny_Porto.png,Porto,Sandeman,"oak, non oak, dried fruit, spices, black fruit, red fruit, microbio, earth, citrus fruit, vegetal, tree fruit, floral","Sweet desserts, Mature and hard cheese, Blue cheese","Touriga Nacional, Touriga Franca, Tinta Roriz"
W. & J. Graham's Fine Ruby Port,Portugal,18.99,3.8,images/W_J_Grahams_Fine_Ruby_Port.png,images/bottle_W_J_Grahams_Fine_Ruby_Port.png,Porto,W. & J. Graham's,"oak, black fruit, red fruit, non oak, spices, dried fruit, earth, microbio, citrus fruit, tree fruit, vegetal, floral, tropical fruit","Sweet desserts, Mature and hard cheese, Blue cheese","Touriga Nacional, Touriga Franca, Tinta Roriz"
Taylor's Fine Ruby Port,Portugal,13.99,3.8,images/Taylors_Fine_Ruby_Port.png,images/bottle_Taylors_Fine_Ruby_Port.png,Porto,Taylor's,"black fruit, oak, red fruit, non oak, dried fruit, earth, spices, microbio, vegetal, citrus fruit, tree fruit, floral, tropical fruit","Sweet desserts, Mature and hard cheese, Blue cheese","Touriga Nacional, Touriga Franca, Tinta Roriz"
Alvear Solera 1927,Spain,34.99,4.2,images/Alvear_Solera_1927.png,images/bottle_Alvear_Solera_1927.png,Montilla-Moriles,Alvear,"dried fruit, non oak, oak, microbio, black fruit, earth, spices, red fruit, vegetal, citrus fruit, tree fruit, tropical fruit, floral","Fruity desserts, Blue cheese, Aperitif","Palomino, Pedro Ximenez, Moscatel"
Taylor's Chip Dry White Port,Portugal,23.14,3.5,images/Taylors_Chip_Dry_White_Port.png,images/bottle_Taylors_Chip_Dry_White_Port.png,Porto,Taylor's,"tree fruit, oak, citrus fruit, earth, non oak, microbio, vegetal, spices, dried fruit, tropical fruit, floral, black fruit, red fruit","Appetizers and snacks, Fruity desserts, Aperitif, Cured Meat","Gouveio, Rabigato, Malvasia Fina"
Lustau East India Solera Sherry,Spain,24.99,4,images/Lustau_East_India_Solera_Sherry.png,images/bottle_Lustau_East_India_Solera_Sherry.png,Jerez-Xérès-Sherry,Lustau,"non oak, oak, dried fruit, microbio, earth, black fruit, citrus fruit, spices, vegetal, red fruit, tree fruit, tropical fruit, floral","Sweet desserts, Mature and hard cheese, Fruity desserts","Palomino, Pedro Ximenez"
Lustau San Emilio Pedro Ximénez Sherry (Solera Reserva),Spain,29.99,4.1,images/Lustau_San_Emilio_Pedro_Ximnez_Sherry_Solera_Reser.png,images/bottle_Lustau_San_Emilio_Pedro_Ximnez_Sherry_Soler.png,Jerez-Xérès-Sherry,Lustau,"dried fruit, non oak, oak, black fruit, microbio, earth, spices, red fruit, citrus fruit, tree fruit, vegetal, tropical fruit, floral","Sweet desserts, Blue cheese",Pedro Ximenez
Fonseca 10 Year Old Tawny Port,Portugal,25.99,4.1,images/Fonseca_10_Year_Old_Tawny_Port.png,images/bottle_Fonseca_10_Year_Old_Tawny_Port.png,Porto,Fonseca,"oak, non oak, dried fruit, microbio, black fruit, earth, red fruit, spices, vegetal, citrus fruit, tree fruit, floral, tropical fruit","Sweet desserts, Mature and hard cheese, Blue cheese","Touriga Nacional, Touriga Franca, Tinta Roriz"
Dow's Fine Ruby Port,Portugal,17.75,3.7,images/Dows_Fine_Ruby_Port.png,images/bottle_Dows_Fine_Ruby_Port.png,Porto,Dow's,"oak, red fruit, dried fruit, non oak, black fruit, spices, earth, microbio, citrus fruit, floral, vegetal, tree fruit, tropical fruit","Sweet desserts, Mature and hard cheese, Blue cheese","Touriga Nacional, Touriga Franca, Tinta Roriz"
W. & J. Graham's Fine Tawny Port,Portugal,18.99,3.9,images/W_J_Grahams_Fine_Tawny_Port.png,images/bottle_W_J_Grahams_Fine_Tawny_Port.png,Porto,W. & J. Graham's,"oak, non oak, dried fruit, red fruit, black fruit, spices, earth, microbio, vegetal, citrus fruit, floral, tree fruit, tropical fruit","Sweet desserts, Mature and hard cheese, Blue cheese","Touriga Nacional, Touriga Franca, Tinta Roriz"
Cockburn's Fine Ruby Port,Portugal,12.99,3.7,images/Cockburns_Fine_Ruby_Port.png,images/bottle_Cockburns_Fine_Ruby_Port.png,Porto,Cockburn's,"red fruit, oak, black fruit, non oak, spices, dried fruit, earth, microbio, vegetal, floral, citrus fruit, tree fruit, tropical fruit","Sweet desserts, Mature and hard cheese, Blue cheese","Touriga Nacional, Touriga Franca, Tinta Roriz"
Carpano Antica Formula Vermouth,Italy,19.99,4.4,images/Carpano_Antica_Formula_Vermouth.png,images/bottle_Carpano_Antica_Formula_Vermouth.png,Piemonte,Carpano,"citrus fruit, non oak, oak, spices, dried fruit, earth, microbio, black fruit, red fruit, tree fruit, vegetal, floral, tropical fruit",,
Gonzalez-Byass Alfonso Oloroso Seco,Spain,35.99,3.7,images/Gonzalez_Byass_Alfonso_Oloroso_Seco.png,images/bottle_Gonzalez_Byass_Alfonso_Oloroso_Seco.png,Jerez-Xérès-Sherry,Gonzalez-Byass,"non oak, oak, microbio, earth, vegetal, dried fruit, citrus fruit, spices, tree fruit, floral, black fruit, red fruit, tropical fruit","Beef, Game (deer, venison), Mature and hard cheese, Mushrooms, Cured Meat",Palomino
Fonseca Vintage Port 1960,Portugal,595,4.4,images/Fonseca_Vintage_Port_1960.png,images/bottle_Fonseca_Vintage_Port_1960.png,Porto,Fonseca,"oak, black fruit, non oak, dried fruit, earth, red fruit, spices, microbio, citrus fruit, floral, vegetal, tree fruit, tropical fruit","Mature and hard cheese, Blue cheese","Touriga Nacional, Touriga Franca, Tinta Roriz"
Barros Colheita Porto 1969,Portugal,228,4.3,images/Barros_Colheita_Porto_1969.png,images/bottle_Barros_Colheita_Porto_1969.png,Porto,Barros,"non oak, oak, dried fruit, earth, microbio, spices, citrus fruit, vegetal, black fruit, red fruit, tree fruit, floral, tropical fruit","Sweet desserts, Mature and hard cheese, Blue cheese","Touriga Nacional, Touriga Franca, Tinta Roriz"
Fonseca 20 Year Old Tawny Port,Portugal,49.98,4.3,images/Fonseca_20_Year_Old_Tawny_Port.png,images/bottle_Fonseca_20_Year_Old_Tawny_Port.png,Porto,Fonseca,"non oak, oak, dried fruit, microbio, earth, spices, black fruit, red fruit, citrus fruit, vegetal, tree fruit, floral, tropical fruit","Sweet desserts, Mature and hard cheese, Blue cheese","Touriga Nacional, Touriga Franca, Tinta Roriz"
Niepoort Tawny Port,Portugal,15.99,3.8,images/Niepoort_Tawny_Port.png,images/bottle_Niepoort_Tawny_Port.png,Porto,Niepoort,"oak, non oak, dried fruit, black fruit, red fruit, earth, spices, microbio, vegetal, citrus fruit, floral, tree fruit, tropical fruit","Sweet desserts, Mature and hard cheese, Blue cheese","Touriga Nacional, Touriga Franca, Tinta Roriz"
Smith Woodhouse Late Bottled Vintage Port 1979,Portugal,115,4.1,images/Smith_Woodhouse_Late_Bottled_Vintage_Port_1979.png,images/bottle_Smith_Woodhouse_Late_Bottled_Vintage_Port_1.png,Porto,Smith Woodhouse,"oak, black fruit, dried fruit, non oak, earth, spices, red fruit, microbio, citrus fruit, tree fruit, vegetal, floral","Sweet desserts, Mature and hard cheese, Blue cheese","Touriga Nacional, Touriga Franca, Tinta Roriz"
Quinta do Noval Noval Black Ruby Port,Portugal,22.99,3.9,images/Quinta_do_Noval_Noval_Black_Ruby_Port.png,images/bottle_Quinta_do_Noval_Noval_Black_Ruby_Port.png,Porto,Quinta do Noval,"oak, black fruit, non oak, red fruit, dried fruit, earth, spices, microbio, vegetal, citrus fruit, floral, tropical fruit, tree fruit","Sweet desserts, Mature and hard cheese, Blue cheese","Touriga Nacional, Touriga Franca, Tinta Roriz"
Niepoort Porto 10 Years Old Tawny,Portugal,49.99,4,images/Niepoort_Porto_10_Years_Old_Tawny.png,images/bottle_Niepoort_Porto_10_Years_Old_Tawny.png,Porto,Niepoort,"non oak, oak, dried fruit, microbio, earth, spices, black fruit, red fruit, vegetal, citrus fruit, tree fruit, floral","Sweet desserts, Mature and hard cheese, Blue cheese","Touriga Nacional, Touriga Franca, Tinta Roriz"
Quinta do Noval Tawny Port,Portugal,18.98,3.8,images/Quinta_do_Noval_Tawny_Port.png,images/bottle_Quinta_do_Noval_Tawny_Port.png,Porto,Quinta do Noval,"oak, non oak, dried fruit, black fruit, red fruit, earth, microbio, spices, citrus fruit, floral, tree fruit, vegetal","Sweet desserts, Mature and hard cheese, Blue cheese","Touriga Nacional, Touriga Franca, Tinta Roriz"
Lustau Papirusa Manzanilla (Solera Reserva),Spain,18,3.6,images/Lustau_Papirusa_Manzanilla_Solera_Reserva.png,images/bottle_Lustau_Papirusa_Manzanilla_Solera_Reserva.png,Jerez-Xérès-Sherry,Lustau,"earth, non oak, microbio, oak, vegetal, citrus fruit, tree fruit, spices, floral, dried fruit, black fruit, tropical fruit","Rich fish (salmon, tuna etc), Shellfish, Appetizers and snacks, Lean fish, Aperitif, Cured Meat",Palomino
Churchill's Reserve Ruby Port,Portugal,22.99,3.9,images/Churchills_Reserve_Ruby_Port.png,images/bottle_Churchills_Reserve_Ruby_Port.png,Porto,Churchill's,"oak, black fruit, dried fruit, non oak, spices, red fruit, earth, microbio, floral, vegetal, tree fruit, citrus fruit","Sweet desserts, Mature and hard cheese, Blue cheese","Touriga Nacional, Touriga Franca, Tinta Roriz"
Fonseca Ruby Port,Portugal,15.99,3.6,images/Fonseca_Ruby_Port.png,images/bottle_Fonseca_Ruby_Port.png,Porto,Fonseca,"oak, black fruit, red fruit, dried fruit, non oak, spices, earth, microbio, vegetal, tree fruit, citrus fruit","Sweet desserts, Mature and hard cheese, Blue cheese","Touriga Nacional, Touriga Franca, Tinta Roriz"
Lustau Los Arcos Dry Amontillado Sherry (Solera Reserva),Spain,12.99,3.6,images/Lustau_Los_Arcos_Dry_Amontillado_Sherry_Solera_Res.png,images/bottle_Lustau_Los_Arcos_Dry_Amontillado_Sherry_Sol.png,Jerez-Xérès-Sherry,Lustau,"non oak, oak, microbio, earth, dried fruit, vegetal, citrus fruit, spices, tree fruit, floral, black fruit, red fruit, tropical fruit","Pork, Mature and hard cheese, Poultry, Appetizers and snacks, Aperitif, Cured Meat",Palomino
Offley Porto Late Bottled Vintage 1990,Portugal,60,3.8,images/Offley_Porto_Late_Bottled_Vintage_1990.png,images/bottle_Offley_Porto_Late_Bottled_Vintage_1990.png,Porto,Offley,"oak, black fruit, non oak, dried fruit, earth, red fruit, microbio, spices, vegetal, floral, citrus fruit, tree fruit, tropical fruit","Sweet desserts, Mature and hard cheese, Blue cheese","Touriga Nacional, Touriga Franca, Tinta Roriz"
Warre's Warrior Finest Reserve Ruby Port,Portugal,19.99,3.8,images/Warres_Warrior_Finest_Reserve_Ruby_Port.png,images/bottle_Warres_Warrior_Finest_Reserve_Ruby_Port.png,Porto,Warre's,"oak, black fruit, dried fruit, non oak, earth, red fruit, spices, microbio, vegetal, floral, citrus fruit, tree fruit, tropical fruit","Sweet desserts, Mature and hard cheese, Blue cheese","Touriga Nacional, Touriga Franca, Tinta Roriz"
Croft Fine Tawny Port,Portugal,16.99,3.7,images/Croft_Fine_Tawny_Port.png,images/bottle_Croft_Fine_Tawny_Port.png,Porto,Croft,"oak, non oak, dried fruit, black fruit, red fruit, microbio, earth, spices, vegetal, citrus fruit, tree fruit","Sweet desserts, Mature and hard cheese, Blue cheese","Touriga Nacional, Touriga Franca, Tinta Roriz"
W. & J. Graham's 40 Year Old Tawny Port,Portugal,189.98,4.6,images/W_J_Grahams_40_Year_Old_Tawny_Port.png,images/bottle_W_J_Grahams_40_Year_Old_Tawny_Port.png,Porto,W. & J. Graham's,"non oak, oak, dried fruit, earth, microbio, spices, black fruit, citrus fruit, red fruit, vegetal, tree fruit, tropical fruit","Sweet desserts, Mature and hard cheese, Blue cheese","Touriga Nacional, Touriga Franca, Tinta Roriz"
Quinta do Vallado Porto 20 Years Old Tawny,Portugal,63.99,4.4,images/Quinta_do_Vallado_Porto_20_Years_Old_Tawny.png,images/bottle_Quinta_do_Vallado_Porto_20_Years_Old_Tawny.png,Porto,Quinta do Vallado,"non oak, oak, dried fruit, microbio, spices, earth, citrus fruit, black fruit, tree fruit, vegetal, red fruit, tropical fruit","Sweet desserts, Mature and hard cheese, Blue cheese","Touriga Nacional, Touriga Franca, Tinta Roriz"
Martini Riserva Speciale Rubino Vermouth di Torino,Italy,25.99,4,images/Martini_Riserva_Speciale_Rubino_Vermouth_di_Torino.png,images/bottle_Martini_Riserva_Speciale_Rubino_Vermouth_di.png,Langhe,Martini,"oak, citrus fruit, non oak, spices, red fruit, tree fruit, tropical fruit, microbio, earth, black fruit, dried fruit, floral, vegetal",,
Fonseca Tawny Port,Portugal,15.99,3.7,images/Fonseca_Tawny_Port.png,images/bottle_Fonseca_Tawny_Port.png,Porto,Fonseca,"oak, non oak, black fruit, red fruit, dried fruit, earth, spices, microbio, tree fruit, citrus fruit, vegetal, floral","Sweet desserts, Mature and hard cheese, Blue cheese","Touriga Nacional, Touriga Franca, Tinta Roriz"
Osborne Pedro Ximenez 1827 Jerez-Xeres-Sherry,Spain,22.98,4,images/Osborne_Pedro_Ximenez_1827_Jerez_Xeres_Sherry.png,images/bottle_Osborne_Pedro_Ximenez_1827_Jerez_Xeres_Sher.png,Jerez-Xérès-Sherry,Osborne,"dried fruit, non oak, oak, microbio, earth, black fruit, spices, vegetal, tree fruit, citrus fruit, red fruit, floral, tropical fruit","Sweet desserts, Blue cheese",Pedro Ximenez
Croft Port Pink,Portugal,10.88,3.6,images/Croft_Port_Pink.png,images/bottle_Croft_Port_Pink.png,Porto,Croft,"red fruit, citrus fruit, black fruit, dried fruit, earth, spices, oak, non oak, microbio, floral, vegetal, tree fruit","Sweet desserts, Mature and hard cheese, Blue cheese","Touriga Nacional, Tinta Roriz, Tinta Barroca, Souzao, Touriga Francesa"
Ferreira White Port (Branco),Portugal,20.82,3.8,images/Ferreira_White_Port_Branco.png,images/bottle_Ferreira_White_Port_Branco.png,Porto,Ferreira,"earth, tree fruit, non oak, oak, citrus fruit, dried fruit, spices, microbio, black fruit, tropical fruit, vegetal, red fruit","Appetizers and snacks, Fruity desserts, Aperitif, Cured Meat","Gouveio, Rabigato, Malvasia Fina"
Offley Porto Ruby (Barão de Forrester),Portugal,18.98,3.7,images/Offley_Porto_Ruby_Baro_de_Forrester.png,images/bottle_Offley_Porto_Ruby_Baro_de_Forrester.png,Porto,Offley,"red fruit, oak, dried fruit, non oak, black fruit, spices, microbio, earth, citrus fruit, tree fruit, floral","Sweet desserts, Mature and hard cheese, Blue cheese","Touriga Nacional, Touriga Franca, Tinta Roriz"
Penfolds Grandfather 20 Year Old Rare Tawny,Australia,94.98,4.4,images/Penfolds_Grandfather_20_Year_Old_Rare_Tawny.png,images/bottle_Penfolds_Grandfather_20_Year_Old_Rare_Tawny.png,Barossa,Penfolds,"oak, non oak, dried fruit, microbio, earth, spices, black fruit, red fruit, tree fruit, citrus fruit, vegetal, tropical fruit, floral",,
Dow's 20 Years Old Tawny Port,Portugal,51,4.3,images/Dows_20_Years_Old_Tawny_Port.png,images/bottle_Dows_20_Years_Old_Tawny_Port.png,Porto,Dow's,"non oak, oak, dried fruit, microbio, earth, spices, vegetal, citrus fruit, red fruit, black fruit, tree fruit, floral","Sweet desserts, Mature and hard cheese, Blue cheese","Touriga Nacional, Touriga Franca, Tinta Roriz"
Niepoort Ruby Port,Portugal,15.99,3.7,images/Niepoort_Ruby_Port.png,images/bottle_Niepoort_Ruby_Port.png,Porto,Niepoort,"oak, black fruit, red fruit, non oak, dried fruit, spices, earth, microbio, tree fruit, floral, vegetal","Sweet desserts, Mature and hard cheese, Blue cheese","Touriga Nacional, Touriga Franca, Tinta Roriz"
Sandeman Fine Tawny Porto,Portugal,15.99,3.9,images/Sandeman_Fine_Tawny_Porto.png,images/bottle_Sandeman_Fine_Tawny_Porto.png,Porto,Sandeman,"oak, non oak, dried fruit, earth, red fruit, black fruit, spices, microbio, tree fruit, citrus fruit, floral, vegetal","Sweet desserts, Mature and hard cheese, Blue cheese","Touriga Nacional, Touriga Franca, Tinta Roriz"
Ramos Pinto Tawny Port,Portugal,19.99,3.8,images/Ramos_Pinto_Tawny_Port.png,images/bottle_Ramos_Pinto_Tawny_Port.png,Porto,Ramos Pinto,"oak, non oak, dried fruit, earth, spices, black fruit, microbio, red fruit, tree fruit, tropical fruit, citrus fruit, floral, vegetal","Sweet desserts, Mature and hard cheese, Blue cheese","Touriga Nacional, Touriga Franca, Tinta Roriz"
Quinta das Carvalhas Reserva Tawny Port,Portugal,23.97,3.9,images/Quinta_das_Carvalhas_Reserva_Tawny_Port.png,images/bottle_Quinta_das_Carvalhas_Reserva_Tawny_Port.png,Porto,Quinta das Carvalhas,"oak, non oak, dried fruit, earth, microbio, red fruit, black fruit, spices, vegetal, tree fruit, citrus fruit, floral","Sweet desserts, Mature and hard cheese, Blue cheese","Touriga Nacional, Touriga Franca, Tinta Roriz"
Quinta do Noval Silval Vintage Port 1983,Portugal,180,4.2,images/Quinta_do_Noval_Silval_Vintage_Port_1983.png,images/bottle_Quinta_do_Noval_Silval_Vintage_Port_1983.png,Porto,Quinta do Noval,"oak, black fruit, non oak, dried fruit, spices, red fruit, earth, microbio, vegetal, citrus fruit, floral, tree fruit","Mature and hard cheese, Blue cheese","Touriga Nacional, Touriga Franca, Tinta Roriz"
Warre's Otima 20 Year Old Tawny Port,Portugal,55.99,4.2,images/Warres_Otima_20_Year_Old_Tawny_Port.png,images/bottle_Warres_Otima_20_Year_Old_Tawny_Port.png,Porto,Warre's,"non oak, oak, dried fruit, earth, microbio, spices, black fruit, red fruit, citrus fruit, vegetal, tree fruit, floral, tropical fruit","Sweet desserts, Mature and hard cheese, Blue cheese","Touriga Nacional, Touriga Franca, Tinta Roriz"
Barbadillo Pedro Ximénez Sherry,Spain,17,3.8,images/Barbadillo_Pedro_Ximnez_Sherry.png,images/bottle_Barbadillo_Pedro_Ximnez_Sherry.png,Jerez-Xérès-Sherry,Barbadillo,"dried fruit, non oak, oak, microbio, black fruit, earth, spices, vegetal, red fruit, tree fruit, citrus fruit, tropical fruit","Sweet desserts, Blue cheese",Pedro Ximenez
Royal Oporto Late Bottled Vintage Porto 1967,Portugal,266,3.9,images/Royal_Oporto_Late_Bottled_Vintage_Porto_1967.png,images/bottle_Royal_Oporto_Late_Bottled_Vintage_Porto_196.png,Porto,Royal Oporto,"oak, black fruit, red fruit, non oak, spices, earth, dried fruit, microbio, citrus fruit, tree fruit, floral","Sweet desserts, Mature and hard cheese, Blue cheese","Touriga Nacional, Touriga Franca, Tinta Roriz"
Lustau Don Nuño Dry Oloroso Sherry (Reserva Solera),Spain,23.99,3.7,images/Lustau_Don_Nuo_Dry_Oloroso_Sherry_Reserva_Solera.png,images/bottle_Lustau_Don_Nuo_Dry_Oloroso_Sherry_Reserva_S.png,Jerez-Xérès-Sherry,Lustau,"non oak, oak, earth, microbio, dried fruit, vegetal, citrus fruit, spices, tree fruit, black fruit, floral, tropical fruit, red fruit","Beef, Game (deer, venison), Mature and hard cheese, Mushrooms, Cured Meat",Palomino
Dow's Late Bottled Vintage Port 2011,Portugal,25,3.9,images/Dows_Late_Bottled_Vintage_Port_2011.png,images/bottle_Dows_Late_Bottled_Vintage_Port_2011.png,Porto,Dow's,"oak, black fruit, non oak, dried fruit, red fruit, earth, spices, microbio, vegetal, citrus fruit, floral, tree fruit, tropical fruit","Sweet desserts, Mature and hard cheese, Blue cheese","Touriga Nacional, Touriga Franca, Tinta Roriz"
Taylor's 40 Year Old Tawny Port,Portugal,199.98,4.6,images/Taylors_40_Year_Old_Tawny_Port.png,images/bottle_Taylors_40_Year_Old_Tawny_Port.png,Porto,Taylor's,"oak, non oak, dried fruit, microbio, earth, spices, black fruit, citrus fruit, vegetal, red fruit, tree fruit, floral, tropical fruit","Sweet desserts, Mature and hard cheese, Blue cheese","Touriga Nacional, Touriga Franca, Tinta Roriz"
Ramos Pinto Ruby Port,Portugal,16.99,3.6,images/Ramos_Pinto_Ruby_Port.png,images/bottle_Ramos_Pinto_Ruby_Port.png,Porto,Ramos Pinto,"oak, red fruit, black fruit, non oak, earth, spices, dried fruit, microbio, vegetal, tree fruit, floral","Sweet desserts, Mature and hard cheese, Blue cheese","Touriga Nacional, Touriga Franca, Tinta Roriz"
Lustau Vermut Rojo,Spain,21.99,4.2,images/Lustau_Vermut_Rojo.png,images/bottle_Lustau_Vermut_Rojo.png,Jerez-Xérès-Sherry,Lustau,"citrus fruit, spices, oak, non oak, dried fruit, red fruit, earth, microbio, vegetal, black fruit, tree fruit, floral, tropical fruit","Mature and hard cheese, Appetizers and snacks, Aperitif, Cured Meat","Palomino, Moscato, Pedro Ximenez"
Rozès Vintage Port 2017,Portugal,70,3.7,images/Rozs_Vintage_Port_2017.png,images/bottle_Rozs_Vintage_Port_2017.png,Porto,Rozès,"oak, spices, black fruit, non oak, red fruit, dried fruit, earth, microbio, citrus fruit, floral","Mature and hard cheese, Blue cheese","Touriga Nacional, Touriga Franca, Tinta Roriz"
Ramos Pinto Vintage Porto 1937,Portugal,595,4.3,images/Ramos_Pinto_Vintage_Porto_1937.png,images/bottle_Ramos_Pinto_Vintage_Porto_1937.png,Porto,Ramos Pinto,"oak, non oak, earth, dried fruit, black fruit, red fruit, spices, microbio, citrus fruit, vegetal, floral, tree fruit, tropical fruit","Mature and hard cheese, Blue cheese","Touriga Nacional, Touriga Franca, Tinta Roriz"
Harveys Bristol Cream Sherry,Spain,15.99,3.6,images/Harveys_Bristol_Cream_Sherry.png,images/bottle_Harveys_Bristol_Cream_Sherry.png,Jerez-Xérès-Sherry,Harveys,"non oak, oak, microbio, dried fruit, earth, spices, citrus fruit, vegetal, tree fruit, black fruit, red fruit, tropical fruit, floral","Sweet desserts, Mature and hard cheese, Fruity desserts","Palomino, Pedro Ximenez"
Sandeman Tawny Porto,Portugal,17.99,3.7,images/Sandeman_Tawny_Porto.png,images/bottle_Sandeman_Tawny_Porto.png,Porto,Sandeman,"non oak, oak, dried fruit, microbio, red fruit, earth, spices, black fruit, vegetal, citrus fruit, tree fruit, floral","Sweet desserts, Mature and hard cheese, Blue cheese","Touriga Nacional, Touriga Franca, Tinta Roriz"
Quinta do Noval 20 Year Old Tawny Port,Portugal,89.99,4.3,images/Quinta_do_Noval_20_Year_Old_Tawny_Port.png,images/bottle_Quinta_do_Noval_20_Year_Old_Tawny_Port.png,Porto,Quinta do Noval,"non oak, oak, dried fruit, microbio, earth, spices, black fruit, citrus fruit, red fruit, vegetal, tree fruit, floral, tropical fruit","Sweet desserts, Mature and hard cheese, Blue cheese","Touriga Nacional, Touriga Franca, Tinta Roriz"
Barros Ruby Port,Portugal,19.49,3.8,images/Barros_Ruby_Port.png,images/bottle_Barros_Ruby_Port.png,Porto,Barros,"oak, red fruit, non oak, earth, black fruit, spices, dried fruit, tree fruit, tropical fruit, floral, microbio","Sweet desserts, Mature and hard cheese, Blue cheese","Touriga Nacional, Touriga Franca, Tinta Roriz"
Croft Fine Ruby Port,Portugal,15.99,3.7,images/Croft_Fine_Ruby_Port.png,images/bottle_Croft_Fine_Ruby_Port.png,Porto,Croft,"oak, non oak, black fruit, red fruit, dried fruit, earth, spices, microbio, vegetal, tree fruit, citrus fruit, floral","Sweet desserts, Mature and hard cheese, Blue cheese","Touriga Nacional, Touriga Franca, Tinta Roriz"
Taylor's First Estate Reserve Ruby Port,Portugal,18.99,3.8,images/Taylors_First_Estate_Reserve_Ruby_Port.png,images/bottle_Taylors_First_Estate_Reserve_Ruby_Port.png,Porto,Taylor's,"oak, black fruit, dried fruit, red fruit, non oak, earth, spices, microbio, citrus fruit, vegetal, tree fruit, floral, tropical fruit","Sweet desserts, Mature and hard cheese, Blue cheese","Touriga Nacional, Touriga Franca, Tinta Roriz"
Taylor's 30 Year Old Tawny Port,Portugal,139.99,4.5,images/Taylors_30_Year_Old_Tawny_Port.png,images/bottle_Taylors_30_Year_Old_Tawny_Port.png,Porto,Taylor's,"oak, non oak, dried fruit, earth, microbio, spices, black fruit, citrus fruit, red fruit, vegetal, tree fruit, floral, tropical fruit","Sweet desserts, Mature and hard cheese, Blue cheese","Touriga Nacional, Touriga Franca, Tinta Roriz"
Lustau Palo Cortado Península Jerez-Xérès-Sherry  Seco-Dry,Spain,34.99,4,images/Lustau_Palo_Cortado_Pennsula_Jerez_Xrs_Sherry_Seco.png,images/bottle_Lustau_Palo_Cortado_Pennsula_Jerez_Xrs_Sher.png,Jerez-Xérès-Sherry,Lustau,"non oak, oak, microbio, earth, dried fruit, vegetal, citrus fruit, spices, tree fruit, red fruit, black fruit, floral, tropical fruit","Mature and hard cheese, Appetizers and snacks, Mild and soft cheese, Blue cheese, Aperitif, Cured Meat",Palomino
Croft Reserve Tawny Porto,Portugal,17.99,4,images/Croft_Reserve_Tawny_Porto.png,images/bottle_Croft_Reserve_Tawny_Porto.png,Porto,Croft,"oak, non oak, dried fruit, earth, microbio, black fruit, red fruit, spices, vegetal, citrus fruit, tree fruit, floral, tropical fruit","Sweet desserts, Mature and hard cheese, Blue cheese","Touriga Nacional, Touriga Franca, Tinta Roriz"
Osborne Late Bottled Vintage Port 1994,Portugal,78,4.1,images/Osborne_Late_Bottled_Vintage_Port_1994.png,images/bottle_Osborne_Late_Bottled_Vintage_Port_1994.png,Porto,Osborne,"oak, dried fruit, non oak, black fruit, red fruit, earth, spices, microbio, tree fruit, vegetal, citrus fruit","Sweet desserts, Mature and hard cheese, Blue cheese","Touriga Nacional, Touriga Franca, Tinta Roriz"
Blandy's 5 Year Old Malmsey Madeira (Rich),Portugal,26.99,3.8,images/Blandys_5_Year_Old_Malmsey_Madeira_Rich.png,images/bottle_Blandys_5_Year_Old_Malmsey_Madeira_Rich.png,Malmsey Madeira,Blandy's,"non oak, oak, dried fruit, microbio, earth, spices, citrus fruit, vegetal, tree fruit, black fruit, red fruit, tropical fruit, floral","Sweet desserts, Appetizers and snacks","Verdelho, Sercial, Malmsey, Boal Branco, Terrantez"
Kopke 20 Years Old Tawny Port,Portugal,69,4.3,images/Kopke_20_Years_Old_Tawny_Port.png,images/bottle_Kopke_20_Years_Old_Tawny_Port.png,Porto,Kopke,"oak, non oak, dried fruit, microbio, earth, vegetal, black fruit, spices, red fruit, citrus fruit, tree fruit","Sweet desserts, Mature and hard cheese, Blue cheese","Touriga Nacional, Touriga Franca, Tinta Roriz"
Quinta do Crasto Vintage Port 1994,Portugal,98,4.1,images/Quinta_do_Crasto_Vintage_Port_1994.png,images/bottle_Quinta_do_Crasto_Vintage_Port_1994.png,Porto,Quinta do Crasto,"oak, black fruit, non oak, dried fruit, red fruit, spices, earth, floral, citrus fruit, microbio","Mature and hard cheese, Blue cheese","Touriga Nacional, Touriga Franca, Tinta Roriz"
Lustau Jarana Fino Sherry (Very Dry),Spain,15.99,3.3,images/Lustau_Jarana_Fino_Sherry_Very_Dry.png,images/bottle_Lustau_Jarana_Fino_Sherry_Very_Dry.png,Jerez-Xérès-Sherry,Lustau,"non oak, microbio, earth, oak, vegetal, citrus fruit, tree fruit, dried fruit, spices, floral, black fruit, tropical fruit, red fruit","Shellfish, Mature and hard cheese, Appetizers and snacks, Aperitif, Cured Meat",Palomino
Churchill's Dry White Port,Portugal,34.99,3.8,images/Churchills_Dry_White_Port.png,images/bottle_Churchills_Dry_White_Port.png,Porto,Churchill's,"non oak, oak, earth, microbio, tree fruit, spices, dried fruit, vegetal, citrus fruit, black fruit, tropical fruit, floral, red fruit","Appetizers and snacks, Fruity desserts, Aperitif, Cured Meat","Gouveio, Rabigato, Malvasia Fina"
Ramos Pinto Collector Reserva Ruby Port,Portugal,19.99,3.8,images/Ramos_Pinto_Collector_Reserva_Ruby_Port.png,images/bottle_Ramos_Pinto_Collector_Reserva_Ruby_Port.png,Porto,Ramos Pinto,"oak, red fruit, non oak, black fruit, dried fruit, spices, microbio, earth, citrus fruit, vegetal, tree fruit, floral","Sweet desserts, Mature and hard cheese, Blue cheese","Touriga Nacional, Touriga Franca, Tinta Roriz"
Barros Tawny Port,Portugal,18.49,3.8,images/Barros_Tawny_Port.png,images/bottle_Barros_Tawny_Port.png,Porto,Barros,"oak, dried fruit, non oak, black fruit, red fruit, spices, earth, microbio, tree fruit, citrus fruit, tropical fruit, floral","Sweet desserts, Mature and hard cheese, Blue cheese","Touriga Nacional, Touriga Franca, Tinta Roriz"
Quinta das Carvalhas Reserva Ruby Port,Portugal,19.97,3.7,images/Quinta_das_Carvalhas_Reserva_Ruby_Port.png,images/bottle_Quinta_das_Carvalhas_Reserva_Ruby_Port.png,Porto,Quinta das Carvalhas,"black fruit, oak, dried fruit, red fruit, non oak, earth, spices, citrus fruit, microbio, tree fruit, vegetal","Sweet desserts, Mature and hard cheese, Blue cheese","Touriga Nacional, Touriga Franca, Tinta Roriz"
Cockburn's Fine Tawny Port,Portugal,12.99,3.6,images/Cockburns_Fine_Tawny_Port.png,images/bottle_Cockburns_Fine_Tawny_Port.png,Porto,Cockburn's,"oak, non oak, dried fruit, black fruit, red fruit, earth, spices, microbio, tree fruit, citrus fruit, vegetal","Sweet desserts, Mature and hard cheese, Blue cheese","Touriga Nacional, Touriga Franca, Tinta Roriz"
Kopke Fine White Port,Portugal,20.99,3.7,images/Kopke_Fine_White_Port.png,images/bottle_Kopke_Fine_White_Port.png,Porto,Kopke,"earth, oak, non oak, tree fruit, microbio, vegetal, citrus fruit, spices, dried fruit, tropical fruit, floral, black fruit, red fruit","Appetizers and snacks, Fruity desserts, Aperitif, Cured Meat","Gouveio, Rabigato, Malvasia Fina"
Lustau Jerez-Xeres-Sherry Puerto Fino,Spain,21.99,3.5,images/Lustau_Jerez_Xeres_Sherry_Puerto_Fino.png,images/bottle_Lustau_Jerez_Xeres_Sherry_Puerto_Fino.png,Jerez-Xérès-Sherry,Lustau,"non oak, earth, microbio, oak, vegetal, tree fruit, citrus fruit, spices, dried fruit, floral, tropical fruit, black fruit","Shellfish, Mature and hard cheese, Appetizers and snacks, Aperitif, Cured Meat",Palomino
Osborne Porto Fine Ruby,Portugal,16.99,3.6,images/Osborne_Porto_Fine_Ruby.png,images/bottle_Osborne_Porto_Fine_Ruby.png,Porto,Osborne,"oak, dried fruit, black fruit, red fruit, non oak, spices, earth, vegetal, microbio, tree fruit, floral","Sweet desserts, Mature and hard cheese, Blue cheese","Touriga Nacional, Touriga Franca, Tinta Roriz"
Poças Ruby Porto,Portugal,15.99,3.5,images/Poas_Ruby_Porto.png,images/bottle_Poas_Ruby_Porto.png,Porto,Poças,"dried fruit, non oak, oak, red fruit, black fruit, spices, earth, tropical fruit, tree fruit, floral, vegetal, microbio","Sweet desserts, Mature and hard cheese, Blue cheese","Touriga Nacional, Touriga Franca, Tinta Roriz"
Giulio Cocchi Cocchi Storico Vermouth di Torino,Italy,18.9,4.3,images/Giulio_Cocchi_Cocchi_Storico_Vermouth_di_Torino.png,images/bottle_Giulio_Cocchi_Cocchi_Storico_Vermouth_di_To.png,Piemonte,Giulio Cocchi,"oak, citrus fruit, non oak, earth, microbio, spices, vegetal, dried fruit, black fruit, red fruit, floral, tree fruit",,
Quinta do Infantado Tawny Porto Medium Dry,Portugal,20.99,3.8,images/Quinta_do_Infantado_Tawny_Porto_Medium_Dry.png,images/bottle_Quinta_do_Infantado_Tawny_Porto_Medium_Dry.png,Porto,Quinta do Infantado,"oak, non oak, dried fruit, red fruit, spices, black fruit, earth, microbio, tree fruit, vegetal, citrus fruit, floral, tropical fruit","Sweet desserts, Mature and hard cheese, Blue cheese","Touriga Nacional, Touriga Franca, Tinta Roriz"
Blandy's 10 Years Old Malmsey Madeira (Rich),Portugal,39.99,4,images/Blandys_10_Years_Old_Malmsey_Madeira_Rich.png,images/bottle_Blandys_10_Years_Old_Malmsey_Madeira_Rich.png,Malmsey Madeira,Blandy's,"non oak, oak, dried fruit, earth, microbio, citrus fruit, spices, tree fruit, vegetal, black fruit, tropical fruit, floral, red fruit","Sweet desserts, Appetizers and snacks","Verdelho, Sercial, Malmsey, Boal Branco, Terrantez"
Dow's Fine White Port,Portugal,20.82,3.8,images/Dows_Fine_White_Port.png,images/bottle_Dows_Fine_White_Port.png,Porto,Dow's,"earth, tree fruit, non oak, oak, citrus fruit, spices, microbio, dried fruit, vegetal, tropical fruit, floral, red fruit, black fruit","Appetizers and snacks, Fruity desserts, Aperitif, Cured Meat","Gouveio, Rabigato, Malvasia Fina"
Taylor's Late Bottled Vintage Port 2016,Portugal,28.99,3.9,images/Taylors_Late_Bottled_Vintage_Port_2016.png,images/bottle_Taylors_Late_Bottled_Vintage_Port_2016.png,Porto,Taylor's,"oak, black fruit, non oak, dried fruit, red fruit, spices, earth, microbio, floral, vegetal, citrus fruit, tree fruit, tropical fruit","Sweet desserts, Mature and hard cheese, Blue cheese","Touriga Nacional, Touriga Franca, Tinta Roriz"
Niepoort Porto Dry White,Portugal,18.99,3.6,images/Niepoort_Porto_Dry_White.png,images/bottle_Niepoort_Porto_Dry_White.png,Porto,Niepoort,"non oak, earth, oak, microbio, dried fruit, citrus fruit, vegetal, tree fruit, spices, black fruit, tropical fruit, floral, red fruit","Appetizers and snacks, Fruity desserts, Aperitif, Cured Meat","Gouveio, Rabigato, Malvasia Fina"
Niepoort Porto 20 Years Old Tawny,Portugal,89.99,4.3,images/Niepoort_Porto_20_Years_Old_Tawny.png,images/bottle_Niepoort_Porto_20_Years_Old_Tawny.png,Porto,Niepoort,"non oak, oak, dried fruit, microbio, earth, black fruit, spices, citrus fruit, red fruit, vegetal, tree fruit, tropical fruit","Sweet desserts, Mature and hard cheese, Blue cheese","Touriga Nacional, Touriga Franca, Tinta Roriz"
Croft Tawny Port 10 Year Old,Portugal,22.99,4,images/Croft_Tawny_Port_10_Year_Old.png,images/bottle_Croft_Tawny_Port_10_Year_Old.png,Porto,Croft,"oak, non oak, dried fruit, black fruit, microbio, earth, red fruit, spices, vegetal, tree fruit, citrus fruit, floral","Sweet desserts, Mature and hard cheese, Blue cheese","Touriga Nacional, Touriga Franca, Tinta Roriz"
Cockburn's 20 Years Old Tawny Port,Portugal,72.99,4.2,images/Cockburns_20_Years_Old_Tawny_Port.png,images/bottle_Cockburns_20_Years_Old_Tawny_Port.png,Porto,Cockburn's,"oak, non oak, dried fruit, earth, microbio, spices, black fruit, red fruit, tree fruit, citrus fruit, vegetal, floral","Sweet desserts, Mature and hard cheese, Blue cheese","Touriga Nacional, Touriga Franca, Tinta Roriz"
Cantine Pellegrino Garibaldi Marsala Superiore Dolce,Italy,14.99,3.6,images/Cantine_Pellegrino_Garibaldi_Marsala_Superiore_Dol.png,images/bottle_Cantine_Pellegrino_Garibaldi_Marsala_Superi.png,Marsala,Cantine Pellegrino,"non oak, dried fruit, oak, earth, spices, microbio, tree fruit, black fruit, citrus fruit, vegetal, tropical fruit, red fruit, floral",,
Sandeman 30 Years Old Tawny Porto,Portugal,104,4.5,images/Sandeman_30_Years_Old_Tawny_Porto.png,images/bottle_Sandeman_30_Years_Old_Tawny_Porto.png,Porto,Sandeman,"oak, non oak, earth, dried fruit, microbio, spices, tree fruit, black fruit, vegetal, red fruit, citrus fruit, floral","Sweet desserts, Mature and hard cheese, Blue cheese","Touriga Nacional, Touriga Franca, Tinta Roriz"
Ramos Pinto 30 Year Old Tawny Port,Portugal,99.99,4.5,images/Ramos_Pinto_30_Year_Old_Tawny_Port.png,images/bottle_Ramos_Pinto_30_Year_Old_Tawny_Port.png,Porto,Ramos Pinto,"oak, non oak, earth, dried fruit, microbio, citrus fruit, spices, black fruit, vegetal, tree fruit, red fruit, tropical fruit, floral","Sweet desserts, Mature and hard cheese, Blue cheese","Touriga Nacional, Touriga Franca, Tinta Roriz"
Blandy's 5 Year Old Bual Madeira (Medium Rich),Portugal,29.99,3.9,images/Blandys_5_Year_Old_Bual_Madeira_Medium_Rich.png,images/bottle_Blandys_5_Year_Old_Bual_Madeira_Medium_Rich.png,Bual Madeira,Blandy's,"non oak, oak, dried fruit, microbio, earth, citrus fruit, spices, vegetal, tree fruit, black fruit, red fruit, tropical fruit, floral","Sweet desserts, Appetizers and snacks","Verdelho, Sercial, Malmsey, Boal Branco, Terrantez"
Sandeman 40 Years Old Tawny Porto,Portugal,160,4.6,images/Sandeman_40_Years_Old_Tawny_Porto.png,images/bottle_Sandeman_40_Years_Old_Tawny_Porto.png,Porto,Sandeman,"non oak, oak, earth, spices, dried fruit, microbio, vegetal, black fruit, red fruit, tree fruit, citrus fruit, floral","Sweet desserts, Mature and hard cheese, Blue cheese","Touriga Nacional, Touriga Franca, Tinta Roriz"
Bodegas Tradición Amontillado Tradición Vors 30 Years,Spain,79.99,4.3,images/Bodegas_Tradicin_Amontillado_Tradicin_Vors_30_Year.png,images/bottle_Bodegas_Tradicin_Amontillado_Tradicin_Vors_.png,Jerez-Xérès-Sherry,Bodegas Tradición,"non oak, oak, earth, microbio, vegetal, dried fruit, citrus fruit, spices, tree fruit, floral, black fruit, tropical fruit, red fruit","Pork, Mature and hard cheese, Poultry, Appetizers and snacks, Aperitif, Cured Meat",Palomino
Ferreira Dona Antonia 20 Años Old Tawny Porto,Portugal,72.99,4.4,images/Ferreira_Dona_Antonia_20_Aos_Old_Tawny_Porto.png,images/bottle_Ferreira_Dona_Antonia_20_Aos_Old_Tawny_Port.png,Porto,Ferreira,"oak, non oak, dried fruit, earth, red fruit, microbio, spices, black fruit, vegetal, citrus fruit, tree fruit, floral, tropical fruit","Sweet desserts, Mature and hard cheese, Blue cheese","Touriga Nacional, Touriga Franca, Tinta Roriz"
Blandy's Rainwater Medium Dry Madeira,Portugal,17.99,3.8,images/Blandys_Rainwater_Medium_Dry_Madeira.png,images/bottle_Blandys_Rainwater_Medium_Dry_Madeira.png,Rainwater Madeira,Blandy's,"non oak, oak, dried fruit, earth, microbio, tree fruit, vegetal, citrus fruit, black fruit, spices, tropical fruit, floral, red fruit","Sweet desserts, Appetizers and snacks","Verdelho, Sercial, Malmsey, Boal Branco, Terrantez"
El Maestro Sierra 15 Year Oloroso Sherry,Spain,23.95,3.8,images/El_Maestro_Sierra_15_Year_Oloroso_Sherry.png,images/bottle_El_Maestro_Sierra_15_Year_Oloroso_Sherry.png,Jerez-Xérès-Sherry,El Maestro Sierra,"non oak, oak, earth, microbio, dried fruit, vegetal, spices, citrus fruit, tree fruit, black fruit, floral, red fruit","Beef, Game (deer, venison), Mature and hard cheese, Mushrooms, Cured Meat",Palomino
Offley Vintage Port Boa Vista 1982,Portugal,155,4.2,images/Offley_Vintage_Port_Boa_Vista_1982.png,images/bottle_Offley_Vintage_Port_Boa_Vista_1982.png,Porto,Offley,"oak, non oak, dried fruit, black fruit, earth, spices, red fruit, microbio, vegetal, citrus fruit, floral, tree fruit, tropical fruit","Mature and hard cheese, Blue cheese","Touriga Nacional, Touriga Franca, Tinta Roriz"
Fonseca Siroco White Port (Extra Dry),Portugal,21.13,3.5,images/Fonseca_Siroco_White_Port_Extra_Dry.png,images/bottle_Fonseca_Siroco_White_Port_Extra_Dry.png,Porto,Fonseca,"non oak, oak, citrus fruit, earth, microbio, tree fruit, spices, vegetal, dried fruit, floral, tropical fruit, black fruit, red fruit","Appetizers and snacks, Fruity desserts, Aperitif, Cured Meat","Gouveio, Rabigato, Malvasia Fina"
Lustau Emilín Moscatel Sherry (Solera Reserva),Spain,38.99,4.1,images/Lustau_Emiln_Moscatel_Sherry_Solera_Reserva.png,images/bottle_Lustau_Emiln_Moscatel_Sherry_Solera_Reserva.png,Jerez-Xérès-Sherry,Lustau,"dried fruit, oak, non oak, earth, microbio, black fruit, citrus fruit, spices, tree fruit, red fruit, tropical fruit, vegetal, floral","Mature and hard cheese, Appetizers and snacks, Aperitif, Cured Meat","Palomino, Moscato, Pedro Ximenez"
W. & J. Graham's Vintage Port 2000,Portugal,119.99,4.4,images/W_J_Grahams_Vintage_Port_2000.png,images/bottle_W_J_Grahams_Vintage_Port_2000.png,Porto,W. & J. Graham's,"oak, black fruit, non oak, dried fruit, spices, red fruit, earth, microbio, floral, vegetal, citrus fruit, tree fruit, tropical fruit","Mature and hard cheese, Blue cheese","Touriga Nacional, Touriga Franca, Tinta Roriz"
Taylor's Vintage Port 1985,Portugal,169,4.5,images/Taylors_Vintage_Port_1985.png,images/bottle_Taylors_Vintage_Port_1985.png,Porto,Taylor's,"oak, black fruit, non oak, dried fruit, spices, earth, red fruit, microbio, floral, citrus fruit, vegetal, tree fruit, tropical fruit","Mature and hard cheese, Blue cheese","Touriga Nacional, Touriga Franca, Tinta Roriz"
Henriques & Henriques Sercial 10 Years Old Madeira,Portugal,49.99,4,images/Henriques_Henriques_Sercial_10_Years_Old_Madeira.png,images/bottle_Henriques_Henriques_Sercial_10_Years_Old_Ma.png,Madeira,Henriques & Henriques,"oak, non oak, microbio, dried fruit, citrus fruit, earth, vegetal, tree fruit, spices, black fruit, red fruit, tropical fruit, floral","Sweet desserts, Appetizers and snacks","Verdelho, Sercial, Malmsey, Boal Branco, Terrantez"
Howard's Folly Casa Manoel Boullosa Quinta dos Pesos Vinho Generoso 1998,Portugal,44.99,4.3,images/Howards_Folly_Casa_Manoel_Boullosa_Quinta_dos_Peso.png,images/bottle_Howards_Folly_Casa_Manoel_Boullosa_Quinta_d.png,Carcavelos,Howard's Folly,"oak, non oak, dried fruit, earth, microbio, citrus fruit, black fruit, red fruit, spices, vegetal, tropical fruit, tree fruit",,
Offley Porto White,Portugal,19.98,3.6,images/Offley_Porto_White.png,images/bottle_Offley_Porto_White.png,Porto,Offley,"tree fruit, oak, citrus fruit, earth, dried fruit, non oak, microbio, tropical fruit, vegetal, black fruit, spices, red fruit, floral","Appetizers and snacks, Fruity desserts, Aperitif, Cured Meat","Gouveio, Rabigato, Malvasia Fina"
Harveys Bristol Cream Solera Sherry,Spain,19.99,3.9,images/Harveys_Bristol_Cream_Solera_Sherry.png,images/bottle_Harveys_Bristol_Cream_Solera_Sherry.png,Jerez-Xérès-Sherry,Harveys,"non oak, dried fruit, oak, microbio, earth, black fruit, vegetal, citrus fruit, spices, red fruit, tree fruit, floral","Sweet desserts, Mature and hard cheese, Fruity desserts","Palomino, Pedro Ximenez"
Kopke Colheita Port 1978,Portugal,152,4.5,images/Kopke_Colheita_Port_1978.png,images/bottle_Kopke_Colheita_Port_1978.png,Porto,Kopke,"non oak, oak, dried fruit, earth, microbio, black fruit, spices, citrus fruit, vegetal, red fruit, tree fruit, floral, tropical fruit","Sweet desserts, Mature and hard cheese, Blue cheese","Touriga Nacional, Touriga Franca, Tinta Roriz"
Cockburn's Quinta dos Canais Vintage Port 1998,Portugal,39.99,4.1,images/Cockburns_Quinta_dos_Canais_Vintage_Port_1998.png,images/bottle_Cockburns_Quinta_dos_Canais_Vintage_Port_19.png,Porto,Cockburn's,"oak, black fruit, non oak, earth, dried fruit, red fruit, spices, microbio, floral, tropical fruit","Mature and hard cheese, Blue cheese","Touriga Nacional, Touriga Franca, Tinta Roriz"
Taylor Port 2016,United States,102.99,3.2,images/Taylor_Port_2016.png,images/bottle_Taylor_Port_2016.png,New York,Taylor,"dried fruit, red fruit, black fruit, microbio, oak, non oak, spices, tree fruit, earth, citrus fruit, vegetal",,
Dow's 30 Years Old Tawny Port,Portugal,129.99,4.5,images/Dows_30_Years_Old_Tawny_Port.png,images/bottle_Dows_30_Years_Old_Tawny_Port.png,Porto,Dow's,"non oak, oak, dried fruit, earth, spices, microbio, black fruit, citrus fruit, vegetal, red fruit, tree fruit, tropical fruit","Sweet desserts, Mature and hard cheese, Blue cheese","Touriga Nacional, Touriga Franca, Tinta Roriz"
Lustau Capataz Andrés Deluxe Cream Sherry (Solera Reserva),Spain,21.99,3.8,images/Lustau_Capataz_Andrs_Deluxe_Cream_Sherry_Solera_Re.png,images/bottle_Lustau_Capataz_Andrs_Deluxe_Cream_Sherry_So.png,Jerez-Xérès-Sherry,Lustau,"non oak, oak, dried fruit, microbio, earth, black fruit, citrus fruit, vegetal, tree fruit, spices, red fruit","Sweet desserts, Mature and hard cheese, Fruity desserts","Palomino, Pedro Ximenez"
Dolin Vermouth de Chambéry Dry,France,14.49,4.1,images/Dolin_Vermouth_de_Chambry_Dry.png,images/bottle_Dolin_Vermouth_de_Chambry_Dry.png,Savoie,Dolin,"citrus fruit, spices, oak, non oak, earth, floral, red fruit, tree fruit, vegetal, microbio, black fruit, tropical fruit, dried fruit",,
D'Oliveiras Verdelho Madeira 2000,Portugal,259.99,4.4,images/DOliveiras_Verdelho_Madeira_2000.png,images/bottle_DOliveiras_Verdelho_Madeira_2000.png,Madeira,D'Oliveiras,"non oak, oak, dried fruit, microbio, citrus fruit, earth, spices, vegetal, tree fruit, black fruit, floral, red fruit, tropical fruit","Sweet desserts, Appetizers and snacks","Verdelho, Sercial, Malmsey, Boal Branco, Terrantez"
Kopke 30 Years Old Tawny Port,Portugal,149.99,4.3,images/Kopke_30_Years_Old_Tawny_Port.png,images/bottle_Kopke_30_Years_Old_Tawny_Port.png,Porto,Kopke,"oak, non oak, earth, dried fruit, microbio, spices, vegetal, tree fruit, red fruit, citrus fruit, black fruit","Sweet desserts, Mature and hard cheese, Blue cheese","Touriga Nacional, Touriga Franca, Tinta Roriz"
Kopke Porto White Colheita 2002,Portugal,99,4.2,images/Kopke_Porto_White_Colheita_2002.png,images/bottle_Kopke_Porto_White_Colheita_2002.png,Porto,Kopke,"non oak, oak, earth, citrus fruit, dried fruit, microbio, vegetal, spices, tree fruit, tropical fruit, black fruit, floral, red fruit","Sweet desserts, Mature and hard cheese, Blue cheese","Touriga Nacional, Touriga Franca, Tinta Roriz"
Williams & Humbert Dry Sack Sherry,Spain,15.99,3.4,images/Williams_Humbert_Dry_Sack_Sherry.png,images/bottle_Williams_Humbert_Dry_Sack_Sherry.png,Jerez-Xérès-Sherry,Williams & Humbert,"non oak, oak, microbio, dried fruit, earth, vegetal, tree fruit, spices, citrus fruit, black fruit, red fruit, tropical fruit","Mature and hard cheese, Appetizers and snacks, Aperitif, Cured Meat","Palomino, Moscato, Pedro Ximenez"
Sandeman Fine Rich Madeira,Portugal,24.98,3.9,images/Sandeman_Fine_Rich_Madeira.png,images/bottle_Sandeman_Fine_Rich_Madeira.png,Madeira,Sandeman,"non oak, oak, dried fruit, microbio, earth, spices, black fruit, vegetal, tree fruit, citrus fruit, red fruit, floral, tropical fruit","Sweet desserts, Appetizers and snacks","Verdelho, Sercial, Malmsey, Boal Branco, Terrantez"
Kopke 10 Years Old White Port,Portugal,75.99,4,images/Kopke_10_Years_Old_White_Port.png,images/bottle_Kopke_10_Years_Old_White_Port.png,Porto,Kopke,"non oak, oak, earth, dried fruit, microbio, citrus fruit, spices, vegetal, tree fruit, black fruit, red fruit, floral, tropical fruit","Appetizers and snacks, Fruity desserts, Aperitif, Cured Meat","Gouveio, Rabigato, Malvasia Fina"
El Maestro Sierra 12 Year Amontillado Sherry,Spain,37.3,3.7,images/El_Maestro_Sierra_12_Year_Amontillado_Sherry.png,images/bottle_El_Maestro_Sierra_12_Year_Amontillado_Sherr.png,Jerez-Xérès-Sherry,El Maestro Sierra,"non oak, oak, earth, microbio, vegetal, dried fruit, tree fruit, citrus fruit, spices, floral, black fruit, tropical fruit, red fruit","Pork, Mature and hard cheese, Poultry, Appetizers and snacks, Aperitif, Cured Meat",Palomino
Dow's Colheita Single Harvest Tawny Port 2007,Portugal,49.99,4.2,images/Dows_Colheita_Single_Harvest_Tawny_Port_2007.png,images/bottle_Dows_Colheita_Single_Harvest_Tawny_Port_200.png,Porto,Dow's,"oak, non oak, dried fruit, microbio, earth, spices, black fruit, citrus fruit, vegetal, red fruit, floral, tree fruit, tropical fruit","Sweet desserts, Mature and hard cheese, Blue cheese","Touriga Nacional, Touriga Franca, Tinta Roriz"
Rare Wine Co. Boston Bual Madeira (Special Reserve),Portugal,59.25,4.2,images/Rare_Wine_Co_Boston_Bual_Madeira_Special_Reserve.png,images/bottle_Rare_Wine_Co_Boston_Bual_Madeira_Special_Re.png,Madeira,Rare Wine Co.,"non oak, oak, dried fruit, earth, spices, microbio, citrus fruit, black fruit, tree fruit, red fruit, tropical fruit, vegetal","Sweet desserts, Appetizers and snacks","Verdelho, Sercial, Malmsey, Boal Branco, Terrantez"
Fernando de Castilla Antique Palo Cortado,Spain,59,4.2,images/Fernando_de_Castilla_Antique_Palo_Cortado.png,images/bottle_Fernando_de_Castilla_Antique_Palo_Cortado.png,Jerez-Xérès-Sherry,Fernando de Castilla,"non oak, oak, microbio, earth, citrus fruit, vegetal, dried fruit, tree fruit, spices, black fruit, floral","Mature and hard cheese, Appetizers and snacks, Mild and soft cheese, Blue cheese, Aperitif, Cured Meat",Palomino
Smith Woodhouse Vintage Port 1991,Portugal,99,4.2,images/Smith_Woodhouse_Vintage_Port_1991.png,images/bottle_Smith_Woodhouse_Vintage_Port_1991.png,Porto,Smith Woodhouse,"black fruit, oak, spices, non oak, red fruit, earth, dried fruit, microbio, vegetal, citrus fruit, floral, tree fruit","Mature and hard cheese, Blue cheese","Touriga Nacional, Touriga Franca, Tinta Roriz"
Valdespino Single Vineyard Palo Cortado Viejo C.P Dry,Spain,59.99,4.1,images/Valdespino_Single_Vineyard_Palo_Cortado_Viejo_CP_D.png,images/bottle_Valdespino_Single_Vineyard_Palo_Cortado_Vie.png,Jerez-Xérès-Sherry,Valdespino,"non oak, oak, earth, microbio, citrus fruit, vegetal, dried fruit, tree fruit, spices, floral, black fruit, tropical fruit, red fruit","Mature and hard cheese, Appetizers and snacks, Mild and soft cheese, Blue cheese, Aperitif, Cured Meat",Palomino
Hidalgo (La Gitana) Amontillado Napoleon,Spain,27.3,3.7,images/Hidalgo_La_Gitana_Amontillado_Napoleon.png,images/bottle_Hidalgo_La_Gitana_Amontillado_Napoleon.png,Jerez-Xérès-Sherry,Hidalgo (La Gitana),"non oak, oak, microbio, earth, vegetal, dried fruit, tree fruit, citrus fruit, spices, floral, black fruit, red fruit, tropical fruit","Pork, Mature and hard cheese, Poultry, Appetizers and snacks, Aperitif, Cured Meat",Palomino
Lustau Vermut Blanco,Spain,23.99,4.1,images/Lustau_Vermut_Blanco.png,images/bottle_Lustau_Vermut_Blanco.png,Jerez-Xérès-Sherry,Lustau,"citrus fruit, floral, tree fruit, dried fruit, earth, spices, tropical fruit, black fruit, vegetal, oak","Mature and hard cheese, Appetizers and snacks, Aperitif, Cured Meat","Palomino, Moscato, Pedro Ximenez"
Dow's Vintage Port 1985,Portugal,69,4.4,images/Dows_Vintage_Port_1985.png,images/bottle_Dows_Vintage_Port_1985.png,Porto,Dow's,"oak, black fruit, non oak, dried fruit, earth, spices, red fruit, microbio, floral, citrus fruit, vegetal, tree fruit, tropical fruit","Mature and hard cheese, Blue cheese","Touriga Nacional, Touriga Franca, Tinta Roriz"
Cinzano Vermouth Bianco,Italy,12.49,4,images/Cinzano_Vermouth_Bianco.png,images/bottle_Cinzano_Vermouth_Bianco.png,Piemonte,Cinzano,"spices, citrus fruit, non oak, oak, tropical fruit, tree fruit, earth, microbio",,
Lustau Península Palo Cortado Sherry (Solera Reserva),Spain,28,3.9,images/Lustau_Pennsula_Palo_Cortado_Sherry_Solera_Reserva.png,images/bottle_Lustau_Pennsula_Palo_Cortado_Sherry_Solera_.png,Jerez-Xérès-Sherry,Lustau,"non oak, oak, earth, dried fruit, microbio, spices, citrus fruit, vegetal, tree fruit, black fruit, floral, tropical fruit, red fruit","Mature and hard cheese, Appetizers and snacks, Mild and soft cheese, Blue cheese, Aperitif, Cured Meat",Palomino
Williams & Humbert Dry Sack Medium,Spain,19.99,3.4,images/Williams_Humbert_Dry_Sack_Medium.png,images/bottle_Williams_Humbert_Dry_Sack_Medium.png,Jerez-Xérès-Sherry,Williams & Humbert,"non oak, oak, earth, microbio, vegetal, dried fruit, tree fruit, spices, black fruit, citrus fruit, red fruit, floral","Mature and hard cheese, Appetizers and snacks, Aperitif, Cured Meat","Palomino, Moscato, Pedro Ximenez"
Rare Wine Co. New York Malmsey Madeira (Special Reserve),Portugal,59.25,4.2,images/Rare_Wine_Co_New_York_Malmsey_Madeira_Special_Rese.png,images/bottle_Rare_Wine_Co_New_York_Malmsey_Madeira_Speci.png,Madeira,Rare Wine Co.,"non oak, oak, dried fruit, earth, microbio, black fruit, spices, citrus fruit, red fruit, vegetal, tree fruit, floral","Sweet desserts, Appetizers and snacks","Verdelho, Sercial, Malmsey, Boal Branco, Terrantez"
Lustau Emperatriz Eugenia Oloroso Sherry (Very Rare),Spain,39.99,4,images/Lustau_Emperatriz_Eugenia_Oloroso_Sherry_Very_Rare.png,images/bottle_Lustau_Emperatriz_Eugenia_Oloroso_Sherry_Ve.png,Jerez-Xérès-Sherry,Lustau,"non oak, oak, earth, microbio, dried fruit, vegetal, citrus fruit, spices, black fruit, tree fruit, red fruit, floral, tropical fruit","Beef, Game (deer, venison), Mature and hard cheese, Mushrooms, Cured Meat",Palomino
Quinta de La Rosa Port Tawny,Portugal,18.99,3.7,images/Quinta_de_La_Rosa_Port_Tawny.png,images/bottle_Quinta_de_La_Rosa_Port_Tawny.png,Porto,Quinta de La Rosa,"non oak, oak, dried fruit, red fruit, black fruit, microbio, earth, vegetal, spices, citrus fruit, tropical fruit, tree fruit","Sweet desserts, Mature and hard cheese, Blue cheese","Touriga Nacional, Touriga Franca, Tinta Roriz"
Lustau Jerez-Xeres-Sherry Reserva Solera Rare Amontillado Escuadrilla,Spain,28.99,3.8,images/Lustau_Jerez_Xeres_Sherry_Reserva_Solera_Rare_Amon.png,images/bottle_Lustau_Jerez_Xeres_Sherry_Reserva_Solera_Ra.png,Jerez-Xérès-Sherry,Lustau,"non oak, oak, microbio, earth, citrus fruit, vegetal, tree fruit, spices, dried fruit, black fruit, floral, tropical fruit, red fruit","Pork, Mature and hard cheese, Poultry, Appetizers and snacks, Aperitif, Cured Meat",Palomino
Quinta do Infantado White Port,Portugal,20.99,3.6,images/Quinta_do_Infantado_White_Port.png,images/bottle_Quinta_do_Infantado_White_Port.png,Porto,Quinta do Infantado,"earth, oak, non oak, citrus fruit, tree fruit, spices, dried fruit, microbio, vegetal, black fruit, red fruit, floral, tropical fruit","Appetizers and snacks, Fruity desserts, Aperitif, Cured Meat","Gouveio, Rabigato, Malvasia Fina"
Hidalgo (La Gitana) Oloroso Faraon,Spain,28.5,3.6,images/Hidalgo_La_Gitana_Oloroso_Faraon.png,images/bottle_Hidalgo_La_Gitana_Oloroso_Faraon.png,Jerez-Xérès-Sherry,Hidalgo (La Gitana),"non oak, oak, microbio, earth, dried fruit, citrus fruit, vegetal, spices, tree fruit, black fruit, floral","Beef, Game (deer, venison), Mature and hard cheese, Mushrooms, Cured Meat",Palomino
C. da Silva Presidential Tawny Porto,Portugal,20.82,3.8,images/C_da_Silva_Presidential_Tawny_Porto.png,images/bottle_C_da_Silva_Presidential_Tawny_Porto.png,Porto,C. da Silva,"oak, non oak, dried fruit, earth, microbio, black fruit, spices, vegetal, red fruit, tree fruit, citrus fruit, floral","Sweet desserts, Mature and hard cheese, Blue cheese","Touriga Nacional, Touriga Franca, Tinta Roriz"
Messias Port Vintage Quinta Do Cachão 1970,Portugal,185,4.2,images/Messias_Port_Vintage_Quinta_Do_Cacho_1970.png,images/bottle_Messias_Port_Vintage_Quinta_Do_Cacho_1970.png,Porto,Messias,"earth, oak, non oak, dried fruit, red fruit, spices, black fruit, citrus fruit, vegetal, microbio","Mature and hard cheese, Blue cheese","Touriga Nacional, Touriga Franca, Tinta Roriz"
Lustau San Emilio Pedro Ximenez,Spain,26.99,4.1,images/Lustau_San_Emilio_Pedro_Ximenez.png,images/bottle_Lustau_San_Emilio_Pedro_Ximenez.png,Jerez-Xérès-Sherry,Lustau,"dried fruit, oak, non oak, black fruit, microbio, earth, spices, citrus fruit, red fruit, tree fruit, vegetal, floral, tropical fruit","Mature and hard cheese, Appetizers and snacks, Aperitif, Cured Meat","Palomino, Moscato, Pedro Ximenez"
Kopke L.B.V Port 2018,Portugal,27.99,3.9,images/Kopke_LBV_Port_2018.png,images/bottle_Kopke_LBV_Port_2018.png,Porto,Kopke,"oak, black fruit, red fruit, dried fruit, non oak, earth, spices, microbio, floral, tree fruit, citrus fruit, vegetal","Sweet desserts, Mature and hard cheese, Blue cheese","Touriga Nacional, Touriga Franca, Tinta Roriz"
Quinta do Infantado Ruby Porto,Portugal,19.99,3.6,images/Quinta_do_Infantado_Ruby_Porto.png,images/bottle_Quinta_do_Infantado_Ruby_Porto.png,Porto,Quinta do Infantado,"oak, non oak, spices, black fruit, red fruit, earth, dried fruit, microbio, floral, vegetal, tree fruit, citrus fruit","Sweet desserts, Mature and hard cheese, Blue cheese","Touriga Nacional, Touriga Franca, Tinta Roriz"
Osborne Cream Sherry,Spain,16.49,3.9,images/Osborne_Cream_Sherry.png,images/bottle_Osborne_Cream_Sherry.png,Jerez-Xérès-Sherry,Osborne,"non oak, dried fruit, oak, microbio, tree fruit, citrus fruit, earth, spices, vegetal, black fruit, red fruit","Sweet desserts, Mature and hard cheese, Fruity desserts","Palomino, Pedro Ximenez"
Tio Pepe Una Palma Fino,Spain,30,3.9,images/Tio_Pepe_Una_Palma_Fino.png,images/bottle_Tio_Pepe_Una_Palma_Fino.png,Jerez-Xérès-Sherry,Tio Pepe,"non oak, earth, microbio, oak, vegetal, tree fruit, citrus fruit, dried fruit, spices, tropical fruit, floral","Shellfish, Mature and hard cheese, Appetizers and snacks, Aperitif, Cured Meat",Palomino
Krohn Valdouro White Porto,Portugal,17.97,3.7,images/Krohn_Valdouro_White_Porto.png,images/bottle_Krohn_Valdouro_White_Porto.png,Porto,Krohn,"earth, tree fruit, oak, non oak, spices, dried fruit, citrus fruit, vegetal, microbio, black fruit, red fruit, floral","Appetizers and snacks, Fruity desserts, Aperitif, Cured Meat","Gouveio, Rabigato, Malvasia Fina"
Cadão Ruby Porto,Portugal,27.49,4,images/Cado_Ruby_Porto.png,images/bottle_Cado_Ruby_Porto.png,Porto,Cadão,"black fruit, dried fruit, red fruit, oak, spices, earth, vegetal, microbio, non oak","Sweet desserts, Mature and hard cheese, Blue cheese","Touriga Nacional, Touriga Franca, Tinta Roriz"
Broadbent Rainwater Madeira (Medium Dry),Portugal,18.99,3.8,images/Broadbent_Rainwater_Madeira_Medium_Dry.png,images/bottle_Broadbent_Rainwater_Madeira_Medium_Dry.png,Rainwater Madeira,Broadbent,"oak, non oak, microbio, earth, dried fruit, vegetal, spices, citrus fruit, tree fruit, floral, tropical fruit, red fruit, black fruit","Sweet desserts, Appetizers and snacks","Verdelho, Sercial, Malmsey, Boal Branco, Terrantez"
Henriques & Henriques Malvasia 10 Years Old Madeira,Portugal,53.99,4.1,images/Henriques_Henriques_Malvasia_10_Years_Old_Madeira.png,images/bottle_Henriques_Henriques_Malvasia_10_Years_Old_M.png,Madeira,Henriques & Henriques,"oak, non oak, dried fruit, microbio, earth, black fruit, spices, citrus fruit, tree fruit, vegetal, tropical fruit, red fruit, floral","Sweet desserts, Appetizers and snacks","Verdelho, Sercial, Malmsey, Boal Branco, Terrantez"
Blandy's Verdelho Madeira,Portugal,99.95,4.3,images/Blandys_Verdelho_Madeira.png,images/bottle_Blandys_Verdelho_Madeira.png,Madeira,Blandy's,"non oak, oak, earth, microbio, dried fruit, spices, citrus fruit, red fruit, black fruit, tree fruit, vegetal, tropical fruit","Sweet desserts, Appetizers and snacks","Verdelho, Sercial, Malmsey, Boal Branco, Terrantez"
Rare Wine Co. Charleston Sercial Madeira (Special Reserve),Portugal,59.25,4.1,images/Rare_Wine_Co_Charleston_Sercial_Madeira_Special_Re.png,images/bottle_Rare_Wine_Co_Charleston_Sercial_Madeira_Spe.png,Madeira,Rare Wine Co.,"non oak, oak, earth, spices, microbio, dried fruit, citrus fruit, vegetal, floral, tree fruit, black fruit, tropical fruit, red fruit","Sweet desserts, Appetizers and snacks","Verdelho, Sercial, Malmsey, Boal Branco, Terrantez"
Quinta do Vallado Adelaide Vintage Port 2019,Portugal,86.99,4.4,images/Quinta_do_Vallado_Adelaide_Vintage_Port_2019.png,images/bottle_Quinta_do_Vallado_Adelaide_Vintage_Port_201.png,Porto,Quinta do Vallado,"black fruit, oak, spices, non oak, dried fruit, earth, red fruit, microbio, citrus fruit","Mature and hard cheese, Blue cheese","Touriga Nacional, Touriga Franca, Tinta Roriz"
Aecovi Alexandro Oloroso,Spain,19.79,3.9,images/Aecovi_Alexandro_Oloroso.png,images/bottle_Aecovi_Alexandro_Oloroso.png,Jerez-Xérès-Sherry,Aecovi,"microbio, earth, non oak, oak, dried fruit, vegetal, black fruit, spices, floral","Beef, Game (deer, venison), Mature and hard cheese, Mushrooms, Cured Meat",Palomino
Feist Colheita Porto 1966,Portugal,239,4.2,images/Feist_Colheita_Porto_1966.png,images/bottle_Feist_Colheita_Porto_1966.png,Porto,Feist,"oak, non oak, earth, dried fruit, citrus fruit, black fruit, microbio, tree fruit, spices, red fruit, floral, vegetal","Sweet desserts, Mature and hard cheese, Blue cheese","Touriga Nacional, Touriga Franca, Tinta Roriz"
Martini Riserva Speciale Ambrato Vermouth di Torino,Italy,25.99,4.1,images/Martini_Riserva_Speciale_Ambrato_Vermouth_di_Torin.png,images/bottle_Martini_Riserva_Speciale_Ambrato_Vermouth_d.png,Piemonte,Martini,"tree fruit, citrus fruit, earth, oak, spices, microbio",,
Rare Wine Co. Savannah Verdelho Madeira (Special Reserve),Portugal,63,4.2,images/Rare_Wine_Co_Savannah_Verdelho_Madeira_Special_Res.png,images/bottle_Rare_Wine_Co_Savannah_Verdelho_Madeira_Spec.png,Madeira,Rare Wine Co.,"non oak, oak, earth, dried fruit, microbio, citrus fruit, tree fruit, spices, vegetal, black fruit, tropical fruit, floral","Sweet desserts, Appetizers and snacks","Verdelho, Sercial, Malmsey, Boal Branco, Terrantez"
C. da Silva Presidential Ruby Porto,Portugal,19.67,3.6,images/C_da_Silva_Presidential_Ruby_Porto.png,images/bottle_C_da_Silva_Presidential_Ruby_Porto.png,Porto,C. da Silva,"oak, red fruit, black fruit, earth, non oak, dried fruit, citrus fruit, microbio, spices, vegetal","Sweet desserts, Mature and hard cheese, Blue cheese","Touriga Nacional, Touriga Franca, Tinta Roriz"
Quarles Harris Late Bottled Vintage Porto 1979,Portugal,88,4,images/Quarles_Harris_Late_Bottled_Vintage_Porto_1979.jpg,,Porto,Quarles Harris,"dried fruit, red fruit, non oak, oak, earth, black fruit, spices, tree fruit, microbio, vegetal, citrus fruit, floral","Sweet desserts, Mature and hard cheese, Blue cheese","Touriga Nacional, Touriga Franca, Tinta Roriz"
Gonzalez-Byass Cristina Medium Dry,Spain,25,3.7,images/Gonzalez_Byass_Cristina_Medium_Dry.png,images/bottle_Gonzalez_Byass_Cristina_Medium_Dry.png,Jerez-Xérès-Sherry,Gonzalez-Byass,"non oak, oak, dried fruit, microbio, earth, citrus fruit, vegetal, tree fruit, spices, floral, black fruit, red fruit","Mature and hard cheese, Appetizers and snacks, Aperitif, Cured Meat","Palomino, Moscato, Pedro Ximenez"
Kopke Porto Dry White,Portugal,22.99,3.7,images/Kopke_Porto_Dry_White.png,images/bottle_Kopke_Porto_Dry_White.png,Porto,Kopke,"tree fruit, earth, citrus fruit, oak, non oak, microbio, vegetal, floral, spices, dried fruit, tropical fruit, black fruit, red fruit","Appetizers and snacks, Fruity desserts, Aperitif, Cured Meat","Gouveio, Rabigato, Malvasia Fina"
Henriques & Henriques Rainwater Madeira,Portugal,23,3.8,images/Henriques_Henriques_Rainwater_Madeira.png,images/bottle_Henriques_Henriques_Rainwater_Madeira.png,Madeira,Henriques & Henriques,"non oak, oak, microbio, earth, dried fruit, vegetal, citrus fruit, tree fruit, spices, black fruit, red fruit, tropical fruit","Sweet desserts, Appetizers and snacks","Verdelho, Sercial, Malmsey, Boal Branco, Terrantez"
Warre's Vintage Port 1977,Portugal,152,4.5,images/Warres_Vintage_Port_1977.png,images/bottle_Warres_Vintage_Port_1977.png,Porto,Warre's,"oak, non oak, black fruit, dried fruit, red fruit, earth, spices, microbio, citrus fruit, floral, vegetal, tree fruit","Mature and hard cheese, Blue cheese","Touriga Nacional, Touriga Franca, Tinta Roriz"
Kopke 40 Years Old Tawny Port,Portugal,150,4.4,images/Kopke_40_Years_Old_Tawny_Port.png,images/bottle_Kopke_40_Years_Old_Tawny_Port.png,Porto,Kopke,"oak, non oak, dried fruit, earth, microbio, black fruit, spices, citrus fruit, vegetal, red fruit, tree fruit, floral","Sweet desserts, Mature and hard cheese, Blue cheese","Touriga Nacional, Touriga Franca, Tinta Roriz"
Broadbent Madeira 10 Years Old Malmsey,Portugal,39.99,4.2,images/Broadbent_Madeira_10_Years_Old_Malmsey.png,images/bottle_Broadbent_Madeira_10_Years_Old_Malmsey.png,Madeira,Broadbent,"oak, non oak, dried fruit, microbio, earth, black fruit, spices, citrus fruit, vegetal, tree fruit, floral, red fruit, tropical fruit","Sweet desserts, Appetizers and snacks","Verdelho, Sercial, Malmsey, Boal Branco, Terrantez"
Royal Oporto Vintage Port 1983,Portugal,108,4.1,images/Royal_Oporto_Vintage_Port_1983.png,images/bottle_Royal_Oporto_Vintage_Port_1983.png,Porto,Royal Oporto,"non oak, oak, black fruit, dried fruit, red fruit, earth, microbio, spices, tropical fruit, floral, vegetal","Mature and hard cheese, Blue cheese","Touriga Nacional, Touriga Franca, Tinta Roriz"
Taylor's Golden Age 50 Year Old Tawny Port,Portugal,299.99,4.6,images/Taylors_Golden_Age_50_Year_Old_Tawny_Port.png,images/bottle_Taylors_Golden_Age_50_Year_Old_Tawny_Port.png,Porto,Taylor's,"oak, non oak, microbio, dried fruit, earth, vegetal, spices, black fruit, citrus fruit, floral","Sweet desserts, Mature and hard cheese, Blue cheese","Touriga Nacional, Touriga Franca, Tinta Roriz"
Fernando de Castilla Antique Oloroso,Spain,59,3.8,images/Fernando_de_Castilla_Antique_Oloroso.png,images/bottle_Fernando_de_Castilla_Antique_Oloroso.png,Jerez-Xérès-Sherry,Fernando de Castilla,"non oak, oak, earth, microbio, dried fruit, citrus fruit, spices, black fruit, vegetal, tree fruit, red fruit, floral","Beef, Game (deer, venison), Mature and hard cheese, Mushrooms, Cured Meat",Palomino
Hidalgo (La Gitana) Alameda Cream Sherry,Spain,27.49,3.9,images/Hidalgo_La_Gitana_Alameda_Cream_Sherry.png,images/bottle_Hidalgo_La_Gitana_Alameda_Cream_Sherry.png,Jerez-Xérès-Sherry,Hidalgo (La Gitana),"non oak, oak, microbio, dried fruit, earth, black fruit, citrus fruit, spices, vegetal, tree fruit, tropical fruit","Sweet desserts, Mature and hard cheese, Fruity desserts","Palomino, Pedro Ximenez"
César Florido Moscatel Dorado,Spain,13.99,4.1,images/Csar_Florido_Moscatel_Dorado.png,images/bottle_Csar_Florido_Moscatel_Dorado.png,Jerez-Xérès-Sherry,César Florido,"earth, dried fruit, oak, citrus fruit, non oak, microbio, tree fruit, spices, tropical fruit, floral, red fruit, vegetal, black fruit","Mature and hard cheese, Appetizers and snacks, Aperitif, Cured Meat","Palomino, Moscato, Pedro Ximenez"
Niepoort Late Bottled Vintage Port 2018,Portugal,15.99,3.9,images/Niepoort_Late_Bottled_Vintage_Port_2018.png,images/bottle_Niepoort_Late_Bottled_Vintage_Port_2018.png,Porto,Niepoort,"oak, black fruit, non oak, dried fruit, red fruit, spices, earth, microbio, floral, tree fruit, vegetal, citrus fruit, tropical fruit","Sweet desserts, Mature and hard cheese, Blue cheese","Touriga Nacional, Touriga Franca, Tinta Roriz"
Quarles Harris Vintage Port 1983,Portugal,76,4.1,images/Quarles_Harris_Vintage_Port_1983.png,images/bottle_Quarles_Harris_Vintage_Port_1983.png,Porto,Quarles Harris,"oak, dried fruit, non oak, spices, black fruit, red fruit, earth, microbio, tree fruit, citrus fruit, floral","Mature and hard cheese, Blue cheese","Touriga Nacional, Touriga Franca, Tinta Roriz"
Barbadillo Fino Sherry,Spain,11.8,3.4,images/Barbadillo_Fino_Sherry.png,images/bottle_Barbadillo_Fino_Sherry.png,Jerez-Xérès-Sherry,Barbadillo,"vegetal, earth, microbio, oak, citrus fruit, non oak, tree fruit, spices, floral, black fruit, dried fruit, tropical fruit","Shellfish, Mature and hard cheese, Appetizers and snacks, Aperitif, Cured Meat",Palomino
Barbadillo Cream Sherry,Spain,14.99,3.7,images/Barbadillo_Cream_Sherry.png,images/bottle_Barbadillo_Cream_Sherry.png,Jerez-Xérès-Sherry,Barbadillo,"dried fruit, oak, non oak, microbio, earth, spices, black fruit, red fruit, citrus fruit, tree fruit","Sweet desserts, Mature and hard cheese, Fruity desserts","Palomino, Pedro Ximenez"
Lombardo Marsala Fine I.P. Ambra Sweet,Italy,11.99,3.2,images/Lombardo_Marsala_Fine_IP_Ambra_Sweet.png,images/bottle_Lombardo_Marsala_Fine_IP_Ambra_Sweet.png,Marsala,Lombardo,"oak, non oak, dried fruit, black fruit, earth, red fruit, spices, microbio, tree fruit, vegetal, citrus fruit",,
Porto Menéres 10 Years Old Tawny Port,Portugal,32.99,3.7,images/Porto_Menres_10_Years_Old_Tawny_Port.png,images/bottle_Porto_Menres_10_Years_Old_Tawny_Port.png,Porto,Porto Menéres,"dried fruit, black fruit, non oak, earth, oak, citrus fruit, spices, microbio","Sweet desserts, Mature and hard cheese, Blue cheese","Touriga Nacional, Touriga Franca, Tinta Roriz"
Callejuela Blanquito Manzanilla Pasada,Spain,44.95,3.8,images/Callejuela_Blanquito_Manzanilla_Pasada.png,images/bottle_Callejuela_Blanquito_Manzanilla_Pasada.png,Jerez-Xérès-Sherry,Callejuela,"non oak, microbio, earth, oak, tree fruit, vegetal, citrus fruit, floral, spices, dried fruit","Rich fish (salmon, tuna etc), Shellfish, Appetizers and snacks, Lean fish, Aperitif, Cured Meat",Palomino
Smith Woodhouse Madalena Vintage Port 1982,Portugal,130,4,images/Smith_Woodhouse_Madalena_Vintage_Port_1982.png,images/bottle_Smith_Woodhouse_Madalena_Vintage_Port_1982.png,Porto,Smith Woodhouse,"oak, black fruit, microbio, red fruit, dried fruit, earth, non oak, spices, citrus fruit","Mature and hard cheese, Blue cheese","Touriga Nacional, Touriga Franca, Tinta Roriz"
Lustau Jerez-Xeres-Sherry 30 Year Old Palo Cortado VORS,Spain,95,4.2,images/Lustau_Jerez_Xeres_Sherry_30_Year_Old_Palo_Cortado.png,images/bottle_Lustau_Jerez_Xeres_Sherry_30_Year_Old_Palo_.png,Jerez-Xérès-Sherry,Lustau,"non oak, oak, microbio, earth, tree fruit, citrus fruit, dried fruit, black fruit, spices, red fruit, vegetal, floral","Mature and hard cheese, Appetizers and snacks, Mild and soft cheese, Blue cheese, Aperitif, Cured Meat",Palomino
Buller Wines Tawny,Australia,16.99,3.7,images/Buller_Wines_Tawny.png,images/bottle_Buller_Wines_Tawny.png,Victoria,Buller Wines,"oak, non oak, dried fruit, earth, microbio, black fruit, spices, red fruit, citrus fruit, tree fruit, floral, vegetal",,
Delaforce Curious & Ancient 20 Years Old Tawny Port,Portugal,58.99,4.2,images/Delaforce_Curious_Ancient_20_Years_Old_Tawny_Port.png,images/bottle_Delaforce_Curious_Ancient_20_Years_Old_Tawn.png,Porto,Delaforce,"non oak, oak, dried fruit, black fruit, microbio, red fruit, earth, tree fruit, citrus fruit, spices, vegetal","Sweet desserts, Mature and hard cheese, Blue cheese","Touriga Nacional, Touriga Franca, Tinta Roriz"
Carpano Punt e Mes Vermouth,Italy,28.49,3.9,images/Carpano_Punt_e_Mes_Vermouth.png,images/bottle_Carpano_Punt_e_Mes_Vermouth.png,Piemonte,Carpano,"citrus fruit, non oak, oak, dried fruit, spices, earth, black fruit, red fruit, microbio",,
Hidalgo (La Gitana) En Rama,Spain,20.45,3.8,images/Hidalgo_La_Gitana_En_Rama.png,images/bottle_Hidalgo_La_Gitana_En_Rama.png,Jerez-Xérès-Sherry,Hidalgo (La Gitana),"non oak, earth, microbio, oak, tree fruit, citrus fruit, vegetal, floral, dried fruit, spices, red fruit","Mature and hard cheese, Appetizers and snacks, Aperitif, Cured Meat","Palomino, Moscato, Pedro Ximenez"
Gil Luque Leyenda Fino Sherry,Spain,15.99,3.7,images/Gil_Luque_Leyenda_Fino_Sherry.png,images/bottle_Gil_Luque_Leyenda_Fino_Sherry.png,Jerez-Xérès-Sherry,Gil Luque,"non oak, earth, microbio, tree fruit, citrus fruit, oak, vegetal, spices","Shellfish, Mature and hard cheese, Appetizers and snacks, Aperitif, Cured Meat",Palomino
Giulio Cocchi Dopo Teatro Cocchi Vermouth Amaro,Italy,23.99,4.2,images/Giulio_Cocchi_Dopo_Teatro_Cocchi_Vermouth_Amaro.png,images/bottle_Giulio_Cocchi_Dopo_Teatro_Cocchi_Vermouth_A.png,Piemonte,Giulio Cocchi,"oak, non oak, citrus fruit, earth, dried fruit, red fruit, spices, vegetal, black fruit, microbio",,
Croft Vintage Port 2011,Portugal,74.99,4.4,images/Croft_Vintage_Port_2011.png,images/bottle_Croft_Vintage_Port_2011.png,Porto,Croft,"oak, black fruit, non oak, dried fruit, spices, earth, red fruit, microbio, floral, citrus fruit, tree fruit, vegetal, tropical fruit","Mature and hard cheese, Blue cheese","Touriga Nacional, Touriga Franca, Tinta Roriz"
Sandeman Quinta do Vau Vintage Port 1997,Portugal,94,4.1,images/Sandeman_Quinta_do_Vau_Vintage_Port_1997.png,images/bottle_Sandeman_Quinta_do_Vau_Vintage_Port_1997.png,Porto,Sandeman,"oak, black fruit, non oak, red fruit, dried fruit, earth, spices, microbio, vegetal, citrus fruit, floral, tree fruit, tropical fruit","Mature and hard cheese, Blue cheese","Touriga Nacional, Touriga Franca, Tinta Roriz"
Casa Mariol Vermut Negro,Spain,34.99,4.1,images/Casa_Mariol_Vermut_Negro.png,images/bottle_Casa_Mariol_Vermut_Negro.png,Catalunya,Casa Mariol,"citrus fruit, non oak, spices, oak, black fruit, dried fruit, red fruit, vegetal, earth, microbio",,
Feist Vintage Port 1985,Portugal,148,4.2,images/Feist_Vintage_Port_1985.png,images/bottle_Feist_Vintage_Port_1985.png,Porto,Feist,"oak, non oak, dried fruit, black fruit, spices, microbio, red fruit, earth, floral, vegetal","Mature and hard cheese, Blue cheese","Touriga Nacional, Touriga Franca, Tinta Roriz"
Henriques & Henriques Malvasia 15 Years Old Madeira,Portugal,120,4.1,images/Henriques_Henriques_Malvasia_15_Years_Old_Madeira.png,images/bottle_Henriques_Henriques_Malvasia_15_Years_Old_M.png,Madeira,Henriques & Henriques,"non oak, oak, microbio, dried fruit, earth, citrus fruit, vegetal, black fruit, spices, tropical fruit, tree fruit, red fruit","Sweet desserts, Appetizers and snacks","Verdelho, Sercial, Malmsey, Boal Branco, Terrantez"
Fernando de Castilla Antique Fino,Spain,44,3.9,images/Fernando_de_Castilla_Antique_Fino.png,images/bottle_Fernando_de_Castilla_Antique_Fino.png,Jerez-Xérès-Sherry,Fernando de Castilla,"non oak, earth, oak, microbio, vegetal, citrus fruit, tree fruit, spices, dried fruit","Shellfish, Mature and hard cheese, Appetizers and snacks, Aperitif, Cured Meat",Palomino
Martinez Lacuesta Vermut Rojo,Spain,29.95,4.1,images/Martinez_Lacuesta_Vermut_Rojo.png,images/bottle_Martinez_Lacuesta_Vermut_Rojo.png,Rioja,Martinez Lacuesta,"citrus fruit, non oak, oak, spices, red fruit, floral, microbio",,
Dow's Silver Jubilee Vintage Port 1977,Portugal,139,4.4,images/Dows_Silver_Jubilee_Vintage_Port_1977.jpg,,Porto,Dow's,"oak, black fruit, dried fruit, red fruit, non oak, spices, earth, microbio, tree fruit","Mature and hard cheese, Blue cheese","Touriga Nacional, Touriga Franca, Tinta Roriz"
Hooper's Vintage Port 1980,Portugal,104,4,images/Hoopers_Vintage_Port_1980.png,images/bottle_Hoopers_Vintage_Port_1980.png,Porto,Hooper's,"dried fruit, non oak, oak, black fruit, earth, red fruit, citrus fruit, spices, microbio, tree fruit","Mature and hard cheese, Blue cheese","Touriga Nacional, Touriga Franca, Tinta Roriz"
Aecovi Alexandro Manzanilla,Spain,18.69,3.8,images/Aecovi_Alexandro_Manzanilla.png,images/bottle_Aecovi_Alexandro_Manzanilla.png,Jerez-Xérès-Sherry,Aecovi,"microbio, citrus fruit, earth, non oak, oak, red fruit","Rich fish (salmon, tuna etc), Shellfish, Appetizers and snacks, Lean fish, Aperitif, Cured Meat",Palomino
Ramos Pinto Late Bottled Vintage Port 2017,Portugal,28,4,images/Ramos_Pinto_Late_Bottled_Vintage_Port_2017.png,images/bottle_Ramos_Pinto_Late_Bottled_Vintage_Port_2017.png,Porto,Ramos Pinto,"oak, black fruit, red fruit, non oak, earth, spices, dried fruit, microbio, floral, vegetal, citrus fruit, tree fruit, tropical fruit","Sweet desserts, Mature and hard cheese, Blue cheese","Touriga Nacional, Touriga Franca, Tinta Roriz"
H. M. Borges Madeira Sweet,Portugal,20,3.7,images/H_M_Borges_Madeira_Sweet.png,images/bottle_H_M_Borges_Madeira_Sweet.png,Madeira,H. M. Borges,"non oak, oak, dried fruit","Sweet desserts, Appetizers and snacks","Verdelho, Sercial, Malmsey, Boal Branco, Terrantez"
Butler Nephew 10 Years Old Port,Portugal,28,3.9,images/Butler_Nephew_10_Years_Old_Port.png,images/bottle_Butler_Nephew_10_Years_Old_Port.png,Porto,Butler Nephew,"non oak, oak, dried fruit, spices, microbio, black fruit, earth, tree fruit, citrus fruit","Sweet desserts, Mature and hard cheese, Blue cheese","Touriga Nacional, Tinta Roriz, Tinta Barroca, Souzao, Touriga Francesa"
D'Oliveiras Boal Madeira 1968,Portugal,579,4.6,images/DOliveiras_Boal_Madeira_1968.png,images/bottle_DOliveiras_Boal_Madeira_1968.png,Madeira,D'Oliveiras,"non oak, oak, dried fruit, earth, microbio, citrus fruit, spices, black fruit, vegetal, tree fruit, tropical fruit, red fruit, floral","Sweet desserts, Appetizers and snacks","Verdelho, Sercial, Malmsey, Boal Branco, Terrantez"
Quinta do Vesuvio Vintage Port 1996,Portugal,123,4.3,images/Quinta_do_Vesuvio_Vintage_Port_1996.png,images/bottle_Quinta_do_Vesuvio_Vintage_Port_1996.png,Porto,Quinta do Vesuvio,"oak, black fruit, dried fruit, non oak, earth, red fruit, spices, microbio, floral, vegetal, citrus fruit, tree fruit","Mature and hard cheese, Blue cheese","Touriga Nacional, Touriga Franca, Tinta Roriz"
Henriques & Henriques Verdelho 10 Years Old Madeira,Portugal,54.99,4.1,images/Henriques_Henriques_Verdelho_10_Years_Old_Madeira.png,images/bottle_Henriques_Henriques_Verdelho_10_Years_Old_M.png,Madeira,Henriques & Henriques,"oak, non oak, earth, citrus fruit, microbio, vegetal, dried fruit, tree fruit, spices, tropical fruit","Sweet desserts, Appetizers and snacks","Verdelho, Sercial, Malmsey, Boal Branco, Terrantez"
Ferreira Vintage Port 2018,Portugal,99.99,4.8,images/Ferreira_Vintage_Port_2018.png,images/bottle_Ferreira_Vintage_Port_2018.png,Porto,Ferreira,"oak, non oak, dried fruit, earth, black fruit, red fruit, spices, microbio, vegetal, citrus fruit, tree fruit, floral, tropical fruit","Mature and hard cheese, Blue cheese","Touriga Nacional, Touriga Franca, Tinta Roriz"
Taylor's Quinta de Vargellas Vintage Port 1995,Portugal,59.99,4.4,images/Taylors_Quinta_de_Vargellas_Vintage_Port_1995.png,images/bottle_Taylors_Quinta_de_Vargellas_Vintage_Port_19.png,Porto,Taylor's,"oak, black fruit, non oak, dried fruit, spices, red fruit, earth, microbio, floral, citrus fruit, tree fruit, vegetal","Mature and hard cheese, Blue cheese","Touriga Nacional, Touriga Franca, Tinta Roriz"
Dolin Vermouth de Chambéry Rouge,France,14.49,4.1,images/Dolin_Vermouth_de_Chambry_Rouge.png,images/bottle_Dolin_Vermouth_de_Chambry_Rouge.png,Vin de Savoie,Dolin,"spices, citrus fruit, non oak, oak, earth, vegetal, red fruit, floral",,
Quinta do Tedo 10 Anos Tawny Porto,Portugal,54.99,4.1,images/Quinta_do_Tedo_10_Anos_Tawny_Porto.png,images/bottle_Quinta_do_Tedo_10_Anos_Tawny_Porto.png,Porto,Quinta do Tedo,"non oak, oak, dried fruit, earth, red fruit, tree fruit, citrus fruit, spices, vegetal, microbio","Sweet desserts, Mature and hard cheese, Blue cheese","Touriga Nacional, Touriga Franca, Tinta Roriz"
Martinez Gassiot Vintage Port 1967,Portugal,245,4.2,images/Martinez_Gassiot_Vintage_Port_1967.png,images/bottle_Martinez_Gassiot_Vintage_Port_1967.png,Porto,Martinez Gassiot,"non oak, dried fruit, oak, black fruit, spices, earth, microbio, red fruit, citrus fruit","Mature and hard cheese, Blue cheese","Touriga Nacional, Touriga Franca, Tinta Roriz"
Leacock's Rainwater Madeira (Medium Dry),Portugal,15.99,3.7,images/Leacocks_Rainwater_Madeira_Medium_Dry.png,images/bottle_Leacocks_Rainwater_Madeira_Medium_Dry.png,Rainwater Madeira,Leacock's,"non oak, oak, earth, dried fruit, microbio, citrus fruit, black fruit, spices, vegetal, tree fruit, red fruit, tropical fruit","Sweet desserts, Appetizers and snacks","Verdelho, Sercial, Malmsey, Boal Branco, Terrantez"
D'Oliveiras Colheita Malvasia Madeira 1994,Portugal,229,4.2,images/DOliveiras_Colheita_Malvasia_Madeira_1994.png,images/bottle_DOliveiras_Colheita_Malvasia_Madeira_1994.png,Madeira,D'Oliveiras,"oak, non oak, microbio, dried fruit, earth, citrus fruit, vegetal, spices, black fruit, tree fruit, floral","Sweet desserts, Appetizers and snacks","Verdelho, Sercial, Malmsey, Boal Branco, Terrantez"
Rozès Port 20 Years Old Tawny,Portugal,48,4.2,images/Rozs_Port_20_Years_Old_Tawny.jpg,,Porto,Rozès,"oak, earth, non oak, dried fruit, vegetal, microbio, black fruit, red fruit","Sweet desserts, Mature and hard cheese, Blue cheese","Touriga Nacional, Touriga Franca, Tinta Roriz"
Croft Reserve Ruby Porto,Portugal,22.99,3.9,images/Croft_Reserve_Ruby_Porto.png,images/bottle_Croft_Reserve_Ruby_Porto.png,Porto,Croft,"black fruit, red fruit, oak, dried fruit, non oak, microbio, spices, earth","Sweet desserts, Mature and hard cheese, Blue cheese","Touriga Nacional, Touriga Franca, Tinta Roriz"
Lustau Almacenista Amontillado del Castillo,Spain,44.99,4.1,images/Lustau_Almacenista_Amontillado_del_Castillo.png,images/bottle_Lustau_Almacenista_Amontillado_del_Castillo.png,Jerez-Xérès-Sherry,Lustau,"non oak, oak, earth, microbio, citrus fruit, vegetal, dried fruit, spices, tree fruit","Pork, Mature and hard cheese, Poultry, Appetizers and snacks, Aperitif, Cured Meat",Palomino
Fonseca Late Bottled Vintage Unfiltered Port 2018,Portugal,23.99,4.1,images/Fonseca_Late_Bottled_Vintage_Unfiltered_Port_2018.png,images/bottle_Fonseca_Late_Bottled_Vintage_Unfiltered_Por.png,Porto,Fonseca,"oak, black fruit, non oak, dried fruit, red fruit, earth, spices, microbio, vegetal, floral, tree fruit, citrus fruit, tropical fruit","Sweet desserts, Mature and hard cheese, Blue cheese","Touriga Nacional, Touriga Franca, Tinta Roriz"
C. da Silva Presidential Late Bottled Vintage Port 2000,Portugal,35,3.9,images/C_da_Silva_Presidential_Late_Bottled_Vintage_Port_.png,images/bottle_C_da_Silva_Presidential_Late_Bottled_Vintag.png,Porto,C. da Silva,"red fruit, non oak, oak, black fruit, spices, earth, dried fruit, tree fruit, floral, vegetal, microbio","Sweet desserts, Mature and hard cheese, Blue cheese","Touriga Nacional, Touriga Franca, Tinta Roriz"
Loxton Port 2018,United States,30,4.2,images/Loxton_Port_2018.jpg,,Sonoma Valley,Loxton,"oak, black fruit, earth, dried fruit, citrus fruit, microbio, non oak",,
Martinez Marsala Superiore Riserva Secco,Italy,11.99,3.6,images/Martinez_Marsala_Superiore_Riserva_Secco.png,images/bottle_Martinez_Marsala_Superiore_Riserva_Secco.png,Marsala,Martinez,"oak, non oak, dried fruit, earth, microbio, vegetal, red fruit, citrus fruit, black fruit, spices",,
Osborne Vintage Port 1995,Portugal,89,4.1,images/Osborne_Vintage_Port_1995.png,images/bottle_Osborne_Vintage_Port_1995.png,Porto,Osborne,"oak, black fruit, non oak, red fruit, dried fruit, earth, spices, microbio, tree fruit, floral, vegetal","Mature and hard cheese, Blue cheese","Touriga Nacional, Touriga Franca, Tinta Roriz"
Robertson's Rebello Valente Vintage Port 1970,Portugal,265,4.1,images/Robertsons_Rebello_Valente_Vintage_Port_1970.jpg,,Porto,Robertson's,"black fruit, non oak, oak, dried fruit, red fruit, floral, microbio","Mature and hard cheese, Blue cheese","Touriga Nacional, Touriga Franca, Tinta Roriz"
Quinta do Noval Late Bottled Vintage Port 2016,Portugal,29.99,4.1,images/Quinta_do_Noval_Late_Bottled_Vintage_Port_2016.png,images/bottle_Quinta_do_Noval_Late_Bottled_Vintage_Port_2.png,Porto,Quinta do Noval,"oak, black fruit, dried fruit, non oak, red fruit, earth, spices, microbio, vegetal, tree fruit, citrus fruit, floral","Sweet desserts, Mature and hard cheese, Blue cheese","Touriga Nacional, Touriga Franca, Tinta Roriz"
Churchill's Vintage Port 1994,Portugal,74,4.4,images/Churchills_Vintage_Port_1994.png,images/bottle_Churchills_Vintage_Port_1994.png,Porto,Churchill's,"oak, black fruit, non oak, earth, dried fruit, red fruit, spices, microbio, floral, vegetal, citrus fruit, tree fruit","Mature and hard cheese, Blue cheese","Touriga Nacional, Touriga Franca, Tinta Roriz"
Seara d'Ordens Fine Ruby Porto,Portugal,15.99,3.7,images/Seara_dOrdens_Fine_Ruby_Porto.png,images/bottle_Seara_dOrdens_Fine_Ruby_Porto.png,Porto,Seara d'Ordens,"red fruit, dried fruit, oak, black fruit, earth, microbio, non oak","Sweet desserts, Mature and hard cheese, Blue cheese","Touriga Nacional, Touriga Franca, Tinta Roriz"
César Florido Fino,Spain,19.99,3.7,images/Csar_Florido_Fino.png,images/bottle_Csar_Florido_Fino.png,Jerez-Xérès-Sherry,César Florido,"non oak, earth, microbio, oak, vegetal, citrus fruit, tree fruit, tropical fruit, spices, floral","Shellfish, Mature and hard cheese, Appetizers and snacks, Aperitif, Cured Meat",Palomino
Quinta do Noval Vintage Port 2016,Portugal,124.99,4.4,images/Quinta_do_Noval_Vintage_Port_2016.png,images/bottle_Quinta_do_Noval_Vintage_Port_2016.png,Porto,Quinta do Noval,"oak, black fruit, non oak, earth, red fruit, dried fruit, spices, microbio, floral, citrus fruit, vegetal, tree fruit","Mature and hard cheese, Blue cheese","Touriga Nacional, Touriga Franca, Tinta Roriz"
Cockburn's Vintage Port 2011,Portugal,79.99,4.4,images/Cockburns_Vintage_Port_2011.png,images/bottle_Cockburns_Vintage_Port_2011.png,Porto,Cockburn's,"oak, non oak, black fruit, dried fruit, spices, earth, red fruit, microbio, citrus fruit, floral, vegetal, tree fruit, tropical fruit","Mature and hard cheese, Blue cheese","Touriga Nacional, Touriga Franca, Tinta Roriz"
D'Oliveiras Terrantez Madeira 1977,Portugal,679.99,4.5,images/DOliveiras_Terrantez_Madeira_1977.png,images/bottle_DOliveiras_Terrantez_Madeira_1977.png,Madeira,D'Oliveiras,"oak, non oak, microbio, citrus fruit, earth, dried fruit, spices, tree fruit, black fruit, vegetal, floral, tropical fruit, red fruit","Sweet desserts, Appetizers and snacks","Verdelho, Sercial, Malmsey, Boal Branco, Terrantez"
Noilly Prat Vermouth Rouge,France,14.49,3.8,images/Noilly_Prat_Vermouth_Rouge.png,images/bottle_Noilly_Prat_Vermouth_Rouge.png,Hérault,Noilly Prat,"spices, non oak, oak, earth, citrus fruit, red fruit, floral","Mature and hard cheese, Blue cheese, Aperitif",
Quinta da Corte 20 Years Old Tawny Porto,Portugal,96.99,4.4,images/Quinta_da_Corte_20_Years_Old_Tawny_Porto.png,images/bottle_Quinta_da_Corte_20_Years_Old_Tawny_Porto.png,Porto,Quinta da Corte,"non oak, dried fruit, black fruit, red fruit, tropical fruit, microbio, oak","Sweet desserts, Mature and hard cheese, Blue cheese","Touriga Nacional, Touriga Franca, Tinta Roriz"
Mancino Bianco Ambrato Vermouth,Italy,51.95,4.1,images/Mancino_Bianco_Ambrato_Vermouth.png,images/bottle_Mancino_Bianco_Ambrato_Vermouth.png,Piemonte,Mancino,"citrus fruit, spices, earth, microbio, oak",,
Rare Wine Co. Baltimore Rainwater Madeira (Special Reserve),Portugal,54.99,4.2,images/Rare_Wine_Co_Baltimore_Rainwater_Madeira_Special_R.png,images/bottle_Rare_Wine_Co_Baltimore_Rainwater_Madeira_Sp.png,Madeira,Rare Wine Co.,"earth, oak, microbio, non oak, tree fruit, vegetal, citrus fruit, dried fruit, spices, floral, black fruit, tropical fruit","Sweet desserts, Appetizers and snacks","Verdelho, Sercial, Malmsey, Boal Branco, Terrantez"
Quinta da Trovisca Ruby Port,Portugal,25.99,3.6,images/Quinta_da_Trovisca_Ruby_Port.png,images/bottle_Quinta_da_Trovisca_Ruby_Port.png,Porto,Quinta da Trovisca,"non oak, oak, red fruit, black fruit, dried fruit, tree fruit, citrus fruit, spices","Sweet desserts, Mature and hard cheese, Blue cheese","Touriga Nacional, Touriga Franca, Tinta Roriz"
W. & J. Graham's Six Grapes Ruby Port,Portugal,20,3.8,images/W_J_Grahams_Six_Grapes_Ruby_Port.jpg,,Porto,W. & J. Graham's,"black fruit, dried fruit, oak, red fruit, earth, microbio, non oak, spices","Sweet desserts, Mature and hard cheese, Blue cheese","Touriga Nacional, Touriga Franca, Tinta Roriz"
Porto Menéres Late Bottled Vintage Port 2015,Portugal,24.99,3.6,images/Porto_Menres_Late_Bottled_Vintage_Port_2015.jpg,,Porto,Porto Menéres,"spices, oak, black fruit, non oak, dried fruit, red fruit","Sweet desserts, Mature and hard cheese, Blue cheese","Touriga Nacional, Touriga Franca, Tinta Roriz"
Croft Quinta da Roeda Vintage Port 2005,Portugal,49.99,3.8,images/Croft_Quinta_da_Roeda_Vintage_Port_2005.png,images/bottle_Croft_Quinta_da_Roeda_Vintage_Port_2005.png,Porto,Croft,"oak, black fruit, spices, non oak, dried fruit, earth, red fruit, microbio, citrus fruit, tree fruit, floral, vegetal, tropical fruit","Mature and hard cheese, Blue cheese","Touriga Nacional, Touriga Franca, Tinta Roriz"
Gil Luque Leyenda Oloroso Sherry,Spain,15.99,3.6,images/Gil_Luque_Leyenda_Oloroso_Sherry.png,images/bottle_Gil_Luque_Leyenda_Oloroso_Sherry.png,Jerez-Xérès-Sherry,Gil Luque,"non oak, oak, earth, microbio, dried fruit, vegetal, tree fruit, red fruit, tropical fruit, spices","Beef, Game (deer, venison), Mature and hard cheese, Mushrooms, Cured Meat",Palomino
Cherubino Valsangiacomo Vittore Vermouth Blanco,Spain,15.49,4.1,images/Cherubino_Valsangiacomo_Vittore_Vermouth_Blanco.png,images/bottle_Cherubino_Valsangiacomo_Vittore_Vermouth_Bl.png,Utiel-Requena,Cherubino Valsangiacomo,"non oak, oak, citrus fruit, earth",,
Romariz Fine White Port,Portugal,16.99,3.8,images/Romariz_Fine_White_Port.png,images/bottle_Romariz_Fine_White_Port.png,Porto,Romariz,"earth, dried fruit, black fruit, red fruit, tropical fruit, tree fruit, citrus fruit, vegetal, microbio, non oak, oak","Appetizers and snacks, Fruity desserts, Aperitif, Cured Meat","Gouveio, Rabigato, Malvasia Fina"
D'Oliveiras Sercial Madeira 1969,Portugal,499,4.5,images/DOliveiras_Sercial_Madeira_1969.png,images/bottle_DOliveiras_Sercial_Madeira_1969.png,Madeira,D'Oliveiras,"non oak, oak, citrus fruit, earth, microbio, dried fruit, spices, vegetal, tree fruit, black fruit, red fruit, tropical fruit","Sweet desserts, Appetizers and snacks","Verdelho, Sercial, Malmsey, Boal Branco, Terrantez"
Hartley & Gibson's Amontillado Sherry,Spain,10.99,3.3,images/Hartley_Gibsons_Amontillado_Sherry.png,images/bottle_Hartley_Gibsons_Amontillado_Sherry.png,Jerez-Xérès-Sherry,Hartley & Gibson's,"non oak, oak, citrus fruit, earth, dried fruit, microbio, vegetal, black fruit, red fruit, floral","Pork, Mature and hard cheese, Poultry, Appetizers and snacks, Aperitif, Cured Meat",Palomino
Bodegas Dios Baco Elite Amontillado,Spain,26.99,4,images/Bodegas_Dios_Baco_Elite_Amontillado.png,images/bottle_Bodegas_Dios_Baco_Elite_Amontillado.png,Jerez-Xérès-Sherry,Bodegas Dios Baco,"non oak, oak, microbio, earth, citrus fruit, dried fruit, vegetal, black fruit, red fruit, tree fruit, spices","Pork, Mature and hard cheese, Poultry, Appetizers and snacks, Aperitif, Cured Meat",Palomino
Bodegas Yzaguirre Selectión 1884 Vermouth Gran Reserva,Spain,59.95,4.4,images/Bodegas_Yzaguirre_Selectin_1884_Vermouth_Gran_Rese.png,images/bottle_Bodegas_Yzaguirre_Selectin_1884_Vermouth_Gr.png,Catalunya,Bodegas Yzaguirre,oak,,
Quinta das Carvalhas Late Bottled Vintage Port 2019,Portugal,21.97,4,images/Quinta_das_Carvalhas_Late_Bottled_Vintage_Port_201.png,images/bottle_Quinta_das_Carvalhas_Late_Bottled_Vintage_P.png,Porto,Quinta das Carvalhas,"oak, black fruit, non oak, red fruit, dried fruit, earth, spices, microbio, vegetal, floral, citrus fruit, tree fruit","Sweet desserts, Mature and hard cheese, Blue cheese","Touriga Nacional, Touriga Franca, Tinta Roriz"
Broadbent Madeira Fine Rich Sweet (3 Year Old),Portugal,18.99,3.9,images/Broadbent_Madeira_Fine_Rich_Sweet_3_Year_Old.png,images/bottle_Broadbent_Madeira_Fine_Rich_Sweet_3_Year_Ol.png,Madeira,Broadbent,"oak, non oak, spices, earth, black fruit, red fruit, microbio","Sweet desserts, Appetizers and snacks","Verdelho, Sercial, Malmsey, Boal Branco, Terrantez"
Cockburn's Tawny Eyes Port,Portugal,47.84,3.8,images/Cockburns_Tawny_Eyes_Port.png,images/bottle_Cockburns_Tawny_Eyes_Port.png,Porto,Cockburn's,"red fruit, spices, earth, non oak, oak","Sweet desserts, Mature and hard cheese, Blue cheese","Touriga Nacional, Touriga Franca, Tinta Roriz"
Contratto Vermouth Rosso,Italy,34.49,4.1,images/Contratto_Vermouth_Rosso.png,images/bottle_Contratto_Vermouth_Rosso.png,Piemonte,Contratto,,,
Porto Menéres Fine Tawny Port,Portugal,16.99,3.9,images/Porto_Menres_Fine_Tawny_Port.png,images/bottle_Porto_Menres_Fine_Tawny_Port.png,Porto,Porto Menéres,"red fruit, oak","Sweet desserts, Mature and hard cheese, Blue cheese","Touriga Nacional, Touriga Franca, Tinta Roriz"
Colombo Marsala Fine Sweet,Italy,10.99,3.5,images/Colombo_Marsala_Fine_Sweet.png,images/bottle_Colombo_Marsala_Fine_Sweet.png,Marsala,Colombo,"black fruit, microbio, dried fruit, earth, vegetal, non oak, oak",,
Hartley & Gibson's Cream Sherry,Spain,13.99,3.7,images/Hartley_Gibsons_Cream_Sherry.png,images/bottle_Hartley_Gibsons_Cream_Sherry.png,Jerez-Xérès-Sherry,Hartley & Gibson's,"non oak, oak, dried fruit, black fruit, spices, microbio, earth, red fruit, tree fruit, vegetal","Sweet desserts, Mature and hard cheese, Fruity desserts","Palomino, Pedro Ximenez"
Porto Menéres 20 Years Old Tawny Port,Portugal,50.99,4.2,images/Porto_Menres_20_Years_Old_Tawny_Port.png,images/bottle_Porto_Menres_20_Years_Old_Tawny_Port.png,Porto,Porto Menéres,"oak, dried fruit, citrus fruit, earth, non oak","Sweet desserts, Mature and hard cheese, Blue cheese","Touriga Nacional, Touriga Franca, Tinta Roriz"
W. & J. Graham's Quinta dos Malvedos Vintage Port 1995,Portugal,98,4.3,images/W_J_Grahams_Quinta_dos_Malvedos_Vintage_Port_1995.png,images/bottle_W_J_Grahams_Quinta_dos_Malvedos_Vintage_Por.png,Porto,W. & J. Graham's,"oak, black fruit, non oak, spices, dried fruit, red fruit, earth, microbio, floral, citrus fruit, tree fruit, vegetal, tropical fruit","Mature and hard cheese, Blue cheese","Touriga Nacional, Touriga Franca, Tinta Roriz"
Dolin Vermouth de Chambéry Blanc,France,18.99,4,images/Dolin_Vermouth_de_Chambry_Blanc.png,images/bottle_Dolin_Vermouth_de_Chambry_Blanc.png,Savoie,Dolin,"citrus fruit, floral, non oak, oak, spices, earth, tree fruit, vegetal, microbio",,
Warre's Tercentenary Vintage Port 1970,Portugal,335,4.2,images/Warres_Tercentenary_Vintage_Port_1970.png,images/bottle_Warres_Tercentenary_Vintage_Port_1970.png,Porto,Warre's,"oak, dried fruit, non oak, red fruit, black fruit, spices, earth, microbio, tree fruit, citrus fruit","Mature and hard cheese, Blue cheese","Touriga Nacional, Touriga Franca, Tinta Roriz"
Dow's Quinta Senhora da Ribeira Vintage Port 2012,Portugal,65.99,4.5,images/Dows_Quinta_Senhora_da_Ribeira_Vintage_Port_2012.png,images/bottle_Dows_Quinta_Senhora_da_Ribeira_Vintage_Port.png,Porto,Dow's,"black fruit, oak, red fruit, spices, earth, non oak, microbio, floral, dried fruit, citrus fruit, tree fruit, vegetal, tropical fruit","Mature and hard cheese, Blue cheese","Touriga Nacional, Touriga Franca, Tinta Roriz"
Porto Menéres Fine Ruby Port,Portugal,16.99,3.6,images/Porto_Menres_Fine_Ruby_Port.png,images/bottle_Porto_Menres_Fine_Ruby_Port.png,Porto,Porto Menéres,"black fruit, dried fruit, red fruit, tropical fruit","Sweet desserts, Mature and hard cheese, Blue cheese","Touriga Nacional, Touriga Franca, Tinta Roriz"
Fonseca Terra Bella Reserve Porto,Portugal,20,3.8,images/Fonseca_Terra_Bella_Reserve_Porto.png,images/bottle_Fonseca_Terra_Bella_Reserve_Porto.png,Porto,Fonseca,"black fruit, oak, red fruit, earth, dried fruit, tree fruit, spices, non oak","Sweet desserts, Mature and hard cheese, Blue cheese","Touriga Nacional, Tinta Roriz, Tinta Barroca, Souzao, Touriga Francesa"
H. M. Borges Verdelho Madeira 15 Years Old,Portugal,54.99,3.9,images/H_M_Borges_Verdelho_Madeira_15_Years_Old.jpg,,Madeira,H. M. Borges,"non oak, oak, earth, citrus fruit, dried fruit, spices, black fruit, tree fruit, floral, vegetal, microbio","Sweet desserts, Appetizers and snacks","Verdelho, Sercial, Malmsey, Boal Branco, Terrantez"
Picchetti Bellicitti Vineyards Port 2020,United States,52.95,4.4,images/Picchetti_Bellicitti_Vineyards_Port_2020.jpg,,Santa Clara Valley,Picchetti,"oak, black fruit, dried fruit, earth, microbio",,
C. da Silva Presidential White Porto,Portugal,14.99,3.7,images/C_da_Silva_Presidential_White_Porto.png,images/bottle_C_da_Silva_Presidential_White_Porto.png,Porto,C. da Silva,"tree fruit, dried fruit, earth, tropical fruit, citrus fruit, floral, microbio, non oak","Appetizers and snacks, Fruity desserts, Aperitif, Cured Meat","Gouveio, Rabigato, Malvasia Fina"
Quinta do Passadouro Vintage Port 1994,Portugal,75,4.1,images/Quinta_do_Passadouro_Vintage_Port_1994.png,images/bottle_Quinta_do_Passadouro_Vintage_Port_1994.png,Porto,Quinta do Passadouro,"oak, black fruit, earth, non oak, red fruit, dried fruit, spices, microbio, citrus fruit, vegetal, floral","Mature and hard cheese, Blue cheese","Touriga Nacional, Touriga Franca, Tinta Roriz"
Sandeman Vintage Port 1963,Portugal,459,4.7,images/Sandeman_Vintage_Port_1963.png,images/bottle_Sandeman_Vintage_Port_1963.png,Porto,Sandeman,"oak, non oak, dried fruit, black fruit, spices, earth, red fruit, microbio, citrus fruit, floral, vegetal, tree fruit","Mature and hard cheese, Blue cheese","Touriga Nacional, Touriga Franca, Tinta Roriz"
Toro Albalá Poley Pedro Ximenez Dulce 2019,Spain,39.99,4.1,images/Toro_Albal_Poley_Pedro_Ximenez_Dulce_2019.png,images/bottle_Toro_Albal_Poley_Pedro_Ximenez_Dulce_2019.png,Montilla-Moriles,Toro Albalá,"earth, dried fruit, non oak, tree fruit, microbio, oak","Fruity desserts, Blue cheese, Aperitif","Palomino, Pedro Ximenez, Moscatel"
Mancino Rosso Amaranto Vermouth,Italy,49.95,4.3,images/Mancino_Rosso_Amaranto_Vermouth.png,images/bottle_Mancino_Rosso_Amaranto_Vermouth.png,Piemonte,Mancino,"spices, earth, oak",,
Gomez Nevado Pálido Sierra Morena Dry Seco,Spain,15.99,3.6,images/Gomez_Nevado_Plido_Sierra_Morena_Dry_Seco.png,images/bottle_Gomez_Nevado_Plido_Sierra_Morena_Dry_Seco.png,Jerez-Xérès-Sherry,Gomez Nevado,"non oak, oak, earth, vegetal, microbio, tree fruit, black fruit, dried fruit, citrus fruit","Mature and hard cheese, Appetizers and snacks, Aperitif, Cured Meat","Palomino, Moscato, Pedro Ximenez"
La Fuerza Vermouth Rojo,Argentina,28.99,4.2,images/La_Fuerza_Vermouth_Rojo.png,images/bottle_La_Fuerza_Vermouth_Rojo.png,Mendoza,La Fuerza,,,
Duff Gordon Vintage Port 1994,Portugal,56,4.1,images/Duff_Gordon_Vintage_Port_1994.png,images/bottle_Duff_Gordon_Vintage_Port_1994.png,Porto,Duff Gordon,"red fruit, dried fruit, earth, black fruit, spices","Mature and hard cheese, Blue cheese","Touriga Nacional, Touriga Franca, Tinta Roriz"
Glacial Till Prairie Fire 2021,United States,25,4.2,images/Glacial_Till_Prairie_Fire_2021.jpg,,Nebraska,Glacial Till,"oak, red fruit, earth, non oak, black fruit, spices, dried fruit",,
Krohn Colheita Port 1957,Portugal,560,4.8,images/Krohn_Colheita_Port_1957.png,images/bottle_Krohn_Colheita_Port_1957.png,Porto,Krohn,"non oak, oak, dried fruit, microbio, black fruit, earth, spices, citrus fruit, red fruit, vegetal, tree fruit, tropical fruit, floral","Sweet desserts, Mature and hard cheese, Blue cheese","Touriga Nacional, Touriga Franca, Tinta Roriz"
Toro Albalá Don PX Selección 1949,Spain,565,4.6,images/Toro_Albal_Don_PX_Seleccin_1949.png,images/bottle_Toro_Albal_Don_PX_Seleccin_1949.png,Montilla-Moriles,Toro Albalá,"non oak, oak, dried fruit, earth, microbio, spices, black fruit, citrus fruit, red fruit, floral","Fruity desserts, Blue cheese, Aperitif","Palomino, Pedro Ximenez, Moscatel"
Antica Torino Vermouth di Torino Rosso,Italy,35.99,4.3,images/Antica_Torino_Vermouth_di_Torino_Rosso.png,images/bottle_Antica_Torino_Vermouth_di_Torino_Rosso.png,Piemonte,Antica Torino,"citrus fruit, spices, vegetal, non oak, oak",,
Domaine du Mas Blanc Banyuls Collection 1986,France,91.99,4.4,images/Domaine_du_Mas_Blanc_Banyuls_Collection_1986.png,images/bottle_Domaine_du_Mas_Blanc_Banyuls_Collection_198.png,Banyuls,Domaine du Mas Blanc,"oak, non oak, black fruit, dried fruit, red fruit, tropical fruit, earth","Mature and hard cheese, Blue cheese, Aperitif",
Cálem Vintage Port 1977,Portugal,299,4.5,images/Clem_Vintage_Port_1977.png,images/bottle_Clem_Vintage_Port_1977.png,Porto,Cálem,"oak, black fruit, dried fruit, non oak, earth, spices, red fruit, microbio, vegetal, floral, tropical fruit, tree fruit","Mature and hard cheese, Blue cheese","Touriga Nacional, Touriga Franca, Tinta Roriz"
Quinta da Romaneira Vintage Port 2015,Portugal,59.99,4,images/Quinta_da_Romaneira_Vintage_Port_2015.png,images/bottle_Quinta_da_Romaneira_Vintage_Port_2015.png,Porto,Quinta da Romaneira,"black fruit, oak, red fruit, dried fruit, non oak, earth, spices, floral, vegetal, microbio, citrus fruit","Mature and hard cheese, Blue cheese","Touriga Nacional, Touriga Franca, Tinta Roriz"
Mancino Chinato Vermouth,,59.95,4.1,images/Mancino_Chinato_Vermouth.png,images/bottle_Mancino_Chinato_Vermouth.png,,Mancino,"earth, black fruit, red fruit, dried fruit, citrus fruit, non oak, oak",,
Seyra 10 Years Tawny Port,Portugal,50.96,4.1,images/Seyra_10_Years_Tawny_Port.jpg,,Porto,Seyra,"non oak, oak, dried fruit, red fruit, spices","Sweet desserts, Mature and hard cheese, Blue cheese","Touriga Nacional, Touriga Franca, Tinta Roriz"
Gomez Nevado Dorado Sierra Morena Seco,Spain,33.99,3.7,images/Gomez_Nevado_Dorado_Sierra_Morena_Seco.jpg,,Jerez-Xérès-Sherry,Gomez Nevado,"non oak, oak, tree fruit, citrus fruit, microbio","Mature and hard cheese, Appetizers and snacks, Aperitif, Cured Meat","Palomino, Moscato, Pedro Ximenez"
Souza Vintage Port 1995,Portugal,75,4.2,images/Souza_Vintage_Port_1995.jpg,,Porto,Souza,"dried fruit, earth, non oak, black fruit, spices, microbio, oak","Mature and hard cheese, Blue cheese","Touriga Nacional, Touriga Franca, Tinta Roriz"
Gould Campbell Vintage Port 1983,Portugal,109,4.3,images/Gould_Campbell_Vintage_Port_1983.png,images/bottle_Gould_Campbell_Vintage_Port_1983.png,Porto,Gould Campbell,"oak, non oak, dried fruit, spices, black fruit, red fruit, earth, microbio, tree fruit, citrus fruit, floral, vegetal","Mature and hard cheese, Blue cheese","Touriga Nacional, Touriga Franca, Tinta Roriz"
Barbadillo Amontillado Sherry,Spain,11.99,3.6,images/Barbadillo_Amontillado_Sherry.png,images/bottle_Barbadillo_Amontillado_Sherry.png,Jerez-Xérès-Sherry,Barbadillo,"non oak, oak","Pork, Mature and hard cheese, Poultry, Appetizers and snacks, Aperitif, Cured Meat",Palomino
Justino's Madeira V. J. H. Verdelho Madeira 1954,Portugal,365,4.4,images/Justinos_Madeira_V_J_H_Verdelho_Madeira_1954.png,images/bottle_Justinos_Madeira_V_J_H_Verdelho_Madeira_195.png,Madeira,Justino's Madeira,"earth, non oak, citrus fruit, spices, microbio, oak, dried fruit, tree fruit, vegetal, black fruit","Sweet desserts, Appetizers and snacks","Verdelho, Sercial, Malmsey, Boal Branco, Terrantez"
Sandeman The Silver Jubilee Vintage Port 1977,Portugal,155,4.5,images/Sandeman_The_Silver_Jubilee_Vintage_Port_1977.jpg,,Porto,Sandeman,"oak, spices, non oak, dried fruit, red fruit, earth, black fruit, citrus fruit, floral, vegetal, microbio","Mature and hard cheese, Blue cheese","Touriga Nacional, Touriga Franca, Tinta Roriz"
Porto Menéres Fine White Port,Portugal,16.99,3.9,images/Porto_Menres_Fine_White_Port.png,images/bottle_Porto_Menres_Fine_White_Port.png,Porto,Porto Menéres,"oak, citrus fruit, dried fruit, earth, non oak, microbio","Appetizers and snacks, Fruity desserts, Aperitif, Cured Meat","Gouveio, Rabigato, Malvasia Fina"
Delaforce Vintage Port 1970,Portugal,165,4.2,images/Delaforce_Vintage_Port_1970.png,images/bottle_Delaforce_Vintage_Port_1970.png,Porto,Delaforce,"black fruit, oak, dried fruit, non oak, red fruit, spices, earth, microbio, vegetal, citrus fruit, tropical fruit, floral","Mature and hard cheese, Blue cheese","Touriga Nacional, Touriga Franca, Tinta Roriz"
Quinta do Noval Vintage Port Nacional 2004,Portugal,599.99,4.7,images/Quinta_do_Noval_Vintage_Port_Nacional_2004.png,images/bottle_Quinta_do_Noval_Vintage_Port_Nacional_2004.png,Porto,Quinta do Noval,"oak, non oak, black fruit, earth, dried fruit, spices, red fruit, microbio, citrus fruit, floral, tree fruit, vegetal, tropical fruit","Mature and hard cheese, Blue cheese","Touriga Nacional, Touriga Franca, Tinta Roriz"
Terroirs du Sud Banyuls Doux Naturel 1949,France,530,4,images/Terroirs_du_Sud_Banyuls_Doux_Naturel_1949.jpg,,Banyuls,Terroirs du Sud,"earth, non oak, oak","Mature and hard cheese, Blue cheese, Aperitif",
Altanza Colección Roberto Amillo Oloroso,Spain,67.99,4.2,images/Altanza_Coleccin_Roberto_Amillo_Oloroso.png,images/bottle_Altanza_Coleccin_Roberto_Amillo_Oloroso.png,Jerez-Xérès-Sherry,Altanza,"non oak, citrus fruit, microbio, oak, vegetal, earth, dried fruit, spices","Beef, Game (deer, venison), Mature and hard cheese, Mushrooms, Cured Meat",Palomino
D'Oliveiras Colheita Tinta Negra Madeira 1929,Portugal,999.99,4.6,images/DOliveiras_Colheita_Tinta_Negra_Madeira_1929.jpg,,Madeira,D'Oliveiras,"non oak, oak, earth, microbio, dried fruit, spices, citrus fruit, tree fruit, vegetal, black fruit, floral, tropical fruit, red fruit","Sweet desserts, Appetizers and snacks","Verdelho, Sercial, Malmsey, Boal Branco, Terrantez"
Leacock's Tinta Negra Madeira,Portugal,129.99,4.1,images/Leacocks_Tinta_Negra_Madeira.png,images/bottle_Leacocks_Tinta_Negra_Madeira.png,Madeira,Leacock's,non oak,"Sweet desserts, Appetizers and snacks","Verdelho, Sercial, Malmsey, Boal Branco, Terrantez"
Souza Guedes Port 1985,Portugal,145,4.7,images/Souza_Guedes_Port_1985.png,images/bottle_Souza_Guedes_Port_1985.png,Porto,Souza Guedes,"dried fruit, citrus fruit, non oak, oak, earth","Sweet desserts, Mature and hard cheese, Blue cheese","Touriga Nacional, Tinta Roriz, Tinta Barroca, Souzao, Touriga Francesa"
Feuerheerd's LBV Port 2016,Portugal,29.99,3.5,images/Feuerheerds_LBV_Port_2016.png,images/bottle_Feuerheerds_LBV_Port_2016.png,Porto,Feuerheerd's,"oak, non oak, black fruit, spices, red fruit, earth, microbio","Sweet desserts, Mature and hard cheese, Blue cheese","Touriga Nacional, Touriga Franca, Tinta Roriz"
Sandeman The Hat & Cape Vintage Porto 2000,Portugal,119.99,4.5,images/Sandeman_The_Hat_Cape_Vintage_Porto_2000.png,images/bottle_Sandeman_The_Hat_Cape_Vintage_Porto_2000.png,Porto,Sandeman,"black fruit, dried fruit, spices, non oak, oak","Mature and hard cheese, Blue cheese","Touriga Nacional, Touriga Franca, Tinta Roriz"
La Quintinye Vermouth Royal Vermouth Extra Dry,France,16.99,4,images/La_Quintinye_Vermouth_Royal_Vermouth_Extra_Dry.png,images/bottle_La_Quintinye_Vermouth_Royal_Vermouth_Extra_.png,Pineau des Charentes,La Quintinye Vermouth Royal,,,
Quinta do Vesuvio Capela da Quinta do Vesuvio Vintage Port 2016,Portugal,199.96,4.7,images/Quinta_do_Vesuvio_Capela_da_Quinta_do_Vesuvio_Vint.png,images/bottle_Quinta_do_Vesuvio_Capela_da_Quinta_do_Vesuv.png,Porto,Quinta do Vesuvio,"black fruit, spices, earth, oak, red fruit, non oak, tropical fruit, floral, microbio","Mature and hard cheese, Blue cheese","Touriga Nacional, Touriga Franca, Tinta Roriz"
Mata Tinto Reserva Vermouth,Spain,20.65,4,images/Mata_Tinto_Reserva_Vermouth.jpg,,Bierzo,Mata,"citrus fruit, spices, non oak, oak, dried fruit, red fruit, tropical fruit",,
Giacomo Sperone Vermouth di Torino,Italy,14.99,4.1,images/Giacomo_Sperone_Vermouth_di_Torino.jpg,,Piemonte,Giacomo Sperone,,,
