name,country,price,rating,image_url,bottle_image_url,region,winery,flavor,food_pairing,grapes
Marqués de Riscal Reserva 1960,Spain,445,4.1,images/Marqus_de_Riscal_Reserva_1960.png,images/bottle_Marqus_de_Riscal_Reserva_1960.png,Rioja,Marqués de Riscal,"oak, earth, non oak, spices, black fruit, red fruit, microbio, dried fruit, vegetal, floral, citrus fruit, tree fruit, tropical fruit","Beef, Lamb, Veal, Poultry","Tempranillo, Graciano, Garnacha"
Caymus Vineyards Cabernet Sauvignon 1973,United States,849,4.6,images/Caymus_Vineyards_Cabernet_Sauvignon_1973.png,images/bottle_Caymus_Vineyards_Cabernet_Sauvignon_1973.png,Napa Valley,Caymus Vineyards,"oak, black fruit, non oak, spices, red fruit, earth, microbio, dried fruit, floral, vegetal, tree fruit, citrus fruit, tropical fruit","Beef, Lamb, Game (deer, venison), Mature and hard cheese, Poultry",Cabernet Sauvignon
Meiomi Pinot Noir,United States,11.99,4.1,images/Meiomi_Pinot_Noir.png,images/bottle_Meiomi_Pinot_Noir.png,California,Meiomi,"oak, red fruit, non oak, spices, black fruit, earth, microbio, dried fruit, vegetal, floral, tree fruit, citrus fruit, tropical fruit","Beef, Veal, Game (deer, venison), Poultry",Pinot Noir
J. Lohr Vineyards & Wines Estates Seven Oaks Cabernet Sauvignon 2023,United States,14.99,4,images/J_Lohr_Vineyards_Wines_Estates_Seven_Oaks_Cabernet.png,images/bottle_J_Lohr_Vineyards_Wines_Estates_Seven_Oaks_C.png,Paso Robles,J. Lohr Vineyards & Wines,"oak, black fruit, red fruit, non oak, spices, earth, microbio, dried fruit, vegetal, tree fruit, floral, citrus fruit, tropical fruit","Beef, Lamb, Game (deer, venison)",Cabernet Sauvignon
Fantini Edizione Cinque Autoctoni,Italy,27.99,4.3,images/Fantini_Edizione_Cinque_Autoctoni.png,images/bottle_Fantini_Edizione_Cinque_Autoctoni.png,Abruzzo,Fantini,"oak, black fruit, non oak, spices, red fruit, earth, dried fruit, microbio, floral, vegetal, citrus fruit, tree fruit, tropical fruit","Beef, Pasta, Veal, Poultry","Sangiovese, Montepulciano"
Decoy Cabernet Sauvignon 2023,United States,17.99,4,images/Decoy_Cabernet_Sauvignon_2023.png,images/bottle_Decoy_Cabernet_Sauvignon_2023.png,California,Decoy,"oak, black fruit, red fruit, non oak, spices, earth, microbio, dried fruit, vegetal, floral, citrus fruit, tree fruit, tropical fruit","Beef, Lamb, Game (deer, venison), Poultry",Cabernet Sauvignon
Beringer Knights Valley Cabernet Sauvignon 1982,United States,178,4.1,images/Beringer_Knights_Valley_Cabernet_Sauvignon_1982.png,images/bottle_Beringer_Knights_Valley_Cabernet_Sauvignon_.png,Knights Valley,Beringer,"oak, black fruit, non oak, spices, red fruit, earth, microbio, dried fruit, vegetal, floral, tree fruit, citrus fruit, tropical fruit","Beef, Lamb, Game (deer, venison)",Cabernet Sauvignon
Château Talbot Saint-Julien (Grand Cru Classé) 1969,France,170,4.2,images/Chteau_Talbot_Saint_Julien_Grand_Cru_Class_1969.png,images/bottle_Chteau_Talbot_Saint_Julien_Grand_Cru_Class_.png,Saint-Julien,Château Talbot,"oak, earth, black fruit, non oak, spices, red fruit, microbio, dried fruit, floral, vegetal, citrus fruit, tree fruit, tropical fruit","Beef, Lamb, Game (deer, venison), Poultry","Cabernet Sauvignon, Cabernet Franc, Malbec, Merlot, Petit Verdot, Carménère"
Louis Jadot Bourgogne Pinot Noir 1997,France,29.27,3.6,images/Louis_Jadot_Bourgogne_Pinot_Noir_1997.png,images/bottle_Louis_Jadot_Bourgogne_Pinot_Noir_1997.png,Bourgogne,Louis Jadot,"red fruit, earth, oak, non oak, black fruit, spices, microbio, floral, vegetal, citrus fruit, dried fruit, tree fruit, tropical fruit","Beef, Veal, Game (deer, venison), Poultry",Pinot Noir
Château de Beaucastel Châteauneuf-du-Pape 1968,France,565,4.4,images/Chteau_de_Beaucastel_Chteauneuf_du_Pape_1968.png,images/bottle_Chteau_de_Beaucastel_Chteauneuf_du_Pape_196.png,Châteauneuf-du-Pape,Château de Beaucastel,"earth, oak, black fruit, red fruit, spices, non oak, dried fruit, microbio, floral, vegetal, citrus fruit, tree fruit, tropical fruit","Lamb, Pork, Poultry","Shiraz/Syrah, Mourvedre, Counoise, Cinsaut, Vaccareze, Muscardin"
Stags' Leap Cabernet Sauvignon 1990,United States,185,4.3,images/Stags_Leap_Cabernet_Sauvignon_1990.png,images/bottle_Stags_Leap_Cabernet_Sauvignon_1990.png,Napa Valley,Stags' Leap,"oak, black fruit, non oak, earth, spices, red fruit, microbio, dried fruit, floral, vegetal, tree fruit, citrus fruit, tropical fruit","Beef, Lamb, Game (deer, venison), Mature and hard cheese, Poultry",Cabernet Sauvignon
Chateau Ste. Michelle Cabernet Sauvignon 1970,United States,225,3.8,images/Chateau_Ste_Michelle_Cabernet_Sauvignon_1970.png,images/bottle_Chateau_Ste_Michelle_Cabernet_Sauvignon_197.png,Columbia Valley,Chateau Ste. Michelle,"oak, black fruit, non oak, spices, red fruit, earth, microbio, dried fruit, tree fruit, vegetal, floral, citrus fruit, tropical fruit","Beef, Lamb, Game (deer, venison), Poultry",Cabernet Sauvignon
Château Pichon Baron Pauillac (Grand Cru Classé) 1947,France,885,4.4,images/Chteau_Pichon_Baron_Pauillac_Grand_Cru_Class_1947.png,images/bottle_Chteau_Pichon_Baron_Pauillac_Grand_Cru_Clas.png,Pauillac,Château Pichon Baron,"oak, earth, black fruit, non oak, spices, red fruit, microbio, floral, dried fruit, vegetal, citrus fruit, tree fruit, tropical fruit","Beef, Lamb, Game (deer, venison), Poultry","Cabernet Sauvignon, Cabernet Franc, Malbec, Merlot, Petit Verdot, Carménère"
Château Léoville Barton Saint-Julien (Grand Cru Classé) 1967,France,660,4.3,images/Chteau_Loville_Barton_Saint_Julien_Grand_Cru_Class.png,images/bottle_Chteau_Loville_Barton_Saint_Julien_Grand_Cr.png,Saint-Julien,Château Léoville Barton,"oak, earth, black fruit, non oak, spices, red fruit, microbio, floral, dried fruit, vegetal, citrus fruit, tree fruit, tropical fruit","Beef, Lamb, Game (deer, venison), Poultry","Cabernet Sauvignon, Cabernet Franc, Malbec, Merlot, Petit Verdot, Carménère"
Duckhorn Napa Valley Cabernet Sauvignon 1986,United States,179,4.3,images/Duckhorn_Napa_Valley_Cabernet_Sauvignon_1986.png,images/bottle_Duckhorn_Napa_Valley_Cabernet_Sauvignon_198.png,Napa Valley,Duckhorn,"oak, black fruit, non oak, spices, red fruit, earth, microbio, dried fruit, vegetal, floral, citrus fruit, tree fruit, tropical fruit","Beef, Lamb, Game (deer, venison), Mature and hard cheese, Poultry",Cabernet Sauvignon
Ogier L'Oratoire des Papes Châteauneuf-du-Pape 1978,France,275,4.2,images/Ogier_LOratoire_des_Papes_Chteauneuf_du_Pape_1978.png,images/bottle_Ogier_LOratoire_des_Papes_Chteauneuf_du_Pap.png,Châteauneuf-du-Pape,Ogier,"oak, red fruit, black fruit, spices, earth, non oak, microbio, dried fruit, floral, vegetal, tree fruit, citrus fruit, tropical fruit","Lamb, Pork, Poultry","Shiraz/Syrah, Mourvedre, Counoise, Cinsaut, Vaccareze, Muscardin"
Château Montrose Saint-Estèphe (Grand Cru Classé) 2023,France,160,4.3,images/Chteau_Montrose_Saint_Estphe_Grand_Cru_Class_2023.png,images/bottle_Chteau_Montrose_Saint_Estphe_Grand_Cru_Clas.png,Saint-Estèphe,Château Montrose,"oak, earth, black fruit, non oak, spices, red fruit, microbio, floral, vegetal, dried fruit, citrus fruit, tree fruit, tropical fruit","Beef, Lamb, Game (deer, venison), Poultry","Cabernet Sauvignon, Cabernet Franc, Malbec, Merlot, Petit Verdot, Carménère"
Bonanza Cabernet Sauvignon Lot,United States,10.99,4.1,images/Bonanza_Cabernet_Sauvignon_Lot.png,images/bottle_Bonanza_Cabernet_Sauvignon_Lot.png,California,Bonanza,"oak, black fruit, non oak, red fruit, spices, earth, dried fruit, microbio, floral, tree fruit, vegetal, citrus fruit, tropical fruit","Beef, Lamb, Game (deer, venison), Poultry",Cabernet Sauvignon
Duckhorn Napa Valley Merlot 1989,United States,110,4.2,images/Duckhorn_Napa_Valley_Merlot_1989.png,images/bottle_Duckhorn_Napa_Valley_Merlot_1989.png,Napa Valley,Duckhorn,"oak, black fruit, red fruit, non oak, spices, earth, microbio, dried fruit, floral, vegetal, tree fruit, citrus fruit, tropical fruit","Beef, Lamb, Veal",Merlot
Château Léoville Poyferré Saint-Julien (Grand Cru Classé) 2023,France,80,4.3,images/Chteau_Loville_Poyferr_Saint_Julien_Grand_Cru_Clas.png,images/bottle_Chteau_Loville_Poyferr_Saint_Julien_Grand_C.png,Saint-Julien,Château Léoville Poyferré,"oak, earth, black fruit, non oak, spices, red fruit, microbio, floral, dried fruit, vegetal, citrus fruit, tree fruit, tropical fruit","Beef, Lamb, Game (deer, venison), Poultry","Cabernet Sauvignon, Cabernet Franc, Malbec, Merlot, Petit Verdot, Carménère"
Château Lagrange Saint-Julien (Grand Cru Classé) 1969,France,175,4.1,images/Chteau_Lagrange_Saint_Julien_Grand_Cru_Class_1969.png,images/bottle_Chteau_Lagrange_Saint_Julien_Grand_Cru_Clas.png,Saint-Julien,Château Lagrange,"oak, black fruit, earth, non oak, spices, red fruit, microbio, floral, vegetal, dried fruit, citrus fruit, tree fruit, tropical fruit","Beef, Lamb, Game (deer, venison), Poultry","Cabernet Sauvignon, Cabernet Franc, Malbec, Merlot, Petit Verdot, Carménère"
The Prisoner Saldo Zinfandel,United States,19.99,4.2,images/The_Prisoner_Saldo_Zinfandel.png,images/bottle_The_Prisoner_Saldo_Zinfandel.png,California,The Prisoner,"oak, black fruit, red fruit, spices, non oak, earth, dried fruit, microbio, floral, vegetal, tree fruit, citrus fruit, tropical fruit","Beef, Lamb, Poultry",Zinfandel
Château Gruaud Larose Saint-Julien (Grand Cru Classé) 2023,France,84,4.3,images/Chteau_Gruaud_Larose_Saint_Julien_Grand_Cru_Class_.png,images/bottle_Chteau_Gruaud_Larose_Saint_Julien_Grand_Cru.png,Saint-Julien,Château Gruaud Larose,"oak, earth, black fruit, non oak, spices, red fruit, microbio, dried fruit, floral, vegetal, citrus fruit, tree fruit, tropical fruit","Beef, Lamb, Game (deer, venison), Poultry","Cabernet Sauvignon, Cabernet Franc, Malbec, Merlot, Petit Verdot, Carménère"
Château Cantemerle Haut-Médoc (Grand Cru Classé) 1955,France,890,4,images/Chteau_Cantemerle_Haut_Mdoc_Grand_Cru_Class_1955.png,images/bottle_Chteau_Cantemerle_Haut_Mdoc_Grand_Cru_Class.png,Haut-Médoc,Château Cantemerle,"oak, black fruit, earth, non oak, spices, red fruit, microbio, vegetal, floral, dried fruit, citrus fruit, tree fruit, tropical fruit","Beef, Lamb, Game (deer, venison)","Cabernet Sauvignon, Cabernet Franc, Malbec, Merlot, Petit Verdot, Carménère"
Altos del Plata Malbec 2024,Argentina,11.99,3.5,images/Altos_del_Plata_Malbec_2024.png,images/bottle_Altos_del_Plata_Malbec_2024.png,Lujan de Cuyo,Altos del Plata,"oak, black fruit, red fruit, earth, non oak, spices, microbio, floral, dried fruit, vegetal, citrus fruit, tropical fruit, tree fruit","Beef, Lamb",Malbec
Joseph Phelps Vineyards Insignia 1980,United States,379,4.6,images/Joseph_Phelps_Vineyards_Insignia_1980.png,images/bottle_Joseph_Phelps_Vineyards_Insignia_1980.png,Napa Valley,Joseph Phelps Vineyards,"oak, black fruit, earth, non oak, spices, red fruit, microbio, dried fruit, floral, vegetal, tree fruit, citrus fruit, tropical fruit","Beef, Lamb, Game (deer, venison), Mature and hard cheese, Poultry",Cabernet Sauvignon
Château d'Armailhac Pauillac (Grand Cru Classé) 2023,France,47,4.1,images/Chteau_dArmailhac_Pauillac_Grand_Cru_Class_2023.png,images/bottle_Chteau_dArmailhac_Pauillac_Grand_Cru_Class_.png,Pauillac,Château d'Armailhac,"oak, earth, black fruit, non oak, spices, red fruit, microbio, floral, dried fruit, vegetal, citrus fruit, tree fruit, tropical fruit","Beef, Lamb, Game (deer, venison), Poultry","Cabernet Sauvignon, Cabernet Franc, Malbec, Merlot, Petit Verdot, Carménère"
Château Gloria Saint-Julien 1962,France,455,4.1,images/Chteau_Gloria_Saint_Julien_1962.png,images/bottle_Chteau_Gloria_Saint_Julien_1962.png,Saint-Julien,Château Gloria,"oak, earth, black fruit, non oak, spices, red fruit, microbio, floral, vegetal, dried fruit, citrus fruit, tree fruit, tropical fruit","Beef, Lamb, Game (deer, venison), Poultry","Cabernet Sauvignon, Cabernet Franc, Malbec, Merlot, Petit Verdot, Carménère"
Louis M. Martini Napa Valley Cabernet Sauvignon 1970,United States,215,4.1,images/Louis_M_Martini_Napa_Valley_Cabernet_Sauvignon_197.png,images/bottle_Louis_M_Martini_Napa_Valley_Cabernet_Sauvig.png,Napa Valley,Louis M. Martini,"oak, black fruit, non oak, earth, spices, red fruit, microbio, dried fruit, vegetal, floral, citrus fruit, tree fruit, tropical fruit","Beef, Lamb, Game (deer, venison), Mature and hard cheese, Poultry",Cabernet Sauvignon
Château Pape Clément Pessac-Léognan (Grand Cru Classé de Graves) 1969,France,240,4.4,images/Chteau_Pape_Clment_Pessac_Lognan_Grand_Cru_Class_d.png,images/bottle_Chteau_Pape_Clment_Pessac_Lognan_Grand_Cru_.png,Pessac-Léognan,Château Pape Clément,"oak, earth, black fruit, non oak, spices, red fruit, microbio, dried fruit, floral, vegetal, citrus fruit, tree fruit, tropical fruit","Beef, Lamb, Game (deer, venison), Poultry","Cabernet Sauvignon, Cabernet Franc, Malbec, Merlot, Petit Verdot, Carménère"
Chateau Palmer Grand Vin de Château Palmer (Grand Cru Classé) 2023,France,305,4.5,images/Chateau_Palmer_Grand_Vin_de_Chteau_Palmer_Grand_Cr.png,images/bottle_Chateau_Palmer_Grand_Vin_de_Chteau_Palmer_G.png,Margaux,Chateau Palmer,"oak, earth, black fruit, non oak, spices, red fruit, microbio, floral, vegetal, dried fruit, citrus fruit, tree fruit, tropical fruit","Beef, Lamb, Game (deer, venison), Poultry","Cabernet Sauvignon, Cabernet Franc, Malbec, Merlot, Petit Verdot, Carménère"
Paul Jaboulet Aîné Parallèle 45 Côtes du Rhône Rouge Bio 1990,France,69,3.6,images/Paul_Jaboulet_An_Parallle_45_Ctes_du_Rhne_Rouge_Bi.png,images/bottle_Paul_Jaboulet_An_Parallle_45_Ctes_du_Rhne_R.png,Côtes-du-Rhône,Paul Jaboulet Aîné,"red fruit, oak, black fruit, spices, earth, non oak, microbio, floral, tree fruit, dried fruit, citrus fruit, vegetal, tropical fruit","Beef, Lamb, Game (deer, venison)","Shiraz/Syrah, Grenache, Mourvedre"
Château Léoville Las Cases Saint-Julien (Grand Cru Classé) 2023,France,180,4.4,images/Chteau_Loville_Las_Cases_Saint_Julien_Grand_Cru_Cl.png,images/bottle_Chteau_Loville_Las_Cases_Saint_Julien_Grand.png,Saint-Julien,Château Léoville Las Cases,"oak, earth, black fruit, non oak, spices, red fruit, microbio, floral, dried fruit, vegetal, citrus fruit, tree fruit, tropical fruit","Beef, Lamb, Game (deer, venison), Poultry","Cabernet Sauvignon, Cabernet Franc, Malbec, Merlot, Petit Verdot, Carménère"
Joseph Phelps Vineyards Cabernet Sauvignon 1990,United States,180,4.4,images/Joseph_Phelps_Vineyards_Cabernet_Sauvignon_1990.png,images/bottle_Joseph_Phelps_Vineyards_Cabernet_Sauvignon_.png,Napa Valley,Joseph Phelps Vineyards,"oak, black fruit, non oak, earth, spices, red fruit, microbio, dried fruit, vegetal, floral, citrus fruit, tree fruit, tropical fruit","Beef, Lamb, Game (deer, venison), Mature and hard cheese, Poultry",Cabernet Sauvignon
Château Batailley Pauillac (Grand Cru Classé) 1953,France,650,4.2,images/Chteau_Batailley_Pauillac_Grand_Cru_Class_1953.png,images/bottle_Chteau_Batailley_Pauillac_Grand_Cru_Class_1.png,Pauillac,Château Batailley,"oak, earth, black fruit, non oak, spices, red fruit, microbio, dried fruit, floral, vegetal, citrus fruit, tree fruit, tropical fruit","Beef, Lamb, Game (deer, venison), Poultry","Cabernet Sauvignon, Cabernet Franc, Malbec, Merlot, Petit Verdot, Carménère"
Château Phélan Ségur Saint-Estèphe 1967,France,188,4.1,images/Chteau_Phlan_Sgur_Saint_Estphe_1967.png,images/bottle_Chteau_Phlan_Sgur_Saint_Estphe_1967.png,Saint-Estèphe,Château Phélan Ségur,"oak, earth, black fruit, non oak, spices, red fruit, microbio, floral, vegetal, dried fruit, citrus fruit, tree fruit","Beef, Lamb, Game (deer, venison), Poultry","Cabernet Sauvignon, Cabernet Franc, Malbec, Merlot, Petit Verdot, Carménère"
Château Calon-Ségur Saint-Estèphe (Grand Cru Classé) 2023,France,114,4.3,images/Chteau_Calon_Sgur_Saint_Estphe_Grand_Cru_Class_202.png,images/bottle_Chteau_Calon_Sgur_Saint_Estphe_Grand_Cru_Cl.png,Saint-Estèphe,Château Calon-Ségur,"oak, earth, black fruit, non oak, spices, red fruit, microbio, dried fruit, floral, vegetal, citrus fruit, tree fruit, tropical fruit","Beef, Lamb, Game (deer, venison), Poultry","Cabernet Sauvignon, Cabernet Franc, Malbec, Merlot, Petit Verdot, Carménère"
Château Beychevelle Saint-Julien (Grand Cru Classé) 1968,France,120,4.3,images/Chteau_Beychevelle_Saint_Julien_Grand_Cru_Class_19.png,images/bottle_Chteau_Beychevelle_Saint_Julien_Grand_Cru_C.png,Saint-Julien,Château Beychevelle,"oak, earth, black fruit, non oak, red fruit, spices, microbio, floral, vegetal, dried fruit, citrus fruit, tree fruit, tropical fruit","Beef, Lamb, Game (deer, venison), Poultry","Cabernet Sauvignon, Cabernet Franc, Malbec, Merlot, Petit Verdot, Carménère"
Brotte La Fiole du Pape Père Anselme Châteauneuf-du-Pape,France,30.99,4.1,images/Brotte_La_Fiole_du_Pape_Pre_Anselme_Chteauneuf_du_.png,images/bottle_Brotte_La_Fiole_du_Pape_Pre_Anselme_Chteaun.png,Châteauneuf-du-Pape,Brotte,"oak, earth, red fruit, black fruit, non oak, spices, microbio, dried fruit, vegetal, floral, citrus fruit, tree fruit","Lamb, Pork, Poultry","Shiraz/Syrah, Mourvedre, Counoise, Cinsaut, Vaccareze, Muscardin"
Château Grand-Puy-Lacoste Pauillac (Grand Cru Classé) 2023,France,65,4.3,images/Chteau_Grand_Puy_Lacoste_Pauillac_Grand_Cru_Class_.png,images/bottle_Chteau_Grand_Puy_Lacoste_Pauillac_Grand_Cru.png,Pauillac,Château Grand-Puy-Lacoste,"oak, earth, black fruit, non oak, spices, red fruit, microbio, dried fruit, vegetal, floral, citrus fruit, tree fruit, tropical fruit","Beef, Lamb, Game (deer, venison), Poultry","Cabernet Sauvignon, Cabernet Franc, Malbec, Merlot, Petit Verdot, Carménère"
Château Figeac Saint-Émilion Grand Cru (Premier Grand Cru Classé) 2023,France,206,4.4,images/Chteau_Figeac_Saint_milion_Grand_Cru_Premier_Grand.png,images/bottle_Chteau_Figeac_Saint_milion_Grand_Cru_Premie.png,Saint-Émilion Grand Cru,Château Figeac,"oak, earth, black fruit, non oak, spices, red fruit, microbio, dried fruit, floral, vegetal, citrus fruit, tree fruit, tropical fruit","Beef, Lamb, Game (deer, venison), Poultry","Cabernet Sauvignon, Cabernet Franc, Malbec, Merlot, Petit Verdot, Carménère"
Domaine de Chevalier Pessac-Léognan (Grand Cru Classé de Graves) 1966,France,455,4.2,images/Domaine_de_Chevalier_Pessac_Lognan_Grand_Cru_Class.png,images/bottle_Domaine_de_Chevalier_Pessac_Lognan_Grand_Cr.png,Pessac-Léognan,Domaine de Chevalier,"oak, earth, black fruit, non oak, spices, red fruit, microbio, vegetal, citrus fruit, floral, dried fruit, tree fruit, tropical fruit","Beef, Lamb, Game (deer, venison), Poultry","Cabernet Sauvignon, Cabernet Franc, Malbec, Merlot, Petit Verdot, Carménère"
Domaine du Vieux Télégraphe Châteauneuf-du-Pape (La Crau) 1986,France,285,4.3,images/Domaine_du_Vieux_Tlgraphe_Chteauneuf_du_Pape_La_Cr.png,images/bottle_Domaine_du_Vieux_Tlgraphe_Chteauneuf_du_Pap.png,Châteauneuf-du-Pape,Domaine du Vieux Télégraphe,"earth, oak, red fruit, black fruit, spices, non oak, dried fruit, microbio, floral, vegetal, citrus fruit, tree fruit, tropical fruit","Lamb, Pork, Poultry","Shiraz/Syrah, Mourvedre, Counoise, Cinsaut, Vaccareze, Muscardin"
Luigi Righetti Capitel de Roari Amarone della Valpolicella Classico 1991,Italy,124,4.1,images/Luigi_Righetti_Capitel_de_Roari_Amarone_della_Valp.png,images/bottle_Luigi_Righetti_Capitel_de_Roari_Amarone_del.png,Amarone della Valpolicella Classico,Luigi Righetti,"oak, earth, non oak, red fruit, black fruit, spices, dried fruit, microbio, vegetal, floral, citrus fruit, tree fruit, tropical fruit","Beef, Lamb, Game (deer, venison), Blue cheese","Corvina, Rondinella, Corvinone"
Fèlsina Berardenga Chianti Classico 1990,Italy,124,3.8,images/Flsina_Berardenga_Chianti_Classico_1990.png,images/bottle_Flsina_Berardenga_Chianti_Classico_1990.png,Chianti Classico,Fèlsina,"red fruit, oak, earth, non oak, spices, black fruit, microbio, vegetal, floral, dried fruit, citrus fruit, tree fruit, tropical fruit","Beef, Pasta, Veal, Cured Meat",Sangiovese
Chateau Montelena Napa Valley Cabernet Sauvignon 1975,United States,396,4.3,images/Chateau_Montelena_Napa_Valley_Cabernet_Sauvignon_1.png,images/bottle_Chateau_Montelena_Napa_Valley_Cabernet_Sauv.png,Napa Valley,Chateau Montelena,"oak, black fruit, non oak, red fruit, spices, earth, microbio, vegetal, dried fruit, floral, tree fruit, citrus fruit, tropical fruit","Beef, Lamb, Game (deer, venison), Mature and hard cheese, Poultry",Cabernet Sauvignon
Château Branaire-Ducru Saint-Julien (Grand Cru Classé) 2023,France,45,4.1,images/Chteau_Branaire_Ducru_Saint_Julien_Grand_Cru_Class.png,images/bottle_Chteau_Branaire_Ducru_Saint_Julien_Grand_Cr.png,Saint-Julien,Château Branaire-Ducru,"oak, black fruit, earth, non oak, spices, red fruit, microbio, floral, vegetal, dried fruit, citrus fruit, tree fruit, tropical fruit","Beef, Lamb, Game (deer, venison), Poultry","Cabernet Sauvignon, Cabernet Franc, Malbec, Merlot, Petit Verdot, Carménère"
Château Lascombes Margaux (Grand Cru Classé) 1961,France,679,4.2,images/Chteau_Lascombes_Margaux_Grand_Cru_Class_1961.png,images/bottle_Chteau_Lascombes_Margaux_Grand_Cru_Class_19.png,Margaux,Château Lascombes,"oak, earth, black fruit, non oak, spices, red fruit, microbio, floral, dried fruit, vegetal, citrus fruit, tree fruit, tropical fruit","Beef, Lamb, Game (deer, venison), Poultry","Cabernet Sauvignon, Cabernet Franc, Malbec, Merlot, Petit Verdot, Carménère"
Heitz Cellar Cabernet Sauvignon 1966,United States,689,4.2,images/Heitz_Cellar_Cabernet_Sauvignon_1966.png,images/bottle_Heitz_Cellar_Cabernet_Sauvignon_1966.png,Napa Valley,Heitz Cellar,"oak, black fruit, earth, non oak, spices, red fruit, microbio, floral, vegetal, dried fruit, tree fruit, citrus fruit, tropical fruit","Beef, Lamb, Game (deer, venison), Mature and hard cheese, Poultry",Cabernet Sauvignon
Stags' Leap Petite Sirah 1973,United States,242,4.2,images/Stags_Leap_Petite_Sirah_1973.png,images/bottle_Stags_Leap_Petite_Sirah_1973.png,Napa Valley,Stags' Leap,"black fruit, oak, earth, non oak, spices, red fruit, microbio, dried fruit, floral, vegetal, tree fruit, citrus fruit, tropical fruit","Beef, Lamb, Game (deer, venison)",Petite Sirah
Belle Glos Dairyman Vineyard Pinot Noir 2023,United States,33.99,4.4,images/Belle_Glos_Dairyman_Vineyard_Pinot_Noir_2023.png,images/bottle_Belle_Glos_Dairyman_Vineyard_Pinot_Noir_202.png,Russian River Valley,Belle Glos,"oak, red fruit, non oak, spices, black fruit, earth, microbio, dried fruit, floral, vegetal, tree fruit, citrus fruit, tropical fruit","Veal, Pork, Poultry, Mushrooms",Pinot Noir
Château Pichon Longueville Comtesse de Lalande Réserve (de la Comtesse) Pauillac 2023,France,45,4.1,images/Chteau_Pichon_Longueville_Comtesse_de_Lalande_Rser.png,images/bottle_Chteau_Pichon_Longueville_Comtesse_de_Lalan.png,Pauillac,Château Pichon Longueville Comtesse de Lalande,"oak, black fruit, earth, non oak, spices, red fruit, microbio, floral, vegetal, dried fruit, citrus fruit, tree fruit, tropical fruit","Beef, Lamb, Game (deer, venison), Poultry","Cabernet Sauvignon, Cabernet Franc, Malbec, Merlot, Petit Verdot, Carménère"
Château Prieuré-Lichine Margaux (Grand Cru Classé) 1980,France,186,4.2,images/Chteau_Prieur_Lichine_Margaux_Grand_Cru_Class_1980.png,images/bottle_Chteau_Prieur_Lichine_Margaux_Grand_Cru_Cla.png,Margaux,Château Prieuré-Lichine,"oak, earth, black fruit, non oak, spices, red fruit, microbio, floral, dried fruit, vegetal, citrus fruit, tree fruit, tropical fruit","Beef, Lamb, Game (deer, venison), Poultry","Cabernet Sauvignon, Cabernet Franc, Malbec, Merlot, Petit Verdot, Carménère"
Château Duhart-Milon Pauillac (Grand Cru Classé) 2023,France,68,4.3,images/Chteau_Duhart_Milon_Pauillac_Grand_Cru_Class_2023.png,images/bottle_Chteau_Duhart_Milon_Pauillac_Grand_Cru_Clas.png,Pauillac,Château Duhart-Milon,"oak, earth, black fruit, non oak, spices, red fruit, microbio, floral, vegetal, dried fruit, citrus fruit, tree fruit, tropical fruit","Beef, Lamb, Game (deer, venison), Poultry","Cabernet Sauvignon, Cabernet Franc, Malbec, Merlot, Petit Verdot, Carménère"
R. López de Heredia Viña Bosconia Reserva 1954,Spain,979,4.1,images/R_Lpez_de_Heredia_Via_Bosconia_Reserva_1954.png,images/bottle_R_Lpez_de_Heredia_Via_Bosconia_Reserva_1954.png,Rioja Alta,R. López de Heredia,"oak, earth, red fruit, non oak, spices, black fruit, microbio, dried fruit, citrus fruit, vegetal, floral, tree fruit, tropical fruit","Beef, Lamb, Veal, Poultry","Tempranillo, Graciano, Garnacha"
Château Rauzan-Ségla Margaux (Grand Cru Classé) 2023,France,80,4.3,images/Chteau_Rauzan_Sgla_Margaux_Grand_Cru_Class_2023.png,images/bottle_Chteau_Rauzan_Sgla_Margaux_Grand_Cru_Class_.png,Margaux,Château Rauzan-Ségla,"oak, earth, black fruit, non oak, spices, red fruit, microbio, floral, dried fruit, vegetal, citrus fruit, tree fruit, tropical fruit","Beef, Lamb, Game (deer, venison), Poultry","Cabernet Sauvignon, Cabernet Franc, Malbec, Merlot, Petit Verdot, Carménère"
Château Clerc Milon Pauillac (Grand Cru Classé) 2023,France,74,4.2,images/Chteau_Clerc_Milon_Pauillac_Grand_Cru_Class_2023.png,images/bottle_Chteau_Clerc_Milon_Pauillac_Grand_Cru_Class.png,Pauillac,Château Clerc Milon,"oak, earth, black fruit, non oak, spices, red fruit, microbio, floral, dried fruit, vegetal, citrus fruit, tree fruit, tropical fruit","Beef, Lamb, Game (deer, venison), Poultry","Cabernet Sauvignon, Cabernet Franc, Malbec, Merlot, Petit Verdot, Carménère"
Château La Lagune Haut-Médoc (3éme Grand Cru Classé en 1855) 1973,France,440,4.2,images/Chteau_La_Lagune_Haut_Mdoc_3me_Grand_Cru_Class_en_.png,images/bottle_Chteau_La_Lagune_Haut_Mdoc_3me_Grand_Cru_Cl.png,Haut-Médoc,Château La Lagune,"oak, earth, black fruit, non oak, red fruit, spices, microbio, dried fruit, floral, vegetal, citrus fruit, tree fruit, tropical fruit","Beef, Lamb, Game (deer, venison)","Cabernet Sauvignon, Cabernet Franc, Malbec, Merlot, Petit Verdot, Carménère"
Gaja Dagromis Barolo 2021,Italy,139.99,4.3,images/Gaja_Dagromis_Barolo_2021.png,images/bottle_Gaja_Dagromis_Barolo_2021.png,Barolo,Gaja,"earth, oak, red fruit, non oak, spices, black fruit, microbio, floral, dried fruit, citrus fruit, vegetal, tree fruit, tropical fruit","Beef, Pasta, Lamb, Game (deer, venison)",Nebbiolo
Clos du Marquis Saint-Julien 2022,France,80,4.2,images/Clos_du_Marquis_Saint_Julien_2022.png,images/bottle_Clos_du_Marquis_Saint_Julien_2022.png,Saint-Julien,Clos du Marquis,"oak, black fruit, earth, non oak, spices, red fruit, microbio, floral, dried fruit, vegetal, citrus fruit, tree fruit, tropical fruit","Beef, Lamb, Game (deer, venison), Poultry","Cabernet Sauvignon, Cabernet Franc, Malbec, Merlot, Petit Verdot, Carménère"
Château Troplong Mondot Saint-Émilion Grand Cru (Premier Grand Cru Classé) 2023,France,125,4.3,images/Chteau_Troplong_Mondot_Saint_milion_Grand_Cru_Prem.png,images/bottle_Chteau_Troplong_Mondot_Saint_milion_Grand_C.png,Saint-Émilion Grand Cru,Château Troplong Mondot,"oak, black fruit, earth, non oak, spices, red fruit, microbio, dried fruit, floral, vegetal, citrus fruit, tree fruit, tropical fruit","Beef, Lamb, Game (deer, venison), Poultry","Cabernet Sauvignon, Cabernet Franc, Malbec, Merlot, Petit Verdot, Carménère"
Occhipinti Nero D'Avola - Frappato SP68 2024,Italy,34.99,3.8,images/Occhipinti_Nero_DAvola_Frappato_SP68_2024.png,images/bottle_Occhipinti_Nero_DAvola_Frappato_SP68_2024.png,Terre Siciliane,Occhipinti,"red fruit, earth, oak, black fruit, spices, non oak, floral, microbio, vegetal, citrus fruit, dried fruit, tree fruit, tropical fruit","Beef, Pasta, Lamb","Primitivo, Aglianico, Negroamaro, Nero d'Avola"
Chateau Palmer Alter Ego de Château Palmer 2023,France,80,4.3,images/Chateau_Palmer_Alter_Ego_de_Chteau_Palmer_2023.png,images/bottle_Chateau_Palmer_Alter_Ego_de_Chteau_Palmer_2.png,Margaux,Chateau Palmer,"oak, black fruit, earth, non oak, spices, red fruit, floral, microbio, dried fruit, vegetal, citrus fruit, tree fruit, tropical fruit","Beef, Lamb, Game (deer, venison), Poultry","Cabernet Sauvignon, Cabernet Franc, Malbec, Merlot, Petit Verdot, Carménère"
Isole e Olena Chianti Classico 1990,Italy,110,4,images/Isole_e_Olena_Chianti_Classico_1990.png,images/bottle_Isole_e_Olena_Chianti_Classico_1990.png,Chianti Classico,Isole e Olena,"red fruit, oak, earth, non oak, spices, black fruit, vegetal, microbio, floral, citrus fruit, dried fruit, tree fruit, tropical fruit","Beef, Pasta, Veal, Cured Meat",Sangiovese
Château Cantenac Brown Margaux (Grand Cru Classé) 1961,France,359,4.2,images/Chteau_Cantenac_Brown_Margaux_Grand_Cru_Class_1961.png,images/bottle_Chteau_Cantenac_Brown_Margaux_Grand_Cru_Cla.png,Margaux,Château Cantenac Brown,"oak, black fruit, earth, non oak, spices, red fruit, microbio, floral, vegetal, dried fruit, citrus fruit, tree fruit","Beef, Lamb, Game (deer, venison), Poultry","Cabernet Sauvignon, Cabernet Franc, Malbec, Merlot, Petit Verdot, Carménère"
Beaulieu Vineyard (BV) Napa Valley Cabernet Sauvignon 1970,United States,180,4,images/Beaulieu_Vineyard_BV_Napa_Valley_Cabernet_Sauvigno.png,images/bottle_Beaulieu_Vineyard_BV_Napa_Valley_Cabernet_S.png,Napa Valley,Beaulieu Vineyard (BV),"oak, black fruit, red fruit, non oak, earth, spices, microbio, dried fruit, vegetal, floral, tree fruit, citrus fruit, tropical fruit","Beef, Lamb, Game (deer, venison), Mature and hard cheese, Poultry",Cabernet Sauvignon
Tinazzi Vinum Italicum No 3 Opera,Italy,29.99,4.2,images/Tinazzi_Vinum_Italicum_No_3_Opera.png,images/bottle_Tinazzi_Vinum_Italicum_No_3_Opera.png,Vino d'Italia,Tinazzi,"oak, black fruit, red fruit, non oak, earth, spices, dried fruit, microbio, floral, vegetal, tree fruit, citrus fruit, tropical fruit","Beef, Pasta, Lamb, Veal, Game (deer, venison), Cured Meat",
Speri Vigneto Monte Sant'Urbano Amarone della Valpolicella Classico 2021,Italy,84.99,4.3,images/Speri_Vigneto_Monte_SantUrbano_Amarone_della_Valpo.png,images/bottle_Speri_Vigneto_Monte_SantUrbano_Amarone_dell.png,Amarone della Valpolicella Classico,Speri,"oak, earth, black fruit, red fruit, non oak, dried fruit, spices, microbio, floral, vegetal, citrus fruit, tree fruit, tropical fruit","Beef, Lamb, Game (deer, venison), Blue cheese","Corvina, Rondinella, Corvinone"
Château Ormes de Pez Saint-Estèphe 1979,France,128,4,images/Chteau_Ormes_de_Pez_Saint_Estphe_1979.png,images/bottle_Chteau_Ormes_de_Pez_Saint_Estphe_1979.png,Saint-Estèphe,Château Ormes de Pez,"oak, black fruit, earth, non oak, spices, red fruit, microbio, vegetal, floral, dried fruit, citrus fruit, tree fruit","Beef, Lamb, Game (deer, venison), Poultry","Cabernet Sauvignon, Cabernet Franc, Malbec, Merlot, Petit Verdot, Carménère"
Opus One Overture,United States,135.99,4.5,images/Opus_One_Overture.png,images/bottle_Opus_One_Overture.png,Napa Valley,Opus One,"oak, black fruit, earth, non oak, spices, red fruit, microbio, floral, vegetal, dried fruit, tree fruit, citrus fruit, tropical fruit","Beef, Lamb, Game (deer, venison), Poultry","Cabernet Sauvignon, Cabernet Franc, Malbec, Merlot, Petit Verdot"
Opus One Overture 2018,United States,159.99,4.5,images/Opus_One_Overture_2018.png,images/bottle_Opus_One_Overture_2018.png,Napa Valley,Opus One,"oak, black fruit, earth, non oak, spices, red fruit, microbio, floral, vegetal, dried fruit, tree fruit, citrus fruit, tropical fruit","Beef, Lamb, Game (deer, venison), Poultry","Cabernet Sauvignon, Cabernet Franc, Malbec, Merlot, Petit Verdot"
Penfolds St. Henri Shiraz 1995,Australia,199.99,4.4,images/Penfolds_St_Henri_Shiraz_1995.png,images/bottle_Penfolds_St_Henri_Shiraz_1995.png,South Australia,Penfolds,"oak, black fruit, spices, earth, non oak, red fruit, microbio, dried fruit, floral, vegetal, citrus fruit, tree fruit, tropical fruit","Beef, Lamb, Game (deer, venison)",Shiraz/Syrah
Château Simard Saint-Émilion Grand Cru 1988,France,129,3.9,images/Chteau_Simard_Saint_milion_Grand_Cru_1988.png,images/bottle_Chteau_Simard_Saint_milion_Grand_Cru_1988.png,Saint-Émilion Grand Cru,Château Simard,"oak, earth, black fruit, non oak, red fruit, spices, microbio, dried fruit, floral, vegetal, citrus fruit, tree fruit, tropical fruit","Beef, Lamb, Game (deer, venison), Poultry","Cabernet Sauvignon, Cabernet Franc, Malbec, Merlot, Petit Verdot, Carménère"
Groth Cabernet Sauvignon 1987,United States,158,4.3,images/Groth_Cabernet_Sauvignon_1987.png,images/bottle_Groth_Cabernet_Sauvignon_1987.png,Oakville,Groth,"oak, black fruit, earth, non oak, spices, red fruit, microbio, dried fruit, vegetal, floral, tree fruit, citrus fruit, tropical fruit","Beef, Lamb, Game (deer, venison), Mature and hard cheese, Poultry",Cabernet Sauvignon
Susana Balbo Signature Brioso 2024,Argentina,26.99,4.2,images/Susana_Balbo_Signature_Brioso_2024.png,images/bottle_Susana_Balbo_Signature_Brioso_2024.png,Agrelo,Susana Balbo,"oak, black fruit, non oak, earth, spices, red fruit, microbio, floral, dried fruit, vegetal, citrus fruit, tree fruit, tropical fruit","Beef, Pasta, Lamb, Poultry","Cabernet Sauvignon, Cabernet Franc, Malbec, Merlot, Petit Verdot, Carménère"
The Prisoner Red Blend 2017,United States,89.99,4.4,images/The_Prisoner_Red_Blend_2017.png,images/bottle_The_Prisoner_Red_Blend_2017.png,California,The Prisoner,"oak, black fruit, non oak, spices, red fruit, earth, dried fruit, microbio, floral, vegetal, citrus fruit, tree fruit, tropical fruit","Beef, Lamb, Veal, Poultry","Shiraz/Syrah, Cabernet Sauvignon, Merlot, Zinfandel"
Château Margaux Pavillon Rouge du Château Margaux 1979,France,288,4.4,images/Chteau_Margaux_Pavillon_Rouge_du_Chteau_Margaux_19.png,images/bottle_Chteau_Margaux_Pavillon_Rouge_du_Chteau_Mar.png,Margaux,Château Margaux,"oak, earth, black fruit, non oak, red fruit, spices, microbio, floral, dried fruit, vegetal, citrus fruit, tree fruit, tropical fruit","Beef, Lamb, Game (deer, venison), Poultry","Cabernet Sauvignon, Cabernet Franc, Malbec, Merlot, Petit Verdot, Carménère"
Château Malescot St. Exupery Margaux (Grand Cru Classé) 1976,France,108,4.2,images/Chteau_Malescot_St_Exupery_Margaux_Grand_Cru_Class.png,images/bottle_Chteau_Malescot_St_Exupery_Margaux_Grand_Cr.png,Margaux,Château Malescot St. Exupery,"oak, earth, black fruit, non oak, red fruit, spices, microbio, floral, dried fruit, vegetal, citrus fruit, tree fruit, tropical fruit","Beef, Lamb, Game (deer, venison), Poultry","Cabernet Sauvignon, Cabernet Franc, Malbec, Merlot, Petit Verdot, Carménère"
Château La Mission Haut-Brion Pessac-Léognan (Grand Cru Classé de Graves) 2023,France,235,4.5,images/Chteau_La_Mission_Haut_Brion_Pessac_Lognan_Grand_C.png,images/bottle_Chteau_La_Mission_Haut_Brion_Pessac_Lognan_.png,Pessac-Léognan,Château La Mission Haut-Brion,"oak, earth, non oak, black fruit, red fruit, spices, microbio, dried fruit, floral, vegetal, citrus fruit, tree fruit, tropical fruit","Beef, Lamb, Game (deer, venison), Poultry","Cabernet Sauvignon, Cabernet Franc, Malbec, Merlot, Petit Verdot, Carménère"
Château Gruaud Larose Sarget de Gruaud Larose Saint-Julien 2022,France,30,4,images/Chteau_Gruaud_Larose_Sarget_de_Gruaud_Larose_Saint.png,images/bottle_Chteau_Gruaud_Larose_Sarget_de_Gruaud_Laros.png,Saint-Julien,Château Gruaud Larose,"oak, earth, black fruit, non oak, red fruit, spices, microbio, dried fruit, vegetal, floral, citrus fruit, tree fruit, tropical fruit","Beef, Lamb, Game (deer, venison), Poultry","Cabernet Sauvignon, Cabernet Franc, Malbec, Merlot, Petit Verdot, Carménère"
Ridge Vineyards Geyserville 1991,United States,199,4.2,images/Ridge_Vineyards_Geyserville_1991.png,images/bottle_Ridge_Vineyards_Geyserville_1991.png,Alexander Valley,Ridge Vineyards,"oak, black fruit, red fruit, non oak, spices, earth, dried fruit, microbio, floral, vegetal, tree fruit, citrus fruit, tropical fruit","Beef, Lamb, Veal, Poultry","Shiraz/Syrah, Cabernet Sauvignon, Merlot, Zinfandel"
Château Belgrave Haut-Médoc (Grand Cru Classé) 2023,France,25,4,images/Chteau_Belgrave_Haut_Mdoc_Grand_Cru_Class_2023.png,images/bottle_Chteau_Belgrave_Haut_Mdoc_Grand_Cru_Class_2.png,Haut-Médoc,Château Belgrave,"oak, black fruit, earth, non oak, spices, red fruit, microbio, vegetal, floral, dried fruit, citrus fruit, tree fruit, tropical fruit","Beef, Lamb, Game (deer, venison)","Cabernet Sauvignon, Cabernet Franc, Malbec, Merlot, Petit Verdot, Carménère"
Mount Veeder Winery Cabernet Sauvignon 1978,United States,520,4.1,images/Mount_Veeder_Winery_Cabernet_Sauvignon_1978.png,images/bottle_Mount_Veeder_Winery_Cabernet_Sauvignon_1978.png,Napa Valley,Mount Veeder Winery,"oak, black fruit, earth, non oak, red fruit, spices, microbio, dried fruit, vegetal, floral, citrus fruit, tree fruit, tropical fruit","Beef, Lamb, Game (deer, venison), Mature and hard cheese, Poultry",Cabernet Sauvignon
Willamette Valley Vineyards Whole Cluster Pinot Noir 2008,United States,32.84,4.1,images/Willamette_Valley_Vineyards_Whole_Cluster_Pinot_No.png,images/bottle_Willamette_Valley_Vineyards_Whole_Cluster_P.png,Willamette Valley,Willamette Valley Vineyards,"red fruit, oak, earth, non oak, spices, black fruit, microbio, dried fruit, vegetal, floral, citrus fruit, tree fruit, tropical fruit","Beef, Veal, Game (deer, venison), Poultry",Pinot Noir
Clos du Val Cabernet Sauvignon 1977,United States,260,4.1,images/Clos_du_Val_Cabernet_Sauvignon_1977.png,images/bottle_Clos_du_Val_Cabernet_Sauvignon_1977.png,Napa Valley,Clos du Val,"oak, black fruit, earth, non oak, spices, red fruit, microbio, dried fruit, floral, vegetal, citrus fruit, tree fruit, tropical fruit","Beef, Lamb, Game (deer, venison), Mature and hard cheese, Poultry",Cabernet Sauvignon
Troublemaker Red Blend,United States,14.99,3.8,images/Troublemaker_Red_Blend.png,images/bottle_Troublemaker_Red_Blend.png,Paso Robles,Troublemaker,"oak, non oak, spices, black fruit, earth, red fruit, microbio, dried fruit, floral, vegetal, tree fruit, citrus fruit, tropical fruit","Beef, Lamb, Veal, Poultry","Shiraz/Syrah, Cabernet Sauvignon, Merlot, Zinfandel"
Château Meyney Saint-Estèphe 1966,France,230,4,images/Chteau_Meyney_Saint_Estphe_1966.png,images/bottle_Chteau_Meyney_Saint_Estphe_1966.png,Saint-Estèphe,Château Meyney,"oak, black fruit, earth, non oak, spices, red fruit, microbio, dried fruit, vegetal, floral, citrus fruit, tree fruit, tropical fruit","Beef, Lamb, Game (deer, venison), Poultry","Cabernet Sauvignon, Cabernet Franc, Malbec, Merlot, Petit Verdot, Carménère"
Masi Nectar Costasera Amarone della Valpolicella Classico 1995,Italy,147,4,images/Masi_Nectar_Costasera_Amarone_della_Valpolicella_C.png,images/bottle_Masi_Nectar_Costasera_Amarone_della_Valpoli.png,Amarone della Valpolicella Classico,Masi,"oak, red fruit, non oak, black fruit, spices, earth, dried fruit, microbio, vegetal, floral, tree fruit, citrus fruit","Beef, Lamb, Game (deer, venison), Blue cheese","Corvina, Rondinella, Corvinone"
Roscato Rosso Dolce – Sweet Red,Italy,10.99,4.2,images/Roscato_Rosso_Dolce_Sweet_Red.png,images/bottle_Roscato_Rosso_Dolce_Sweet_Red.png,Provincia di Pavia,Roscato,"red fruit, black fruit, oak, microbio, earth, dried fruit, non oak, spices, tree fruit, citrus fruit, floral, vegetal, tropical fruit","Beef, Pasta, Lamb, Game (deer, venison)","Nebbiolo, Barbera, Dolcetto"
Yellow Tail Merlot 2024,Australia,11.69,3.3,images/Yellow_Tail_Merlot_2024.png,images/bottle_Yellow_Tail_Merlot_2024.png,South Eastern Australia,Yellow Tail,"oak, black fruit, spices, non oak, red fruit, earth, microbio, dried fruit, vegetal, tree fruit, citrus fruit, floral, tropical fruit","Beef, Lamb, Veal",Merlot
Château Haut-Bailly Château Haut-Bailly (Cru Classé de Graves) 2023,France,125,4.2,images/Chteau_Haut_Bailly_Chteau_Haut_Bailly_Cru_Class_de.png,images/bottle_Chteau_Haut_Bailly_Chteau_Haut_Bailly_Cru_C.png,Pessac-Léognan,Château Haut-Bailly,"oak, earth, black fruit, non oak, red fruit, spices, microbio, floral, dried fruit, vegetal, citrus fruit, tree fruit, tropical fruit","Beef, Lamb, Game (deer, venison), Poultry","Cabernet Sauvignon, Cabernet Franc, Malbec, Merlot, Petit Verdot, Carménère"
Château Montrose La Dame de Montrose Saint-Estèphe 2023,France,35,4,images/Chteau_Montrose_La_Dame_de_Montrose_Saint_Estphe_2.png,images/bottle_Chteau_Montrose_La_Dame_de_Montrose_Saint_E.png,Saint-Estèphe,Château Montrose,"oak, black fruit, earth, non oak, red fruit, spices, microbio, floral, vegetal, dried fruit, citrus fruit, tree fruit, tropical fruit","Beef, Lamb, Game (deer, venison), Poultry","Cabernet Sauvignon, Cabernet Franc, Malbec, Merlot, Petit Verdot, Carménère"
Château Maucaillou Moulis-en-Médoc 1966,France,175,3.9,images/Chteau_Maucaillou_Moulis_en_Mdoc_1966.png,images/bottle_Chteau_Maucaillou_Moulis_en_Mdoc_1966.png,Moulis-en-Médoc,Château Maucaillou,"oak, earth, black fruit, non oak, spices, red fruit, microbio, vegetal, floral, dried fruit, citrus fruit, tree fruit, tropical fruit","Beef, Lamb, Game (deer, venison)","Cabernet Sauvignon, Cabernet Franc, Malbec, Merlot, Petit Verdot, Carménère"
Napa Cellars Cabernet Sauvignon 2006,United States,45.99,3.9,images/Napa_Cellars_Cabernet_Sauvignon_2006.png,images/bottle_Napa_Cellars_Cabernet_Sauvignon_2006.png,Napa Valley,Napa Cellars,"oak, black fruit, non oak, earth, spices, red fruit, microbio, floral, dried fruit, vegetal, citrus fruit, tree fruit, tropical fruit","Beef, Lamb, Game (deer, venison), Mature and hard cheese, Poultry",Cabernet Sauvignon
Ruffino Riserva Ducale Oro Chianti Classico (Gran Selezione Gold) 1962,Italy,378,4,images/Ruffino_Riserva_Ducale_Oro_Chianti_Classico_Gran_S.png,images/bottle_Ruffino_Riserva_Ducale_Oro_Chianti_Classico.png,Chianti Classico,Ruffino,"oak, red fruit, earth, non oak, black fruit, spices, microbio, floral, dried fruit, vegetal, citrus fruit, tree fruit","Beef, Pasta, Veal, Cured Meat",Sangiovese
Château Lafite Rothschild Carruades de Lafite Pauillac 2023,France,175,4.4,images/Chteau_Lafite_Rothschild_Carruades_de_Lafite_Pauil.png,images/bottle_Chteau_Lafite_Rothschild_Carruades_de_Lafit.png,Pauillac,Château Lafite Rothschild,"oak, earth, non oak, black fruit, red fruit, spices, microbio, floral, vegetal, dried fruit, citrus fruit, tree fruit, tropical fruit","Beef, Lamb, Game (deer, venison), Poultry","Cabernet Sauvignon, Cabernet Franc, Malbec, Merlot, Petit Verdot, Carménère"
Château La Conseillante Pomerol 1964,France,335,4.4,images/Chteau_La_Conseillante_Pomerol_1964.png,images/bottle_Chteau_La_Conseillante_Pomerol_1964.png,Pomerol,Château La Conseillante,"oak, earth, black fruit, non oak, red fruit, spices, microbio, floral, dried fruit, vegetal, citrus fruit, tree fruit, tropical fruit","Beef, Lamb, Game (deer, venison), Poultry","Cabernet Sauvignon, Cabernet Franc, Malbec, Merlot, Petit Verdot, Carménère"
Château Canon Saint-Émilion Grand Cru (Premier Grand Cru Classé) 1979,France,248,4.3,images/Chteau_Canon_Saint_milion_Grand_Cru_Premier_Grand_.png,images/bottle_Chteau_Canon_Saint_milion_Grand_Cru_Premier.png,Saint-Émilion Grand Cru,Château Canon,"oak, black fruit, earth, non oak, red fruit, spices, microbio, dried fruit, floral, vegetal, citrus fruit, tree fruit, tropical fruit","Beef, Lamb, Game (deer, venison), Poultry","Cabernet Sauvignon, Cabernet Franc, Malbec, Merlot, Petit Verdot, Carménère"
Château Haut-Batailley Pauillac (Grand Cru Classé) 1964,France,360,4.1,images/Chteau_Haut_Batailley_Pauillac_Grand_Cru_Class_196.png,images/bottle_Chteau_Haut_Batailley_Pauillac_Grand_Cru_Cl.png,Pauillac,Château Haut-Batailley,"oak, earth, black fruit, non oak, spices, red fruit, microbio, floral, vegetal, dried fruit, citrus fruit, tree fruit, tropical fruit","Beef, Lamb, Game (deer, venison), Poultry","Cabernet Sauvignon, Cabernet Franc, Malbec, Merlot, Petit Verdot, Carménère"
Sebastiani Sonoma County Cabernet Sauvignon 1970,United States,165,3.9,images/Sebastiani_Sonoma_County_Cabernet_Sauvignon_1970.png,images/bottle_Sebastiani_Sonoma_County_Cabernet_Sauvignon.png,Sonoma County,Sebastiani,"oak, black fruit, red fruit, non oak, spices, earth, microbio, dried fruit, floral, vegetal, citrus fruit, tree fruit, tropical fruit","Beef, Lamb, Game (deer, venison)",Cabernet Sauvignon
Beaulieu Vineyard (BV) Georges De Latour Private Reserve Cabernet Sauvignon 1960,United States,830,4.4,images/Beaulieu_Vineyard_BV_Georges_De_Latour_Private_Res.png,images/bottle_Beaulieu_Vineyard_BV_Georges_De_Latour_Priv.png,Napa Valley,Beaulieu Vineyard (BV),"oak, black fruit, earth, non oak, spices, red fruit, microbio, dried fruit, floral, vegetal, citrus fruit, tree fruit, tropical fruit","Beef, Lamb, Game (deer, venison), Mature and hard cheese, Poultry",Cabernet Sauvignon
Pine Ridge Napa Valley Cabernet Sauvignon 1991,United States,269,4.3,images/Pine_Ridge_Napa_Valley_Cabernet_Sauvignon_1991.png,images/bottle_Pine_Ridge_Napa_Valley_Cabernet_Sauvignon_1.png,Napa Valley,Pine Ridge,"oak, black fruit, non oak, spices, red fruit, earth, microbio, dried fruit, vegetal, floral, tree fruit, citrus fruit, tropical fruit","Beef, Lamb, Game (deer, venison), Mature and hard cheese, Poultry",Cabernet Sauvignon
Terre del Barolo Barolo 1985,Italy,155,3.8,images/Terre_del_Barolo_Barolo_1985.png,images/bottle_Terre_del_Barolo_Barolo_1985.png,Barolo,Terre del Barolo,"oak, earth, red fruit, non oak, spices, black fruit, microbio, floral, dried fruit, citrus fruit, vegetal, tree fruit","Beef, Pasta, Lamb, Game (deer, venison)",Nebbiolo
Paul Jaboulet Aîné Crozes-Hermitage Domaine de Thalabert 1989,France,167,4,images/Paul_Jaboulet_An_Crozes_Hermitage_Domaine_de_Thala.png,images/bottle_Paul_Jaboulet_An_Crozes_Hermitage_Domaine_d.png,Crozes-Hermitage,Paul Jaboulet Aîné,"black fruit, oak, earth, spices, non oak, red fruit, microbio, floral, dried fruit, vegetal, citrus fruit, tree fruit, tropical fruit","Beef, Lamb, Game (deer, venison), Poultry",Shiraz/Syrah
Château Greysac Médoc 1975,France,99,3.8,images/Chteau_Greysac_Mdoc_1975.png,images/bottle_Chteau_Greysac_Mdoc_1975.png,Médoc,Château Greysac,"oak, earth, black fruit, non oak, red fruit, spices, microbio, vegetal, dried fruit, floral, citrus fruit, tree fruit, tropical fruit","Beef, Lamb, Game (deer, venison), Poultry","Cabernet Sauvignon, Cabernet Franc, Malbec, Merlot, Petit Verdot, Carménère"
Château Coufran Haut-Médoc 1975,France,129,3.7,images/Chteau_Coufran_Haut_Mdoc_1975.png,images/bottle_Chteau_Coufran_Haut_Mdoc_1975.png,Haut-Médoc,Château Coufran,"oak, earth, black fruit, non oak, spices, red fruit, microbio, dried fruit, vegetal, floral, citrus fruit, tree fruit, tropical fruit","Beef, Lamb, Game (deer, venison)","Cabernet Sauvignon, Cabernet Franc, Malbec, Merlot, Petit Verdot, Carménère"
Château Langoa Barton Saint-Julien (Grand Cru Classé) 2023,France,40,4.2,images/Chteau_Langoa_Barton_Saint_Julien_Grand_Cru_Class_.png,images/bottle_Chteau_Langoa_Barton_Saint_Julien_Grand_Cru.png,Saint-Julien,Château Langoa Barton,"oak, black fruit, earth, non oak, spices, red fruit, microbio, floral, dried fruit, vegetal, citrus fruit, tree fruit, tropical fruit","Beef, Lamb, Game (deer, venison), Poultry","Cabernet Sauvignon, Cabernet Franc, Malbec, Merlot, Petit Verdot, Carménère"
Château Ducru-Beaucaillou Croix de Beaucaillou Saint-Julien 2023,France,40,4.2,images/Chteau_Ducru_Beaucaillou_Croix_de_Beaucaillou_Sain.png,images/bottle_Chteau_Ducru_Beaucaillou_Croix_de_Beaucaill.png,Saint-Julien,Château Ducru-Beaucaillou,"oak, black fruit, earth, non oak, spices, red fruit, microbio, vegetal, dried fruit, floral, tree fruit, citrus fruit, tropical fruit","Beef, Lamb, Game (deer, venison), Poultry","Cabernet Sauvignon, Cabernet Franc, Malbec, Merlot, Petit Verdot, Carménère"
Vega Sicilia Unico Reserva Especial Edición,Spain,729.99,4.7,images/Vega_Sicilia_Unico_Reserva_Especial_Edicin.png,images/bottle_Vega_Sicilia_Unico_Reserva_Especial_Edicin.png,Ribera del Duero,Vega Sicilia,"oak, non oak, earth, black fruit, spices, red fruit, microbio, dried fruit, floral, citrus fruit, vegetal, tree fruit, tropical fruit","Beef, Lamb, Game (deer, venison)",Tempranillo
Chappellet Signature Cabernet Sauvignon 1982,United States,398,4.3,images/Chappellet_Signature_Cabernet_Sauvignon_1982.png,images/bottle_Chappellet_Signature_Cabernet_Sauvignon_198.png,Napa Valley,Chappellet,"oak, black fruit, non oak, earth, spices, red fruit, microbio, dried fruit, floral, vegetal, tree fruit, citrus fruit, tropical fruit","Beef, Lamb, Game (deer, venison), Mature and hard cheese, Poultry",Cabernet Sauvignon
Château Latour Les Forts de Latour Pauillac 1966,France,489,4.4,images/Chteau_Latour_Les_Forts_de_Latour_Pauillac_1966.png,images/bottle_Chteau_Latour_Les_Forts_de_Latour_Pauillac_.png,Pauillac,Château Latour,"oak, earth, black fruit, non oak, spices, red fruit, microbio, floral, vegetal, dried fruit, citrus fruit, tree fruit, tropical fruit","Beef, Lamb, Game (deer, venison), Poultry","Cabernet Sauvignon, Cabernet Franc, Malbec, Merlot, Petit Verdot, Carménère"
Château Beau-Sejour Becot Saint-Émilion Grand Cru (Premier Grand Cru Classé) 2023,France,62,4.2,images/Chteau_Beau_Sejour_Becot_Saint_milion_Grand_Cru_Pr.png,images/bottle_Chteau_Beau_Sejour_Becot_Saint_milion_Grand.png,Saint-Émilion Grand Cru,Château Beau-Sejour Becot,"oak, black fruit, earth, non oak, spices, red fruit, microbio, dried fruit, floral, vegetal, citrus fruit, tree fruit, tropical fruit","Beef, Lamb, Game (deer, venison), Poultry","Cabernet Sauvignon, Cabernet Franc, Malbec, Merlot, Petit Verdot, Carménère"
Château Gazin Pomerol 1952,France,695,4.2,images/Chteau_Gazin_Pomerol_1952.png,images/bottle_Chteau_Gazin_Pomerol_1952.png,Pomerol,Château Gazin,"oak, earth, black fruit, non oak, spices, red fruit, microbio, floral, vegetal, dried fruit, citrus fruit, tree fruit, tropical fruit","Beef, Lamb, Game (deer, venison), Poultry","Cabernet Sauvignon, Cabernet Franc, Malbec, Merlot, Petit Verdot, Carménère"
Grgich Hills Cabernet Sauvignon 1980,United States,179,4.2,images/Grgich_Hills_Cabernet_Sauvignon_1980.png,images/bottle_Grgich_Hills_Cabernet_Sauvignon_1980.png,Napa Valley,Grgich Hills,"oak, black fruit, earth, non oak, spices, red fruit, microbio, dried fruit, vegetal, floral, tree fruit, citrus fruit, tropical fruit","Beef, Lamb, Game (deer, venison), Mature and hard cheese, Poultry",Cabernet Sauvignon
Trefethen Cabernet Sauvignon 1999,United States,189,4.2,images/Trefethen_Cabernet_Sauvignon_1999.png,images/bottle_Trefethen_Cabernet_Sauvignon_1999.png,Oak Knoll District,Trefethen,"oak, black fruit, earth, non oak, spices, red fruit, microbio, vegetal, dried fruit, floral, tree fruit, citrus fruit","Beef, Lamb, Game (deer, venison), Mature and hard cheese, Poultry",Cabernet Sauvignon
Beringer Private Reserve Cabernet Sauvignon 1983,United States,194,4.4,images/Beringer_Private_Reserve_Cabernet_Sauvignon_1983.png,images/bottle_Beringer_Private_Reserve_Cabernet_Sauvignon.png,Napa Valley,Beringer,"oak, black fruit, earth, non oak, spices, red fruit, microbio, dried fruit, floral, vegetal, tree fruit, citrus fruit, tropical fruit","Beef, Lamb, Game (deer, venison), Mature and hard cheese, Poultry",Cabernet Sauvignon
Tenute Silvio Nardi Brunello di Montalcino 2020,Italy,76.99,4.1,images/Tenute_Silvio_Nardi_Brunello_di_Montalcino_2020.png,images/bottle_Tenute_Silvio_Nardi_Brunello_di_Montalcino_.png,Brunello di Montalcino,Tenute Silvio Nardi,"oak, earth, red fruit, non oak, spices, black fruit, microbio, dried fruit, vegetal, floral, citrus fruit, tree fruit","Beef, Lamb, Game (deer, venison), Poultry",Sangiovese
Chateau Montelena The Montelena Estate Cabernet Sauvignon 1983,United States,1000,4.5,images/Chateau_Montelena_The_Montelena_Estate_Cabernet_Sa.png,images/bottle_Chateau_Montelena_The_Montelena_Estate_Cabe.png,Calistoga,Chateau Montelena,"oak, black fruit, earth, non oak, red fruit, spices, microbio, dried fruit, floral, vegetal, citrus fruit, tree fruit, tropical fruit","Beef, Lamb, Game (deer, venison), Mature and hard cheese, Poultry",Cabernet Sauvignon
Stag's Leap Wine Cellars FAY Cabernet Sauvignon 1989,United States,285,4.5,images/Stags_Leap_Wine_Cellars_FAY_Cabernet_Sauvignon_198.png,images/bottle_Stags_Leap_Wine_Cellars_FAY_Cabernet_Sauvig.png,Napa Valley,Stag's Leap Wine Cellars,"oak, black fruit, non oak, earth, spices, red fruit, microbio, floral, dried fruit, vegetal, tree fruit, citrus fruit, tropical fruit","Beef, Lamb, Game (deer, venison), Mature and hard cheese, Poultry",Cabernet Sauvignon
Orin Swift Mercury Head Cabernet Sauvignon 2023,United States,169.99,4.6,images/Orin_Swift_Mercury_Head_Cabernet_Sauvignon_2023.png,images/bottle_Orin_Swift_Mercury_Head_Cabernet_Sauvignon_.png,Napa Valley,Orin Swift,"oak, black fruit, non oak, earth, spices, red fruit, microbio, dried fruit, floral, vegetal, tree fruit, citrus fruit, tropical fruit","Beef, Lamb, Game (deer, venison), Mature and hard cheese, Poultry",Cabernet Sauvignon
Chimney Rock Cabernet Sauvignon 2022,United States,99.99,4.4,images/Chimney_Rock_Cabernet_Sauvignon_2022.png,images/bottle_Chimney_Rock_Cabernet_Sauvignon_2022.png,Stags Leap District,Chimney Rock,"oak, black fruit, non oak, earth, spices, red fruit, microbio, dried fruit, vegetal, floral, tree fruit, citrus fruit, tropical fruit","Beef, Lamb, Game (deer, venison), Mature and hard cheese, Poultry",Cabernet Sauvignon
Freemark Abbey Cabernet Sauvignon 1976,United States,197,4.2,images/Freemark_Abbey_Cabernet_Sauvignon_1976.png,images/bottle_Freemark_Abbey_Cabernet_Sauvignon_1976.png,Napa Valley,Freemark Abbey,"oak, black fruit, non oak, earth, red fruit, spices, microbio, vegetal, dried fruit, floral, citrus fruit, tree fruit, tropical fruit","Beef, Lamb, Game (deer, venison), Mature and hard cheese, Poultry",Cabernet Sauvignon
Vieux Château Certan Pomerol 2023,France,239,4.4,images/Vieux_Chteau_Certan_Pomerol_2023.png,images/bottle_Vieux_Chteau_Certan_Pomerol_2023.png,Pomerol,Vieux Château Certan,"oak, earth, black fruit, non oak, red fruit, spices, microbio, floral, dried fruit, vegetal, citrus fruit, tree fruit","Beef, Lamb, Game (deer, venison), Poultry","Cabernet Sauvignon, Cabernet Franc, Malbec, Merlot, Petit Verdot, Carménère"
Château Monbousquet Saint-Émilion Grand Cru 2022,France,56,4.2,images/Chteau_Monbousquet_Saint_milion_Grand_Cru_2022.png,images/bottle_Chteau_Monbousquet_Saint_milion_Grand_Cru_2.png,Saint-Émilion Grand Cru,Château Monbousquet,"oak, earth, black fruit, non oak, spices, red fruit, microbio, dried fruit, floral, vegetal, tree fruit, citrus fruit, tropical fruit","Beef, Lamb, Game (deer, venison), Poultry","Cabernet Sauvignon, Cabernet Franc, Malbec, Merlot, Petit Verdot, Carménère"
Bread & Butter Pinot Noir 2021,United States,13.99,4,images/Bread_Butter_Pinot_Noir_2021.png,images/bottle_Bread_Butter_Pinot_Noir_2021.png,Napa Valley,Bread & Butter,"oak, non oak, red fruit, spices, microbio, earth, black fruit, dried fruit, vegetal, floral, citrus fruit, tree fruit, tropical fruit","Beef, Veal, Game (deer, venison), Poultry",Pinot Noir
Paolo Scavino Barolo 1990,Italy,186,4.1,images/Paolo_Scavino_Barolo_1990.png,images/bottle_Paolo_Scavino_Barolo_1990.png,Barolo,Paolo Scavino,"oak, red fruit, earth, non oak, spices, black fruit, floral, microbio, vegetal, dried fruit, citrus fruit, tree fruit, tropical fruit","Beef, Pasta, Lamb, Game (deer, venison)",Nebbiolo
Antinori Tignanello 2013,Italy,195,4.5,images/Antinori_Tignanello_2013.png,images/bottle_Antinori_Tignanello_2013.png,Toscana,Antinori,"oak, earth, black fruit, non oak, red fruit, spices, microbio, dried fruit, floral, vegetal, citrus fruit, tree fruit, tropical fruit","Beef, Lamb, Veal, Poultry, Cured Meat","Cabernet Sauvignon, Merlot, Sangiovese, Canaiolo Nero"
Caprili Brunello di Montalcino 1990,Italy,115,4.3,images/Caprili_Brunello_di_Montalcino_1990.png,images/bottle_Caprili_Brunello_di_Montalcino_1990.png,Brunello di Montalcino,Caprili,"oak, earth, red fruit, non oak, black fruit, spices, microbio, dried fruit, floral, vegetal, citrus fruit, tree fruit","Beef, Lamb, Game (deer, venison), Poultry",Sangiovese
Château l'Évangile Pomerol 2022,France,285,4.5,images/Chteau_lvangile_Pomerol_2022.png,images/bottle_Chteau_lvangile_Pomerol_2022.png,Pomerol,Château l'Évangile,"oak, earth, black fruit, non oak, red fruit, spices, microbio, floral, dried fruit, vegetal, citrus fruit, tree fruit","Beef, Lamb, Game (deer, venison), Poultry","Cabernet Sauvignon, Cabernet Franc, Malbec, Merlot, Petit Verdot, Carménère"
Carson Ridge Cabernet Sauvignon 2023,United States,14.97,3.7,images/Carson_Ridge_Cabernet_Sauvignon_2023.png,images/bottle_Carson_Ridge_Cabernet_Sauvignon_2023.png,Paso Robles,Carson Ridge,"oak, black fruit, red fruit, non oak, spices, earth, microbio, dried fruit, vegetal, tree fruit, citrus fruit, floral, tropical fruit","Beef, Lamb, Game (deer, venison)",Cabernet Sauvignon
Sterling Vineyards Napa Valley Cabernet Sauvignon 2021,United States,26.99,3.9,images/Sterling_Vineyards_Napa_Valley_Cabernet_Sauvignon_.png,images/bottle_Sterling_Vineyards_Napa_Valley_Cabernet_Sau.png,Napa Valley,Sterling Vineyards,"oak, black fruit, non oak, red fruit, spices, earth, microbio, dried fruit, vegetal, tree fruit, floral, citrus fruit, tropical fruit","Beef, Lamb, Game (deer, venison), Mature and hard cheese, Poultry",Cabernet Sauvignon
Ceretto Barolo 1964,Italy,489,4.1,images/Ceretto_Barolo_1964.png,images/bottle_Ceretto_Barolo_1964.png,Barolo,Ceretto,"oak, earth, red fruit, non oak, spices, black fruit, microbio, floral, dried fruit, vegetal, citrus fruit, tree fruit, tropical fruit","Beef, Pasta, Lamb, Game (deer, venison)",Nebbiolo
Château de Rochemorin Pessac-Léognan Rouge 1990,France,69,3.9,images/Chteau_de_Rochemorin_Pessac_Lognan_Rouge_1990.png,images/bottle_Chteau_de_Rochemorin_Pessac_Lognan_Rouge_19.png,Pessac-Léognan,Château de Rochemorin,"oak, earth, non oak, black fruit, red fruit, spices, citrus fruit, microbio, tree fruit, vegetal, tropical fruit, dried fruit, floral","Beef, Lamb, Game (deer, venison), Poultry","Cabernet Sauvignon, Cabernet Franc, Malbec, Merlot, Petit Verdot, Carménère"
Château Nénin Pomerol 1961,France,285,4.1,images/Chteau_Nnin_Pomerol_1961.png,images/bottle_Chteau_Nnin_Pomerol_1961.png,Pomerol,Château Nénin,"oak, black fruit, earth, non oak, red fruit, spices, microbio, dried fruit, floral, vegetal, citrus fruit, tree fruit, tropical fruit","Beef, Lamb, Game (deer, venison), Poultry","Cabernet Sauvignon, Cabernet Franc, Malbec, Merlot, Petit Verdot, Carménère"
Elk Cove Estate Pinot Noir 2006,United States,45.7,4,images/Elk_Cove_Estate_Pinot_Noir_2006.png,images/bottle_Elk_Cove_Estate_Pinot_Noir_2006.png,Willamette Valley,Elk Cove,"red fruit, oak, earth, non oak, spices, black fruit, microbio, floral, tree fruit, citrus fruit, vegetal, dried fruit, tropical fruit","Beef, Veal, Game (deer, venison), Poultry",Pinot Noir
Joel Gott Zinfandel 2006,United States,22.84,3.8,images/Joel_Gott_Zinfandel_2006.png,images/bottle_Joel_Gott_Zinfandel_2006.png,California,Joel Gott,"oak, black fruit, red fruit, spices, non oak, earth, dried fruit, microbio, vegetal, citrus fruit, tree fruit, floral, tropical fruit","Beef, Lamb, Poultry",Zinfandel
Villa Poggio Salvi Brunello di Montalcino 1990,Italy,250,4,images/Villa_Poggio_Salvi_Brunello_di_Montalcino_1990.png,images/bottle_Villa_Poggio_Salvi_Brunello_di_Montalcino_1.png,Brunello di Montalcino,Villa Poggio Salvi,"oak, red fruit, earth, non oak, spices, black fruit, microbio, floral, dried fruit, vegetal, citrus fruit, tree fruit","Beef, Lamb, Game (deer, venison), Poultry",Sangiovese
Château Saint-Pierre Saint-Julien (Grand Cru Classé) 1983,France,159,4.1,images/Chteau_Saint_Pierre_Saint_Julien_Grand_Cru_Class_1.png,images/bottle_Chteau_Saint_Pierre_Saint_Julien_Grand_Cru_.png,Saint-Julien,Château Saint-Pierre,"oak, black fruit, earth, non oak, spices, red fruit, microbio, floral, dried fruit, vegetal, citrus fruit, tree fruit, tropical fruit","Beef, Lamb, Game (deer, venison), Poultry","Cabernet Sauvignon, Cabernet Franc, Malbec, Merlot, Petit Verdot, Carménère"
Castellare Toscana I Sodi di San Niccolo 1985,Italy,405.13,4.3,images/Castellare_Toscana_I_Sodi_di_San_Niccolo_1985.png,images/bottle_Castellare_Toscana_I_Sodi_di_San_Niccolo_19.png,Toscana,Castellare,"oak, earth, red fruit, non oak, black fruit, spices, floral, microbio, dried fruit, vegetal, citrus fruit, tree fruit, tropical fruit","Beef, Lamb, Veal, Poultry, Cured Meat","Cabernet Sauvignon, Merlot, Sangiovese, Canaiolo Nero"
Austin Hope Austin Paso Robles Cabernet Sauvignon,United States,18.99,4.2,images/Austin_Hope_Austin_Paso_Robles_Cabernet_Sauvignon.png,images/bottle_Austin_Hope_Austin_Paso_Robles_Cabernet_Sau.png,Paso Robles,Austin Hope,"oak, black fruit, non oak, spices, red fruit, earth, dried fruit, microbio, floral, vegetal, tree fruit, citrus fruit, tropical fruit","Beef, Lamb, Game (deer, venison)",Cabernet Sauvignon
Château du Glana Saint-Julien 1976,France,118,3.9,images/Chteau_du_Glana_Saint_Julien_1976.png,images/bottle_Chteau_du_Glana_Saint_Julien_1976.png,Saint-Julien,Château du Glana,"oak, earth, black fruit, non oak, red fruit, spices, microbio, vegetal, floral, dried fruit, tree fruit, citrus fruit","Beef, Lamb, Game (deer, venison), Poultry","Cabernet Sauvignon, Cabernet Franc, Malbec, Merlot, Petit Verdot, Carménère"
Château Haut-Brion Le Clarence de Haut Brion Pessac-Léognan (Château Bahans Haut-Brion) 1992,France,227,4.3,images/Chteau_Haut_Brion_Le_Clarence_de_Haut_Brion_Pessac.png,images/bottle_Chteau_Haut_Brion_Le_Clarence_de_Haut_Brion.png,Pessac-Léognan,Château Haut-Brion,"oak, earth, black fruit, non oak, spices, red fruit, microbio, floral, dried fruit, vegetal, tree fruit, citrus fruit","Beef, Lamb, Game (deer, venison), Poultry","Cabernet Sauvignon, Cabernet Franc, Malbec, Merlot, Petit Verdot, Carménère"
Stella Rosa Black Semi-Sweet Red,Italy,11.98,3.9,images/Stella_Rosa_Black_Semi_Sweet_Red.png,images/bottle_Stella_Rosa_Black_Semi_Sweet_Red.png,Piemonte,Stella Rosa,"red fruit, black fruit, oak, microbio, non oak, spices, tree fruit, dried fruit, earth, floral, vegetal, citrus fruit, tropical fruit","Beef, Pasta, Lamb, Game (deer, venison)","Nebbiolo, Barbera, Dolcetto"
Marietta Old Vine Red (OVR),United States,15.99,3.7,images/Marietta_Old_Vine_Red_OVR.png,images/bottle_Marietta_Old_Vine_Red_OVR.png,California,Marietta,"red fruit, black fruit, oak, spices, earth, non oak, dried fruit, microbio, floral, vegetal, tree fruit, citrus fruit, tropical fruit","Beef, Lamb, Poultry",Zinfandel
André Brunel Les Cailloux Châteauneuf-du-Pape 1990,France,248,4.1,images/Andr_Brunel_Les_Cailloux_Chteauneuf_du_Pape_1990.png,images/bottle_Andr_Brunel_Les_Cailloux_Chteauneuf_du_Pape.png,Châteauneuf-du-Pape,André Brunel,"oak, earth, red fruit, black fruit, spices, non oak, microbio, dried fruit, floral, vegetal, citrus fruit, tree fruit, tropical fruit","Lamb, Pork, Poultry","Shiraz/Syrah, Mourvedre, Counoise, Cinsaut, Vaccareze, Muscardin"
Domaine Jean-Louis Chave L'Hermitage 2022,France,325,4.6,images/Domaine_Jean_Louis_Chave_LHermitage_2022.png,images/bottle_Domaine_Jean_Louis_Chave_LHermitage_2022.png,Hermitage,Domaine Jean-Louis Chave,"earth, oak, black fruit, spices, non oak, red fruit, microbio, floral, dried fruit, vegetal, tree fruit, citrus fruit, tropical fruit","Beef, Lamb, Game (deer, venison), Poultry",Shiraz/Syrah
Olema Cabernet Sauvignon 2023,United States,25,3.9,images/Olema_Cabernet_Sauvignon_2023.png,images/bottle_Olema_Cabernet_Sauvignon_2023.png,Sonoma County,Olema,"oak, black fruit, red fruit, non oak, earth, spices, microbio, dried fruit, vegetal, citrus fruit, tree fruit, floral, tropical fruit","Beef, Lamb, Game (deer, venison)",Cabernet Sauvignon
Barba Vasari Montepulciano d'Abruzzo 2023,Italy,10.97,3.7,images/Barba_Vasari_Montepulciano_dAbruzzo_2023.png,images/bottle_Barba_Vasari_Montepulciano_dAbruzzo_2023.png,Montepulciano d'Abruzzo,Barba,"red fruit, oak, black fruit, earth, non oak, spices, microbio, vegetal, dried fruit, citrus fruit, floral, tropical fruit","Beef, Pasta, Veal, Pork",Montepulciano
Robert Mondavi Private Selection Vint Cabernet Sauvignon Aged in Bourbon Barrels 2018,United States,18.51,4.1,images/Robert_Mondavi_Private_Selection_Vint_Cabernet_Sau.png,images/bottle_Robert_Mondavi_Private_Selection_Vint_Caber.png,California,Robert Mondavi Private Selection,"oak, non oak, spices, black fruit, red fruit, earth, microbio, dried fruit, vegetal, floral, tree fruit, citrus fruit, tropical fruit","Beef, Lamb, Game (deer, venison), Poultry",Cabernet Sauvignon
Austin Hope Austin Hope Cabernet Sauvignon 2021,United States,60.99,4.3,images/Austin_Hope_Austin_Hope_Cabernet_Sauvignon_2021.png,images/bottle_Austin_Hope_Austin_Hope_Cabernet_Sauvignon_.png,Paso Robles,Austin Hope,"oak, black fruit, non oak, spices, red fruit, earth, dried fruit, microbio, floral, vegetal, citrus fruit, tree fruit, tropical fruit","Beef, Lamb, Game (deer, venison)",Cabernet Sauvignon
Stag's Leap Wine Cellars ARTEMIS Cabernet Sauvignon 2018,United States,74.99,4.5,images/Stags_Leap_Wine_Cellars_ARTEMIS_Cabernet_Sauvignon.png,images/bottle_Stags_Leap_Wine_Cellars_ARTEMIS_Cabernet_Sa.png,Napa Valley,Stag's Leap Wine Cellars,"oak, black fruit, non oak, spices, earth, red fruit, microbio, dried fruit, floral, vegetal, tree fruit, citrus fruit, tropical fruit","Beef, Lamb, Game (deer, venison), Mature and hard cheese, Poultry",Cabernet Sauvignon
Château Mouton Rothschild Le Petit Mouton de Mouton Rothschild Pauillac 2023,France,180,4.4,images/Chteau_Mouton_Rothschild_Le_Petit_Mouton_de_Mouton.png,images/bottle_Chteau_Mouton_Rothschild_Le_Petit_Mouton_de.png,Pauillac,Château Mouton Rothschild,"oak, black fruit, earth, non oak, red fruit, spices, microbio, floral, dried fruit, vegetal, tropical fruit, citrus fruit","Beef, Lamb, Game (deer, venison), Poultry","Cabernet Sauvignon, Cabernet Franc, Malbec, Merlot, Petit Verdot, Carménère"
Clos Fourtet Saint-Émilion Grand Cru (Premier Grand Cru Classé) 1966,France,220,4.3,images/Clos_Fourtet_Saint_milion_Grand_Cru_Premier_Grand_.png,images/bottle_Clos_Fourtet_Saint_milion_Grand_Cru_Premier.png,Saint-Émilion Grand Cru,Clos Fourtet,"oak, black fruit, earth, non oak, red fruit, spices, microbio, floral, dried fruit, vegetal, citrus fruit, tree fruit","Beef, Lamb, Game (deer, venison), Poultry","Cabernet Sauvignon, Cabernet Franc, Malbec, Merlot, Petit Verdot, Carménère"
Inglenook Cabernet Sauvignon 1970,United States,289,4.3,images/Inglenook_Cabernet_Sauvignon_1970.png,images/bottle_Inglenook_Cabernet_Sauvignon_1970.png,Rutherford,Inglenook,"oak, black fruit, earth, non oak, red fruit, spices, microbio, vegetal, floral, dried fruit, tree fruit, citrus fruit, tropical fruit","Beef, Lamb, Game (deer, venison), Mature and hard cheese, Poultry",Cabernet Sauvignon
Francis Ford Coppola Winery Diamond Collection Cabernet Sauvignon 2017,United States,20.82,3.9,images/Francis_Ford_Coppola_Winery_Diamond_Collection_Cab.png,images/bottle_Francis_Ford_Coppola_Winery_Diamond_Collect.png,California,Francis Ford Coppola Winery,"oak, black fruit, red fruit, non oak, spices, earth, microbio, dried fruit, vegetal, citrus fruit, tree fruit, floral, tropical fruit","Beef, Lamb, Game (deer, venison), Poultry",Cabernet Sauvignon
Château de Fonbel Saint-Émilion Grand Cru 1990,France,92,3.9,images/Chteau_de_Fonbel_Saint_milion_Grand_Cru_1990.png,images/bottle_Chteau_de_Fonbel_Saint_milion_Grand_Cru_199.png,Saint-Émilion Grand Cru,Château de Fonbel,"oak, black fruit, earth, non oak, red fruit, spices, microbio, floral, vegetal, dried fruit, citrus fruit, tree fruit, tropical fruit","Beef, Lamb, Game (deer, venison), Poultry","Cabernet Sauvignon, Cabernet Franc, Malbec, Merlot, Petit Verdot, Carménère"
Joel Gott Cabernet Sauvignon (815) 2017,United States,23.14,4,images/Joel_Gott_Cabernet_Sauvignon_815_2017.png,images/bottle_Joel_Gott_Cabernet_Sauvignon_815_2017.png,California,Joel Gott,"oak, black fruit, non oak, red fruit, spices, earth, microbio, dried fruit, vegetal, tree fruit, citrus fruit, floral, tropical fruit","Beef, Lamb, Game (deer, venison), Poultry",Cabernet Sauvignon
Edmeades Mendocino County Zinfandel 2006,United States,22.99,3.9,images/Edmeades_Mendocino_County_Zinfandel_2006.png,images/bottle_Edmeades_Mendocino_County_Zinfandel_2006.png,Mendocino County,Edmeades,"oak, black fruit, red fruit, non oak, spices, earth, dried fruit, microbio, floral, vegetal, citrus fruit, tree fruit, tropical fruit","Beef, Lamb, Poultry",Zinfandel
Château Capbern Saint-Estèphe 1982,France,267,3.9,images/Chteau_Capbern_Saint_Estphe_1982.png,images/bottle_Chteau_Capbern_Saint_Estphe_1982.png,Saint-Estèphe,Château Capbern,"oak, black fruit, earth, non oak, spices, red fruit, microbio, vegetal, floral, dried fruit, citrus fruit, tree fruit","Beef, Lamb, Game (deer, venison), Poultry","Cabernet Sauvignon, Cabernet Franc, Malbec, Merlot, Petit Verdot, Carménère"
Château Dassault Saint-Émilion Grand Cru (Grand Cru Classé) 1967,France,280,4.2,images/Chteau_Dassault_Saint_milion_Grand_Cru_Grand_Cru_C.png,images/bottle_Chteau_Dassault_Saint_milion_Grand_Cru_Gran.png,Saint-Émilion Grand Cru,Château Dassault,"oak, black fruit, earth, non oak, spices, red fruit, microbio, dried fruit, floral, vegetal, tree fruit, citrus fruit, tropical fruit","Beef, Lamb, Game (deer, venison), Poultry","Cabernet Sauvignon, Cabernet Franc, Malbec, Merlot, Petit Verdot, Carménère"
Batasiolo Barbaresco 1995,Italy,109,3.8,images/Batasiolo_Barbaresco_1995.png,images/bottle_Batasiolo_Barbaresco_1995.png,Barbaresco,Batasiolo,"red fruit, earth, oak, non oak, spices, black fruit, microbio, floral, vegetal, dried fruit, citrus fruit, tree fruit","Beef, Pasta, Lamb, Game (deer, venison)",Nebbiolo
Domaine Jamet Côte-Rôtie 2022,France,199,4.4,images/Domaine_Jamet_Cte_Rtie_2022.png,images/bottle_Domaine_Jamet_Cte_Rtie_2022.png,Côte-Rôtie,Domaine Jamet,"earth, oak, spices, black fruit, non oak, red fruit, floral, microbio, vegetal, dried fruit, citrus fruit, tree fruit","Beef, Lamb, Game (deer, venison), Poultry","Shiraz/Syrah, Viognier"
Domaine de Beaurenard Châteauneuf-du-Pape 1979,France,165,4.1,images/Domaine_de_Beaurenard_Chteauneuf_du_Pape_1979.png,images/bottle_Domaine_de_Beaurenard_Chteauneuf_du_Pape_19.png,Châteauneuf-du-Pape,Domaine de Beaurenard,"oak, earth, black fruit, red fruit, non oak, spices, dried fruit, microbio, floral, tree fruit, vegetal, citrus fruit, tropical fruit","Lamb, Pork, Poultry","Shiraz/Syrah, Mourvedre, Counoise, Cinsaut, Vaccareze, Muscardin"
Pahlmeyer Proprietary Red 2022,United States,250,4.6,images/Pahlmeyer_Proprietary_Red_2022.png,images/bottle_Pahlmeyer_Proprietary_Red_2022.png,Napa Valley,Pahlmeyer,"oak, black fruit, non oak, earth, spices, red fruit, microbio, dried fruit, floral, vegetal, citrus fruit, tree fruit, tropical fruit","Beef, Lamb, Game (deer, venison), Poultry","Cabernet Sauvignon, Cabernet Franc, Malbec, Merlot, Petit Verdot"
Locations E (Spain),Spain,19.99,3.9,images/Locations_E_Spain.png,images/bottle_Locations_E_Spain.png,Vino de España,Locations,"black fruit, oak, red fruit, spices, non oak, earth, dried fruit, microbio, vegetal, floral, citrus fruit, tree fruit, tropical fruit","Beef, Pasta, Veal, Poultry","Grenache, Tempranillo"
Buehler Cabernet Sauvignon 1986,United States,96,4,images/Buehler_Cabernet_Sauvignon_1986.png,images/bottle_Buehler_Cabernet_Sauvignon_1986.png,Napa Valley,Buehler,"oak, black fruit, non oak, earth, spices, red fruit, microbio, vegetal, dried fruit, floral, tree fruit, citrus fruit","Beef, Lamb, Game (deer, venison), Mature and hard cheese, Poultry",Cabernet Sauvignon
Le Vieux Donjon Châteauneuf-du-Pape 1990,France,277,4.2,images/Le_Vieux_Donjon_Chteauneuf_du_Pape_1990.png,images/bottle_Le_Vieux_Donjon_Chteauneuf_du_Pape_1990.png,Châteauneuf-du-Pape,Le Vieux Donjon,"oak, earth, black fruit, spices, red fruit, non oak, microbio, dried fruit, floral, vegetal, citrus fruit, tree fruit","Lamb, Pork, Poultry","Shiraz/Syrah, Mourvedre, Counoise, Cinsaut, Vaccareze, Muscardin"
DiamAndes Perlita Malbec - Syrah 2021,Argentina,17.99,3.7,images/DiamAndes_Perlita_Malbec_Syrah_2021.png,images/bottle_DiamAndes_Perlita_Malbec_Syrah_2021.png,Uco Valley,DiamAndes,"black fruit, oak, earth, red fruit, non oak, spices, microbio, floral, dried fruit, vegetal, citrus fruit, tree fruit, tropical fruit","Beef, Lamb, Pork, Poultry, Mushrooms, Blue cheese",Malbec
Les Halos de Jupiter Côtes du Rhône Rouge 2023,France,19.97,3.8,images/Les_Halos_de_Jupiter_Ctes_du_Rhne_Rouge_2023.png,images/bottle_Les_Halos_de_Jupiter_Ctes_du_Rhne_Rouge_202.png,Côtes-du-Rhône,Les Halos de Jupiter,"black fruit, red fruit, spices, oak, earth, non oak, microbio, dried fruit, floral, vegetal, citrus fruit, tree fruit, tropical fruit","Beef, Lamb, Game (deer, venison)","Shiraz/Syrah, Grenache, Mourvedre"
Caymus Vineyards Cabernet Sauvignon California 2022,United States,45.99,4.2,images/Caymus_Vineyards_Cabernet_Sauvignon_California_202.png,images/bottle_Caymus_Vineyards_Cabernet_Sauvignon_Califor.png,California,Caymus Vineyards,,"Beef, Lamb, Game (deer, venison), Poultry",Cabernet Sauvignon
Clos de l'Oratoire Saint-Émilion Grand Cru (Grand Cru Classé) 2022,France,42,4.2,images/Clos_de_lOratoire_Saint_milion_Grand_Cru_Grand_Cru.png,images/bottle_Clos_de_lOratoire_Saint_milion_Grand_Cru_Gr.png,Saint-Émilion Grand Cru,Clos de l'Oratoire,"oak, black fruit, earth, non oak, red fruit, spices, microbio, dried fruit, floral, vegetal, citrus fruit, tropical fruit, tree fruit","Beef, Lamb, Game (deer, venison), Poultry","Cabernet Sauvignon, Cabernet Franc, Malbec, Merlot, Petit Verdot, Carménère"
Justin Cabernet Sauvignon 2017,United States,29.99,4.1,images/Justin_Cabernet_Sauvignon_2017.png,images/bottle_Justin_Cabernet_Sauvignon_2017.png,Paso Robles,Justin,"oak, black fruit, red fruit, non oak, spices, earth, microbio, dried fruit, vegetal, floral, tree fruit, citrus fruit, tropical fruit","Beef, Lamb, Game (deer, venison)",Cabernet Sauvignon
Tenuta Il Poggione Brunello di Montalcino Riserva Vigna Paganelli 1990,Italy,279,4.3,images/Tenuta_Il_Poggione_Brunello_di_Montalcino_Riserva_.png,images/bottle_Tenuta_Il_Poggione_Brunello_di_Montalcino_R.png,Brunello di Montalcino,Tenuta Il Poggione,"oak, earth, red fruit, non oak, black fruit, spices, microbio, floral, dried fruit, vegetal, citrus fruit, tree fruit, tropical fruit","Beef, Lamb, Game (deer, venison), Poultry",Sangiovese
Clos de los Siete Clos de Los Siete (by Michel Rolland) 2018,Argentina,19.99,4,images/Clos_de_los_Siete_Clos_de_Los_Siete_by_Michel_Roll.png,images/bottle_Clos_de_los_Siete_Clos_de_Los_Siete_by_Mich.png,Uco Valley,Clos de los Siete,"oak, black fruit, earth, non oak, spices, red fruit, microbio, floral, dried fruit, vegetal, citrus fruit, tree fruit, tropical fruit","Beef, Lamb, Pork, Poultry, Mushrooms, Blue cheese",Malbec
La Rioja Alta Rioja Gran Reserva 904 2011,Spain,249.99,4.4,images/La_Rioja_Alta_Rioja_Gran_Reserva_904_2011.png,images/bottle_La_Rioja_Alta_Rioja_Gran_Reserva_904_2011.png,Rioja,La Rioja Alta,"oak, earth, non oak, spices, red fruit, black fruit, microbio, dried fruit, vegetal, floral, citrus fruit, tree fruit, tropical fruit","Beef, Lamb, Veal, Poultry","Tempranillo, Graciano, Garnacha"
Dry Creek Vineyard Cabernet Sauvignon 1999,United States,168,3.9,images/Dry_Creek_Vineyard_Cabernet_Sauvignon_1999.png,images/bottle_Dry_Creek_Vineyard_Cabernet_Sauvignon_1999.png,Dry Creek Valley,Dry Creek Vineyard,"oak, red fruit, black fruit, earth, non oak, spices, microbio, dried fruit, vegetal, floral, citrus fruit, tree fruit","Beef, Lamb, Game (deer, venison)",Cabernet Sauvignon
Château La Mission Haut-Brion La Chapelle de La Mission Haut-Brion Pessac-Léognan 2023,France,60,4.2,images/Chteau_La_Mission_Haut_Brion_La_Chapelle_de_La_Mis.png,images/bottle_Chteau_La_Mission_Haut_Brion_La_Chapelle_de.png,Pessac-Léognan,Château La Mission Haut-Brion,"oak, earth, black fruit, non oak, spices, red fruit, microbio, floral, vegetal, dried fruit, citrus fruit, tree fruit","Beef, Lamb, Game (deer, venison), Poultry","Cabernet Sauvignon, Cabernet Franc, Malbec, Merlot, Petit Verdot, Carménère"
Kosta Browne Russian River Valley Pinot Noir 2023,United States,118,4.6,images/Kosta_Browne_Russian_River_Valley_Pinot_Noir_2023.png,images/bottle_Kosta_Browne_Russian_River_Valley_Pinot_Noi.png,Russian River Valley,Kosta Browne,"red fruit, oak, non oak, spices, black fruit, earth, microbio, vegetal, dried fruit, citrus fruit, floral, tree fruit, tropical fruit","Veal, Pork, Poultry, Mushrooms",Pinot Noir
Bosquet des Papes Châteauneuf-du-Pape (Cuvée Tradition) 1986,France,118,4.1,images/Bosquet_des_Papes_Chteauneuf_du_Pape_Cuve_Traditio.png,images/bottle_Bosquet_des_Papes_Chteauneuf_du_Pape_Cuve_T.png,Châteauneuf-du-Pape,Bosquet des Papes,"oak, earth, red fruit, non oak, spices, black fruit, microbio, dried fruit, floral, vegetal, citrus fruit, tree fruit, tropical fruit","Lamb, Pork, Poultry","Shiraz/Syrah, Mourvedre, Counoise, Cinsaut, Vaccareze, Muscardin"
Josh Cellars Cabernet Sauvignon 2016,United States,11.98,3.8,images/Josh_Cellars_Cabernet_Sauvignon_2016.png,images/bottle_Josh_Cellars_Cabernet_Sauvignon_2016.png,California,Josh Cellars,"oak, black fruit, red fruit, non oak, spices, earth, microbio, dried fruit, tree fruit, vegetal, citrus fruit, floral, tropical fruit","Beef, Lamb, Game (deer, venison), Poultry",Cabernet Sauvignon
E. Guigal Hermitage 1978,France,630,4.1,images/E_Guigal_Hermitage_1978.png,images/bottle_E_Guigal_Hermitage_1978.png,Hermitage,E. Guigal,"oak, earth, black fruit, spices, non oak, red fruit, floral, microbio, dried fruit, vegetal, citrus fruit, tree fruit, tropical fruit","Beef, Lamb, Game (deer, venison), Poultry",Shiraz/Syrah
Produttori del Barbaresco Barbaresco 2018,Italy,44.99,4.2,images/Produttori_del_Barbaresco_Barbaresco_2018.png,images/bottle_Produttori_del_Barbaresco_Barbaresco_2018.png,Barbaresco,Produttori del Barbaresco,"red fruit, earth, oak, non oak, spices, black fruit, floral, microbio, dried fruit, vegetal, citrus fruit, tree fruit, tropical fruit","Beef, Pasta, Lamb, Game (deer, venison)",Nebbiolo
Château Rouget Pomerol 1989,France,199,4.2,images/Chteau_Rouget_Pomerol_1989.png,images/bottle_Chteau_Rouget_Pomerol_1989.png,Pomerol,Château Rouget,"oak, black fruit, earth, non oak, red fruit, spices, microbio, floral, dried fruit, vegetal, citrus fruit, tree fruit, tropical fruit","Beef, Lamb, Game (deer, venison), Poultry","Cabernet Sauvignon, Cabernet Franc, Malbec, Merlot, Petit Verdot, Carménère"
Olema Pinot Noir 2023,United States,20,3.8,images/Olema_Pinot_Noir_2023.png,images/bottle_Olema_Pinot_Noir_2023.png,Sonoma County,Olema,"red fruit, oak, non oak, earth, spices, black fruit, microbio, floral, dried fruit, vegetal, tree fruit, citrus fruit, tropical fruit","Beef, Veal, Game (deer, venison), Poultry",Pinot Noir
H3 Wines Merlot 2022,United States,11.99,3.7,images/H3_Wines_Merlot_2022.png,images/bottle_H3_Wines_Merlot_2022.png,Horse Heaven Hills,H3 Wines,"oak, black fruit, earth, non oak, red fruit, spices, microbio, dried fruit, vegetal, floral, tree fruit, citrus fruit, tropical fruit","Beef, Lamb, Veal",Merlot
Château Fonroque Saint-Émilion Grand Cru (Grand Cru Classé) 1985,France,126,4.1,images/Chteau_Fonroque_Saint_milion_Grand_Cru_Grand_Cru_C.png,images/bottle_Chteau_Fonroque_Saint_milion_Grand_Cru_Gran.png,Saint-Émilion Grand Cru,Château Fonroque,"oak, black fruit, earth, non oak, spices, red fruit, microbio, dried fruit, vegetal, tree fruit, floral, citrus fruit, tropical fruit","Beef, Lamb, Game (deer, venison), Poultry","Cabernet Sauvignon, Cabernet Franc, Malbec, Merlot, Petit Verdot, Carménère"
Robert Biale Vineyards Black Chicken Zinfandel 2023,United States,55,4.3,images/Robert_Biale_Vineyards_Black_Chicken_Zinfandel_202.png,images/bottle_Robert_Biale_Vineyards_Black_Chicken_Zinfan.png,Napa Valley,Robert Biale Vineyards,"black fruit, oak, red fruit, spices, non oak, earth, dried fruit, microbio, floral, vegetal, citrus fruit, tree fruit, tropical fruit","Beef, Lamb, Poultry",Zinfandel
Château Fourcas Hosten Listrac-Médoc 1964,France,285,3.8,images/Chteau_Fourcas_Hosten_Listrac_Mdoc_1964.png,images/bottle_Chteau_Fourcas_Hosten_Listrac_Mdoc_1964.png,Listrac-Médoc,Château Fourcas Hosten,"oak, black fruit, earth, non oak, spices, red fruit, microbio, dried fruit, vegetal, floral, citrus fruit, tree fruit, tropical fruit","Beef, Game (deer, venison), Poultry","Cabernet Sauvignon, Cabernet Franc, Malbec, Merlot, Petit Verdot, Carménère"
Viña Albina Gran Reserva 1970,Spain,122,3.8,images/Via_Albina_Gran_Reserva_1970.png,images/bottle_Via_Albina_Gran_Reserva_1970.png,Rioja,Viña Albina,"oak, earth, red fruit, non oak, spices, black fruit, microbio, dried fruit, vegetal, citrus fruit, floral, tree fruit","Beef, Lamb, Veal, Poultry","Tempranillo, Graciano, Garnacha"
Montevertine Toscana Red 2022,Italy,85,4.1,images/Montevertine_Toscana_Red_2022.png,images/bottle_Montevertine_Toscana_Red_2022.png,Toscana,Montevertine,"red fruit, oak, earth, non oak, spices, black fruit, floral, microbio, vegetal, dried fruit, citrus fruit, tree fruit, tropical fruit","Beef, Lamb, Veal, Poultry, Cured Meat","Cabernet Sauvignon, Merlot, Sangiovese, Canaiolo Nero"
Château Ausone Saint-Émilion Grand Cru (Premier Grand Cru Classé) 2023,France,590,4.6,images/Chteau_Ausone_Saint_milion_Grand_Cru_Premier_Grand.png,images/bottle_Chteau_Ausone_Saint_milion_Grand_Cru_Premie.png,Saint-Émilion Grand Cru,Château Ausone,"oak, earth, non oak, black fruit, spices, red fruit, microbio, dried fruit, floral, vegetal, citrus fruit, tree fruit, tropical fruit","Beef, Lamb, Game (deer, venison), Poultry","Cabernet Sauvignon, Cabernet Franc, Malbec, Merlot, Petit Verdot, Carménère"
Château Latour à Pomerol Pomerol 1969,France,320,4.3,images/Chteau_Latour_Pomerol_Pomerol_1969.png,images/bottle_Chteau_Latour_Pomerol_Pomerol_1969.png,Pomerol,Château Latour à Pomerol,"oak, earth, black fruit, red fruit, non oak, spices, microbio, vegetal, dried fruit, floral, citrus fruit, tree fruit","Beef, Lamb, Game (deer, venison), Poultry","Cabernet Sauvignon, Cabernet Franc, Malbec, Merlot, Petit Verdot, Carménère"
Sterling Vineyards Vintner's Collection Meritage 2023,United States,11.99,3.6,images/Sterling_Vineyards_Vintners_Collection_Meritage_20.png,images/bottle_Sterling_Vineyards_Vintners_Collection_Meri.png,Central Coast,Sterling Vineyards,"oak, red fruit, black fruit, non oak, spices, earth, microbio, vegetal, dried fruit, tree fruit, citrus fruit, floral, tropical fruit","Beef, Lamb, Game (deer, venison)","Cabernet Sauvignon, Cabernet Franc, Malbec, Merlot, Petit Verdot, Carménère"
Banfi Brunello di Montalcino 2015,Italy,59.99,4.2,images/Banfi_Brunello_di_Montalcino_2015.png,images/bottle_Banfi_Brunello_di_Montalcino_2015.png,Brunello di Montalcino,Banfi,"oak, earth, red fruit, non oak, spices, black fruit, microbio, dried fruit, floral, vegetal, citrus fruit, tree fruit, tropical fruit","Beef, Lamb, Game (deer, venison), Poultry",Sangiovese
Dunn Howell Mountain Cabernet Sauvignon 1981,United States,690,4.5,images/Dunn_Howell_Mountain_Cabernet_Sauvignon_1981.png,images/bottle_Dunn_Howell_Mountain_Cabernet_Sauvignon_198.png,Howell Mountain,Dunn,"oak, earth, black fruit, non oak, spices, red fruit, vegetal, floral, microbio, dried fruit, tree fruit, citrus fruit, tropical fruit","Beef, Lamb, Game (deer, venison), Mature and hard cheese, Poultry",Cabernet Sauvignon
Stag's Leap Wine Cellars S.L.V. Cabernet Sauvignon 1976,United States,545,4.5,images/Stags_Leap_Wine_Cellars_SLV_Cabernet_Sauvignon_197.png,images/bottle_Stags_Leap_Wine_Cellars_SLV_Cabernet_Sauvig.png,Napa Valley,Stag's Leap Wine Cellars,"oak, black fruit, earth, non oak, red fruit, spices, floral, microbio, dried fruit, vegetal, citrus fruit, tree fruit, tropical fruit","Beef, Lamb, Game (deer, venison), Mature and hard cheese, Poultry",Cabernet Sauvignon
Château Dauzac Labastide Dauzac Margaux 1995,France,46,4.1,images/Chteau_Dauzac_Labastide_Dauzac_Margaux_1995.png,images/bottle_Chteau_Dauzac_Labastide_Dauzac_Margaux_1995.png,Margaux,Château Dauzac,"oak, black fruit, earth, non oak, red fruit, spices, microbio, floral, dried fruit, vegetal, tree fruit, citrus fruit","Beef, Lamb, Game (deer, venison), Poultry","Cabernet Sauvignon, Cabernet Franc, Malbec, Merlot, Petit Verdot, Carménère"
Château les Carmes Haut-Brion Pessac-Léognan 2023,France,115,4.2,images/Chteau_les_Carmes_Haut_Brion_Pessac_Lognan_2023.png,images/bottle_Chteau_les_Carmes_Haut_Brion_Pessac_Lognan_.png,Pessac-Léognan,Château les Carmes Haut-Brion,"oak, black fruit, earth, non oak, red fruit, spices, microbio, dried fruit, floral, vegetal, citrus fruit, tree fruit","Beef, Lamb, Game (deer, venison), Poultry","Cabernet Sauvignon, Cabernet Franc, Malbec, Merlot, Petit Verdot, Carménère"
Tenuta San Guido Sassicaia 2011,Italy,320,4.6,images/Tenuta_San_Guido_Sassicaia_2011.png,images/bottle_Tenuta_San_Guido_Sassicaia_2011.png,Bolgheri Sassicaia,Tenuta San Guido,"oak, earth, black fruit, non oak, red fruit, spices, microbio, floral, dried fruit, vegetal, citrus fruit, tree fruit, tropical fruit","Beef, Pasta, Lamb, Veal, Game (deer, venison)","Cabernet Sauvignon, Merlot, Sangiovese"
R. López de Heredia Viña Tondonia Reserva 2010,Spain,33,4.2,images/R_Lpez_de_Heredia_Via_Tondonia_Reserva_2010.png,images/bottle_R_Lpez_de_Heredia_Via_Tondonia_Reserva_2010.png,Rioja,R. López de Heredia,"oak, earth, non oak, red fruit, spices, black fruit, microbio, dried fruit, vegetal, citrus fruit, floral, tree fruit, tropical fruit","Beef, Lamb, Veal, Poultry","Tempranillo, Graciano, Garnacha"
Burgo Viejo Rioja Crianza 2021,Spain,13.99,3.7,images/Burgo_Viejo_Rioja_Crianza_2021.png,images/bottle_Burgo_Viejo_Rioja_Crianza_2021.png,Rioja,Burgo Viejo,"oak, earth, red fruit, non oak, black fruit, spices, microbio, vegetal, dried fruit, floral, citrus fruit, tree fruit","Beef, Lamb, Veal, Poultry","Tempranillo, Graciano, Garnacha"
Opus One Opus One 2013,United States,549.99,4.6,images/Opus_One_Opus_One_2013.png,images/bottle_Opus_One_Opus_One_2013.png,Napa Valley,Opus One,"oak, black fruit, earth, non oak, spices, red fruit, microbio, floral, dried fruit, vegetal, citrus fruit, tree fruit, tropical fruit","Beef, Lamb, Game (deer, venison), Mature and hard cheese, Poultry",Cabernet Sauvignon
Château Plince Pomerol 1989,France,135,4.1,images/Chteau_Plince_Pomerol_1989.png,images/bottle_Chteau_Plince_Pomerol_1989.png,Pomerol,Château Plince,"oak, black fruit, earth, non oak, red fruit, spices, microbio, dried fruit, vegetal, floral, tree fruit, citrus fruit, tropical fruit","Beef, Lamb, Game (deer, venison), Poultry","Cabernet Sauvignon, Cabernet Franc, Malbec, Merlot, Petit Verdot, Carménère"
Château Bouscaut Pessac-Léognan (Grand Cru Classé de Graves) 1983,France,127,4,images/Chteau_Bouscaut_Pessac_Lognan_Grand_Cru_Class_de_G.png,images/bottle_Chteau_Bouscaut_Pessac_Lognan_Grand_Cru_Cla.png,Pessac-Léognan,Château Bouscaut,"oak, earth, non oak, black fruit, spices, red fruit, microbio, citrus fruit, tree fruit, vegetal, floral, tropical fruit, dried fruit","Beef, Lamb, Game (deer, venison), Poultry","Cabernet Sauvignon, Cabernet Franc, Malbec, Merlot, Petit Verdot, Carménère"
Locations CA (California),United States,19.99,4,images/Locations_CA_California.png,images/bottle_Locations_CA_California.png,California,Locations,"oak, black fruit, red fruit, non oak, earth, spices, microbio, dried fruit, vegetal, floral, citrus fruit, tree fruit, tropical fruit","Beef, Lamb, Veal, Poultry","Shiraz/Syrah, Cabernet Sauvignon, Merlot, Zinfandel"
Tenuta La Fuga Brunello di Montalcino 2020,Italy,66.99,4.2,images/Tenuta_La_Fuga_Brunello_di_Montalcino_2020.png,images/bottle_Tenuta_La_Fuga_Brunello_di_Montalcino_2020.png,Brunello di Montalcino,Tenuta La Fuga,"oak, earth, red fruit, non oak, spices, black fruit, microbio, dried fruit, floral, citrus fruit, vegetal, tree fruit, tropical fruit","Beef, Lamb, Game (deer, venison), Poultry",Sangiovese
Giacomo Conterno Barolo Cascina Francia 2021,Italy,315,4.5,images/Giacomo_Conterno_Barolo_Cascina_Francia_2021.png,images/bottle_Giacomo_Conterno_Barolo_Cascina_Francia_202.png,Barolo,Giacomo Conterno,"earth, oak, red fruit, spices, non oak, black fruit, microbio, floral, vegetal, citrus fruit, dried fruit, tropical fruit, tree fruit","Beef, Pasta, Lamb, Game (deer, venison)",Nebbiolo
Bonny Doon Le Cigare Volant 1991,United States,144,3.9,images/Bonny_Doon_Le_Cigare_Volant_1991.png,images/bottle_Bonny_Doon_Le_Cigare_Volant_1991.png,Central Coast,Bonny Doon,"red fruit, oak, earth, non oak, black fruit, spices, microbio, floral, dried fruit, citrus fruit, vegetal, tree fruit, tropical fruit","Beef, Lamb, Veal, Poultry","Shiraz/Syrah, Cabernet Sauvignon, Merlot, Zinfandel"
M. Chapoutier Belleruche Côtes-du-Rhône 2019,France,14.99,3.8,images/M_Chapoutier_Belleruche_Ctes_du_Rhne_2019.png,images/bottle_M_Chapoutier_Belleruche_Ctes_du_Rhne_2019.png,Côtes-du-Rhône,M. Chapoutier,"red fruit, black fruit, earth, oak, spices, non oak, microbio, tree fruit, citrus fruit, floral, dried fruit, vegetal, tropical fruit","Beef, Lamb, Game (deer, venison)","Shiraz/Syrah, Grenache, Mourvedre"
Zenato Amarone della Valpolicella Classico 2017,Italy,85,4.4,images/Zenato_Amarone_della_Valpolicella_Classico_2017.png,images/bottle_Zenato_Amarone_della_Valpolicella_Classico_.png,Amarone della Valpolicella Classico,Zenato,"oak, black fruit, dried fruit, non oak, red fruit, earth, spices, microbio, vegetal, floral, citrus fruit, tree fruit, tropical fruit","Beef, Lamb, Game (deer, venison), Blue cheese","Corvina, Rondinella, Corvinone"
Château St. Georges Saint-Georges-Saint-Émilion 1967,France,550,4.2,images/Chteau_St_Georges_Saint_Georges_Saint_milion_1967.png,images/bottle_Chteau_St_Georges_Saint_Georges_Saint_milio.png,Saint-Georges-Saint-Émilion,Château St. Georges,"oak, black fruit, earth, non oak, spices, red fruit, microbio, dried fruit, floral, vegetal, citrus fruit, tree fruit, tropical fruit","Beef, Lamb, Game (deer, venison), Poultry","Cabernet Sauvignon, Cabernet Franc, Malbec, Merlot, Petit Verdot, Carménère"
Château Coucheroy Pessac-Léognan 1996,France,52,3.7,images/Chteau_Coucheroy_Pessac_Lognan_1996.png,images/bottle_Chteau_Coucheroy_Pessac_Lognan_1996.png,Pessac-Léognan,Château Coucheroy,"oak, earth, citrus fruit, black fruit, non oak, spices, tree fruit, microbio, red fruit, vegetal, tropical fruit, floral, dried fruit","Beef, Lamb, Game (deer, venison), Poultry","Cabernet Sauvignon, Cabernet Franc, Malbec, Merlot, Petit Verdot, Carménère"
Sandrone Nebbiolo d’Alba Valmaggiore 2023,Italy,46,4,images/Sandrone_Nebbiolo_dAlba_Valmaggiore_2023.png,images/bottle_Sandrone_Nebbiolo_dAlba_Valmaggiore_2023.png,Nebbiolo d'Alba,Sandrone,"red fruit, earth, oak, non oak, spices, black fruit, floral, microbio, dried fruit, vegetal, citrus fruit, tree fruit, tropical fruit","Beef, Lamb, Game (deer, venison), Poultry",Nebbiolo
Gnarly Head Old Vine Zinfandel 2018,United States,12.84,3.8,images/Gnarly_Head_Old_Vine_Zinfandel_2018.png,images/bottle_Gnarly_Head_Old_Vine_Zinfandel_2018.png,Lodi,Gnarly Head,"oak, black fruit, spices, non oak, red fruit, earth, dried fruit, microbio, vegetal, floral, tree fruit, citrus fruit, tropical fruit","Beef, Lamb, Poultry",Zinfandel
Château Tayac Margaux 1982,France,160,4,images/Chteau_Tayac_Margaux_1982.png,images/bottle_Chteau_Tayac_Margaux_1982.png,Margaux,Château Tayac,"oak, black fruit, earth, non oak, spices, red fruit, microbio, floral, vegetal, dried fruit, tree fruit, citrus fruit","Beef, Lamb, Game (deer, venison), Poultry","Cabernet Sauvignon, Cabernet Franc, Malbec, Merlot, Petit Verdot, Carménère"
Château Yon-Figeac Saint-Émilion Grand Cru (Grand Cru Classé) 1981,France,110,4.1,images/Chteau_Yon_Figeac_Saint_milion_Grand_Cru_Grand_Cru.png,images/bottle_Chteau_Yon_Figeac_Saint_milion_Grand_Cru_Gr.png,Saint-Émilion Grand Cru,Château Yon-Figeac,"oak, earth, black fruit, non oak, spices, red fruit, microbio, dried fruit, vegetal, floral, citrus fruit, tree fruit","Beef, Lamb, Game (deer, venison), Poultry","Cabernet Sauvignon, Cabernet Franc, Malbec, Merlot, Petit Verdot, Carménère"
Beaulieu Vineyard (BV) Rutherford Cabernet Sauvignon 1978,United States,265,4.1,images/Beaulieu_Vineyard_BV_Rutherford_Cabernet_Sauvignon.png,images/bottle_Beaulieu_Vineyard_BV_Rutherford_Cabernet_Sa.png,Rutherford,Beaulieu Vineyard (BV),"oak, black fruit, earth, non oak, red fruit, spices, microbio, dried fruit, floral, vegetal, tree fruit, citrus fruit, tropical fruit","Beef, Lamb, Game (deer, venison), Mature and hard cheese, Poultry",Cabernet Sauvignon
Mayacamas Cabernet Sauvignon 1975,United States,985,4.3,images/Mayacamas_Cabernet_Sauvignon_1975.png,images/bottle_Mayacamas_Cabernet_Sauvignon_1975.png,Mount Veeder,Mayacamas,"black fruit, oak, earth, red fruit, non oak, spices, vegetal, floral, microbio, dried fruit, citrus fruit, tree fruit, tropical fruit","Beef, Lamb, Game (deer, venison), Mature and hard cheese, Poultry",Cabernet Sauvignon
Quilceda Creek Cabernet Sauvignon 2022,United States,269,4.6,images/Quilceda_Creek_Cabernet_Sauvignon_2022.png,images/bottle_Quilceda_Creek_Cabernet_Sauvignon_2022.png,Columbia Valley,Quilceda Creek,"oak, black fruit, earth, non oak, spices, red fruit, floral, microbio, dried fruit, vegetal, tropical fruit, tree fruit, citrus fruit","Beef, Lamb, Game (deer, venison), Poultry",Cabernet Sauvignon
Bread & Butter Cabernet Sauvignon 2018,United States,14.99,4,images/Bread_Butter_Cabernet_Sauvignon_2018.png,images/bottle_Bread_Butter_Cabernet_Sauvignon_2018.png,California,Bread & Butter,"oak, non oak, spices, black fruit, red fruit, microbio, earth, dried fruit, vegetal, floral, citrus fruit, tree fruit, tropical fruit","Beef, Lamb, Game (deer, venison), Poultry",Cabernet Sauvignon
Château Taillefer Pomerol 1975,France,133,4,images/Chteau_Taillefer_Pomerol_1975.png,images/bottle_Chteau_Taillefer_Pomerol_1975.png,Pomerol,Château Taillefer,"oak, earth, black fruit, non oak, spices, red fruit, microbio, vegetal, dried fruit, floral, citrus fruit, tree fruit","Beef, Lamb, Game (deer, venison), Poultry","Cabernet Sauvignon, Cabernet Franc, Malbec, Merlot, Petit Verdot, Carménère"
Louis M. Martini Sonoma County Cabernet Sauvignon 2018,United States,44.99,3.9,images/Louis_M_Martini_Sonoma_County_Cabernet_Sauvignon_2.png,images/bottle_Louis_M_Martini_Sonoma_County_Cabernet_Sauv.png,Sonoma County,Louis M. Martini,"oak, black fruit, red fruit, non oak, spices, earth, microbio, dried fruit, vegetal, floral, tree fruit, citrus fruit, tropical fruit","Beef, Lamb, Game (deer, venison)",Cabernet Sauvignon
The Hess Collection Mount Veeder Estate Cabernet Sauvignon 1986,United States,139,4.2,images/The_Hess_Collection_Mount_Veeder_Estate_Cabernet_S.png,images/bottle_The_Hess_Collection_Mount_Veeder_Estate_Cab.png,Mount Veeder,The Hess Collection,"oak, black fruit, earth, non oak, red fruit, spices, microbio, floral, vegetal, dried fruit, citrus fruit, tree fruit","Beef, Lamb, Game (deer, venison), Mature and hard cheese, Poultry",Cabernet Sauvignon
Château La Cabanne Pomerol 1990,France,110,4,images/Chteau_La_Cabanne_Pomerol_1990.png,images/bottle_Chteau_La_Cabanne_Pomerol_1990.png,Pomerol,Château La Cabanne,"oak, black fruit, earth, non oak, red fruit, spices, microbio, dried fruit, vegetal, floral, tree fruit, citrus fruit, tropical fruit","Beef, Lamb, Game (deer, venison), Poultry","Cabernet Sauvignon, Cabernet Franc, Malbec, Merlot, Petit Verdot, Carménère"
Belle Glos Clark & Telephone Vineyard Pinot Noir 2018,United States,57.99,4.4,images/Belle_Glos_Clark_Telephone_Vineyard_Pinot_Noir_201.png,images/bottle_Belle_Glos_Clark_Telephone_Vineyard_Pinot_N.png,Santa Maria Valley,Belle Glos,"oak, red fruit, non oak, black fruit, spices, earth, microbio, dried fruit, floral, vegetal, citrus fruit, tree fruit, tropical fruit","Veal, Pork, Poultry, Mushrooms",Pinot Noir
Marchesi di Gresy Barbaresco Martinenga 1990,Italy,260,4.2,images/Marchesi_di_Gresy_Barbaresco_Martinenga_1990.png,images/bottle_Marchesi_di_Gresy_Barbaresco_Martinenga_199.png,Barbaresco,Marchesi di Gresy,"earth, oak, red fruit, non oak, spices, black fruit, floral, microbio, citrus fruit, dried fruit, vegetal, tree fruit, tropical fruit","Beef, Pasta, Lamb, Game (deer, venison)",Nebbiolo
Boekenhoutskloof The Chocolate Block 2016,South Africa,34.99,4.2,images/Boekenhoutskloof_The_Chocolate_Block_2016.png,images/bottle_Boekenhoutskloof_The_Chocolate_Block_2016.png,Franschhoek,Boekenhoutskloof,"oak, black fruit, earth, non oak, spices, red fruit, microbio, floral, dried fruit, vegetal, citrus fruit, tree fruit, tropical fruit","Beef, Lamb, Game (deer, venison), Mushrooms",
Rhiannon Red Blend 2022,United States,15.99,3.9,images/Rhiannon_Red_Blend_2022.png,images/bottle_Rhiannon_Red_Blend_2022.png,California,Rhiannon,"oak, red fruit, black fruit, non oak, spices, earth, microbio, dried fruit, vegetal, tree fruit, citrus fruit, floral","Beef, Lamb, Veal, Poultry","Shiraz/Syrah, Cabernet Sauvignon, Merlot, Zinfandel"
Flora Springs Trilogy 1988,United States,169,4.4,images/Flora_Springs_Trilogy_1988.png,images/bottle_Flora_Springs_Trilogy_1988.png,Napa Valley,Flora Springs,"oak, black fruit, non oak, earth, red fruit, spices, microbio, vegetal, dried fruit, floral, tree fruit, citrus fruit, tropical fruit","Beef, Lamb, Game (deer, venison), Poultry","Cabernet Sauvignon, Cabernet Franc, Malbec, Merlot, Petit Verdot"
Sandrone Barbera d'Alba 2023,Italy,40,4,images/Sandrone_Barbera_dAlba_2023.png,images/bottle_Sandrone_Barbera_dAlba_2023.png,Barbera d'Alba,Sandrone,"oak, black fruit, red fruit, earth, spices, non oak, microbio, floral, dried fruit, vegetal, citrus fruit, tree fruit, tropical fruit","Pasta, Veal, Pork, Game (deer, venison), Poultry",Barbera
Elio Altare Barolo 2021,Italy,92,4.3,images/Elio_Altare_Barolo_2021.png,images/bottle_Elio_Altare_Barolo_2021.png,Barolo,Elio Altare,"earth, oak, red fruit, spices, non oak, black fruit, microbio, floral, dried fruit, vegetal, citrus fruit, tropical fruit, tree fruit","Beef, Pasta, Lamb, Game (deer, venison)",Nebbiolo
Castello dei Rampolla Sammarco 1982,Italy,285,4.3,images/Castello_dei_Rampolla_Sammarco_1982.png,images/bottle_Castello_dei_Rampolla_Sammarco_1982.png,Toscana,Castello dei Rampolla,"oak, earth, black fruit, non oak, red fruit, spices, microbio, vegetal, floral, dried fruit, citrus fruit, tree fruit, tropical fruit","Beef, Lamb, Veal, Poultry, Cured Meat","Cabernet Sauvignon, Merlot, Sangiovese, Canaiolo Nero"
Pahlmeyer Jayson Red 2022,United States,79.99,4.4,images/Pahlmeyer_Jayson_Red_2022.png,images/bottle_Pahlmeyer_Jayson_Red_2022.png,Napa Valley,Pahlmeyer,"oak, black fruit, earth, non oak, red fruit, spices, dried fruit, microbio, vegetal, floral, citrus fruit, tree fruit, tropical fruit","Beef, Lamb, Game (deer, venison), Poultry","Cabernet Sauvignon, Cabernet Franc, Malbec, Merlot, Petit Verdot"
Duckhorn Three Palms Vineyard Merlot 1987,United States,189,4.4,images/Duckhorn_Three_Palms_Vineyard_Merlot_1987.png,images/bottle_Duckhorn_Three_Palms_Vineyard_Merlot_1987.png,Napa Valley,Duckhorn,"oak, black fruit, non oak, red fruit, spices, earth, microbio, dried fruit, vegetal, floral, citrus fruit, tree fruit, tropical fruit","Beef, Lamb, Veal",Merlot
Château Larcis Ducasse Saint-Émilion Grand Cru (Premier Grand Cru Classé) 1985,France,358,4.2,images/Chteau_Larcis_Ducasse_Saint_milion_Grand_Cru_Premi.png,images/bottle_Chteau_Larcis_Ducasse_Saint_milion_Grand_Cr.png,Saint-Émilion Grand Cru,Château Larcis Ducasse,"oak, earth, black fruit, non oak, red fruit, spices, microbio, dried fruit, floral, vegetal, tree fruit, citrus fruit, tropical fruit","Beef, Lamb, Game (deer, venison), Poultry","Cabernet Sauvignon, Cabernet Franc, Malbec, Merlot, Petit Verdot, Carménère"
Château Puy-Blanquet Saint-Émilion Grand Cru 1990,France,89,3.8,images/Chteau_Puy_Blanquet_Saint_milion_Grand_Cru_1990.png,images/bottle_Chteau_Puy_Blanquet_Saint_milion_Grand_Cru_.png,Saint-Émilion Grand Cru,Château Puy-Blanquet,"oak, black fruit, earth, non oak, red fruit, spices, microbio, dried fruit, vegetal, floral, tree fruit, citrus fruit","Beef, Lamb, Game (deer, venison), Poultry","Cabernet Sauvignon, Cabernet Franc, Malbec, Merlot, Petit Verdot, Carménère"
Kenwood Jack London Vineyard Cabernet Sauvignon 1978,United States,260,4,images/Kenwood_Jack_London_Vineyard_Cabernet_Sauvignon_19.png,images/bottle_Kenwood_Jack_London_Vineyard_Cabernet_Sauvi.png,Sonoma Mountain,Kenwood,"oak, black fruit, spices, red fruit, earth, non oak, microbio, dried fruit, vegetal, floral, tree fruit, citrus fruit, tropical fruit","Beef, Lamb, Game (deer, venison)",Cabernet Sauvignon
Locations F (France),France,16.99,3.8,images/Locations_F_France.png,images/bottle_Locations_F_France.png,Vin de France,Locations,"black fruit, red fruit, oak, earth, spices, non oak, microbio, dried fruit, floral, vegetal, citrus fruit, tree fruit, tropical fruit",,
Planet Oregon Pinot Noir 2023,United States,24,3.9,images/Planet_Oregon_Pinot_Noir_2023.png,images/bottle_Planet_Oregon_Pinot_Noir_2023.png,Oregon,Planet Oregon,"red fruit, oak, earth, non oak, spices, black fruit, microbio, vegetal, floral, dried fruit, citrus fruit, tree fruit, tropical fruit","Beef, Veal, Game (deer, venison), Poultry",Pinot Noir
El Enemigo Malbec 2019,Argentina,29.99,4.3,images/El_Enemigo_Malbec_2019.png,images/bottle_El_Enemigo_Malbec_2019.png,Mendoza,El Enemigo,"oak, black fruit, non oak, earth, spices, red fruit, microbio, floral, dried fruit, vegetal, citrus fruit, tree fruit, tropical fruit","Beef, Lamb, Pork",Malbec
Bartolo Mascarello Barolo 2021,Italy,350,4.4,images/Bartolo_Mascarello_Barolo_2021.png,images/bottle_Bartolo_Mascarello_Barolo_2021.png,Barolo,Bartolo Mascarello,"earth, red fruit, oak, spices, non oak, floral, black fruit, microbio, dried fruit, citrus fruit, vegetal, tree fruit, tropical fruit","Beef, Pasta, Lamb, Game (deer, venison)",Nebbiolo
Tenuta San Guido Guidalberto 2019,Italy,69.99,4.2,images/Tenuta_San_Guido_Guidalberto_2019.png,images/bottle_Tenuta_San_Guido_Guidalberto_2019.png,Toscana,Tenuta San Guido,"oak, black fruit, earth, red fruit, non oak, spices, microbio, floral, vegetal, dried fruit, citrus fruit, tree fruit, tropical fruit","Beef, Lamb, Veal, Poultry, Cured Meat","Cabernet Sauvignon, Merlot, Sangiovese, Canaiolo Nero"
Black Stallion Cabernet Sauvignon 2016,United States,53.56,4.2,images/Black_Stallion_Cabernet_Sauvignon_2016.png,images/bottle_Black_Stallion_Cabernet_Sauvignon_2016.png,Napa Valley,Black Stallion,"oak, black fruit, red fruit, non oak, spices, earth, microbio, dried fruit, vegetal, floral, tree fruit, citrus fruit, tropical fruit","Beef, Lamb, Game (deer, venison), Mature and hard cheese, Poultry",Cabernet Sauvignon
Château Grand-Pontet Saint-Émilion Grand Cru (Grand Cru Classé) 1970,France,155,4.1,images/Chteau_Grand_Pontet_Saint_milion_Grand_Cru_Grand_C.png,images/bottle_Chteau_Grand_Pontet_Saint_milion_Grand_Cru_.png,Saint-Émilion Grand Cru,Château Grand-Pontet,"oak, black fruit, earth, non oak, red fruit, spices, microbio, dried fruit, vegetal, floral, citrus fruit, tree fruit, tropical fruit","Beef, Lamb, Game (deer, venison), Poultry","Cabernet Sauvignon, Cabernet Franc, Malbec, Merlot, Petit Verdot, Carménère"
Sandrone Barolo Le Vigne 2021,Italy,141,4.3,images/Sandrone_Barolo_Le_Vigne_2021.png,images/bottle_Sandrone_Barolo_Le_Vigne_2021.png,Barolo,Sandrone,"earth, oak, red fruit, non oak, spices, black fruit, floral, microbio, dried fruit, vegetal, citrus fruit, tree fruit","Beef, Pasta, Lamb, Game (deer, venison)",Nebbiolo
Petit-Figeac Saint-Émilion 1995,France,119,4.2,images/Petit_Figeac_Saint_milion_1995.png,images/bottle_Petit_Figeac_Saint_milion_1995.png,Saint-Émilion,Petit-Figeac,"oak, black fruit, earth, non oak, spices, red fruit, microbio, floral, dried fruit, vegetal, citrus fruit, tree fruit, tropical fruit","Beef, Lamb, Game (deer, venison), Poultry","Cabernet Sauvignon, Cabernet Franc, Malbec, Merlot, Petit Verdot, Carménère"
Château de la Dauphine Fronsac 1990,France,64,3.9,images/Chteau_de_la_Dauphine_Fronsac_1990.png,images/bottle_Chteau_de_la_Dauphine_Fronsac_1990.png,Fronsac,Château de la Dauphine,"oak, black fruit, earth, non oak, red fruit, spices, microbio, dried fruit, floral, vegetal, citrus fruit, tree fruit, tropical fruit","Beef, Lamb, Game (deer, venison), Poultry","Cabernet Sauvignon, Cabernet Franc, Malbec, Merlot, Petit Verdot, Carménère"
Blue Rock Baby Blue 2022,United States,29.99,4.1,images/Blue_Rock_Baby_Blue_2022.png,images/bottle_Blue_Rock_Baby_Blue_2022.png,Alexander Valley,Blue Rock,"oak, black fruit, earth, non oak, spices, red fruit, microbio, vegetal, floral, dried fruit, tree fruit, citrus fruit","Beef, Lamb, Game (deer, venison), Poultry","Cabernet Sauvignon, Cabernet Franc, Malbec, Merlot, Petit Verdot, Carménère"
Spottswoode Cabernet Sauvignon 1988,United States,198,4.5,images/Spottswoode_Cabernet_Sauvignon_1988.png,images/bottle_Spottswoode_Cabernet_Sauvignon_1988.png,St. Helena,Spottswoode,"oak, black fruit, earth, non oak, red fruit, spices, microbio, floral, vegetal, dried fruit, tree fruit, citrus fruit, tropical fruit","Beef, Lamb, Game (deer, venison), Mature and hard cheese, Poultry",Cabernet Sauvignon
Domaine du Clos de Tart Clos de Tart Grand Cru Monopole 2021,France,839,4.5,images/Domaine_du_Clos_de_Tart_Clos_de_Tart_Grand_Cru_Mon.png,images/bottle_Domaine_du_Clos_de_Tart_Clos_de_Tart_Grand_.png,Clos de Tart Grand Cru,Domaine du Clos de Tart,"red fruit, earth, oak, black fruit, non oak, spices, floral, microbio, dried fruit, citrus fruit, vegetal, tropical fruit","Beef, Veal, Game (deer, venison), Poultry",Pinot Noir
Altos Las Hormigas Malbec Reserve 2022,Argentina,23,3.8,images/Altos_Las_Hormigas_Malbec_Reserve_2022.png,images/bottle_Altos_Las_Hormigas_Malbec_Reserve_2022.png,Uco Valley,Altos Las Hormigas,"black fruit, oak, earth, non oak, spices, red fruit, microbio, floral, vegetal, citrus fruit, dried fruit, tropical fruit, tree fruit","Beef, Lamb",Malbec
Château Belair-Monange Saint-Émilion Grand Cru (Premier Grand Cru Classé) 1970,France,195,4.3,images/Chteau_Belair_Monange_Saint_milion_Grand_Cru_Premi.png,images/bottle_Chteau_Belair_Monange_Saint_milion_Grand_Cr.png,Saint-Émilion Grand Cru,Château Belair-Monange,"oak, black fruit, earth, non oak, red fruit, spices, microbio, dried fruit, floral, vegetal, citrus fruit, tree fruit","Beef, Lamb, Game (deer, venison), Poultry","Cabernet Sauvignon, Cabernet Franc, Malbec, Merlot, Petit Verdot, Carménère"
Volver Tarima Hill Old Vines Monastrell 2015,Spain,12.99,4,images/Volver_Tarima_Hill_Old_Vines_Monastrell_2015.png,images/bottle_Volver_Tarima_Hill_Old_Vines_Monastrell_201.png,Alicante,Volver,"oak, black fruit, earth, red fruit, spices, non oak, microbio, dried fruit, floral, vegetal, citrus fruit, tree fruit, tropical fruit","Beef, Pasta, Lamb, Game (deer, venison)",Mourvedre
Château Dalem Fronsac 2022,France,25,4,images/Chteau_Dalem_Fronsac_2022.png,images/bottle_Chteau_Dalem_Fronsac_2022.png,Fronsac,Château Dalem,"oak, black fruit, earth, non oak, red fruit, spices, microbio, dried fruit, floral, vegetal, citrus fruit, tree fruit, tropical fruit","Beef, Lamb, Game (deer, venison), Poultry","Cabernet Sauvignon, Cabernet Franc, Malbec, Merlot, Petit Verdot, Carménère"
Copain Tous Ensemble Pinot Noir 2021,United States,55,4.1,images/Copain_Tous_Ensemble_Pinot_Noir_2021.png,images/bottle_Copain_Tous_Ensemble_Pinot_Noir_2021.png,Anderson Valley,Copain,"red fruit, oak, earth, non oak, spices, black fruit, microbio, vegetal, citrus fruit, tree fruit, floral, dried fruit, tropical fruit","Veal, Pork, Poultry, Mushrooms",Pinot Noir
Emilio Moro Emilio Moro 2020,Spain,28.99,4.2,images/Emilio_Moro_Emilio_Moro_2020.png,images/bottle_Emilio_Moro_Emilio_Moro_2020.png,Ribera del Duero,Emilio Moro,"oak, black fruit, non oak, earth, spices, red fruit, microbio, dried fruit, floral, vegetal, citrus fruit, tree fruit, tropical fruit","Beef, Lamb, Game (deer, venison)",Tempranillo
DAOU Cabernet Sauvignon 2022,United States,21.99,4,images/DAOU_Cabernet_Sauvignon_2022.png,images/bottle_DAOU_Cabernet_Sauvignon_2022.png,Paso Robles,DAOU,"oak, black fruit, red fruit, non oak, spices, earth, dried fruit, microbio, vegetal, floral, tree fruit, citrus fruit, tropical fruit","Beef, Lamb, Game (deer, venison)",Cabernet Sauvignon
Double Black Cabernet Sauvignon 1924,United States,21.99,3.9,images/Double_Black_Cabernet_Sauvignon_1924.png,images/bottle_Double_Black_Cabernet_Sauvignon_1924.png,Paso Robles,Double Black,"black fruit, oak, red fruit, non oak, earth, spices, dried fruit, microbio, vegetal, floral, tree fruit, citrus fruit","Beef, Lamb, Game (deer, venison)",Cabernet Sauvignon
Cavallotto Barolo Bricco Boschis 2021,Italy,108,4.2,images/Cavallotto_Barolo_Bricco_Boschis_2021.png,images/bottle_Cavallotto_Barolo_Bricco_Boschis_2021.png,Barolo,Cavallotto,"earth, oak, red fruit, non oak, spices, black fruit, microbio, floral, dried fruit, vegetal, citrus fruit, tree fruit","Beef, Pasta, Lamb, Game (deer, venison)",Nebbiolo
Joseph Drouhin Beaune 1er Cru 'Clos des Mouches' 1981,France,385,4.3,images/Joseph_Drouhin_Beaune_1er_Cru_Clos_des_Mouches_198.png,images/bottle_Joseph_Drouhin_Beaune_1er_Cru_Clos_des_Mouc.png,Beaune 1er Cru 'Le Clos des Mouches',Joseph Drouhin,"red fruit, earth, oak, non oak, spices, black fruit, microbio, citrus fruit, vegetal, floral, dried fruit, tree fruit, tropical fruit","Beef, Veal, Game (deer, venison), Poultry",Pinot Noir
Ornellaia Le Serre Nuove 2019,Italy,164.99,4.4,images/Ornellaia_Le_Serre_Nuove_2019.png,images/bottle_Ornellaia_Le_Serre_Nuove_2019.png,Bolgheri,Ornellaia,"oak, black fruit, earth, non oak, spices, red fruit, microbio, floral, dried fruit, vegetal, citrus fruit, tree fruit, tropical fruit","Beef, Pasta, Lamb, Veal, Game (deer, venison)","Cabernet Sauvignon, Merlot, Sangiovese"
Campo Viejo Reserva 2017,Spain,11.99,3.8,images/Campo_Viejo_Reserva_2017.png,images/bottle_Campo_Viejo_Reserva_2017.png,Rioja,Campo Viejo,"oak, non oak, spices, red fruit, earth, black fruit, microbio, dried fruit, vegetal, citrus fruit, floral, tree fruit, tropical fruit","Beef, Lamb, Veal, Poultry","Tempranillo, Graciano, Garnacha"
Cune (CVNE) Crianza 2020,Spain,11.99,3.7,images/Cune_CVNE_Crianza_2020.png,images/bottle_Cune_CVNE_Crianza_2020.png,Rioja,Cune (CVNE),"oak, red fruit, non oak, spices, earth, black fruit, microbio, dried fruit, floral, vegetal, tree fruit, citrus fruit, tropical fruit","Beef, Lamb, Veal, Poultry","Tempranillo, Graciano, Garnacha"
Kings Ridge Pinot Noir 2023,United States,14.99,3.7,images/Kings_Ridge_Pinot_Noir_2023.png,images/bottle_Kings_Ridge_Pinot_Noir_2023.png,Willamette Valley,Kings Ridge,"red fruit, oak, earth, non oak, spices, black fruit, microbio, citrus fruit, vegetal, floral, dried fruit, tree fruit, tropical fruit","Beef, Veal, Game (deer, venison), Poultry",Pinot Noir
Château l'Enclos Pomerol 1970,France,260,4.2,images/Chteau_lEnclos_Pomerol_1970.png,images/bottle_Chteau_lEnclos_Pomerol_1970.png,Pomerol,Château l'Enclos,"black fruit, oak, earth, red fruit, non oak, spices, microbio, dried fruit, floral, vegetal, citrus fruit, tree fruit, tropical fruit","Beef, Lamb, Game (deer, venison), Poultry","Cabernet Sauvignon, Cabernet Franc, Malbec, Merlot, Petit Verdot, Carménère"
Domaine de Marcoux Châteauneuf-du-Pape 1990,France,380,4.2,images/Domaine_de_Marcoux_Chteauneuf_du_Pape_1990.png,images/bottle_Domaine_de_Marcoux_Chteauneuf_du_Pape_1990.png,Châteauneuf-du-Pape,Domaine de Marcoux,"oak, earth, red fruit, spices, non oak, black fruit, microbio, floral, dried fruit, vegetal, tree fruit, citrus fruit","Lamb, Pork, Poultry","Shiraz/Syrah, Mourvedre, Counoise, Cinsaut, Vaccareze, Muscardin"
Château Lestage Listrac-Médoc 1961,France,335,3.7,images/Chteau_Lestage_Listrac_Mdoc_1961.png,images/bottle_Chteau_Lestage_Listrac_Mdoc_1961.png,Listrac-Médoc,Château Lestage,"oak, black fruit, earth, non oak, red fruit, spices, microbio, dried fruit, citrus fruit, vegetal, floral","Beef, Game (deer, venison), Poultry","Cabernet Sauvignon, Cabernet Franc, Malbec, Merlot, Petit Verdot, Carménère"
Firesteed Pinot Noir Willamette Valley 2022,United States,12.99,3.7,images/Firesteed_Pinot_Noir_Willamette_Valley_2022.png,images/bottle_Firesteed_Pinot_Noir_Willamette_Valley_2022.png,Willamette Valley,Firesteed,"red fruit, oak, earth, non oak, spices, black fruit, microbio, tree fruit, dried fruit, vegetal, floral, citrus fruit, tropical fruit","Beef, Veal, Game (deer, venison), Poultry",Pinot Noir
Baron de Ley Rioja Reserva 2018,Spain,22.99,3.9,images/Baron_de_Ley_Rioja_Reserva_2018.png,images/bottle_Baron_de_Ley_Rioja_Reserva_2018.png,Rioja,Baron de Ley,"oak, non oak, spices, black fruit, earth, red fruit, microbio, dried fruit, vegetal, floral, citrus fruit, tree fruit, tropical fruit","Beef, Lamb, Veal, Poultry","Tempranillo, Graciano, Garnacha"
Grgich Hills Zinfandel 1996,United States,125,4,images/Grgich_Hills_Zinfandel_1996.png,images/bottle_Grgich_Hills_Zinfandel_1996.png,Napa Valley,Grgich Hills,"black fruit, red fruit, oak, spices, earth, non oak, dried fruit, microbio, vegetal, floral, citrus fruit, tree fruit, tropical fruit","Beef, Lamb, Poultry",Zinfandel
Sterling Vineyards Vintner's Collection Pinot Noir 2023,United States,11.99,3.6,images/Sterling_Vineyards_Vintners_Collection_Pinot_Noir_.png,images/bottle_Sterling_Vineyards_Vintners_Collection_Pino.png,California,Sterling Vineyards,"red fruit, oak, earth, non oak, spices, black fruit, microbio, dried fruit, tree fruit, vegetal, citrus fruit, floral","Beef, Veal, Game (deer, venison), Poultry",Pinot Noir
Tenuta Regaleali Vigna San Francesco Cabernet Sauvignon 2001,Italy,63.66,4.2,images/Tenuta_Regaleali_Vigna_San_Francesco_Cabernet_Sauv.png,images/bottle_Tenuta_Regaleali_Vigna_San_Francesco_Cabern.png,Sicilia,Tenuta Regaleali,"oak, black fruit, spices, non oak, earth, red fruit, microbio, dried fruit, vegetal, floral, citrus fruit, tree fruit, tropical fruit","Beef, Pasta, Lamb","Primitivo, Aglianico, Negroamaro, Nero d'Avola"
Spring Mountain Vineyard Cabernet Sauvignon 1973,United States,690,4.4,images/Spring_Mountain_Vineyard_Cabernet_Sauvignon_1973.png,images/bottle_Spring_Mountain_Vineyard_Cabernet_Sauvignon.png,Napa Valley,Spring Mountain Vineyard,"oak, black fruit, earth, non oak, red fruit, spices, microbio, dried fruit, floral, vegetal, tree fruit, tropical fruit, citrus fruit","Beef, Lamb, Game (deer, venison), Mature and hard cheese, Poultry",Cabernet Sauvignon
Château Certan de May Pomerol 1970,France,250,4.3,images/Chteau_Certan_de_May_Pomerol_1970.png,images/bottle_Chteau_Certan_de_May_Pomerol_1970.png,Pomerol,Château Certan de May,"oak, earth, black fruit, non oak, red fruit, spices, microbio, dried fruit, floral, vegetal, tree fruit, citrus fruit, tropical fruit","Beef, Lamb, Game (deer, venison), Poultry","Cabernet Sauvignon, Cabernet Franc, Malbec, Merlot, Petit Verdot, Carménère"
Dunn Cabernet Sauvignon 1983,United States,269,4.4,images/Dunn_Cabernet_Sauvignon_1983.png,images/bottle_Dunn_Cabernet_Sauvignon_1983.png,Napa Valley,Dunn,"oak, earth, black fruit, non oak, spices, red fruit, microbio, dried fruit, floral, vegetal, tree fruit, tropical fruit, citrus fruit","Beef, Lamb, Game (deer, venison), Mature and hard cheese, Poultry",Cabernet Sauvignon
Château Haut-Segottes Saint-Émilion Grand Cru 2000,France,69,4.2,images/Chteau_Haut_Segottes_Saint_milion_Grand_Cru_2000.png,images/bottle_Chteau_Haut_Segottes_Saint_milion_Grand_Cru.png,Saint-Émilion Grand Cru,Château Haut-Segottes,"oak, earth, black fruit, non oak, spices, red fruit, microbio, dried fruit, floral, vegetal, tree fruit, citrus fruit, tropical fruit","Beef, Lamb, Game (deer, venison), Poultry","Cabernet Sauvignon, Cabernet Franc, Malbec, Merlot, Petit Verdot, Carménère"
Galil Mountain Winery (יקב הרי גליל) Yiron 2022,Israel,45.99,4.3,images/Galil_Mountain_Winery_Yiron_2022.png,images/bottle_Galil_Mountain_Winery_Yiron_2022.png,Upper Galilee,Galil Mountain Winery (יקב הרי גליל),"oak, black fruit, red fruit, spices, non oak, earth, microbio, dried fruit, floral, tropical fruit, vegetal, citrus fruit, tree fruit","Beef, Pasta, Lamb, Game (deer, venison), Any junk food will do, Cured Meat",
Domaine Drouhin Lauréne Pinot Noir 2003,United States,139,4.3,images/Domaine_Drouhin_Laurne_Pinot_Noir_2003.png,images/bottle_Domaine_Drouhin_Laurne_Pinot_Noir_2003.png,Dundee Hills,Domaine Drouhin,"red fruit, oak, earth, non oak, spices, black fruit, microbio, floral, vegetal, dried fruit, citrus fruit, tree fruit, tropical fruit","Beef, Veal, Game (deer, venison), Poultry",Pinot Noir
Gouguenheim Valle Escondido Reserva Malbec 2022,Argentina,11.99,3.9,images/Gouguenheim_Valle_Escondido_Reserva_Malbec_2022.png,images/bottle_Gouguenheim_Valle_Escondido_Reserva_Malbec_.png,Uco Valley,Gouguenheim,"oak, black fruit, earth, non oak, red fruit, spices, microbio, dried fruit, floral, vegetal, tree fruit, citrus fruit, tropical fruit","Beef, Lamb",Malbec
Whitehall Lane Cabernet Sauvignon 1987,United States,92,4.1,images/Whitehall_Lane_Cabernet_Sauvignon_1987.png,images/bottle_Whitehall_Lane_Cabernet_Sauvignon_1987.png,Napa Valley,Whitehall Lane,"oak, black fruit, non oak, earth, red fruit, spices, microbio, dried fruit, vegetal, tree fruit, floral, citrus fruit","Beef, Lamb, Game (deer, venison), Mature and hard cheese, Poultry",Cabernet Sauvignon
La Rioja Alta Viña Ardanza Reserva 2017,Spain,40,4.3,images/La_Rioja_Alta_Via_Ardanza_Reserva_2017.png,images/bottle_La_Rioja_Alta_Via_Ardanza_Reserva_2017.png,Rioja,La Rioja Alta,"oak, non oak, earth, spices, red fruit, black fruit, microbio, dried fruit, vegetal, floral, citrus fruit, tree fruit, tropical fruit","Beef, Lamb, Veal, Poultry","Tempranillo, Graciano, Garnacha"
Château Haut-Bages Monpelou Pauillac 1966,France,245,4.1,images/Chteau_Haut_Bages_Monpelou_Pauillac_1966.png,images/bottle_Chteau_Haut_Bages_Monpelou_Pauillac_1966.png,Pauillac,Château Haut-Bages Monpelou,"oak, black fruit, non oak, earth, spices, red fruit, microbio, dried fruit, floral, vegetal, tree fruit, citrus fruit","Beef, Lamb, Game (deer, venison), Poultry","Cabernet Sauvignon, Cabernet Franc, Malbec, Merlot, Petit Verdot, Carménère"
Domaine de la Janasse Châteauneuf-du-Pape Chaupin 1990,France,194,4.2,images/Domaine_de_la_Janasse_Chteauneuf_du_Pape_Chaupin_1.png,images/bottle_Domaine_de_la_Janasse_Chteauneuf_du_Pape_Ch.png,Châteauneuf-du-Pape,Domaine de la Janasse,"red fruit, black fruit, spices, oak, earth, non oak, floral, dried fruit, microbio, vegetal, citrus fruit, tree fruit","Lamb, Pork, Poultry","Shiraz/Syrah, Mourvedre, Counoise, Cinsaut, Vaccareze, Muscardin"
Tommasi Amarone della Valpolicella Classico 2017,Italy,60,4.3,images/Tommasi_Amarone_della_Valpolicella_Classico_2017.png,images/bottle_Tommasi_Amarone_della_Valpolicella_Classico.png,Amarone della Valpolicella Classico,Tommasi,"oak, black fruit, red fruit, earth, non oak, dried fruit, spices, microbio, vegetal, floral, citrus fruit, tree fruit, tropical fruit","Beef, Lamb, Game (deer, venison), Blue cheese","Corvina, Rondinella, Corvinone"
Ornellaia Le Volte 2022,Italy,29.99,4.1,images/Ornellaia_Le_Volte_2022.png,images/bottle_Ornellaia_Le_Volte_2022.png,Toscana,Ornellaia,"oak, black fruit, red fruit, earth, non oak, spices, microbio, floral, dried fruit, vegetal, citrus fruit, tree fruit, tropical fruit","Beef, Lamb, Veal, Poultry, Cured Meat","Cabernet Sauvignon, Merlot, Sangiovese, Canaiolo Nero"
7 Deadly Wines 7 Deadly Zins Old Vine Zinfandel 2016,United States,11.99,3.8,images/7_Deadly_Wines_7_Deadly_Zins_Old_Vine_Zinfandel_20.png,images/bottle_7_Deadly_Wines_7_Deadly_Zins_Old_Vine_Zinfa.png,Lodi,7 Deadly Wines,"oak, black fruit, non oak, earth, red fruit, spices, dried fruit, microbio, vegetal, floral, tree fruit, citrus fruit, tropical fruit","Beef, Lamb, Poultry",Zinfandel
Coltibuono Chianti Classico Riserva 1979,Italy,117,3.9,images/Coltibuono_Chianti_Classico_Riserva_1979.png,images/bottle_Coltibuono_Chianti_Classico_Riserva_1979.png,Chianti Classico,Coltibuono,"oak, red fruit, earth, non oak, spices, black fruit, microbio, dried fruit, vegetal, floral, citrus fruit, tree fruit, tropical fruit","Beef, Pasta, Veal, Cured Meat",Sangiovese
Carol Shelton Wild Thing Old Vine Zinfandel 2022,United States,18.99,3.9,images/Carol_Shelton_Wild_Thing_Old_Vine_Zinfandel_2022.png,images/bottle_Carol_Shelton_Wild_Thing_Old_Vine_Zinfandel.png,Mendocino County,Carol Shelton,"red fruit, oak, black fruit, spices, non oak, earth, microbio, dried fruit, vegetal, floral, tree fruit, citrus fruit, tropical fruit","Beef, Lamb, Poultry",Zinfandel
Seghesio Sonoma Zinfandel 2019,United States,29.99,4.1,images/Seghesio_Sonoma_Zinfandel_2019.png,images/bottle_Seghesio_Sonoma_Zinfandel_2019.png,Sonoma County,Seghesio,"black fruit, oak, spices, red fruit, non oak, earth, dried fruit, microbio, floral, vegetal, tree fruit, citrus fruit, tropical fruit","Beef, Lamb, Poultry",Zinfandel
Meiomi Pinot Noir 2022,United States,19.99,3.8,images/Meiomi_Pinot_Noir_2022.png,images/bottle_Meiomi_Pinot_Noir_2022.png,California,Meiomi,"oak, red fruit, non oak, spices, black fruit, earth, microbio, dried fruit, vegetal, floral, tree fruit, citrus fruit, tropical fruit","Beef, Veal, Game (deer, venison), Poultry",Pinot Noir
Crimson Ranch Cabernet Sauvignon 2022,United States,17.97,3.8,images/Crimson_Ranch_Cabernet_Sauvignon_2022.png,images/bottle_Crimson_Ranch_Cabernet_Sauvignon_2022.png,California,Crimson Ranch,"oak, red fruit, non oak, spices, black fruit, earth, microbio, dried fruit, vegetal, tree fruit, floral, tropical fruit","Beef, Lamb, Game (deer, venison), Poultry",Cabernet Sauvignon
Tenuta San Guido Le Difese 2015,Italy,24.08,3.7,images/Tenuta_San_Guido_Le_Difese_2015.png,images/bottle_Tenuta_San_Guido_Le_Difese_2015.png,Toscana,Tenuta San Guido,"red fruit, oak, earth, black fruit, non oak, spices, microbio, floral, vegetal, dried fruit, citrus fruit, tree fruit, tropical fruit","Beef, Lamb, Veal, Poultry, Cured Meat","Cabernet Sauvignon, Merlot, Sangiovese, Canaiolo Nero"
Allegrini Palazzo della Torre 2018,Italy,19.99,4,images/Allegrini_Palazzo_della_Torre_2018.png,images/bottle_Allegrini_Palazzo_della_Torre_2018.png,Verona,Allegrini,"oak, earth, black fruit, red fruit, non oak, spices, dried fruit, microbio, vegetal, floral, citrus fruit, tree fruit, tropical fruit","Beef, Pasta, Lamb, Game (deer, venison)","Nebbiolo, Barbera, Dolcetto"
Pride Mountain Vineyards Merlot 1994,United States,239,4.3,images/Pride_Mountain_Vineyards_Merlot_1994.png,images/bottle_Pride_Mountain_Vineyards_Merlot_1994.png,California,Pride Mountain Vineyards,"oak, black fruit, red fruit, non oak, earth, spices, microbio, dried fruit, floral, vegetal, tree fruit, citrus fruit, tropical fruit","Beef, Lamb, Veal",Merlot
Masi Campolongo di Torbe Amarone della Valpolicella Classico 1983,Italy,270,4.5,images/Masi_Campolongo_di_Torbe_Amarone_della_Valpolicell.png,images/bottle_Masi_Campolongo_di_Torbe_Amarone_della_Valp.png,Amarone della Valpolicella Classico,Masi,"oak, black fruit, earth, red fruit, non oak, dried fruit, spices, microbio, vegetal, floral, tree fruit, citrus fruit, tropical fruit","Beef, Lamb, Game (deer, venison), Blue cheese","Corvina, Rondinella, Corvinone"
Zaha Toko Vineyard Malbec 2021,Argentina,29.99,4.1,images/Zaha_Toko_Vineyard_Malbec_2021.png,images/bottle_Zaha_Toko_Vineyard_Malbec_2021.png,Paraje Altamira,Zaha,"black fruit, oak, earth, spices, non oak, red fruit, microbio, dried fruit, floral, tree fruit, vegetal","Beef, Lamb",Malbec
Bodegas Care Tinto Sobre Lías Garnacha - Syrah 2024,Spain,11.99,3.9,images/Bodegas_Care_Tinto_Sobre_Las_Garnacha_Syrah_2024.png,images/bottle_Bodegas_Care_Tinto_Sobre_Las_Garnacha_Syrah.png,Cariñena,Bodegas Care,"black fruit, oak, non oak, red fruit, spices, earth, microbio, dried fruit, floral, vegetal, tropical fruit, citrus fruit, tree fruit","Beef, Pasta, Lamb, Game (deer, venison)","Shiraz/Syrah, Grenache, Mourvedre"
Auguste Clape Cornas 2022,France,209.99,4.3,images/Auguste_Clape_Cornas_2022.png,images/bottle_Auguste_Clape_Cornas_2022.png,Cornas,Auguste Clape,"earth, black fruit, oak, spices, non oak, red fruit, floral, microbio, vegetal, dried fruit, citrus fruit, tree fruit, tropical fruit","Beef, Lamb, Game (deer, venison), Poultry",Shiraz/Syrah
Rombauer Vineyards Cabernet Sauvignon 2000,United States,472,4.2,images/Rombauer_Vineyards_Cabernet_Sauvignon_2000.png,images/bottle_Rombauer_Vineyards_Cabernet_Sauvignon_2000.png,Napa Valley,Rombauer Vineyards,"oak, black fruit, red fruit, non oak, spices, earth, microbio, vegetal, dried fruit, floral, citrus fruit, tree fruit, tropical fruit","Beef, Lamb, Game (deer, venison), Mature and hard cheese, Poultry",Cabernet Sauvignon
Chappellet Pritchard Hill Cabernet Sauvignon 1990,United States,299,4.6,images/Chappellet_Pritchard_Hill_Cabernet_Sauvignon_1990.png,images/bottle_Chappellet_Pritchard_Hill_Cabernet_Sauvigno.png,Napa Valley,Chappellet,"black fruit, oak, earth, non oak, red fruit, spices, dried fruit, microbio, floral, vegetal, tree fruit, citrus fruit","Beef, Lamb, Game (deer, venison), Mature and hard cheese, Poultry",Cabernet Sauvignon
Poggio Antico Altero Brunello di Montalcino 1990,Italy,130,4.4,images/Poggio_Antico_Altero_Brunello_di_Montalcino_1990.png,images/bottle_Poggio_Antico_Altero_Brunello_di_Montalcino.png,Brunello di Montalcino,Poggio Antico,"oak, earth, red fruit, non oak, spices, black fruit, dried fruit, microbio, vegetal, floral, citrus fruit, tree fruit","Beef, Lamb, Game (deer, venison), Poultry",Sangiovese
Clos l'Eglise Pomerol 1970,France,290,4.3,images/Clos_lEglise_Pomerol_1970.png,images/bottle_Clos_lEglise_Pomerol_1970.png,Pomerol,Clos l'Eglise,"oak, earth, black fruit, non oak, spices, red fruit, microbio, dried fruit, floral, vegetal, citrus fruit, tree fruit, tropical fruit","Beef, Lamb, Game (deer, venison), Poultry","Cabernet Sauvignon, Cabernet Franc, Malbec, Merlot, Petit Verdot, Carménère"
Ridge Vineyards Pagani Ranch Zinfandel 2001,United States,199,4.2,images/Ridge_Vineyards_Pagani_Ranch_Zinfandel_2001.png,images/bottle_Ridge_Vineyards_Pagani_Ranch_Zinfandel_2001.png,Sonoma Valley,Ridge Vineyards,"oak, black fruit, red fruit, non oak, spices, earth, dried fruit, microbio, floral, vegetal, tree fruit, citrus fruit, tropical fruit","Beef, Lamb, Poultry",Zinfandel
Château Angelus Le Carillon d’Angélus Saint-Émilion Grand Cru 2023,France,85,4.3,images/Chteau_Angelus_Le_Carillon_dAnglus_Saint_milion_Gr.png,images/bottle_Chteau_Angelus_Le_Carillon_dAnglus_Saint_mi.png,Saint-Émilion Grand Cru,Château Angelus,"oak, black fruit, non oak, earth, spices, red fruit, microbio, vegetal, dried fruit, floral, citrus fruit, tree fruit, tropical fruit","Beef, Lamb, Game (deer, venison), Poultry","Cabernet Sauvignon, Cabernet Franc, Malbec, Merlot, Petit Verdot, Carménère"
Ménage à Trois Midnight Dark Red Blend 2018,United States,12.84,3.8,images/Mnage_Trois_Midnight_Dark_Red_Blend_2018.png,images/bottle_Mnage_Trois_Midnight_Dark_Red_Blend_2018.png,California,Ménage à Trois,"oak, black fruit, red fruit, earth, non oak, spices, microbio, dried fruit, vegetal, floral, citrus fruit, tree fruit, tropical fruit","Beef, Lamb, Veal, Poultry","Shiraz/Syrah, Cabernet Sauvignon, Merlot, Zinfandel"
Campo Viejo Tempranillo 2021,Spain,12.99,3.7,images/Campo_Viejo_Tempranillo_2021.png,images/bottle_Campo_Viejo_Tempranillo_2021.png,Rioja,Campo Viejo,"oak, red fruit, non oak, spices, black fruit, earth, microbio, dried fruit, citrus fruit, vegetal, floral, tree fruit, tropical fruit","Beef, Lamb, Veal, Poultry","Tempranillo, Graciano, Garnacha"
Château Baret Pessac-Léognan 1982,France,194,3.8,images/Chteau_Baret_Pessac_Lognan_1982.png,images/bottle_Chteau_Baret_Pessac_Lognan_1982.png,Pessac-Léognan,Château Baret,"oak, earth, black fruit, non oak, red fruit, spices, microbio, citrus fruit, tree fruit, floral, dried fruit, vegetal, tropical fruit","Beef, Lamb, Game (deer, venison), Poultry","Cabernet Sauvignon, Cabernet Franc, Malbec, Merlot, Petit Verdot, Carménère"
Maison Noir O.P.P. Pinot Noir 2023,United States,18.99,3.8,images/Maison_Noir_OPP_Pinot_Noir_2023.png,images/bottle_Maison_Noir_OPP_Pinot_Noir_2023.png,Willamette Valley,Maison Noir,"red fruit, earth, oak, non oak, spices, black fruit, microbio, floral, vegetal, dried fruit, tree fruit, citrus fruit, tropical fruit","Beef, Veal, Game (deer, venison), Poultry",Pinot Noir
Carnivor Zinfandel 2015,United States,12.99,3.8,images/Carnivor_Zinfandel_2015.png,images/bottle_Carnivor_Zinfandel_2015.png,California,Carnivor,"oak, black fruit, non oak, red fruit, spices, earth, dried fruit, microbio, floral, vegetal, tree fruit, citrus fruit, tropical fruit","Beef, Lamb, Poultry",Zinfandel
Heitz Cellar Bella Oaks Vineyard Cabernet Sauvignon 1988,United States,279,4.3,images/Heitz_Cellar_Bella_Oaks_Vineyard_Cabernet_Sauvigno.png,images/bottle_Heitz_Cellar_Bella_Oaks_Vineyard_Cabernet_S.png,Napa Valley,Heitz Cellar,"oak, red fruit, non oak, black fruit, earth, spices, vegetal, microbio, dried fruit, tree fruit, citrus fruit, floral, tropical fruit","Beef, Lamb, Game (deer, venison), Mature and hard cheese, Poultry",Cabernet Sauvignon
Domaine Jean-Louis Chave Saint-Joseph 2022,France,99,4.3,images/Domaine_Jean_Louis_Chave_Saint_Joseph_2022.png,images/bottle_Domaine_Jean_Louis_Chave_Saint_Joseph_2022.png,Saint-Joseph,Domaine Jean-Louis Chave,"earth, black fruit, oak, spices, red fruit, non oak, floral, microbio, vegetal, dried fruit, citrus fruit, tree fruit","Beef, Lamb, Game (deer, venison), Poultry",Shiraz/Syrah
Columbia Crest Grand Estates Cabernet Sauvignon 2016,United States,19.99,3.7,images/Columbia_Crest_Grand_Estates_Cabernet_Sauvignon_20.png,images/bottle_Columbia_Crest_Grand_Estates_Cabernet_Sauvi.png,Washington,Columbia Crest,"oak, black fruit, non oak, spices, red fruit, earth, microbio, dried fruit, vegetal, floral, tree fruit, citrus fruit, tropical fruit","Beef, Lamb, Game (deer, venison), Poultry",Cabernet Sauvignon
Far Niente Cave Collection Cabernet Sauvignon 1995,United States,250,4.6,images/Far_Niente_Cave_Collection_Cabernet_Sauvignon_1995.png,images/bottle_Far_Niente_Cave_Collection_Cabernet_Sauvign.png,Oakville,Far Niente,"oak, black fruit, earth, red fruit, non oak, spices, microbio, dried fruit, vegetal, floral, citrus fruit, tree fruit, tropical fruit","Beef, Lamb, Game (deer, venison), Mature and hard cheese, Poultry",Cabernet Sauvignon
El Coto Crianza 2019,Spain,12.99,3.7,images/El_Coto_Crianza_2019.png,images/bottle_El_Coto_Crianza_2019.png,Rioja Alavesa,El Coto,"oak, red fruit, non oak, spices, earth, black fruit, microbio, dried fruit, vegetal, citrus fruit, floral, tree fruit, tropical fruit","Beef, Lamb, Veal, Poultry","Tempranillo, Graciano, Garnacha"
Château Haut Selve Graves 2021,France,16.99,3.9,images/Chteau_Haut_Selve_Graves_2021.png,images/bottle_Chteau_Haut_Selve_Graves_2021.png,Graves,Château Haut Selve,"oak, earth, black fruit, non oak, red fruit, spices, microbio, vegetal, dried fruit, floral, tree fruit, citrus fruit, tropical fruit","Beef, Lamb, Game (deer, venison), Poultry","Cabernet Sauvignon, Cabernet Franc, Malbec, Merlot, Petit Verdot, Carménère"
Radius Merlot 2022,United States,13.97,3.7,images/Radius_Merlot_2022.png,images/bottle_Radius_Merlot_2022.png,Washington,Radius,"red fruit, oak, non oak, black fruit, spices, earth, microbio, dried fruit, tree fruit, citrus fruit, floral","Beef, Lamb, Veal",Merlot
Produttori del Barbaresco Barbaresco Riserva Ovello 2020,Italy,69.99,4.2,images/Produttori_del_Barbaresco_Barbaresco_Riserva_Ovell.png,images/bottle_Produttori_del_Barbaresco_Barbaresco_Riserv.png,Barbaresco,Produttori del Barbaresco,"earth, red fruit, oak, non oak, spices, black fruit, floral, microbio, dried fruit, citrus fruit, vegetal, tree fruit, tropical fruit","Beef, Pasta, Lamb, Game (deer, venison)",Nebbiolo
Château de Bel-Air Lalande-de-Pomerol 1990,France,90,3.9,images/Chteau_de_Bel_Air_Lalande_de_Pomerol_1990.png,images/bottle_Chteau_de_Bel_Air_Lalande_de_Pomerol_1990.png,Lalande-de-Pomerol,Château de Bel-Air,"oak, earth, black fruit, non oak, red fruit, spices, microbio, floral, vegetal, dried fruit, citrus fruit, tree fruit","Beef, Lamb, Game (deer, venison), Poultry","Cabernet Sauvignon, Cabernet Franc, Malbec, Merlot, Petit Verdot, Carménère"
Château Beausejour (héritiers Duffau-Lagarrosse) Saint-Émilion Grand Cru (Premier Grand Cru Classé) 1966,France,257,4.2,images/Chteau_Beausejour_hritiers_Duffau_Lagarrosse_Saint.png,images/bottle_Chteau_Beausejour_hritiers_Duffau_Lagarross.png,Saint-Émilion Grand Cru,Château Beausejour (héritiers Duffau-Lagarrosse),"oak, earth, black fruit, non oak, red fruit, spices, microbio, dried fruit, floral, vegetal, citrus fruit, tree fruit, tropical fruit","Beef, Lamb, Game (deer, venison), Poultry","Cabernet Sauvignon, Cabernet Franc, Malbec, Merlot, Petit Verdot, Carménère"
Tedeschi Capitel Monte Olmi Amarone della Valpolicella Classico Riserva 1990,Italy,319,4.3,images/Tedeschi_Capitel_Monte_Olmi_Amarone_della_Valpolic.png,images/bottle_Tedeschi_Capitel_Monte_Olmi_Amarone_della_V.png,Amarone della Valpolicella Classico,Tedeschi,"oak, earth, black fruit, non oak, red fruit, dried fruit, spices, vegetal, microbio, floral, citrus fruit, tree fruit","Beef, Lamb, Game (deer, venison), Blue cheese","Corvina, Rondinella, Corvinone"
Beringer Cabernet Sauvignon (Bold & Balanced) 1998,United States,149,3.5,images/Beringer_Cabernet_Sauvignon_Bold_Balanced_1998.png,images/bottle_Beringer_Cabernet_Sauvignon_Bold_Balanced_1.png,California,Beringer,"black fruit, oak, red fruit, spices, non oak, earth, microbio, vegetal, dried fruit, tree fruit, floral, citrus fruit","Beef, Lamb, Game (deer, venison), Poultry",Cabernet Sauvignon
Alamos Malbec 2023,Argentina,10.69,3.8,images/Alamos_Malbec_2023.png,images/bottle_Alamos_Malbec_2023.png,Mendoza,Alamos,"black fruit, oak, red fruit, earth, non oak, spices, microbio, dried fruit, floral, vegetal, citrus fruit, tree fruit, tropical fruit","Beef, Lamb, Pork",Malbec
Ravenswood Old Vine Zinfandel 2022,United States,42,3.8,images/Ravenswood_Old_Vine_Zinfandel_2022.png,images/bottle_Ravenswood_Old_Vine_Zinfandel_2022.png,Napa Valley,Ravenswood,"oak, black fruit, red fruit, non oak, spices, earth, microbio, dried fruit, vegetal, tree fruit, floral, citrus fruit, tropical fruit","Beef, Lamb, Poultry",Zinfandel
Peter Michael Les Pavots 2022,United States,249.99,4.6,images/Peter_Michael_Les_Pavots_2022.png,images/bottle_Peter_Michael_Les_Pavots_2022.png,Knights Valley,Peter Michael,"oak, black fruit, earth, non oak, spices, red fruit, microbio, floral, vegetal, dried fruit, tree fruit, citrus fruit, tropical fruit","Beef, Lamb, Game (deer, venison), Poultry","Cabernet Sauvignon, Cabernet Franc, Malbec, Merlot, Petit Verdot, Carménère"
Caymus Vineyards Special Selection Cabernet Sauvignon 2012,United States,250,4.6,images/Caymus_Vineyards_Special_Selection_Cabernet_Sauvig.png,images/bottle_Caymus_Vineyards_Special_Selection_Cabernet.png,Napa Valley,Caymus Vineyards,"oak, black fruit, non oak, spices, earth, red fruit, microbio, dried fruit, floral, vegetal, tree fruit, citrus fruit, tropical fruit","Beef, Lamb, Game (deer, venison), Mature and hard cheese, Poultry",Cabernet Sauvignon
Bodegas Marqués de Cáceres Crianza 2019,Spain,14.99,3.8,images/Bodegas_Marqus_de_Cceres_Crianza_2019.png,images/bottle_Bodegas_Marqus_de_Cceres_Crianza_2019.png,Rioja,Bodegas Marqués de Cáceres,"oak, red fruit, non oak, spices, black fruit, earth, microbio, dried fruit, vegetal, floral, citrus fruit, tree fruit, tropical fruit","Beef, Lamb, Veal, Poultry","Tempranillo, Graciano, Garnacha"
Twenty Rows Cabernet Sauvignon 2022,United States,16.99,4,images/Twenty_Rows_Cabernet_Sauvignon_2022.png,images/bottle_Twenty_Rows_Cabernet_Sauvignon_2022.png,Napa Valley,Twenty Rows,"oak, non oak, black fruit, spices, earth, red fruit, microbio, dried fruit, vegetal, floral, citrus fruit, tree fruit","Beef, Lamb, Game (deer, venison), Mature and hard cheese, Poultry",Cabernet Sauvignon
La Spinetta Pin 1995,Italy,120,4.1,images/La_Spinetta_Pin_1995.png,images/bottle_La_Spinetta_Pin_1995.png,Monferrato,La Spinetta,"oak, earth, red fruit, non oak, black fruit, spices, dried fruit, floral, microbio, vegetal, tree fruit, citrus fruit, tropical fruit","Beef, Pasta, Lamb, Game (deer, venison)","Nebbiolo, Barbera, Dolcetto"
Zolo Malbec 2024,Argentina,14.99,3.6,images/Zolo_Malbec_2024.png,images/bottle_Zolo_Malbec_2024.png,Mendoza,Zolo,"oak, black fruit, red fruit, spices, earth, non oak, microbio, floral, dried fruit, citrus fruit, vegetal, tree fruit, tropical fruit","Beef, Lamb, Pork",Malbec
Château Le Gay Pomerol 1970,France,285,4.3,images/Chteau_Le_Gay_Pomerol_1970.png,images/bottle_Chteau_Le_Gay_Pomerol_1970.png,Pomerol,Château Le Gay,"oak, earth, black fruit, non oak, spices, red fruit, microbio, floral, dried fruit, vegetal, tree fruit, citrus fruit","Beef, Lamb, Game (deer, venison), Poultry","Cabernet Sauvignon, Cabernet Franc, Malbec, Merlot, Petit Verdot, Carménère"
Château Léoville Las Cases Le Petit Lion Saint-Julien 2023,France,50,4.1,images/Chteau_Loville_Las_Cases_Le_Petit_Lion_Saint_Julie.png,images/bottle_Chteau_Loville_Las_Cases_Le_Petit_Lion_Sain.png,Saint-Julien,Château Léoville Las Cases,"oak, black fruit, earth, non oak, spices, red fruit, microbio, floral, vegetal, dried fruit, citrus fruit, tree fruit, tropical fruit","Beef, Lamb, Game (deer, venison), Poultry","Cabernet Sauvignon, Cabernet Franc, Malbec, Merlot, Petit Verdot, Carménère"
Casillero del Diablo Carmenere (Reserva) 2021,Chile,11.99,3.8,images/Casillero_del_Diablo_Carmenere_Reserva_2021.png,images/bottle_Casillero_del_Diablo_Carmenere_Reserva_2021.png,Rapel Valley,Casillero del Diablo,"oak, black fruit, non oak, earth, red fruit, spices, vegetal, microbio, dried fruit, floral, citrus fruit, tree fruit, tropical fruit","Beef, Pasta, Lamb, Poultry",Carménère
La Jota Cabernet Sauvignon 1990,United States,199,4.4,images/La_Jota_Cabernet_Sauvignon_1990.png,images/bottle_La_Jota_Cabernet_Sauvignon_1990.png,Howell Mountain,La Jota,"oak, black fruit, earth, non oak, spices, red fruit, microbio, floral, dried fruit, vegetal, tree fruit, citrus fruit, tropical fruit","Beef, Lamb, Game (deer, venison), Mature and hard cheese, Poultry",Cabernet Sauvignon
Emilio Moro Finca Resalso 2022,Spain,12,4,images/Emilio_Moro_Finca_Resalso_2022.png,images/bottle_Emilio_Moro_Finca_Resalso_2022.png,Ribera del Duero,Emilio Moro,"oak, red fruit, non oak, black fruit, spices, earth, microbio, floral, dried fruit, vegetal, citrus fruit, tree fruit, tropical fruit","Beef, Lamb, Game (deer, venison)",Tempranillo
Gaja Sorì Tildìn (Barbaresco) Langhe 1981,Italy,570,4.6,images/Gaja_Sor_Tildn_Barbaresco_Langhe_1981.png,images/bottle_Gaja_Sor_Tildn_Barbaresco_Langhe_1981.png,Barbaresco,Gaja,"earth, oak, non oak, red fruit, spices, black fruit, microbio, floral, dried fruit, vegetal, citrus fruit, tree fruit, tropical fruit","Beef, Pasta, Lamb, Game (deer, venison)",Nebbiolo
Paul Jaboulet Aîné Les Cédres Châteauneuf-du-Pape 1969,France,930,4.1,images/Paul_Jaboulet_An_Les_Cdres_Chteauneuf_du_Pape_1969.png,images/bottle_Paul_Jaboulet_An_Les_Cdres_Chteauneuf_du_Pa.png,Châteauneuf-du-Pape,Paul Jaboulet Aîné,"oak, earth, red fruit, black fruit, non oak, spices, microbio, dried fruit, floral, tree fruit, citrus fruit, vegetal, tropical fruit","Lamb, Pork, Poultry","Shiraz/Syrah, Mourvedre, Counoise, Cinsaut, Vaccareze, Muscardin"
Château Saint-Jean Côtes-du-Rhône-Villages 'Plan de Dieu' 2022,France,21.99,3.9,images/Chteau_Saint_Jean_Ctes_du_Rhne_Villages_Plan_de_Di.png,images/bottle_Chteau_Saint_Jean_Ctes_du_Rhne_Villages_Pla.png,Côtes-du-Rhône-Villages 'Plan de Dieu',Château Saint-Jean,"red fruit, black fruit, oak, earth, spices, non oak, microbio, dried fruit, tree fruit, vegetal, floral, citrus fruit, tropical fruit","Beef, Lamb, Game (deer, venison)","Shiraz/Syrah, Grenache, Mourvedre"
Produttori del Barbaresco Barbaresco Riserva Rabajà 2020,Italy,85.99,4.2,images/Produttori_del_Barbaresco_Barbaresco_Riserva_Rabaj.png,images/bottle_Produttori_del_Barbaresco_Barbaresco_Riserv.png,Barbaresco,Produttori del Barbaresco,"earth, red fruit, oak, spices, non oak, black fruit, floral, microbio, dried fruit, vegetal, citrus fruit, tree fruit, tropical fruit","Beef, Pasta, Lamb, Game (deer, venison)",Nebbiolo
Fasoli Gino La Corte del Pozzo Bardolino 2024,Italy,22,3.2,images/Fasoli_Gino_La_Corte_del_Pozzo_Bardolino_2024.png,images/bottle_Fasoli_Gino_La_Corte_del_Pozzo_Bardolino_20.png,Bardolino,Fasoli Gino,"red fruit, spices, oak, earth, floral, non oak, microbio, black fruit, vegetal, tree fruit, citrus fruit, dried fruit, tropical fruit","Beef, Pasta, Lamb, Game (deer, venison)","Nebbiolo, Barbera, Dolcetto"
Keenan Napa Valley Cabernet Sauvignon 1977,United States,215,4.2,images/Keenan_Napa_Valley_Cabernet_Sauvignon_1977.png,images/bottle_Keenan_Napa_Valley_Cabernet_Sauvignon_1977.png,Napa Valley,Keenan,"oak, black fruit, earth, non oak, red fruit, spices, microbio, floral, vegetal, dried fruit, tree fruit, citrus fruit, tropical fruit","Beef, Lamb, Game (deer, venison), Mature and hard cheese, Poultry",Cabernet Sauvignon
San Gregorio Tres Ojos Garnacha 2022,Spain,11.98,3.8,images/San_Gregorio_Tres_Ojos_Garnacha_2022.png,images/bottle_San_Gregorio_Tres_Ojos_Garnacha_2022.png,Calatayud,San Gregorio,"red fruit, earth, oak, black fruit, spices, non oak, microbio, dried fruit, vegetal, tree fruit, floral","Beef, Pasta, Lamb, Game (deer, venison), Poultry",Grenache
Corison Cabernet Sauvignon 2021,United States,140,4.4,images/Corison_Cabernet_Sauvignon_2021.png,images/bottle_Corison_Cabernet_Sauvignon_2021.png,St. Helena,Corison,"oak, black fruit, earth, non oak, red fruit, spices, floral, microbio, dried fruit, vegetal, tree fruit, citrus fruit, tropical fruit","Beef, Lamb, Game (deer, venison), Mature and hard cheese, Poultry",Cabernet Sauvignon
Château Trotte Vieille Saint-Émilion Grand Cru (Premier Grand Cru Classé) 1986,France,159,4.2,images/Chteau_Trotte_Vieille_Saint_milion_Grand_Cru_Premi.png,images/bottle_Chteau_Trotte_Vieille_Saint_milion_Grand_Cr.png,Saint-Émilion Grand Cru,Château Trotte Vieille,"oak, earth, black fruit, non oak, spices, red fruit, microbio, floral, dried fruit, vegetal, citrus fruit","Beef, Lamb, Game (deer, venison), Poultry","Cabernet Sauvignon, Cabernet Franc, Malbec, Merlot, Petit Verdot, Carménère"
Tenuta Il Poggione Brunello di Montalcino 2010,Italy,95,4.3,images/Tenuta_Il_Poggione_Brunello_di_Montalcino_2010.png,images/bottle_Tenuta_Il_Poggione_Brunello_di_Montalcino_2.png,Brunello di Montalcino,Tenuta Il Poggione,"oak, earth, red fruit, non oak, black fruit, spices, microbio, dried fruit, floral, vegetal, citrus fruit, tree fruit, tropical fruit","Beef, Lamb, Game (deer, venison), Poultry",Sangiovese
Sandrone Dolcetto d'Alba 2024,Italy,25,3.7,images/Sandrone_Dolcetto_dAlba_2024.png,images/bottle_Sandrone_Dolcetto_dAlba_2024.png,Dolcetto d'Alba,Sandrone,"red fruit, black fruit, earth, oak, spices, non oak, microbio, floral, vegetal, dried fruit, citrus fruit, tree fruit, tropical fruit","Beef, Pasta, Lamb, Game (deer, venison)","Nebbiolo, Barbera, Dolcetto"
Orin Swift Palermo Cabernet Sauvignon 2018,United States,99.99,4.3,images/Orin_Swift_Palermo_Cabernet_Sauvignon_2018.png,images/bottle_Orin_Swift_Palermo_Cabernet_Sauvignon_2018.png,Napa Valley,Orin Swift,"oak, black fruit, non oak, spices, red fruit, earth, microbio, dried fruit, vegetal, floral, tree fruit, citrus fruit, tropical fruit","Beef, Lamb, Game (deer, venison), Mature and hard cheese, Poultry",Cabernet Sauvignon
Cal Pla Priorat 2004,Spain,63,4,images/Cal_Pla_Priorat_2004.png,images/bottle_Cal_Pla_Priorat_2004.png,Priorat,Cal Pla,"oak, black fruit, earth, non oak, spices, red fruit, microbio, dried fruit, tree fruit, floral, citrus fruit, vegetal, tropical fruit","Beef, Lamb, Game (deer, venison), Poultry","Shiraz/Syrah, Cabernet Sauvignon, Grenache, Carignan"
Château l'Arrosee Saint-Émilion Grand Cru (Grand Cru Classé) 1979,France,145,4.2,images/Chteau_lArrosee_Saint_milion_Grand_Cru_Grand_Cru_C.png,images/bottle_Chteau_lArrosee_Saint_milion_Grand_Cru_Gran.png,Saint-Émilion Grand Cru,Château l'Arrosee,"oak, earth, black fruit, non oak, red fruit, spices, microbio, dried fruit, vegetal, floral, citrus fruit, tree fruit, tropical fruit","Beef, Lamb, Game (deer, venison), Poultry","Cabernet Sauvignon, Cabernet Franc, Malbec, Merlot, Petit Verdot, Carménère"
Hundred Acre Ark Vineyard Cabernet Sauvignon 2021,United States,749.99,4.7,images/Hundred_Acre_Ark_Vineyard_Cabernet_Sauvignon_2021.png,images/bottle_Hundred_Acre_Ark_Vineyard_Cabernet_Sauvigno.png,Howell Mountain,Hundred Acre,"oak, black fruit, non oak, earth, spices, red fruit, microbio, floral, dried fruit, vegetal, tropical fruit, tree fruit, citrus fruit","Beef, Lamb, Game (deer, venison), Mature and hard cheese, Poultry",Cabernet Sauvignon
La Crema Sonoma Coast Pinot Noir 2015,United States,35.7,4,images/La_Crema_Sonoma_Coast_Pinot_Noir_2015.png,images/bottle_La_Crema_Sonoma_Coast_Pinot_Noir_2015.png,Sonoma Coast,La Crema,"red fruit, oak, non oak, earth, spices, black fruit, microbio, vegetal, citrus fruit, dried fruit, floral, tree fruit, tropical fruit","Veal, Pork, Poultry, Mushrooms",Pinot Noir
Cantina Zaccagnini Il Vino dal Tralcetto Montepulciano d'Abruzzo 2021,Italy,14.99,3.9,images/Cantina_Zaccagnini_Il_Vino_dal_Tralcetto_Montepulc.png,images/bottle_Cantina_Zaccagnini_Il_Vino_dal_Tralcetto_Mo.png,Montepulciano d'Abruzzo,Cantina Zaccagnini,"oak, red fruit, black fruit, earth, non oak, spices, microbio, vegetal, dried fruit, floral, citrus fruit, tree fruit, tropical fruit","Beef, Pasta, Veal, Pork",Montepulciano
Marietta Armé (Estate Grown),United States,30.08,3.9,images/Marietta_Arm_Estate_Grown.png,images/bottle_Marietta_Arm_Estate_Grown.png,Sonoma County,Marietta,"black fruit, oak, earth, non oak, red fruit, spices, dried fruit, microbio, floral, vegetal, citrus fruit, tree fruit, tropical fruit","Beef, Lamb, Game (deer, venison), Poultry","Cabernet Sauvignon, Cabernet Franc, Malbec, Merlot, Petit Verdot, Carménère"
Chateau Montelena Zinfandel 1973,United States,369,4.1,images/Chateau_Montelena_Zinfandel_1973.png,images/bottle_Chateau_Montelena_Zinfandel_1973.png,Calistoga,Chateau Montelena,"oak, black fruit, non oak, spices, red fruit, earth, dried fruit, microbio, floral, vegetal, tropical fruit, citrus fruit, tree fruit","Beef, Lamb, Poultry",Zinfandel
Fattoria dei Barbi Brunello di Montalcino 2013,Italy,79.99,4.2,images/Fattoria_dei_Barbi_Brunello_di_Montalcino_2013.png,images/bottle_Fattoria_dei_Barbi_Brunello_di_Montalcino_2.png,Brunello di Montalcino,Fattoria dei Barbi,"oak, earth, red fruit, non oak, spices, black fruit, microbio, dried fruit, floral, vegetal, citrus fruit, tree fruit, tropical fruit","Beef, Lamb, Game (deer, venison), Poultry",Sangiovese
North Valley Pinot Noir 2022,United States,29.99,4,images/North_Valley_Pinot_Noir_2022.png,images/bottle_North_Valley_Pinot_Noir_2022.png,Willamette Valley,North Valley,"red fruit, oak, earth, spices, black fruit, non oak, microbio, floral, vegetal, citrus fruit, dried fruit, tree fruit, tropical fruit","Beef, Veal, Game (deer, venison), Poultry",Pinot Noir
Jean Foillard Morgon 'Cuvée Corcelette' 2023,France,59,4.2,images/Jean_Foillard_Morgon_Cuve_Corcelette_2023.png,images/bottle_Jean_Foillard_Morgon_Cuve_Corcelette_2023.png,Morgon,Jean Foillard,"red fruit, earth, oak, non oak, spices, black fruit, floral, vegetal, microbio, citrus fruit, dried fruit, tropical fruit, tree fruit","Pasta, Veal, Pork, Poultry, Cured Meat",Gamay
In Sheep's Clothing Cabernet Sauvignon 2023,United States,19.99,3.9,images/In_Sheeps_Clothing_Cabernet_Sauvignon_2023.png,images/bottle_In_Sheeps_Clothing_Cabernet_Sauvignon_2023.png,Columbia Valley,In Sheep's Clothing,"oak, black fruit, red fruit, non oak, earth, spices, microbio, dried fruit, vegetal, floral, tropical fruit, citrus fruit, tree fruit","Beef, Lamb, Game (deer, venison), Poultry",Cabernet Sauvignon
Las Nubes Colección de Parcelas 2020,Mexico,22.49,3.8,images/Las_Nubes_Coleccin_de_Parcelas_2020.png,images/bottle_Las_Nubes_Coleccin_de_Parcelas_2020.png,Valle de Guadalupe,Las Nubes,"oak, red fruit, black fruit, non oak, spices, earth, microbio, floral, dried fruit, vegetal, citrus fruit, tree fruit",,
Barba I Vasari Old Vines Montepulciano d'Abruzzo 2022,Italy,19.99,3.8,images/Barba_I_Vasari_Old_Vines_Montepulciano_dAbruzzo_20.png,images/bottle_Barba_I_Vasari_Old_Vines_Montepulciano_dAbr.png,Montepulciano d'Abruzzo,Barba,"red fruit, black fruit, earth, oak, spices, non oak, microbio, floral, vegetal, dried fruit, tree fruit, citrus fruit","Beef, Pasta, Veal, Pork",Montepulciano
Château Cheval Blanc Le Petit Cheval Saint-Émilion Grand Cru 2022,France,189.99,4.4,images/Chteau_Cheval_Blanc_Le_Petit_Cheval_Saint_milion_G.png,images/bottle_Chteau_Cheval_Blanc_Le_Petit_Cheval_Saint_m.png,Saint-Émilion Grand Cru,Château Cheval Blanc,"oak, earth, black fruit, non oak, spices, red fruit, microbio, vegetal, floral, dried fruit, citrus fruit, tropical fruit, tree fruit","Beef, Lamb, Game (deer, venison), Poultry","Cabernet Sauvignon, Cabernet Franc, Malbec, Merlot, Petit Verdot, Carménère"
Silver Oak Alexander Valley Cabernet Sauvignon 2017,United States,95.99,4.5,images/Silver_Oak_Alexander_Valley_Cabernet_Sauvignon_201.png,images/bottle_Silver_Oak_Alexander_Valley_Cabernet_Sauvig.png,Alexander Valley,Silver Oak,"oak, black fruit, non oak, earth, spices, red fruit, microbio, vegetal, dried fruit, floral, tree fruit, citrus fruit, tropical fruit","Beef, Lamb, Game (deer, venison)",Cabernet Sauvignon
Château l'Eglise-Clinet Pomerol 2023,France,275,4.4,images/Chteau_lEglise_Clinet_Pomerol_2023.png,images/bottle_Chteau_lEglise_Clinet_Pomerol_2023.png,Pomerol,Château l'Eglise-Clinet,"oak, earth, black fruit, non oak, red fruit, spices, microbio, floral, dried fruit, vegetal, tree fruit, citrus fruit","Beef, Lamb, Game (deer, venison), Poultry","Cabernet Sauvignon, Cabernet Franc, Malbec, Merlot, Petit Verdot, Carménère"
Pahlmeyer Jayson Cabernet Sauvignon 2022,United States,100,4.4,images/Pahlmeyer_Jayson_Cabernet_Sauvignon_2022.png,images/bottle_Pahlmeyer_Jayson_Cabernet_Sauvignon_2022.png,Napa Valley,Pahlmeyer,"oak, black fruit, non oak, earth, spices, red fruit, microbio, dried fruit, floral, vegetal, citrus fruit, tropical fruit","Beef, Lamb, Game (deer, venison), Mature and hard cheese, Poultry",Cabernet Sauvignon
E. Guigal Côtes-du-Rhône Rouge 2020,France,14.99,3.8,images/E_Guigal_Ctes_du_Rhne_Rouge_2020.png,images/bottle_E_Guigal_Ctes_du_Rhne_Rouge_2020.png,Côtes-du-Rhône,E. Guigal,"oak, black fruit, earth, red fruit, spices, non oak, microbio, dried fruit, floral, vegetal, tree fruit, citrus fruit, tropical fruit","Beef, Lamb, Game (deer, venison)","Shiraz/Syrah, Grenache, Mourvedre"
Catena Malbec 2021,Argentina,19.99,4.1,images/Catena_Malbec_2021.png,images/bottle_Catena_Malbec_2021.png,Mendoza,Catena,"oak, black fruit, non oak, earth, spices, red fruit, microbio, floral, dried fruit, vegetal, tree fruit, citrus fruit, tropical fruit","Beef, Lamb, Pork",Malbec
Antinori Villa Antinori Rosso 2022,Italy,16.99,4,images/Antinori_Villa_Antinori_Rosso_2022.png,images/bottle_Antinori_Villa_Antinori_Rosso_2022.png,Toscana,Antinori,"oak, earth, red fruit, black fruit, non oak, spices, microbio, citrus fruit, vegetal, tree fruit, dried fruit, floral, tropical fruit","Beef, Lamb, Veal, Poultry, Cured Meat","Cabernet Sauvignon, Merlot, Sangiovese, Canaiolo Nero"
Marchesi di Barolo Barolo Riserva 1945,Italy,850,4.1,images/Marchesi_di_Barolo_Barolo_Riserva_1945.png,images/bottle_Marchesi_di_Barolo_Barolo_Riserva_1945.png,Barolo,Marchesi di Barolo,"oak, earth, red fruit, non oak, black fruit, spices, microbio, floral, citrus fruit, dried fruit, vegetal, tree fruit","Beef, Pasta, Lamb, Game (deer, venison)",Nebbiolo
Domaine du Cros Marcillac (Cuvée Lo Sang del Païs) 2023,France,22,3.6,images/Domaine_du_Cros_Marcillac_Cuve_Lo_Sang_del_Pas_202.png,images/bottle_Domaine_du_Cros_Marcillac_Cuve_Lo_Sang_del_.png,Marcillac,Domaine du Cros,"red fruit, earth, spices, oak, black fruit, non oak, vegetal, microbio, floral, citrus fruit, tree fruit, tropical fruit, dried fruit","Beef, Lamb, Poultry, Blue cheese",
Opolo Summit Creek Zinfandel 2009,United States,62.99,3.8,images/Opolo_Summit_Creek_Zinfandel_2009.png,images/bottle_Opolo_Summit_Creek_Zinfandel_2009.png,Paso Robles,Opolo,"oak, black fruit, red fruit, non oak, spices, earth, dried fruit, microbio, vegetal, citrus fruit, floral, tree fruit","Beef, Lamb, Poultry",Zinfandel
Domenico Clerico Barolo Ciabot Mentin Ginestra 1988,Italy,413,4.3,images/Domenico_Clerico_Barolo_Ciabot_Mentin_Ginestra_198.png,images/bottle_Domenico_Clerico_Barolo_Ciabot_Mentin_Gines.png,Barolo,Domenico Clerico,"earth, oak, red fruit, black fruit, non oak, spices, floral, dried fruit, microbio, citrus fruit, vegetal, tree fruit, tropical fruit","Beef, Pasta, Lamb, Game (deer, venison)",Nebbiolo
Skyside Cabernet Sauvignon 1989,United States,75,3.8,images/Skyside_Cabernet_Sauvignon_1989.png,images/bottle_Skyside_Cabernet_Sauvignon_1989.png,Sonoma County,Skyside,"oak, black fruit, red fruit, earth, non oak, spices, microbio, floral, vegetal, citrus fruit, dried fruit, tree fruit, tropical fruit","Beef, Lamb, Game (deer, venison)",Cabernet Sauvignon
Castelli del Grevepesa Castelgreve Chianti Classico 1978,Italy,185,3.6,images/Castelli_del_Grevepesa_Castelgreve_Chianti_Classic.png,images/bottle_Castelli_del_Grevepesa_Castelgreve_Chianti_.png,Chianti Classico,Castelli del Grevepesa,"red fruit, oak, earth, non oak, spices, black fruit, floral, vegetal, microbio, dried fruit, tree fruit","Beef, Pasta, Veal, Cured Meat",Sangiovese
Bedrock Wine Co. Shebang,United States,17.95,3.6,images/Bedrock_Wine_Co_Shebang.png,images/bottle_Bedrock_Wine_Co_Shebang.png,California,Bedrock Wine Co.,"oak, black fruit, red fruit, spices, non oak, earth, microbio, floral, dried fruit, vegetal, citrus fruit, tree fruit, tropical fruit","Beef, Lamb, Veal, Poultry","Shiraz/Syrah, Cabernet Sauvignon, Merlot, Zinfandel"
Montes Montes Alpha Cabernet Sauvignon 2020,Chile,14.99,3.9,images/Montes_Montes_Alpha_Cabernet_Sauvignon_2020.png,images/bottle_Montes_Montes_Alpha_Cabernet_Sauvignon_2020.png,Colchagua Valley,Montes,"oak, black fruit, non oak, earth, spices, red fruit, microbio, vegetal, dried fruit, floral, citrus fruit, tree fruit, tropical fruit","Beef, Lamb, Game (deer, venison), Poultry",Cabernet Sauvignon
Château Montviel Pomerol 1986,France,110,4.2,images/Chteau_Montviel_Pomerol_1986.png,images/bottle_Chteau_Montviel_Pomerol_1986.png,Pomerol,Château Montviel,"oak, black fruit, earth, non oak, red fruit, spices, microbio, dried fruit, floral, vegetal, citrus fruit, tropical fruit","Beef, Lamb, Game (deer, venison), Poultry","Cabernet Sauvignon, Cabernet Franc, Malbec, Merlot, Petit Verdot, Carménère"
Château Fontenil Fronsac 1996,France,55,3.9,images/Chteau_Fontenil_Fronsac_1996.png,images/bottle_Chteau_Fontenil_Fronsac_1996.png,Fronsac,Château Fontenil,"oak, black fruit, earth, non oak, red fruit, spices, microbio, floral, dried fruit, vegetal, tree fruit, citrus fruit","Beef, Lamb, Game (deer, venison), Poultry","Cabernet Sauvignon, Cabernet Franc, Malbec, Merlot, Petit Verdot, Carménère"
Faust Cabernet Sauvignon 2014,United States,81.99,4.4,images/Faust_Cabernet_Sauvignon_2014.png,images/bottle_Faust_Cabernet_Sauvignon_2014.png,Napa Valley,Faust,"oak, black fruit, non oak, earth, spices, red fruit, microbio, dried fruit, floral, vegetal, citrus fruit, tree fruit, tropical fruit","Beef, Lamb, Game (deer, venison), Mature and hard cheese, Poultry",Cabernet Sauvignon
Fontanafredda Barolo Serralunga d'Alba 2014,Italy,53.99,4,images/Fontanafredda_Barolo_Serralunga_dAlba_2014.png,images/bottle_Fontanafredda_Barolo_Serralunga_dAlba_2014.png,Barolo,Fontanafredda,"oak, earth, red fruit, non oak, spices, black fruit, microbio, floral, dried fruit, citrus fruit, vegetal, tree fruit, tropical fruit","Beef, Pasta, Lamb, Game (deer, venison)",Nebbiolo
The Prisoner Unshackled Cabernet Sauvignon 2018,United States,26.99,4.1,images/The_Prisoner_Unshackled_Cabernet_Sauvignon_2018.png,images/bottle_The_Prisoner_Unshackled_Cabernet_Sauvignon_.png,California,The Prisoner,"oak, black fruit, non oak, red fruit, spices, earth, dried fruit, microbio, vegetal, floral, tree fruit, citrus fruit, tropical fruit","Beef, Lamb, Game (deer, venison), Poultry",Cabernet Sauvignon
Pinord Clos de Torribas Crianza Tempranillo 2015,Spain,17.99,3.7,images/Pinord_Clos_de_Torribas_Crianza_Tempranillo_2015.png,images/bottle_Pinord_Clos_de_Torribas_Crianza_Tempranillo.png,Penedès,Pinord,"oak, red fruit, non oak, earth, spices, black fruit, dried fruit, floral, microbio, vegetal, citrus fruit","Beef, Lamb, Veal, Poultry",Tempranillo
Château Trianon Saint-Émilion Grand Cru 2001,France,59,4.2,images/Chteau_Trianon_Saint_milion_Grand_Cru_2001.png,images/bottle_Chteau_Trianon_Saint_milion_Grand_Cru_2001.png,Saint-Émilion Grand Cru,Château Trianon,"oak, earth, black fruit, non oak, spices, red fruit, microbio, floral, dried fruit, vegetal, citrus fruit","Beef, Lamb, Game (deer, venison), Poultry","Cabernet Sauvignon, Cabernet Franc, Malbec, Merlot, Petit Verdot, Carménère"
The Prisoner Cabernet Sauvignon 2021,United States,51.99,4.3,images/The_Prisoner_Cabernet_Sauvignon_2021.png,images/bottle_The_Prisoner_Cabernet_Sauvignon_2021.png,Napa Valley,The Prisoner,"oak, black fruit, non oak, earth, spices, red fruit, microbio, dried fruit, vegetal, floral, tree fruit, citrus fruit","Beef, Lamb, Game (deer, venison), Mature and hard cheese, Poultry",Cabernet Sauvignon
Château Lagrange Pomerol 1985,France,228,4.2,images/Chteau_Lagrange_Pomerol_1985.png,images/bottle_Chteau_Lagrange_Pomerol_1985.png,Pomerol,Château Lagrange,"oak, earth, black fruit, non oak, red fruit, spices, microbio, dried fruit, vegetal, floral, citrus fruit","Beef, Lamb, Game (deer, venison), Poultry","Cabernet Sauvignon, Cabernet Franc, Malbec, Merlot, Petit Verdot, Carménère"
Callia Alta Shiraz - Malbec 2023,Argentina,12.99,3.3,images/Callia_Alta_Shiraz_Malbec_2023.png,images/bottle_Callia_Alta_Shiraz_Malbec_2023.png,Tulum Valley,Callia,"black fruit, oak, red fruit, spices, non oak, dried fruit, earth, microbio, floral, citrus fruit, tropical fruit","Beef, Lamb, Pork, Poultry, Mushrooms, Blue cheese",Malbec
Robert Craig Cabernet Sauvignon Affinity 2022,United States,49.99,4.3,images/Robert_Craig_Cabernet_Sauvignon_Affinity_2022.png,images/bottle_Robert_Craig_Cabernet_Sauvignon_Affinity_20.png,Napa Valley,Robert Craig,"oak, black fruit, earth, red fruit, non oak, spices, microbio, dried fruit, vegetal, floral, citrus fruit, tree fruit, tropical fruit","Beef, Lamb, Game (deer, venison), Mature and hard cheese, Poultry",Cabernet Sauvignon
Domaine de la Cote de l'Ange Châteauneuf-du-Pape 2000,France,57,4.1,images/Domaine_de_la_Cote_de_lAnge_Chteauneuf_du_Pape_200.png,images/bottle_Domaine_de_la_Cote_de_lAnge_Chteauneuf_du_P.png,Châteauneuf-du-Pape,Domaine de la Cote de l'Ange,"oak, earth, non oak, red fruit, black fruit, spices, dried fruit, microbio, vegetal, floral, citrus fruit, tree fruit","Lamb, Pork, Poultry","Shiraz/Syrah, Mourvedre, Counoise, Cinsaut, Vaccareze, Muscardin"
Raúl Pérez Ultreia Saint Jacques Mencía 2020,Spain,21.99,3.9,images/Ral_Prez_Ultreia_Saint_Jacques_Menca_2020.png,images/bottle_Ral_Prez_Ultreia_Saint_Jacques_Menca_2020.png,Bierzo,Raúl Pérez,"red fruit, earth, oak, black fruit, spices, non oak, microbio, floral, vegetal, dried fruit, citrus fruit, tree fruit, tropical fruit","Veal, Game (deer, venison), Poultry",Mencia
Domaine du Cayron Gigondas 1990,France,135,4,images/Domaine_du_Cayron_Gigondas_1990.png,images/bottle_Domaine_du_Cayron_Gigondas_1990.png,Gigondas,Domaine du Cayron,"black fruit, oak, earth, red fruit, spices, non oak, dried fruit, floral, vegetal, microbio, tree fruit, citrus fruit, tropical fruit","Beef, Lamb, Game (deer, venison)","Shiraz/Syrah, Grenache, Mourvedre"
Recchia Cà Bertoldi Amarone della Valpolicella Classico 2020,Italy,39.99,4.3,images/Recchia_C_Bertoldi_Amarone_della_Valpolicella_Clas.png,images/bottle_Recchia_C_Bertoldi_Amarone_della_Valpolicel.png,Amarone della Valpolicella Classico,Recchia,"oak, black fruit, red fruit, earth, non oak, spices, dried fruit, microbio, floral, vegetal, citrus fruit, tree fruit, tropical fruit","Beef, Lamb, Game (deer, venison), Blue cheese","Corvina, Rondinella, Corvinone"
Domaine Marquis d'Angerville Volnay Champans 1er Cru 2022,France,215,4.3,images/Domaine_Marquis_dAngerville_Volnay_Champans_1er_Cr.png,images/bottle_Domaine_Marquis_dAngerville_Volnay_Champans.png,Volnay 1er Cru 'Champans',Domaine Marquis d'Angerville,"red fruit, earth, oak, spices, non oak, black fruit, microbio, floral, vegetal, citrus fruit, dried fruit, tree fruit, tropical fruit","Beef, Veal, Game (deer, venison), Poultry",Pinot Noir
Château Berliquet Saint-Émilion Grand Cru (Grand Cru Classé) 2023,France,51,4,images/Chteau_Berliquet_Saint_milion_Grand_Cru_Grand_Cru_.png,images/bottle_Chteau_Berliquet_Saint_milion_Grand_Cru_Gra.png,Saint-Émilion Grand Cru,Château Berliquet,"oak, earth, black fruit, non oak, red fruit, spices, microbio, dried fruit, floral, vegetal, tree fruit, tropical fruit, citrus fruit","Beef, Lamb, Game (deer, venison), Poultry","Cabernet Sauvignon, Cabernet Franc, Malbec, Merlot, Petit Verdot, Carménère"
Clos du Val Hirondelle Vineyard Estate Cabernet Sauvignon 1987,United States,155,4.3,images/Clos_du_Val_Hirondelle_Vineyard_Estate_Cabernet_Sa.png,images/bottle_Clos_du_Val_Hirondelle_Vineyard_Estate_Cabe.png,Stags Leap District,Clos du Val,"oak, black fruit, earth, non oak, spices, red fruit, microbio, vegetal, dried fruit, floral, citrus fruit, tree fruit","Beef, Lamb, Game (deer, venison), Mature and hard cheese, Poultry",Cabernet Sauvignon
Courtney Benham Handcrafted Cabernet Sauvignon 2021,United States,29.97,3.8,images/Courtney_Benham_Handcrafted_Cabernet_Sauvignon_202.png,images/bottle_Courtney_Benham_Handcrafted_Cabernet_Sauvig.png,Napa Valley,Courtney Benham,"oak, black fruit, red fruit, earth, non oak, spices, tree fruit, microbio, vegetal, citrus fruit, dried fruit, floral, tropical fruit","Beef, Lamb, Game (deer, venison), Mature and hard cheese, Poultry",Cabernet Sauvignon
Gianni Brunelli Brunello di Montalcino 2020,Italy,89.99,4.3,images/Gianni_Brunelli_Brunello_di_Montalcino_2020.png,images/bottle_Gianni_Brunelli_Brunello_di_Montalcino_2020.png,Brunello di Montalcino,Gianni Brunelli,"red fruit, earth, oak, non oak, spices, black fruit, microbio, citrus fruit, dried fruit, floral, vegetal, tree fruit","Beef, Lamb, Game (deer, venison), Poultry",Sangiovese
Mount Eden Vineyards Estate Cabernet Sauvignon 1976,United States,545,4.2,images/Mount_Eden_Vineyards_Estate_Cabernet_Sauvignon_197.png,images/bottle_Mount_Eden_Vineyards_Estate_Cabernet_Sauvig.png,Santa Cruz Mountains,Mount Eden Vineyards,"oak, earth, black fruit, non oak, spices, red fruit, microbio, vegetal, dried fruit, floral, tree fruit, citrus fruit","Beef, Lamb, Game (deer, venison), Poultry",Cabernet Sauvignon
Antinori Pèppoli Chianti Classico 2022,Italy,19.99,4,images/Antinori_Pppoli_Chianti_Classico_2022.png,images/bottle_Antinori_Pppoli_Chianti_Classico_2022.png,Chianti Classico,Antinori,"red fruit, oak, earth, spices, non oak, black fruit, microbio, vegetal, floral, dried fruit, citrus fruit, tree fruit, tropical fruit","Beef, Pasta, Veal, Cured Meat",Sangiovese
E. Pira & Figli Chiara Boschis Cannubi Barolo 2021,Italy,425,4.4,images/E_Pira_Figli_Chiara_Boschis_Cannubi_Barolo_2021.png,images/bottle_E_Pira_Figli_Chiara_Boschis_Cannubi_Barolo_.png,Barolo,E. Pira & Figli Chiara Boschis,"earth, oak, red fruit, spices, non oak, black fruit, microbio, floral, citrus fruit, vegetal, dried fruit, tree fruit","Beef, Pasta, Lamb, Game (deer, venison)",Nebbiolo
Philip Togni Cabernet Sauvignon 2021,United States,239,4.3,images/Philip_Togni_Cabernet_Sauvignon_2021.png,images/bottle_Philip_Togni_Cabernet_Sauvignon_2021.png,Napa Valley,Philip Togni,"oak, earth, black fruit, non oak, spices, red fruit, vegetal, microbio, dried fruit, floral, tree fruit, citrus fruit","Beef, Lamb, Game (deer, venison), Mature and hard cheese, Poultry",Cabernet Sauvignon
El Coto Coto de Imaz Rioja Reserva 2020,Spain,24.99,3.8,images/El_Coto_Coto_de_Imaz_Rioja_Reserva_2020.png,images/bottle_El_Coto_Coto_de_Imaz_Rioja_Reserva_2020.png,Rioja Alavesa,El Coto,"oak, non oak, spices, earth, red fruit, black fruit, microbio, dried fruit, vegetal, citrus fruit, floral, tree fruit, tropical fruit","Beef, Lamb, Veal, Poultry","Tempranillo, Graciano, Garnacha"
Domaine Comte Georges de Vogüé Chambolle-Musigny 2021,France,394.99,4.3,images/Domaine_Comte_Georges_de_Vog_Chambolle_Musigny_202.png,images/bottle_Domaine_Comte_Georges_de_Vog_Chambolle_Musi.png,Chambolle-Musigny,Domaine Comte Georges de Vogüé,"red fruit, earth, oak, black fruit, spices, non oak, microbio, floral, vegetal, dried fruit, citrus fruit, tree fruit","Beef, Veal, Game (deer, venison), Poultry",Pinot Noir
Angeline Cabernet Sauvignon 2023,United States,16.99,3.6,images/Angeline_Cabernet_Sauvignon_2023.png,images/bottle_Angeline_Cabernet_Sauvignon_2023.png,California,Angeline,"oak, black fruit, red fruit, non oak, spices, earth, microbio, vegetal, citrus fruit, tree fruit, dried fruit, floral, tropical fruit","Beef, Lamb, Game (deer, venison), Poultry",Cabernet Sauvignon
Silverado Vineyards Stags Leap District Solo Cabernet Sauvignon 1996,United States,169,4.3,images/Silverado_Vineyards_Stags_Leap_District_Solo_Caber.png,images/bottle_Silverado_Vineyards_Stags_Leap_District_Sol.png,Stags Leap District,Silverado Vineyards,"oak, black fruit, earth, non oak, spices, red fruit, microbio, dried fruit, floral, vegetal, tree fruit, citrus fruit","Beef, Lamb, Game (deer, venison), Mature and hard cheese, Poultry",Cabernet Sauvignon
Lingua Franca Avni Pinot Noir 2023,United States,37.99,4.2,images/Lingua_Franca_Avni_Pinot_Noir_2023.png,images/bottle_Lingua_Franca_Avni_Pinot_Noir_2023.png,Eola-Amity Hills,Lingua Franca,"red fruit, earth, oak, non oak, spices, black fruit, microbio, floral, dried fruit, vegetal, citrus fruit, tropical fruit, tree fruit","Beef, Veal, Game (deer, venison), Poultry",Pinot Noir
Château Clerc Milon Pastourelle de Clerc Milon Pauillac 2022,France,59.99,4.1,images/Chteau_Clerc_Milon_Pastourelle_de_Clerc_Milon_Paui.png,images/bottle_Chteau_Clerc_Milon_Pastourelle_de_Clerc_Mil.png,Pauillac,Château Clerc Milon,"oak, black fruit, earth, non oak, red fruit, spices, microbio, floral, dried fruit, vegetal, citrus fruit, tree fruit","Beef, Lamb, Game (deer, venison), Poultry","Cabernet Sauvignon, Cabernet Franc, Malbec, Merlot, Petit Verdot, Carménère"
Palari Faro 2003,Italy,46.3,4.2,images/Palari_Faro_2003.png,images/bottle_Palari_Faro_2003.png,Faro,Palari,"oak, earth, red fruit, non oak, spices, black fruit, microbio, dried fruit, vegetal, floral, citrus fruit, tree fruit, tropical fruit","Beef, Pasta, Lamb","Primitivo, Aglianico, Negroamaro, Nero d'Avola"
Château Balestard La Tonnelle Saint-Émilion Grand Cru (Grand Cru Classé) 1982,France,160,4,images/Chteau_Balestard_La_Tonnelle_Saint_milion_Grand_Cr.png,images/bottle_Chteau_Balestard_La_Tonnelle_Saint_milion_G.png,Saint-Émilion Grand Cru,Château Balestard La Tonnelle,"oak, earth, black fruit, non oak, red fruit, spices, dried fruit, floral, microbio, vegetal, tree fruit, citrus fruit","Beef, Lamb, Game (deer, venison), Poultry","Cabernet Sauvignon, Cabernet Franc, Malbec, Merlot, Petit Verdot, Carménère"
La Carraia Sangiovese Umbria 2023,Italy,13.99,3.6,images/La_Carraia_Sangiovese_Umbria_2023.png,images/bottle_La_Carraia_Sangiovese_Umbria_2023.png,Umbria,La Carraia,"red fruit, black fruit, oak, earth, spices, non oak, microbio, dried fruit, floral, vegetal, tropical fruit, tree fruit, citrus fruit","Beef, Pasta, Veal, Poultry","Sangiovese, Montepulciano"
Bodegas Muga Prado Enea Gran Reserva 2011,Spain,90.99,4.4,images/Bodegas_Muga_Prado_Enea_Gran_Reserva_2011.png,images/bottle_Bodegas_Muga_Prado_Enea_Gran_Reserva_2011.png,Rioja,Bodegas Muga,"oak, earth, non oak, black fruit, spices, red fruit, microbio, dried fruit, floral, vegetal, citrus fruit, tree fruit, tropical fruit","Beef, Lamb, Veal, Poultry","Tempranillo, Graciano, Garnacha"
Château Gombaude-Guillot Pomerol 1982,France,215,4.2,images/Chteau_Gombaude_Guillot_Pomerol_1982.png,images/bottle_Chteau_Gombaude_Guillot_Pomerol_1982.png,Pomerol,Château Gombaude-Guillot,"oak, earth, black fruit, red fruit, non oak, spices, dried fruit, microbio, floral, vegetal, citrus fruit, tree fruit, tropical fruit","Beef, Lamb, Game (deer, venison), Poultry","Cabernet Sauvignon, Cabernet Franc, Malbec, Merlot, Petit Verdot, Carménère"
La Rioja Alta Viña Alberdi Reserva 2019,Spain,25,4.2,images/La_Rioja_Alta_Via_Alberdi_Reserva_2019.png,images/bottle_La_Rioja_Alta_Via_Alberdi_Reserva_2019.png,Rioja,La Rioja Alta,"oak, non oak, earth, red fruit, spices, black fruit, microbio, dried fruit, vegetal, floral, citrus fruit, tree fruit, tropical fruit","Beef, Lamb, Veal, Poultry","Tempranillo, Graciano, Garnacha"
Joseph Phelps Vineyards Backus Vineyard Cabernet Sauvignon 1983,United States,747,4.7,images/Joseph_Phelps_Vineyards_Backus_Vineyard_Cabernet_S.png,images/bottle_Joseph_Phelps_Vineyards_Backus_Vineyard_Cab.png,Oakville,Joseph Phelps Vineyards,"oak, black fruit, earth, non oak, spices, red fruit, microbio, dried fruit, floral, vegetal, tree fruit, citrus fruit, tropical fruit","Beef, Lamb, Game (deer, venison), Mature and hard cheese, Poultry",Cabernet Sauvignon
Château Pape Clément Clémentin de Pape Clément Pessac-Léognan 1990,France,110,4,images/Chteau_Pape_Clment_Clmentin_de_Pape_Clment_Pessac_.png,images/bottle_Chteau_Pape_Clment_Clmentin_de_Pape_Clment_.png,Pessac-Léognan,Château Pape Clément,"oak, black fruit, non oak, earth, spices, red fruit, dried fruit, microbio, floral, vegetal, citrus fruit, tree fruit, tropical fruit","Beef, Lamb, Game (deer, venison), Poultry","Cabernet Sauvignon, Cabernet Franc, Malbec, Merlot, Petit Verdot, Carménère"
PAITIN Barbaresco Sori' Paitin 1995,Italy,125,4.1,images/PAITIN_Barbaresco_Sori_Paitin_1995.png,images/bottle_PAITIN_Barbaresco_Sori_Paitin_1995.png,Barbaresco,PAITIN,"earth, red fruit, oak, non oak, spices, black fruit, floral, microbio, dried fruit, vegetal, citrus fruit, tree fruit, tropical fruit","Beef, Pasta, Lamb, Game (deer, venison)",Nebbiolo
Columbia Winery Merlot 2021,United States,17.99,3.6,images/Columbia_Winery_Merlot_2021.png,images/bottle_Columbia_Winery_Merlot_2021.png,Columbia Valley,Columbia Winery,"oak, black fruit, non oak, red fruit, earth, spices, microbio, dried fruit, vegetal, citrus fruit, floral, tree fruit, tropical fruit","Beef, Lamb, Veal",Merlot
Château Musar Rouge (Gaston Hochar) 2013,Lebanon,100,4.2,images/Chteau_Musar_Rouge_Gaston_Hochar_2013.png,images/bottle_Chteau_Musar_Rouge_Gaston_Hochar_2013.png,Bekaa Valley,Château Musar,"oak, earth, non oak, black fruit, red fruit, spices, dried fruit, microbio, floral, vegetal, citrus fruit, tree fruit, tropical fruit","Beef, Lamb, Game (deer, venison), Cured Meat",
Oddero Barbera D'Alba Superiore 2023,Italy,27,3.9,images/Oddero_Barbera_DAlba_Superiore_2023.png,images/bottle_Oddero_Barbera_DAlba_Superiore_2023.png,Barbera d'Alba,Oddero,"red fruit, oak, earth, black fruit, non oak, spices, microbio, citrus fruit, floral, tree fruit, dried fruit, vegetal","Pasta, Veal, Pork, Game (deer, venison), Poultry",Barbera
Gaja Darmagi Langhe 1989,Italy,377,4.5,images/Gaja_Darmagi_Langhe_1989.png,images/bottle_Gaja_Darmagi_Langhe_1989.png,Langhe,Gaja,"oak, earth, black fruit, non oak, spices, red fruit, microbio, vegetal, floral, dried fruit, tree fruit","Beef, Pasta, Lamb, Game (deer, venison)","Nebbiolo, Barbera, Dolcetto"
Domaine des Comtes Lafon Volnay Santenots-Du-Milieu Premier Cru 1985,France,698,4.3,images/Domaine_des_Comtes_Lafon_Volnay_Santenots_Du_Milie.png,images/bottle_Domaine_des_Comtes_Lafon_Volnay_Santenots_D.png,Volnay Premier Cru,Domaine des Comtes Lafon,"red fruit, earth, oak, black fruit, non oak, spices, floral, microbio, dried fruit, vegetal, citrus fruit, tree fruit","Beef, Veal, Game (deer, venison), Poultry",Pinot Noir
Antinori Tenuta Guado al Tasso Il Bruciato Bolgheri 2022,Italy,29.99,4.2,images/Antinori_Tenuta_Guado_al_Tasso_Il_Bruciato_Bolgher.png,images/bottle_Antinori_Tenuta_Guado_al_Tasso_Il_Bruciato_.png,Bolgheri,Antinori,"oak, black fruit, earth, non oak, red fruit, spices, microbio, dried fruit, floral, vegetal, citrus fruit, tree fruit, tropical fruit","Beef, Pasta, Lamb, Veal, Game (deer, venison)","Cabernet Sauvignon, Merlot, Sangiovese"
Uccelliera Rosso di Montalcino 2023,Italy,29.99,3.9,images/Uccelliera_Rosso_di_Montalcino_2023.png,images/bottle_Uccelliera_Rosso_di_Montalcino_2023.png,Toscana,Uccelliera,"red fruit, earth, oak, non oak, black fruit, spices, floral, microbio, vegetal, dried fruit, citrus fruit, tree fruit","Beef, Lamb, Veal, Poultry, Cured Meat","Cabernet Sauvignon, Merlot, Sangiovese, Canaiolo Nero"
Vallisto Malbec 2021,Argentina,20.99,3.9,images/Vallisto_Malbec_2021.png,images/bottle_Vallisto_Malbec_2021.png,Cafayate Valley,Vallisto,"oak, black fruit, non oak, earth, red fruit, spices, microbio, dried fruit, floral, citrus fruit, tropical fruit, vegetal","Beef, Lamb",Malbec
Domaine du Grand Tinel Châteauneuf-du-Pape 1989,France,110,4.2,images/Domaine_du_Grand_Tinel_Chteauneuf_du_Pape_1989.png,images/bottle_Domaine_du_Grand_Tinel_Chteauneuf_du_Pape_1.png,Châteauneuf-du-Pape,Domaine du Grand Tinel,"oak, red fruit, earth, black fruit, non oak, spices, dried fruit, floral, microbio, vegetal, citrus fruit, tree fruit","Lamb, Pork, Poultry","Shiraz/Syrah, Mourvedre, Counoise, Cinsaut, Vaccareze, Muscardin"
Malma - NQN Pinot Noir Finca La Papay 2024,Argentina,10.99,3.7,images/Malma_NQN_Pinot_Noir_Finca_La_Papay_2024.png,images/bottle_Malma_NQN_Pinot_Noir_Finca_La_Papay_2024.png,Patagonia,Malma - NQN,"red fruit, oak, earth, non oak, microbio, spices, black fruit, tropical fruit, vegetal, tree fruit, citrus fruit","Beef, Veal, Game (deer, venison), Poultry",Pinot Noir
Domaine Joseph Roty Gevrey-Chambertin 2022,France,107.99,4.1,images/Domaine_Joseph_Roty_Gevrey_Chambertin_2022.png,images/bottle_Domaine_Joseph_Roty_Gevrey_Chambertin_2022.png,Gevrey-Chambertin,Domaine Joseph Roty,"earth, red fruit, oak, non oak, spices, black fruit, microbio, floral, vegetal, dried fruit, tree fruit, citrus fruit, tropical fruit","Beef, Veal, Game (deer, venison), Poultry",Pinot Noir
Luigi Baudana Barolo Serralunga 2021,Italy,119,4.2,images/Luigi_Baudana_Barolo_Serralunga_2021.png,images/bottle_Luigi_Baudana_Barolo_Serralunga_2021.png,Barolo,Luigi Baudana,"earth, oak, red fruit, non oak, spices, black fruit, floral, microbio, dried fruit, vegetal, citrus fruit, tree fruit, tropical fruit","Beef, Pasta, Lamb, Game (deer, venison)",Nebbiolo
Amici Russian River Valley Pinot Noir 2023,United States,40,4.2,images/Amici_Russian_River_Valley_Pinot_Noir_2023.png,images/bottle_Amici_Russian_River_Valley_Pinot_Noir_2023.png,Russian River Valley,Amici,"red fruit, oak, earth, non oak, spices, black fruit, microbio, dried fruit, vegetal, floral, citrus fruit, tree fruit, tropical fruit","Veal, Pork, Poultry, Mushrooms",Pinot Noir
Bogle Old Vine Zinfandel 2017,United States,14.08,3.9,images/Bogle_Old_Vine_Zinfandel_2017.png,images/bottle_Bogle_Old_Vine_Zinfandel_2017.png,California,Bogle,"oak, black fruit, spices, non oak, red fruit, earth, dried fruit, microbio, vegetal, floral, tree fruit, citrus fruit, tropical fruit","Beef, Lamb, Poultry",Zinfandel
Maison l'Envoye Two Messengers Pinot Noir 2022,United States,29.99,4,images/Maison_lEnvoye_Two_Messengers_Pinot_Noir_2022.png,images/bottle_Maison_lEnvoye_Two_Messengers_Pinot_Noir_20.png,Willamette Valley,Maison l'Envoye,"red fruit, earth, oak, non oak, spices, black fruit, microbio, vegetal, floral, dried fruit, citrus fruit, tree fruit","Beef, Veal, Game (deer, venison), Poultry",Pinot Noir
Pine Ridge Stags Leap District Cabernet Sauvignon 1987,United States,220,4.5,images/Pine_Ridge_Stags_Leap_District_Cabernet_Sauvignon_.png,images/bottle_Pine_Ridge_Stags_Leap_District_Cabernet_Sau.png,Stags Leap District,Pine Ridge,"oak, black fruit, non oak, earth, red fruit, spices, microbio, floral, dried fruit, vegetal, tree fruit, citrus fruit","Beef, Lamb, Game (deer, venison), Mature and hard cheese, Poultry",Cabernet Sauvignon
Pahlmeyer Merlot 2022,United States,140,4.5,images/Pahlmeyer_Merlot_2022.png,images/bottle_Pahlmeyer_Merlot_2022.png,Napa Valley,Pahlmeyer,"oak, black fruit, non oak, earth, spices, red fruit, microbio, dried fruit, floral, vegetal, tree fruit, citrus fruit, tropical fruit","Beef, Lamb, Veal",Merlot
Spottswoode Lyndenhurst Cabernet Sauvignon 2006,United States,99,4.3,images/Spottswoode_Lyndenhurst_Cabernet_Sauvignon_2006.png,images/bottle_Spottswoode_Lyndenhurst_Cabernet_Sauvignon_.png,Napa Valley,Spottswoode,"oak, black fruit, earth, non oak, spices, red fruit, microbio, floral, vegetal, dried fruit, citrus fruit, tree fruit, tropical fruit","Beef, Lamb, Game (deer, venison), Mature and hard cheese, Poultry",Cabernet Sauvignon
Jean Bourdy Côtes du Jura 2022,France,59.99,4,images/Jean_Bourdy_Ctes_du_Jura_2022.png,images/bottle_Jean_Bourdy_Ctes_du_Jura_2022.png,Côtes du Jura,Jean Bourdy,"earth, red fruit, oak, non oak, microbio, spices, citrus fruit, tree fruit, vegetal, black fruit, floral, dried fruit, tropical fruit","Game (deer, venison), Appetizers and snacks, Mushrooms, Mild and soft cheese, Cured Meat","Pinot Noir, Trousseau, Poulsard"
Flam Classico 2023,Israel,44.99,4.1,images/Flam_Classico_2023.png,images/bottle_Flam_Classico_2023.png,Judean Hills,Flam,"oak, black fruit, spices, non oak, red fruit, earth, microbio, dried fruit, floral, vegetal, citrus fruit, tree fruit, tropical fruit","Beef, Pasta, Lamb, Game (deer, venison), Any junk food will do, Cured Meat",
Château Lynch-Bages Pauillac (Grand Cru Classé) 2008,France,349,4.3,images/Chteau_Lynch_Bages_Pauillac_Grand_Cru_Class_2008.png,images/bottle_Chteau_Lynch_Bages_Pauillac_Grand_Cru_Class.png,Pauillac,Château Lynch-Bages,"oak, earth, black fruit, non oak, spices, red fruit, microbio, floral, dried fruit, vegetal, citrus fruit, tree fruit, tropical fruit","Beef, Lamb, Game (deer, venison), Poultry","Cabernet Sauvignon, Cabernet Franc, Malbec, Merlot, Petit Verdot, Carménère"
Le Salette La Marega Amarone della Valpolicella Classico 1990,Italy,170,4.3,images/Le_Salette_La_Marega_Amarone_della_Valpolicella_Cl.png,images/bottle_Le_Salette_La_Marega_Amarone_della_Valpolic.png,Amarone della Valpolicella Classico,Le Salette,"oak, red fruit, black fruit, earth, non oak, spices, dried fruit, microbio, vegetal, citrus fruit, floral, tree fruit, tropical fruit","Beef, Lamb, Game (deer, venison), Blue cheese","Corvina, Rondinella, Corvinone"
Jordan Cabernet Sauvignon 2016,United States,229.99,4.3,images/Jordan_Cabernet_Sauvignon_2016.png,images/bottle_Jordan_Cabernet_Sauvignon_2016.png,Alexander Valley,Jordan,"oak, black fruit, red fruit, earth, non oak, spices, microbio, floral, dried fruit, vegetal, citrus fruit, tree fruit, tropical fruit","Beef, Lamb, Game (deer, venison)",Cabernet Sauvignon
Château La Bridane (Chateau Moulin de la Bridane) Saint-Julien 2003,France,85,3.9,images/Chteau_La_Bridane_Chateau_Moulin_de_la_Bridane_Sai.png,images/bottle_Chteau_La_Bridane_Chateau_Moulin_de_la_Brid.png,Saint-Julien,Château La Bridane (Chateau Moulin de la Bridane),"black fruit, oak, earth, non oak, red fruit, spices, microbio, vegetal, dried fruit, floral, citrus fruit","Beef, Lamb, Game (deer, venison), Poultry","Cabernet Sauvignon, Cabernet Franc, Malbec, Merlot, Petit Verdot, Carménère"
Trig Point Cabernet Sauvignon (Diamond Dust Vineyard) 2023,United States,29.99,4.1,images/Trig_Point_Cabernet_Sauvignon_Diamond_Dust_Vineyar.png,images/bottle_Trig_Point_Cabernet_Sauvignon_Diamond_Dust_.png,Alexander Valley,Trig Point,"oak, black fruit, earth, red fruit, non oak, spices, microbio, dried fruit, vegetal, citrus fruit, floral","Beef, Lamb, Game (deer, venison)",Cabernet Sauvignon
Le Boncie Le Trame Toscana 2022,Italy,90,4.2,images/Le_Boncie_Le_Trame_Toscana_2022.png,images/bottle_Le_Boncie_Le_Trame_Toscana_2022.png,Toscana,Le Boncie,"red fruit, earth, oak, black fruit, non oak, spices, floral, microbio, dried fruit, vegetal, citrus fruit, tree fruit","Beef, Lamb, Veal, Poultry, Cured Meat","Cabernet Sauvignon, Merlot, Sangiovese, Canaiolo Nero"
Charles Krug Family Reserve Generations 2002,United States,29.99,4.3,images/Charles_Krug_Family_Reserve_Generations_2002.png,images/bottle_Charles_Krug_Family_Reserve_Generations_200.png,Napa Valley,Charles Krug,"oak, black fruit, red fruit, non oak, earth, spices, microbio, dried fruit, vegetal, floral, tree fruit, citrus fruit, tropical fruit","Beef, Lamb, Game (deer, venison), Poultry","Cabernet Sauvignon, Cabernet Franc, Malbec, Merlot, Petit Verdot"
Almaviva Almaviva 2011,Chile,179.99,4.6,images/Almaviva_Almaviva_2011.png,images/bottle_Almaviva_Almaviva_2011.png,Puente Alto,Almaviva,"oak, black fruit, non oak, earth, spices, red fruit, microbio, dried fruit, floral, vegetal, citrus fruit, tree fruit, tropical fruit","Beef, Pasta, Veal, Poultry","Cabernet Sauvignon, Cabernet Franc, Malbec, Merlot, Petit Verdot, Carménère"
Domaine Font de Michelle Châteauneuf-du-Pape 1990,France,186,4.1,images/Domaine_Font_de_Michelle_Chteauneuf_du_Pape_1990.png,images/bottle_Domaine_Font_de_Michelle_Chteauneuf_du_Pape.png,Châteauneuf-du-Pape,Domaine Font de Michelle,"oak, black fruit, earth, red fruit, spices, non oak, microbio, dried fruit, tree fruit, floral, vegetal, citrus fruit, tropical fruit","Lamb, Pork, Poultry","Shiraz/Syrah, Mourvedre, Counoise, Cinsaut, Vaccareze, Muscardin"
Oberon Cabernet Sauvignon 2018,United States,34.71,4,images/Oberon_Cabernet_Sauvignon_2018.png,images/bottle_Oberon_Cabernet_Sauvignon_2018.png,Napa County,Oberon,"oak, black fruit, red fruit, non oak, spices, earth, microbio, dried fruit, vegetal, tree fruit, floral, citrus fruit, tropical fruit","Beef, Lamb, Game (deer, venison), Poultry",Cabernet Sauvignon
The Prisoner Saldo Zinfandel 2018,United States,29.99,4.2,images/The_Prisoner_Saldo_Zinfandel_2018.png,images/bottle_The_Prisoner_Saldo_Zinfandel_2018.png,California,The Prisoner,"oak, black fruit, red fruit, spices, non oak, earth, dried fruit, microbio, floral, vegetal, tree fruit, citrus fruit, tropical fruit","Beef, Lamb, Poultry",Zinfandel
Tenuta Luce Lucente 2014,Italy,14.99,3.9,images/Tenuta_Luce_Lucente_2014.png,images/bottle_Tenuta_Luce_Lucente_2014.png,Toscana,Tenuta Luce,"oak, black fruit, red fruit, non oak, earth, spices, microbio, dried fruit, floral, vegetal, citrus fruit, tree fruit, tropical fruit","Beef, Lamb, Veal, Poultry, Cured Meat","Cabernet Sauvignon, Merlot, Sangiovese, Canaiolo Nero"
Long Shadows Feather Cabernet Sauvignon 2022,United States,180,4.3,images/Long_Shadows_Feather_Cabernet_Sauvignon_2022.png,images/bottle_Long_Shadows_Feather_Cabernet_Sauvignon_202.png,Columbia Valley,Long Shadows,"oak, black fruit, earth, red fruit, non oak, spices, microbio, dried fruit, floral, vegetal, citrus fruit","Beef, Lamb, Game (deer, venison), Poultry",Cabernet Sauvignon
Bend Cabernet Sauvignon 2023,United States,12.97,3.7,images/Bend_Cabernet_Sauvignon_2023.png,images/bottle_Bend_Cabernet_Sauvignon_2023.png,California,Bend,"oak, red fruit, black fruit, non oak, spices, earth, microbio, dried fruit, floral, vegetal, tropical fruit","Beef, Lamb, Game (deer, venison), Poultry",Cabernet Sauvignon
Staglin Salus Estate Cabernet Sauvignon 1994,United States,347,4.5,images/Staglin_Salus_Estate_Cabernet_Sauvignon_1994.png,images/bottle_Staglin_Salus_Estate_Cabernet_Sauvignon_199.png,Rutherford,Staglin,"oak, black fruit, earth, non oak, spices, red fruit, microbio, dried fruit, vegetal, floral, citrus fruit, tree fruit, tropical fruit","Beef, Lamb, Game (deer, venison), Mature and hard cheese, Poultry",Cabernet Sauvignon
Paul Jaboulet Aîné Les Jumelles Côte Rotie 1970,France,840,4.2,images/Paul_Jaboulet_An_Les_Jumelles_Cte_Rotie_1970.png,images/bottle_Paul_Jaboulet_An_Les_Jumelles_Cte_Rotie_197.png,Côte-Rôtie,Paul Jaboulet Aîné,"earth, oak, black fruit, spices, non oak, red fruit, microbio, floral, dried fruit, vegetal, citrus fruit, tropical fruit","Beef, Lamb, Game (deer, venison), Poultry","Shiraz/Syrah, Viognier"
Hess Select Cabernet Sauvignon 2016,United States,24.99,3.8,images/Hess_Select_Cabernet_Sauvignon_2016.png,images/bottle_Hess_Select_Cabernet_Sauvignon_2016.png,North Coast,Hess Select,"oak, black fruit, red fruit, non oak, earth, spices, microbio, dried fruit, vegetal, floral, tree fruit, citrus fruit, tropical fruit","Beef, Lamb, Game (deer, venison), Poultry",Cabernet Sauvignon
Gaja Costa Russi (Barbaresco) Langhe 2021,Italy,899.99,4.6,images/Gaja_Costa_Russi_Barbaresco_Langhe_2021.png,images/bottle_Gaja_Costa_Russi_Barbaresco_Langhe_2021.png,Barbaresco,Gaja,"earth, oak, black fruit, red fruit, non oak, spices, microbio, floral, vegetal, dried fruit, citrus fruit, tree fruit","Beef, Pasta, Lamb, Game (deer, venison)",Nebbiolo
Burn Cottage Moonlight Race Pinot Noir 2023,New Zealand,46.99,4.1,images/Burn_Cottage_Moonlight_Race_Pinot_Noir_2023.png,images/bottle_Burn_Cottage_Moonlight_Race_Pinot_Noir_2023.png,Central Otago,Burn Cottage,"red fruit, earth, oak, non oak, spices, black fruit, microbio, floral, vegetal, dried fruit, citrus fruit, tropical fruit, tree fruit","Beef, Veal, Game (deer, venison), Mushrooms",Pinot Noir
Domaine Faiveley Corton Clos des Cortons Faiveley Grand Cru (Monopole) 2022,France,265,4.2,images/Domaine_Faiveley_Corton_Clos_des_Cortons_Faiveley_.png,images/bottle_Domaine_Faiveley_Corton_Clos_des_Cortons_Fa.png,Corton Grand Cru,Domaine Faiveley,"earth, red fruit, oak, spices, black fruit, non oak, microbio, floral, dried fruit, vegetal, citrus fruit, tropical fruit, tree fruit","Beef, Veal, Game (deer, venison), Poultry",Pinot Noir
Piedlong Châteauneuf-du-Pape 2022,France,83.99,4.2,images/Piedlong_Chteauneuf_du_Pape_2022.png,images/bottle_Piedlong_Chteauneuf_du_Pape_2022.png,Châteauneuf-du-Pape,Piedlong,"red fruit, oak, spices, earth, non oak, black fruit, microbio, dried fruit, floral, vegetal, citrus fruit, tree fruit","Lamb, Pork, Poultry","Shiraz/Syrah, Mourvedre, Counoise, Cinsaut, Vaccareze, Muscardin"
Viña Cobos Felino Malbec 2022,Argentina,22.99,4,images/Via_Cobos_Felino_Malbec_2022.png,images/bottle_Via_Cobos_Felino_Malbec_2022.png,Mendoza,Viña Cobos,"oak, black fruit, red fruit, earth, non oak, spices, microbio, floral, dried fruit, vegetal, tree fruit, citrus fruit, tropical fruit","Beef, Lamb, Pork",Malbec
Woodbridge by Robert Mondavi Cabernet Sauvignon 2017,United States,10.97,3.5,images/Woodbridge_by_Robert_Mondavi_Cabernet_Sauvignon_20.png,images/bottle_Woodbridge_by_Robert_Mondavi_Cabernet_Sauvi.png,California,Woodbridge by Robert Mondavi,"black fruit, oak, red fruit, non oak, spices, earth, microbio, dried fruit, vegetal, tree fruit, citrus fruit, tropical fruit, floral","Beef, Lamb, Game (deer, venison), Poultry",Cabernet Sauvignon
Bouchard Père & Fils Volnay Premier Cru Caillerets Ancienne Cuvée Carnot 2021,France,160,4.2,images/Bouchard_Pre_Fils_Volnay_Premier_Cru_Caillerets_An.png,images/bottle_Bouchard_Pre_Fils_Volnay_Premier_Cru_Caille.png,Volnay Premier Cru,Bouchard Père & Fils,"red fruit, earth, oak, non oak, spices, black fruit, microbio, floral, vegetal, dried fruit, citrus fruit, tree fruit, tropical fruit","Beef, Veal, Game (deer, venison), Poultry",Pinot Noir
Antinori Tenuta Guado al Tasso Bolgheri Superiore 2013,Italy,215,4.4,images/Antinori_Tenuta_Guado_al_Tasso_Bolgheri_Superiore_.png,images/bottle_Antinori_Tenuta_Guado_al_Tasso_Bolgheri_Sup.png,Bolgheri Superiore,Antinori,"oak, black fruit, earth, non oak, spices, red fruit, microbio, dried fruit, vegetal, floral, citrus fruit, tree fruit, tropical fruit","Beef, Pasta, Lamb, Veal, Game (deer, venison)","Cabernet Sauvignon, Merlot, Sangiovese"
Château Pontet-Canet Pauillac (Grand Cru Classé) 2010,France,339,4.6,images/Chteau_Pontet_Canet_Pauillac_Grand_Cru_Class_2010.png,images/bottle_Chteau_Pontet_Canet_Pauillac_Grand_Cru_Clas.png,Pauillac,Château Pontet-Canet,"oak, black fruit, earth, non oak, spices, red fruit, microbio, floral, dried fruit, vegetal, citrus fruit, tropical fruit, tree fruit","Beef, Lamb, Game (deer, venison), Poultry","Cabernet Sauvignon, Cabernet Franc, Malbec, Merlot, Petit Verdot, Carménère"
Bel Air-Marquis d'Aligre Margaux 1989,France,110,4.1,images/Bel_Air_Marquis_dAligre_Margaux_1989.png,images/bottle_Bel_Air_Marquis_dAligre_Margaux_1989.png,Margaux,Bel Air-Marquis d'Aligre,"earth, oak, black fruit, non oak, microbio, red fruit, spices, dried fruit, vegetal, floral, citrus fruit, tree fruit","Beef, Lamb, Game (deer, venison), Poultry","Cabernet Sauvignon, Cabernet Franc, Malbec, Merlot, Petit Verdot, Carménère"
Castellani Michele I Castei Campo Casalin Amarone della Valpolicella Classico 1995,Italy,120,4.3,images/Castellani_Michele_I_Castei_Campo_Casalin_Amarone_.png,images/bottle_Castellani_Michele_I_Castei_Campo_Casalin_A.png,Amarone della Valpolicella Classico,Castellani Michele,"oak, non oak, dried fruit, black fruit, spices, earth, red fruit, microbio, vegetal, floral, citrus fruit","Beef, Lamb, Game (deer, venison), Blue cheese","Corvina, Rondinella, Corvinone"
McManis Merlot 2023,United States,10.99,3.7,images/McManis_Merlot_2023.png,images/bottle_McManis_Merlot_2023.png,Lodi,McManis,"oak, black fruit, non oak, red fruit, spices, earth, microbio, dried fruit, vegetal, floral, tree fruit, citrus fruit","Beef, Lamb, Veal",Merlot
Cousiño-Macul Cabernet Sauvignon 2022,Chile,15.99,3.4,images/Cousio_Macul_Cabernet_Sauvignon_2022.png,images/bottle_Cousio_Macul_Cabernet_Sauvignon_2022.png,Maipo Valley,Cousiño-Macul,"oak, red fruit, black fruit, spices, non oak, earth, microbio, vegetal, dried fruit, tree fruit, floral","Beef, Lamb, Game (deer, venison), Poultry",Cabernet Sauvignon
Maddalena Wines Cabernet Sauvignon 2023,United States,18.95,3.9,images/Maddalena_Wines_Cabernet_Sauvignon_2023.png,images/bottle_Maddalena_Wines_Cabernet_Sauvignon_2023.png,Paso Robles,Maddalena Wines,"oak, black fruit, non oak, red fruit, spices, earth, microbio, dried fruit, floral, tree fruit, citrus fruit, vegetal","Beef, Lamb, Game (deer, venison)",Cabernet Sauvignon
Château Andron-Blanquet Saint-Estèphe 1998,France,56,3.9,images/Chteau_Andron_Blanquet_Saint_Estphe_1998.png,images/bottle_Chteau_Andron_Blanquet_Saint_Estphe_1998.png,Saint-Estèphe,Château Andron-Blanquet,"oak, earth, black fruit, non oak, red fruit, spices, microbio, dried fruit, floral, citrus fruit, tree fruit, vegetal","Beef, Lamb, Game (deer, venison), Poultry","Cabernet Sauvignon, Cabernet Franc, Malbec, Merlot, Petit Verdot, Carménère"
Bevan Cellars Ontogeny Red 2022,United States,119.99,4.5,images/Bevan_Cellars_Ontogeny_Red_2022.png,images/bottle_Bevan_Cellars_Ontogeny_Red_2022.png,Oakville,Bevan Cellars,"black fruit, oak, non oak, earth, spices, red fruit, dried fruit, microbio, floral, vegetal, citrus fruit, tree fruit","Beef, Lamb, Game (deer, venison), Mature and hard cheese, Poultry",Cabernet Sauvignon
Braida Bricco della Bigotta Barbera d'Asti 1991,Italy,146,4.2,images/Braida_Bricco_della_Bigotta_Barbera_dAsti_1991.png,images/bottle_Braida_Bricco_della_Bigotta_Barbera_dAsti_1.png,Barbera d'Asti,Braida,"oak, earth, non oak, black fruit, red fruit, spices, dried fruit, floral, microbio, vegetal, citrus fruit","Pasta, Veal, Pork, Game (deer, venison), Poultry",Barbera
Mongeard-Mugneret Vosne-Romanée 2022,France,156.99,4.2,images/Mongeard_Mugneret_Vosne_Romane_2022.png,images/bottle_Mongeard_Mugneret_Vosne_Romane_2022.png,Vosne-Romanée,Mongeard-Mugneret,"red fruit, oak, earth, non oak, black fruit, spices, microbio, floral, vegetal, citrus fruit, dried fruit, tropical fruit, tree fruit","Beef, Veal, Game (deer, venison), Poultry",Pinot Noir
Azienda Agricola Il Colle Brunello di Montalcino 1990,Italy,289,4.3,images/Azienda_Agricola_Il_Colle_Brunello_di_Montalcino_1.png,images/bottle_Azienda_Agricola_Il_Colle_Brunello_di_Monta.png,Brunello di Montalcino,Azienda Agricola Il Colle,"oak, earth, red fruit, non oak, spices, black fruit, microbio, dried fruit, floral, vegetal, tree fruit","Beef, Lamb, Game (deer, venison), Poultry",Sangiovese
Alión Ribera del Duero 2019,Spain,114.99,4.5,images/Alin_Ribera_del_Duero_2019.png,images/bottle_Alin_Ribera_del_Duero_2019.png,Ribera del Duero,Alión,"oak, black fruit, non oak, earth, spices, red fruit, microbio, dried fruit, floral, vegetal, citrus fruit, tree fruit, tropical fruit","Beef, Lamb, Game (deer, venison)",Tempranillo
Château Mouton Rothschild Pauillac (Premier Grand Cru Classé) 1990,France,759,4.6,images/Chteau_Mouton_Rothschild_Pauillac_Premier_Grand_Cr.png,images/bottle_Chteau_Mouton_Rothschild_Pauillac_Premier_G.png,Pauillac,Château Mouton Rothschild,"oak, earth, non oak, black fruit, spices, red fruit, microbio, floral, dried fruit, vegetal, citrus fruit, tree fruit, tropical fruit","Beef, Lamb, Game (deer, venison), Poultry","Cabernet Sauvignon, Cabernet Franc, Malbec, Merlot, Petit Verdot, Carménère"
Ancient Peaks Zinfandel 2022,United States,16.99,3.9,images/Ancient_Peaks_Zinfandel_2022.png,images/bottle_Ancient_Peaks_Zinfandel_2022.png,Paso Robles,Ancient Peaks,"black fruit, oak, red fruit, spices, non oak, earth, dried fruit, microbio, vegetal, floral, citrus fruit, tree fruit","Beef, Lamb, Poultry",Zinfandel
Cloudline Pinot Noir 2018,United States,26.61,3.8,images/Cloudline_Pinot_Noir_2018.png,images/bottle_Cloudline_Pinot_Noir_2018.png,Willamette Valley,Cloudline,"red fruit, earth, oak, non oak, spices, black fruit, microbio, vegetal, floral, dried fruit, citrus fruit, tree fruit, tropical fruit","Beef, Veal, Game (deer, venison), Poultry",Pinot Noir
Domaine Comte Georges de Vogüé Bonnes-Mares Grand Cru 2020,France,999.99,4.5,images/Domaine_Comte_Georges_de_Vog_Bonnes_Mares_Grand_Cr.png,images/bottle_Domaine_Comte_Georges_de_Vog_Bonnes_Mares_G.png,Bonnes-Mares Grand Cru,Domaine Comte Georges de Vogüé,"earth, red fruit, oak, black fruit, non oak, spices, microbio, floral, dried fruit, vegetal, citrus fruit, tree fruit, tropical fruit","Beef, Veal, Game (deer, venison), Poultry",Pinot Noir
Trediberri Barbera d'Alba 2024,Italy,33,3.9,images/Trediberri_Barbera_dAlba_2024.png,images/bottle_Trediberri_Barbera_dAlba_2024.png,Barbera d'Alba,Trediberri,"red fruit, black fruit, spices, oak, earth, non oak, microbio, floral, vegetal, dried fruit, citrus fruit, tree fruit, tropical fruit","Pasta, Veal, Pork, Game (deer, venison), Poultry",Barbera
Beaux Frères Pinot Noir 2022,United States,76.99,4.3,images/Beaux_Frres_Pinot_Noir_2022.png,images/bottle_Beaux_Frres_Pinot_Noir_2022.png,Willamette Valley,Beaux Frères,"red fruit, earth, oak, non oak, spices, black fruit, microbio, floral, vegetal, dried fruit, citrus fruit","Beef, Veal, Game (deer, venison), Poultry",Pinot Noir
Lewis Cellars Cabernet Sauvignon 2021,United States,119.99,4.5,images/Lewis_Cellars_Cabernet_Sauvignon_2021.png,images/bottle_Lewis_Cellars_Cabernet_Sauvignon_2021.png,Napa Valley,Lewis Cellars,"oak, black fruit, non oak, earth, spices, red fruit, microbio, vegetal, dried fruit, floral, tree fruit, citrus fruit, tropical fruit","Beef, Lamb, Game (deer, venison), Mature and hard cheese, Poultry",Cabernet Sauvignon
Castelsina Chianti 2023,Italy,12.99,3.4,images/Castelsina_Chianti_2023.png,images/bottle_Castelsina_Chianti_2023.png,Chianti,Castelsina,"red fruit, oak, black fruit, spices, non oak, earth, dried fruit, microbio, vegetal, floral, citrus fruit","Beef, Veal, Poultry","Sangiovese, Trebbiano, Canaiolo Nero, Malvasia Nera"
Schug Pinot Noir 2023,United States,16.99,3.8,images/Schug_Pinot_Noir_2023.png,images/bottle_Schug_Pinot_Noir_2023.png,Sonoma Coast,Schug,"red fruit, oak, earth, non oak, spices, black fruit, microbio, floral, vegetal, dried fruit, tree fruit, citrus fruit, tropical fruit","Veal, Pork, Poultry, Mushrooms",Pinot Noir
Louis Jadot Clos Vougeot Grand Cru 1991,France,378,4.3,images/Louis_Jadot_Clos_Vougeot_Grand_Cru_1991.png,images/bottle_Louis_Jadot_Clos_Vougeot_Grand_Cru_1991.png,Clos Vougeot Grand Cru,Louis Jadot,"red fruit, earth, oak, non oak, black fruit, microbio, spices, floral, dried fruit, vegetal, citrus fruit, tree fruit, tropical fruit","Beef, Veal, Game (deer, venison), Poultry",Pinot Noir
Pali Wine Co. Huntington Pinot Noir 2022,United States,26.99,3.9,images/Pali_Wine_Co_Huntington_Pinot_Noir_2022.png,images/bottle_Pali_Wine_Co_Huntington_Pinot_Noir_2022.png,Santa Barbara County,Pali Wine Co.,"red fruit, oak, earth, non oak, black fruit, spices, microbio, dried fruit, vegetal, tree fruit, floral, citrus fruit, tropical fruit","Beef, Veal, Game (deer, venison), Poultry",Pinot Noir
Orin Swift Papillon 2019,United States,79.99,4.5,images/Orin_Swift_Papillon_2019.png,images/bottle_Orin_Swift_Papillon_2019.png,Napa Valley,Orin Swift,"oak, black fruit, non oak, earth, spices, red fruit, microbio, dried fruit, vegetal, floral, citrus fruit, tree fruit, tropical fruit","Beef, Lamb, Game (deer, venison), Poultry","Cabernet Sauvignon, Cabernet Franc, Malbec, Merlot, Petit Verdot"
Freemark Abbey Bosché Vineyard Cabernet Sauvignon 1970,United States,880,4.4,images/Freemark_Abbey_Bosch_Vineyard_Cabernet_Sauvignon_1.png,images/bottle_Freemark_Abbey_Bosch_Vineyard_Cabernet_Sauv.png,Rutherford,Freemark Abbey,"oak, black fruit, earth, non oak, spices, red fruit, microbio, dried fruit, floral, vegetal, citrus fruit, tree fruit","Beef, Lamb, Game (deer, venison), Mature and hard cheese, Poultry",Cabernet Sauvignon
Liberty School Cabernet Sauvignon 2017,United States,15.99,3.9,images/Liberty_School_Cabernet_Sauvignon_2017.png,images/bottle_Liberty_School_Cabernet_Sauvignon_2017.png,Paso Robles,Liberty School,"black fruit, oak, red fruit, non oak, spices, earth, microbio, dried fruit, vegetal, floral, tree fruit, citrus fruit, tropical fruit","Beef, Lamb, Game (deer, venison)",Cabernet Sauvignon
Palacio del Burgo Tinto 2021,Spain,10.98,3.5,images/Palacio_del_Burgo_Tinto_2021.png,images/bottle_Palacio_del_Burgo_Tinto_2021.png,Rioja,Palacio del Burgo,"black fruit, red fruit, oak, earth, non oak, spices, microbio, dried fruit, floral, tree fruit, citrus fruit","Beef, Lamb, Veal, Poultry","Tempranillo, Graciano, Garnacha"
Roccolo Grassi Amarone della Valpolicella 2000,Italy,167,4.4,images/Roccolo_Grassi_Amarone_della_Valpolicella_2000.png,images/bottle_Roccolo_Grassi_Amarone_della_Valpolicella_2.png,Amarone della Valpolicella,Roccolo Grassi,"oak, black fruit, non oak, red fruit, earth, dried fruit, spices, microbio, floral, citrus fruit, vegetal, tropical fruit","Beef, Lamb, Game (deer, venison), Blue cheese","Corvina, Rondinella, Corvinone"
Jean Foillard Fleurie 2023,France,72,4.1,images/Jean_Foillard_Fleurie_2023.png,images/bottle_Jean_Foillard_Fleurie_2023.png,Fleurie,Jean Foillard,"red fruit, earth, oak, black fruit, non oak, spices, floral, microbio, dried fruit, vegetal, citrus fruit, tropical fruit, tree fruit","Pasta, Veal, Pork, Poultry, Cured Meat",Gamay
Domaine Pavelot - Jean-Marc et Hughes Savigny-les-Beaune Rouge 2002,France,68,3.9,images/Domaine_Pavelot_Jean_Marc_et_Hughes_Savigny_les_Be.png,images/bottle_Domaine_Pavelot_Jean_Marc_et_Hughes_Savigny.png,Savigny-lès-Beaune,Domaine Pavelot - Jean-Marc et Hughes,"red fruit, earth, oak, spices, non oak, black fruit, microbio, floral, dried fruit, tree fruit, citrus fruit, vegetal","Beef, Veal, Game (deer, venison), Poultry",Pinot Noir
Elio Altare Arborina Barolo 2021,Italy,125,4.4,images/Elio_Altare_Arborina_Barolo_2021.png,images/bottle_Elio_Altare_Arborina_Barolo_2021.png,Barolo,Elio Altare,"earth, oak, red fruit, spices, black fruit, non oak, floral, microbio, vegetal, dried fruit, citrus fruit, tree fruit","Beef, Pasta, Lamb, Game (deer, venison)",Nebbiolo
Brandini Barolo del Comune di La Morra 2021,Italy,50.99,4.2,images/Brandini_Barolo_del_Comune_di_La_Morra_2021.png,images/bottle_Brandini_Barolo_del_Comune_di_La_Morra_2021.png,Barolo,Brandini,"oak, earth, red fruit, non oak, spices, black fruit, floral, microbio, citrus fruit, vegetal, dried fruit","Beef, Pasta, Lamb, Game (deer, venison)",Nebbiolo
Dominio de Pingus PSI 2021,Spain,36.99,4.2,images/Dominio_de_Pingus_PSI_2021.png,images/bottle_Dominio_de_Pingus_PSI_2021.png,Ribera del Duero,Dominio de Pingus,"oak, black fruit, earth, non oak, red fruit, spices, microbio, floral, dried fruit, vegetal, citrus fruit, tree fruit, tropical fruit","Beef, Lamb, Game (deer, venison)",Tempranillo
Domaine Trapet Chambertin Grand Cru 2020,France,975,4.4,images/Domaine_Trapet_Chambertin_Grand_Cru_2020.png,images/bottle_Domaine_Trapet_Chambertin_Grand_Cru_2020.png,Chambertin Grand Cru,Domaine Trapet,"earth, oak, red fruit, black fruit, non oak, microbio, spices, floral, dried fruit, vegetal, tree fruit, citrus fruit","Beef, Veal, Game (deer, venison), Poultry",Pinot Noir
Calera Pinot Noir Jensen Vineyard 2002,United States,199,4.3,images/Calera_Pinot_Noir_Jensen_Vineyard_2002.png,images/bottle_Calera_Pinot_Noir_Jensen_Vineyard_2002.png,Mount Harlan,Calera,"red fruit, earth, oak, black fruit, non oak, spices, floral, microbio, vegetal, dried fruit, citrus fruit, tree fruit, tropical fruit","Beef, Veal, Game (deer, venison), Poultry",Pinot Noir
Castello di Ama Chianti Classico Riserva 2020,Italy,49.99,4,images/Castello_di_Ama_Chianti_Classico_Riserva_2020.png,images/bottle_Castello_di_Ama_Chianti_Classico_Riserva_20.png,Chianti Classico,Castello di Ama,"oak, earth, red fruit, black fruit, non oak, spices, microbio, dried fruit, vegetal, floral, citrus fruit, tree fruit","Beef, Pasta, Veal, Cured Meat",Sangiovese
Travaglini Gattinara 2018,Italy,37.99,4.1,images/Travaglini_Gattinara_2018.png,images/bottle_Travaglini_Gattinara_2018.png,Gattinara,Travaglini,"red fruit, earth, oak, non oak, spices, black fruit, microbio, floral, dried fruit, vegetal, citrus fruit, tree fruit, tropical fruit","Beef, Lamb, Game (deer, venison), Poultry",Nebbiolo
Tenute Silvio Nardi Casale del Bosco Brunello di Montalcino 1970,Italy,228,4.1,images/Tenute_Silvio_Nardi_Casale_del_Bosco_Brunello_di_M.png,images/bottle_Tenute_Silvio_Nardi_Casale_del_Bosco_Brunel.png,Brunello di Montalcino,Tenute Silvio Nardi,"oak, earth, red fruit, non oak, spices, black fruit, microbio, dried fruit, vegetal, citrus fruit","Beef, Lamb, Game (deer, venison), Poultry",Sangiovese
Vega Sicilia Valbuena 5º (Reserva) 2018,Spain,222.99,4.6,images/Vega_Sicilia_Valbuena_5_Reserva_2018.png,images/bottle_Vega_Sicilia_Valbuena_5_Reserva_2018.png,Ribera del Duero,Vega Sicilia,"oak, non oak, earth, black fruit, spices, red fruit, microbio, dried fruit, floral, vegetal, citrus fruit, tree fruit, tropical fruit","Beef, Lamb, Game (deer, venison)",Tempranillo
Ghislaine Barthod Chambolle-Musigny 2022,France,138,4.2,images/Ghislaine_Barthod_Chambolle_Musigny_2022.png,images/bottle_Ghislaine_Barthod_Chambolle_Musigny_2022.png,Chambolle-Musigny,Ghislaine Barthod,"red fruit, earth, oak, non oak, spices, black fruit, floral, microbio, vegetal, citrus fruit, tree fruit, dried fruit, tropical fruit","Beef, Veal, Game (deer, venison), Poultry",Pinot Noir
Alexana Terroir Series Pinot Noir 2023,United States,36.99,4.2,images/Alexana_Terroir_Series_Pinot_Noir_2023.png,images/bottle_Alexana_Terroir_Series_Pinot_Noir_2023.png,Willamette Valley,Alexana,"red fruit, oak, non oak, earth, spices, black fruit, microbio, citrus fruit, dried fruit, floral, vegetal, tree fruit, tropical fruit","Beef, Veal, Game (deer, venison), Poultry",Pinot Noir
Freemark Abbey Sycamore Vineyard Cabernet Sauvignon 1986,United States,246,4.3,images/Freemark_Abbey_Sycamore_Vineyard_Cabernet_Sauvigno.png,images/bottle_Freemark_Abbey_Sycamore_Vineyard_Cabernet_S.png,Rutherford,Freemark Abbey,"oak, black fruit, earth, non oak, red fruit, spices, microbio, dried fruit, vegetal, floral, citrus fruit, tree fruit","Beef, Lamb, Game (deer, venison), Mature and hard cheese, Poultry",Cabernet Sauvignon
Bench Pinot Noir 2023,United States,19.99,3.8,images/Bench_Pinot_Noir_2023.png,images/bottle_Bench_Pinot_Noir_2023.png,Knights Valley,Bench,"red fruit, oak, non oak, earth, black fruit, spices, microbio, dried fruit, floral, vegetal, tree fruit, citrus fruit, tropical fruit","Beef, Veal, Game (deer, venison), Poultry",Pinot Noir
Château l'Évangile Blason de L’Evangile Pomerol 2022,France,57,4.2,images/Chteau_lvangile_Blason_de_LEvangile_Pomerol_2022.png,images/bottle_Chteau_lvangile_Blason_de_LEvangile_Pomerol.png,Pomerol,Château l'Évangile,"oak, black fruit, non oak, earth, red fruit, spices, microbio, dried fruit, floral, vegetal, tree fruit","Beef, Lamb, Game (deer, venison), Poultry","Cabernet Sauvignon, Cabernet Franc, Malbec, Merlot, Petit Verdot, Carménère"
Confidencial Tinto Reserva 2018,Portugal,10.99,4,images/Confidencial_Tinto_Reserva_2018.png,images/bottle_Confidencial_Tinto_Reserva_2018.png,Lisboa,Confidencial,"oak, black fruit, red fruit, non oak, spices, earth, microbio, dried fruit, vegetal, floral, tree fruit, citrus fruit, tropical fruit","Beef, Pasta, Veal, Poultry","Baga, Castelao"
Ponzi Pinot Noir 2021,United States,43,4,images/Ponzi_Pinot_Noir_2021.png,images/bottle_Ponzi_Pinot_Noir_2021.png,Willamette Valley,Ponzi,"red fruit, oak, earth, non oak, spices, black fruit, microbio, dried fruit, tree fruit, floral, vegetal, citrus fruit, tropical fruit","Beef, Veal, Game (deer, venison), Poultry",Pinot Noir
Château Thivin Côte de Brouilly 2023,France,36.99,3.9,images/Chteau_Thivin_Cte_de_Brouilly_2023.png,images/bottle_Chteau_Thivin_Cte_de_Brouilly_2023.png,Côte de Brouilly,Château Thivin,"red fruit, earth, oak, black fruit, spices, non oak, floral, microbio, dried fruit, vegetal, citrus fruit, tropical fruit, tree fruit","Pasta, Veal, Pork, Poultry, Cured Meat",Gamay
Château Bel-Air Pomerol 1986,France,115,3.9,images/Chteau_Bel_Air_Pomerol_1986.png,images/bottle_Chteau_Bel_Air_Pomerol_1986.png,Pomerol,Château Bel-Air,"oak, black fruit, earth, non oak, red fruit, spices, microbio, floral, dried fruit, vegetal, tropical fruit","Beef, Lamb, Game (deer, venison), Poultry","Cabernet Sauvignon, Cabernet Franc, Malbec, Merlot, Petit Verdot, Carménère"
Château La Louvière L de La Louvière Pessac-Léognan 1982,France,147,3.8,images/Chteau_La_Louvire_L_de_La_Louvire_Pessac_Lognan_19.png,images/bottle_Chteau_La_Louvire_L_de_La_Louvire_Pessac_Lo.png,Pessac-Léognan,Château La Louvière,"oak, non oak, earth, spices, black fruit, red fruit, microbio, dried fruit, citrus fruit, floral, tree fruit","Beef, Lamb, Game (deer, venison), Poultry","Cabernet Sauvignon, Cabernet Franc, Malbec, Merlot, Petit Verdot, Carménère"
Larkmead Cabernet Sauvignon 2022,United States,125,4.5,images/Larkmead_Cabernet_Sauvignon_2022.png,images/bottle_Larkmead_Cabernet_Sauvignon_2022.png,Napa Valley,Larkmead,"oak, black fruit, earth, non oak, spices, red fruit, dried fruit, vegetal, microbio, floral, citrus fruit, tropical fruit","Beef, Lamb, Game (deer, venison), Mature and hard cheese, Poultry",Cabernet Sauvignon
Anderson's Conn Valley Vineyards Cabernet Sauvignon Estate Reserve 1991,United States,174,4.3,images/Andersons_Conn_Valley_Vineyards_Cabernet_Sauvignon.png,images/bottle_Andersons_Conn_Valley_Vineyards_Cabernet_Sa.png,Napa Valley,Anderson's Conn Valley Vineyards,"oak, black fruit, earth, non oak, spices, red fruit, microbio, dried fruit, vegetal, floral, tree fruit, citrus fruit","Beef, Lamb, Game (deer, venison), Mature and hard cheese, Poultry",Cabernet Sauvignon
Valdipiatta Vino Nobile di Montepulciano 1999,Italy,23.15,3.9,images/Valdipiatta_Vino_Nobile_di_Montepulciano_1999.png,images/bottle_Valdipiatta_Vino_Nobile_di_Montepulciano_19.png,Vino Nobile di Montepulciano,Valdipiatta,"red fruit, earth, oak, black fruit, spices, non oak, microbio, dried fruit, floral, vegetal","Beef, Game (deer, venison), Poultry","Sangiovese, Canaiolo Nero"
Chateau Montelena The Montelena Estate Zinfandel 2003,United States,139,4.1,images/Chateau_Montelena_The_Montelena_Estate_Zinfandel_2.png,images/bottle_Chateau_Montelena_The_Montelena_Estate_Zinf.png,Calistoga,Chateau Montelena,"oak, red fruit, earth, black fruit, spices, non oak, dried fruit, microbio, floral, tree fruit, vegetal, citrus fruit, tropical fruit","Beef, Lamb, Poultry",Zinfandel
Castellare Chianti Classico 2019,Italy,34.71,3.9,images/Castellare_Chianti_Classico_2019.png,images/bottle_Castellare_Chianti_Classico_2019.png,Chianti Classico,Castellare,"red fruit, oak, earth, non oak, spices, black fruit, floral, vegetal, microbio, dried fruit, citrus fruit, tree fruit, tropical fruit","Beef, Pasta, Veal, Cured Meat",Sangiovese
SIMI Cabernet Sauvignon 2018,United States,26.61,3.9,images/SIMI_Cabernet_Sauvignon_2018.png,images/bottle_SIMI_Cabernet_Sauvignon_2018.png,California,SIMI,"oak, black fruit, non oak, red fruit, spices, earth, microbio, dried fruit, vegetal, tree fruit, floral, citrus fruit","Beef, Lamb, Game (deer, venison), Poultry",Cabernet Sauvignon
Giacomo Fenocchio Barolo Villero 2021,Italy,116.99,4.2,images/Giacomo_Fenocchio_Barolo_Villero_2021.png,images/bottle_Giacomo_Fenocchio_Barolo_Villero_2021.png,Barolo,Giacomo Fenocchio,"earth, red fruit, oak, non oak, spices, black fruit, floral, microbio, dried fruit, vegetal, citrus fruit, tree fruit, tropical fruit","Beef, Pasta, Lamb, Game (deer, venison)",Nebbiolo
Delas Saint-Esprit Côtes-du-Rhône 2021,France,15.99,3.9,images/Delas_Saint_Esprit_Ctes_du_Rhne_2021.png,images/bottle_Delas_Saint_Esprit_Ctes_du_Rhne_2021.png,Côtes-du-Rhône,Delas,"black fruit, red fruit, spices, oak, earth, non oak, microbio, floral, dried fruit, vegetal, tree fruit, citrus fruit, tropical fruit","Beef, Lamb, Game (deer, venison)","Shiraz/Syrah, Grenache, Mourvedre"
Bodega Marañones Marañones Garnacha 2022,Spain,35.99,3.7,images/Bodega_Maraones_Maraones_Garnacha_2022.png,images/bottle_Bodega_Maraones_Maraones_Garnacha_2022.png,Madrid,Bodega Marañones,"red fruit, oak, spices, earth, non oak, black fruit, floral, microbio, vegetal, dried fruit, tropical fruit, tree fruit","Beef, Pasta, Lamb, Game (deer, venison), Poultry",Grenache
Caymus-Suisun The Walking Fool Red Blend 2021,United States,34.99,4.2,images/Caymus_Suisun_The_Walking_Fool_Red_Blend_2021.png,images/bottle_Caymus_Suisun_The_Walking_Fool_Red_Blend_20.png,Suisun Valley,Caymus-Suisun,"oak, black fruit, non oak, red fruit, spices, earth, dried fruit, microbio, floral, vegetal, citrus fruit","Beef, Lamb, Veal, Poultry","Shiraz/Syrah, Cabernet Sauvignon, Merlot, Zinfandel"
Bodegas El Nido Clio 2015,Spain,53,4.5,images/Bodegas_El_Nido_Clio_2015.png,images/bottle_Bodegas_El_Nido_Clio_2015.png,Jumilla,Bodegas El Nido,"oak, black fruit, non oak, earth, spices, red fruit, microbio, dried fruit, floral, vegetal, citrus fruit, tree fruit, tropical fruit","Beef, Pasta, Lamb, Game (deer, venison)",Mourvedre
Domaine Tempier Bandol Cuvée La Tourtine 1996,France,599,4.3,images/Domaine_Tempier_Bandol_Cuve_La_Tourtine_1996.png,images/bottle_Domaine_Tempier_Bandol_Cuve_La_Tourtine_199.png,Bandol,Domaine Tempier,"earth, oak, black fruit, non oak, spices, red fruit, floral, microbio, dried fruit, vegetal, citrus fruit, tree fruit, tropical fruit","Beef, Lamb, Game (deer, venison), Mushrooms","Shiraz/Syrah, Cabernet Sauvignon, Grenache, Mourvedre, Carignan, Tibouren, Cinsaut"
Buoncristiani O.P.C Proprietary Red 2021,United States,80,4.3,images/Buoncristiani_OPC_Proprietary_Red_2021.png,images/bottle_Buoncristiani_OPC_Proprietary_Red_2021.png,Napa Valley,Buoncristiani,"oak, black fruit, earth, red fruit, non oak, spices, microbio, dried fruit, vegetal, floral, citrus fruit, tropical fruit","Beef, Lamb, Veal, Poultry","Shiraz/Syrah, Cabernet Sauvignon, Merlot, Zinfandel"
Bacchus Ginger's Cuvée Pinot Noir 2023,United States,16,3.8,images/Bacchus_Gingers_Cuve_Pinot_Noir_2023.png,images/bottle_Bacchus_Gingers_Cuve_Pinot_Noir_2023.png,California,Bacchus,"red fruit, oak, earth, non oak, spices, black fruit, microbio, dried fruit, vegetal, floral, tree fruit, citrus fruit","Beef, Veal, Game (deer, venison), Poultry",Pinot Noir
Lola California Pinot Noir 2022,United States,29.99,4.1,images/Lola_California_Pinot_Noir_2022.png,images/bottle_Lola_California_Pinot_Noir_2022.png,California,Lola,"oak, red fruit, non oak, spices, black fruit, earth, microbio, dried fruit, floral, tree fruit, citrus fruit, vegetal, tropical fruit","Beef, Veal, Game (deer, venison), Poultry",Pinot Noir
Pintia Toro 2019,Spain,83.97,4.4,images/Pintia_Toro_2019.png,images/bottle_Pintia_Toro_2019.png,Toro,Pintia,"oak, black fruit, non oak, earth, spices, red fruit, microbio, dried fruit, floral, vegetal, citrus fruit, tree fruit, tropical fruit","Beef, Lamb, Game (deer, venison)",Tempranillo
Produttori del Barbaresco Barbaresco Riserva Asili 1990,Italy,395,4.2,images/Produttori_del_Barbaresco_Barbaresco_Riserva_Asili.png,images/bottle_Produttori_del_Barbaresco_Barbaresco_Riserv.png,Barbaresco,Produttori del Barbaresco,"earth, red fruit, oak, non oak, spices, black fruit, microbio, floral, citrus fruit, dried fruit, vegetal, tree fruit","Beef, Pasta, Lamb, Game (deer, venison)",Nebbiolo
Jean Foillard Morgon Côte du Py 2018,France,52.86,4.3,images/Jean_Foillard_Morgon_Cte_du_Py_2018.png,images/bottle_Jean_Foillard_Morgon_Cte_du_Py_2018.png,Morgon,Jean Foillard,"red fruit, earth, oak, black fruit, spices, non oak, floral, microbio, vegetal, dried fruit, tropical fruit, citrus fruit, tree fruit","Pasta, Veal, Pork, Poultry, Cured Meat",Gamay
Val di Suga Brunello di Montalcino 2015,Italy,44.99,4,images/Val_di_Suga_Brunello_di_Montalcino_2015.png,images/bottle_Val_di_Suga_Brunello_di_Montalcino_2015.png,Brunello di Montalcino,Val di Suga,"oak, earth, red fruit, non oak, spices, black fruit, microbio, dried fruit, floral, vegetal, citrus fruit, tree fruit, tropical fruit","Beef, Lamb, Game (deer, venison), Poultry",Sangiovese
Merryvale Profile 2019,United States,224.99,4.5,images/Merryvale_Profile_2019.png,images/bottle_Merryvale_Profile_2019.png,Napa Valley,Merryvale,"oak, black fruit, non oak, spices, earth, red fruit, dried fruit, microbio, floral, vegetal, tree fruit","Beef, Lamb, Game (deer, venison), Poultry","Cabernet Sauvignon, Cabernet Franc, Malbec, Merlot, Petit Verdot"
Emmolo Merlot 2018,United States,71.99,4.4,images/Emmolo_Merlot_2018.png,images/bottle_Emmolo_Merlot_2018.png,Napa Valley,Emmolo,"oak, black fruit, non oak, spices, earth, red fruit, dried fruit, microbio, floral, vegetal, citrus fruit, tree fruit, tropical fruit","Beef, Lamb, Veal",Merlot
Domaine de la Côte Blooms Field Pinot Noir 2023,United States,109.99,4.3,images/Domaine_de_la_Cte_Blooms_Field_Pinot_Noir_2023.png,images/bottle_Domaine_de_la_Cte_Blooms_Field_Pinot_Noir_2.png,Sta. Rita Hills,Domaine de la Côte,"red fruit, earth, oak, spices, non oak, microbio, black fruit, floral, vegetal, citrus fruit, dried fruit, tree fruit, tropical fruit","Veal, Pork, Poultry, Mushrooms",Pinot Noir
Vrai Canon Bouché Canon-Fronsac 1998,France,42,3.9,images/Vrai_Canon_Bouch_Canon_Fronsac_1998.png,images/bottle_Vrai_Canon_Bouch_Canon_Fronsac_1998.png,Canon-Fronsac,Vrai Canon Bouché,"earth, black fruit, oak, non oak, red fruit, spices, microbio, dried fruit, floral, citrus fruit, tree fruit, vegetal, tropical fruit","Beef, Lamb, Game (deer, venison), Poultry","Cabernet Sauvignon, Cabernet Franc, Malbec, Merlot, Petit Verdot, Carménère"
Domaine Rostaing Côte-Rôtie La Landonne 2021,France,199.99,4.3,images/Domaine_Rostaing_Cte_Rtie_La_Landonne_2021.png,images/bottle_Domaine_Rostaing_Cte_Rtie_La_Landonne_2021.png,Côte-Rôtie,Domaine Rostaing,"earth, oak, spices, black fruit, non oak, red fruit, floral, microbio, dried fruit, vegetal, citrus fruit, tree fruit, tropical fruit","Beef, Lamb, Game (deer, venison), Poultry","Shiraz/Syrah, Viognier"
Montevetrano Core Campania Rosso 1995,Italy,139,3.8,images/Montevetrano_Core_Campania_Rosso_1995.png,images/bottle_Montevetrano_Core_Campania_Rosso_1995.png,Campania,Montevetrano,"oak, black fruit, earth, red fruit, non oak, spices, microbio, dried fruit, floral, vegetal, citrus fruit, tree fruit, tropical fruit","Beef, Pasta, Lamb","Primitivo, Aglianico, Negroamaro, Nero d'Avola"
Juggernaut Pinot Noir 2020,United States,16.99,4.1,images/Juggernaut_Pinot_Noir_2020.png,images/bottle_Juggernaut_Pinot_Noir_2020.png,Russian River Valley,Juggernaut,"red fruit, oak, earth, non oak, spices, black fruit, microbio, vegetal, floral, dried fruit, citrus fruit, tree fruit, tropical fruit","Veal, Pork, Poultry, Mushrooms",Pinot Noir
Comm. G.B. Burlotto Barolo 2021,Italy,99,4.1,images/Comm_GB_Burlotto_Barolo_2021.png,images/bottle_Comm_GB_Burlotto_Barolo_2021.png,Barolo,Comm. G.B. Burlotto,"red fruit, oak, earth, non oak, spices, black fruit, microbio, floral, dried fruit, citrus fruit, vegetal, tree fruit, tropical fruit","Beef, Pasta, Lamb, Game (deer, venison)",Nebbiolo
Château Ripeau Saint-Émilion Grand Cru (Grand Cru Classé) 1969,France,178,4,images/Chteau_Ripeau_Saint_milion_Grand_Cru_Grand_Cru_Cla.png,images/bottle_Chteau_Ripeau_Saint_milion_Grand_Cru_Grand_.png,Saint-Émilion Grand Cru,Château Ripeau,"oak, black fruit, red fruit, non oak, earth, spices, microbio, floral, dried fruit, tropical fruit, citrus fruit","Beef, Lamb, Game (deer, venison), Poultry","Cabernet Sauvignon, Cabernet Franc, Malbec, Merlot, Petit Verdot, Carménère"
M. Chapoutier Saint-Joseph Les Granits  1995,France,339,4.2,images/M_Chapoutier_Saint_Joseph_Les_Granits_1995.png,images/bottle_M_Chapoutier_Saint_Joseph_Les_Granits_1995.png,Saint-Joseph,M. Chapoutier,"earth, oak, black fruit, spices, non oak, red fruit, microbio, tree fruit, floral, citrus fruit, vegetal, dried fruit, tropical fruit","Beef, Lamb, Game (deer, venison), Poultry",Shiraz/Syrah
De Forville Barbaresco 2022,Italy,39.99,4,images/De_Forville_Barbaresco_2022.png,images/bottle_De_Forville_Barbaresco_2022.png,Barbaresco,De Forville,"earth, red fruit, oak, non oak, black fruit, spices, floral, microbio, vegetal, dried fruit, tree fruit, citrus fruit","Beef, Pasta, Lamb, Game (deer, venison)",Nebbiolo
Diamond Creek Volcanic Hill Cabernet Sauvignon 1980,United States,697,4.6,images/Diamond_Creek_Volcanic_Hill_Cabernet_Sauvignon_198.png,images/bottle_Diamond_Creek_Volcanic_Hill_Cabernet_Sauvig.png,Napa Valley,Diamond Creek,"oak, earth, black fruit, non oak, red fruit, spices, microbio, floral, dried fruit, vegetal, citrus fruit, tree fruit","Beef, Lamb, Game (deer, venison), Mature and hard cheese, Poultry",Cabernet Sauvignon
Davies J. Davies Cabernet Sauvignon 2021,United States,149.99,4.5,images/Davies_J_Davies_Cabernet_Sauvignon_2021.png,images/bottle_Davies_J_Davies_Cabernet_Sauvignon_2021.png,Diamond Mountain District,Davies,"oak, black fruit, earth, non oak, red fruit, spices, microbio, dried fruit, vegetal, floral, tree fruit, citrus fruit","Beef, Lamb, Game (deer, venison), Mature and hard cheese, Poultry",Cabernet Sauvignon
Foxglove Zinfandel 2021,United States,23,3.7,images/Foxglove_Zinfandel_2021.png,images/bottle_Foxglove_Zinfandel_2021.png,Paso Robles,Foxglove,"red fruit, black fruit, oak, spices, earth, non oak, dried fruit, microbio, vegetal, citrus fruit, floral, tree fruit, tropical fruit","Beef, Lamb, Poultry",Zinfandel
Spring Valley Vineyard Frederick 2021,United States,65,4.2,images/Spring_Valley_Vineyard_Frederick_2021.png,images/bottle_Spring_Valley_Vineyard_Frederick_2021.png,Walla Walla Valley,Spring Valley Vineyard,"oak, black fruit, red fruit, earth, spices, non oak, microbio, floral, vegetal, dried fruit, citrus fruit, tree fruit","Beef, Pasta, Veal, Poultry","Shiraz/Syrah, Cabernet Sauvignon, Merlot"
Bodegas Muga Reserva 2020,Spain,29.99,4,images/Bodegas_Muga_Reserva_2020.png,images/bottle_Bodegas_Muga_Reserva_2020.png,Rioja,Bodegas Muga,"oak, non oak, earth, black fruit, spices, red fruit, microbio, dried fruit, floral, vegetal, citrus fruit, tree fruit, tropical fruit","Beef, Lamb, Veal, Poultry","Tempranillo, Graciano, Garnacha"
Michael David Winery Freakshow Cabernet Sauvignon 2018,United States,21.99,3.9,images/Michael_David_Winery_Freakshow_Cabernet_Sauvignon_.png,images/bottle_Michael_David_Winery_Freakshow_Cabernet_Sau.png,Lodi,Michael David Winery,"oak, black fruit, non oak, red fruit, earth, spices, microbio, dried fruit, vegetal, floral, tree fruit, citrus fruit, tropical fruit","Beef, Lamb, Game (deer, venison), Poultry",Cabernet Sauvignon
Robert Foley Vineyards The Griffin 2019,United States,43.99,4.1,images/Robert_Foley_Vineyards_The_Griffin_2019.png,images/bottle_Robert_Foley_Vineyards_The_Griffin_2019.png,California,Robert Foley Vineyards,"oak, black fruit, spices, non oak, red fruit, earth, floral, microbio, vegetal, dried fruit, tropical fruit, tree fruit","Beef, Lamb, Veal, Poultry","Shiraz/Syrah, Cabernet Sauvignon, Merlot, Zinfandel"
Dalla Valle Cabernet Sauvignon 2021,United States,335,4.5,images/Dalla_Valle_Cabernet_Sauvignon_2021.png,images/bottle_Dalla_Valle_Cabernet_Sauvignon_2021.png,Napa Valley,Dalla Valle,"oak, black fruit, earth, non oak, spices, red fruit, dried fruit, microbio, floral, vegetal, tropical fruit, citrus fruit","Beef, Lamb, Game (deer, venison), Mature and hard cheese, Poultry",Cabernet Sauvignon
Capezzana Ghiaie Della Furba 1998,Italy,27.61,4.1,images/Capezzana_Ghiaie_Della_Furba_1998.png,images/bottle_Capezzana_Ghiaie_Della_Furba_1998.png,Carmignano,Capezzana,"oak, black fruit, earth, non oak, red fruit, spices, dried fruit, microbio, floral, tree fruit, citrus fruit, tropical fruit","Beef, Lamb, Veal, Poultry, Cured Meat","Cabernet Sauvignon, Merlot, Sangiovese, Canaiolo Nero"
Los Vascos Cabernet Sauvignon 2018,Chile,14.08,3.5,images/Los_Vascos_Cabernet_Sauvignon_2018.png,images/bottle_Los_Vascos_Cabernet_Sauvignon_2018.png,Colchagua Valley,Los Vascos,"oak, black fruit, red fruit, earth, non oak, spices, vegetal, microbio, dried fruit, floral, citrus fruit, tree fruit, tropical fruit","Beef, Lamb, Game (deer, venison), Poultry",Cabernet Sauvignon
Bacchus Cabernet Sauvignon 2023,United States,14,3.8,images/Bacchus_Cabernet_Sauvignon_2023.png,images/bottle_Bacchus_Cabernet_Sauvignon_2023.png,California,Bacchus,"red fruit, oak, black fruit, non oak, spices, earth, microbio, dried fruit, citrus fruit, floral, vegetal","Beef, Lamb, Game (deer, venison), Poultry",Cabernet Sauvignon
Oddero Barbaresco Gallina 1967,Italy,299.99,4.1,images/Oddero_Barbaresco_Gallina_1967.png,images/bottle_Oddero_Barbaresco_Gallina_1967.png,Barbaresco,Oddero,"red fruit, oak, earth, non oak, spices, floral, black fruit, microbio, dried fruit, vegetal, citrus fruit","Beef, Pasta, Lamb, Game (deer, venison)",Nebbiolo
D.V. Catena Tinto Historico 2019,Argentina,24.66,4.1,images/DV_Catena_Tinto_Historico_2019.png,images/bottle_DV_Catena_Tinto_Historico_2019.png,Uco Valley,D.V. Catena,"black fruit, oak, non oak, earth, spices, red fruit, microbio, floral, dried fruit, vegetal, citrus fruit, tree fruit, tropical fruit","Beef, Lamb, Pork, Poultry, Mushrooms, Blue cheese",Malbec
Piattelli Cabernet Sauvignon Premium Reserve 2022,Argentina,16.99,3.8,images/Piattelli_Cabernet_Sauvignon_Premium_Reserve_2022.png,images/bottle_Piattelli_Cabernet_Sauvignon_Premium_Reserv.png,Lujan de Cuyo,Piattelli,"oak, black fruit, earth, red fruit, spices, non oak, vegetal, dried fruit, floral, microbio","Beef, Lamb, Poultry",Cabernet Sauvignon
Roagna Pajè Barbaresco 2019,Italy,200,4.4,images/Roagna_Paj_Barbaresco_2019.png,images/bottle_Roagna_Paj_Barbaresco_2019.png,Barbaresco,Roagna,"earth, oak, red fruit, non oak, spices, floral, black fruit, microbio, dried fruit, vegetal, citrus fruit","Beef, Pasta, Lamb, Game (deer, venison)",Nebbiolo
Bonterra Cabernet Sauvignon 2016,United States,20.99,3.7,images/Bonterra_Cabernet_Sauvignon_2016.png,images/bottle_Bonterra_Cabernet_Sauvignon_2016.png,California,Bonterra,"oak, spices, black fruit, non oak, red fruit, earth, microbio, dried fruit, tree fruit, vegetal, citrus fruit, floral, tropical fruit","Beef, Lamb, Game (deer, venison), Poultry",Cabernet Sauvignon
Domaine des Héritiers Louis Jadot Beaune 1er Cru Clos des Ursules 1969,France,440,4.1,images/Domaine_des_Hritiers_Louis_Jadot_Beaune_1er_Cru_Cl.png,images/bottle_Domaine_des_Hritiers_Louis_Jadot_Beaune_1er.png,Beaune Premier Cru,Domaine des Héritiers Louis Jadot,"red fruit, earth, oak, non oak, spices, black fruit, microbio, floral, citrus fruit, vegetal, tree fruit, dried fruit, tropical fruit","Beef, Veal, Game (deer, venison), Poultry",Pinot Noir
Valdicava Brunello di Montalcino 2010,Italy,149,4.5,images/Valdicava_Brunello_di_Montalcino_2010.png,images/bottle_Valdicava_Brunello_di_Montalcino_2010.png,Brunello di Montalcino,Valdicava,"earth, oak, red fruit, non oak, black fruit, spices, microbio, dried fruit, floral, vegetal, citrus fruit, tree fruit, tropical fruit","Beef, Lamb, Game (deer, venison), Poultry",Sangiovese
Le Colline Limited Edition Pinot Noir 2023,Italy,11.97,3.6,images/Le_Colline_Limited_Edition_Pinot_Noir_2023.png,images/bottle_Le_Colline_Limited_Edition_Pinot_Noir_2023.png,delle Venezie,Le Colline,"red fruit, oak, black fruit, earth, non oak, spices, microbio, citrus fruit, dried fruit, floral, vegetal, tree fruit","Beef, Veal, Game (deer, venison), Poultry",Pinot Noir
Lake Sonoma Alexander Valley Cabernet Sauvignon 1994,United States,69,4,images/Lake_Sonoma_Alexander_Valley_Cabernet_Sauvignon_19.png,images/bottle_Lake_Sonoma_Alexander_Valley_Cabernet_Sauvi.png,Alexander Valley,Lake Sonoma,"oak, black fruit, red fruit, non oak, spices, earth, microbio, dried fruit, vegetal, floral, citrus fruit","Beef, Lamb, Game (deer, venison)",Cabernet Sauvignon
Camigliano Poderuccio 2022,Italy,19.99,3.6,images/Camigliano_Poderuccio_2022.png,images/bottle_Camigliano_Poderuccio_2022.png,Toscana,Camigliano,"red fruit, oak, black fruit, earth, non oak, spices, vegetal, microbio, dried fruit, tree fruit, citrus fruit, floral","Beef, Lamb, Veal, Poultry, Cured Meat","Cabernet Sauvignon, Merlot, Sangiovese, Canaiolo Nero"
Alois Lageder Lagrein 2023,Italy,17.99,3.6,images/Alois_Lageder_Lagrein_2023.png,images/bottle_Alois_Lageder_Lagrein_2023.png,Südtirol - Alto Adige,Alois Lageder,"red fruit, earth, black fruit, oak, spices, non oak, floral, dried fruit, microbio, vegetal","Beef, Pasta, Lamb, Game (deer, venison)","Nebbiolo, Barbera, Dolcetto"
Mocali Rosso di Montalcino 2023,Italy,17.99,3.8,images/Mocali_Rosso_di_Montalcino_2023.png,images/bottle_Mocali_Rosso_di_Montalcino_2023.png,Rosso di Montalcino,Mocali,"earth, red fruit, oak, non oak, black fruit, spices, microbio, vegetal, citrus fruit, floral, dried fruit, tree fruit","Beef, Lamb, Veal, Poultry, Cured Meat","Cabernet Sauvignon, Merlot, Sangiovese, Canaiolo Nero"
Catena Appellation Lunlunta Malbec 2018,Argentina,28.99,4.2,images/Catena_Appellation_Lunlunta_Malbec_2018.png,images/bottle_Catena_Appellation_Lunlunta_Malbec_2018.png,Lunlunta,Catena,"oak, black fruit, non oak, spices, earth, red fruit, floral, microbio, dried fruit, vegetal, tree fruit, citrus fruit","Beef, Lamb, Pork",Malbec
Big Table Farm Pinot Noir 2023,United States,54.99,4.3,images/Big_Table_Farm_Pinot_Noir_2023.png,images/bottle_Big_Table_Farm_Pinot_Noir_2023.png,Willamette Valley,Big Table Farm,"red fruit, earth, oak, non oak, spices, black fruit, microbio, floral, citrus fruit, dried fruit, vegetal, tree fruit, tropical fruit","Beef, Veal, Game (deer, venison), Poultry",Pinot Noir
Kanonkop Kadette Cape Blend 2020,South Africa,22.99,4,images/Kanonkop_Kadette_Cape_Blend_2020.png,images/bottle_Kanonkop_Kadette_Cape_Blend_2020.png,Stellenbosch,Kanonkop,"oak, black fruit, red fruit, non oak, earth, spices, microbio, tropical fruit, dried fruit, vegetal, floral, citrus fruit, tree fruit","Beef, Game (deer, venison), Poultry","Shiraz/Syrah, Cabernet Sauvignon, Grenache, Pinotage"
Château Rayas Pignan Châteauneuf-du-Pape Réserve Rouge 1994,France,400,4.6,images/Chteau_Rayas_Pignan_Chteauneuf_du_Pape_Rserve_Roug.png,images/bottle_Chteau_Rayas_Pignan_Chteauneuf_du_Pape_Rser.png,Châteauneuf-du-Pape,Château Rayas,"red fruit, earth, spices, oak, black fruit, non oak, dried fruit, microbio, floral, citrus fruit, vegetal, tropical fruit","Lamb, Pork, Poultry","Shiraz/Syrah, Mourvedre, Counoise, Cinsaut, Vaccareze, Muscardin"
Château Margaux Château Margaux (Premier Grand Cru Classé) 1995,France,628,4.7,images/Chteau_Margaux_Chteau_Margaux_Premier_Grand_Cru_Cl.png,images/bottle_Chteau_Margaux_Chteau_Margaux_Premier_Grand.png,Margaux,Château Margaux,"oak, earth, black fruit, non oak, spices, red fruit, microbio, floral, dried fruit, vegetal, citrus fruit, tree fruit, tropical fruit","Beef, Lamb, Game (deer, venison), Poultry","Cabernet Sauvignon, Cabernet Franc, Malbec, Merlot, Petit Verdot, Carménère"
Spring Valley Vineyard Uriah 2019,United States,65,4.1,images/Spring_Valley_Vineyard_Uriah_2019.png,images/bottle_Spring_Valley_Vineyard_Uriah_2019.png,Walla Walla Valley,Spring Valley Vineyard,"oak, black fruit, earth, non oak, red fruit, spices, microbio, dried fruit, vegetal, floral, tree fruit, citrus fruit, tropical fruit","Beef, Game (deer, venison), Mature and hard cheese, Mushrooms","Cabernet Sauvignon, Cabernet Franc, Malbec, Merlot, Petit Verdot, Carménère"
Volver Tarima Monastrell 2011,Spain,15.99,3.6,images/Volver_Tarima_Monastrell_2011.png,images/bottle_Volver_Tarima_Monastrell_2011.png,Alicante,Volver,"oak, black fruit, earth, red fruit, spices, non oak, dried fruit, floral, microbio, vegetal, tree fruit, citrus fruit, tropical fruit","Beef, Pasta, Lamb, Game (deer, venison)",Mourvedre
La Mondotte Saint-Emilion Grand Cru (Premier Grand Cru Classé) 1975,France,460,4.4,images/La_Mondotte_Saint_Emilion_Grand_Cru_Premier_Grand_.png,images/bottle_La_Mondotte_Saint_Emilion_Grand_Cru_Premier.png,Saint-Émilion Grand Cru,La Mondotte,"black fruit, oak, earth, non oak, spices, red fruit, microbio, dried fruit, floral, vegetal, tree fruit, citrus fruit","Beef, Lamb, Game (deer, venison), Poultry","Cabernet Sauvignon, Cabernet Franc, Malbec, Merlot, Petit Verdot, Carménère"
Fonterutoli Chianti Classico 2017,Italy,29.99,3.8,images/Fonterutoli_Chianti_Classico_2017.png,images/bottle_Fonterutoli_Chianti_Classico_2017.png,Chianti Classico,Fonterutoli,"oak, red fruit, earth, non oak, black fruit, spices, microbio, vegetal, dried fruit, floral, citrus fruit, tropical fruit, tree fruit","Beef, Pasta, Veal, Cured Meat",Sangiovese
Belle Glos Las Alturas Vineyard Pinot Noir 2021,United States,44.99,4.3,images/Belle_Glos_Las_Alturas_Vineyard_Pinot_Noir_2021.png,images/bottle_Belle_Glos_Las_Alturas_Vineyard_Pinot_Noir_.png,Santa Lucia Highlands,Belle Glos,"oak, red fruit, black fruit, non oak, spices, earth, microbio, dried fruit, floral, vegetal, citrus fruit, tree fruit, tropical fruit","Veal, Pork, Poultry, Mushrooms",Pinot Noir
Carlos Basso Dos Fincas Cabernet Sauvignon - Malbec 2019,Argentina,14.99,3.2,images/Carlos_Basso_Dos_Fincas_Cabernet_Sauvignon_Malbec_.png,images/bottle_Carlos_Basso_Dos_Fincas_Cabernet_Sauvignon_.png,Uco Valley,Carlos Basso,"oak, red fruit, earth, spices, non oak, black fruit, vegetal, floral, microbio","Beef, Lamb, Game (deer, venison), Poultry","Cabernet Sauvignon, Malbec"
Château Giscours Château Giscours (Grand Cru Classé) 2015,France,99.99,4.3,images/Chteau_Giscours_Chteau_Giscours_Grand_Cru_Class_20.png,images/bottle_Chteau_Giscours_Chteau_Giscours_Grand_Cru_C.png,Margaux,Château Giscours,"oak, earth, black fruit, non oak, spices, red fruit, microbio, floral, dried fruit, vegetal, citrus fruit, tree fruit, tropical fruit","Beef, Lamb, Game (deer, venison), Poultry","Cabernet Sauvignon, Cabernet Franc, Malbec, Merlot, Petit Verdot, Carménère"
El Enemigo Cabernet Franc 2021,Argentina,27.99,4.3,images/El_Enemigo_Cabernet_Franc_2021.png,images/bottle_El_Enemigo_Cabernet_Franc_2021.png,Mendoza,El Enemigo,"oak, black fruit, non oak, spices, earth, red fruit, microbio, floral, vegetal, dried fruit, citrus fruit, tree fruit, tropical fruit","Beef, Lamb, Pork, Vegetarian, Poultry, Goat's Milk Cheese",Cabernet Franc
Fattoria di Lucignano Chianti Colli Fiorentini 2023,Italy,18.99,3.8,images/Fattoria_di_Lucignano_Chianti_Colli_Fiorentini_202.png,images/bottle_Fattoria_di_Lucignano_Chianti_Colli_Fiorent.png,Chianti Colli Fiorentini,Fattoria di Lucignano,"red fruit, oak, earth, black fruit, non oak, spices, vegetal, microbio, floral, dried fruit, tree fruit, citrus fruit","Beef, Veal, Poultry","Sangiovese, Trebbiano, Canaiolo Nero, Malvasia Nera"
Ruffino Riserva Ducale Chianti Classico 2020,Italy,25.99,3.9,images/Ruffino_Riserva_Ducale_Chianti_Classico_2020.png,images/bottle_Ruffino_Riserva_Ducale_Chianti_Classico_202.png,Chianti Classico,Ruffino,"oak, red fruit, earth, non oak, spices, black fruit, microbio, vegetal, dried fruit, floral, citrus fruit, tree fruit, tropical fruit","Beef, Pasta, Veal, Cured Meat",Sangiovese
Rodney Strong Cabernet Sauvignon 2017,United States,25.45,3.8,images/Rodney_Strong_Cabernet_Sauvignon_2017.png,images/bottle_Rodney_Strong_Cabernet_Sauvignon_2017.png,Sonoma County,Rodney Strong,"oak, black fruit, red fruit, spices, non oak, earth, microbio, vegetal, dried fruit, tree fruit, citrus fruit, floral, tropical fruit","Beef, Lamb, Game (deer, venison)",Cabernet Sauvignon
Pegau Châteauneuf-du-Pape Cuvée Laurence 1990,France,930,4.3,images/Pegau_Chteauneuf_du_Pape_Cuve_Laurence_1990.png,images/bottle_Pegau_Chteauneuf_du_Pape_Cuve_Laurence_1990.png,Châteauneuf-du-Pape,Pegau,"earth, oak, black fruit, spices, non oak, red fruit, floral, dried fruit, microbio, vegetal, citrus fruit, tree fruit, tropical fruit","Lamb, Pork, Poultry","Shiraz/Syrah, Mourvedre, Counoise, Cinsaut, Vaccareze, Muscardin"
Yacochuya Yacochuya 2015,Argentina,74.99,4.3,images/Yacochuya_Yacochuya_2015.png,images/bottle_Yacochuya_Yacochuya_2015.png,Cafayate Valley,Yacochuya,"oak, black fruit, earth, non oak, spices, red fruit, dried fruit, microbio, floral, vegetal, citrus fruit, tree fruit, tropical fruit","Beef, Lamb, Game (deer, venison), Poultry","Cabernet Sauvignon, Malbec"
Gaja Pieve Santa Restituta Brunello di Montalcino 2010,Italy,50,4.3,images/Gaja_Pieve_Santa_Restituta_Brunello_di_Montalcino_.png,images/bottle_Gaja_Pieve_Santa_Restituta_Brunello_di_Mont.png,Brunello di Montalcino,Gaja,"oak, earth, red fruit, non oak, spices, black fruit, microbio, dried fruit, floral, vegetal, citrus fruit, tree fruit, tropical fruit","Beef, Lamb, Game (deer, venison), Poultry",Sangiovese
Álvaro Palacios Camins del Priorat 2022,Spain,32,4.1,images/lvaro_Palacios_Camins_del_Priorat_2022.png,images/bottle_lvaro_Palacios_Camins_del_Priorat_2022.png,Priorat,Álvaro Palacios,"oak, black fruit, red fruit, earth, non oak, spices, floral, dried fruit, microbio, vegetal, citrus fruit, tree fruit, tropical fruit","Beef, Lamb, Game (deer, venison), Poultry","Shiraz/Syrah, Cabernet Sauvignon, Grenache, Carignan"
Produttori del Barbaresco Barbaresco Riserva Montefico 2020,Italy,76,4.2,images/Produttori_del_Barbaresco_Barbaresco_Riserva_Monte.png,images/bottle_Produttori_del_Barbaresco_Barbaresco_Riserv.png,Barbaresco,Produttori del Barbaresco,"earth, red fruit, oak, spices, non oak, black fruit, floral, dried fruit, microbio, vegetal, citrus fruit, tree fruit","Beef, Pasta, Lamb, Game (deer, venison)",Nebbiolo
Lieu Dit Cabernet Franc 2023,United States,29.99,4,images/Lieu_Dit_Cabernet_Franc_2023.png,images/bottle_Lieu_Dit_Cabernet_Franc_2023.png,Santa Ynez Valley,Lieu Dit,"red fruit, earth, spices, oak, black fruit, non oak, vegetal, floral, microbio, dried fruit, tree fruit, citrus fruit, tropical fruit","Beef, Pork, Game (deer, venison), Poultry",Cabernet Franc
Kosta Browne Gap's Crown Vineyard Pinot Noir 2022,United States,139.99,4.6,images/Kosta_Browne_Gaps_Crown_Vineyard_Pinot_Noir_2022.png,images/bottle_Kosta_Browne_Gaps_Crown_Vineyard_Pinot_Noir.png,Sonoma Coast,Kosta Browne,"red fruit, oak, non oak, black fruit, spices, earth, dried fruit, floral, microbio, vegetal, citrus fruit, tree fruit, tropical fruit","Veal, Pork, Poultry, Mushrooms",Pinot Noir
Altesino Brunello di Montalcino 2015,Italy,52.09,4.3,images/Altesino_Brunello_di_Montalcino_2015.png,images/bottle_Altesino_Brunello_di_Montalcino_2015.png,Brunello di Montalcino,Altesino,"oak, earth, red fruit, non oak, spices, black fruit, microbio, floral, dried fruit, vegetal, citrus fruit, tree fruit, tropical fruit","Beef, Lamb, Game (deer, venison), Poultry",Sangiovese
Hardin Cabernet Sauvignon 2023,United States,29.99,4.1,images/Hardin_Cabernet_Sauvignon_2023.png,images/bottle_Hardin_Cabernet_Sauvignon_2023.png,Napa Valley,Hardin,"oak, black fruit, red fruit, earth, non oak, spices, dried fruit, microbio, floral, vegetal, tree fruit","Beef, Lamb, Game (deer, venison), Mature and hard cheese, Poultry",Cabernet Sauvignon
Arietta Quartet 2022,United States,100,4.3,images/Arietta_Quartet_2022.png,images/bottle_Arietta_Quartet_2022.png,Napa Valley,Arietta,"oak, black fruit, earth, non oak, spices, red fruit, microbio, dried fruit, floral, vegetal, tree fruit, citrus fruit","Beef, Lamb, Game (deer, venison), Poultry","Cabernet Sauvignon, Cabernet Franc, Malbec, Merlot, Petit Verdot"
Vietti Perbacco Nebbiolo 2020,Italy,74,4,images/Vietti_Perbacco_Nebbiolo_2020.png,images/bottle_Vietti_Perbacco_Nebbiolo_2020.png,Langhe,Vietti,"red fruit, earth, oak, spices, non oak, black fruit, floral, microbio, vegetal, dried fruit, citrus fruit, tree fruit, tropical fruit","Beef, Lamb, Game (deer, venison), Poultry",Nebbiolo
Renato Ratti Barolo Marcenasco 2018,Italy,84.99,4.2,images/Renato_Ratti_Barolo_Marcenasco_2018.png,images/bottle_Renato_Ratti_Barolo_Marcenasco_2018.png,Barolo,Renato Ratti,"oak, earth, red fruit, non oak, spices, black fruit, floral, microbio, dried fruit, vegetal, citrus fruit, tree fruit, tropical fruit","Beef, Pasta, Lamb, Game (deer, venison)",Nebbiolo
Domaine Jean Grivot Clos de Vougeot Grand Cru 2020,France,599.97,4.3,images/Domaine_Jean_Grivot_Clos_de_Vougeot_Grand_Cru_2020.png,images/bottle_Domaine_Jean_Grivot_Clos_de_Vougeot_Grand_C.png,Clos Vougeot Grand Cru,Domaine Jean Grivot,"earth, red fruit, oak, non oak, black fruit, spices, floral, microbio, dried fruit, citrus fruit, vegetal, tree fruit","Beef, Veal, Game (deer, venison), Poultry",Pinot Noir
Domaine des Héritiers Louis Jadot Corton-Pougets Grand Cru Rouge 1969,France,645,4.2,images/Domaine_des_Hritiers_Louis_Jadot_Corton_Pougets_Gr.png,images/bottle_Domaine_des_Hritiers_Louis_Jadot_Corton_Pou.png,Corton Grand Cru 'Les Pougets',Domaine des Héritiers Louis Jadot,"earth, red fruit, oak, microbio, spices, non oak, black fruit, dried fruit, floral, vegetal, tree fruit, citrus fruit","Beef, Veal, Game (deer, venison), Poultry",Pinot Noir
Masi Costasera Amarone della Valpolicella Classico 2019,Italy,64.99,4.2,images/Masi_Costasera_Amarone_della_Valpolicella_Classico.png,images/bottle_Masi_Costasera_Amarone_della_Valpolicella_C.png,Amarone della Valpolicella Classico,Masi,"oak, black fruit, earth, red fruit, non oak, dried fruit, spices, microbio, vegetal, floral, tree fruit, citrus fruit, tropical fruit","Beef, Lamb, Game (deer, venison), Blue cheese","Corvina, Rondinella, Corvinone"
Château du Glana Pavillon du Glana Saint-Julien 2005,France,48,3.9,images/Chteau_du_Glana_Pavillon_du_Glana_Saint_Julien_200.png,images/bottle_Chteau_du_Glana_Pavillon_du_Glana_Saint_Jul.png,Saint-Julien,Château du Glana,"oak, black fruit, earth, non oak, red fruit, spices, microbio, dried fruit, tree fruit, floral, vegetal","Beef, Lamb, Game (deer, venison), Poultry","Cabernet Sauvignon, Cabernet Franc, Malbec, Merlot, Petit Verdot, Carménère"
Domaine Marcel Lapierre Morgon 2021,France,98,4.1,images/Domaine_Marcel_Lapierre_Morgon_2021.png,images/bottle_Domaine_Marcel_Lapierre_Morgon_2021.png,Morgon,Domaine Marcel Lapierre,"red fruit, earth, oak, spices, black fruit, non oak, microbio, floral, vegetal, tropical fruit, dried fruit, citrus fruit, tree fruit","Pasta, Veal, Pork, Poultry, Cured Meat",Gamay
Domaine Marquis d'Angerville Volnay 1er Cru 'Clos des Ducs' Monopole 1989,France,659,4.3,images/Domaine_Marquis_dAngerville_Volnay_1er_Cru_Clos_de.png,images/bottle_Domaine_Marquis_dAngerville_Volnay_1er_Cru_.png,Volnay 1er Cru 'Clos des Ducs',Domaine Marquis d'Angerville,"red fruit, earth, oak, non oak, spices, black fruit, microbio, floral, vegetal, dried fruit, citrus fruit, tree fruit","Beef, Veal, Game (deer, venison), Poultry",Pinot Noir
Ruffino Chianti 1877 2021,Italy,11.99,3.6,images/Ruffino_Chianti_1877_2021.png,images/bottle_Ruffino_Chianti_1877_2021.png,Chianti,Ruffino,"red fruit, oak, earth, black fruit, non oak, spices, microbio, vegetal, floral, dried fruit, citrus fruit, tree fruit, tropical fruit","Beef, Veal, Poultry","Sangiovese, Trebbiano, Canaiolo Nero, Malvasia Nera"
Stefano Accordini Valpolicella Classico 2023,Italy,17.99,3.5,images/Stefano_Accordini_Valpolicella_Classico_2023.png,images/bottle_Stefano_Accordini_Valpolicella_Classico_202.png,Valpolicella Classico,Stefano Accordini,"red fruit, spices, oak, non oak, earth, black fruit, vegetal, microbio, dried fruit, citrus fruit, floral, tropical fruit","Beef, Pasta, Veal, Poultry","Corvina, Rondinella, Corvinone"
Gagliole Rubiolo Chianti Classico 2023,Italy,22.99,3.8,images/Gagliole_Rubiolo_Chianti_Classico_2023.png,images/bottle_Gagliole_Rubiolo_Chianti_Classico_2023.png,Chianti Classico,Gagliole,"red fruit, oak, earth, non oak, spices, black fruit, vegetal, microbio, dried fruit, citrus fruit, floral","Beef, Pasta, Veal, Cured Meat",Sangiovese
Cartuxa Évora Colheita Tinto 2019,Portugal,27.99,4.3,images/Cartuxa_vora_Colheita_Tinto_2019.png,images/bottle_Cartuxa_vora_Colheita_Tinto_2019.png,Evora,Cartuxa,"oak, black fruit, non oak, earth, spices, red fruit, dried fruit, microbio, floral, tree fruit, citrus fruit, vegetal, tropical fruit","Beef, Lamb, Veal, Poultry","Aragonez, Castelao, Trincadeira"
Antinori Tenuta Tignanello 'Solaia' 2009,Italy,559.99,4.7,images/Antinori_Tenuta_Tignanello_Solaia_2009.png,images/bottle_Antinori_Tenuta_Tignanello_Solaia_2009.png,Toscana,Antinori,"oak, earth, black fruit, non oak, spices, red fruit, microbio, dried fruit, floral, vegetal, citrus fruit, tree fruit, tropical fruit","Beef, Lamb, Veal, Poultry, Cured Meat","Cabernet Sauvignon, Merlot, Sangiovese, Canaiolo Nero"
Paolo Scavino Barolo Cannubi 1990,Italy,365,4.3,images/Paolo_Scavino_Barolo_Cannubi_1990.png,images/bottle_Paolo_Scavino_Barolo_Cannubi_1990.png,Barolo,Paolo Scavino,"earth, oak, red fruit, non oak, black fruit, spices, floral, microbio, dried fruit, vegetal, citrus fruit","Beef, Pasta, Lamb, Game (deer, venison)",Nebbiolo
Stag's Leap Wine Cellars Merlot 1982,United States,177,4,images/Stags_Leap_Wine_Cellars_Merlot_1982.png,images/bottle_Stags_Leap_Wine_Cellars_Merlot_1982.png,Napa Valley,Stag's Leap Wine Cellars,"oak, black fruit, red fruit, non oak, earth, spices, dried fruit, microbio, floral, vegetal, tree fruit, citrus fruit","Beef, Lamb, Veal",Merlot
Guy Breton Vieilles Vignes Morgon 2023,France,40,4,images/Guy_Breton_Vieilles_Vignes_Morgon_2023.png,images/bottle_Guy_Breton_Vieilles_Vignes_Morgon_2023.png,Morgon,Guy Breton,"red fruit, earth, oak, spices, non oak, black fruit, floral, microbio, vegetal, dried fruit, citrus fruit, tropical fruit, tree fruit","Pasta, Veal, Pork, Poultry, Cured Meat",Gamay
La Vieille Ferme Rouge 2018,France,13.49,3.5,images/La_Vieille_Ferme_Rouge_2018.png,images/bottle_La_Vieille_Ferme_Rouge_2018.png,Vin de France,La Vieille Ferme,"red fruit, oak, black fruit, earth, spices, non oak, microbio, citrus fruit, tree fruit, dried fruit, vegetal, floral, tropical fruit",,
Pelleriti Priore Signature Malbec 2018,Argentina,21.13,4.1,images/Pelleriti_Priore_Signature_Malbec_2018.png,images/bottle_Pelleriti_Priore_Signature_Malbec_2018.png,Uco Valley,Pelleriti Priore,"oak, black fruit, earth, non oak, spices, red fruit, microbio, dried fruit, floral, tree fruit, vegetal, citrus fruit","Beef, Lamb",Malbec
Bodegas Marqués de Cáceres Reserva Vendimia Seleccionada 2017,Spain,21.99,4,images/Bodegas_Marqus_de_Cceres_Reserva_Vendimia_Seleccio.png,images/bottle_Bodegas_Marqus_de_Cceres_Reserva_Vendimia_S.png,Rioja,Bodegas Marqués de Cáceres,"oak, earth, non oak, black fruit, spices, red fruit, microbio, dried fruit, vegetal, floral, citrus fruit, tree fruit, tropical fruit","Beef, Lamb, Veal, Poultry","Tempranillo, Graciano, Garnacha"
Mascota Vineyards Eccentric Malbec 2024,Argentina,11.97,4,images/Mascota_Vineyards_Eccentric_Malbec_2024.jpg,,Mendoza,Mascota Vineyards,"black fruit, oak, red fruit, non oak, spices, earth, dried fruit, vegetal, tree fruit, citrus fruit, microbio, floral","Beef, Lamb, Pork",Malbec
l'Escart Cuvée Eden Bordeaux Supérieur 2022,France,17.99,3.7,images/lEscart_Cuve_Eden_Bordeaux_Suprieur_2022.png,images/bottle_lEscart_Cuve_Eden_Bordeaux_Suprieur_2022.png,Bordeaux,l'Escart,"black fruit, earth, red fruit, oak, non oak, spices, microbio, dried fruit, vegetal, tree fruit, citrus fruit, floral","Beef, Veal, Game (deer, venison), Poultry","Cabernet Sauvignon, Cabernet Franc, Malbec, Merlot, Petit Verdot, Carménère"
Treana Cabernet Sauvignon 2021,United States,24.99,4.2,images/Treana_Cabernet_Sauvignon_2021.png,images/bottle_Treana_Cabernet_Sauvignon_2021.png,Paso Robles,Treana,"oak, black fruit, non oak, spices, earth, red fruit, dried fruit, microbio, floral, vegetal, tree fruit, citrus fruit, tropical fruit","Beef, Lamb, Game (deer, venison)",Cabernet Sauvignon
Château Latour-Martillac Pessac-Léognan (Grand Cru Classé de Graves) 2015,France,68.12,4.2,images/Chteau_Latour_Martillac_Pessac_Lognan_Grand_Cru_Cl.png,images/bottle_Chteau_Latour_Martillac_Pessac_Lognan_Grand.png,Pessac-Léognan,Château Latour-Martillac,"oak, earth, black fruit, non oak, spices, red fruit, microbio, tree fruit, vegetal, citrus fruit, floral, dried fruit, tropical fruit","Beef, Lamb, Game (deer, venison), Poultry","Cabernet Sauvignon, Cabernet Franc, Malbec, Merlot, Petit Verdot, Carménère"
Château Smith Haut-Lafitte Pessac-Léognan (Grand Cru Classé) 2014,France,123,4.3,images/Chteau_Smith_Haut_Lafitte_Pessac_Lognan_Grand_Cru_.png,images/bottle_Chteau_Smith_Haut_Lafitte_Pessac_Lognan_Gra.png,Pessac-Léognan,Château Smith Haut-Lafitte,"oak, earth, black fruit, non oak, spices, red fruit, microbio, floral, dried fruit, vegetal, tree fruit, citrus fruit, tropical fruit","Beef, Lamb, Game (deer, venison), Poultry","Cabernet Sauvignon, Cabernet Franc, Malbec, Merlot, Petit Verdot, Carménère"
Luberri Orlegi de Luberri Cosecha 2024,Spain,16.99,3.7,images/Luberri_Orlegi_de_Luberri_Cosecha_2024.png,images/bottle_Luberri_Orlegi_de_Luberri_Cosecha_2024.png,Rioja,Luberri,"red fruit, oak, earth, black fruit, non oak, spices, microbio, tropical fruit, floral, vegetal, dried fruit, citrus fruit, tree fruit","Beef, Lamb, Veal, Poultry","Tempranillo, Graciano, Garnacha"
Marqués de Murrieta Castillo Ygay Gran Reserva Especial Tinto 2011,Spain,249.99,4.6,images/Marqus_de_Murrieta_Castillo_Ygay_Gran_Reserva_Espe.png,images/bottle_Marqus_de_Murrieta_Castillo_Ygay_Gran_Reser.png,Rioja,Marqués de Murrieta,"oak, non oak, earth, spices, black fruit, red fruit, microbio, dried fruit, floral, vegetal, citrus fruit, tree fruit, tropical fruit","Beef, Lamb, Veal, Poultry","Tempranillo, Graciano, Garnacha"
Serafin Père & Fils Gevrey-Chambertin 2022,France,139.99,4.1,images/Serafin_Pre_Fils_Gevrey_Chambertin_2022.png,images/bottle_Serafin_Pre_Fils_Gevrey_Chambertin_2022.png,Gevrey-Chambertin,Serafin Père & Fils,"red fruit, oak, earth, non oak, spices, black fruit, microbio, floral, vegetal, citrus fruit, dried fruit, tree fruit, tropical fruit","Beef, Veal, Game (deer, venison), Poultry",Pinot Noir
Château de Meursault Pommard Premier Cru Clos Des Epenots 1978,France,395,4.3,images/Chteau_de_Meursault_Pommard_Premier_Cru_Clos_Des_E.png,images/bottle_Chteau_de_Meursault_Pommard_Premier_Cru_Clo.png,Pommard Premier Cru,Château de Meursault,"red fruit, oak, earth, non oak, spices, black fruit, microbio, dried fruit, vegetal, tree fruit, floral","Beef, Veal, Game (deer, venison), Poultry",Pinot Noir
DuMOL Wester Reach Pinot Noir 2023,United States,79.99,4.5,images/DuMOL_Wester_Reach_Pinot_Noir_2023.png,images/bottle_DuMOL_Wester_Reach_Pinot_Noir_2023.png,Russian River Valley,DuMOL,"red fruit, oak, non oak, earth, spices, black fruit, citrus fruit, microbio, tree fruit, floral, dried fruit, vegetal","Veal, Pork, Poultry, Mushrooms",Pinot Noir
1924 Wines Double Black Red Blend (Limited Edition) 2017,United States,13.56,3.8,images/1924_Wines_Double_Black_Red_Blend_Limited_Edition_.png,images/bottle_1924_Wines_Double_Black_Red_Blend_Limited_E.png,Lodi,1924 Wines,"black fruit, oak, red fruit, non oak, earth, spices, dried fruit, microbio, floral, vegetal, tree fruit, citrus fruit, tropical fruit","Beef, Lamb, Veal, Poultry","Shiraz/Syrah, Cabernet Sauvignon, Merlot, Zinfandel"
Château le Puy Emilien 2016,France,93.99,4.1,images/Chteau_le_Puy_Emilien_2016.png,images/bottle_Chteau_le_Puy_Emilien_2016.png,Côtes de Bordeaux,Château le Puy,"earth, oak, red fruit, black fruit, non oak, spices, microbio, vegetal, dried fruit, floral, citrus fruit, tree fruit, tropical fruit","Beef, Veal, Game (deer, venison), Poultry","Cabernet Sauvignon, Cabernet Franc, Malbec, Merlot, Petit Verdot, Carménère"
Moulin de Gassac Figaro Rouge 1991,France,192,3.6,images/Moulin_de_Gassac_Figaro_Rouge_1991.png,images/bottle_Moulin_de_Gassac_Figaro_Rouge_1991.png,Hérault,Moulin de Gassac,"black fruit, earth, oak, non oak, spices, red fruit, dried fruit, microbio, citrus fruit, floral","Beef, Pasta, Veal","Shiraz/Syrah, Grenache, Mourvedre"
Galil Mountain Winery (יקב הרי גליל) Cabernet Sauvignon 2024,Israel,19.99,3.7,images/Galil_Mountain_Winery_Cabernet_Sauvignon_2024.png,images/bottle_Galil_Mountain_Winery_Cabernet_Sauvignon_20.png,Upper Galilee,Galil Mountain Winery (יקב הרי גליל),"black fruit, oak, red fruit, earth, non oak, spices, dried fruit, microbio, vegetal, citrus fruit, floral","Beef, Lamb, Poultry",Cabernet Sauvignon
Domaine Faiveley Mercurey 1er Cru Clos du Roy 1990,France,290,4,images/Domaine_Faiveley_Mercurey_1er_Cru_Clos_du_Roy_1990.png,images/bottle_Domaine_Faiveley_Mercurey_1er_Cru_Clos_du_R.png,Mercurey,Domaine Faiveley,"red fruit, oak, earth, non oak, spices, black fruit, microbio, floral, vegetal, citrus fruit, dried fruit, tree fruit","Beef, Veal, Game (deer, venison), Poultry",Pinot Noir
San Marzano 60 Sessantanni Old Vines Primitivo di Manduria 2019,Italy,34.99,4.3,images/San_Marzano_60_Sessantanni_Old_Vines_Primitivo_di_.png,images/bottle_San_Marzano_60_Sessantanni_Old_Vines_Primit.png,Primitivo di Manduria,San Marzano,"oak, black fruit, non oak, red fruit, spices, earth, dried fruit, microbio, floral, vegetal, citrus fruit, tree fruit, tropical fruit","Beef, Pasta, Lamb, Poultry",Primitivo
Castle Rock Paso Robles Cabernet Sauvignon 2022,United States,15.99,3.5,images/Castle_Rock_Paso_Robles_Cabernet_Sauvignon_2022.png,images/bottle_Castle_Rock_Paso_Robles_Cabernet_Sauvignon_.png,Paso Robles,Castle Rock,"oak, black fruit, non oak, red fruit, spices, earth, microbio, dried fruit","Beef, Lamb, Game (deer, venison)",Cabernet Sauvignon
SIMI Alexander Valley Reserve Cabernet Sauvignon 1990,United States,133,3.9,images/SIMI_Alexander_Valley_Reserve_Cabernet_Sauvignon_1.png,images/bottle_SIMI_Alexander_Valley_Reserve_Cabernet_Sauv.png,Alexander Valley,SIMI,"oak, black fruit, non oak, earth, red fruit, spices, microbio, dried fruit, citrus fruit, floral, vegetal, tree fruit, tropical fruit","Beef, Lamb, Game (deer, venison)",Cabernet Sauvignon
Purple Hands Lone Oak Ranch Pinot Noir 2023,United States,34.99,4,images/Purple_Hands_Lone_Oak_Ranch_Pinot_Noir_2023.png,images/bottle_Purple_Hands_Lone_Oak_Ranch_Pinot_Noir_2023.png,Willamette Valley,Purple Hands,"red fruit, oak, earth, non oak, spices, black fruit, microbio, floral, dried fruit, vegetal, citrus fruit, tree fruit","Beef, Veal, Game (deer, venison), Poultry",Pinot Noir
Castello di Monsanto Chianti Classico Riserva 2016,Italy,34.99,4,images/Castello_di_Monsanto_Chianti_Classico_Riserva_2016.png,images/bottle_Castello_di_Monsanto_Chianti_Classico_Riser.png,Chianti Classico,Castello di Monsanto,"red fruit, earth, oak, non oak, black fruit, spices, microbio, vegetal, floral, dried fruit, citrus fruit, tree fruit, tropical fruit","Beef, Pasta, Veal, Cured Meat",Sangiovese
Joseph Drouhin Chambolle-Musigny Premier Cru 1996,France,285,4.3,images/Joseph_Drouhin_Chambolle_Musigny_Premier_Cru_1996.png,images/bottle_Joseph_Drouhin_Chambolle_Musigny_Premier_Cr.png,Chambolle-Musigny Premier Cru,Joseph Drouhin,"red fruit, earth, oak, non oak, microbio, black fruit, spices, floral, dried fruit, vegetal, citrus fruit","Beef, Veal, Game (deer, venison), Poultry",Pinot Noir
Antinori Tenuta Tignanello 'Marchese Antinori' Chianti Classico Riserva 2021,Italy,54.99,4.2,images/Antinori_Tenuta_Tignanello_Marchese_Antinori_Chian.png,images/bottle_Antinori_Tenuta_Tignanello_Marchese_Antinor.png,Chianti Classico,Antinori,"oak, red fruit, earth, non oak, spices, black fruit, microbio, vegetal, floral, dried fruit, citrus fruit, tree fruit, tropical fruit","Beef, Pasta, Veal, Cured Meat",Sangiovese
Manzone Le Gramolere Barolo 1990,Italy,168,4.1,images/Manzone_Le_Gramolere_Barolo_1990.png,images/bottle_Manzone_Le_Gramolere_Barolo_1990.png,Barolo,Manzone,"earth, oak, red fruit, spices, non oak, black fruit, floral, microbio, vegetal, citrus fruit, dried fruit, tree fruit","Beef, Pasta, Lamb, Game (deer, venison)",Nebbiolo
Cooper & Thief Red Blend (Aged in Bourbon Barrels) 2021,United States,26.99,4.1,images/Cooper_Thief_Red_Blend_Aged_in_Bourbon_Barrels_202.png,images/bottle_Cooper_Thief_Red_Blend_Aged_in_Bourbon_Barr.png,California,Cooper & Thief,"oak, non oak, spices, earth, black fruit, red fruit, dried fruit, microbio, vegetal, floral, citrus fruit, tree fruit, tropical fruit","Beef, Lamb, Veal, Poultry","Shiraz/Syrah, Cabernet Sauvignon, Merlot, Zinfandel"
Stella Rosa Red Semi-Sweet,Italy,10.49,4,images/Stella_Rosa_Red_Semi_Sweet.png,images/bottle_Stella_Rosa_Red_Semi_Sweet.png,Piemonte,Stella Rosa,"red fruit, black fruit, dried fruit, microbio, tree fruit, oak, spices, non oak, floral","Beef, Pasta, Lamb, Game (deer, venison)","Nebbiolo, Barbera, Dolcetto"
Clos du Bois Marlstone Red Blend 1990,United States,245,4.1,images/Clos_du_Bois_Marlstone_Red_Blend_1990.png,images/bottle_Clos_du_Bois_Marlstone_Red_Blend_1990.png,Alexander Valley,Clos du Bois,"oak, black fruit, earth, non oak, red fruit, spices, microbio, dried fruit, floral, vegetal, tree fruit, citrus fruit","Beef, Lamb, Game (deer, venison), Poultry","Cabernet Sauvignon, Cabernet Franc, Malbec, Merlot, Petit Verdot, Carménère"
Tardieu-Laurent Hermitage Rouge 1996,France,129,4.3,images/Tardieu_Laurent_Hermitage_Rouge_1996.png,images/bottle_Tardieu_Laurent_Hermitage_Rouge_1996.png,Hermitage,Tardieu-Laurent,"oak, earth, black fruit, non oak, spices, red fruit, microbio, dried fruit, floral, vegetal, citrus fruit, tree fruit, tropical fruit","Beef, Lamb, Game (deer, venison), Poultry",Shiraz/Syrah
Château Lilian Ladouys Saint-Estèphe 2016,France,38.99,3.9,images/Chteau_Lilian_Ladouys_Saint_Estphe_2016.png,images/bottle_Chteau_Lilian_Ladouys_Saint_Estphe_2016.png,Saint-Estèphe,Château Lilian Ladouys,"oak, black fruit, earth, non oak, red fruit, spices, microbio, floral, vegetal, dried fruit, citrus fruit, tree fruit, tropical fruit","Beef, Lamb, Game (deer, venison), Poultry","Cabernet Sauvignon, Cabernet Franc, Malbec, Merlot, Petit Verdot, Carménère"
Figgins Walla Walla Valley Estate Red 2021,United States,115,4.4,images/Figgins_Walla_Walla_Valley_Estate_Red_2021.png,images/bottle_Figgins_Walla_Walla_Valley_Estate_Red_2021.png,Walla Walla Valley,Figgins,"black fruit, oak, earth, red fruit, non oak, spices, dried fruit, microbio, floral, vegetal, tree fruit, citrus fruit","Beef, Game (deer, venison), Mature and hard cheese, Mushrooms","Cabernet Sauvignon, Cabernet Franc, Malbec, Merlot, Petit Verdot, Carménère"
Storybook Mountain Zinfandel Mayacamas Range 2021,United States,29.99,4.1,images/Storybook_Mountain_Zinfandel_Mayacamas_Range_2021.png,images/bottle_Storybook_Mountain_Zinfandel_Mayacamas_Rang.png,Napa Valley,Storybook Mountain,"red fruit, oak, black fruit, spices, earth, non oak, dried fruit, microbio, floral, vegetal, tree fruit","Beef, Lamb, Poultry",Zinfandel
E. Pira & Figli Chiara Boschis Via Nuova Barolo 2021,Italy,119.99,4.3,images/E_Pira_Figli_Chiara_Boschis_Via_Nuova_Barolo_2021.png,images/bottle_E_Pira_Figli_Chiara_Boschis_Via_Nuova_Barol.png,Barolo,E. Pira & Figli Chiara Boschis,"earth, oak, red fruit, non oak, spices, black fruit, microbio, floral, dried fruit, vegetal, citrus fruit, tree fruit","Beef, Pasta, Lamb, Game (deer, venison)",Nebbiolo
Château Latour Grand Vin Pauillac (Premier Grand Cru Classé) 1995,France,699.99,4.6,images/Chteau_Latour_Grand_Vin_Pauillac_Premier_Grand_Cru.png,images/bottle_Chteau_Latour_Grand_Vin_Pauillac_Premier_Gr.png,Pauillac,Château Latour,"oak, earth, black fruit, non oak, spices, red fruit, microbio, floral, vegetal, dried fruit, citrus fruit, tree fruit, tropical fruit","Beef, Lamb, Game (deer, venison), Poultry","Cabernet Sauvignon, Cabernet Franc, Malbec, Merlot, Petit Verdot, Carménère"
R. Parr & S. Moorman Salem Wine Co.  Pinot Noir 2024,United States,25.99,4,images/R_Parr_S_Moorman_Salem_Wine_Co_Pinot_Noir_2024.png,images/bottle_R_Parr_S_Moorman_Salem_Wine_Co_Pinot_Noir_2.png,Eola-Amity Hills,R. Parr & S. Moorman,"red fruit, earth, oak, non oak, black fruit, spices, microbio, floral, vegetal, dried fruit, tree fruit, citrus fruit","Beef, Veal, Game (deer, venison), Poultry",Pinot Noir
Poliziano In Violas Merlot 2004,Italy,23.15,4,images/Poliziano_In_Violas_Merlot_2004.jpg,,Cortona,Poliziano,"oak, black fruit, earth, red fruit, non oak, spices, floral, vegetal, dried fruit, microbio, tropical fruit, citrus fruit","Beef, Lamb, Veal, Poultry, Cured Meat","Cabernet Sauvignon, Merlot, Sangiovese, Canaiolo Nero"
Tenuta Carretta Barolo Poderi in Cannubi 1990,Italy,145,4.2,images/Tenuta_Carretta_Barolo_Poderi_in_Cannubi_1990.png,images/bottle_Tenuta_Carretta_Barolo_Poderi_in_Cannubi_19.png,Barolo,Tenuta Carretta,"earth, oak, red fruit, non oak, black fruit, spices, floral, microbio, dried fruit, citrus fruit, vegetal, tree fruit","Beef, Pasta, Lamb, Game (deer, venison)",Nebbiolo
Silver Oak Napa Valley Cabernet Sauvignon 2015,United States,133.99,4.6,images/Silver_Oak_Napa_Valley_Cabernet_Sauvignon_2015.png,images/bottle_Silver_Oak_Napa_Valley_Cabernet_Sauvignon_2.png,Napa Valley,Silver Oak,"oak, black fruit, non oak, earth, spices, red fruit, microbio, dried fruit, floral, vegetal, citrus fruit, tree fruit, tropical fruit","Beef, Lamb, Game (deer, venison), Mature and hard cheese, Poultry",Cabernet Sauvignon
Patrick Jasmin Côte-Rôtie 1990,France,870,4.1,images/Patrick_Jasmin_Cte_Rtie_1990.png,images/bottle_Patrick_Jasmin_Cte_Rtie_1990.png,Côte-Rôtie,Patrick Jasmin,"black fruit, oak, earth, spices, non oak, red fruit, floral, dried fruit, microbio, vegetal, citrus fruit, tree fruit, tropical fruit","Beef, Lamb, Game (deer, venison), Poultry","Shiraz/Syrah, Viognier"
Hundred Acre Kayli Morgan Vineyard Cabernet Sauvignon 2021,United States,799.99,4.7,images/Hundred_Acre_Kayli_Morgan_Vineyard_Cabernet_Sauvig.png,images/bottle_Hundred_Acre_Kayli_Morgan_Vineyard_Cabernet.png,Napa Valley,Hundred Acre,"oak, black fruit, non oak, earth, red fruit, spices, microbio, floral, dried fruit, vegetal, tree fruit","Beef, Lamb, Game (deer, venison), Mature and hard cheese, Poultry",Cabernet Sauvignon
Hedges Family Estate Red Mountain Cabernet Sauvignon 2023,United States,39.99,4.3,images/Hedges_Family_Estate_Red_Mountain_Cabernet_Sauvign.png,images/bottle_Hedges_Family_Estate_Red_Mountain_Cabernet_.png,Red Mountain,Hedges Family Estate,"oak, black fruit, earth, non oak, spices, red fruit, dried fruit, microbio, floral, vegetal, citrus fruit","Beef, Lamb, Game (deer, venison), Poultry",Cabernet Sauvignon
Bouchaine Pinot Noir 1985,United States,114,3.9,images/Bouchaine_Pinot_Noir_1985.png,images/bottle_Bouchaine_Pinot_Noir_1985.png,Los Carneros,Bouchaine,"red fruit, oak, earth, non oak, spices, black fruit, microbio, vegetal, floral, dried fruit, citrus fruit, tree fruit, tropical fruit","Veal, Pork, Poultry, Mushrooms",Pinot Noir
Saxum James Berry Vineyard 2022,United States,179.99,4.6,images/Saxum_James_Berry_Vineyard_2022.png,images/bottle_Saxum_James_Berry_Vineyard_2022.png,Paso Robles,Saxum,"black fruit, oak, earth, spices, red fruit, non oak, floral, microbio, dried fruit, vegetal, tree fruit, citrus fruit, tropical fruit","Beef, Lamb, Veal, Poultry","Shiraz/Syrah, Cabernet Sauvignon, Merlot, Zinfandel"
Louis Jadot Pernand-Vergelesses Premier Cru Clos De La Croix De Pierre 1995,France,160,4,images/Louis_Jadot_Pernand_Vergelesses_Premier_Cru_Clos_D.png,images/bottle_Louis_Jadot_Pernand_Vergelesses_Premier_Cru.png,Pernand-Vergelesses Premier Cru,Louis Jadot,"red fruit, oak, earth, non oak, spices, microbio, black fruit, citrus fruit, vegetal, floral, tropical fruit, dried fruit, tree fruit","Beef, Veal, Game (deer, venison), Poultry",Pinot Noir
Tobin James Cellars Zinfandel Ballistic 2019,United States,22,3.9,images/Tobin_James_Cellars_Zinfandel_Ballistic_2019.png,images/bottle_Tobin_James_Cellars_Zinfandel_Ballistic_201.png,Paso Robles,Tobin James Cellars,"black fruit, spices, oak, red fruit, non oak, earth, dried fruit, microbio, vegetal, floral, citrus fruit, tree fruit","Beef, Lamb, Poultry",Zinfandel
Prelius Cabernet Sauvignon 2022,Italy,19.99,3.8,images/Prelius_Cabernet_Sauvignon_2022.png,images/bottle_Prelius_Cabernet_Sauvignon_2022.png,Maremma Toscana,Prelius,"oak, black fruit, earth, red fruit, spices, non oak, microbio, dried fruit, floral, vegetal, tree fruit","Beef, Lamb, Veal, Poultry, Cured Meat","Cabernet Sauvignon, Merlot, Sangiovese, Canaiolo Nero"
Roots Run Deep Educated Guess Cabernet Sauvignon 2020,United States,27,4,images/Roots_Run_Deep_Educated_Guess_Cabernet_Sauvignon_2.png,images/bottle_Roots_Run_Deep_Educated_Guess_Cabernet_Sauv.png,Napa County,Roots Run Deep,"oak, black fruit, non oak, red fruit, spices, earth, microbio, dried fruit, vegetal, floral, citrus fruit, tree fruit, tropical fruit","Beef, Lamb, Game (deer, venison), Poultry",Cabernet Sauvignon
Chappellet Mountain Cuvée 2018,United States,41.99,4.2,images/Chappellet_Mountain_Cuve_2018.png,images/bottle_Chappellet_Mountain_Cuve_2018.png,Napa Valley,Chappellet,"oak, black fruit, non oak, red fruit, spices, earth, microbio, dried fruit, vegetal, floral, tree fruit, citrus fruit, tropical fruit","Beef, Lamb, Game (deer, venison), Poultry","Cabernet Sauvignon, Cabernet Franc, Malbec, Merlot, Petit Verdot"
Evening Land La Source Seven Springs Vineyard Pinot Noir 2022,United States,80,4.3,images/Evening_Land_La_Source_Seven_Springs_Vineyard_Pino.png,images/bottle_Evening_Land_La_Source_Seven_Springs_Vineya.png,Eola-Amity Hills,Evening Land,"red fruit, earth, oak, spices, non oak, black fruit, microbio, floral, vegetal, dried fruit, citrus fruit, tree fruit","Beef, Veal, Game (deer, venison), Poultry",Pinot Noir
Roberto Voerzio Cerequio Barolo 2019,Italy,399.99,4.4,images/Roberto_Voerzio_Cerequio_Barolo_2019.png,images/bottle_Roberto_Voerzio_Cerequio_Barolo_2019.png,Barolo,Roberto Voerzio,"earth, oak, red fruit, black fruit, non oak, spices, floral, microbio, dried fruit, citrus fruit, vegetal, tropical fruit, tree fruit","Beef, Pasta, Lamb, Game (deer, venison)",Nebbiolo
Château Pichon Longueville Comtesse de Lalande Pauillac (Grand Cru Classé) 2006,France,299.99,4.4,images/Chteau_Pichon_Longueville_Comtesse_de_Lalande_Paui.png,images/bottle_Chteau_Pichon_Longueville_Comtesse_de_Lalan.png,Pauillac,Château Pichon Longueville Comtesse de Lalande,"oak, earth, black fruit, non oak, spices, red fruit, microbio, floral, vegetal, dried fruit, citrus fruit, tree fruit, tropical fruit","Beef, Lamb, Game (deer, venison), Poultry","Cabernet Sauvignon, Cabernet Franc, Malbec, Merlot, Petit Verdot, Carménère"
Château Monbrison Bouquet de Monbrison Margaux 2020,France,44.99,4,images/Chteau_Monbrison_Bouquet_de_Monbrison_Margaux_2020.png,images/bottle_Chteau_Monbrison_Bouquet_de_Monbrison_Marga.png,Margaux,Château Monbrison,"oak, earth, red fruit, black fruit, non oak, spices, floral, microbio, dried fruit, tree fruit, citrus fruit, vegetal","Beef, Lamb, Game (deer, venison), Poultry","Cabernet Sauvignon, Cabernet Franc, Malbec, Merlot, Petit Verdot, Carménère"
Domaine G. Roumier Chambolle-Musigny 1er Cru 'Les Cras' 2021,France,689.99,4.4,images/Domaine_G_Roumier_Chambolle_Musigny_1er_Cru_Les_Cr.png,images/bottle_Domaine_G_Roumier_Chambolle_Musigny_1er_Cru.png,Chambolle-Musigny 1er Cru 'Les Cras',Domaine G. Roumier,"red fruit, earth, oak, black fruit, non oak, spices, floral, microbio, vegetal, dried fruit, tree fruit, citrus fruit","Beef, Veal, Game (deer, venison), Poultry",Pinot Noir
Dominio del Águila Pícaro Viñas Viejas 2020,Spain,42,4.1,images/Dominio_del_guila_Pcaro_Vias_Viejas_2020.png,images/bottle_Dominio_del_guila_Pcaro_Vias_Viejas_2020.png,Ribera del Duero,Dominio del Águila,"oak, black fruit, spices, red fruit, non oak, earth, microbio, floral, dried fruit, citrus fruit, vegetal, tree fruit, tropical fruit","Beef, Lamb, Game (deer, venison)",Tempranillo
Pavette Pinot Noir 2024,United States,13.99,3.9,images/Pavette_Pinot_Noir_2024.jpg,,California,Pavette,"red fruit, oak, spices, non oak, earth, black fruit, microbio, floral, citrus fruit, dried fruit, tree fruit, vegetal","Beef, Veal, Game (deer, venison), Poultry",Pinot Noir
Molino di Sant'Antimo Brunello di Montalcino 2019,Italy,108,4.1,images/Molino_di_SantAntimo_Brunello_di_Montalcino_2019.png,images/bottle_Molino_di_SantAntimo_Brunello_di_Montalcino.png,Brunello di Montalcino,Molino di Sant'Antimo,"earth, oak, red fruit, non oak, black fruit, spices, microbio, dried fruit, floral, vegetal, citrus fruit","Beef, Lamb, Game (deer, venison), Poultry",Sangiovese
Smith-Madrone Winery & Vineyards Cabernet Sauvignon 1970,United States,460,4.2,images/Smith_Madrone_Winery_Vineyards_Cabernet_Sauvignon_.png,images/bottle_Smith_Madrone_Winery_Vineyards_Cabernet_Sau.png,Spring Mountain District,Smith-Madrone Winery & Vineyards,"oak, black fruit, earth, non oak, spices, red fruit, vegetal, floral, microbio, dried fruit, tree fruit","Beef, Lamb, Game (deer, venison), Mature and hard cheese, Poultry",Cabernet Sauvignon
Altos Ibéricos Crianza 2019,Spain,17.99,3.9,images/Altos_Ibricos_Crianza_2019.png,images/bottle_Altos_Ibricos_Crianza_2019.png,Rioja,Altos Ibéricos,"oak, red fruit, non oak, black fruit, earth, spices, microbio, dried fruit, vegetal, floral, citrus fruit, tree fruit","Beef, Lamb, Veal, Poultry","Tempranillo, Graciano, Garnacha"
Georges Duboeuf Beaujolais Nouveau 2022,France,11.74,3.6,images/Georges_Duboeuf_Beaujolais_Nouveau_2022.png,images/bottle_Georges_Duboeuf_Beaujolais_Nouveau_2022.png,Beaujolais Nouveau,Georges Duboeuf,"red fruit, microbio, tropical fruit, black fruit, oak, spices, non oak, earth, floral, tree fruit, dried fruit, citrus fruit, vegetal","Poultry, Cured Meat",Gamay
Sella & Mosca Riserva Cannonau di Sardegna 2020,Italy,15.99,3.8,images/Sella_Mosca_Riserva_Cannonau_di_Sardegna_2020.png,images/bottle_Sella_Mosca_Riserva_Cannonau_di_Sardegna_20.png,Cannonau di Sardegna,Sella & Mosca,"earth, oak, red fruit, black fruit, non oak, spices, microbio, dried fruit, floral, vegetal, citrus fruit, tree fruit, tropical fruit","Beef, Pasta, Lamb, Game (deer, venison), Poultry",Grenache
Château Musar Musar Jeune Rouge 2019,Lebanon,19.99,3.8,images/Chteau_Musar_Musar_Jeune_Rouge_2019.png,images/bottle_Chteau_Musar_Musar_Jeune_Rouge_2019.png,Bekaa Valley,Château Musar,"black fruit, earth, red fruit, oak, non oak, spices, dried fruit, floral, microbio, vegetal, tree fruit, citrus fruit, tropical fruit","Beef, Lamb, Game (deer, venison), Cured Meat",
Ehlers Estate Cabernet Sauvignon 2021,United States,75,4.3,images/Ehlers_Estate_Cabernet_Sauvignon_2021.png,images/bottle_Ehlers_Estate_Cabernet_Sauvignon_2021.png,St. Helena,Ehlers Estate,"oak, black fruit, non oak, earth, spices, red fruit, microbio, dried fruit, floral, vegetal, tree fruit, citrus fruit","Beef, Lamb, Game (deer, venison), Mature and hard cheese, Poultry",Cabernet Sauvignon
Viña Cobos Vinculum Malbec 2018,Argentina,78,4.5,images/Via_Cobos_Vinculum_Malbec_2018.png,images/bottle_Via_Cobos_Vinculum_Malbec_2018.png,Mendoza,Viña Cobos,"oak, black fruit, non oak, red fruit, spices, earth, floral, dried fruit","Beef, Lamb, Pork",Malbec
Zuccardi Serie A Malbec 2023,Argentina,18,4,images/Zuccardi_Serie_A_Malbec_2023.png,images/bottle_Zuccardi_Serie_A_Malbec_2023.png,Uco Valley,Zuccardi,"black fruit, oak, red fruit, earth, non oak, spices, microbio, dried fruit, floral, vegetal, citrus fruit, tree fruit, tropical fruit","Beef, Lamb",Malbec
Honig Cabernet Sauvignon Bartolucci Vineyard 2001,United States,164,4.4,images/Honig_Cabernet_Sauvignon_Bartolucci_Vineyard_2001.png,images/bottle_Honig_Cabernet_Sauvignon_Bartolucci_Vineyar.png,St. Helena,Honig,"oak, black fruit, earth, non oak, spices, red fruit, dried fruit, microbio, floral, vegetal, citrus fruit","Beef, Lamb, Game (deer, venison), Mature and hard cheese, Poultry",Cabernet Sauvignon
Bogle Cabernet Sauvignon 2017,United States,15.26,3.7,images/Bogle_Cabernet_Sauvignon_2017.png,images/bottle_Bogle_Cabernet_Sauvignon_2017.png,California,Bogle,"oak, black fruit, non oak, red fruit, spices, earth, microbio, dried fruit, tree fruit, vegetal, citrus fruit, floral, tropical fruit","Beef, Lamb, Game (deer, venison), Poultry",Cabernet Sauvignon
Cultivar Wine Cabernet Sauvignon 2022,United States,32.99,4,images/Cultivar_Wine_Cabernet_Sauvignon_2022.png,images/bottle_Cultivar_Wine_Cabernet_Sauvignon_2022.png,Napa Valley,Cultivar Wine,"oak, black fruit, non oak, earth, spices, red fruit, microbio, citrus fruit, tree fruit, vegetal, dried fruit, floral, tropical fruit","Beef, Lamb, Game (deer, venison), Mature and hard cheese, Poultry",Cabernet Sauvignon
Barnett Rattlesnake Cabernet Sauvignon 2000,United States,265,4.6,images/Barnett_Rattlesnake_Cabernet_Sauvignon_2000.png,images/bottle_Barnett_Rattlesnake_Cabernet_Sauvignon_2000.png,Spring Mountain District,Barnett,"oak, black fruit, earth, non oak, spices, red fruit, microbio, dried fruit, floral, citrus fruit, vegetal","Beef, Lamb, Game (deer, venison), Mature and hard cheese, Poultry",Cabernet Sauvignon
Domaine De Longue Toque Gigondas Rouge 1990,France,78,4,images/Domaine_De_Longue_Toque_Gigondas_Rouge_1990.png,images/bottle_Domaine_De_Longue_Toque_Gigondas_Rouge_1990.png,Gigondas,Domaine De Longue Toque,"black fruit, red fruit, oak, earth, spices, non oak, dried fruit, microbio, floral, citrus fruit, vegetal","Beef, Lamb, Game (deer, venison)","Shiraz/Syrah, Grenache, Mourvedre"
Long Shadows Saggi 2022,United States,150,4.2,images/Long_Shadows_Saggi_2022.png,images/bottle_Long_Shadows_Saggi_2022.png,Columbia Valley,Long Shadows,"oak, red fruit, earth, non oak, black fruit, spices, microbio, vegetal, floral, dried fruit, tree fruit, citrus fruit","Beef, Pasta, Veal, Poultry","Shiraz/Syrah, Cabernet Sauvignon, Merlot"
Radius Eclipse 2023,United States,15.97,3.8,images/Radius_Eclipse_2023.jpg,,California,Radius,"oak, black fruit, red fruit, non oak, spices, earth, dried fruit, microbio, floral, vegetal, tree fruit, citrus fruit","Beef, Lamb, Veal, Poultry","Shiraz/Syrah, Cabernet Sauvignon, Merlot, Zinfandel"
Thread Count A Bold Quilt Red,United States,19.99,4.1,images/Thread_Count_A_Bold_Quilt_Red.png,images/bottle_Thread_Count_A_Bold_Quilt_Red.png,California,Thread Count,"oak, non oak, black fruit, spices, red fruit, earth, microbio, dried fruit","Beef, Lamb, Veal, Poultry","Shiraz/Syrah, Cabernet Sauvignon, Merlot, Zinfandel"
Ménage à Trois Silk Soft Red Blend 2019,United States,14.99,3.8,images/Mnage_Trois_Silk_Soft_Red_Blend_2019.png,images/bottle_Mnage_Trois_Silk_Soft_Red_Blend_2019.png,California,Ménage à Trois,"red fruit, oak, black fruit, non oak, spices, earth, microbio, dried fruit, citrus fruit, floral, vegetal, tree fruit, tropical fruit","Beef, Lamb, Veal, Poultry","Shiraz/Syrah, Cabernet Sauvignon, Merlot, Zinfandel"
Decugnano dei Barbi Villa Barbi Umbria Rosso 1964,Italy,111.79,3.8,images/Decugnano_dei_Barbi_Villa_Barbi_Umbria_Rosso_1964.png,images/bottle_Decugnano_dei_Barbi_Villa_Barbi_Umbria_Ross.png,Umbria,Decugnano dei Barbi,"red fruit, oak, earth, black fruit, non oak, spices, vegetal, microbio, dried fruit, citrus fruit, floral","Beef, Pasta, Veal, Poultry","Sangiovese, Montepulciano"
Catena Zapata Nicolás Catena Zapata 2020,Argentina,99.99,4.5,images/Catena_Zapata_Nicols_Catena_Zapata_2020.png,images/bottle_Catena_Zapata_Nicols_Catena_Zapata_2020.png,Mendoza,Catena Zapata,"oak, black fruit, earth, non oak, spices, red fruit, floral, microbio, dried fruit, vegetal, citrus fruit, tropical fruit, tree fruit","Beef, Lamb, Game (deer, venison), Poultry","Cabernet Sauvignon, Malbec"
Ricasoli Brolio Chianti Classico 2021,Italy,19,3.9,images/Ricasoli_Brolio_Chianti_Classico_2021.png,images/bottle_Ricasoli_Brolio_Chianti_Classico_2021.png,Chianti Classico,Ricasoli,"oak, red fruit, earth, non oak, spices, black fruit, microbio, vegetal, floral, dried fruit, citrus fruit, tree fruit, tropical fruit","Beef, Pasta, Veal, Cured Meat",Sangiovese
Sharecropper’s Pinot Noir 2022,United States,17.99,3.7,images/Sharecroppers_Pinot_Noir_2022.png,images/bottle_Sharecroppers_Pinot_Noir_2022.png,Willamette Valley,Sharecropper’s,"red fruit, oak, earth, non oak, black fruit, spices, microbio, vegetal, dried fruit, citrus fruit, floral, tree fruit","Beef, Veal, Game (deer, venison), Poultry",Pinot Noir
Fattoria del Cerro Antica Chiusina Vino Nobile di Montepulciano 1998,Italy,40.51,4.1,images/Fattoria_del_Cerro_Antica_Chiusina_Vino_Nobile_di_.png,images/bottle_Fattoria_del_Cerro_Antica_Chiusina_Vino_Nob.png,Vino Nobile di Montepulciano,Fattoria del Cerro,"oak, earth, black fruit, red fruit, spices, non oak, floral, microbio, vegetal, dried fruit, citrus fruit","Beef, Game (deer, venison), Poultry","Sangiovese, Canaiolo Nero"
The Prisoner Unshackled Red Blend 2018,United States,31.24,4,images/The_Prisoner_Unshackled_Red_Blend_2018.png,images/bottle_The_Prisoner_Unshackled_Red_Blend_2018.png,California,The Prisoner,"oak, black fruit, spices, non oak, red fruit, earth, microbio, dried fruit, floral, tree fruit, vegetal, tropical fruit, citrus fruit","Beef, Lamb, Veal, Poultry","Shiraz/Syrah, Cabernet Sauvignon, Merlot, Zinfandel"
Pago de Carraovejas Tinto 2022,Spain,63.97,4.3,images/Pago_de_Carraovejas_Tinto_2022.png,images/bottle_Pago_de_Carraovejas_Tinto_2022.png,Ribera del Duero,Pago de Carraovejas,"oak, non oak, black fruit, earth, spices, red fruit, microbio, dried fruit, floral, vegetal, citrus fruit, tree fruit, tropical fruit","Beef, Lamb, Game (deer, venison)",Tempranillo
Banshee Wines Pinot Noir 2021,United States,19.99,4,images/Banshee_Wines_Pinot_Noir_2021.png,images/bottle_Banshee_Wines_Pinot_Noir_2021.png,Sonoma County,Banshee Wines,"red fruit, oak, earth, non oak, spices, black fruit, microbio, vegetal, floral, dried fruit, citrus fruit, tree fruit, tropical fruit","Beef, Veal, Game (deer, venison), Poultry",Pinot Noir
Fattoria dei Barbi Brunello di Montalcino Vigna di Fiore 1990,Italy,276,4.3,images/Fattoria_dei_Barbi_Brunello_di_Montalcino_Vigna_di.png,images/bottle_Fattoria_dei_Barbi_Brunello_di_Montalcino_V.png,Brunello di Montalcino,Fattoria dei Barbi,"oak, red fruit, earth, non oak, spices, black fruit, microbio, floral, dried fruit, vegetal, citrus fruit, tree fruit","Beef, Lamb, Game (deer, venison), Poultry",Sangiovese
Domaine Faiveley Nuits-Saint-Georges 1er Cru Les Poréts 1978,France,569,4.1,images/Domaine_Faiveley_Nuits_Saint_Georges_1er_Cru_Les_P.png,images/bottle_Domaine_Faiveley_Nuits_Saint_Georges_1er_Cr.png,Nuits-Saint-Georges,Domaine Faiveley,"red fruit, oak, earth, non oak, spices, black fruit, microbio, floral, vegetal, dried fruit, tree fruit, citrus fruit","Beef, Veal, Game (deer, venison), Poultry",Pinot Noir
No Fine Print Cabernet 2023,United States,15.99,4,images/No_Fine_Print_Cabernet_2023.png,images/bottle_No_Fine_Print_Cabernet_2023.png,California,No Fine Print,"oak, black fruit, red fruit, non oak, spices, earth, dried fruit, microbio, vegetal, floral, citrus fruit","Beef, Lamb, Game (deer, venison), Poultry",Cabernet Sauvignon
Mount Eden Vineyards Estate Pinot Noir 1973,United States,465,4.3,images/Mount_Eden_Vineyards_Estate_Pinot_Noir_1973.png,images/bottle_Mount_Eden_Vineyards_Estate_Pinot_Noir_1973.png,Santa Cruz Mountains,Mount Eden Vineyards,"red fruit, earth, oak, spices, non oak, black fruit, microbio, floral, vegetal, dried fruit, tree fruit, citrus fruit","Beef, Veal, Game (deer, venison), Poultry",Pinot Noir
Wente Vineyards Southern Hills Cabernet Sauvignon 2016,United States,19.99,3.8,images/Wente_Vineyards_Southern_Hills_Cabernet_Sauvignon_.png,images/bottle_Wente_Vineyards_Southern_Hills_Cabernet_Sau.png,Central Coast,Wente Vineyards,"oak, black fruit, red fruit, non oak, spices, earth, microbio, dried fruit, vegetal, floral, tree fruit, citrus fruit, tropical fruit","Beef, Lamb, Game (deer, venison), Poultry",Cabernet Sauvignon
Château Fombrauge Saint-Émilion Grand Cru (Grand Cru Classé) 2015,France,89.99,4.2,images/Chteau_Fombrauge_Saint_milion_Grand_Cru_Grand_Cru_.png,images/bottle_Chteau_Fombrauge_Saint_milion_Grand_Cru_Gra.png,Saint-Émilion Grand Cru,Château Fombrauge,"oak, black fruit, earth, non oak, red fruit, spices, microbio, floral, dried fruit, vegetal, citrus fruit, tree fruit, tropical fruit","Beef, Lamb, Game (deer, venison), Poultry","Cabernet Sauvignon, Cabernet Franc, Malbec, Merlot, Petit Verdot, Carménère"
Château Larose-Trintaudon Haut-Médoc 2018,France,14.99,4.1,images/Chteau_Larose_Trintaudon_Haut_Mdoc_2018.png,images/bottle_Chteau_Larose_Trintaudon_Haut_Mdoc_2018.png,Haut-Médoc,Château Larose-Trintaudon,"oak, black fruit, earth, non oak, red fruit, spices, microbio, vegetal, dried fruit, floral, tree fruit, citrus fruit, tropical fruit","Beef, Lamb, Game (deer, venison)","Cabernet Sauvignon, Cabernet Franc, Malbec, Merlot, Petit Verdot, Carménère"
Chandon de Briailles Île des Vergelesses Pernand-Vergelesses 1er Cru Rouge 2021,France,145,4.1,images/Chandon_de_Briailles_le_des_Vergelesses_Pernand_Ve.png,images/bottle_Chandon_de_Briailles_le_des_Vergelesses_Per.png,Pernand-Vergelesses Premier Cru,Chandon de Briailles,"red fruit, earth, oak, spices, black fruit, microbio, non oak, floral, vegetal, tree fruit, citrus fruit, dried fruit, tropical fruit","Beef, Veal, Game (deer, venison), Poultry",Pinot Noir
DAOU Pessimist Red Blend 2021,United States,27.99,4,images/DAOU_Pessimist_Red_Blend_2021.png,images/bottle_DAOU_Pessimist_Red_Blend_2021.png,Paso Robles,DAOU,"oak, black fruit, non oak, spices, earth, red fruit, dried fruit, microbio, floral, vegetal, tree fruit, citrus fruit, tropical fruit","Beef, Lamb, Veal, Poultry","Shiraz/Syrah, Cabernet Sauvignon, Merlot, Zinfandel"
Buena Vista Cabernet Sauvignon 2022,United States,39.99,3.9,images/Buena_Vista_Cabernet_Sauvignon_2022.png,images/bottle_Buena_Vista_Cabernet_Sauvignon_2022.png,North Coast,Buena Vista,"oak, black fruit, spices, red fruit, non oak, earth, microbio, dried fruit, vegetal, tree fruit, citrus fruit, floral","Beef, Lamb, Game (deer, venison), Poultry",Cabernet Sauvignon
Saxum Broken Stones 2021,United States,159.99,4.6,images/Saxum_Broken_Stones_2021.png,images/bottle_Saxum_Broken_Stones_2021.png,Paso Robles,Saxum,"black fruit, oak, earth, non oak, spices, red fruit, floral, microbio, dried fruit, vegetal, citrus fruit, tree fruit","Beef, Lamb, Veal, Poultry","Shiraz/Syrah, Cabernet Sauvignon, Merlot, Zinfandel"
Wairau River Pinot Noir 2010,New Zealand,18.99,3.8,images/Wairau_River_Pinot_Noir_2010.png,images/bottle_Wairau_River_Pinot_Noir_2010.png,Marlborough,Wairau River,"red fruit, oak, earth, non oak, spices, black fruit, microbio, tree fruit, citrus fruit, vegetal, dried fruit, tropical fruit, floral","Beef, Veal, Game (deer, venison), Poultry",Pinot Noir
Domaine Drouhin Pinot Noir 2018,United States,175,4.2,images/Domaine_Drouhin_Pinot_Noir_2018.png,images/bottle_Domaine_Drouhin_Pinot_Noir_2018.png,Dundee Hills,Domaine Drouhin,"red fruit, oak, earth, non oak, spices, black fruit, microbio, floral, vegetal, dried fruit, citrus fruit, tree fruit, tropical fruit","Beef, Veal, Game (deer, venison), Poultry",Pinot Noir
Nicolas Jay Pinot Noir 2022,United States,57.99,4.2,images/Nicolas_Jay_Pinot_Noir_2022.png,images/bottle_Nicolas_Jay_Pinot_Noir_2022.png,Willamette Valley,Nicolas Jay,"red fruit, oak, earth, non oak, spices, black fruit, microbio, floral, vegetal, dried fruit, citrus fruit, tree fruit, tropical fruit","Beef, Veal, Game (deer, venison), Poultry",Pinot Noir
Meerlust Rubicon 2018,South Africa,37.99,4.3,images/Meerlust_Rubicon_2018.png,images/bottle_Meerlust_Rubicon_2018.png,Stellenbosch,Meerlust,"oak, black fruit, earth, non oak, spices, red fruit, microbio, vegetal, floral, dried fruit, citrus fruit, tree fruit, tropical fruit","Beef, Lamb, Game (deer, venison), Poultry","Cabernet Sauvignon, Cabernet Franc, Malbec, Merlot, Petit Verdot, Carménère"
Carmenet Cabernet Sauvignon (Reserve) 1985,United States,100,3.7,images/Carmenet_Cabernet_Sauvignon_Reserve_1985.png,images/bottle_Carmenet_Cabernet_Sauvignon_Reserve_1985.png,California,Carmenet,"oak, non oak, spices, red fruit, earth, black fruit, microbio, dried fruit, citrus fruit, tree fruit, floral, vegetal, tropical fruit","Beef, Lamb, Game (deer, venison), Poultry",Cabernet Sauvignon
Buena Vista Chateau Buena Vista Cabernet Sauvignon Napa Valley 2020,United States,37.99,4.3,images/Buena_Vista_Chateau_Buena_Vista_Cabernet_Sauvignon.png,images/bottle_Buena_Vista_Chateau_Buena_Vista_Cabernet_Sa.png,Napa Valley,Buena Vista,"oak, black fruit, non oak, red fruit, spices, earth, microbio, dried fruit, vegetal, floral, tree fruit, citrus fruit, tropical fruit","Beef, Lamb, Game (deer, venison), Mature and hard cheese, Poultry",Cabernet Sauvignon
Domaine Robert Chevillon Les Chaignots Nuits-Saint-Georges 1er Cru 2022,France,195,4.2,images/Domaine_Robert_Chevillon_Les_Chaignots_Nuits_Saint.png,images/bottle_Domaine_Robert_Chevillon_Les_Chaignots_Nuit.png,Nuits-Saint-Georges,Domaine Robert Chevillon,"earth, red fruit, oak, microbio, spices, black fruit, non oak, floral, vegetal, citrus fruit, dried fruit, tree fruit","Beef, Veal, Game (deer, venison), Poultry",Pinot Noir
Famiglia Castellani St Giorgio Vino Nobile di Montepulciano 2022,Italy,15.97,4,images/Famiglia_Castellani_St_Giorgio_Vino_Nobile_di_Mont.jpg,,Vino Nobile di Montepulciano,Famiglia Castellani,"red fruit, oak, earth, non oak, spices, black fruit, vegetal, dried fruit, floral, tree fruit, microbio","Beef, Game (deer, venison), Poultry","Sangiovese, Canaiolo Nero"
Hess Select Treo Winemaker's Blend 2014,United States,18.99,3.9,images/Hess_Select_Treo_Winemakers_Blend_2014.png,images/bottle_Hess_Select_Treo_Winemakers_Blend_2014.png,California,Hess Select,"oak, black fruit, red fruit, non oak, spices, earth, microbio, dried fruit, citrus fruit, vegetal, floral, tree fruit","Beef, Lamb, Veal, Poultry","Shiraz/Syrah, Cabernet Sauvignon, Merlot, Zinfandel"
Merry Edwards Meredith Estate Pinot Noir 2022,United States,100,4.4,images/Merry_Edwards_Meredith_Estate_Pinot_Noir_2022.png,images/bottle_Merry_Edwards_Meredith_Estate_Pinot_Noir_20.png,Russian River Valley,Merry Edwards,"red fruit, oak, black fruit, earth, non oak, spices, microbio, floral, vegetal, dried fruit, citrus fruit, tree fruit, tropical fruit","Veal, Pork, Poultry, Mushrooms",Pinot Noir
Bogle Petite Sirah 2018,United States,15.04,3.9,images/Bogle_Petite_Sirah_2018.png,images/bottle_Bogle_Petite_Sirah_2018.png,California,Bogle,"black fruit, oak, spices, non oak, red fruit, earth, microbio, dried fruit, vegetal, floral, tree fruit, citrus fruit, tropical fruit","Beef, Lamb, Game (deer, venison)",Petite Sirah
Domaine Dujac Clos de la Roche Grand Cru 2022,France,744.99,4.5,images/Domaine_Dujac_Clos_de_la_Roche_Grand_Cru_2022.png,images/bottle_Domaine_Dujac_Clos_de_la_Roche_Grand_Cru_20.png,Clos de la Roche Grand Cru,Domaine Dujac,"red fruit, oak, earth, black fruit, non oak, spices, floral, microbio, vegetal, dried fruit, citrus fruit, tree fruit","Beef, Veal, Game (deer, venison), Poultry",Pinot Noir
Gaja Sito Moresco Langhe 2020,Italy,54.99,4.2,images/Gaja_Sito_Moresco_Langhe_2020.png,images/bottle_Gaja_Sito_Moresco_Langhe_2020.png,Langhe,Gaja,"red fruit, oak, earth, non oak, black fruit, spices, microbio, floral, vegetal, dried fruit, citrus fruit, tree fruit, tropical fruit","Beef, Pasta, Lamb, Game (deer, venison)","Nebbiolo, Barbera, Dolcetto"
Soter Vineyards Mineral Springs Ranch Pinot Noir 2022,United States,80,4.3,images/Soter_Vineyards_Mineral_Springs_Ranch_Pinot_Noir_2.png,images/bottle_Soter_Vineyards_Mineral_Springs_Ranch_Pinot.png,Yamhill-Carlton District,Soter Vineyards,"red fruit, oak, earth, spices, black fruit, non oak, microbio, floral, vegetal, dried fruit, citrus fruit, tree fruit, tropical fruit","Beef, Veal, Game (deer, venison), Poultry",Pinot Noir
Goldeneye Anderson Valley Pinot Noir 2017,United States,83.56,4.4,images/Goldeneye_Anderson_Valley_Pinot_Noir_2017.png,images/bottle_Goldeneye_Anderson_Valley_Pinot_Noir_2017.png,Anderson Valley,Goldeneye,"red fruit, oak, earth, non oak, spices, black fruit, microbio, dried fruit, floral, vegetal, tree fruit, citrus fruit, tropical fruit","Veal, Pork, Poultry, Mushrooms",Pinot Noir
Honig Cabernet Sauvignon 2015,United States,53.99,4.3,images/Honig_Cabernet_Sauvignon_2015.png,images/bottle_Honig_Cabernet_Sauvignon_2015.png,Napa Valley,Honig,"oak, black fruit, non oak, earth, spices, red fruit, microbio, dried fruit, floral, vegetal, citrus fruit, tree fruit, tropical fruit","Beef, Lamb, Game (deer, venison), Mature and hard cheese, Poultry",Cabernet Sauvignon
Remelluri Rioja Reserva 2016,Spain,46.99,4.2,images/Remelluri_Rioja_Reserva_2016.png,images/bottle_Remelluri_Rioja_Reserva_2016.png,Rioja,Remelluri,"oak, earth, non oak, black fruit, spices, red fruit, dried fruit, microbio, floral, vegetal, citrus fruit, tree fruit","Beef, Lamb, Veal, Poultry","Tempranillo, Graciano, Garnacha"
Argyle Reserve Pinot Noir 2023,United States,29.99,4,images/Argyle_Reserve_Pinot_Noir_2023.png,images/bottle_Argyle_Reserve_Pinot_Noir_2023.png,Willamette Valley,Argyle,"red fruit, oak, earth, non oak, spices, black fruit, microbio, floral, vegetal, tree fruit, dried fruit, citrus fruit","Beef, Veal, Game (deer, venison), Poultry",Pinot Noir
Foxen Santa Maria Valley Pinot Noir 2022,United States,38,4,images/Foxen_Santa_Maria_Valley_Pinot_Noir_2022.png,images/bottle_Foxen_Santa_Maria_Valley_Pinot_Noir_2022.png,Santa Maria Valley,Foxen,"red fruit, earth, oak, non oak, spices, black fruit, microbio, vegetal, dried fruit, floral, citrus fruit, tree fruit, tropical fruit","Veal, Pork, Poultry, Mushrooms",Pinot Noir
Tenuta di Nozzole Villa Nozzole Chianti Classico 2021,Italy,17.99,3.9,images/Tenuta_di_Nozzole_Villa_Nozzole_Chianti_Classico_2.png,images/bottle_Tenuta_di_Nozzole_Villa_Nozzole_Chianti_Cla.png,Chianti Classico,Tenuta di Nozzole,"red fruit, oak, earth, non oak, black fruit, spices, microbio, vegetal, dried fruit, floral, citrus fruit","Beef, Pasta, Veal, Cured Meat",Sangiovese
Famille Perrin Côtes-du-Rhône Réserve Rouge 2010,France,19.27,3.5,images/Famille_Perrin_Ctes_du_Rhne_Rserve_Rouge_2010.png,images/bottle_Famille_Perrin_Ctes_du_Rhne_Rserve_Rouge_20.png,Côtes-du-Rhône,Famille Perrin,"red fruit, black fruit, earth, oak, spices, non oak, microbio, tree fruit, citrus fruit, dried fruit, floral, vegetal, tropical fruit","Beef, Lamb, Game (deer, venison)","Shiraz/Syrah, Grenache, Mourvedre"
Casa Ferreirinha Quinta da Leda Douro 2018,Portugal,78.99,4.4,images/Casa_Ferreirinha_Quinta_da_Leda_Douro_2018.png,images/bottle_Casa_Ferreirinha_Quinta_da_Leda_Douro_2018.png,Douro,Casa Ferreirinha,"oak, black fruit, non oak, earth, spices, red fruit, floral, microbio, dried fruit, tree fruit, vegetal, citrus fruit","Beef, Pasta, Lamb, Game (deer, venison)","Touriga Nacional, Tinta Roriz, Touriga Francesa"
Château Pédesclaux Pauillac (Grand Cru Classé) 2015,France,59.99,4.2,images/Chteau_Pdesclaux_Pauillac_Grand_Cru_Class_2015.png,images/bottle_Chteau_Pdesclaux_Pauillac_Grand_Cru_Class_2.png,Pauillac,Château Pédesclaux,"oak, black fruit, earth, non oak, spices, red fruit, microbio, vegetal, floral, dried fruit, citrus fruit, tree fruit, tropical fruit","Beef, Lamb, Game (deer, venison), Poultry","Cabernet Sauvignon, Cabernet Franc, Malbec, Merlot, Petit Verdot, Carménère"
Bodega Noemìa A Lisa 2021,Argentina,17.99,4.1,images/Bodega_Noema_A_Lisa_2021.png,images/bottle_Bodega_Noema_A_Lisa_2021.png,Rio Negro,Bodega Noemìa,"oak, black fruit, earth, red fruit, non oak, spices, floral, microbio, dried fruit, vegetal, tree fruit, citrus fruit, tropical fruit","Beef, Lamb, Poultry",Malbec
Terramore Nero d'Avola 2023,Italy,14.97,3.5,images/Terramore_Nero_dAvola_2023.png,images/bottle_Terramore_Nero_dAvola_2023.png,Terre Siciliane,Terramore,"red fruit, black fruit, earth, oak, non oak, spices, microbio, vegetal, dried fruit, citrus fruit, tree fruit, floral","Beef, Pasta, Lamb","Primitivo, Aglianico, Negroamaro, Nero d'Avola"
Caparzo Brunello di Montalcino 2010,Italy,128,4,images/Caparzo_Brunello_di_Montalcino_2010.png,images/bottle_Caparzo_Brunello_di_Montalcino_2010.png,Brunello di Montalcino,Caparzo,"oak, red fruit, earth, non oak, black fruit, spices, microbio, dried fruit, vegetal, floral, citrus fruit, tree fruit, tropical fruit","Beef, Lamb, Game (deer, venison), Poultry",Sangiovese
Barnett Cabernet Sauvignon 2022,United States,89.99,4.4,images/Barnett_Cabernet_Sauvignon_2022.png,images/bottle_Barnett_Cabernet_Sauvignon_2022.png,Spring Mountain District,Barnett,"black fruit, oak, non oak, earth, spices, red fruit, microbio, floral, dried fruit, vegetal, citrus fruit","Beef, Lamb, Game (deer, venison), Mature and hard cheese, Poultry",Cabernet Sauvignon
Château Lafite Rothschild Pauillac (Premier Grand Cru Classé) 1990,France,998,4.7,images/Chteau_Lafite_Rothschild_Pauillac_Premier_Grand_Cr.png,images/bottle_Chteau_Lafite_Rothschild_Pauillac_Premier_G.png,Pauillac,Château Lafite Rothschild,"oak, earth, non oak, black fruit, red fruit, spices, microbio, floral, dried fruit, vegetal, citrus fruit, tree fruit, tropical fruit","Beef, Lamb, Game (deer, venison), Poultry","Cabernet Sauvignon, Cabernet Franc, Malbec, Merlot, Petit Verdot, Carménère"
Thierry Allemand Cornas 'Les Chaillot' 2021,France,350,4.4,images/Thierry_Allemand_Cornas_Les_Chaillot_2021.png,images/bottle_Thierry_Allemand_Cornas_Les_Chaillot_2021.png,Cornas,Thierry Allemand,"earth, black fruit, oak, spices, non oak, red fruit, floral, vegetal, microbio, dried fruit, citrus fruit, tree fruit","Beef, Lamb, Game (deer, venison), Poultry",Shiraz/Syrah
Château Poujeaux Moulis-en-Médoc 2009,France,87,4.1,images/Chteau_Poujeaux_Moulis_en_Mdoc_2009.png,images/bottle_Chteau_Poujeaux_Moulis_en_Mdoc_2009.png,Moulis-en-Médoc,Château Poujeaux,"oak, black fruit, earth, non oak, spices, red fruit, microbio, vegetal, floral, dried fruit, citrus fruit, tree fruit, tropical fruit","Beef, Lamb, Game (deer, venison)","Cabernet Sauvignon, Cabernet Franc, Malbec, Merlot, Petit Verdot, Carménère"
Château Brane-Cantenac Margaux (Grand Cru Classé) 2009,France,179,4.3,images/Chteau_Brane_Cantenac_Margaux_Grand_Cru_Class_2009.png,images/bottle_Chteau_Brane_Cantenac_Margaux_Grand_Cru_Cla.png,Margaux,Château Brane-Cantenac,"oak, earth, black fruit, non oak, red fruit, spices, microbio, floral, vegetal, dried fruit, citrus fruit, tree fruit, tropical fruit","Beef, Lamb, Game (deer, venison), Poultry","Cabernet Sauvignon, Cabernet Franc, Malbec, Merlot, Petit Verdot, Carménère"
Kendall-Jackson Vintner's Reserve Pinot Noir 2016,United States,22.84,3.7,images/Kendall_Jackson_Vintners_Reserve_Pinot_Noir_2016.png,images/bottle_Kendall_Jackson_Vintners_Reserve_Pinot_Noir.png,California,Kendall-Jackson,"red fruit, oak, non oak, spices, black fruit, earth, microbio, dried fruit, vegetal, citrus fruit, tree fruit, floral, tropical fruit","Beef, Veal, Game (deer, venison), Poultry",Pinot Noir
Domaine Michel Lafarge Volnay 2022,France,96,4.1,images/Domaine_Michel_Lafarge_Volnay_2022.png,images/bottle_Domaine_Michel_Lafarge_Volnay_2022.png,Volnay,Domaine Michel Lafarge,"red fruit, earth, oak, spices, non oak, microbio, black fruit, floral, dried fruit, citrus fruit, vegetal, tree fruit","Beef, Veal, Game (deer, venison), Poultry",Pinot Noir
Cantine Valpane Rosso Pietro Barbera del Monferrato 2021,Italy,15.99,3.8,images/Cantine_Valpane_Rosso_Pietro_Barbera_del_Monferrat.png,images/bottle_Cantine_Valpane_Rosso_Pietro_Barbera_del_Mo.png,Barbera del Monferrato,Cantine Valpane,"earth, red fruit, oak, black fruit, spices, non oak, microbio, vegetal, dried fruit, floral, tree fruit, citrus fruit","Pasta, Veal, Pork, Game (deer, venison), Poultry",Barbera
Domaine Faiveley Chambolle-Musigny 2005,France,190,4.1,images/Domaine_Faiveley_Chambolle_Musigny_2005.png,images/bottle_Domaine_Faiveley_Chambolle_Musigny_2005.png,Chambolle-Musigny,Domaine Faiveley,"red fruit, oak, earth, non oak, spices, microbio, black fruit, floral, dried fruit, vegetal, tree fruit, citrus fruit, tropical fruit","Beef, Veal, Game (deer, venison), Poultry",Pinot Noir
Castello Nipozzano Chianti Rùfina Riserva 2008,Italy,35.99,3.8,images/Castello_Nipozzano_Chianti_Rfina_Riserva_2008.png,images/bottle_Castello_Nipozzano_Chianti_Rfina_Riserva_20.png,Chianti Rùfina,Castello Nipozzano,"oak, red fruit, earth, black fruit, non oak, spices, microbio, vegetal, floral, dried fruit, citrus fruit, tree fruit, tropical fruit","Beef, Veal, Poultry","Sangiovese, Trebbiano, Canaiolo Nero, Malvasia Nera"
Justin Isosceles 2016,United States,79.99,4.5,images/Justin_Isosceles_2016.png,images/bottle_Justin_Isosceles_2016.png,Paso Robles,Justin,"oak, black fruit, red fruit, non oak, spices, earth, microbio, dried fruit, vegetal, floral, tree fruit, citrus fruit, tropical fruit","Beef, Lamb, Game (deer, venison), Poultry","Cabernet Sauvignon, Cabernet Franc, Malbec, Merlot, Petit Verdot, Carménère"
Isole e Olena Cabernet Sauvignon Toscana Collezione Privata 2020,Italy,156,4.3,images/Isole_e_Olena_Cabernet_Sauvignon_Toscana_Collezion.png,images/bottle_Isole_e_Olena_Cabernet_Sauvignon_Toscana_Co.png,Toscana,Isole e Olena,"oak, black fruit, earth, non oak, spices, red fruit, microbio, floral, dried fruit, vegetal, tropical fruit, citrus fruit, tree fruit","Beef, Lamb, Veal, Poultry, Cured Meat","Cabernet Sauvignon, Merlot, Sangiovese, Canaiolo Nero"
Flowers Pinot Noir 2018,United States,49.99,4.3,images/Flowers_Pinot_Noir_2018.png,images/bottle_Flowers_Pinot_Noir_2018.png,Sonoma Coast,Flowers,"red fruit, oak, earth, non oak, spices, black fruit, microbio, floral, dried fruit, vegetal, citrus fruit, tree fruit, tropical fruit","Veal, Pork, Poultry, Mushrooms",Pinot Noir
Villa Cavarena Ripasso 2022,Italy,19.99,3.8,images/Villa_Cavarena_Ripasso_2022.png,images/bottle_Villa_Cavarena_Ripasso_2022.png,Valpolicella Ripasso,Villa Cavarena,"red fruit, oak, black fruit, earth, non oak, spices, dried fruit, microbio, vegetal, tree fruit, citrus fruit, floral","Beef, Veal, Game (deer, venison)","Corvina, Rondinella, Corvinone"
Coastline Reserve Cabernet Sauvignon 2022,United States,23.97,3.7,images/Coastline_Reserve_Cabernet_Sauvignon_2022.jpg,,Central Coast,Coastline,"oak, black fruit, non oak, red fruit, spices, earth, dried fruit, microbio, tree fruit, floral, vegetal, citrus fruit","Beef, Lamb, Game (deer, venison), Poultry",Cabernet Sauvignon
Aldo Conterno Barolo Bussia Romirasco 2019,Italy,399.99,4.5,images/Aldo_Conterno_Barolo_Bussia_Romirasco_2019.png,images/bottle_Aldo_Conterno_Barolo_Bussia_Romirasco_2019.png,Barolo,Aldo Conterno,"oak, earth, red fruit, non oak, spices, black fruit, floral, microbio, dried fruit, citrus fruit, vegetal, tree fruit","Beef, Pasta, Lamb, Game (deer, venison)",Nebbiolo
Camina Tempranillo 2022,Spain,12.99,3.4,images/Camina_Tempranillo_2022.png,images/bottle_Camina_Tempranillo_2022.png,La Mancha,Camina,"red fruit, black fruit, oak, earth, non oak, spices, microbio, dried fruit, vegetal, tree fruit, citrus fruit","Beef, Lamb, Veal, Poultry",Tempranillo
Lewis Cellars Reserve Cabernet Sauvignon 2021,United States,189.97,4.5,images/Lewis_Cellars_Reserve_Cabernet_Sauvignon_2021.png,images/bottle_Lewis_Cellars_Reserve_Cabernet_Sauvignon_20.png,Napa Valley,Lewis Cellars,"oak, black fruit, earth, non oak, spices, red fruit, microbio, dried fruit, vegetal, floral, tree fruit, citrus fruit","Beef, Lamb, Game (deer, venison), Mature and hard cheese, Poultry",Cabernet Sauvignon
Succès La Cuca de Llum 2022,Spain,22,3.7,images/Succs_La_Cuca_de_Llum_2022.png,images/bottle_Succs_La_Cuca_de_Llum_2022.png,Conca de Barberà,Succès,"red fruit, earth, spices, oak, non oak, black fruit, dried fruit, microbio, floral, vegetal, tree fruit, citrus fruit, tropical fruit","Beef, Pasta, Veal, Poultry","Grenache, Tempranillo"
Georges Noëllat Vosne-Romanée 2022,France,179.99,4.2,images/Georges_Nollat_Vosne_Romane_2022.png,images/bottle_Georges_Nollat_Vosne_Romane_2022.png,Vosne-Romanée,Georges Noëllat,"red fruit, oak, earth, spices, non oak, microbio, black fruit, floral, vegetal, dried fruit, tree fruit, citrus fruit, tropical fruit","Beef, Veal, Game (deer, venison), Poultry",Pinot Noir
Caymus-Suisun Grand Durif 2019,United States,59.99,4.4,images/Caymus_Suisun_Grand_Durif_2019.png,images/bottle_Caymus_Suisun_Grand_Durif_2019.png,Suisun Valley,Caymus-Suisun,"black fruit, oak, spices, non oak, earth, red fruit, dried fruit, microbio, floral, vegetal, tree fruit, citrus fruit","Beef, Lamb, Game (deer, venison)",Petite Sirah
Mark West California Pinot Noir 2021,United States,10.99,3.7,images/Mark_West_California_Pinot_Noir_2021.png,images/bottle_Mark_West_California_Pinot_Noir_2021.png,California,Mark West,"red fruit, oak, black fruit, non oak, earth, spices, microbio, vegetal, dried fruit, floral, citrus fruit, tree fruit, tropical fruit","Beef, Veal, Game (deer, venison), Poultry",Pinot Noir
Crios Malbec 2022,Argentina,11.99,3.8,images/Crios_Malbec_2022.png,images/bottle_Crios_Malbec_2022.png,Uco Valley,Crios,"oak, black fruit, red fruit, earth, non oak, spices, floral, microbio, dried fruit, citrus fruit, tree fruit, vegetal, tropical fruit","Beef, Lamb",Malbec
Biondi-Santi Brunello di Montalcino 2010,Italy,200,4.4,images/Biondi_Santi_Brunello_di_Montalcino_2010.png,images/bottle_Biondi_Santi_Brunello_di_Montalcino_2010.png,Brunello di Montalcino,Biondi-Santi,"earth, oak, red fruit, non oak, spices, black fruit, microbio, floral, vegetal, dried fruit, citrus fruit, tree fruit, tropical fruit","Beef, Lamb, Game (deer, venison), Poultry",Sangiovese
Santa Tresa Frappato 2024,Italy,21,3.3,images/Santa_Tresa_Frappato_2024.png,images/bottle_Santa_Tresa_Frappato_2024.png,Terre Siciliane,Santa Tresa,"red fruit, earth, oak, non oak, spices, microbio, black fruit, citrus fruit, vegetal, dried fruit, tropical fruit, tree fruit","Beef, Pasta, Lamb","Primitivo, Aglianico, Negroamaro, Nero d'Avola"
Domaine de Montille Volnay 1er Cru 'Les Taillepieds' 2021,France,265,4.2,images/Domaine_de_Montille_Volnay_1er_Cru_Les_Taillepieds.png,images/bottle_Domaine_de_Montille_Volnay_1er_Cru_Les_Tail.png,Volnay Premier Cru,Domaine de Montille,"red fruit, earth, oak, non oak, spices, black fruit, microbio, floral, vegetal, citrus fruit, tree fruit, dried fruit, tropical fruit","Beef, Veal, Game (deer, venison), Poultry",Pinot Noir
Quintessa Rutherford 2018,United States,266.99,4.6,images/Quintessa_Rutherford_2018.png,images/bottle_Quintessa_Rutherford_2018.png,Rutherford,Quintessa,"oak, black fruit, earth, non oak, spices, red fruit, microbio, floral, dried fruit, vegetal, tree fruit, citrus fruit, tropical fruit","Beef, Lamb, Game (deer, venison), Poultry","Cabernet Sauvignon, Cabernet Franc, Malbec, Merlot, Petit Verdot"
Don Melchor Cabernet Sauvignon 2020,Chile,149.99,4.4,images/Don_Melchor_Cabernet_Sauvignon_2020.png,images/bottle_Don_Melchor_Cabernet_Sauvignon_2020.png,Puente Alto,Don Melchor,"oak, black fruit, earth, non oak, spices, red fruit, microbio, dried fruit, vegetal, floral, citrus fruit, tree fruit, tropical fruit","Beef, Lamb, Game (deer, venison), Poultry",Cabernet Sauvignon
Cos d'Estournel Pagodes de Cos 2009,France,119.99,4.2,images/Cos_dEstournel_Pagodes_de_Cos_2009.png,images/bottle_Cos_dEstournel_Pagodes_de_Cos_2009.png,Saint-Estèphe,Cos d'Estournel,"oak, black fruit, earth, non oak, spices, red fruit, microbio, vegetal, dried fruit, floral, citrus fruit, tree fruit, tropical fruit","Beef, Lamb, Game (deer, venison), Poultry","Cabernet Sauvignon, Cabernet Franc, Malbec, Merlot, Petit Verdot, Carménère"
Moone-Tsai Hillside Blend 2019,United States,175,4.5,images/Moone_Tsai_Hillside_Blend_2019.png,images/bottle_Moone_Tsai_Hillside_Blend_2019.png,Howell Mountain,Moone-Tsai,"oak, black fruit, earth, non oak, red fruit, spices, microbio, dried fruit, tree fruit, citrus fruit, floral, tropical fruit, vegetal","Beef, Lamb, Game (deer, venison), Poultry","Cabernet Sauvignon, Cabernet Franc, Malbec, Merlot, Petit Verdot"
M. Chapoutier Domaine de Bila-Haut Occultum Lapidem 2014,France,64.99,3.8,images/M_Chapoutier_Domaine_de_Bila_Haut_Occultum_Lapidem.png,images/bottle_M_Chapoutier_Domaine_de_Bila_Haut_Occultum_.png,Côtes du Roussillon Villages 'Latour de France',M. Chapoutier,"black fruit, earth, oak, spices, red fruit, non oak, microbio, floral, dried fruit, vegetal, tree fruit, citrus fruit, tropical fruit","Beef, Pasta, Veal","Shiraz/Syrah, Grenache, Mourvedre"
Protos Reserva 5 Año 2018,Spain,39.99,4.2,images/Protos_Reserva_5_Ao_2018.png,images/bottle_Protos_Reserva_5_Ao_2018.png,Ribera del Duero,Protos,"oak, black fruit, non oak, earth, spices, red fruit, microbio, dried fruit, floral, vegetal, citrus fruit, tree fruit, tropical fruit","Beef, Lamb, Game (deer, venison)",Tempranillo
Penfolds Bin 8 Cabernet - Shiraz 2012,Australia,29.99,3.7,images/Penfolds_Bin_8_Cabernet_Shiraz_2012.png,images/bottle_Penfolds_Bin_8_Cabernet_Shiraz_2012.png,South Australia,Penfolds,"oak, black fruit, spices, non oak, earth, red fruit, microbio, dried fruit, floral, vegetal, citrus fruit, tree fruit, tropical fruit","Beef, Lamb, Poultry","Shiraz/Syrah, Cabernet Sauvignon"
Domaine Rostaing Côte-Rôtie Côte Blonde 1996,France,385,4.3,images/Domaine_Rostaing_Cte_Rtie_Cte_Blonde_1996.png,images/bottle_Domaine_Rostaing_Cte_Rtie_Cte_Blonde_1996.png,Côte-Rôtie,Domaine Rostaing,"earth, black fruit, oak, spices, non oak, red fruit, floral, microbio, vegetal, dried fruit, tree fruit, citrus fruit","Beef, Lamb, Game (deer, venison), Poultry","Shiraz/Syrah, Viognier"
Red Schooner Voyage 11,Argentina,99.99,4.3,images/Red_Schooner_Voyage_11.png,images/bottle_Red_Schooner_Voyage_11.png,Mendoza,Red Schooner,"oak, black fruit, non oak, red fruit, spices, earth","Beef, Lamb, Pork",Malbec
Bouchard Père & Fils Chambolle-Musigny 2021,France,110,4.1,images/Bouchard_Pre_Fils_Chambolle_Musigny_2021.png,images/bottle_Bouchard_Pre_Fils_Chambolle_Musigny_2021.png,Chambolle-Musigny,Bouchard Père & Fils,"red fruit, earth, oak, spices, non oak, floral, black fruit, microbio, dried fruit, vegetal, citrus fruit","Beef, Veal, Game (deer, venison), Poultry",Pinot Noir
Decoy Pinot Noir 2021,United States,21.99,3.8,images/Decoy_Pinot_Noir_2021.png,images/bottle_Decoy_Pinot_Noir_2021.png,California,Decoy,"red fruit, oak, earth, non oak, spices, black fruit, microbio, floral, vegetal, dried fruit, citrus fruit, tree fruit, tropical fruit","Beef, Veal, Game (deer, venison), Poultry",Pinot Noir
Auguste Clape Renaissance Cornas 2021,France,169.99,4.2,images/Auguste_Clape_Renaissance_Cornas_2021.png,images/bottle_Auguste_Clape_Renaissance_Cornas_2021.png,Cornas,Auguste Clape,"earth, black fruit, oak, spices, non oak, red fruit, floral, microbio, vegetal, dried fruit, citrus fruit","Beef, Lamb, Game (deer, venison), Poultry",Shiraz/Syrah
Laurel Glen Counterpoint Cabernet Sauvignon 1995,United States,88,4.1,images/Laurel_Glen_Counterpoint_Cabernet_Sauvignon_1995.png,images/bottle_Laurel_Glen_Counterpoint_Cabernet_Sauvignon.png,Sonoma Mountain,Laurel Glen,"oak, black fruit, red fruit, earth, non oak, spices, dried fruit, citrus fruit, vegetal, microbio, floral, tree fruit, tropical fruit","Beef, Lamb, Game (deer, venison)",Cabernet Sauvignon
Chopo Monastrell 2018,Spain,13.99,3.7,images/Chopo_Monastrell_2018.png,images/bottle_Chopo_Monastrell_2018.png,Jumilla,Chopo,"black fruit, oak, red fruit, spices, earth, non oak, microbio, dried fruit, tree fruit, floral, vegetal, citrus fruit","Beef, Pasta, Lamb, Game (deer, venison)",Mourvedre
R. López de Heredia Viña Cubillo 2016,Spain,37,4.1,images/R_Lpez_de_Heredia_Via_Cubillo_2016.png,images/bottle_R_Lpez_de_Heredia_Via_Cubillo_2016.png,Rioja Alta,R. López de Heredia,"oak, earth, red fruit, non oak, spices, black fruit, microbio, dried fruit, vegetal, floral, citrus fruit, tree fruit, tropical fruit","Beef, Lamb, Veal, Poultry","Tempranillo, Graciano, Garnacha"
Château Beaumont Haut-Médoc 2014,France,15,3.7,images/Chteau_Beaumont_Haut_Mdoc_2014.png,images/bottle_Chteau_Beaumont_Haut_Mdoc_2014.png,Haut-Médoc,Château Beaumont,"oak, black fruit, earth, non oak, red fruit, spices, microbio, floral, dried fruit, vegetal, citrus fruit, tree fruit, tropical fruit","Beef, Lamb, Game (deer, venison)","Cabernet Sauvignon, Cabernet Franc, Malbec, Merlot, Petit Verdot, Carménère"
Franco Amoroso Barolo 2020,Italy,31.99,3.8,images/Franco_Amoroso_Barolo_2020.png,images/bottle_Franco_Amoroso_Barolo_2020.png,Barolo,Franco Amoroso,"red fruit, earth, oak, black fruit, spices, non oak, floral, microbio, citrus fruit, dried fruit, tree fruit, vegetal, tropical fruit","Beef, Pasta, Lamb, Game (deer, venison)",Nebbiolo
Piero Busso San Stunet S. Stefanetto Barbaresco 2021,Italy,90,4.3,images/Piero_Busso_San_Stunet_S_Stefanetto_Barbaresco_202.png,images/bottle_Piero_Busso_San_Stunet_S_Stefanetto_Barbare.png,Barbaresco,Piero Busso,"red fruit, earth, oak, spices, non oak, black fruit, microbio, floral, vegetal, dried fruit, citrus fruit, tree fruit","Beef, Pasta, Lamb, Game (deer, venison)",Nebbiolo
Diamond Creek Red Rock Terrace Cabernet Sauvignon 1990,United States,985,4.5,images/Diamond_Creek_Red_Rock_Terrace_Cabernet_Sauvignon_.png,images/bottle_Diamond_Creek_Red_Rock_Terrace_Cabernet_Sau.png,Napa Valley,Diamond Creek,"black fruit, oak, earth, non oak, red fruit, spices, floral, microbio, dried fruit, citrus fruit, vegetal, tropical fruit","Beef, Lamb, Game (deer, venison), Mature and hard cheese, Poultry",Cabernet Sauvignon
Yatir Winery Forest 2021,Israel,99.99,4.4,images/Yatir_Winery_Forest_2021.png,images/bottle_Yatir_Winery_Forest_2021.png,Judean Hills,Yatir Winery,"oak, black fruit, earth, spices, red fruit, non oak, microbio, vegetal, dried fruit, floral, tree fruit","Beef, Pasta, Lamb, Game (deer, venison), Any junk food will do, Cured Meat",
Château Croix de Labrie Saint-Émilion Grand Cru 2022,France,115,4.4,images/Chteau_Croix_de_Labrie_Saint_milion_Grand_Cru_2022.png,images/bottle_Chteau_Croix_de_Labrie_Saint_milion_Grand_C.png,Saint-Émilion Grand Cru,Château Croix de Labrie,"oak, black fruit, earth, non oak, red fruit, spices, microbio, dried fruit, floral, vegetal, citrus fruit, tree fruit","Beef, Lamb, Game (deer, venison), Poultry","Cabernet Sauvignon, Cabernet Franc, Malbec, Merlot, Petit Verdot, Carménère"
Mollydooker The Boxer Shiraz 2021,Australia,26.99,4.1,images/Mollydooker_The_Boxer_Shiraz_2021.png,images/bottle_Mollydooker_The_Boxer_Shiraz_2021.png,McLaren Vale,Mollydooker,"oak, black fruit, spices, non oak, earth, red fruit, microbio, dried fruit, vegetal, floral, citrus fruit, tree fruit, tropical fruit","Beef, Lamb, Game (deer, venison)",Shiraz/Syrah
Heitz Cellar Lot C-91 1991,United States,99.99,4.4,images/Heitz_Cellar_Lot_C_91_1991.png,images/bottle_Heitz_Cellar_Lot_C_91_1991.png,Napa Valley,Heitz Cellar,"oak, black fruit, red fruit, earth, non oak, spices, dried fruit, microbio, floral, vegetal, tropical fruit, citrus fruit","Beef, Lamb, Game (deer, venison), Mature and hard cheese, Poultry",Cabernet Sauvignon
Peter Michael L'Esprit Des Pavots 2021,United States,143.99,4.5,images/Peter_Michael_LEsprit_Des_Pavots_2021.png,images/bottle_Peter_Michael_LEsprit_Des_Pavots_2021.png,Knights Valley,Peter Michael,"oak, black fruit, earth, non oak, red fruit, spices, microbio, floral, vegetal, tree fruit, dried fruit, tropical fruit, citrus fruit","Beef, Lamb, Game (deer, venison), Poultry","Cabernet Sauvignon, Cabernet Franc, Malbec, Merlot, Petit Verdot, Carménère"
Haut des Terres Blanches Châteauneuf-du-Pape Rouge 1978,France,240,4.1,images/Haut_des_Terres_Blanches_Chteauneuf_du_Pape_Rouge_.jpg,,Châteauneuf-du-Pape,Haut des Terres Blanches,"oak, earth, black fruit, non oak, spices, red fruit, microbio, dried fruit, vegetal, citrus fruit, floral, tree fruit","Lamb, Pork, Poultry","Shiraz/Syrah, Mourvedre, Counoise, Cinsaut, Vaccareze, Muscardin"
Samuel Robert Conscious Pinot Noir 2023,United States,17.97,3.9,images/Samuel_Robert_Conscious_Pinot_Noir_2023.png,images/bottle_Samuel_Robert_Conscious_Pinot_Noir_2023.png,Willamette Valley,Samuel Robert,"red fruit, oak, earth, non oak, black fruit, spices, dried fruit, microbio, tree fruit, citrus fruit","Beef, Veal, Game (deer, venison), Poultry",Pinot Noir
Snowden The Ranch Cabernet Sauvignon 2022,United States,70,4.1,images/Snowden_The_Ranch_Cabernet_Sauvignon_2022.png,images/bottle_Snowden_The_Ranch_Cabernet_Sauvignon_2022.png,Napa Valley,Snowden,"black fruit, oak, earth, non oak, spices, red fruit, microbio, dried fruit, floral, citrus fruit, vegetal","Beef, Lamb, Game (deer, venison), Mature and hard cheese, Poultry",Cabernet Sauvignon
Château Le Prieuré Saint-Émilion Grand Cru (Grand Cru Classé) 2019,France,74.99,4,images/Chteau_Le_Prieur_Saint_milion_Grand_Cru_Grand_Cru_.png,images/bottle_Chteau_Le_Prieur_Saint_milion_Grand_Cru_Gra.png,Saint-Émilion Grand Cru,Château Le Prieuré,"oak, earth, black fruit, non oak, spices, red fruit, microbio, dried fruit, floral, vegetal, citrus fruit","Beef, Lamb, Game (deer, venison), Poultry","Cabernet Sauvignon, Cabernet Franc, Malbec, Merlot, Petit Verdot, Carménère"
Protos 27 Ribera del Duero 2021,Spain,42.99,4.1,images/Protos_27_Ribera_del_Duero_2021.png,images/bottle_Protos_27_Ribera_del_Duero_2021.png,Ribera del Duero,Protos,"oak, black fruit, non oak, spices, earth, red fruit, microbio, dried fruit, floral, vegetal, citrus fruit, tree fruit","Beef, Lamb, Game (deer, venison)",Tempranillo
Turnbull Black Label Cabernet Sauvignon 2021,United States,180,4.6,images/Turnbull_Black_Label_Cabernet_Sauvignon_2021.png,images/bottle_Turnbull_Black_Label_Cabernet_Sauvignon_202.png,Oakville,Turnbull,"oak, black fruit, non oak, earth, red fruit, spices, floral, dried fruit, vegetal, microbio, tree fruit, citrus fruit","Beef, Lamb, Game (deer, venison), Mature and hard cheese, Poultry",Cabernet Sauvignon
Diamond Creek Gravelly Meadow Cabernet Sauvignon 1979,United States,985,4.5,images/Diamond_Creek_Gravelly_Meadow_Cabernet_Sauvignon_1.png,images/bottle_Diamond_Creek_Gravelly_Meadow_Cabernet_Sauv.png,Napa Valley,Diamond Creek,"oak, earth, black fruit, non oak, red fruit, spices, microbio, vegetal, floral, dried fruit, citrus fruit, tree fruit, tropical fruit","Beef, Lamb, Game (deer, venison), Mature and hard cheese, Poultry",Cabernet Sauvignon
Domaine Faiveley Clos de Vougeot Grand Cru 2020,France,250,4.3,images/Domaine_Faiveley_Clos_de_Vougeot_Grand_Cru_2020.png,images/bottle_Domaine_Faiveley_Clos_de_Vougeot_Grand_Cru_.png,Clos Vougeot Grand Cru,Domaine Faiveley,"red fruit, earth, oak, spices, black fruit, non oak, microbio, floral, dried fruit, vegetal, tree fruit, citrus fruit, tropical fruit","Beef, Veal, Game (deer, venison), Poultry",Pinot Noir
Angeline Pinot Noir 2017,United States,10.56,3.6,images/Angeline_Pinot_Noir_2017.png,images/bottle_Angeline_Pinot_Noir_2017.png,California,Angeline,"red fruit, oak, non oak, black fruit, earth, spices, microbio, dried fruit, citrus fruit, tree fruit, vegetal, floral, tropical fruit","Beef, Veal, Game (deer, venison), Poultry",Pinot Noir
Bodegas Marqués de Cáceres Gran Reserva Vendimia Seleccionada 2015,Spain,29.99,4.2,images/Bodegas_Marqus_de_Cceres_Gran_Reserva_Vendimia_Sel.png,images/bottle_Bodegas_Marqus_de_Cceres_Gran_Reserva_Vendi.png,Rioja,Bodegas Marqués de Cáceres,"oak, non oak, earth, black fruit, spices, red fruit, dried fruit, microbio, floral, vegetal, citrus fruit, tree fruit, tropical fruit","Beef, Lamb, Veal, Poultry","Tempranillo, Graciano, Garnacha"
Delas Les Launes Crozes-Hermitage 2020,France,25,3.9,images/Delas_Les_Launes_Crozes_Hermitage_2020.png,images/bottle_Delas_Les_Launes_Crozes_Hermitage_2020.png,Crozes-Hermitage,Delas,"black fruit, oak, spices, earth, red fruit, non oak, floral, microbio, vegetal, dried fruit, citrus fruit, tree fruit, tropical fruit","Beef, Lamb, Game (deer, venison), Poultry",Shiraz/Syrah
Domaine Denis Bachelet Vieilles Vignes Gevrey-Chambertin 1999,France,336,4.2,images/Domaine_Denis_Bachelet_Vieilles_Vignes_Gevrey_Cham.png,images/bottle_Domaine_Denis_Bachelet_Vieilles_Vignes_Gevr.png,Gevrey-Chambertin,Domaine Denis Bachelet,"red fruit, earth, oak, black fruit, non oak, spices, microbio, floral, vegetal, dried fruit, tree fruit, citrus fruit","Beef, Veal, Game (deer, venison), Poultry",Pinot Noir
Monticello Vineyards Cabernet Sauvignon Jefferson Cuvée 1999,United States,55,4.1,images/Monticello_Vineyards_Cabernet_Sauvignon_Jefferson_.png,images/bottle_Monticello_Vineyards_Cabernet_Sauvignon_Jef.png,Napa Valley,Monticello Vineyards,"oak, non oak, red fruit, black fruit, earth, spices, microbio, vegetal, floral, dried fruit","Beef, Lamb, Game (deer, venison), Mature and hard cheese, Poultry",Cabernet Sauvignon
Duckhorn Patzimaro Vineyard Cabernet Sauvignon 1999,United States,156,4.4,images/Duckhorn_Patzimaro_Vineyard_Cabernet_Sauvignon_199.png,images/bottle_Duckhorn_Patzimaro_Vineyard_Cabernet_Sauvig.png,Napa Valley,Duckhorn,"oak, earth, black fruit, non oak, spices, red fruit, microbio, vegetal, floral, dried fruit, citrus fruit, tree fruit, tropical fruit","Beef, Lamb, Game (deer, venison), Mature and hard cheese, Poultry",Cabernet Sauvignon
SIMI Pinot Noir 2022,United States,16.99,3.8,images/SIMI_Pinot_Noir_2022.png,images/bottle_SIMI_Pinot_Noir_2022.png,Sonoma County,SIMI,"red fruit, oak, non oak, earth, black fruit, spices, microbio, dried fruit, vegetal, citrus fruit, floral, tropical fruit","Beef, Veal, Game (deer, venison), Poultry",Pinot Noir
Ruffino Modus Toscana 2019,Italy,30.99,4.1,images/Ruffino_Modus_Toscana_2019.png,images/bottle_Ruffino_Modus_Toscana_2019.png,Toscana,Ruffino,"oak, earth, black fruit, non oak, red fruit, spices, microbio, dried fruit, vegetal, floral, citrus fruit, tree fruit","Beef, Lamb, Veal, Poultry, Cured Meat","Cabernet Sauvignon, Merlot, Sangiovese, Canaiolo Nero"
Giulia Negri Serradenari Barolo 2021,Italy,99,4.2,images/Giulia_Negri_Serradenari_Barolo_2021.png,images/bottle_Giulia_Negri_Serradenari_Barolo_2021.png,Barolo,Giulia Negri,"earth, oak, non oak, black fruit, red fruit, spices, microbio, dried fruit, floral, vegetal, citrus fruit, tree fruit","Beef, Pasta, Lamb, Game (deer, venison)",Nebbiolo
Abadía Retuerta Selección Especial 2020,Spain,49.99,4.3,images/Abada_Retuerta_Seleccin_Especial_2020.png,images/bottle_Abada_Retuerta_Seleccin_Especial_2020.png,Abadía Retuerta,Abadía Retuerta,"oak, black fruit, non oak, earth, spices, red fruit, microbio, dried fruit, floral, vegetal, citrus fruit, tree fruit, tropical fruit","Beef, Pasta, Veal, Poultry","Grenache, Tempranillo"
I Vigneri Vinupetra 2022,Italy,65,4.2,images/I_Vigneri_Vinupetra_2022.png,images/bottle_I_Vigneri_Vinupetra_2022.png,Etna,I Vigneri,"earth, oak, red fruit, black fruit, non oak, spices, floral, dried fruit, microbio, vegetal, citrus fruit, tree fruit","Beef, Pasta, Lamb","Primitivo, Aglianico, Negroamaro, Nero d'Avola"
Seven Hills Cabernet Sauvignon 2008,United States,25.99,3.9,images/Seven_Hills_Cabernet_Sauvignon_2008.png,images/bottle_Seven_Hills_Cabernet_Sauvignon_2008.png,Walla Walla Valley,Seven Hills,"oak, black fruit, earth, red fruit, non oak, spices, microbio, vegetal, dried fruit, tree fruit, floral, citrus fruit","Beef, Lamb, Game (deer, venison), Poultry",Cabernet Sauvignon
Château Croix Mouton Bordeaux Supérieur 2016,France,20,3.7,images/Chteau_Croix_Mouton_Bordeaux_Suprieur_2016.png,images/bottle_Chteau_Croix_Mouton_Bordeaux_Suprieur_2016.png,Bordeaux Supérieur,Château Croix Mouton,"oak, black fruit, earth, red fruit, non oak, spices, microbio, floral, dried fruit, vegetal, citrus fruit, tree fruit, tropical fruit","Beef, Veal, Game (deer, venison), Poultry","Cabernet Sauvignon, Cabernet Franc, Malbec, Merlot, Petit Verdot, Carménère"
Post & Beam Cabernet Sauvignon 2022,United States,39.99,4.2,images/Post_Beam_Cabernet_Sauvignon_2022.png,images/bottle_Post_Beam_Cabernet_Sauvignon_2022.png,Napa Valley,Post & Beam,"black fruit, oak, red fruit, non oak, spices, earth, microbio, dried fruit, floral, vegetal, tree fruit","Beef, Lamb, Game (deer, venison), Mature and hard cheese, Poultry",Cabernet Sauvignon
Frédéric Magnien Chambolle-Musigny Vieilles Vignes 2022,France,142,4.1,images/Frdric_Magnien_Chambolle_Musigny_Vieilles_Vignes_2.png,images/bottle_Frdric_Magnien_Chambolle_Musigny_Vieilles_V.png,Chambolle-Musigny,Frédéric Magnien,"red fruit, earth, oak, black fruit, non oak, spices, microbio, floral, dried fruit, citrus fruit, vegetal, tree fruit","Beef, Veal, Game (deer, venison), Poultry",Pinot Noir
Robert Mondavi Private Selection Vint Merlot 2017,United States,12.72,3.7,images/Robert_Mondavi_Private_Selection_Vint_Merlot_2017.png,images/bottle_Robert_Mondavi_Private_Selection_Vint_Merlo.png,California,Robert Mondavi Private Selection,"oak, red fruit, black fruit, non oak, earth, spices, microbio, dried fruit, tree fruit, vegetal, floral, citrus fruit, tropical fruit","Beef, Lamb, Veal",Merlot
Dei Vino Nobile di Montepulciano 2019,Italy,25.99,4.1,images/Dei_Vino_Nobile_di_Montepulciano_2019.png,images/bottle_Dei_Vino_Nobile_di_Montepulciano_2019.png,Vino Nobile di Montepulciano,Dei,"oak, red fruit, earth, black fruit, non oak, spices, microbio, dried fruit, floral, vegetal, citrus fruit, tree fruit","Beef, Game (deer, venison), Poultry","Sangiovese, Canaiolo Nero"
Château Peybonhomme Les Tours Cru de Prestige Blaye - Côtes de Bordeaux 2022,France,25,3.5,images/Chteau_Peybonhomme_Les_Tours_Cru_de_Prestige_Blaye.jpg,,Blaye - Côtes de Bordeaux,Château Peybonhomme Les Tours,"earth, oak, black fruit, red fruit, non oak, spices, floral, vegetal, microbio, dried fruit, tree fruit, citrus fruit","Beef, Veal, Game (deer, venison), Poultry","Cabernet Sauvignon, Cabernet Franc, Malbec, Merlot, Petit Verdot, Carménère"
R. López de Heredia Viña Tondonia Gran Reserva 1978,Spain,549.99,4.4,images/R_Lpez_de_Heredia_Via_Tondonia_Gran_Reserva_1978.png,images/bottle_R_Lpez_de_Heredia_Via_Tondonia_Gran_Reserva.png,Rioja,R. López de Heredia,"oak, earth, non oak, red fruit, spices, black fruit, microbio, dried fruit, citrus fruit, floral, vegetal, tree fruit, tropical fruit","Beef, Lamb, Veal, Poultry","Tempranillo, Graciano, Garnacha"
Roberto Voerzio La Serra Barolo 2020,Italy,399.99,4.4,images/Roberto_Voerzio_La_Serra_Barolo_2020.png,images/bottle_Roberto_Voerzio_La_Serra_Barolo_2020.png,Barolo,Roberto Voerzio,"oak, earth, red fruit, black fruit, non oak, spices, microbio, floral, dried fruit, citrus fruit, vegetal","Beef, Pasta, Lamb, Game (deer, venison)",Nebbiolo
Laurent Miquel Solas Pinot Noir 2023,France,15.99,3.5,images/Laurent_Miquel_Solas_Pinot_Noir_2023.png,images/bottle_Laurent_Miquel_Solas_Pinot_Noir_2023.png,Pays d'Oc,Laurent Miquel,"red fruit, oak, earth, black fruit, non oak, spices, microbio, floral, vegetal, dried fruit, citrus fruit, tree fruit","Beef, Pasta, Veal","Shiraz/Syrah, Grenache, Mourvedre"
Allegrini Amarone della Valpolicella Classico 2018,Italy,63.99,4.4,images/Allegrini_Amarone_della_Valpolicella_Classico_2018.png,images/bottle_Allegrini_Amarone_della_Valpolicella_Classi.png,Amarone della Valpolicella Classico,Allegrini,"oak, black fruit, earth, non oak, red fruit, dried fruit, spices, microbio, floral, vegetal, citrus fruit, tree fruit, tropical fruit","Beef, Lamb, Game (deer, venison), Blue cheese","Corvina, Rondinella, Corvinone"
Decoy Limited Pinot Noir 2019,United States,25.99,4,images/Decoy_Limited_Pinot_Noir_2019.png,images/bottle_Decoy_Limited_Pinot_Noir_2019.png,Sonoma Coast,Decoy,"red fruit, oak, non oak, spices, black fruit, earth, microbio, floral, vegetal, dried fruit, citrus fruit","Veal, Pork, Poultry, Mushrooms",Pinot Noir
Marchesi di Barolo Barolo (Tradizione) 2018,Italy,49.99,4.2,images/Marchesi_di_Barolo_Barolo_Tradizione_2018.png,images/bottle_Marchesi_di_Barolo_Barolo_Tradizione_2018.png,Barolo,Marchesi di Barolo,"oak, earth, red fruit, non oak, spices, black fruit, microbio, dried fruit, floral, vegetal, citrus fruit, tree fruit, tropical fruit","Beef, Pasta, Lamb, Game (deer, venison)",Nebbiolo
Domaine du Pelican Trois Cepages Arbois 2023,France,50,4,images/Domaine_du_Pelican_Trois_Cepages_Arbois_2023.png,images/bottle_Domaine_du_Pelican_Trois_Cepages_Arbois_202.png,Arbois,Domaine du Pelican,"red fruit, earth, oak, non oak, microbio, spices, black fruit, floral, citrus fruit, vegetal, tree fruit, dried fruit","Game (deer, venison), Appetizers and snacks, Mushrooms, Mild and soft cheese, Cured Meat","Pinot Noir, Trousseau, Poulsard"
JAX Vineyards Cabernet Sauvignon Y3 2023,United States,19.99,4,images/JAX_Vineyards_Cabernet_Sauvignon_Y3_2023.png,images/bottle_JAX_Vineyards_Cabernet_Sauvignon_Y3_2023.png,North Coast,JAX Vineyards,"oak, black fruit, earth, red fruit, non oak, spices, dried fruit, microbio, tree fruit, vegetal","Beef, Lamb, Game (deer, venison), Poultry",Cabernet Sauvignon
Château Angelus Saint-Émilion Grand Cru (Premier Grand Cru Classé) 2011,France,400,4.5,images/Chteau_Angelus_Saint_milion_Grand_Cru_Premier_Gran.png,images/bottle_Chteau_Angelus_Saint_milion_Grand_Cru_Premi.png,Saint-Émilion Grand Cru,Château Angelus,"oak, earth, black fruit, non oak, spices, red fruit, microbio, dried fruit, floral, vegetal, citrus fruit, tree fruit, tropical fruit","Beef, Lamb, Game (deer, venison), Poultry","Cabernet Sauvignon, Cabernet Franc, Malbec, Merlot, Petit Verdot, Carménère"
Conti Costanti Brunello di Montalcino Riserva 1990,Italy,457,4.4,images/Conti_Costanti_Brunello_di_Montalcino_Riserva_1990.png,images/bottle_Conti_Costanti_Brunello_di_Montalcino_Riser.png,Brunello di Montalcino,Conti Costanti,"oak, earth, non oak, red fruit, black fruit, spices, microbio, dried fruit, vegetal, floral, citrus fruit, tree fruit","Beef, Lamb, Game (deer, venison), Poultry",Sangiovese
Quattro Mani Montepulciano d'Abruzzo 2020,Italy,14.99,3.8,images/Quattro_Mani_Montepulciano_dAbruzzo_2020.png,images/bottle_Quattro_Mani_Montepulciano_dAbruzzo_2020.png,Montepulciano d'Abruzzo,Quattro Mani,"earth, oak, red fruit, black fruit, non oak, spices, vegetal, microbio, dried fruit, floral, tropical fruit, citrus fruit","Beef, Pasta, Veal, Pork",Montepulciano
Bodegas Ronsel do Sil Vel'uveyra Mencía 2023,Spain,26,3.8,images/Bodegas_Ronsel_do_Sil_Veluveyra_Menca_2023.png,images/bottle_Bodegas_Ronsel_do_Sil_Veluveyra_Menca_2023.png,Ribeira Sacra,Bodegas Ronsel do Sil,"red fruit, earth, oak, spices, non oak, black fruit, floral, microbio, vegetal, citrus fruit, dried fruit, tree fruit","Veal, Game (deer, venison), Poultry",Mencia
The Hess Collection Allomi Cabernet Sauvignon 2021,United States,33.99,4.1,images/The_Hess_Collection_Allomi_Cabernet_Sauvignon_2021.png,images/bottle_The_Hess_Collection_Allomi_Cabernet_Sauvign.png,Napa Valley,The Hess Collection,"oak, black fruit, red fruit, non oak, spices, earth, microbio, dried fruit, floral, vegetal, citrus fruit, tree fruit, tropical fruit","Beef, Lamb, Game (deer, venison), Mature and hard cheese, Poultry",Cabernet Sauvignon
Gehricke Cabernet Sauvignon 2022,United States,39.99,4.2,images/Gehricke_Cabernet_Sauvignon_2022.png,images/bottle_Gehricke_Cabernet_Sauvignon_2022.png,Knights Valley,Gehricke,"oak, black fruit, earth, non oak, spices, red fruit, microbio, vegetal, dried fruit, tree fruit, floral, citrus fruit","Beef, Lamb, Game (deer, venison)",Cabernet Sauvignon
Bodegas Roda Roda Reserva Rioja 2019,Spain,59.99,4.2,images/Bodegas_Roda_Roda_Reserva_Rioja_2019.png,images/bottle_Bodegas_Roda_Roda_Reserva_Rioja_2019.png,Rioja,Bodegas Roda,"oak, non oak, earth, black fruit, red fruit, spices, microbio, dried fruit, floral, vegetal, citrus fruit, tree fruit","Beef, Lamb, Veal, Poultry","Tempranillo, Graciano, Garnacha"
Vermillion Red Blend 2021,United States,42,4,images/Vermillion_Red_Blend_2021.png,images/bottle_Vermillion_Red_Blend_2021.png,California,Vermillion,"red fruit, oak, black fruit, spices, earth, non oak, floral, microbio, dried fruit, citrus fruit, vegetal, tree fruit","Beef, Pasta, Lamb, Game (deer, venison)","Shiraz/Syrah, Grenache, Mourvedre"
Château de Fieuzal Pessac-Léognan (Grand Cru Classé de Graves) 2009,France,86,4.2,images/Chteau_de_Fieuzal_Pessac_Lognan_Grand_Cru_Class_de.png,images/bottle_Chteau_de_Fieuzal_Pessac_Lognan_Grand_Cru_C.png,Pessac-Léognan,Château de Fieuzal,"oak, earth, black fruit, non oak, spices, red fruit, microbio, citrus fruit, dried fruit, vegetal, floral, tree fruit, tropical fruit","Beef, Lamb, Game (deer, venison), Poultry","Cabernet Sauvignon, Cabernet Franc, Malbec, Merlot, Petit Verdot, Carménère"
Latitud 42 Crianza 2021,Spain,12.97,3.7,images/Latitud_42_Crianza_2021.jpg,,Rioja,Latitud 42,"oak, red fruit, earth, black fruit, non oak, spices, vegetal, floral, microbio, dried fruit, tree fruit, citrus fruit, tropical fruit","Beef, Lamb, Veal, Poultry","Tempranillo, Graciano, Garnacha"
Zonin Amarone della Valpolicella 2018,Italy,49.99,4.2,images/Zonin_Amarone_della_Valpolicella_2018.png,images/bottle_Zonin_Amarone_della_Valpolicella_2018.png,Amarone della Valpolicella,Zonin,"oak, black fruit, red fruit, non oak, spices, earth, dried fruit, microbio, vegetal, floral, citrus fruit, tree fruit, tropical fruit","Beef, Lamb, Game (deer, venison), Blue cheese","Corvina, Rondinella, Corvinone"
Damilano Barolo Riserva 2004,Italy,41.11,4.1,images/Damilano_Barolo_Riserva_2004.png,images/bottle_Damilano_Barolo_Riserva_2004.png,Barolo,Damilano,"earth, oak, red fruit, non oak, black fruit, spices, microbio, dried fruit, floral, citrus fruit, vegetal, tree fruit, tropical fruit","Beef, Pasta, Lamb, Game (deer, venison)",Nebbiolo
Pio Cesare Barolo 2012,Italy,114.99,4.2,images/Pio_Cesare_Barolo_2012.png,images/bottle_Pio_Cesare_Barolo_2012.png,Barolo,Pio Cesare,"earth, oak, red fruit, non oak, spices, black fruit, microbio, floral, dried fruit, vegetal, citrus fruit, tree fruit, tropical fruit","Beef, Pasta, Lamb, Game (deer, venison)",Nebbiolo
Domaine Prieuré Roch Vieilles Vignes Nuits 1er Cru 2022,France,395,4.3,images/Domaine_Prieur_Roch_Vieilles_Vignes_Nuits_1er_Cru_.png,images/bottle_Domaine_Prieur_Roch_Vieilles_Vignes_Nuits_1.png,Nuits-Saint-Georges Premier Cru,Domaine Prieuré Roch,"earth, red fruit, oak, spices, floral, non oak, microbio, black fruit, citrus fruit, vegetal, tree fruit, dried fruit, tropical fruit","Beef, Veal, Game (deer, venison), Poultry",Pinot Noir
Château Malartic-Lagravière Pessac-Léognan (Grand Cru Classé de Graves) 2016,France,139.99,4.2,images/Chteau_Malartic_Lagravire_Pessac_Lognan_Grand_Cru_.png,images/bottle_Chteau_Malartic_Lagravire_Pessac_Lognan_Gra.png,Pessac-Léognan,Château Malartic-Lagravière,"oak, black fruit, earth, non oak, spices, red fruit, microbio, citrus fruit, vegetal, floral, tree fruit, dried fruit, tropical fruit","Beef, Lamb, Game (deer, venison), Poultry","Cabernet Sauvignon, Cabernet Franc, Malbec, Merlot, Petit Verdot, Carménère"
Viña Cobos Felino Cabernet Sauvignon 2020,Argentina,14.99,4.1,images/Via_Cobos_Felino_Cabernet_Sauvignon_2020.png,images/bottle_Via_Cobos_Felino_Cabernet_Sauvignon_2020.png,Mendoza,Viña Cobos,"oak, black fruit, earth, non oak, red fruit, spices, dried fruit, microbio, vegetal, floral, citrus fruit, tree fruit","Beef, Lamb, Poultry",Cabernet Sauvignon
Gaía Monograph Agiorgitiko 2023,Greece,14.99,3.6,images/Gaa_Monograph_Agiorgitiko_2023.png,images/bottle_Gaa_Monograph_Agiorgitiko_2023.png,Nemea,Gaía,"red fruit, black fruit, spices, oak, earth, non oak, vegetal, dried fruit, floral, microbio, citrus fruit, tree fruit","Beef, Lamb, Veal, Game (deer, venison)",Agiorgitiko
Folk Machine Parts & Labor 2023,United States,22,3.7,images/Folk_Machine_Parts_Labor_2023.png,images/bottle_Folk_Machine_Parts_Labor_2023.png,California,Folk Machine,"red fruit, oak, earth, black fruit, spices, non oak, microbio, citrus fruit, tree fruit, vegetal, floral, dried fruit, tropical fruit","Beef, Pork, Poultry, Any junk food will do",Carignan
Donum Russian River Estate Pinot Noir 2022,United States,95,4.4,images/Donum_Russian_River_Estate_Pinot_Noir_2022.png,images/bottle_Donum_Russian_River_Estate_Pinot_Noir_2022.png,Russian River Valley,Donum,"red fruit, oak, black fruit, non oak, earth, spices, microbio, floral, dried fruit, vegetal, citrus fruit, tree fruit","Veal, Pork, Poultry, Mushrooms",Pinot Noir
Domaine Drouhin-Laroze Chambertin Clos de Bèze Grand Cru 1981,France,355,4.3,images/Domaine_Drouhin_Laroze_Chambertin_Clos_de_Bze_Gran.png,images/bottle_Domaine_Drouhin_Laroze_Chambertin_Clos_de_B.png,Chambertin-Clos de Bèze Grand Cru,Domaine Drouhin-Laroze,"red fruit, earth, oak, spices, non oak, black fruit, microbio, floral, vegetal, dried fruit, citrus fruit","Beef, Veal, Game (deer, venison), Poultry",Pinot Noir
Massimo Rattalino Quarantadue 42 Barbaresco 2007,Italy,58,3.9,images/Massimo_Rattalino_Quarantadue_42_Barbaresco_2007.png,images/bottle_Massimo_Rattalino_Quarantadue_42_Barbaresco.png,Barbaresco,Massimo Rattalino,"red fruit, oak, earth, non oak, black fruit, spices, floral, dried fruit, microbio, tree fruit, citrus fruit","Beef, Pasta, Lamb, Game (deer, venison)",Nebbiolo
G.D. Vajra Langhe Nebbiolo 2023,Italy,24.99,4,images/GD_Vajra_Langhe_Nebbiolo_2023.png,images/bottle_GD_Vajra_Langhe_Nebbiolo_2023.png,Langhe,G.D. Vajra,"red fruit, earth, oak, spices, non oak, black fruit, floral, microbio, vegetal, dried fruit, citrus fruit, tree fruit, tropical fruit","Beef, Lamb, Game (deer, venison), Poultry",Nebbiolo
Sea Sun Pinot Noir 2021,United States,19.99,3.9,images/Sea_Sun_Pinot_Noir_2021.png,images/bottle_Sea_Sun_Pinot_Noir_2021.png,California,Sea Sun,"oak, red fruit, non oak, spices, black fruit, earth, microbio, dried fruit, vegetal, floral, citrus fruit, tree fruit, tropical fruit","Beef, Veal, Game (deer, venison), Poultry",Pinot Noir
Decoy Sonoma County Merlot 2021,United States,21.99,3.9,images/Decoy_Sonoma_County_Merlot_2021.png,images/bottle_Decoy_Sonoma_County_Merlot_2021.png,Sonoma County,Decoy,"oak, black fruit, red fruit, non oak, spices, earth, microbio, dried fruit, floral, vegetal, citrus fruit, tree fruit, tropical fruit","Beef, Lamb, Veal",Merlot
Folk Machine Pinot Noir 2023,United States,23,3.8,images/Folk_Machine_Pinot_Noir_2023.png,images/bottle_Folk_Machine_Pinot_Noir_2023.png,Central Coast,Folk Machine,"red fruit, earth, oak, spices, non oak, vegetal, microbio, black fruit, floral, citrus fruit, dried fruit, tree fruit","Beef, Veal, Game (deer, venison), Poultry",Pinot Noir
San Marzano I Tratturi Rosso 2023,Italy,10.99,3.7,images/San_Marzano_I_Tratturi_Rosso_2023.png,images/bottle_San_Marzano_I_Tratturi_Rosso_2023.png,Salento,San Marzano,"red fruit, black fruit, earth, oak, spices, tree fruit, floral, microbio, non oak","Beef, Pasta, Lamb","Primitivo, Aglianico, Negroamaro, Nero d'Avola"
Château Cabos Bordeaux 2021,France,17.99,3.5,images/Chteau_Cabos_Bordeaux_2021.png,images/bottle_Chteau_Cabos_Bordeaux_2021.png,Bordeaux,Château Cabos,"black fruit, oak, earth, non oak, red fruit, spices, microbio, vegetal, dried fruit, tree fruit, floral","Beef, Veal, Game (deer, venison), Poultry","Cabernet Sauvignon, Cabernet Franc, Malbec, Merlot, Petit Verdot, Carménère"
Château Smith Haut-Lafitte Le Petit Haut Lafitte Pessac-Léognan 2016,France,49.97,4.1,images/Chteau_Smith_Haut_Lafitte_Le_Petit_Haut_Lafitte_Pe.png,images/bottle_Chteau_Smith_Haut_Lafitte_Le_Petit_Haut_Laf.png,Pessac-Léognan,Château Smith Haut-Lafitte,"oak, black fruit, earth, non oak, red fruit, spices, microbio, floral, dried fruit, vegetal, citrus fruit, tree fruit, tropical fruit","Beef, Lamb, Game (deer, venison), Poultry","Cabernet Sauvignon, Cabernet Franc, Malbec, Merlot, Petit Verdot, Carménère"
Colgin Cariad 2021,United States,749.99,4.7,images/Colgin_Cariad_2021.png,images/bottle_Colgin_Cariad_2021.png,Napa Valley,Colgin,"oak, black fruit, non oak, earth, spices, red fruit, floral, dried fruit, microbio, tree fruit, vegetal, citrus fruit","Beef, Lamb, Game (deer, venison), Poultry","Cabernet Sauvignon, Cabernet Franc, Malbec, Merlot, Petit Verdot"
Laurel Glen Estate Cabernet Sauvignon 1985,United States,289,4.2,images/Laurel_Glen_Estate_Cabernet_Sauvignon_1985.png,images/bottle_Laurel_Glen_Estate_Cabernet_Sauvignon_1985.png,Sonoma Mountain,Laurel Glen,"oak, black fruit, earth, non oak, red fruit, spices, floral, vegetal, microbio, dried fruit, tropical fruit, citrus fruit","Beef, Lamb, Game (deer, venison)",Cabernet Sauvignon
Calera Pinot Noir Mills Vineyard 1996,United States,258,4.2,images/Calera_Pinot_Noir_Mills_Vineyard_1996.png,images/bottle_Calera_Pinot_Noir_Mills_Vineyard_1996.png,Mount Harlan,Calera,"red fruit, earth, oak, non oak, spices, black fruit, microbio, floral, dried fruit, vegetal, tree fruit, citrus fruit, tropical fruit","Beef, Veal, Game (deer, venison), Poultry",Pinot Noir
Château Potensac Médoc 2012,France,44.99,3.9,images/Chteau_Potensac_Mdoc_2012.png,images/bottle_Chteau_Potensac_Mdoc_2012.png,Médoc,Château Potensac,"oak, earth, black fruit, non oak, red fruit, spices, microbio, vegetal, dried fruit, floral, citrus fruit, tree fruit","Beef, Lamb, Game (deer, venison), Poultry","Cabernet Sauvignon, Cabernet Franc, Malbec, Merlot, Petit Verdot, Carménère"
Château de Pez Saint-Estèphe 2010,France,84,4.1,images/Chteau_de_Pez_Saint_Estphe_2010.png,images/bottle_Chteau_de_Pez_Saint_Estphe_2010.png,Saint-Estèphe,Château de Pez,"oak, earth, black fruit, non oak, red fruit, spices, microbio, floral, vegetal, dried fruit, tree fruit, citrus fruit, tropical fruit","Beef, Lamb, Game (deer, venison), Poultry","Cabernet Sauvignon, Cabernet Franc, Malbec, Merlot, Petit Verdot, Carménère"
Domaine Perrot-Minot Morey-Saint-Denis 'La Rue de Vergy' 1990,France,320,4.3,images/Domaine_Perrot_Minot_Morey_Saint_Denis_La_Rue_de_V.png,images/bottle_Domaine_Perrot_Minot_Morey_Saint_Denis_La_R.png,Morey-Saint-Denis,Domaine Perrot-Minot,"red fruit, earth, oak, non oak, spices, black fruit, microbio, floral, dried fruit, vegetal, citrus fruit, tree fruit","Beef, Veal, Game (deer, venison), Poultry",Pinot Noir
Duckhorn Estate Grown Cabernet Sauvignon 1997,United States,189,4.2,images/Duckhorn_Estate_Grown_Cabernet_Sauvignon_1997.png,images/bottle_Duckhorn_Estate_Grown_Cabernet_Sauvignon_19.png,Napa Valley,Duckhorn,"oak, black fruit, earth, non oak, red fruit, spices, microbio, vegetal, floral, citrus fruit, dried fruit, tree fruit, tropical fruit","Beef, Lamb, Game (deer, venison), Mature and hard cheese, Poultry",Cabernet Sauvignon
Kapcsandy State Lane Vineyard Estate Cuvée 2018,United States,155,4.4,images/Kapcsandy_State_Lane_Vineyard_Estate_Cuve_2018.png,images/bottle_Kapcsandy_State_Lane_Vineyard_Estate_Cuve_2.png,Yountville,Kapcsandy,"oak, black fruit, earth, non oak, red fruit, spices, microbio, floral, vegetal, dried fruit, tree fruit, citrus fruit","Beef, Lamb, Game (deer, venison), Poultry","Cabernet Sauvignon, Cabernet Franc, Malbec, Merlot, Petit Verdot"
Barista Pinotage 2022,South Africa,18.99,3.8,images/Barista_Pinotage_2022.png,images/bottle_Barista_Pinotage_2022.png,Western Cape,Barista,"oak, non oak, earth, black fruit, red fruit, spices, microbio, dried fruit, vegetal, floral, tropical fruit, tree fruit, citrus fruit","Beef, Game (deer, venison), Poultry",Pinotage
Torre de Oña Finca San Martín Crianza 2017,Spain,24.99,3.8,images/Torre_de_Oa_Finca_San_Martn_Crianza_2017.png,images/bottle_Torre_de_Oa_Finca_San_Martn_Crianza_2017.png,Rioja,Torre de Oña,"oak, red fruit, non oak, spices, earth, black fruit, microbio, dried fruit, floral, vegetal, citrus fruit, tropical fruit, tree fruit","Beef, Lamb, Veal, Poultry","Tempranillo, Graciano, Garnacha"
Château Calon-Ségur Marquis de Calon Saint-Estèphe 2016,France,47,4,images/Chteau_Calon_Sgur_Marquis_de_Calon_Saint_Estphe_20.png,images/bottle_Chteau_Calon_Sgur_Marquis_de_Calon_Saint_Es.png,Saint-Estèphe,Château Calon-Ségur,"oak, black fruit, earth, non oak, red fruit, spices, microbio, floral, dried fruit, vegetal, tree fruit, citrus fruit","Beef, Lamb, Game (deer, venison), Poultry","Cabernet Sauvignon, Cabernet Franc, Malbec, Merlot, Petit Verdot, Carménère"
Louis Jadot Gevrey-Chambertin Premier Cru Clos Saint-Jacques 2023,France,225,4.2,images/Louis_Jadot_Gevrey_Chambertin_Premier_Cru_Clos_Sai.png,images/bottle_Louis_Jadot_Gevrey_Chambertin_Premier_Cru_C.png,Gevrey-Chambertin Premier Cru,Louis Jadot,"earth, red fruit, oak, black fruit, spices, non oak, microbio, floral, dried fruit, citrus fruit, vegetal","Beef, Veal, Game (deer, venison), Poultry",Pinot Noir
Familia Torres Gran Coronas Reserva Cabernet Sauvignon 2019,Spain,20.99,3.9,images/Familia_Torres_Gran_Coronas_Reserva_Cabernet_Sauvi.png,images/bottle_Familia_Torres_Gran_Coronas_Reserva_Caberne.png,Penedès,Familia Torres,"oak, black fruit, earth, non oak, spices, red fruit, microbio, dried fruit, vegetal, floral, citrus fruit, tree fruit, tropical fruit","Beef, Lamb, Poultry",Cabernet Sauvignon
Más Que Vinos Los Conejos Malditos Tempranillo Carbónico 2023,Spain,12.99,3.8,images/Ms_Que_Vinos_Los_Conejos_Malditos_Tempranillo_Carb.png,images/bottle_Ms_Que_Vinos_Los_Conejos_Malditos_Tempranil.png,Castilla,Más Que Vinos,"red fruit, oak, earth, non oak, black fruit, spices, dried fruit, microbio, vegetal, citrus fruit, floral, tree fruit, tropical fruit","Beef, Lamb, Veal, Poultry",Tempranillo
Decoy California Red Wine 2021,United States,21.99,3.9,images/Decoy_California_Red_Wine_2021.png,images/bottle_Decoy_California_Red_Wine_2021.png,California,Decoy,"oak, black fruit, red fruit, non oak, spices, earth, microbio, dried fruit, vegetal, floral, tree fruit, citrus fruit, tropical fruit","Beef, Lamb, Veal, Poultry","Shiraz/Syrah, Cabernet Sauvignon, Merlot, Zinfandel"
Poggio Al Tesoro Bolgheri Il Seggio 2021,Italy,49.99,4.1,images/Poggio_Al_Tesoro_Bolgheri_Il_Seggio_2021.png,images/bottle_Poggio_Al_Tesoro_Bolgheri_Il_Seggio_2021.png,Bolgheri,Poggio Al Tesoro,"oak, black fruit, earth, non oak, spices, red fruit, microbio, vegetal, dried fruit, floral, citrus fruit, tropical fruit, tree fruit","Beef, Pasta, Lamb, Veal, Game (deer, venison)","Cabernet Sauvignon, Merlot, Sangiovese"
Borgogno Barolo 2015,Italy,60.19,4.1,images/Borgogno_Barolo_2015.png,images/bottle_Borgogno_Barolo_2015.png,Barolo,Borgogno,"earth, oak, red fruit, non oak, black fruit, spices, microbio, floral, dried fruit, vegetal, citrus fruit, tree fruit, tropical fruit","Beef, Pasta, Lamb, Game (deer, venison)",Nebbiolo
Mollydooker Blue Eyed Boy Shiraz 2021,Australia,49.99,4.2,images/Mollydooker_Blue_Eyed_Boy_Shiraz_2021.png,images/bottle_Mollydooker_Blue_Eyed_Boy_Shiraz_2021.png,Langhorne Creek,Mollydooker,"black fruit, oak, spices, non oak, earth, red fruit, microbio, dried fruit, floral, vegetal, tree fruit, citrus fruit, tropical fruit","Beef, Lamb, Game (deer, venison)",Shiraz/Syrah
Brancaia Tre 2021,Italy,24.99,3.9,images/Brancaia_Tre_2021.png,images/bottle_Brancaia_Tre_2021.png,Toscana,Brancaia,"oak, red fruit, earth, black fruit, non oak, spices, microbio, vegetal, floral, dried fruit, citrus fruit, tree fruit","Beef, Lamb, Veal, Poultry, Cured Meat","Cabernet Sauvignon, Merlot, Sangiovese, Canaiolo Nero"
Domaine Faiveley Chambertin Clos de Bèze Grand Cru 1989,France,985,4.3,images/Domaine_Faiveley_Chambertin_Clos_de_Bze_Grand_Cru_.png,images/bottle_Domaine_Faiveley_Chambertin_Clos_de_Bze_Gra.png,Chambertin-Clos de Bèze Grand Cru,Domaine Faiveley,"earth, red fruit, oak, non oak, black fruit, spices, microbio, floral, dried fruit, citrus fruit, vegetal, tree fruit","Beef, Veal, Game (deer, venison), Poultry",Pinot Noir
Luberri Seis de Luberri Rioja 2023,Spain,19.99,3.8,images/Luberri_Seis_de_Luberri_Rioja_2023.png,images/bottle_Luberri_Seis_de_Luberri_Rioja_2023.png,Rioja,Luberri,"oak, red fruit, black fruit, earth, non oak, spices, microbio, floral, vegetal, dried fruit, tree fruit, citrus fruit","Beef, Lamb, Veal, Poultry","Tempranillo, Graciano, Garnacha"
Louis Jadot Marsannay 1997,France,30,3.8,images/Louis_Jadot_Marsannay_1997.png,images/bottle_Louis_Jadot_Marsannay_1997.png,Marsannay,Louis Jadot,"red fruit, earth, oak, microbio, tree fruit, black fruit, spices, non oak, citrus fruit, dried fruit, floral, vegetal, tropical fruit","Beef, Veal, Game (deer, venison), Poultry",Pinot Noir
Sandrone Barolo Aleste 2021,Italy,155,4.3,images/Sandrone_Barolo_Aleste_2021.png,images/bottle_Sandrone_Barolo_Aleste_2021.png,Barolo,Sandrone,"oak, earth, red fruit, non oak, spices, black fruit, floral, microbio, dried fruit, vegetal, citrus fruit","Beef, Pasta, Lamb, Game (deer, venison)",Nebbiolo
Domaine Marc Roy Clos Prieur Gevrey-Chambertin 2022,France,123.99,4.3,images/Domaine_Marc_Roy_Clos_Prieur_Gevrey_Chambertin_202.png,images/bottle_Domaine_Marc_Roy_Clos_Prieur_Gevrey_Chamber.png,Gevrey-Chambertin,Domaine Marc Roy,"red fruit, earth, oak, black fruit, non oak, spices, microbio, floral, dried fruit, vegetal","Beef, Veal, Game (deer, venison), Poultry",Pinot Noir
Domaine Durand (Eric & Joël) Empreintes Cornas 2022,France,44,4.1,images/Domaine_Durand_Eric_Jol_Empreintes_Cornas_2022.png,images/bottle_Domaine_Durand_Eric_Jol_Empreintes_Cornas_2.png,Cornas,Domaine Durand (Eric & Joël),"black fruit, oak, earth, spices, non oak, red fruit, microbio, vegetal, floral, dried fruit","Beef, Lamb, Game (deer, venison), Poultry",Shiraz/Syrah
Round Pond Estate Kith & Kin Cabernet Sauvignon 2018,United States,57.86,4.2,images/Round_Pond_Estate_Kith_Kin_Cabernet_Sauvignon_2018.png,images/bottle_Round_Pond_Estate_Kith_Kin_Cabernet_Sauvign.png,Napa Valley,Round Pond Estate,"oak, black fruit, non oak, red fruit, earth, spices, microbio, dried fruit, floral, vegetal, tree fruit, citrus fruit","Beef, Lamb, Game (deer, venison), Mature and hard cheese, Poultry",Cabernet Sauvignon
Las Nubes Cumulus 2020,Mexico,32.39,3.9,images/Las_Nubes_Cumulus_2020.png,images/bottle_Las_Nubes_Cumulus_2020.png,Valle de Guadalupe,Las Nubes,"oak, earth, red fruit, black fruit, non oak, spices, dried fruit, floral, citrus fruit, tree fruit, microbio",,
Red Schooner Voyage 8,Argentina,43.99,4.3,images/Red_Schooner_Voyage_8.png,images/bottle_Red_Schooner_Voyage_8.png,Mendoza,Red Schooner,"oak, black fruit, earth, non oak, red fruit, spices, dried fruit, microbio, floral, tree fruit, citrus fruit, vegetal","Beef, Lamb, Pork",Malbec
Roberto Voerzio Brunate  Barolo 2018,Italy,399.99,4.5,images/Roberto_Voerzio_Brunate_Barolo_2018.png,images/bottle_Roberto_Voerzio_Brunate_Barolo_2018.png,Barolo,Roberto Voerzio,"earth, oak, red fruit, spices, non oak, black fruit, microbio, floral, dried fruit, vegetal, citrus fruit, tree fruit","Beef, Pasta, Lamb, Game (deer, venison)",Nebbiolo
Domaine Robert Chevillon Les Vaucrains Nuits Saint Georges 1er Cru 1990,France,447,4.2,images/Domaine_Robert_Chevillon_Les_Vaucrains_Nuits_Saint.png,images/bottle_Domaine_Robert_Chevillon_Les_Vaucrains_Nuit.png,Nuits-Saint-Georges,Domaine Robert Chevillon,"earth, red fruit, oak, black fruit, spices, non oak, microbio, floral, dried fruit, vegetal, citrus fruit","Beef, Veal, Game (deer, venison), Poultry",Pinot Noir
Diora La Petite Grace Pinot Noir 2019,United States,19.99,4.1,images/Diora_La_Petite_Grace_Pinot_Noir_2019.png,images/bottle_Diora_La_Petite_Grace_Pinot_Noir_2019.png,Monterey,Diora,"oak, red fruit, non oak, black fruit, spices, earth, microbio, dried fruit, vegetal, floral, tree fruit, citrus fruit, tropical fruit","Beef, Veal, Game (deer, venison), Poultry",Pinot Noir
Cade Estate Cabernet Sauvignon Howell Mountain 2018,United States,134.99,4.6,images/Cade_Estate_Cabernet_Sauvignon_Howell_Mountain_201.png,images/bottle_Cade_Estate_Cabernet_Sauvignon_Howell_Mount.png,Howell Mountain,Cade,"oak, black fruit, earth, non oak, spices, red fruit, microbio, dried fruit, floral, vegetal, citrus fruit, tree fruit, tropical fruit","Beef, Lamb, Game (deer, venison), Mature and hard cheese, Poultry",Cabernet Sauvignon
Paul Hobbs Katherine Lindsay Estate Pinot Noir 2022,United States,118,4.5,images/Paul_Hobbs_Katherine_Lindsay_Estate_Pinot_Noir_202.png,images/bottle_Paul_Hobbs_Katherine_Lindsay_Estate_Pinot_N.png,Russian River Valley,Paul Hobbs,"red fruit, oak, non oak, earth, spices, black fruit, microbio, floral, dried fruit, vegetal, tree fruit, tropical fruit, citrus fruit","Veal, Pork, Poultry, Mushrooms",Pinot Noir
Hearst Ranch Bunkhouse Cabernet Sauvignon 2022,United States,25.99,4,images/Hearst_Ranch_Bunkhouse_Cabernet_Sauvignon_2022.png,images/bottle_Hearst_Ranch_Bunkhouse_Cabernet_Sauvignon_2.png,Paso Robles,Hearst Ranch,"oak, black fruit, non oak, red fruit, spices, earth, dried fruit, floral, microbio, vegetal, tree fruit","Beef, Lamb, Game (deer, venison)",Cabernet Sauvignon
Golan Heights Winery Mount Hermon Red 2022,Israel,12.99,3.9,images/Golan_Heights_Winery_Mount_Hermon_Red_2022.png,images/bottle_Golan_Heights_Winery_Mount_Hermon_Red_2022.png,Galilee,Golan Heights Winery,"red fruit, oak, black fruit, spices, non oak, earth, dried fruit, microbio, floral, vegetal, citrus fruit, tree fruit, tropical fruit","Beef, Pasta, Lamb, Game (deer, venison), Any junk food will do, Cured Meat",
Domaine Faiveley Latricières-Chambertin Grand Cru 1993,France,220,4.2,images/Domaine_Faiveley_Latricires_Chambertin_Grand_Cru_1.png,images/bottle_Domaine_Faiveley_Latricires_Chambertin_Gran.png,Latricières-Chambertin Grand Cru,Domaine Faiveley,"earth, red fruit, oak, spices, black fruit, microbio, non oak, floral, citrus fruit, vegetal","Beef, Veal, Game (deer, venison), Poultry",Pinot Noir
Penfolds Bin 389 Cabernet - Shiraz 2020,Australia,69.99,4.2,images/Penfolds_Bin_389_Cabernet_Shiraz_2020.png,images/bottle_Penfolds_Bin_389_Cabernet_Shiraz_2020.png,South Australia,Penfolds,"oak, black fruit, spices, non oak, earth, red fruit, microbio, dried fruit, floral, vegetal, citrus fruit, tree fruit, tropical fruit","Beef, Lamb, Poultry","Shiraz/Syrah, Cabernet Sauvignon"
Ramey Syrah 2020,United States,39.99,4.1,images/Ramey_Syrah_2020.png,images/bottle_Ramey_Syrah_2020.png,Sonoma Coast,Ramey,"oak, earth, black fruit, spices, non oak, red fruit, floral, vegetal, microbio, dried fruit, tree fruit, citrus fruit, tropical fruit","Beef, Lamb, Game (deer, venison), Poultry",Shiraz/Syrah
Henri Bonneau Châteauneuf-du-Pape Cuvée Marie Beurrier 1995,France,498,4.5,images/Henri_Bonneau_Chteauneuf_du_Pape_Cuve_Marie_Beurri.png,images/bottle_Henri_Bonneau_Chteauneuf_du_Pape_Cuve_Marie.png,Châteauneuf-du-Pape,Henri Bonneau,"oak, earth, black fruit, spices, red fruit, non oak, dried fruit, floral, microbio, tropical fruit, citrus fruit, vegetal","Lamb, Pork, Poultry","Shiraz/Syrah, Mourvedre, Counoise, Cinsaut, Vaccareze, Muscardin"
Cantina del Nebbiolo Barbaresco 2021,Italy,18.99,3.8,images/Cantina_del_Nebbiolo_Barbaresco_2021.png,images/bottle_Cantina_del_Nebbiolo_Barbaresco_2021.png,Barbaresco,Cantina del Nebbiolo,"red fruit, earth, oak, spices, microbio, non oak, black fruit, floral, dried fruit, citrus fruit, vegetal, tree fruit","Beef, Pasta, Lamb, Game (deer, venison)",Nebbiolo
Roy Estate Mr. Evans Proprietary Red 2019,United States,290,4.5,images/Roy_Estate_Mr_Evans_Proprietary_Red_2019.png,images/bottle_Roy_Estate_Mr_Evans_Proprietary_Red_2019.png,Napa Valley,Roy Estate,"oak, black fruit, earth, non oak, red fruit, spices, dried fruit, microbio, floral, citrus fruit, vegetal, tree fruit, tropical fruit","Beef, Lamb, Game (deer, venison), Poultry","Cabernet Sauvignon, Cabernet Franc, Malbec, Merlot, Petit Verdot"
Hollis Cabernet Sauvignon 2022,United States,57.99,4.2,images/Hollis_Cabernet_Sauvignon_2022.png,images/bottle_Hollis_Cabernet_Sauvignon_2022.png,Napa Valley,Hollis,"oak, black fruit, non oak, earth, spices, red fruit, microbio, floral, vegetal, dried fruit, citrus fruit","Beef, Lamb, Game (deer, venison), Mature and hard cheese, Poultry",Cabernet Sauvignon
Antiyal Red 2022,Chile,33.99,4.2,images/Antiyal_Red_2022.png,images/bottle_Antiyal_Red_2022.png,Maipo Valley,Antiyal,"oak, black fruit, non oak, earth, spices, red fruit, microbio, vegetal, dried fruit, floral",,
Larkmead Firebelle 2022,United States,100,4.5,images/Larkmead_Firebelle_2022.png,images/bottle_Larkmead_Firebelle_2022.png,Napa Valley,Larkmead,"oak, black fruit, earth, red fruit, non oak, spices, microbio, vegetal, floral, dried fruit, tree fruit, citrus fruit","Beef, Lamb, Game (deer, venison), Poultry","Cabernet Sauvignon, Cabernet Franc, Malbec, Merlot, Petit Verdot"
El Libre Malbec 2024,Argentina,12.99,3.7,images/El_Libre_Malbec_2024.png,images/bottle_El_Libre_Malbec_2024.png,Mendoza,El Libre,"black fruit, oak, red fruit, earth, non oak, spices, microbio, dried fruit, floral, vegetal","Beef, Lamb, Pork",Malbec
Elouan Pinot Noir 2021,United States,18.99,4,images/Elouan_Pinot_Noir_2021.png,images/bottle_Elouan_Pinot_Noir_2021.png,Oregon,Elouan,"red fruit, oak, earth, non oak, spices, black fruit, microbio, dried fruit, vegetal, floral, citrus fruit, tree fruit, tropical fruit","Beef, Veal, Game (deer, venison), Poultry",Pinot Noir
Muirwood Pinot Noir 2023,United States,19.97,3.7,images/Muirwood_Pinot_Noir_2023.png,images/bottle_Muirwood_Pinot_Noir_2023.png,Arroyo Seco,Muirwood,"oak, red fruit, non oak, earth, spices, black fruit, microbio, vegetal, dried fruit, tree fruit, citrus fruit, floral","Beef, Veal, Game (deer, venison), Poultry",Pinot Noir
Argyle Nuthouse Pinot Noir 2022,United States,65,4.1,images/Argyle_Nuthouse_Pinot_Noir_2022.png,images/bottle_Argyle_Nuthouse_Pinot_Noir_2022.png,Eola-Amity Hills,Argyle,"red fruit, oak, earth, non oak, spices, black fruit, microbio, floral, vegetal, tree fruit, citrus fruit","Beef, Veal, Game (deer, venison), Poultry",Pinot Noir
Firebrand Barrel Reserve Cabernet Sauvignon 2021,United States,11.97,3.6,images/Firebrand_Barrel_Reserve_Cabernet_Sauvignon_2021.jpg,,California,Firebrand,"red fruit, oak, black fruit, non oak, spices, earth, dried fruit, microbio, vegetal","Beef, Lamb, Game (deer, venison), Poultry",Cabernet Sauvignon
Domaine Trapet Latricières-Chambertin Grand Cru 2019,France,469,4.4,images/Domaine_Trapet_Latricires_Chambertin_Grand_Cru_201.png,images/bottle_Domaine_Trapet_Latricires_Chambertin_Grand_.png,Latricières-Chambertin Grand Cru,Domaine Trapet,"earth, red fruit, oak, microbio, non oak, spices, black fruit, citrus fruit, dried fruit, floral, vegetal, tree fruit","Beef, Veal, Game (deer, venison), Poultry",Pinot Noir
Gnarly Head Cabernet Sauvignon 2018,United States,12.84,3.7,images/Gnarly_Head_Cabernet_Sauvignon_2018.png,images/bottle_Gnarly_Head_Cabernet_Sauvignon_2018.png,California,Gnarly Head,"oak, black fruit, red fruit, non oak, spices, earth, microbio, dried fruit, floral, vegetal, tree fruit, citrus fruit, tropical fruit","Beef, Lamb, Game (deer, venison), Poultry",Cabernet Sauvignon
Michael David Winery Petite Petit 2016,United States,14.99,3.9,images/Michael_David_Winery_Petite_Petit_2016.png,images/bottle_Michael_David_Winery_Petite_Petit_2016.png,Lodi,Michael David Winery,"black fruit, oak, non oak, spices, earth, red fruit, dried fruit, microbio, floral, vegetal, tree fruit, citrus fruit, tropical fruit","Beef, Lamb, Veal, Poultry","Shiraz/Syrah, Cabernet Sauvignon, Merlot, Zinfandel"
Domaine Jean-Michel Stéphan Côte-Rôtie Côteaux de Tupin 2020,France,120,4.2,images/Domaine_Jean_Michel_Stphan_Cte_Rtie_Cteaux_de_Tupi.png,images/bottle_Domaine_Jean_Michel_Stphan_Cte_Rtie_Cteaux_.png,Côte-Rôtie,Domaine Jean-Michel Stéphan,"earth, oak, spices, black fruit, non oak, red fruit, floral, microbio, dried fruit, vegetal","Beef, Lamb, Game (deer, venison), Poultry","Shiraz/Syrah, Viognier"
Monte Bernardi Chianti Classico Riserva 2022,Italy,35,3.9,images/Monte_Bernardi_Chianti_Classico_Riserva_2022.png,images/bottle_Monte_Bernardi_Chianti_Classico_Riserva_202.png,Chianti Classico,Monte Bernardi,"red fruit, oak, black fruit, earth, spices, non oak, microbio, floral, vegetal, dried fruit, tropical fruit, citrus fruit","Beef, Pasta, Veal, Cured Meat",Sangiovese
Borsao Bodegas Tres Picos Garnacha 2021,Spain,19.99,4,images/Borsao_Bodegas_Tres_Picos_Garnacha_2021.png,images/bottle_Borsao_Bodegas_Tres_Picos_Garnacha_2021.png,Campo de Borja,Borsao Bodegas,"oak, black fruit, red fruit, non oak, spices, earth, microbio, dried fruit, floral, vegetal, citrus fruit, tree fruit, tropical fruit","Beef, Pasta, Lamb, Game (deer, venison), Poultry",Grenache
Giacomo Fenocchio Barolo Bussia 2013,Italy,48.62,4.2,images/Giacomo_Fenocchio_Barolo_Bussia_2013.png,images/bottle_Giacomo_Fenocchio_Barolo_Bussia_2013.png,Barolo,Giacomo Fenocchio,"earth, oak, red fruit, non oak, spices, black fruit, floral, microbio, dried fruit, vegetal, citrus fruit, tree fruit, tropical fruit","Beef, Pasta, Lamb, Game (deer, venison)",Nebbiolo
Casa Vinicola Ferrero Rivata Barbaresco 2021,Italy,25.97,3.6,images/Casa_Vinicola_Ferrero_Rivata_Barbaresco_2021.png,images/bottle_Casa_Vinicola_Ferrero_Rivata_Barbaresco_202.png,Barbaresco,Casa Vinicola Ferrero,"red fruit, oak, earth, black fruit, non oak, spices, dried fruit, floral, microbio, citrus fruit, vegetal","Beef, Pasta, Lamb, Game (deer, venison)",Nebbiolo
Pierre Girardin Éclat de Calcaire Bourgogne Pinot Noir 2022,France,48,4.1,images/Pierre_Girardin_clat_de_Calcaire_Bourgogne_Pinot_N.png,images/bottle_Pierre_Girardin_clat_de_Calcaire_Bourgogne_.png,Bourgogne,Pierre Girardin,"red fruit, earth, oak, black fruit, microbio, non oak, spices, floral, vegetal, dried fruit, tree fruit, citrus fruit","Beef, Veal, Game (deer, venison), Poultry",Pinot Noir
Francis Ford Coppola Winery Diamond Collection Claret 2021,United States,15.99,4,images/Francis_Ford_Coppola_Winery_Diamond_Collection_Cla.png,images/bottle_Francis_Ford_Coppola_Winery_Diamond_Collect.png,California,Francis Ford Coppola Winery,"oak, black fruit, red fruit, non oak, earth, spices, microbio, dried fruit, vegetal, floral, tree fruit, citrus fruit, tropical fruit","Beef, Lamb, Game (deer, venison), Poultry",Cabernet Sauvignon
Domaine Anne Gros Clos-Vougeot Grand Cru Le Grand Maupertui 1992,France,965,4.4,images/Domaine_Anne_Gros_Clos_Vougeot_Grand_Cru_Le_Grand_.png,images/bottle_Domaine_Anne_Gros_Clos_Vougeot_Grand_Cru_Le.png,Clos Vougeot Grand Cru,Domaine Anne Gros,"red fruit, earth, oak, black fruit, spices, non oak, floral, microbio, vegetal, dried fruit, citrus fruit, tropical fruit","Beef, Veal, Game (deer, venison), Poultry",Pinot Noir
Piero Busso Albesani Vigna Borgese Barbaresco 2021,Italy,90,4.3,images/Piero_Busso_Albesani_Vigna_Borgese_Barbaresco_2021.png,images/bottle_Piero_Busso_Albesani_Vigna_Borgese_Barbares.png,Barbaresco,Piero Busso,"earth, red fruit, oak, non oak, black fruit, spices, dried fruit, microbio, floral, citrus fruit, vegetal, tree fruit","Beef, Pasta, Lamb, Game (deer, venison)",Nebbiolo
La Spinetta Il Nero di Casanova Terre di Pisa Sangiovese 2015,Italy,27.99,4,images/La_Spinetta_Il_Nero_di_Casanova_Terre_di_Pisa_Sang.png,images/bottle_La_Spinetta_Il_Nero_di_Casanova_Terre_di_Pi.png,Toscana,La Spinetta,"red fruit, oak, earth, black fruit, non oak, spices, microbio, vegetal, floral, citrus fruit, dried fruit, tree fruit, tropical fruit","Beef, Lamb, Veal, Poultry, Cured Meat","Cabernet Sauvignon, Merlot, Sangiovese, Canaiolo Nero"
Château La Bourrée Castillon Côtes de Bordeaux 2022,France,19,3.7,images/Chteau_La_Bourre_Castillon_Ctes_de_Bordeaux_2022.png,images/bottle_Chteau_La_Bourre_Castillon_Ctes_de_Bordeaux.png,Castillon - Côtes de Bordeaux,Château La Bourrée,"oak, black fruit, non oak, earth, spices, red fruit, microbio, vegetal, tree fruit, dried fruit, floral, citrus fruit, tropical fruit","Beef, Veal, Game (deer, venison), Poultry","Cabernet Sauvignon, Cabernet Franc, Malbec, Merlot, Petit Verdot, Carménère"
Château Ausone Chapelle d'Ausone Saint-Émilion Grand Cru 2023,France,160,4.4,images/Chteau_Ausone_Chapelle_dAusone_Saint_milion_Grand_.png,images/bottle_Chteau_Ausone_Chapelle_dAusone_Saint_milion.png,Saint-Émilion Grand Cru,Château Ausone,"black fruit, oak, earth, non oak, spices, red fruit, microbio, vegetal, dried fruit, tropical fruit, floral","Beef, Lamb, Game (deer, venison), Poultry","Cabernet Sauvignon, Cabernet Franc, Malbec, Merlot, Petit Verdot, Carménère"
Dry Creek Vineyard Meritage 1986,United States,101,4,images/Dry_Creek_Vineyard_Meritage_1986.png,images/bottle_Dry_Creek_Vineyard_Meritage_1986.png,Dry Creek Valley,Dry Creek Vineyard,"oak, black fruit, red fruit, earth, non oak, spices, microbio, dried fruit, floral, tree fruit, vegetal, citrus fruit","Beef, Lamb, Game (deer, venison)","Cabernet Sauvignon, Cabernet Franc, Malbec, Merlot, Petit Verdot, Carménère"
Lucien Boillot & Fils Gevrey-Chambertin 2022,France,110,4,images/Lucien_Boillot_Fils_Gevrey_Chambertin_2022.png,images/bottle_Lucien_Boillot_Fils_Gevrey_Chambertin_2022.png,Gevrey-Chambertin,Lucien Boillot & Fils,"red fruit, earth, oak, spices, non oak, black fruit, microbio, vegetal, floral, dried fruit, tropical fruit, tree fruit","Beef, Veal, Game (deer, venison), Poultry",Pinot Noir
Vincent Paris Cornas 'La Geynale' 2001,France,299,4.2,images/Vincent_Paris_Cornas_La_Geynale_2001.png,images/bottle_Vincent_Paris_Cornas_La_Geynale_2001.png,Cornas,Vincent Paris,"black fruit, spices, earth, oak, non oak, red fruit, floral, dried fruit, vegetal, microbio, citrus fruit","Beef, Lamb, Game (deer, venison), Poultry",Shiraz/Syrah
Kelley Fox Mirabai Pinot Noir 2023,United States,45,4.1,images/Kelley_Fox_Mirabai_Pinot_Noir_2023.png,images/bottle_Kelley_Fox_Mirabai_Pinot_Noir_2023.png,Dundee Hills,Kelley Fox,"red fruit, earth, oak, spices, non oak, black fruit, microbio, floral, vegetal, citrus fruit, tree fruit, dried fruit","Beef, Veal, Game (deer, venison), Poultry",Pinot Noir
Penfolds Grange 1998,Australia,450,4.7,images/Penfolds_Grange_1998.png,images/bottle_Penfolds_Grange_1998.png,South Australia,Penfolds,"oak, black fruit, earth, non oak, spices, red fruit, microbio, dried fruit, floral, vegetal, citrus fruit, tree fruit, tropical fruit","Beef, Lamb, Poultry","Shiraz/Syrah, Cabernet Sauvignon"
Beronia Rioja Crianza 2020,Spain,12.99,3.8,images/Beronia_Rioja_Crianza_2020.png,images/bottle_Beronia_Rioja_Crianza_2020.png,Rioja,Beronia,"oak, non oak, spices, red fruit, earth, black fruit, microbio, floral, dried fruit, vegetal, tree fruit, citrus fruit, tropical fruit","Beef, Lamb, Veal, Poultry","Tempranillo, Graciano, Garnacha"
Hanzell Pinot Noir 1980,United States,458,4.3,images/Hanzell_Pinot_Noir_1980.png,images/bottle_Hanzell_Pinot_Noir_1980.png,Sonoma Valley,Hanzell,"red fruit, oak, earth, non oak, spices, black fruit, floral, vegetal, microbio, citrus fruit, tree fruit, dried fruit, tropical fruit","Beef, Veal, Game (deer, venison), Poultry",Pinot Noir
Hatzidakis Mavrotragano 2018,Greece,75.99,4.1,images/Hatzidakis_Mavrotragano_2018.png,images/bottle_Hatzidakis_Mavrotragano_2018.png,Santorini,Hatzidakis,"oak, earth, non oak, black fruit, red fruit, spices, microbio, dried fruit, floral, vegetal, citrus fruit, tree fruit, tropical fruit","Beef, Lamb, Veal, Game (deer, venison), Mature and hard cheese",
Opaque Darkness Red Blend 2021,United States,29.95,4.1,images/Opaque_Darkness_Red_Blend_2021.png,images/bottle_Opaque_Darkness_Red_Blend_2021.png,Paso Robles,Opaque,"oak, black fruit, non oak, spices, red fruit, earth, dried fruit, microbio, tree fruit, vegetal","Beef, Lamb, Veal, Poultry","Shiraz/Syrah, Cabernet Sauvignon, Merlot, Zinfandel"
Camp Cabernet Sauvignon 2023,United States,21,3.6,images/Camp_Cabernet_Sauvignon_2023.png,images/bottle_Camp_Cabernet_Sauvignon_2023.png,Sonoma County,Camp,"oak, earth, black fruit, non oak, red fruit, spices, vegetal, microbio, dried fruit, citrus fruit, tropical fruit, tree fruit","Beef, Lamb, Game (deer, venison)",Cabernet Sauvignon
Brotte Domaine Grosset Côtes du Rhône Villages Cairanne 2021,France,14.99,3.8,images/Brotte_Domaine_Grosset_Ctes_du_Rhne_Villages_Caira.png,images/bottle_Brotte_Domaine_Grosset_Ctes_du_Rhne_Village.png,Cairanne,Brotte,"black fruit, spices, oak, red fruit, earth, non oak, dried fruit, microbio, floral","Beef, Lamb, Game (deer, venison)","Shiraz/Syrah, Grenache, Mourvedre"
Yohan Lardy Vieilles Vignes Moulin-à-Vent 1903,France,38.3,4.1,images/Yohan_Lardy_Vieilles_Vignes_Moulin_Vent_1903.png,images/bottle_Yohan_Lardy_Vieilles_Vignes_Moulin_Vent_190.png,Moulin-à-Vent,Yohan Lardy,"red fruit, earth, spices, oak, black fruit, non oak, floral, microbio, vegetal, tropical fruit, dried fruit, tree fruit","Pasta, Veal, Pork, Poultry, Cured Meat",Gamay
Comm. G.B. Burlotto Barolo Vigneto Cannubi 2021,Italy,395,4.3,images/Comm_GB_Burlotto_Barolo_Vigneto_Cannubi_2021.png,images/bottle_Comm_GB_Burlotto_Barolo_Vigneto_Cannubi_202.png,Barolo,Comm. G.B. Burlotto,"earth, red fruit, oak, non oak, black fruit, spices, floral, microbio, vegetal, dried fruit, citrus fruit","Beef, Pasta, Lamb, Game (deer, venison)",Nebbiolo
Bogle Merlot 2017,United States,15.04,3.7,images/Bogle_Merlot_2017.png,images/bottle_Bogle_Merlot_2017.png,California,Bogle,"oak, black fruit, red fruit, non oak, spices, earth, microbio, dried fruit, vegetal, floral, tree fruit, citrus fruit, tropical fruit","Beef, Lamb, Veal",Merlot
Bernard Baudry La Croix Boissée Chinon Rouge 2021,France,56.99,4,images/Bernard_Baudry_La_Croix_Boisse_Chinon_Rouge_2021.png,images/bottle_Bernard_Baudry_La_Croix_Boisse_Chinon_Rouge.png,Chinon,Bernard Baudry,"earth, oak, red fruit, black fruit, non oak, spices, vegetal, microbio, floral, tree fruit, dried fruit, citrus fruit","Lamb, Vegetarian, Poultry, Goat's Milk Cheese",Cabernet Franc
Sabourin Frères Château Cone-Taillasson Sabourin Blaye Côtes de Bordeaux 2022,France,18.99,3.9,images/Sabourin_Frres_Chteau_Cone_Taillasson_Sabourin_Bla.png,images/bottle_Sabourin_Frres_Chteau_Cone_Taillasson_Sabou.png,Blaye - Côtes de Bordeaux,Sabourin Frères,"oak, earth, black fruit, red fruit, non oak, spices, microbio, vegetal, dried fruit, floral, tree fruit","Beef, Veal, Game (deer, venison), Poultry","Cabernet Sauvignon, Cabernet Franc, Malbec, Merlot, Petit Verdot, Carménère"
Domaine Arlaud Charmes-Chambertin Grand Cru 2021,France,329.99,4.4,images/Domaine_Arlaud_Charmes_Chambertin_Grand_Cru_2021.png,images/bottle_Domaine_Arlaud_Charmes_Chambertin_Grand_Cru.png,Charmes-Chambertin Grand Cru,Domaine Arlaud,"red fruit, oak, earth, non oak, spices, black fruit, microbio, floral, dried fruit, vegetal, tree fruit","Beef, Veal, Game (deer, venison), Poultry",Pinot Noir
Dalton Canaan Red 2023,Israel,19.99,3.7,images/Dalton_Canaan_Red_2023.png,images/bottle_Dalton_Canaan_Red_2023.png,Upper Galilee,Dalton,"black fruit, oak, red fruit, earth, non oak, spices, vegetal, microbio, floral, dried fruit","Beef, Pasta, Lamb, Game (deer, venison), Any junk food will do, Cured Meat",
Joseph Drouhin Volnay 2022,France,99.99,4,images/Joseph_Drouhin_Volnay_2022.png,images/bottle_Joseph_Drouhin_Volnay_2022.png,Volnay,Joseph Drouhin,"red fruit, oak, earth, spices, non oak, black fruit, microbio, floral, dried fruit, citrus fruit, tree fruit, vegetal","Beef, Veal, Game (deer, venison), Poultry",Pinot Noir
Bodega Numanthia Termes 2016,Spain,19.99,3.9,images/Bodega_Numanthia_Termes_2016.png,images/bottle_Bodega_Numanthia_Termes_2016.png,Toro,Bodega Numanthia,"oak, earth, black fruit, non oak, red fruit, spices, microbio, dried fruit, floral, vegetal, tree fruit, citrus fruit, tropical fruit","Beef, Lamb, Game (deer, venison)",Tempranillo
Ben Ami Zmora Cabernet Sauvignon 2023,Israel,11.99,3.7,images/Ben_Ami_Zmora_Cabernet_Sauvignon_2023.png,images/bottle_Ben_Ami_Zmora_Cabernet_Sauvignon_2023.png,Dan,Ben Ami,"black fruit, red fruit, oak, earth, non oak, dried fruit, spices, microbio, floral","Beef, Lamb, Poultry",Cabernet Sauvignon
Ornellaia Bolgheri Superiore 2001,Italy,263,4.6,images/Ornellaia_Bolgheri_Superiore_2001.png,images/bottle_Ornellaia_Bolgheri_Superiore_2001.png,Bolgheri Superiore,Ornellaia,"oak, earth, black fruit, non oak, spices, red fruit, microbio, dried fruit, floral, vegetal, citrus fruit, tropical fruit, tree fruit","Beef, Pasta, Lamb, Veal, Game (deer, venison)","Cabernet Sauvignon, Merlot, Sangiovese"
Santa Carolina Reserva Carmenère (Cachapoal Estate) 2016,Chile,10.99,3.6,images/Santa_Carolina_Reserva_Carmenre_Cachapoal_Estate_2.png,images/bottle_Santa_Carolina_Reserva_Carmenre_Cachapoal_E.png,Cachapoal Valley,Santa Carolina,"oak, spices, earth, black fruit, non oak, red fruit, vegetal, microbio, dried fruit, floral, citrus fruit, tree fruit","Beef, Pasta, Lamb, Poultry",Carménère
Terrazas de los Andes Reserva Malbec 2022,Argentina,17.99,3.8,images/Terrazas_de_los_Andes_Reserva_Malbec_2022.png,images/bottle_Terrazas_de_los_Andes_Reserva_Malbec_2022.png,Lujan de Cuyo,Terrazas de los Andes,"oak, black fruit, non oak, red fruit, spices, earth, dried fruit, microbio, floral, vegetal, tree fruit, citrus fruit, tropical fruit","Beef, Lamb",Malbec
Roberto Voerzio Rocche dell'Annunziata Torriglione Barolo 2017,Italy,625,4.5,images/Roberto_Voerzio_Rocche_dellAnnunziata_Torriglione_.png,images/bottle_Roberto_Voerzio_Rocche_dellAnnunziata_Torri.png,Barolo,Roberto Voerzio,"oak, earth, red fruit, spices, black fruit, non oak, floral, dried fruit, microbio, vegetal, citrus fruit, tree fruit","Beef, Pasta, Lamb, Game (deer, venison)",Nebbiolo
Tormaresca Primitivo Salento Torcicoda 2022,Italy,26.99,4.1,images/Tormaresca_Primitivo_Salento_Torcicoda_2022.png,images/bottle_Tormaresca_Primitivo_Salento_Torcicoda_2022.png,Salento,Tormaresca,"oak, black fruit, non oak, red fruit, spices, earth, dried fruit, microbio, vegetal, floral, tree fruit, citrus fruit, tropical fruit","Beef, Pasta, Lamb, Poultry",Primitivo
Newton Merlot Unfiltered 1994,United States,119,4.1,images/Newton_Merlot_Unfiltered_1994.png,images/bottle_Newton_Merlot_Unfiltered_1994.png,Napa Valley,Newton,"oak, black fruit, non oak, earth, spices, red fruit, microbio, dried fruit, vegetal, tree fruit, citrus fruit, floral","Beef, Lamb, Veal",Merlot
Dobbes Family Estate Grand Assemblage Pinot Noir 2022,United States,35,3.9,images/Dobbes_Family_Estate_Grand_Assemblage_Pinot_Noir_2.png,images/bottle_Dobbes_Family_Estate_Grand_Assemblage_Pinot.png,Willamette Valley,Dobbes Family Estate,"red fruit, oak, earth, non oak, spices, black fruit, microbio, dried fruit, floral, vegetal, citrus fruit, tree fruit","Beef, Veal, Game (deer, venison), Poultry",Pinot Noir
J.K. Carriere Vespidae Pinot Noir 2022,United States,53,4.2,images/JK_Carriere_Vespidae_Pinot_Noir_2022.png,images/bottle_JK_Carriere_Vespidae_Pinot_Noir_2022.png,Willamette Valley,J.K. Carriere,"red fruit, earth, oak, non oak, spices, black fruit, microbio, floral, tree fruit, vegetal, dried fruit, citrus fruit","Beef, Veal, Game (deer, venison), Poultry",Pinot Noir
Lignier-Michelot Vieilles Vignes Chambolle-Musigny 2022,France,118,4.2,images/Lignier_Michelot_Vieilles_Vignes_Chambolle_Musigny.png,images/bottle_Lignier_Michelot_Vieilles_Vignes_Chambolle_.png,Chambolle-Musigny,Lignier-Michelot,"red fruit, earth, oak, black fruit, non oak, microbio, spices, floral, dried fruit, vegetal, tropical fruit","Beef, Veal, Game (deer, venison), Poultry",Pinot Noir
La Rioja Alta Viña Arana Gran Reserva 2016,Spain,41.99,4.3,images/La_Rioja_Alta_Via_Arana_Gran_Reserva_2016.png,images/bottle_La_Rioja_Alta_Via_Arana_Gran_Reserva_2016.png,Rioja,La Rioja Alta,"oak, non oak, earth, spices, red fruit, black fruit, microbio, dried fruit, floral, vegetal, citrus fruit, tropical fruit, tree fruit","Beef, Lamb, Veal, Poultry","Tempranillo, Graciano, Garnacha"
Mezzacorona Dinotte Red Blend 2018,Italy,10.99,3.8,images/Mezzacorona_Dinotte_Red_Blend_2018.png,images/bottle_Mezzacorona_Dinotte_Red_Blend_2018.png,Vigneti delle Dolomiti,Mezzacorona,"oak, black fruit, red fruit, non oak, spices, earth, microbio, dried fruit, vegetal, floral, tree fruit, citrus fruit","Beef, Pasta, Lamb, Game (deer, venison)","Nebbiolo, Barbera, Dolcetto"
Cavit Collection Select Red Blend 2019,Italy,15.99,3.8,images/Cavit_Collection_Select_Red_Blend_2019.png,images/bottle_Cavit_Collection_Select_Red_Blend_2019.png,Vino d'Italia,Cavit,"red fruit, oak, black fruit, spices, earth, non oak, microbio, dried fruit, citrus fruit, floral, tree fruit","Beef, Pasta, Lamb, Veal, Game (deer, venison), Cured Meat",
E. Guigal Saint-Joseph 2019,France,39.99,4,images/E_Guigal_Saint_Joseph_2019.png,images/bottle_E_Guigal_Saint_Joseph_2019.png,Saint-Joseph,E. Guigal,"oak, black fruit, earth, spices, red fruit, non oak, floral, microbio, dried fruit, vegetal, tree fruit, tropical fruit, citrus fruit","Beef, Lamb, Game (deer, venison), Poultry",Shiraz/Syrah
Matanzas Creek Merlot Sonoma County 1979,United States,148,3.9,images/Matanzas_Creek_Merlot_Sonoma_County_1979.png,images/bottle_Matanzas_Creek_Merlot_Sonoma_County_1979.png,Sonoma County,Matanzas Creek,"oak, black fruit, red fruit, non oak, spices, earth, microbio, dried fruit, floral, tree fruit, citrus fruit, vegetal, tropical fruit","Beef, Lamb, Veal",Merlot
Iconic Wines SK (Sidekick) Cabernet Sauvignon 2022,United States,18.99,3.9,images/Iconic_Wines_SK_Sidekick_Cabernet_Sauvignon_2022.png,images/bottle_Iconic_Wines_SK_Sidekick_Cabernet_Sauvignon.png,California,Iconic Wines,"oak, red fruit, black fruit, earth, non oak, spices, microbio, dried fruit, vegetal, tree fruit, citrus fruit, tropical fruit","Beef, Lamb, Game (deer, venison), Poultry",Cabernet Sauvignon
Domaine Tollot-Beaut Corton-Bressandes Grand Cru 1978,France,368,4.3,images/Domaine_Tollot_Beaut_Corton_Bressandes_Grand_Cru_1.png,images/bottle_Domaine_Tollot_Beaut_Corton_Bressandes_Gran.png,Corton Grand Cru,Domaine Tollot-Beaut,"red fruit, oak, earth, spices, non oak, black fruit, microbio, floral, vegetal, citrus fruit, tree fruit, dried fruit","Beef, Veal, Game (deer, venison), Poultry",Pinot Noir
Sulin Antichi Giochi Piemontesi Voület Casorzo 2024,Italy,10.99,4.1,images/Sulin_Antichi_Giochi_Piemontesi_Volet_Casorzo_2024.png,images/bottle_Sulin_Antichi_Giochi_Piemontesi_Volet_Casor.png,Malvasia di Casorzo d'Asti,Sulin,"red fruit, black fruit, oak, tree fruit, earth, microbio, dried fruit, spices, citrus fruit, floral, vegetal, non oak","Beef, Pasta, Lamb, Game (deer, venison)","Nebbiolo, Barbera, Dolcetto"
Pas de Problème Pinot Noir 2023,France,10.99,3.8,images/Pas_de_Problme_Pinot_Noir_2023.png,images/bottle_Pas_de_Problme_Pinot_Noir_2023.png,Vin de France,Pas de Problème,"red fruit, oak, earth, non oak, black fruit, spices, dried fruit, floral, vegetal, microbio, tree fruit, citrus fruit",,
Mascarello Michele Barolo 1970,Italy,220,4.1,images/Mascarello_Michele_Barolo_1970.png,images/bottle_Mascarello_Michele_Barolo_1970.png,Barolo,Mascarello Michele,"earth, oak, non oak, red fruit, spices, black fruit, microbio, floral, dried fruit, vegetal, citrus fruit","Beef, Pasta, Lamb, Game (deer, venison)",Nebbiolo
Clos Apalta Clos Apalta 2018,Chile,120,4.5,images/Clos_Apalta_Clos_Apalta_2018.png,images/bottle_Clos_Apalta_Clos_Apalta_2018.png,Apalta Valley,Clos Apalta,"oak, black fruit, non oak, earth, spices, red fruit, vegetal, microbio, dried fruit, floral, citrus fruit, tree fruit, tropical fruit","Beef, Pasta, Veal, Poultry","Cabernet Sauvignon, Cabernet Franc, Malbec, Merlot, Petit Verdot, Carménère"
Lan Crianza Rioja 2019,Spain,12.99,3.8,images/Lan_Crianza_Rioja_2019.png,images/bottle_Lan_Crianza_Rioja_2019.png,Rioja,Lan,"oak, red fruit, non oak, spices, earth, black fruit, microbio, dried fruit, vegetal, floral, tree fruit, citrus fruit, tropical fruit","Beef, Lamb, Veal, Poultry","Tempranillo, Graciano, Garnacha"
Familia Torres Salmos 2018,Spain,35.99,4.2,images/Familia_Torres_Salmos_2018.png,images/bottle_Familia_Torres_Salmos_2018.png,Priorat,Familia Torres,"oak, black fruit, non oak, earth, spices, red fruit, dried fruit, microbio, floral, vegetal, citrus fruit, tree fruit, tropical fruit","Beef, Lamb, Game (deer, venison), Poultry","Shiraz/Syrah, Cabernet Sauvignon, Grenache, Carignan"
Kudos Reserve Pinot Noir 2023,United States,28.97,3.6,images/Kudos_Reserve_Pinot_Noir_2023.png,images/bottle_Kudos_Reserve_Pinot_Noir_2023.png,Yamhill-Carlton District,Kudos,"red fruit, oak, earth, black fruit, spices, non oak, floral, microbio, vegetal, dried fruit, tree fruit, citrus fruit","Beef, Veal, Game (deer, venison), Poultry",Pinot Noir
Simon Bize & Fils Bourgogne 'Les Perrières' Rouge 2022,France,69.99,4,images/Simon_Bize_Fils_Bourgogne_Les_Perrires_Rouge_2022.png,images/bottle_Simon_Bize_Fils_Bourgogne_Les_Perrires_Roug.png,Bourgogne,Simon Bize & Fils,"red fruit, earth, oak, spices, non oak, black fruit, floral, microbio, citrus fruit, tree fruit, vegetal, tropical fruit, dried fruit","Beef, Veal, Game (deer, venison), Poultry",Pinot Noir
Herzog Jeunesse Cabernet Sauvignon 2023,United States,10.99,3.4,images/Herzog_Jeunesse_Cabernet_Sauvignon_2023.png,images/bottle_Herzog_Jeunesse_Cabernet_Sauvignon_2023.png,California,Herzog,"red fruit, black fruit, oak, spices, non oak, tree fruit, earth, dried fruit, tropical fruit, citrus fruit","Beef, Lamb, Game (deer, venison), Poultry",Cabernet Sauvignon
Domaine Faiveley Gevrey-Chambertin 2021,France,97.99,4,images/Domaine_Faiveley_Gevrey_Chambertin_2021.png,images/bottle_Domaine_Faiveley_Gevrey_Chambertin_2021.png,Gevrey-Chambertin,Domaine Faiveley,"red fruit, earth, oak, spices, non oak, black fruit, microbio, vegetal, dried fruit, floral, citrus fruit","Beef, Veal, Game (deer, venison), Poultry",Pinot Noir
Obsidian Ridge Estate Grown Cabernet Sauvignon 2019,United States,89.99,4.2,images/Obsidian_Ridge_Estate_Grown_Cabernet_Sauvignon_201.png,images/bottle_Obsidian_Ridge_Estate_Grown_Cabernet_Sauvig.png,Red Hills Lake County,Obsidian Ridge,"oak, black fruit, earth, non oak, red fruit, spices, microbio, dried fruit, vegetal, floral, citrus fruit, tree fruit","Beef, Lamb, Game (deer, venison), Poultry",Cabernet Sauvignon
Château Lafon-Rochet Saint-Estèphe (Grand Cru Classé) 2014,France,59,4,images/Chteau_Lafon_Rochet_Saint_Estphe_Grand_Cru_Class_2.png,images/bottle_Chteau_Lafon_Rochet_Saint_Estphe_Grand_Cru_.png,Saint-Estèphe,Château Lafon-Rochet,"oak, earth, black fruit, non oak, spices, red fruit, microbio, vegetal, floral, dried fruit, citrus fruit, tree fruit, tropical fruit","Beef, Lamb, Game (deer, venison), Poultry","Cabernet Sauvignon, Cabernet Franc, Malbec, Merlot, Petit Verdot, Carménère"
Switchback Ridge Peterson Family Vineyard Cabernet Sauvignon 2022,United States,125,4.4,images/Switchback_Ridge_Peterson_Family_Vineyard_Cabernet.png,images/bottle_Switchback_Ridge_Peterson_Family_Vineyard_C.png,Napa Valley,Switchback Ridge,"oak, black fruit, earth, red fruit, spices, non oak, microbio, dried fruit, floral, vegetal, tree fruit","Beef, Lamb, Game (deer, venison), Mature and hard cheese, Poultry",Cabernet Sauvignon
Penfolds Bin 407 Cabernet Sauvignon 2019,Australia,79.99,4.2,images/Penfolds_Bin_407_Cabernet_Sauvignon_2019.png,images/bottle_Penfolds_Bin_407_Cabernet_Sauvignon_2019.png,South Australia,Penfolds,"black fruit, oak, spices, non oak, earth, red fruit, microbio, vegetal, dried fruit, floral, citrus fruit, tree fruit, tropical fruit","Beef, Lamb, Poultry",Cabernet Sauvignon
Château Haut-Tayac Margaux 1982,France,240,3.7,images/Chteau_Haut_Tayac_Margaux_1982.png,images/bottle_Chteau_Haut_Tayac_Margaux_1982.png,Margaux,Château Haut-Tayac,"oak, earth, non oak, black fruit, spices, red fruit, microbio, dried fruit, tree fruit, floral","Beef, Lamb, Game (deer, venison), Poultry","Cabernet Sauvignon, Cabernet Franc, Malbec, Merlot, Petit Verdot, Carménère"
Enzo Boglietti Fossati Barolo 2018,Italy,109.99,4.3,images/Enzo_Boglietti_Fossati_Barolo_2018.png,images/bottle_Enzo_Boglietti_Fossati_Barolo_2018.png,Barolo,Enzo Boglietti,"earth, oak, red fruit, non oak, black fruit, spices, floral, microbio, dried fruit, citrus fruit, vegetal, tree fruit","Beef, Pasta, Lamb, Game (deer, venison)",Nebbiolo
Château Haut-Bages Libéral Pauillac (Grand Cru Classé) 2005,France,141,4.2,images/Chteau_Haut_Bages_Libral_Pauillac_Grand_Cru_Class_.png,images/bottle_Chteau_Haut_Bages_Libral_Pauillac_Grand_Cru.png,Pauillac,Château Haut-Bages Libéral,"oak, black fruit, earth, non oak, red fruit, spices, microbio, dried fruit, floral, vegetal, citrus fruit, tree fruit, tropical fruit","Beef, Lamb, Game (deer, venison), Poultry","Cabernet Sauvignon, Cabernet Franc, Malbec, Merlot, Petit Verdot, Carménère"
Domaine des Héritiers Louis Jadot Beaune 1er Cru Clos des Couchereaux 1995,France,179,4,images/Domaine_des_Hritiers_Louis_Jadot_Beaune_1er_Cru_Cl.png,images/bottle_Domaine_des_Hritiers_Louis_Jadot_Beaune_1er.png,Beaune Premier Cru,Domaine des Héritiers Louis Jadot,"red fruit, oak, earth, non oak, spices, microbio, black fruit, floral, dried fruit, vegetal, citrus fruit","Beef, Veal, Game (deer, venison), Poultry",Pinot Noir
19 Crimes Shiraz 2021,Australia,10.99,3.7,images/19_Crimes_Shiraz_2021.png,images/bottle_19_Crimes_Shiraz_2021.png,South Eastern Australia,19 Crimes,"oak, spices, black fruit, non oak, red fruit, earth, dried fruit, microbio, vegetal, tree fruit, floral, citrus fruit, tropical fruit","Beef, Lamb, Game (deer, venison)",Shiraz/Syrah
Philip Togni Tanbark Hill Cabernet Sauvignon 2021,United States,117,4.1,images/Philip_Togni_Tanbark_Hill_Cabernet_Sauvignon_2021.png,images/bottle_Philip_Togni_Tanbark_Hill_Cabernet_Sauvigno.png,Napa Valley,Philip Togni,"oak, earth, black fruit, red fruit, spices, non oak, vegetal, dried fruit, floral, microbio, tree fruit, citrus fruit","Beef, Lamb, Game (deer, venison), Mature and hard cheese, Poultry",Cabernet Sauvignon
Field Recordings Freddo 2024,United States,19.99,4,images/Field_Recordings_Freddo_2024.png,images/bottle_Field_Recordings_Freddo_2024.png,Paso Robles,Field Recordings,"red fruit, earth, spices, oak, black fruit, non oak, floral, microbio, tropical fruit, dried fruit, citrus fruit, vegetal, tree fruit","Beef, Veal, Game (deer, venison), Poultry",Sangiovese
Lorenzon Mercurey 1er Cru 'Champs Martin' Rouge 2022,France,83.99,4,images/Lorenzon_Mercurey_1er_Cru_Champs_Martin_Rouge_2022.png,images/bottle_Lorenzon_Mercurey_1er_Cru_Champs_Martin_Rou.png,Mercurey 1er Cru 'Les Champs Martin',Lorenzon,"red fruit, oak, earth, non oak, spices, black fruit, floral, microbio, dried fruit, tropical fruit, citrus fruit, vegetal","Beef, Veal, Game (deer, venison), Poultry",Pinot Noir
Delas Marquise de La Tourette Hermitage Rouge 1983,France,256,4.1,images/Delas_Marquise_de_La_Tourette_Hermitage_Rouge_1983.png,images/bottle_Delas_Marquise_de_La_Tourette_Hermitage_Rou.png,Hermitage,Delas,"oak, earth, spices, non oak, black fruit, red fruit, floral, dried fruit, microbio, vegetal, citrus fruit, tree fruit","Beef, Lamb, Game (deer, venison), Poultry",Shiraz/Syrah
DAOU Reserve Cabernet Sauvignon 2021,United States,54.99,4.2,images/DAOU_Reserve_Cabernet_Sauvignon_2021.png,images/bottle_DAOU_Reserve_Cabernet_Sauvignon_2021.png,Paso Robles,DAOU,"oak, black fruit, earth, non oak, red fruit, spices, dried fruit, microbio, floral, vegetal, tree fruit, citrus fruit, tropical fruit","Beef, Lamb, Game (deer, venison)",Cabernet Sauvignon
Gnarly Head Pinot Noir 2018,United States,12.84,3.6,images/Gnarly_Head_Pinot_Noir_2018.png,images/bottle_Gnarly_Head_Pinot_Noir_2018.png,California,Gnarly Head,"red fruit, oak, non oak, spices, black fruit, earth, microbio, dried fruit, floral, citrus fruit, vegetal, tree fruit, tropical fruit","Beef, Veal, Game (deer, venison), Poultry",Pinot Noir
Gnarled Vine Cabernet Sauvignon 2023,United States,13.97,3.7,images/Gnarled_Vine_Cabernet_Sauvignon_2023.png,images/bottle_Gnarled_Vine_Cabernet_Sauvignon_2023.png,Lodi,Gnarled Vine,"oak, red fruit, black fruit, non oak, spices, earth, dried fruit, microbio, tree fruit, citrus fruit, floral, vegetal","Beef, Lamb, Game (deer, venison), Poultry",Cabernet Sauvignon
Marques de Tomares Rioja Crianza 2020,Spain,23.99,4.1,images/Marques_de_Tomares_Rioja_Crianza_2020.png,images/bottle_Marques_de_Tomares_Rioja_Crianza_2020.png,Rioja,Marques de Tomares,"oak, black fruit, earth, red fruit, spices, non oak, microbio, floral, dried fruit, vegetal, tree fruit, citrus fruit","Beef, Lamb, Veal, Poultry","Tempranillo, Graciano, Garnacha"
Alhambra Single Vineyard Reserva Malbec 2022,Argentina,10.99,3.7,images/Alhambra_Single_Vineyard_Reserva_Malbec_2022.png,images/bottle_Alhambra_Single_Vineyard_Reserva_Malbec_202.png,La Consulta,Alhambra,"black fruit, earth, oak, red fruit, spices, non oak, microbio, citrus fruit, vegetal, floral, dried fruit, tree fruit","Beef, Lamb",Malbec
Malvirà Trinità Roero Riserva 2017,Italy,38.99,4.1,images/Malvir_Trinit_Roero_Riserva_2017.png,images/bottle_Malvir_Trinit_Roero_Riserva_2017.png,Roero,Malvirà,"oak, earth, red fruit, non oak, spices, black fruit, floral, citrus fruit, microbio, dried fruit, vegetal, tree fruit, tropical fruit","Beef, Lamb, Game (deer, venison), Poultry",Nebbiolo
Bel Ormeau Les Hérits Blaye - Côtes de Bordeaux 2018,France,12,3.7,images/Bel_Ormeau_Les_Hrits_Blaye_Ctes_de_Bordeaux_2018.png,images/bottle_Bel_Ormeau_Les_Hrits_Blaye_Ctes_de_Bordeaux.png,Blaye - Côtes de Bordeaux,Bel Ormeau,"earth, oak, black fruit, red fruit, non oak, spices, microbio, dried fruit, vegetal, floral, citrus fruit, tree fruit","Beef, Veal, Game (deer, venison), Poultry","Cabernet Sauvignon, Cabernet Franc, Malbec, Merlot, Petit Verdot, Carménère"
Domaine de Montille Pommard 1er Cru 'Les Pézerolles' 2020,France,230,4.3,images/Domaine_de_Montille_Pommard_1er_Cru_Les_Pzerolles_.png,images/bottle_Domaine_de_Montille_Pommard_1er_Cru_Les_Pze.png,Pommard Premier Cru,Domaine de Montille,"red fruit, earth, oak, non oak, black fruit, spices, microbio, floral, vegetal, dried fruit, citrus fruit, tree fruit","Beef, Veal, Game (deer, venison), Poultry",Pinot Noir
Tenuta di Fessina Il Musmeci Riserva Etna Rosso 2016,Italy,49.99,4,images/Tenuta_di_Fessina_Il_Musmeci_Riserva_Etna_Rosso_20.png,images/bottle_Tenuta_di_Fessina_Il_Musmeci_Riserva_Etna_R.png,Etna,Tenuta di Fessina,"earth, red fruit, oak, spices, non oak, black fruit, vegetal, dried fruit, citrus fruit, microbio, floral, tree fruit","Beef, Pasta, Lamb","Primitivo, Aglianico, Negroamaro, Nero d'Avola"
Rayun Cabernet Sauvignon 2023,Chile,11.99,3.2,images/Rayun_Cabernet_Sauvignon_2023.png,images/bottle_Rayun_Cabernet_Sauvignon_2023.png,Central Valley,Rayun,"red fruit, black fruit, non oak, oak, spices, earth, microbio","Beef, Lamb, Game (deer, venison), Poultry",Cabernet Sauvignon
Field Recordings Franc 2023,United States,25,3.8,images/Field_Recordings_Franc_2023.png,images/bottle_Field_Recordings_Franc_2023.png,Paso Robles,Field Recordings,"red fruit, spices, black fruit, oak, earth, non oak, vegetal, microbio, dried fruit, floral, tree fruit, citrus fruit, tropical fruit","Beef, Pork, Game (deer, venison), Poultry",Cabernet Franc
Guy Breton Régnié 2023,France,43.99,3.9,images/Guy_Breton_Rgni_2023.png,images/bottle_Guy_Breton_Rgni_2023.png,Régnié,Guy Breton,"red fruit, earth, spices, oak, black fruit, microbio, non oak, floral, citrus fruit, dried fruit, vegetal, tropical fruit, tree fruit","Pasta, Veal, Pork, Poultry, Cured Meat",Gamay
Château Lynch-Moussas Pauillac (Grand Cru Classé) 2009,France,98,4.1,images/Chteau_Lynch_Moussas_Pauillac_Grand_Cru_Class_2009.png,images/bottle_Chteau_Lynch_Moussas_Pauillac_Grand_Cru_Cla.png,Pauillac,Château Lynch-Moussas,"oak, earth, black fruit, non oak, spices, red fruit, microbio, dried fruit, floral, vegetal, citrus fruit, tree fruit, tropical fruit","Beef, Lamb, Game (deer, venison), Poultry","Cabernet Sauvignon, Cabernet Franc, Malbec, Merlot, Petit Verdot, Carménère"
Four Virtues Cabernet Sauvignon 2022,United States,17.99,4.1,images/Four_Virtues_Cabernet_Sauvignon_2022.png,images/bottle_Four_Virtues_Cabernet_Sauvignon_2022.png,Lodi,Four Virtues,"oak, non oak, red fruit, spices, black fruit, earth, dried fruit, microbio, tropical fruit, tree fruit, vegetal","Beef, Lamb, Game (deer, venison), Poultry",Cabernet Sauvignon
Torre de Oña Finca Martelo 2016,Spain,44.99,4.2,images/Torre_de_Oa_Finca_Martelo_2016.png,images/bottle_Torre_de_Oa_Finca_Martelo_2016.png,Rioja,Torre de Oña,"oak, non oak, red fruit, spices, earth, black fruit, microbio, dried fruit, floral, vegetal, citrus fruit, tree fruit","Beef, Lamb, Veal, Poultry","Tempranillo, Graciano, Garnacha"
La Linda Cabernet Sauvignon 2021,Argentina,15,3.8,images/La_Linda_Cabernet_Sauvignon_2021.png,images/bottle_La_Linda_Cabernet_Sauvignon_2021.png,Mendoza,La Linda,"black fruit, oak, spices, red fruit, non oak, earth, microbio, vegetal, dried fruit, floral, citrus fruit, tree fruit, tropical fruit","Beef, Lamb, Poultry",Cabernet Sauvignon
Bouchard Père & Fils Vosne-Romanée 2021,France,113.99,4.1,images/Bouchard_Pre_Fils_Vosne_Romane_2021.png,images/bottle_Bouchard_Pre_Fils_Vosne_Romane_2021.png,Vosne-Romanée,Bouchard Père & Fils,"red fruit, oak, earth, non oak, spices, black fruit, microbio, floral, dried fruit, citrus fruit, vegetal, tree fruit","Beef, Veal, Game (deer, venison), Poultry",Pinot Noir
Château Cordeillan-Bages Pauillac 1992,France,114,4.1,images/Chteau_Cordeillan_Bages_Pauillac_1992.png,images/bottle_Chteau_Cordeillan_Bages_Pauillac_1992.png,Pauillac,Château Cordeillan-Bages,"black fruit, oak, earth, non oak, spices, red fruit, microbio, dried fruit, floral, vegetal, citrus fruit","Beef, Lamb, Game (deer, venison), Poultry","Cabernet Sauvignon, Cabernet Franc, Malbec, Merlot, Petit Verdot, Carménère"
Kaiken Ultra Malbec 2021,Argentina,18.99,4,images/Kaiken_Ultra_Malbec_2021.png,images/bottle_Kaiken_Ultra_Malbec_2021.png,Mendoza,Kaiken,"oak, black fruit, non oak, earth, spices, red fruit, microbio, floral, dried fruit, vegetal, tree fruit, citrus fruit, tropical fruit","Beef, Lamb, Pork",Malbec
Drumheller Merlot 2021,United States,11.99,3.8,images/Drumheller_Merlot_2021.png,images/bottle_Drumheller_Merlot_2021.png,Columbia Valley,Drumheller,"oak, black fruit, earth, non oak, red fruit, spices, vegetal, microbio, floral, dried fruit, tree fruit, citrus fruit","Beef, Lamb, Veal",Merlot
Biserno Il Pino di Biserno 2021,Italy,69.99,4.3,images/Biserno_Il_Pino_di_Biserno_2021.png,images/bottle_Biserno_Il_Pino_di_Biserno_2021.png,Toscana,Biserno,"oak, black fruit, earth, non oak, spices, red fruit, microbio, floral, dried fruit, vegetal, tree fruit, tropical fruit, citrus fruit","Beef, Lamb, Veal, Poultry, Cured Meat","Cabernet Sauvignon, Merlot, Sangiovese, Canaiolo Nero"
EnRoute Les Pommiers Pinot Noir 2016,United States,79.27,4.4,images/EnRoute_Les_Pommiers_Pinot_Noir_2016.png,images/bottle_EnRoute_Les_Pommiers_Pinot_Noir_2016.png,Russian River Valley,EnRoute,"red fruit, oak, black fruit, earth, non oak, spices, microbio, tree fruit, floral, vegetal, dried fruit, citrus fruit, tropical fruit","Veal, Pork, Poultry, Mushrooms",Pinot Noir
Duckhorn Monitor Ledge Vineyard Cabernet Sauvignon 1998,United States,299,4.4,images/Duckhorn_Monitor_Ledge_Vineyard_Cabernet_Sauvignon.png,images/bottle_Duckhorn_Monitor_Ledge_Vineyard_Cabernet_Sa.png,Napa Valley,Duckhorn,"black fruit, oak, red fruit, non oak, earth, spices, microbio, dried fruit, floral, vegetal, tree fruit, citrus fruit","Beef, Lamb, Game (deer, venison), Mature and hard cheese, Poultry",Cabernet Sauvignon
Château Chambert-Marbuzet Saint-Estèphe 1986,France,99,4,images/Chteau_Chambert_Marbuzet_Saint_Estphe_1986.png,images/bottle_Chteau_Chambert_Marbuzet_Saint_Estphe_1986.png,Saint-Estèphe,Château Chambert-Marbuzet,"oak, earth, black fruit, non oak, spices, red fruit, vegetal, microbio, dried fruit","Beef, Lamb, Game (deer, venison), Poultry","Cabernet Sauvignon, Cabernet Franc, Malbec, Merlot, Petit Verdot, Carménère"
Allegrini Valpolicella 2019,Italy,15.99,3.8,images/Allegrini_Valpolicella_2019.png,images/bottle_Allegrini_Valpolicella_2019.png,Valpolicella,Allegrini,"red fruit, oak, black fruit, spices, earth, non oak, dried fruit, microbio, vegetal, floral, tree fruit, citrus fruit, tropical fruit","Beef, Pasta, Veal, Poultry","Corvina, Rondinella, Corvinone"
Batasiolo Barolo Boscareto 2000,Italy,56.72,4.2,images/Batasiolo_Barolo_Boscareto_2000.png,images/bottle_Batasiolo_Barolo_Boscareto_2000.png,Barolo,Batasiolo,"earth, oak, red fruit, non oak, spices, black fruit, floral, microbio, dried fruit, citrus fruit, vegetal","Beef, Pasta, Lamb, Game (deer, venison)",Nebbiolo
Familia Torres San Valentín Garnacha 2015,Spain,31.99,3.8,images/Familia_Torres_San_Valentn_Garnacha_2015.png,images/bottle_Familia_Torres_San_Valentn_Garnacha_2015.png,Catalunya,Familia Torres,"red fruit, oak, black fruit, spices, non oak, earth, microbio, floral, dried fruit, tree fruit, vegetal, citrus fruit, tropical fruit","Beef, Pasta, Lamb, Game (deer, venison), Poultry",Grenache
Chalone Vineyard Monterey Pinot Noir 1969,United States,635,3.4,images/Chalone_Vineyard_Monterey_Pinot_Noir_1969.png,images/bottle_Chalone_Vineyard_Monterey_Pinot_Noir_1969.png,Monterey County,Chalone Vineyard,"oak, red fruit, earth, non oak, black fruit, spices, microbio, tree fruit, dried fruit, tropical fruit, citrus fruit, vegetal","Beef, Veal, Game (deer, venison), Poultry",Pinot Noir
Piattelli Malbec Reserve 2020,Argentina,17.99,4,images/Piattelli_Malbec_Reserve_2020.png,images/bottle_Piattelli_Malbec_Reserve_2020.png,Cafayate Valley,Piattelli,"oak, black fruit, earth, non oak, red fruit, spices, dried fruit, floral, microbio, vegetal, tree fruit, tropical fruit","Beef, Lamb",Malbec
Cheval des Andes Mendoza 2018,Argentina,97.75,4.4,images/Cheval_des_Andes_Mendoza_2018.png,images/bottle_Cheval_des_Andes_Mendoza_2018.png,Mendoza,Cheval des Andes,"oak, black fruit, earth, non oak, spices, red fruit, floral, microbio, vegetal, dried fruit, tree fruit, citrus fruit, tropical fruit","Beef, Pasta, Lamb, Poultry","Cabernet Sauvignon, Cabernet Franc, Malbec, Merlot, Petit Verdot, Carménère"
Barba Vignafranca Montepulciano d'Abruzzo 2022,Italy,17.97,3.7,images/Barba_Vignafranca_Montepulciano_dAbruzzo_2022.png,images/bottle_Barba_Vignafranca_Montepulciano_dAbruzzo_20.png,Montepulciano d'Abruzzo,Barba,"red fruit, oak, earth, non oak, black fruit, spices, tree fruit, citrus fruit, floral, microbio, dried fruit, vegetal","Beef, Pasta, Veal, Pork",Montepulciano
Penfolds Bin 28 Shiraz 2021,Australia,36.99,4.1,images/Penfolds_Bin_28_Shiraz_2021.png,images/bottle_Penfolds_Bin_28_Shiraz_2021.png,South Australia,Penfolds,"oak, black fruit, spices, non oak, earth, red fruit, microbio, dried fruit, floral, vegetal, tree fruit, citrus fruit, tropical fruit","Beef, Lamb, Game (deer, venison)",Shiraz/Syrah
Au Sommet Cabernet Sauvignon 2021,United States,259.99,4.6,images/Au_Sommet_Cabernet_Sauvignon_2021.png,images/bottle_Au_Sommet_Cabernet_Sauvignon_2021.png,Atlas Peak,Au Sommet,"oak, black fruit, earth, non oak, spices, red fruit, microbio, dried fruit, floral, tree fruit, vegetal, tropical fruit","Beef, Lamb, Game (deer, venison), Mature and hard cheese, Poultry",Cabernet Sauvignon
Becker Vineyards Reserve Tempranillo 2022,United States,36,3.9,images/Becker_Vineyards_Reserve_Tempranillo_2022.png,images/bottle_Becker_Vineyards_Reserve_Tempranillo_2022.png,Texas High Plains,Becker Vineyards,"oak, earth, non oak, red fruit, black fruit, spices, vegetal, microbio, floral, dried fruit, tree fruit, citrus fruit","Beef, Pasta, Game (deer, venison), Mature and hard cheese",Tempranillo
Tensley Joey Tensley Fundamental Cabernet Sauvignon 2022,United States,22,3.9,images/Tensley_Joey_Tensley_Fundamental_Cabernet_Sauvigno.png,images/bottle_Tensley_Joey_Tensley_Fundamental_Cabernet_S.png,Central Coast,Tensley,"oak, earth, black fruit, non oak, red fruit, spices, floral, vegetal, dried fruit, microbio","Beef, Lamb, Game (deer, venison), Poultry",Cabernet Sauvignon
Château Pey La Tour Réserve du Château Bordeaux Supérieur 2018,France,19.99,3.9,images/Chteau_Pey_La_Tour_Rserve_du_Chteau_Bordeaux_Supri.png,images/bottle_Chteau_Pey_La_Tour_Rserve_du_Chteau_Bordeau.png,Bordeaux Supérieur,Château Pey La Tour,"oak, black fruit, non oak, earth, spices, red fruit, microbio, vegetal, dried fruit, floral, citrus fruit, tree fruit","Beef, Veal, Game (deer, venison), Poultry","Cabernet Sauvignon, Cabernet Franc, Malbec, Merlot, Petit Verdot, Carménère"
Pax Sonoma Hillsides Syrah 2023,United States,69.99,4.1,images/Pax_Sonoma_Hillsides_Syrah_2023.png,images/bottle_Pax_Sonoma_Hillsides_Syrah_2023.png,Sonoma County,Pax,"black fruit, earth, spices, oak, red fruit, non oak, floral, vegetal, microbio, dried fruit, citrus fruit, tropical fruit, tree fruit","Beef, Lamb, Game (deer, venison), Poultry",Shiraz/Syrah
Château Ducru-Beaucaillou Saint-Julien (Grand Cru Classé) 1982,France,403,4.6,images/Chteau_Ducru_Beaucaillou_Saint_Julien_Grand_Cru_Cl.png,images/bottle_Chteau_Ducru_Beaucaillou_Saint_Julien_Grand.png,Saint-Julien,Château Ducru-Beaucaillou,"oak, earth, black fruit, non oak, spices, red fruit, microbio, floral, vegetal, dried fruit, tree fruit, citrus fruit, tropical fruit","Beef, Lamb, Game (deer, venison), Poultry","Cabernet Sauvignon, Cabernet Franc, Malbec, Merlot, Petit Verdot, Carménère"
Charles Krug Cabernet Sauvignon Vintage Selection 1978,United States,349,4.2,images/Charles_Krug_Cabernet_Sauvignon_Vintage_Selection_.png,images/bottle_Charles_Krug_Cabernet_Sauvignon_Vintage_Sel.png,Napa Valley,Charles Krug,"oak, black fruit, earth, non oak, spices, red fruit, dried fruit, microbio, vegetal, floral, citrus fruit","Beef, Lamb, Game (deer, venison), Mature and hard cheese, Poultry",Cabernet Sauvignon
Fess Parker Ashley's Pinot Noir 2023,United States,54.99,4.2,images/Fess_Parker_Ashleys_Pinot_Noir_2023.png,images/bottle_Fess_Parker_Ashleys_Pinot_Noir_2023.png,Sta. Rita Hills,Fess Parker,"red fruit, oak, earth, non oak, black fruit, spices, microbio, dried fruit, vegetal, floral, tropical fruit, tree fruit","Veal, Pork, Poultry, Mushrooms",Pinot Noir
Le Clos des Cazaux Cuvée des Templiers Vacqueyras 1983,France,110,3.9,images/Le_Clos_des_Cazaux_Cuve_des_Templiers_Vacqueyras_1.png,images/bottle_Le_Clos_des_Cazaux_Cuve_des_Templiers_Vacqu.png,Vacqueyras,Le Clos des Cazaux,"black fruit, red fruit, oak, earth, non oak, spices, floral, microbio, dried fruit, vegetal","Beef, Lamb, Game (deer, venison)","Shiraz/Syrah, Grenache, Mourvedre"
Abreu Madrona Ranch Cabernet Sauvignon 2017,United States,300,4.7,images/Abreu_Madrona_Ranch_Cabernet_Sauvignon_2017.png,images/bottle_Abreu_Madrona_Ranch_Cabernet_Sauvignon_2017.png,Napa Valley,Abreu,"oak, black fruit, earth, non oak, spices, red fruit, microbio, vegetal, floral, dried fruit, tropical fruit, tree fruit","Beef, Lamb, Game (deer, venison), Mature and hard cheese, Poultry",Cabernet Sauvignon
Bertani Amarone della Valpolicella Classico 2012,Italy,109.99,4.3,images/Bertani_Amarone_della_Valpolicella_Classico_2012.png,images/bottle_Bertani_Amarone_della_Valpolicella_Classico.png,Amarone della Valpolicella Classico,Bertani,"oak, earth, non oak, black fruit, dried fruit, red fruit, spices, microbio, floral, vegetal, citrus fruit, tree fruit","Beef, Lamb, Game (deer, venison), Blue cheese","Corvina, Rondinella, Corvinone"
Piedrasassi PS Syrah 2022,United States,33,4,images/Piedrasassi_PS_Syrah_2022.png,images/bottle_Piedrasassi_PS_Syrah_2022.png,Santa Barbara County,Piedrasassi,"earth, black fruit, spices, oak, non oak, red fruit, floral, vegetal, microbio, dried fruit, citrus fruit","Beef, Lamb, Game (deer, venison), Poultry",Shiraz/Syrah
Tinazzi Ca' de' Rocchi Valpolicella Ripasso Superiore Monterè 2019,Italy,19.99,4.1,images/Tinazzi_Ca_de_Rocchi_Valpolicella_Ripasso_Superior.png,images/bottle_Tinazzi_Ca_de_Rocchi_Valpolicella_Ripasso_S.png,Valpolicella Ripasso,Tinazzi,"oak, black fruit, red fruit, non oak, spices, earth, dried fruit, microbio, vegetal, floral, tree fruit, citrus fruit","Beef, Veal, Game (deer, venison)","Corvina, Rondinella, Corvinone"
La Belle Angèle Syrah 2023,France,12.97,3.3,images/La_Belle_Angle_Syrah_2023.png,images/bottle_La_Belle_Angle_Syrah_2023.png,Vin de Pays,La Belle Angèle,"red fruit, oak, non oak, black fruit, spices, earth, dried fruit, tree fruit, microbio, citrus fruit, vegetal",,
Frank Family Cabernet Sauvignon 2021,United States,54.99,4.3,images/Frank_Family_Cabernet_Sauvignon_2021.png,images/bottle_Frank_Family_Cabernet_Sauvignon_2021.png,Napa Valley,Frank Family,"oak, black fruit, non oak, red fruit, spices, earth, microbio, dried fruit, vegetal, floral, citrus fruit, tree fruit, tropical fruit","Beef, Lamb, Game (deer, venison), Mature and hard cheese, Poultry",Cabernet Sauvignon
Château Lafleur Les Pensées de Lafleur Pomerol 1989,France,455,4.3,images/Chteau_Lafleur_Les_Penses_de_Lafleur_Pomerol_1989.png,images/bottle_Chteau_Lafleur_Les_Penses_de_Lafleur_Pomero.png,Pomerol,Château Lafleur,"earth, oak, black fruit, non oak, red fruit, spices, microbio, floral, vegetal, dried fruit, tropical fruit, tree fruit","Beef, Lamb, Game (deer, venison), Poultry","Cabernet Sauvignon, Cabernet Franc, Malbec, Merlot, Petit Verdot, Carménère"
Fürst Centgrafenberg GG Spätburgunder 2022,Germany,165,4.1,images/Frst_Centgrafenberg_GG_Sptburgunder_2022.png,images/bottle_Frst_Centgrafenberg_GG_Sptburgunder_2022.png,Franken,Fürst,"red fruit, oak, earth, non oak, spices, black fruit, microbio, floral, vegetal, citrus fruit, dried fruit, tree fruit","Beef, Veal, Game (deer, venison), Poultry",Pinot Noir
Château Pavie Saint-Émilion Grand Cru (Premier Grand Cru Classé) 2005,France,375,4.7,images/Chteau_Pavie_Saint_milion_Grand_Cru_Premier_Grand_.png,images/bottle_Chteau_Pavie_Saint_milion_Grand_Cru_Premier.png,Saint-Émilion Grand Cru,Château Pavie,"oak, earth, black fruit, non oak, spices, red fruit, microbio, floral, dried fruit, vegetal, citrus fruit, tree fruit, tropical fruit","Beef, Lamb, Game (deer, venison), Poultry","Cabernet Sauvignon, Cabernet Franc, Malbec, Merlot, Petit Verdot, Carménère"
Ridge Vineyards East Bench Zinfandel 2016,United States,45.99,4,images/Ridge_Vineyards_East_Bench_Zinfandel_2016.png,images/bottle_Ridge_Vineyards_East_Bench_Zinfandel_2016.png,Dry Creek Valley,Ridge Vineyards,"oak, black fruit, red fruit, spices, non oak, earth, dried fruit, microbio, floral, vegetal, tree fruit, citrus fruit, tropical fruit","Beef, Lamb, Poultry",Zinfandel
Domaine Anne Gros Echezeaux Grand Cru Les Loachausses 2021,France,359.99,4.4,images/Domaine_Anne_Gros_Echezeaux_Grand_Cru_Les_Loachaus.png,images/bottle_Domaine_Anne_Gros_Echezeaux_Grand_Cru_Les_L.png,Échezeaux Grand Cru,Domaine Anne Gros,"red fruit, earth, oak, spices, black fruit, non oak, microbio, floral, citrus fruit, vegetal, dried fruit","Beef, Veal, Game (deer, venison), Poultry",Pinot Noir
Chandon de Briailles Corton Grand Cru 'Les Bressandes' 2021,France,360,4.2,images/Chandon_de_Briailles_Corton_Grand_Cru_Les_Bressand.png,images/bottle_Chandon_de_Briailles_Corton_Grand_Cru_Les_B.png,Corton Grand Cru 'Les Bressandes',Chandon de Briailles,"red fruit, earth, oak, non oak, spices, microbio, floral, black fruit, vegetal, dried fruit, citrus fruit, tree fruit, tropical fruit","Beef, Veal, Game (deer, venison), Poultry",Pinot Noir
Domaine Denis Mortet Gevrey-Chambertin 1er Cru 2020,France,160,4.3,images/Domaine_Denis_Mortet_Gevrey_Chambertin_1er_Cru_202.png,images/bottle_Domaine_Denis_Mortet_Gevrey_Chambertin_1er_.png,Gevrey-Chambertin Premier Cru,Domaine Denis Mortet,"oak, red fruit, earth, non oak, microbio, black fruit, spices, dried fruit, floral, tree fruit, vegetal, tropical fruit","Beef, Veal, Game (deer, venison), Poultry",Pinot Noir
Tobin James Cellars Cabernet Sauvignon Notorious 2021,United States,22,3.9,images/Tobin_James_Cellars_Cabernet_Sauvignon_Notorious_2.png,images/bottle_Tobin_James_Cellars_Cabernet_Sauvignon_Noto.png,Paso Robles,Tobin James Cellars,"oak, black fruit, red fruit, non oak, earth, spices, microbio, dried fruit, citrus fruit, vegetal","Beef, Lamb, Game (deer, venison)",Cabernet Sauvignon
La Spinetta Ca' di Pian Barbera d'Asti 2020,Italy,22.99,4,images/La_Spinetta_Ca_di_Pian_Barbera_dAsti_2020.png,images/bottle_La_Spinetta_Ca_di_Pian_Barbera_dAsti_2020.png,Barbera d'Asti,La Spinetta,"oak, black fruit, red fruit, earth, spices, non oak, microbio, floral, dried fruit, vegetal, citrus fruit, tree fruit, tropical fruit","Pasta, Veal, Pork, Game (deer, venison), Poultry",Barbera
Red Schooner Transit 1,Australia,39.99,4.4,images/Red_Schooner_Transit_1.png,images/bottle_Red_Schooner_Transit_1.png,Wine of Australia,Red Schooner,"black fruit, oak, spices, non oak, earth, red fruit, dried fruit, floral","Beef, Lamb, Poultry","Shiraz/Syrah, Cabernet Sauvignon"
Barkan Classic Merlot 2023,Israel,12.99,3.5,images/Barkan_Classic_Merlot_2023.png,images/bottle_Barkan_Classic_Merlot_2023.png,Galilee,Barkan,"red fruit, black fruit, spices, oak, non oak, earth, microbio, dried fruit, floral, vegetal","Beef, Lamb, Veal",Merlot
Casanova di Neri Tenuta Nuova Brunello di Montalcino 2016,Italy,150,4.5,images/Casanova_di_Neri_Tenuta_Nuova_Brunello_di_Montalci.png,images/bottle_Casanova_di_Neri_Tenuta_Nuova_Brunello_di_M.png,Brunello di Montalcino,Casanova di Neri,"oak, earth, red fruit, non oak, black fruit, spices, floral, dried fruit, microbio, vegetal, citrus fruit, tree fruit, tropical fruit","Beef, Lamb, Game (deer, venison), Poultry",Sangiovese
Clos du Val Reserve Cabernet Sauvignon 1978,United States,329,4.1,images/Clos_du_Val_Reserve_Cabernet_Sauvignon_1978.png,images/bottle_Clos_du_Val_Reserve_Cabernet_Sauvignon_1978.png,Napa Valley,Clos du Val,"oak, earth, black fruit, non oak, red fruit, spices, microbio, dried fruit, floral, vegetal, citrus fruit","Beef, Lamb, Game (deer, venison), Mature and hard cheese, Poultry",Cabernet Sauvignon
Turley Hayne Vineyard Zinfandel 1994,United States,164,4.4,images/Turley_Hayne_Vineyard_Zinfandel_1994.png,images/bottle_Turley_Hayne_Vineyard_Zinfandel_1994.png,Napa Valley,Turley,"black fruit, oak, red fruit, spices, earth, non oak, dried fruit, microbio, tree fruit, citrus fruit, vegetal, floral, tropical fruit","Beef, Lamb, Poultry",Zinfandel
Casta de Vinos Cardón Tinto 2022,Mexico,28.79,3.9,images/Casta_de_Vinos_Cardn_Tinto_2022.png,images/bottle_Casta_de_Vinos_Cardn_Tinto_2022.png,Valle de Guadalupe,Casta de Vinos,"black fruit, oak, spices, earth, non oak, red fruit, floral, dried fruit",,
Domaine Faiveley Pinot Noir Bourgogne 2021,France,39.99,4,images/Domaine_Faiveley_Pinot_Noir_Bourgogne_2021.png,images/bottle_Domaine_Faiveley_Pinot_Noir_Bourgogne_2021.png,Bourgogne,Domaine Faiveley,"red fruit, earth, oak, non oak, spices, microbio, black fruit, floral, vegetal, dried fruit, citrus fruit, tree fruit, tropical fruit","Beef, Veal, Game (deer, venison), Poultry",Pinot Noir
Merry Edwards Olivet Lane Pinot Noir 2023,United States,77,4.4,images/Merry_Edwards_Olivet_Lane_Pinot_Noir_2023.png,images/bottle_Merry_Edwards_Olivet_Lane_Pinot_Noir_2023.png,Russian River Valley,Merry Edwards,"red fruit, oak, black fruit, earth, non oak, spices, microbio, floral, vegetal, dried fruit, citrus fruit, tree fruit","Veal, Pork, Poultry, Mushrooms",Pinot Noir
Château Maison Noble Saint Martin Château Jean de Bel Air Bordeaux Rouge 2020,France,13.99,3.5,images/Chteau_Maison_Noble_Saint_Martin_Chteau_Jean_de_Be.png,images/bottle_Chteau_Maison_Noble_Saint_Martin_Chteau_Jea.png,Bordeaux,Château Maison Noble Saint Martin,"oak, earth, black fruit, red fruit, spices, microbio, non oak, dried fruit, tree fruit, vegetal","Beef, Veal, Game (deer, venison), Poultry","Cabernet Sauvignon, Cabernet Franc, Malbec, Merlot, Petit Verdot, Carménère"
Vincent & Sophie Morey Vieilles Vignes Chassagne-Montrachet Rouge 2023,France,99.99,4.2,images/Vincent_Sophie_Morey_Vieilles_Vignes_Chassagne_Mon.png,images/bottle_Vincent_Sophie_Morey_Vieilles_Vignes_Chassa.png,Chassagne-Montrachet,Vincent & Sophie Morey,"earth, oak, red fruit, microbio, non oak, spices, black fruit, tree fruit, citrus fruit, tropical fruit, floral, vegetal","Beef, Veal, Game (deer, venison), Poultry",Pinot Noir
Sena Aconcagua Valley 2017,Chile,150,4.4,images/Sena_Aconcagua_Valley_2017.png,images/bottle_Sena_Aconcagua_Valley_2017.png,Aconcagua Valley,Sena,"oak, black fruit, non oak, earth, spices, red fruit, microbio, floral, vegetal, dried fruit, citrus fruit, tree fruit, tropical fruit","Beef, Pasta, Veal, Poultry","Cabernet Sauvignon, Cabernet Franc, Malbec, Merlot, Petit Verdot, Carménère"
Damilano Barolo Lecinquevigne 2015,Italy,42.99,4.2,images/Damilano_Barolo_Lecinquevigne_2015.png,images/bottle_Damilano_Barolo_Lecinquevigne_2015.png,Barolo,Damilano,"earth, oak, red fruit, non oak, spices, black fruit, floral, microbio, citrus fruit, dried fruit, vegetal, tree fruit, tropical fruit","Beef, Pasta, Lamb, Game (deer, venison)",Nebbiolo
Robert Mondavi Winery Cabernet Sauvignon 2021,United States,42.99,4.1,images/Robert_Mondavi_Winery_Cabernet_Sauvignon_2021.png,images/bottle_Robert_Mondavi_Winery_Cabernet_Sauvignon_20.png,Napa Valley,Robert Mondavi Winery,"oak, black fruit, non oak, earth, spices, red fruit, microbio, dried fruit, vegetal, floral, tree fruit, citrus fruit, tropical fruit","Beef, Lamb, Game (deer, venison), Mature and hard cheese, Poultry",Cabernet Sauvignon
Trasiego Selección Tinta 2023,Mexico,22.49,3.7,images/Trasiego_Seleccin_Tinta_2023.jpg,,Valle de Guadalupe,Trasiego,"red fruit, spices, oak, black fruit, citrus fruit, vegetal, earth, microbio, non oak",,
COS Cerasuolo di Vittoria Classico 2014,Italy,21.14,4,images/COS_Cerasuolo_di_Vittoria_Classico_2014.png,images/bottle_COS_Cerasuolo_di_Vittoria_Classico_2014.png,Cerasuolo di Vittoria,COS,"red fruit, earth, oak, black fruit, non oak, spices, microbio, vegetal, floral, dried fruit, citrus fruit, tree fruit, tropical fruit","Beef, Pasta, Lamb","Primitivo, Aglianico, Negroamaro, Nero d'Avola"
Cos d'Estournel Cos d'Estournel 2014,France,228,4.4,images/Cos_dEstournel_Cos_dEstournel_2014.png,images/bottle_Cos_dEstournel_Cos_dEstournel_2014.png,Saint-Estèphe,Cos d'Estournel,"oak, earth, black fruit, non oak, spices, red fruit, microbio, dried fruit, vegetal, floral, citrus fruit, tree fruit, tropical fruit","Beef, Lamb, Game (deer, venison), Poultry","Cabernet Sauvignon, Cabernet Franc, Malbec, Merlot, Petit Verdot, Carménère"
Sassetti Livio Brunello di Montalcino Riserva 1990,Italy,279,4.3,images/Sassetti_Livio_Brunello_di_Montalcino_Riserva_1990.png,images/bottle_Sassetti_Livio_Brunello_di_Montalcino_Riser.png,Brunello di Montalcino,Sassetti Livio,"earth, oak, red fruit, non oak, black fruit, spices, floral, microbio, dried fruit, vegetal, citrus fruit","Beef, Lamb, Game (deer, venison), Poultry",Sangiovese
Zantho Blaufränkisch 2022,Austria,13.99,3.7,images/Zantho_Blaufrnkisch_2022.png,images/bottle_Zantho_Blaufrnkisch_2022.png,Burgenland,Zantho,"black fruit, earth, oak, red fruit, spices, non oak, microbio, floral, citrus fruit, tree fruit","Beef, Pasta, Poultry",Blaufränkisch
Château Haut-Brion Pessac-Léognan (Premier Grand Cru Classé) 2000,France,700,4.7,images/Chteau_Haut_Brion_Pessac_Lognan_Premier_Grand_Cru_.png,images/bottle_Chteau_Haut_Brion_Pessac_Lognan_Premier_Gra.png,Pessac-Léognan,Château Haut-Brion,"oak, earth, non oak, black fruit, red fruit, spices, microbio, floral, dried fruit, vegetal, citrus fruit, tree fruit, tropical fruit","Beef, Lamb, Game (deer, venison), Poultry","Cabernet Sauvignon, Cabernet Franc, Malbec, Merlot, Petit Verdot, Carménère"
La Posta Pizzella Malbec (Pizzella Family Vineyard) 2021,Argentina,17.99,4.1,images/La_Posta_Pizzella_Malbec_Pizzella_Family_Vineyard_.png,images/bottle_La_Posta_Pizzella_Malbec_Pizzella_Family_Vi.png,Mendoza,La Posta,"oak, black fruit, earth, red fruit, non oak, spices, microbio, dried fruit, floral, vegetal, citrus fruit, tree fruit","Beef, Lamb, Pork",Malbec
Shafer TD9 2018,United States,79.99,4.3,images/Shafer_TD9_2018.png,images/bottle_Shafer_TD9_2018.png,Napa Valley,Shafer,"oak, black fruit, non oak, spices, earth, red fruit, microbio, floral, dried fruit, vegetal, tree fruit, citrus fruit, tropical fruit","Beef, Lamb, Game (deer, venison), Poultry","Cabernet Sauvignon, Cabernet Franc, Malbec, Merlot, Petit Verdot"
Robert Biale Vineyards Royal Punishers Petite Sirah 2023,United States,55,4.2,images/Robert_Biale_Vineyards_Royal_Punishers_Petite_Sira.png,images/bottle_Robert_Biale_Vineyards_Royal_Punishers_Peti.png,Rutherford,Robert Biale Vineyards,"black fruit, oak, non oak, earth, spices, red fruit, dried fruit, floral, microbio, tree fruit, vegetal, tropical fruit","Beef, Lamb, Game (deer, venison)",Petite Sirah
Domaine Michel & Sylvie Esmonin Gevrey-Chambertin 1er Cru 'Clos St Jacques' 1990,France,399,4.3,images/Domaine_Michel_Sylvie_Esmonin_Gevrey_Chambertin_1e.png,images/bottle_Domaine_Michel_Sylvie_Esmonin_Gevrey_Chambe.png,Gevrey-Chambertin 1er Cru 'Clos St Jacques',Domaine Michel & Sylvie Esmonin,"red fruit, earth, oak, black fruit, non oak, spices, floral, microbio, dried fruit, citrus fruit, vegetal, tree fruit","Beef, Veal, Game (deer, venison), Poultry",Pinot Noir
Pago del Cielo Celeste Crianza 2021,Spain,19.99,4,images/Pago_del_Cielo_Celeste_Crianza_2021.png,images/bottle_Pago_del_Cielo_Celeste_Crianza_2021.png,Ribera del Duero,Pago del Cielo,"oak, black fruit, non oak, earth, spices, red fruit, microbio, dried fruit, floral, vegetal, citrus fruit, tree fruit, tropical fruit","Beef, Lamb, Game (deer, venison)",Tempranillo
14 Hands Merlot 2016,United States,10.98,3.8,images/14_Hands_Merlot_2016.png,images/bottle_14_Hands_Merlot_2016.png,Columbia Valley,14 Hands,"oak, black fruit, red fruit, non oak, earth, spices, microbio, dried fruit, vegetal, floral, tree fruit, citrus fruit, tropical fruit","Beef, Lamb, Veal",Merlot
Planeta La Segreta Il Rosso 2021,Italy,11.99,3.8,images/Planeta_La_Segreta_Il_Rosso_2021.png,images/bottle_Planeta_La_Segreta_Il_Rosso_2021.png,Sicilia,Planeta,"red fruit, earth, oak, black fruit, non oak, spices, microbio, citrus fruit, vegetal, dried fruit, floral, tree fruit, tropical fruit","Beef, Pasta, Lamb","Primitivo, Aglianico, Negroamaro, Nero d'Avola"
Bear Flag Zinfandel 2015,United States,16.99,4.1,images/Bear_Flag_Zinfandel_2015.png,images/bottle_Bear_Flag_Zinfandel_2015.png,Sonoma County,Bear Flag,"oak, black fruit, non oak, spices, red fruit, earth, microbio, dried fruit, floral, vegetal, tree fruit, citrus fruit, tropical fruit","Beef, Lamb, Poultry",Zinfandel
Rivers-Marie Pinot Noir 2023,United States,49.99,4.2,images/Rivers_Marie_Pinot_Noir_2023.png,images/bottle_Rivers_Marie_Pinot_Noir_2023.png,Sonoma Coast,Rivers-Marie,"red fruit, oak, non oak, black fruit, earth, spices, citrus fruit, microbio, floral, vegetal, tropical fruit, tree fruit, dried fruit","Veal, Pork, Poultry, Mushrooms",Pinot Noir
Méo-Camuzet Nuits-Saint-Georges 1er Cru 'Aux Boudots' 2022,France,263,4.4,images/Mo_Camuzet_Nuits_Saint_Georges_1er_Cru_Aux_Boudots.png,images/bottle_Mo_Camuzet_Nuits_Saint_Georges_1er_Cru_Aux_.png,Nuits-Saint-Georges 1er Cru 'Aux Boudots',Méo-Camuzet,"red fruit, earth, oak, black fruit, non oak, spices, microbio, floral, dried fruit, vegetal, tree fruit, citrus fruit","Beef, Veal, Game (deer, venison), Poultry",Pinot Noir
Tenuta Sant'Antonio Monti Garbi Valpolicella Ripasso Superiore 2020,Italy,23.99,3.9,images/Tenuta_SantAntonio_Monti_Garbi_Valpolicella_Ripass.png,images/bottle_Tenuta_SantAntonio_Monti_Garbi_Valpolicella.png,Valpolicella Ripasso,Tenuta Sant'Antonio,"oak, red fruit, non oak, earth, black fruit, spices, dried fruit, microbio, vegetal, floral, citrus fruit, tree fruit, tropical fruit","Beef, Veal, Game (deer, venison)","Corvina, Rondinella, Corvinone"
Ken Wright Cellars Canary Hill Vineyard Pinot Noir 2023,United States,67.99,4.1,images/Ken_Wright_Cellars_Canary_Hill_Vineyard_Pinot_Noir.png,images/bottle_Ken_Wright_Cellars_Canary_Hill_Vineyard_Pin.png,Eola-Amity Hills,Ken Wright Cellars,"red fruit, oak, earth, non oak, black fruit, spices, microbio, citrus fruit, vegetal, floral, dried fruit, tree fruit","Beef, Veal, Game (deer, venison), Poultry",Pinot Noir
Pertimali di Angelo Sassetti Brunello di Montalcino 1998,Italy,100,4.2,images/Pertimali_di_Angelo_Sassetti_Brunello_di_Montalcin.png,images/bottle_Pertimali_di_Angelo_Sassetti_Brunello_di_Mo.png,Brunello di Montalcino,Pertimali di Angelo Sassetti,"oak, earth, non oak, spices, red fruit, black fruit, floral, vegetal, microbio, dried fruit, citrus fruit","Beef, Lamb, Game (deer, venison), Poultry",Sangiovese
Andrew Will Two Blondes Vineyard Red 2019,United States,79.99,4.2,images/Andrew_Will_Two_Blondes_Vineyard_Red_2019.png,images/bottle_Andrew_Will_Two_Blondes_Vineyard_Red_2019.png,Yakima Valley,Andrew Will,"oak, black fruit, earth, non oak, red fruit, spices, vegetal, floral, microbio, dried fruit, tree fruit, citrus fruit","Beef, Game (deer, venison), Mature and hard cheese, Mushrooms","Cabernet Sauvignon, Cabernet Franc, Malbec, Merlot, Petit Verdot, Carménère"
Orin Swift Eight Years In The Desert 2021,United States,45,4.3,images/Orin_Swift_Eight_Years_In_The_Desert_2021.png,images/bottle_Orin_Swift_Eight_Years_In_The_Desert_2021.png,California,Orin Swift,"black fruit, oak, non oak, spices, red fruit, earth, dried fruit, microbio, floral, vegetal, tree fruit, citrus fruit, tropical fruit","Beef, Lamb, Veal, Poultry","Shiraz/Syrah, Cabernet Sauvignon, Merlot, Zinfandel"
Elio Altare Larigi Langhe Rosso 2000,Italy,84.5,4.3,images/Elio_Altare_Larigi_Langhe_Rosso_2000.png,images/bottle_Elio_Altare_Larigi_Langhe_Rosso_2000.png,Langhe,Elio Altare,"oak, red fruit, earth, spices, non oak, black fruit, microbio, dried fruit, citrus fruit, floral, vegetal","Pasta, Veal, Pork, Game (deer, venison), Poultry",Barbera
Robert Foley Vineyards Claret 2018,United States,150,4.4,images/Robert_Foley_Vineyards_Claret_2018.png,images/bottle_Robert_Foley_Vineyards_Claret_2018.png,Napa Valley,Robert Foley Vineyards,"oak, black fruit, earth, non oak, spices, red fruit, microbio, floral, dried fruit, vegetal, tree fruit, citrus fruit","Beef, Lamb, Game (deer, venison), Poultry","Cabernet Sauvignon, Cabernet Franc, Malbec, Merlot, Petit Verdot"
Domaine Jean Grivot Echezeaux Grand Cru 2021,France,699.99,4.4,images/Domaine_Jean_Grivot_Echezeaux_Grand_Cru_2021.png,images/bottle_Domaine_Jean_Grivot_Echezeaux_Grand_Cru_202.png,Grands-Échezeaux Grand Cru,Domaine Jean Grivot,"red fruit, earth, oak, black fruit, non oak, spices, microbio, floral, vegetal, dried fruit, tropical fruit, citrus fruit, tree fruit","Beef, Veal, Game (deer, venison), Poultry",Pinot Noir
Masi Campofiorin Rosso Veronese 2020,Italy,20.99,3.9,images/Masi_Campofiorin_Rosso_Veronese_2020.png,images/bottle_Masi_Campofiorin_Rosso_Veronese_2020.png,Rosso Veronese,Masi,"red fruit, oak, earth, black fruit, non oak, spices, microbio, dried fruit, vegetal, floral, tree fruit, citrus fruit, tropical fruit","Beef, Pasta, Lamb, Game (deer, venison)","Nebbiolo, Barbera, Dolcetto"
Adaptation Cabernet Sauvignon 2018,United States,77.99,4.4,images/Adaptation_Cabernet_Sauvignon_2018.png,images/bottle_Adaptation_Cabernet_Sauvignon_2018.png,Napa Valley,Adaptation,"oak, black fruit, red fruit, non oak, earth, spices, microbio, dried fruit, floral, vegetal, tree fruit, citrus fruit, tropical fruit","Beef, Lamb, Game (deer, venison), Mature and hard cheese, Poultry",Cabernet Sauvignon
Casanova di Neri Brunello di Montalcino 2019,Italy,67.99,4.3,images/Casanova_di_Neri_Brunello_di_Montalcino_2019.png,images/bottle_Casanova_di_Neri_Brunello_di_Montalcino_201.png,Brunello di Montalcino,Casanova di Neri,"oak, earth, red fruit, non oak, black fruit, spices, microbio, floral, dried fruit, vegetal, citrus fruit, tree fruit, tropical fruit","Beef, Lamb, Game (deer, venison), Poultry",Sangiovese
Domaine Tempier Bandol Cuvée Cabassaou 1996,France,299,4.4,images/Domaine_Tempier_Bandol_Cuve_Cabassaou_1996.png,images/bottle_Domaine_Tempier_Bandol_Cuve_Cabassaou_1996.png,Bandol,Domaine Tempier,"earth, black fruit, oak, spices, red fruit, non oak, microbio, vegetal, floral, dried fruit, tree fruit, citrus fruit, tropical fruit","Beef, Lamb, Game (deer, venison), Mushrooms","Shiraz/Syrah, Cabernet Sauvignon, Grenache, Mourvedre, Carignan, Tibouren, Cinsaut"
Vina Robles Estate Cabernet Sauvignon 2019,United States,21.99,4.1,images/Vina_Robles_Estate_Cabernet_Sauvignon_2019.png,images/bottle_Vina_Robles_Estate_Cabernet_Sauvignon_2019.png,Paso Robles,Vina Robles,"oak, black fruit, non oak, red fruit, earth, spices, microbio, dried fruit, vegetal, floral, tree fruit, citrus fruit","Beef, Lamb, Game (deer, venison)",Cabernet Sauvignon
Emmanuel Rouget Bourgogne Passetoutgrains 2023,France,59.99,3.8,images/Emmanuel_Rouget_Bourgogne_Passetoutgrains_2023.png,images/bottle_Emmanuel_Rouget_Bourgogne_Passetoutgrains_2.png,Bourgogne Passe-tout-grains,Emmanuel Rouget,"red fruit, oak, earth, microbio, non oak, spices, floral, black fruit, tropical fruit, vegetal","Beef, Veal, Game (deer, venison), Poultry",Pinot Noir
Telmo Rodriguez Pegaso Granito 2021,Spain,69.99,3.9,images/Telmo_Rodriguez_Pegaso_Granito_2021.png,images/bottle_Telmo_Rodriguez_Pegaso_Granito_2021.png,Castilla y León,Telmo Rodriguez,"oak, earth, red fruit, spices, non oak, black fruit, floral, dried fruit, microbio, vegetal, tree fruit","Beef, Pasta, Lamb, Game (deer, venison), Poultry",Grenache
J Vineyards Pinot Noir (Monterey/Sonoma/Santa Barbara) 2022,United States,19.99,4,images/J_Vineyards_Pinot_Noir_MontereySonomaSanta_Barbara.png,images/bottle_J_Vineyards_Pinot_Noir_MontereySonomaSanta_.png,California,J Vineyards,"red fruit, oak, non oak, spices, black fruit, earth, microbio, floral, dried fruit, citrus fruit, vegetal, tree fruit, tropical fruit","Beef, Veal, Game (deer, venison), Poultry",Pinot Noir
Penfolds Max's Shiraz 2021,Australia,15.99,4,images/Penfolds_Maxs_Shiraz_2021.png,images/bottle_Penfolds_Maxs_Shiraz_2021.png,South Australia,Penfolds,"oak, black fruit, spices, non oak, red fruit, earth, dried fruit, microbio, floral, vegetal, citrus fruit, tree fruit, tropical fruit","Beef, Lamb, Game (deer, venison)",Shiraz/Syrah
Didier Fornerol Côte de Nuits-Villages Rouge 2022,France,59,4,images/Didier_Fornerol_Cte_de_Nuits_Villages_Rouge_2022.png,images/bottle_Didier_Fornerol_Cte_de_Nuits_Villages_Rouge.png,Côte de Nuits Villages,Didier Fornerol,"red fruit, earth, oak, spices, non oak, black fruit, floral, microbio, vegetal, tree fruit, citrus fruit, dried fruit","Beef, Veal, Game (deer, venison), Poultry",Pinot Noir
Álvaro Palacios Les Terrasses Laderas de Pizarra 2021,Spain,44.99,4.2,images/lvaro_Palacios_Les_Terrasses_Laderas_de_Pizarra_20.png,images/bottle_lvaro_Palacios_Les_Terrasses_Laderas_de_Piz.png,Priorat,Álvaro Palacios,"oak, black fruit, red fruit, earth, non oak, spices, floral, dried fruit, microbio, vegetal, citrus fruit, tree fruit, tropical fruit","Beef, Lamb, Game (deer, venison), Poultry","Shiraz/Syrah, Cabernet Sauvignon, Grenache, Carignan"
Chateau Ste. Michelle Indian Wells Cabernet Sauvignon 2021,United States,18.99,4,images/Chateau_Ste_Michelle_Indian_Wells_Cabernet_Sauvign.png,images/bottle_Chateau_Ste_Michelle_Indian_Wells_Cabernet_.png,Columbia Valley,Chateau Ste. Michelle,"oak, black fruit, red fruit, non oak, spices, earth, microbio, dried fruit, vegetal, floral, tree fruit, citrus fruit, tropical fruit","Beef, Lamb, Game (deer, venison), Poultry",Cabernet Sauvignon
Soter Vineyards Mineral Springs Pinot Noir 2022,United States,79.99,4.4,images/Soter_Vineyards_Mineral_Springs_Pinot_Noir_2022.png,images/bottle_Soter_Vineyards_Mineral_Springs_Pinot_Noir_.png,Yamhill-Carlton District,Soter Vineyards,"red fruit, earth, oak, black fruit, non oak, spices, microbio, dried fruit, floral, vegetal, tree fruit, citrus fruit","Beef, Veal, Game (deer, venison), Poultry",Pinot Noir
Talenti Brunello di Montalcino Riserva Pian di Conte 1999,Italy,148,4.3,images/Talenti_Brunello_di_Montalcino_Riserva_Pian_di_Con.png,images/bottle_Talenti_Brunello_di_Montalcino_Riserva_Pian.png,Brunello di Montalcino,Talenti,"oak, earth, red fruit, non oak, black fruit, spices, microbio, dried fruit, citrus fruit, floral, vegetal","Beef, Lamb, Game (deer, venison), Poultry",Sangiovese
Montresor Valpolicella Il Veronese 2023,Italy,16.97,3.7,images/Montresor_Valpolicella_Il_Veronese_2023.png,images/bottle_Montresor_Valpolicella_Il_Veronese_2023.png,Veneto,Montresor,"oak, red fruit, non oak, spices, earth, black fruit, microbio, dried fruit, floral, vegetal, citrus fruit","Beef, Pasta, Lamb, Game (deer, venison)","Nebbiolo, Barbera, Dolcetto"
Santa Carolina Reserva Cabernet Sauvignon (Colchagua Estate) 2016,Chile,10.99,3.6,images/Santa_Carolina_Reserva_Cabernet_Sauvignon_Colchagu.png,images/bottle_Santa_Carolina_Reserva_Cabernet_Sauvignon_C.png,Colchagua Valley,Santa Carolina,"oak, black fruit, red fruit, non oak, earth, spices, microbio, vegetal, dried fruit, floral, citrus fruit, tree fruit, tropical fruit","Beef, Lamb, Game (deer, venison), Poultry",Cabernet Sauvignon
Domaine Bruno Clair Marsannay 'Les Longeroies' 2022,France,99.99,4,images/Domaine_Bruno_Clair_Marsannay_Les_Longeroies_2022.png,images/bottle_Domaine_Bruno_Clair_Marsannay_Les_Longeroie.png,Marsannay,Domaine Bruno Clair,"red fruit, earth, oak, non oak, black fruit, spices, microbio, floral, citrus fruit, tree fruit, vegetal, tropical fruit, dried fruit","Beef, Veal, Game (deer, venison), Poultry",Pinot Noir
Domaine de la Tournelle Trousseau des Corvées 2022,France,89.99,3.9,images/Domaine_de_la_Tournelle_Trousseau_des_Corves_2022.png,images/bottle_Domaine_de_la_Tournelle_Trousseau_des_Corve.png,Arbois,Domaine de la Tournelle,"red fruit, earth, oak, microbio, spices, vegetal, black fruit, floral, non oak, tree fruit, citrus fruit, tropical fruit, dried fruit","Game (deer, venison), Appetizers and snacks, Mushrooms, Mild and soft cheese, Cured Meat","Pinot Noir, Trousseau, Poulsard"
Ken Wright Cellars Willamette Valley Pinot Noir 2018,United States,34.71,4.1,images/Ken_Wright_Cellars_Willamette_Valley_Pinot_Noir_20.png,images/bottle_Ken_Wright_Cellars_Willamette_Valley_Pinot_.png,Willamette Valley,Ken Wright Cellars,"red fruit, oak, earth, non oak, spices, black fruit, microbio, floral, vegetal, dried fruit, citrus fruit, tree fruit, tropical fruit","Beef, Veal, Game (deer, venison), Poultry",Pinot Noir
Querciabella Chianti Classico 2019,Italy,29.99,4,images/Querciabella_Chianti_Classico_2019.png,images/bottle_Querciabella_Chianti_Classico_2019.png,Chianti Classico,Querciabella,"red fruit, oak, earth, non oak, black fruit, spices, microbio, floral, vegetal, dried fruit, citrus fruit, tree fruit","Beef, Pasta, Veal, Cured Meat",Sangiovese
Domaine de La Bastide - Vincent & Stéphanie Boyer Côtes-du-Rhône Rouge 2022,France,15.99,3.7,images/Domaine_de_La_Bastide_Vincent_Stphanie_Boyer_Ctes_.png,images/bottle_Domaine_de_La_Bastide_Vincent_Stphanie_Boye.png,Côtes-du-Rhône,Domaine de La Bastide - Vincent & Stéphanie Boyer,"red fruit, earth, black fruit, oak, non oak, spices, microbio, tree fruit, citrus fruit, dried fruit, floral, vegetal, tropical fruit","Beef, Lamb, Game (deer, venison)","Shiraz/Syrah, Grenache, Mourvedre"
Domaine Pavelot - Jean-Marc et Hughes Savigny-les-Beaune 1er Cru 'La Dominode' 2022,France,58,4,images/Domaine_Pavelot_Jean_Marc_et_Hughes_Savigny_les_Be.png,images/bottle_Domaine_Pavelot_Jean_Marc_et_Hughes_Savigny.png,Savigny-lès-Beaune 1er Cru 'La Dominode',Domaine Pavelot - Jean-Marc et Hughes,"red fruit, earth, oak, microbio, non oak, spices, black fruit, vegetal, floral, dried fruit, citrus fruit, tree fruit","Beef, Veal, Game (deer, venison), Poultry",Pinot Noir
Château de Sales Pomerol 2010,France,74,3.9,images/Chteau_de_Sales_Pomerol_2010.png,images/bottle_Chteau_de_Sales_Pomerol_2010.png,Pomerol,Château de Sales,"oak, earth, black fruit, non oak, red fruit, spices, microbio, floral, dried fruit, vegetal, citrus fruit, tree fruit","Beef, Lamb, Game (deer, venison), Poultry","Cabernet Sauvignon, Cabernet Franc, Malbec, Merlot, Petit Verdot, Carménère"
Domaine Faiveley Nuits-Saint-Georges 1er Cru Clos de La Maréchale 1993,France,263,4,images/Domaine_Faiveley_Nuits_Saint_Georges_1er_Cru_Clos_.png,images/bottle_Domaine_Faiveley_Nuits_Saint_Georges_1er_Cr.png,Nuits-Saint-Georges,Domaine Faiveley,"earth, red fruit, oak, spices, microbio, non oak, black fruit, dried fruit, floral, vegetal, citrus fruit","Beef, Veal, Game (deer, venison), Poultry",Pinot Noir
Château Larrivet Haut-Brion Pessac-Léognan 2015,France,45,4.2,images/Chteau_Larrivet_Haut_Brion_Pessac_Lognan_2015.png,images/bottle_Chteau_Larrivet_Haut_Brion_Pessac_Lognan_20.png,Pessac-Léognan,Château Larrivet Haut-Brion,"oak, earth, black fruit, non oak, red fruit, spices, microbio, vegetal, dried fruit, floral, citrus fruit, tree fruit, tropical fruit","Beef, Lamb, Game (deer, venison), Poultry","Cabernet Sauvignon, Cabernet Franc, Malbec, Merlot, Petit Verdot, Carménère"
Stephen Vincent Pinot Noir 2022,United States,15.99,3.7,images/Stephen_Vincent_Pinot_Noir_2022.png,images/bottle_Stephen_Vincent_Pinot_Noir_2022.png,North Coast,Stephen Vincent,"red fruit, oak, non oak, spices, black fruit, earth, microbio, dried fruit, tree fruit, citrus fruit, vegetal","Beef, Veal, Game (deer, venison), Poultry",Pinot Noir
Domaine Drouhin Louise Pinot Noir 2006,United States,174,4.2,images/Domaine_Drouhin_Louise_Pinot_Noir_2006.png,images/bottle_Domaine_Drouhin_Louise_Pinot_Noir_2006.png,Dundee Hills,Domaine Drouhin,"red fruit, oak, earth, non oak, spices, microbio, black fruit, citrus fruit, dried fruit, floral, vegetal","Beef, Veal, Game (deer, venison), Poultry",Pinot Noir
Andrew Geoffrey Vineyards Cabernet Sauvignon 2018,United States,109.99,4.4,images/Andrew_Geoffrey_Vineyards_Cabernet_Sauvignon_2018.png,images/bottle_Andrew_Geoffrey_Vineyards_Cabernet_Sauvigno.png,Diamond Mountain District,Andrew Geoffrey Vineyards,"oak, black fruit, earth, non oak, spices, red fruit, microbio, dried fruit, vegetal, citrus fruit, floral, tree fruit, tropical fruit","Beef, Lamb, Game (deer, venison), Mature and hard cheese, Poultry",Cabernet Sauvignon
Spring Valley Vineyard Nina Lee 2019,United States,65,4.2,images/Spring_Valley_Vineyard_Nina_Lee_2019.png,images/bottle_Spring_Valley_Vineyard_Nina_Lee_2019.png,Walla Walla Valley,Spring Valley Vineyard,"black fruit, oak, spices, earth, red fruit, non oak, floral, microbio, citrus fruit, vegetal, dried fruit, tree fruit","Beef, Lamb, Game (deer, venison), Poultry",Shiraz/Syrah
Hospices de Beaune Mazis-Chambertin Grand Cru Cuvée Madeleine Collignon 1985,France,989,4.4,images/Hospices_de_Beaune_Mazis_Chambertin_Grand_Cru_Cuve.png,images/bottle_Hospices_de_Beaune_Mazis_Chambertin_Grand_C.png,Mazis-Chambertin Grand Cru,Hospices de Beaune,"earth, oak, red fruit, non oak, black fruit, spices, microbio, floral, dried fruit, citrus fruit, tropical fruit","Beef, Veal, Game (deer, venison), Poultry",Pinot Noir
Outpost Zinfandel 2020,United States,88,4.3,images/Outpost_Zinfandel_2020.png,images/bottle_Outpost_Zinfandel_2020.png,Howell Mountain,Outpost,"black fruit, oak, spices, red fruit, non oak, earth, dried fruit, microbio, citrus fruit, floral, vegetal, tree fruit, tropical fruit","Beef, Lamb, Poultry",Zinfandel
Lagarde Malbec Primeras Viñas 2019,Argentina,39.99,4.1,images/Lagarde_Malbec_Primeras_Vias_2019.png,images/bottle_Lagarde_Malbec_Primeras_Vias_2019.png,Perdriel,Lagarde,"oak, black fruit, spices, non oak, earth, red fruit, dried fruit, floral, microbio, citrus fruit, vegetal, tree fruit","Beef, Lamb, Pork",Malbec
Château Haut-Marbuzet Saint-Estèphe 2016,France,75.99,4.3,images/Chteau_Haut_Marbuzet_Saint_Estphe_2016.png,images/bottle_Chteau_Haut_Marbuzet_Saint_Estphe_2016.png,Saint-Estèphe,Château Haut-Marbuzet,"oak, earth, black fruit, non oak, red fruit, spices, microbio, floral, dried fruit, vegetal, citrus fruit, tree fruit","Beef, Lamb, Game (deer, venison), Poultry","Cabernet Sauvignon, Cabernet Franc, Malbec, Merlot, Petit Verdot, Carménère"
Tenuta delle Terre Nere Etna Rosso 2022,Italy,27.99,4.1,images/Tenuta_delle_Terre_Nere_Etna_Rosso_2022.png,images/bottle_Tenuta_delle_Terre_Nere_Etna_Rosso_2022.png,Etna,Tenuta delle Terre Nere,"red fruit, earth, oak, non oak, spices, black fruit, floral, microbio, vegetal, citrus fruit, dried fruit, tree fruit, tropical fruit","Beef, Pasta, Lamb","Primitivo, Aglianico, Negroamaro, Nero d'Avola"
Grattamacco Bolgheri Rosso 2020,Italy,29.99,4,images/Grattamacco_Bolgheri_Rosso_2020.png,images/bottle_Grattamacco_Bolgheri_Rosso_2020.png,Bolgheri,Grattamacco,"oak, black fruit, earth, non oak, red fruit, spices, microbio, vegetal, floral, dried fruit, citrus fruit, tree fruit, tropical fruit","Beef, Pasta, Lamb, Veal, Game (deer, venison)","Cabernet Sauvignon, Merlot, Sangiovese"
Mascarello Giuseppe e Figlio Barolo Villero 1978,Italy,659,4.2,images/Mascarello_Giuseppe_e_Figlio_Barolo_Villero_1978.png,images/bottle_Mascarello_Giuseppe_e_Figlio_Barolo_Villero.png,Barolo,Mascarello Giuseppe e Figlio,"earth, red fruit, oak, non oak, spices, black fruit, floral, microbio, dried fruit, citrus fruit, vegetal","Beef, Pasta, Lamb, Game (deer, venison)",Nebbiolo
Josh Cellars Reserve Paso Robles Cabernet Sauvignon 2021,United States,19.99,4,images/Josh_Cellars_Reserve_Paso_Robles_Cabernet_Sauvigno.png,images/bottle_Josh_Cellars_Reserve_Paso_Robles_Cabernet_S.png,Paso Robles,Josh Cellars,"oak, black fruit, non oak, red fruit, earth, spices, dried fruit, microbio, vegetal, floral, citrus fruit, tree fruit, tropical fruit","Beef, Lamb, Game (deer, venison)",Cabernet Sauvignon
Domaine Denis Bachelet Côte de Nuits-Villages 2022,France,115,4,images/Domaine_Denis_Bachelet_Cte_de_Nuits_Villages_2022.png,images/bottle_Domaine_Denis_Bachelet_Cte_de_Nuits_Village.png,Côte de Nuits Villages,Domaine Denis Bachelet,"red fruit, earth, oak, non oak, black fruit, spices, microbio, floral, vegetal, citrus fruit, dried fruit, tree fruit","Beef, Veal, Game (deer, venison), Poultry",Pinot Noir
Domaine Taupenot-Merme Morey Saint Denis 2022,France,129,4.1,images/Domaine_Taupenot_Merme_Morey_Saint_Denis_2022.png,images/bottle_Domaine_Taupenot_Merme_Morey_Saint_Denis_20.png,Morey-Saint-Denis,Domaine Taupenot-Merme,"red fruit, earth, oak, microbio, black fruit, spices, non oak, floral, vegetal, citrus fruit, tropical fruit, tree fruit","Beef, Veal, Game (deer, venison), Poultry",Pinot Noir
G.D. Vajra Barbera d'Alba 2023,Italy,21.99,4.1,images/GD_Vajra_Barbera_dAlba_2023.png,images/bottle_GD_Vajra_Barbera_dAlba_2023.png,Barbera d'Alba,G.D. Vajra,"red fruit, earth, black fruit, oak, non oak, spices, microbio, vegetal, floral, dried fruit, citrus fruit, tree fruit, tropical fruit","Pasta, Veal, Pork, Game (deer, venison), Poultry",Barbera
Paso d'Oro Cabernet Sauvignon 2023,United States,19.99,4.1,images/Paso_dOro_Cabernet_Sauvignon_2023.jpg,,Paso Robles,Paso d'Oro,,"Beef, Lamb, Game (deer, venison)",Cabernet Sauvignon
Westwood Legend Proprietary Red 2021,United States,55,4.2,images/Westwood_Legend_Proprietary_Red_2021.png,images/bottle_Westwood_Legend_Proprietary_Red_2021.png,Sonoma Valley,Westwood,"oak, black fruit, red fruit, non oak, earth, spices, microbio, dried fruit, floral, vegetal, tropical fruit, tree fruit","Beef, Lamb, Veal, Poultry","Shiraz/Syrah, Cabernet Sauvignon, Merlot, Zinfandel"
Bodegas Ponce Gulp Hablo Garnacha 2023,Spain,10.99,3.7,images/Bodegas_Ponce_Gulp_Hablo_Garnacha_2023.png,images/bottle_Bodegas_Ponce_Gulp_Hablo_Garnacha_2023.png,La Mancha,Bodegas Ponce,"red fruit, black fruit, citrus fruit, oak, earth, spices, vegetal, dried fruit, floral, non oak, tropical fruit, microbio","Beef, Pasta, Lamb, Game (deer, venison), Poultry",Grenache
Château Clinet Pomerol by Clinet 2022,France,42.99,3.8,images/Chteau_Clinet_Pomerol_by_Clinet_2022.png,images/bottle_Chteau_Clinet_Pomerol_by_Clinet_2022.png,Pomerol,Château Clinet,"black fruit, oak, earth, non oak, red fruit, spices, microbio, floral, vegetal, dried fruit, citrus fruit","Beef, Lamb, Game (deer, venison), Poultry","Cabernet Sauvignon, Cabernet Franc, Malbec, Merlot, Petit Verdot, Carménère"
Domaine Pierre Gonon Les Iles Feray 2023,France,95,4.1,images/Domaine_Pierre_Gonon_Les_Iles_Feray_2023.png,images/bottle_Domaine_Pierre_Gonon_Les_Iles_Feray_2023.png,Ardèche,Domaine Pierre Gonon,"black fruit, oak, earth, spices, red fruit, non oak, floral, vegetal, dried fruit, microbio, tropical fruit, tree fruit, citrus fruit",,
Terre da Vino Barolo 2010,Italy,62,3.5,images/Terre_da_Vino_Barolo_2010.png,images/bottle_Terre_da_Vino_Barolo_2010.png,Barolo,Terre da Vino,"oak, red fruit, earth, non oak, black fruit, spices, microbio, floral, dried fruit, citrus fruit, vegetal, tree fruit, tropical fruit","Beef, Pasta, Lamb, Game (deer, venison)",Nebbiolo
Laird Family Estate Cabernet Sauvignon 1999,United States,196,4.3,images/Laird_Family_Estate_Cabernet_Sauvignon_1999.png,images/bottle_Laird_Family_Estate_Cabernet_Sauvignon_1999.png,Napa Valley,Laird Family Estate,"oak, black fruit, non oak, spices, red fruit, earth, microbio, dried fruit, citrus fruit, floral, vegetal","Beef, Lamb, Game (deer, venison), Mature and hard cheese, Poultry",Cabernet Sauvignon
H3 Wines Cabernet Sauvignon 2020,United States,14.99,3.8,images/H3_Wines_Cabernet_Sauvignon_2020.png,images/bottle_H3_Wines_Cabernet_Sauvignon_2020.png,Horse Heaven Hills,H3 Wines,"oak, black fruit, earth, non oak, red fruit, spices, microbio, dried fruit, vegetal, floral, citrus fruit, tree fruit, tropical fruit","Beef, Lamb, Game (deer, venison), Poultry",Cabernet Sauvignon
Terroir Al Límit Soc. Lda Historic Tinto 2018,Spain,31.99,3.9,images/Terroir_Al_Lmit_Soc_Lda_Historic_Tinto_2018.png,images/bottle_Terroir_Al_Lmit_Soc_Lda_Historic_Tinto_2018.png,Priorat,Terroir Al Límit Soc. Lda,"red fruit, earth, oak, spices, black fruit, non oak, microbio, floral, vegetal, tree fruit, citrus fruit, dried fruit","Beef, Lamb, Game (deer, venison), Poultry","Shiraz/Syrah, Cabernet Sauvignon, Grenache, Carignan"
Böen Pinot Noir 2019,United States,20,4,images/Ben_Pinot_Noir_2019.png,images/bottle_Ben_Pinot_Noir_2019.png,California,Böen,"red fruit, oak, non oak, black fruit, spices, earth, dried fruit, microbio, vegetal, tree fruit, citrus fruit, floral, tropical fruit","Beef, Veal, Game (deer, venison), Poultry",Pinot Noir
Betz Family Winery Clos de Betz 2019,United States,70.99,4.1,images/Betz_Family_Winery_Clos_de_Betz_2019.png,images/bottle_Betz_Family_Winery_Clos_de_Betz_2019.png,Columbia Valley,Betz Family Winery,"oak, earth, black fruit, non oak, red fruit, spices, floral, microbio, vegetal, dried fruit, tree fruit, citrus fruit","Beef, Game (deer, venison), Mature and hard cheese, Mushrooms","Cabernet Sauvignon, Cabernet Franc, Malbec, Merlot, Petit Verdot, Carménère"
My Favorite Neighbor Cabernet Sauvignon 2021,United States,59.99,4.2,images/My_Favorite_Neighbor_Cabernet_Sauvignon_2021.png,images/bottle_My_Favorite_Neighbor_Cabernet_Sauvignon_202.png,San Luis Obispo County,My Favorite Neighbor,"oak, black fruit, earth, non oak, red fruit, spices, microbio, dried fruit, floral, vegetal, tree fruit, citrus fruit, tropical fruit","Beef, Lamb, Game (deer, venison), Poultry",Cabernet Sauvignon
Sheridan Vineyard Crossfork Creek Merlot 2022,United States,26.97,3.8,images/Sheridan_Vineyard_Crossfork_Creek_Merlot_2022.png,images/bottle_Sheridan_Vineyard_Crossfork_Creek_Merlot_20.png,Yakima Valley,Sheridan Vineyard,"oak, black fruit, red fruit, non oak, spices, earth, microbio, dried fruit, floral, vegetal, tree fruit, citrus fruit","Beef, Lamb, Veal",Merlot
Continuum Continuum Estate 2014,United States,229,4.6,images/Continuum_Continuum_Estate_2014.png,images/bottle_Continuum_Continuum_Estate_2014.png,Oakville,Continuum,"oak, black fruit, non oak, earth, spices, red fruit, microbio, floral, dried fruit, vegetal, tree fruit, citrus fruit, tropical fruit","Beef, Lamb, Game (deer, venison), Poultry","Cabernet Sauvignon, Cabernet Franc, Malbec, Merlot, Petit Verdot"
Dalla Valle Collina 2021,United States,137,4.4,images/Dalla_Valle_Collina_2021.png,images/bottle_Dalla_Valle_Collina_2021.png,Napa Valley,Dalla Valle,"oak, non oak, spices, black fruit, red fruit, earth, microbio, dried fruit, floral, tree fruit, vegetal","Beef, Lamb, Game (deer, venison), Poultry","Cabernet Sauvignon, Cabernet Franc, Malbec, Merlot, Petit Verdot"
Paul Jaboulet Aîné Crozes-Hermitage Les Jalets 2019,France,14,4,images/Paul_Jaboulet_An_Crozes_Hermitage_Les_Jalets_2019.png,images/bottle_Paul_Jaboulet_An_Crozes_Hermitage_Les_Jalet.png,Crozes-Hermitage,Paul Jaboulet Aîné,"black fruit, earth, oak, spices, red fruit, non oak, microbio, floral, dried fruit, vegetal, citrus fruit, tree fruit, tropical fruit","Beef, Lamb, Game (deer, venison), Poultry",Shiraz/Syrah
Robert Mondavi Winery Stag’s Leap District Cabernet Sauvignon 2000,United States,191,4.3,images/Robert_Mondavi_Winery_Stags_Leap_District_Cabernet.png,images/bottle_Robert_Mondavi_Winery_Stags_Leap_District_C.png,Stags Leap District,Robert Mondavi Winery,"oak, black fruit, non oak, red fruit, spices, earth, microbio, citrus fruit, tree fruit, vegetal, tropical fruit","Beef, Lamb, Game (deer, venison), Mature and hard cheese, Poultry",Cabernet Sauvignon
Postmark Cabernet Sauvignon 2021,United States,24.99,4,images/Postmark_Cabernet_Sauvignon_2021.png,images/bottle_Postmark_Cabernet_Sauvignon_2021.png,Paso Robles,Postmark,"oak, black fruit, non oak, spices, earth, red fruit, microbio, dried fruit, vegetal, floral, citrus fruit, tree fruit, tropical fruit","Beef, Lamb, Game (deer, venison)",Cabernet Sauvignon
Castelsina Chianti Riserva 2021,Italy,13.99,3.6,images/Castelsina_Chianti_Riserva_2021.png,images/bottle_Castelsina_Chianti_Riserva_2021.png,Chianti,Castelsina,"red fruit, oak, black fruit, earth, non oak, spices, microbio, citrus fruit, floral, vegetal, dried fruit","Beef, Veal, Poultry","Sangiovese, Trebbiano, Canaiolo Nero, Malvasia Nera"
Château du Tertre Margaux (Grand Cru Classé) 2015,France,65,4.1,images/Chteau_du_Tertre_Margaux_Grand_Cru_Class_2015.png,images/bottle_Chteau_du_Tertre_Margaux_Grand_Cru_Class_20.png,Margaux,Château du Tertre,"oak, earth, black fruit, non oak, spices, red fruit, microbio, floral, vegetal, dried fruit, citrus fruit, tree fruit, tropical fruit","Beef, Lamb, Game (deer, venison), Poultry","Cabernet Sauvignon, Cabernet Franc, Malbec, Merlot, Petit Verdot, Carménère"
Podere Sapaio Sapaio Bolgheri Volpolo 2019,Italy,27.99,4.1,images/Podere_Sapaio_Sapaio_Bolgheri_Volpolo_2019.png,images/bottle_Podere_Sapaio_Sapaio_Bolgheri_Volpolo_2019.png,Bolgheri,Podere Sapaio,"black fruit, oak, earth, non oak, red fruit, spices, microbio, floral, vegetal, dried fruit, citrus fruit, tree fruit","Beef, Pasta, Lamb, Veal, Game (deer, venison)","Cabernet Sauvignon, Merlot, Sangiovese"
Ziobaffa Toscana 2019,Italy,12.99,4,images/Ziobaffa_Toscana_2019.png,images/bottle_Ziobaffa_Toscana_2019.png,Toscana,Ziobaffa,"red fruit, oak, earth, non oak, black fruit, spices, microbio, floral, vegetal, dried fruit, tree fruit, citrus fruit","Beef, Lamb, Veal, Poultry, Cured Meat","Cabernet Sauvignon, Merlot, Sangiovese, Canaiolo Nero"
St. Huberts The Stag Cabernet Sauvignon 2017,United States,27.99,4,images/St_Huberts_The_Stag_Cabernet_Sauvignon_2017.png,images/bottle_St_Huberts_The_Stag_Cabernet_Sauvignon_2017.png,Paso Robles,St. Huberts,"oak, black fruit, non oak, red fruit, earth, spices, microbio, dried fruit, vegetal, floral, citrus fruit, tree fruit, tropical fruit","Beef, Lamb, Game (deer, venison)",Cabernet Sauvignon
Selvapiana Chianti Rufina 2016,Italy,13.89,3.7,images/Selvapiana_Chianti_Rufina_2016.png,images/bottle_Selvapiana_Chianti_Rufina_2016.png,Chianti Rùfina,Selvapiana,"red fruit, oak, earth, non oak, spices, black fruit, microbio, vegetal, floral, dried fruit, citrus fruit, tree fruit, tropical fruit","Beef, Veal, Poultry","Sangiovese, Trebbiano, Canaiolo Nero, Malvasia Nera"
Evesham Wood Le Puits Sec Pinot Noir 2021,United States,44.99,3.9,images/Evesham_Wood_Le_Puits_Sec_Pinot_Noir_2021.png,images/bottle_Evesham_Wood_Le_Puits_Sec_Pinot_Noir_2021.png,Eola-Amity Hills,Evesham Wood,"red fruit, earth, oak, non oak, spices, black fruit, microbio, floral, vegetal, citrus fruit, tree fruit, dried fruit","Beef, Veal, Game (deer, venison), Poultry",Pinot Noir
Elio Altare La Villa Langhe Rosso 1995,Italy,174,4.2,images/Elio_Altare_La_Villa_Langhe_Rosso_1995.png,images/bottle_Elio_Altare_La_Villa_Langhe_Rosso_1995.png,Langhe,Elio Altare,"oak, red fruit, black fruit, earth, non oak, spices, microbio, floral, vegetal, dried fruit, citrus fruit","Beef, Pasta, Lamb, Game (deer, venison)","Nebbiolo, Barbera, Dolcetto"
Corino Arborina Barolo 2019,Italy,89.99,4.2,images/Corino_Arborina_Barolo_2019.png,images/bottle_Corino_Arborina_Barolo_2019.png,Barolo,Corino,"oak, earth, non oak, red fruit, black fruit, spices, floral, microbio, dried fruit, tree fruit, tropical fruit, vegetal","Beef, Pasta, Lamb, Game (deer, venison)",Nebbiolo
Domaine Vacheron Sancerre Belle Dame 2022,France,88.99,4.1,images/Domaine_Vacheron_Sancerre_Belle_Dame_2022.png,images/bottle_Domaine_Vacheron_Sancerre_Belle_Dame_2022.png,Sancerre,Domaine Vacheron,"red fruit, earth, oak, non oak, spices, black fruit, microbio, citrus fruit, floral, vegetal, dried fruit, tree fruit","Veal, Game (deer, venison), Poultry","Cabernet Franc, Pinot Noir, Gamay, Grolleau"
San Simeon Wines Pinot Noir 2023,United States,22.95,3.7,images/San_Simeon_Wines_Pinot_Noir_2023.png,images/bottle_San_Simeon_Wines_Pinot_Noir_2023.png,Monterey,San Simeon Wines,"oak, red fruit, earth, spices, non oak, black fruit, vegetal, microbio, citrus fruit, floral, dried fruit, tree fruit, tropical fruit","Beef, Veal, Game (deer, venison), Poultry",Pinot Noir
El Molino Pinot Noir 2019,United States,97,4.5,images/El_Molino_Pinot_Noir_2019.png,images/bottle_El_Molino_Pinot_Noir_2019.png,Rutherford,El Molino,"red fruit, oak, earth, non oak, black fruit, spices, microbio, dried fruit, floral, vegetal, tree fruit","Beef, Veal, Game (deer, venison), Poultry",Pinot Noir
Illuminati Montepulciano d'Abruzzo Riparosso 2018,Italy,69.99,3.6,images/Illuminati_Montepulciano_dAbruzzo_Riparosso_2018.png,images/bottle_Illuminati_Montepulciano_dAbruzzo_Riparosso.png,Montepulciano d'Abruzzo,Illuminati,"oak, red fruit, black fruit, earth, non oak, spices, microbio, vegetal, floral, dried fruit, citrus fruit, tree fruit","Beef, Pasta, Veal, Pork",Montepulciano
Montecillo Rioja Crianza 2019,Spain,11.99,3.8,images/Montecillo_Rioja_Crianza_2019.png,images/bottle_Montecillo_Rioja_Crianza_2019.png,Rioja,Montecillo,"oak, red fruit, non oak, earth, spices, black fruit, microbio, vegetal, dried fruit, citrus fruit, floral, tree fruit, tropical fruit","Beef, Lamb, Veal, Poultry","Tempranillo, Graciano, Garnacha"
If You See Kay Red Blend 2013,United States,53,4,images/If_You_See_Kay_Red_Blend_2013.png,images/bottle_If_You_See_Kay_Red_Blend_2013.png,Paso Robles,If You See Kay,"oak, black fruit, red fruit, non oak, earth, spices, microbio, dried fruit, vegetal, floral, citrus fruit, tree fruit, tropical fruit","Beef, Lamb, Veal, Poultry","Shiraz/Syrah, Cabernet Sauvignon, Merlot, Zinfandel"
Domaine Taupenot-Merme Morey Saint Denis Premier Cru La Riotte 2022,France,203,4.2,images/Domaine_Taupenot_Merme_Morey_Saint_Denis_Premier_C.png,images/bottle_Domaine_Taupenot_Merme_Morey_Saint_Denis_Pr.png,Morey-Saint-Denis Premier Cru,Domaine Taupenot-Merme,"earth, red fruit, oak, microbio, non oak, black fruit, spices, floral, dried fruit, vegetal, tropical fruit, citrus fruit","Beef, Veal, Game (deer, venison), Poultry",Pinot Noir
Piedrasassi Rim Rock Vineyard Syrah 2021,United States,51,4.1,images/Piedrasassi_Rim_Rock_Vineyard_Syrah_2021.png,images/bottle_Piedrasassi_Rim_Rock_Vineyard_Syrah_2021.png,Arroyo Grande Valley,Piedrasassi,"black fruit, earth, spices, oak, red fruit, non oak, floral, microbio, vegetal, dried fruit, tropical fruit, tree fruit","Beef, Lamb, Game (deer, venison), Poultry",Shiraz/Syrah
Château de Saint Cosme Saint Cosme Côtes du Rhône 2023,France,14.99,3.8,images/Chteau_de_Saint_Cosme_Saint_Cosme_Ctes_du_Rhne_202.png,images/bottle_Chteau_de_Saint_Cosme_Saint_Cosme_Ctes_du_R.png,Côtes-du-Rhône,Château de Saint Cosme,"black fruit, earth, oak, red fruit, spices, non oak, microbio, floral, dried fruit, vegetal, tree fruit, citrus fruit, tropical fruit","Beef, Lamb, Game (deer, venison)","Shiraz/Syrah, Grenache, Mourvedre"
Bacio Divino Janzen Cabernet Sauvignon 2022,United States,89.99,4.2,images/Bacio_Divino_Janzen_Cabernet_Sauvignon_2022.png,images/bottle_Bacio_Divino_Janzen_Cabernet_Sauvignon_2022.png,Napa Valley,Bacio Divino,"oak, black fruit, earth, red fruit, non oak, spices, dried fruit, microbio, vegetal, tropical fruit, tree fruit","Beef, Lamb, Game (deer, venison), Mature and hard cheese, Poultry",Cabernet Sauvignon
Hospices de Beaune Beaune Premier Cru Cuvée Maurice Drouhin (Joseph Drouhin) 1961,France,640,4.3,images/Hospices_de_Beaune_Beaune_Premier_Cru_Cuve_Maurice.png,images/bottle_Hospices_de_Beaune_Beaune_Premier_Cru_Cuve_.png,Beaune Premier Cru,Hospices de Beaune,"earth, red fruit, oak, black fruit, microbio, non oak, spices, floral, dried fruit, vegetal, tree fruit, citrus fruit","Beef, Veal, Game (deer, venison), Poultry",Pinot Noir
Vallana Spanna Colline Novaresi 2021,Italy,33,3.8,images/Vallana_Spanna_Colline_Novaresi_2021.png,images/bottle_Vallana_Spanna_Colline_Novaresi_2021.png,Piemonte,Vallana,"earth, red fruit, oak, non oak, black fruit, spices, microbio, floral, dried fruit, vegetal, tropical fruit, citrus fruit","Beef, Lamb, Game (deer, venison), Poultry",Nebbiolo
Deerfield Ranch Red Rex 2021,United States,40,4.2,images/Deerfield_Ranch_Red_Rex_2021.png,images/bottle_Deerfield_Ranch_Red_Rex_2021.png,Sonoma County,Deerfield Ranch,"oak, non oak, red fruit, black fruit, spices, earth, microbio, dried fruit, tree fruit, floral, citrus fruit, vegetal","Beef, Lamb, Veal, Poultry","Shiraz/Syrah, Cabernet Sauvignon, Merlot, Zinfandel"
Tobin James Cellars Zinfandel James Gang Reserve 2019,United States,34,4.1,images/Tobin_James_Cellars_Zinfandel_James_Gang_Reserve_2.png,images/bottle_Tobin_James_Cellars_Zinfandel_James_Gang_Re.png,Paso Robles,Tobin James Cellars,"black fruit, oak, earth, red fruit, non oak, spices, dried fruit, microbio, tree fruit, vegetal","Beef, Lamb, Poultry",Zinfandel
Intellego Kedungu 2022,South Africa,29,3.7,images/Intellego_Kedungu_2022.png,images/bottle_Intellego_Kedungu_2022.png,Swartland,Intellego,"red fruit, earth, oak, black fruit, spices, non oak, vegetal, floral, microbio, dried fruit, citrus fruit, tropical fruit, tree fruit","Beef, Lamb, Game (deer, venison)","Shiraz/Syrah, Grenache, Mourvedre"
La Belle Angèle Cabernet Sauvignon 2023,France,12.97,3.3,images/La_Belle_Angle_Cabernet_Sauvignon_2023.png,images/bottle_La_Belle_Angle_Cabernet_Sauvignon_2023.png,Vin de Pays,La Belle Angèle,"red fruit, black fruit, oak, spices, earth, non oak, tree fruit",,
Frédéric Magnien Chambolle-Musigny Premier Cru 'Borniques' 2022,France,250,4.2,images/Frdric_Magnien_Chambolle_Musigny_Premier_Cru_Borni.png,images/bottle_Frdric_Magnien_Chambolle_Musigny_Premier_Cr.png,Chambolle-Musigny 1er Cru 'Les Borniques',Frédéric Magnien,"red fruit, oak, earth, non oak, black fruit, microbio, spices, floral, dried fruit, vegetal","Beef, Veal, Game (deer, venison), Poultry",Pinot Noir
Nervi Gattinara 2016,Italy,139,4.2,images/Nervi_Gattinara_2016.png,images/bottle_Nervi_Gattinara_2016.png,Gattinara,Nervi,"red fruit, earth, oak, spices, non oak, black fruit, floral, microbio, dried fruit, vegetal, citrus fruit, tree fruit, tropical fruit","Beef, Lamb, Game (deer, venison), Poultry",Nebbiolo
Château Cheval Blanc Saint-Émilion Grand Cru (Premier Grand Cru Classé) 2000,France,972,4.7,images/Chteau_Cheval_Blanc_Saint_milion_Grand_Cru_Premier.png,images/bottle_Chteau_Cheval_Blanc_Saint_milion_Grand_Cru_.png,Saint-Émilion Grand Cru,Château Cheval Blanc,"oak, earth, black fruit, non oak, red fruit, spices, microbio, floral, dried fruit, vegetal, citrus fruit, tree fruit, tropical fruit","Beef, Lamb, Game (deer, venison), Poultry","Cabernet Sauvignon, Cabernet Franc, Malbec, Merlot, Petit Verdot, Carménère"
Jonata La Sangre de Jonata 2019,United States,194.99,4.4,images/Jonata_La_Sangre_de_Jonata_2019.png,images/bottle_Jonata_La_Sangre_de_Jonata_2019.png,Ballard Canyon,Jonata,"oak, black fruit, earth, spices, non oak, red fruit, floral, vegetal, microbio, tree fruit, dried fruit, citrus fruit, tropical fruit","Beef, Lamb, Game (deer, venison), Poultry",Shiraz/Syrah
Perillo Taurasi 2013,Italy,72,4.1,images/Perillo_Taurasi_2013.png,images/bottle_Perillo_Taurasi_2013.png,Taurasi,Perillo,"earth, oak, black fruit, red fruit, non oak, spices, dried fruit, microbio, vegetal, tropical fruit, citrus fruit, floral","Beef, Pasta, Lamb","Primitivo, Aglianico, Negroamaro, Nero d'Avola"
Goldschmidt Vineyards Chelsea Goldschmidt Merlot 2022,United States,21.99,3.9,images/Goldschmidt_Vineyards_Chelsea_Goldschmidt_Merlot_2.png,images/bottle_Goldschmidt_Vineyards_Chelsea_Goldschmidt_M.png,Alexander Valley,Goldschmidt Vineyards,"oak, black fruit, red fruit, earth, spices, non oak, microbio, dried fruit, floral, tree fruit, citrus fruit, vegetal","Beef, Lamb, Veal",Merlot
Telmo Rodriguez As Caborcas Single Vineyard 2021,Spain,98.99,4.1,images/Telmo_Rodriguez_As_Caborcas_Single_Vineyard_2021.png,images/bottle_Telmo_Rodriguez_As_Caborcas_Single_Vineyard.png,Valdeorras,Telmo Rodriguez,"earth, red fruit, oak, non oak, black fruit, spices, citrus fruit, vegetal, microbio, dried fruit, floral, tree fruit","Veal, Game (deer, venison), Poultry",Mencia
Banfi Poggio all'Oro Brunello di Montalcino Riserva 1995,Italy,194,4.6,images/Banfi_Poggio_allOro_Brunello_di_Montalcino_Riserva.png,images/bottle_Banfi_Poggio_allOro_Brunello_di_Montalcino_.png,Brunello di Montalcino,Banfi,"oak, earth, non oak, black fruit, red fruit, spices, microbio, dried fruit, floral, vegetal, citrus fruit, tree fruit, tropical fruit","Beef, Lamb, Game (deer, venison), Poultry",Sangiovese
Vega Sicilia Unico (Gran Reserva) 2013,Spain,499.99,4.7,images/Vega_Sicilia_Unico_Gran_Reserva_2013.png,images/bottle_Vega_Sicilia_Unico_Gran_Reserva_2013.png,Ribera del Duero,Vega Sicilia,"oak, earth, non oak, black fruit, spices, red fruit, microbio, dried fruit, floral, vegetal, citrus fruit, tree fruit, tropical fruit","Beef, Lamb, Game (deer, venison)",Tempranillo
J. Lohr Vineyards & Wines Hilltop Cabernet Sauvignon 2021,United States,15.99,4.1,images/J_Lohr_Vineyards_Wines_Hilltop_Cabernet_Sauvignon_.png,images/bottle_J_Lohr_Vineyards_Wines_Hilltop_Cabernet_Sau.png,Paso Robles,J. Lohr Vineyards & Wines,"oak, black fruit, red fruit, non oak, spices, earth, microbio, dried fruit, floral, tree fruit, vegetal, citrus fruit, tropical fruit","Beef, Lamb, Game (deer, venison)",Cabernet Sauvignon
Château Guillot Pomerol 1989,France,85,4,images/Chteau_Guillot_Pomerol_1989.png,images/bottle_Chteau_Guillot_Pomerol_1989.png,Pomerol,Château Guillot,"earth, oak, black fruit, non oak, microbio, spices, red fruit, dried fruit, floral, vegetal","Beef, Lamb, Game (deer, venison), Poultry","Cabernet Sauvignon, Cabernet Franc, Malbec, Merlot, Petit Verdot, Carménère"
Dusted Valley Cabernet Sauvignon 2022,United States,42,4,images/Dusted_Valley_Cabernet_Sauvignon_2022.png,images/bottle_Dusted_Valley_Cabernet_Sauvignon_2022.png,Columbia Valley,Dusted Valley,"oak, black fruit, red fruit, spices, non oak, earth, microbio, dried fruit, floral, vegetal, tree fruit, citrus fruit","Beef, Lamb, Game (deer, venison), Poultry",Cabernet Sauvignon
Mark Herold Herold Brown Label Cabernet Sauvignon 2021,United States,119.99,4.5,images/Mark_Herold_Herold_Brown_Label_Cabernet_Sauvignon_.png,images/bottle_Mark_Herold_Herold_Brown_Label_Cabernet_Sau.png,Coombsville,Mark Herold,"oak, black fruit, non oak, earth, spices, red fruit, microbio, floral, dried fruit, vegetal, tree fruit","Beef, Lamb, Game (deer, venison), Mature and hard cheese, Poultry",Cabernet Sauvignon
Louis M. Martini Prati Cabernet Sauvignon 2020,United States,17.99,3.9,images/Louis_M_Martini_Prati_Cabernet_Sauvignon_2020.png,images/bottle_Louis_M_Martini_Prati_Cabernet_Sauvignon_20.png,Sonoma County,Louis M. Martini,,"Beef, Lamb, Game (deer, venison)",Cabernet Sauvignon
Volpaia Chianti Classico 2021,Italy,21.99,4,images/Volpaia_Chianti_Classico_2021.png,images/bottle_Volpaia_Chianti_Classico_2021.png,Chianti Classico,Volpaia,"red fruit, oak, earth, non oak, spices, black fruit, microbio, vegetal, floral, dried fruit, citrus fruit, tree fruit, tropical fruit","Beef, Pasta, Veal, Cured Meat",Sangiovese
Tintero Elvio Langhe Nebbiolo 2023,Italy,18.99,3.8,images/Tintero_Elvio_Langhe_Nebbiolo_2023.png,images/bottle_Tintero_Elvio_Langhe_Nebbiolo_2023.png,Langhe,Tintero Elvio,"red fruit, oak, earth, non oak, spices, black fruit, floral, microbio, vegetal, dried fruit, tree fruit, citrus fruit","Beef, Lamb, Game (deer, venison), Poultry",Nebbiolo
Tommasi Rafaèl Valpolicella Classico Superiore 2020,Italy,16.99,3.9,images/Tommasi_Rafal_Valpolicella_Classico_Superiore_2020.png,images/bottle_Tommasi_Rafal_Valpolicella_Classico_Superio.png,Valpolicella Classico,Tommasi,"red fruit, oak, earth, non oak, black fruit, spices, microbio, dried fruit, vegetal, floral, citrus fruit, tree fruit, tropical fruit","Beef, Pasta, Veal, Poultry","Corvina, Rondinella, Corvinone"
Monte Real Cuvée Rioja 1970,Spain,122,4,images/Monte_Real_Cuve_Rioja_1970.png,images/bottle_Monte_Real_Cuve_Rioja_1970.png,Rioja,Monte Real,"oak, spices, non oak, red fruit, black fruit, earth, citrus fruit","Beef, Lamb, Veal, Poultry","Tempranillo, Graciano, Garnacha"
Catena Alta Cabernet Sauvignon 2018,Argentina,51,4.2,images/Catena_Alta_Cabernet_Sauvignon_2018.png,images/bottle_Catena_Alta_Cabernet_Sauvignon_2018.png,Mendoza,Catena Alta,"oak, black fruit, earth, non oak, spices, red fruit, floral, microbio, dried fruit, vegetal, tree fruit, citrus fruit, tropical fruit","Beef, Lamb, Poultry",Cabernet Sauvignon
San Zenone Brunello di Montalcino 2019,Italy,62.99,3.4,images/San_Zenone_Brunello_di_Montalcino_2019.png,images/bottle_San_Zenone_Brunello_di_Montalcino_2019.png,Brunello di Montalcino,San Zenone,"red fruit, oak, non oak, spices, black fruit, earth, microbio, dried fruit","Beef, Lamb, Game (deer, venison), Poultry",Sangiovese
Renato Ratti Ochetti Nebbiolo 2022,Italy,24.99,4,images/Renato_Ratti_Ochetti_Nebbiolo_2022.png,images/bottle_Renato_Ratti_Ochetti_Nebbiolo_2022.png,Langhe,Renato Ratti,"red fruit, oak, earth, non oak, spices, black fruit, floral, microbio, vegetal, dried fruit, citrus fruit, tree fruit, tropical fruit","Beef, Lamb, Game (deer, venison), Poultry",Nebbiolo
Kir Yianni Single Vineyard Xinomavro Ramnista 2019,Greece,29.99,3.9,images/Kir_Yianni_Single_Vineyard_Xinomavro_Ramnista_2019.png,images/bottle_Kir_Yianni_Single_Vineyard_Xinomavro_Ramnis.png,Naoussa,Kir Yianni,"oak, red fruit, earth, black fruit, non oak, spices, vegetal, microbio, floral, dried fruit, citrus fruit, tree fruit, tropical fruit","Pasta, Game (deer, venison), Mature and hard cheese",Xinomavro
Riebeek Cellars Pinotage 2023,South Africa,10.98,3.5,images/Riebeek_Cellars_Pinotage_2023.png,images/bottle_Riebeek_Cellars_Pinotage_2023.png,Swartland,Riebeek Cellars,"red fruit, oak, earth, black fruit, non oak, spices, microbio, dried fruit, tropical fruit, citrus fruit, floral, vegetal","Beef, Game (deer, venison), Poultry",Pinotage
Château Recougne Bordeaux Supérieur 2020,France,14.99,3.7,images/Chteau_Recougne_Bordeaux_Suprieur_2020.png,images/bottle_Chteau_Recougne_Bordeaux_Suprieur_2020.png,Bordeaux Supérieur,Château Recougne,"oak, earth, black fruit, red fruit, non oak, spices, microbio, vegetal, dried fruit, tree fruit, floral, citrus fruit, tropical fruit","Beef, Veal, Game (deer, venison), Poultry","Cabernet Sauvignon, Cabernet Franc, Malbec, Merlot, Petit Verdot, Carménère"
Alain de la Treille Pinot Noir 2024,France,11.98,3.6,images/Alain_de_la_Treille_Pinot_Noir_2024.png,images/bottle_Alain_de_la_Treille_Pinot_Noir_2024.png,Vin de France,Alain de la Treille,"red fruit, earth, black fruit, oak, spices, microbio, non oak, tree fruit, citrus fruit, vegetal, dried fruit, floral",,
Michel Sarrazin Givry 'Sous La Roche' 2022,France,31.99,3.9,images/Michel_Sarrazin_Givry_Sous_La_Roche_2022.png,images/bottle_Michel_Sarrazin_Givry_Sous_La_Roche_2022.png,Givry,Michel Sarrazin,"red fruit, earth, oak, black fruit, non oak, microbio, spices, floral, dried fruit, tree fruit, citrus fruit","Beef, Veal, Game (deer, venison), Poultry",Pinot Noir
Château Le Bergey Bordeaux 2023,France,14.99,3.6,images/Chteau_Le_Bergey_Bordeaux_2023.png,images/bottle_Chteau_Le_Bergey_Bordeaux_2023.png,Bordeaux,Château Le Bergey,"earth, oak, black fruit, red fruit, spices, non oak, microbio, dried fruit, tree fruit","Beef, Veal, Game (deer, venison), Poultry","Cabernet Sauvignon, Cabernet Franc, Malbec, Merlot, Petit Verdot, Carménère"
Noble Vines 667 Pinot Noir 2021,United States,11.99,3.8,images/Noble_Vines_667_Pinot_Noir_2021.png,images/bottle_Noble_Vines_667_Pinot_Noir_2021.png,Monterey,Noble Vines,"red fruit, oak, earth, spices, non oak, black fruit, microbio, dried fruit, floral, vegetal, tree fruit, citrus fruit, tropical fruit","Beef, Veal, Game (deer, venison), Poultry",Pinot Noir
Marchesi di Barolo Peiragal Barbera d'Alba 2020,Italy,39.99,4.2,images/Marchesi_di_Barolo_Peiragal_Barbera_dAlba_2020.png,images/bottle_Marchesi_di_Barolo_Peiragal_Barbera_dAlba_2.png,Barbera d'Alba,Marchesi di Barolo,"oak, black fruit, spices, red fruit, non oak, earth, microbio, dried fruit, floral, citrus fruit, tree fruit, vegetal","Pasta, Veal, Pork, Game (deer, venison), Poultry",Barbera
Feudo Maccari Saia 2016,Italy,34.99,4,images/Feudo_Maccari_Saia_2016.png,images/bottle_Feudo_Maccari_Saia_2016.png,Terre Siciliane,Feudo Maccari,"oak, black fruit, earth, red fruit, non oak, spices, dried fruit, microbio, floral, vegetal, citrus fruit, tree fruit, tropical fruit","Beef, Pasta, Lamb","Primitivo, Aglianico, Negroamaro, Nero d'Avola"
Bernard Faurie Hermitage Rouge 1985,France,249,4.2,images/Bernard_Faurie_Hermitage_Rouge_1985.png,images/bottle_Bernard_Faurie_Hermitage_Rouge_1985.png,Hermitage,Bernard Faurie,"oak, spices, earth, black fruit, non oak, red fruit, microbio, floral, dried fruit, vegetal, citrus fruit","Beef, Lamb, Game (deer, venison), Poultry",Shiraz/Syrah
Comte Lafond Sancerre Grande Cuvée Rouge 2023,France,65,4.3,images/Comte_Lafond_Sancerre_Grande_Cuve_Rouge_2023.png,images/bottle_Comte_Lafond_Sancerre_Grande_Cuve_Rouge_202.png,Sancerre,Comte Lafond,"black fruit, oak, red fruit, earth, spices, non oak, citrus fruit, vegetal, tree fruit","Veal, Game (deer, venison), Poultry","Cabernet Franc, Pinot Noir, Gamay, Grolleau"
Marietta Angeli Cuvée 2021,United States,44.99,4.1,images/Marietta_Angeli_Cuve_2021.png,images/bottle_Marietta_Angeli_Cuve_2021.png,Sonoma County,Marietta,"oak, black fruit, red fruit, earth, non oak, spices, dried fruit, microbio, vegetal, citrus fruit, tree fruit, floral, tropical fruit","Beef, Lamb, Veal, Poultry","Shiraz/Syrah, Cabernet Sauvignon, Merlot, Zinfandel"
Sottimano Maté 2024,Italy,21,3.9,images/Sottimano_Mat_2024.png,images/bottle_Sottimano_Mat_2024.png,Piemonte,Sottimano,"red fruit, floral, spices, earth, black fruit, oak, microbio, citrus fruit, non oak, tree fruit, tropical fruit, vegetal, dried fruit","Beef, Pasta, Lamb, Game (deer, venison)","Nebbiolo, Barbera, Dolcetto"
Buehler Cabernet Sauvignon Estate 2020,United States,50,4,images/Buehler_CabernetSauvignon_Estate_2020.png,images/bottle_Buehler_CabernetSauvignon_Estate_2020.png,Napa Valley,Buehler,"oak, black fruit, non oak, earth, red fruit, spices, microbio, tree fruit, floral, vegetal, dried fruit, citrus fruit","Beef, Lamb, Game (deer, venison), Mature and hard cheese, Poultry",Cabernet Sauvignon
Roy Estate Cabernet Sauvignon 2021,United States,290,4.5,images/Roy_Estate_Cabernet_Sauvignon_2021.png,images/bottle_Roy_Estate_Cabernet_Sauvignon_2021.png,Napa Valley,Roy Estate,"oak, black fruit, earth, non oak, spices, red fruit, dried fruit, microbio, floral, vegetal, citrus fruit","Beef, Lamb, Game (deer, venison), Mature and hard cheese, Poultry",Cabernet Sauvignon
Thierry Allemand Cornas 'Reynard' 2020,France,480,4.5,images/Thierry_Allemand_Cornas_Reynard_2020.png,images/bottle_Thierry_Allemand_Cornas_Reynard_2020.png,Cornas,Thierry Allemand,"earth, oak, black fruit, spices, red fruit, non oak, floral, microbio, vegetal, dried fruit, tree fruit","Beef, Lamb, Game (deer, venison), Poultry",Shiraz/Syrah
J. Lohr Vineyards & Wines Los Osos Merlot 2015,United States,23.99,4,images/J_Lohr_Vineyards_Wines_Los_Osos_Merlot_2015.png,images/bottle_J_Lohr_Vineyards_Wines_Los_Osos_Merlot_2015.png,Paso Robles,J. Lohr Vineyards & Wines,"oak, black fruit, red fruit, non oak, spices, earth, microbio, floral, dried fruit, vegetal, tree fruit, citrus fruit, tropical fruit","Beef, Lamb, Veal",Merlot
McKinlay Pinot Noir 2023,United States,27,3.8,images/McKinlay_Pinot_Noir_2023.png,images/bottle_McKinlay_Pinot_Noir_2023.png,Willamette Valley,McKinlay,"red fruit, oak, earth, non oak, spices, black fruit, microbio, vegetal, citrus fruit, dried fruit, floral, tropical fruit","Beef, Veal, Game (deer, venison), Poultry",Pinot Noir
Luis Seabra Xisto Ilimitado 2021,Portugal,29.99,4.1,images/Luis_Seabra_Xisto_Ilimitado_2021.png,images/bottle_Luis_Seabra_Xisto_Ilimitado_2021.png,Douro,Luis Seabra,"earth, red fruit, oak, black fruit, spices, non oak, tree fruit, citrus fruit, microbio, floral, vegetal, dried fruit, tropical fruit","Beef, Pasta, Lamb, Game (deer, venison)","Touriga Nacional, Tinta Roriz, Touriga Francesa"
Domaine Fourrier Vieille Vigne Gevrey-Chambertin Combe Aux Moines 1er Cru 2021,France,230,4.3,images/Domaine_Fourrier_Vieille_Vigne_Gevrey_Chambertin_C.png,images/bottle_Domaine_Fourrier_Vieille_Vigne_Gevrey_Chamb.png,Gevrey-Chambertin Premier Cru,Domaine Fourrier,"red fruit, earth, oak, non oak, black fruit, floral, microbio, spices, vegetal, dried fruit, tree fruit, citrus fruit","Beef, Veal, Game (deer, venison), Poultry",Pinot Noir
Decoy Limited Cabernet Sauvignon 2022,United States,21.99,3.9,images/Decoy_Limited_Cabernet_Sauvignon_2022.png,images/bottle_Decoy_Limited_Cabernet_Sauvignon_2022.png,Alexander Valley,Decoy,"black fruit, oak, non oak, spices, earth, red fruit, microbio, floral, vegetal, dried fruit, citrus fruit, tree fruit","Beef, Lamb, Game (deer, venison)",Cabernet Sauvignon
Hospices de Beaune Cuvée Général Muteau Volnay Premier Cru 1992,France,176,4.3,images/Hospices_de_Beaune_Cuve_Gnral_Muteau_Volnay_Premie.png,images/bottle_Hospices_de_Beaune_Cuve_Gnral_Muteau_Volnay.png,Volnay Premier Cru,Hospices de Beaune,"red fruit, oak, earth, black fruit, non oak, spices, microbio, dried fruit, tree fruit, floral, vegetal","Beef, Veal, Game (deer, venison), Poultry",Pinot Noir
Finca Abril Rapsodia Reserva Malbec 2021,Argentina,19.99,3.9,images/Finca_Abril_Rapsodia_Reserva_Malbec_2021.png,images/bottle_Finca_Abril_Rapsodia_Reserva_Malbec_2021.png,Uco Valley,Finca Abril,"oak, black fruit, spices, earth, non oak, red fruit, microbio, tree fruit, floral, vegetal","Beef, Lamb",Malbec
Foradori Foradori - Teroldego 2021,Italy,32.99,3.9,images/Foradori_Foradori_Teroldego_2021.png,images/bottle_Foradori_Foradori_Teroldego_2021.png,Vigneti delle Dolomiti,Foradori,"earth, red fruit, black fruit, oak, spices, non oak, microbio, floral, vegetal, dried fruit, citrus fruit, tree fruit, tropical fruit","Beef, Pasta, Lamb, Game (deer, venison)","Nebbiolo, Barbera, Dolcetto"
Sterling Vineyards Reserve Cabernet Sauvignon 1978,United States,389,4.1,images/Sterling_Vineyards_Reserve_Cabernet_Sauvignon_1978.png,images/bottle_Sterling_Vineyards_Reserve_Cabernet_Sauvign.png,Napa Valley,Sterling Vineyards,"oak, black fruit, earth, red fruit, non oak, spices, vegetal, microbio, dried fruit, tree fruit, citrus fruit","Beef, Lamb, Game (deer, venison), Mature and hard cheese, Poultry",Cabernet Sauvignon
Burgess Cabernet Sauvignon Vintage Selection 1995,United States,288,4.3,images/Burgess_Cabernet_Sauvignon_Vintage_Selection_1995.png,images/bottle_Burgess_Cabernet_Sauvignon_Vintage_Selectio.png,Napa Valley,Burgess,"oak, black fruit, earth, non oak, spices, red fruit, dried fruit, microbio, vegetal, floral, citrus fruit","Beef, Lamb, Game (deer, venison), Mature and hard cheese, Poultry",Cabernet Sauvignon
Anthill Farms Campbell Ranch Pinot Noir 2022,United States,55.99,4.3,images/Anthill_Farms_Campbell_Ranch_Pinot_Noir_2022.png,images/bottle_Anthill_Farms_Campbell_Ranch_Pinot_Noir_202.png,Sonoma Coast,Anthill Farms,"red fruit, oak, spices, non oak, earth, black fruit, microbio, dried fruit, citrus fruit, floral, vegetal, tree fruit","Veal, Pork, Poultry, Mushrooms",Pinot Noir
Louis Latour Domaine de Valmoissine Pinot Noir 2021,France,15.99,3.8,images/Louis_Latour_Domaine_de_Valmoissine_Pinot_Noir_202.png,images/bottle_Louis_Latour_Domaine_de_Valmoissine_Pinot_N.png,Var,Louis Latour,"red fruit, earth, oak, non oak, spices, black fruit, microbio, vegetal, floral, dried fruit, citrus fruit, tree fruit, tropical fruit","Beef, Lamb, Game (deer, venison)",
Golan Heights Winery Yarden Katzrin 2020,Israel,224.99,4.5,images/Golan_Heights_Winery_Yarden_Katzrin_2020.png,images/bottle_Golan_Heights_Winery_Yarden_Katzrin_2020.png,Galilee,Golan Heights Winery,"oak, black fruit, earth, non oak, red fruit, spices, microbio, citrus fruit, dried fruit, floral, tropical fruit, tree fruit","Beef, Pasta, Lamb, Game (deer, venison), Any junk food will do, Cured Meat",
Robert Mondavi Private Selection Vint Cabernet Sauvignon 2022,United States,12.99,3.7,images/Robert_Mondavi_Private_Selection_Vint_Cabernet_Sau.png,images/bottle_Robert_Mondavi_Private_Selection_Vint_Caber.png,California,Robert Mondavi Private Selection,"oak, black fruit, non oak, red fruit, spices, earth, microbio, dried fruit, vegetal, citrus fruit, tree fruit, floral, tropical fruit","Beef, Lamb, Game (deer, venison), Poultry",Cabernet Sauvignon
Château Vincens Origine Cahors 2022,France,23.99,3.8,images/Chteau_Vincens_Origine_Cahors_2022.png,images/bottle_Chteau_Vincens_Origine_Cahors_2022.png,Cahors,Château Vincens,"black fruit, oak, earth, non oak, spices, red fruit, floral, microbio, dried fruit","Beef, Lamb, Poultry",Malbec
Christian Meffre Chateau Raspail Gigondas 2022,France,39.99,4,images/Christian_Meffre_Chateau_Raspail_Gigondas_2022.png,images/bottle_Christian_Meffre_Chateau_Raspail_Gigondas_2.png,Gigondas,Christian Meffre,"black fruit, earth, red fruit, oak, spices, non oak, microbio, dried fruit","Beef, Lamb, Game (deer, venison)","Shiraz/Syrah, Grenache, Mourvedre"
Caiarossa Caiarossa 2016,Italy,82,4.3,images/Caiarossa_Caiarossa_2016.png,images/bottle_Caiarossa_Caiarossa_2016.png,Toscana,Caiarossa,"oak, earth, black fruit, non oak, red fruit, spices, microbio, dried fruit, floral, vegetal, tree fruit, citrus fruit, tropical fruit","Beef, Lamb, Veal, Poultry, Cured Meat","Cabernet Sauvignon, Merlot, Sangiovese, Canaiolo Nero"
Domaine de Marcoux Châteauneuf-du-Pape Vieilles Vignes 1990,France,497,4.4,images/Domaine_de_Marcoux_Chteauneuf_du_Pape_Vieilles_Vig.png,images/bottle_Domaine_de_Marcoux_Chteauneuf_du_Pape_Vieil.png,Châteauneuf-du-Pape,Domaine de Marcoux,"earth, oak, black fruit, non oak, red fruit, spices, dried fruit, floral, microbio, citrus fruit, vegetal, tree fruit, tropical fruit","Lamb, Pork, Poultry","Shiraz/Syrah, Mourvedre, Counoise, Cinsaut, Vaccareze, Muscardin"
Shenandoah Vineyards Zinfandel (Special Reserve) 2021,United States,15.97,3.5,images/Shenandoah_Vineyards_Zinfandel_Special_Reserve_202.png,images/bottle_Shenandoah_Vineyards_Zinfandel_Special_Rese.png,Amador County,Shenandoah Vineyards,"oak, black fruit, red fruit, spices, earth, non oak, dried fruit, microbio, citrus fruit, vegetal, tropical fruit, tree fruit, floral","Beef, Lamb, Poultry",Zinfandel
Bodegas Vinsacro Dioro Rioja 2019,Spain,23.99,3.9,images/Bodegas_Vinsacro_Dioro_Rioja_2019.png,images/bottle_Bodegas_Vinsacro_Dioro_Rioja_2019.png,Rioja Alavesa,Bodegas Vinsacro,"oak, earth, non oak, black fruit, red fruit, spices, microbio, dried fruit, vegetal, citrus fruit, floral","Beef, Lamb, Veal, Poultry","Tempranillo, Graciano, Garnacha"
Castell'in Villa Chianti Classico 2015,Italy,27.02,3.9,images/Castellin_Villa_Chianti_Classico_2015.png,images/bottle_Castellin_Villa_Chianti_Classico_2015.png,Chianti Classico,Castell'in Villa,"red fruit, oak, earth, non oak, spices, black fruit, microbio, vegetal, dried fruit, floral, citrus fruit, tree fruit, tropical fruit","Beef, Pasta, Veal, Cured Meat",Sangiovese
Château de Tabuteau Lussac Saint-Émilion 1990,France,66,3.5,images/Chteau_de_Tabuteau_Lussac_Saint_milion_1990.png,images/bottle_Chteau_de_Tabuteau_Lussac_Saint_milion_1990.png,Lussac-Saint-Émilion,Château de Tabuteau,"oak, earth, non oak, black fruit, red fruit, spices, microbio, dried fruit, tree fruit","Beef, Lamb, Game (deer, venison), Poultry","Cabernet Sauvignon, Cabernet Franc, Malbec, Merlot, Petit Verdot, Carménère"
Domaine du Clos du Fief (Michel Tete) Tradition Juliénas 2023,France,26.99,3.8,images/Domaine_du_Clos_du_Fief_Michel_Tete_Tradition_Juli.png,images/bottle_Domaine_du_Clos_du_Fief_Michel_Tete_Traditi.png,Juliénas,Domaine du Clos du Fief (Michel Tete),"red fruit, earth, oak, black fruit, spices, non oak, floral, microbio, dried fruit, vegetal, tropical fruit, citrus fruit, tree fruit","Pasta, Veal, Pork, Poultry, Cured Meat",Gamay
Booker Harvey & Harriet 2021,United States,24.99,4,images/Booker_Harvey_Harriet_2021.png,images/bottle_Booker_Harvey_Harriet_2021.png,Paso Robles,Booker,"oak, black fruit, non oak, earth, spices, red fruit, microbio, floral, dried fruit, vegetal, citrus fruit, tree fruit, tropical fruit","Beef, Lamb, Game (deer, venison)",Cabernet Sauvignon
Oak Ridge Old Vine Petite Sirah 2022,United States,16.97,3.8,images/Oak_Ridge_Old_Vine_Petite_Sirah_2022.png,images/bottle_Oak_Ridge_Old_Vine_Petite_Sirah_2022.png,Lodi,Oak Ridge,"oak, black fruit, non oak, earth, spices, red fruit, dried fruit, microbio, tree fruit, vegetal, floral, citrus fruit","Beef, Lamb, Game (deer, venison)",Petite Sirah
Château de Meursault Beaune Premier Cru Cent-Vignes 1979,France,165,4.1,images/Chteau_de_Meursault_Beaune_Premier_Cru_Cent_Vignes.png,images/bottle_Chteau_de_Meursault_Beaune_Premier_Cru_Cent.png,Beaune Premier Cru,Château de Meursault,"red fruit, oak, non oak, spices, earth, black fruit, dried fruit, microbio, floral, citrus fruit, vegetal, tree fruit","Beef, Veal, Game (deer, venison), Poultry",Pinot Noir
Voerzio Alberto La Serra Barolo 2000,Italy,225.72,4.2,images/Voerzio_Alberto_La_Serra_Barolo_2000.png,images/bottle_Voerzio_Alberto_La_Serra_Barolo_2000.png,Barolo,Voerzio Alberto,"oak, red fruit, spices, non oak, earth, microbio, black fruit, vegetal, floral, dried fruit, citrus fruit","Beef, Pasta, Lamb, Game (deer, venison)",Nebbiolo
Pisoni Vineyards Estate Pinot Noir 2022,United States,119.99,4.4,images/Pisoni_Vineyards_Estate_Pinot_Noir_2022.png,images/bottle_Pisoni_Vineyards_Estate_Pinot_Noir_2022.png,Santa Lucia Highlands,Pisoni Vineyards,"red fruit, black fruit, oak, non oak, earth, spices, vegetal, microbio, floral, tree fruit, dried fruit, citrus fruit, tropical fruit","Veal, Pork, Poultry, Mushrooms",Pinot Noir
1881 Napa Napa Valley Cabernet Sauvignon 2018,United States,32.99,4.2,images/1881_Napa_Napa_Valley_Cabernet_Sauvignon_2018.png,images/bottle_1881_Napa_Napa_Valley_Cabernet_Sauvignon_20.png,Napa Valley,1881 Napa,"oak, black fruit, non oak, earth, spices, red fruit, dried fruit, microbio, tropical fruit, tree fruit, vegetal","Beef, Lamb, Game (deer, venison), Mature and hard cheese, Poultry",Cabernet Sauvignon
Fèlsina Fontalloro 2018,Italy,59.99,4.1,images/Flsina_Fontalloro_2018.png,images/bottle_Flsina_Fontalloro_2018.png,Toscana,Fèlsina,"oak, earth, red fruit, non oak, spices, black fruit, microbio, vegetal, floral, dried fruit, citrus fruit, tree fruit","Beef, Lamb, Veal, Poultry, Cured Meat","Cabernet Sauvignon, Merlot, Sangiovese, Canaiolo Nero"
Marqués de Riscal Arienzo Crianza 2019,Spain,12.99,3.8,images/Marqus_de_Riscal_Arienzo_Crianza_2019.png,images/bottle_Marqus_de_Riscal_Arienzo_Crianza_2019.png,Rioja,Marqués de Riscal,"oak, red fruit, non oak, spices, black fruit, earth, microbio, dried fruit, floral, citrus fruit, vegetal, tropical fruit, tree fruit","Beef, Lamb, Veal, Poultry","Tempranillo, Graciano, Garnacha"
Wyatt Cabernet Sauvignon 2023,United States,15.99,3.7,images/Wyatt_Cabernet_Sauvignon_2023.png,images/bottle_Wyatt_Cabernet_Sauvignon_2023.png,California,Wyatt,"oak, black fruit, non oak, earth, red fruit, spices, dried fruit, microbio, vegetal, tree fruit, citrus fruit","Beef, Lamb, Game (deer, venison), Poultry",Cabernet Sauvignon
Cade Reserve Cabernet Sauvignon 2021,United States,289.99,4.7,images/Cade_Reserve_Cabernet_Sauvignon_2021.png,images/bottle_Cade_Reserve_Cabernet_Sauvignon_2021.png,Howell Mountain,Cade,"oak, black fruit, non oak, earth, red fruit, spices, floral, vegetal, microbio, dried fruit, tree fruit, citrus fruit","Beef, Lamb, Game (deer, venison), Mature and hard cheese, Poultry",Cabernet Sauvignon
Bovio Firagnetti Langhe Nebbiolo 2023,Italy,24.99,3.8,images/Bovio_Firagnetti_Langhe_Nebbiolo_2023.png,images/bottle_Bovio_Firagnetti_Langhe_Nebbiolo_2023.png,Langhe,Bovio,"red fruit, earth, oak, non oak, black fruit, spices, floral, microbio, citrus fruit, vegetal","Beef, Lamb, Game (deer, venison), Poultry",Nebbiolo
Marchesi di Barolo Cannubi Barolo 2014,Italy,149.99,4.3,images/Marchesi_di_Barolo_Cannubi_Barolo_2014.png,images/bottle_Marchesi_di_Barolo_Cannubi_Barolo_2014.png,Barolo,Marchesi di Barolo,"oak, earth, red fruit, non oak, spices, black fruit, microbio, floral, dried fruit, citrus fruit, vegetal, tree fruit, tropical fruit","Beef, Pasta, Lamb, Game (deer, venison)",Nebbiolo
Gaja Ca'Marcanda Promis Toscana 2022,Italy,59.99,4.2,images/Gaja_CaMarcanda_Promis_Toscana_2022.png,images/bottle_Gaja_CaMarcanda_Promis_Toscana_2022.png,Toscana,Gaja,"oak, black fruit, earth, red fruit, non oak, spices, microbio, floral, vegetal, dried fruit, citrus fruit, tree fruit, tropical fruit","Beef, Lamb, Veal, Poultry, Cured Meat","Cabernet Sauvignon, Merlot, Sangiovese, Canaiolo Nero"
Château Durfort-Vivens Margaux (Grand Cru Classé) 2015,France,149.99,4.2,images/Chteau_Durfort_Vivens_Margaux_Grand_Cru_Class_2015.png,images/bottle_Chteau_Durfort_Vivens_Margaux_Grand_Cru_Cla.png,Margaux,Château Durfort-Vivens,"oak, black fruit, earth, non oak, spices, red fruit, microbio, floral, dried fruit, vegetal, tree fruit, citrus fruit, tropical fruit","Beef, Lamb, Game (deer, venison), Poultry","Cabernet Sauvignon, Cabernet Franc, Malbec, Merlot, Petit Verdot, Carménère"
Tabor Mt. Tabor Cabernet Sauvignon 2021,Israel,19.99,3.4,images/Tabor_Mt_Tabor_Cabernet_Sauvignon_2021.png,images/bottle_Tabor_Mt_Tabor_Cabernet_Sauvignon_2021.png,Galilee,Tabor,"black fruit, earth, oak, red fruit, spices, non oak, dried fruit, citrus fruit, floral, vegetal, microbio","Beef, Lamb, Poultry",Cabernet Sauvignon
King Estate Inscription Pinot Noir 2018,United States,20.99,3.9,images/King_Estate_Inscription_Pinot_Noir_2018.png,images/bottle_King_Estate_Inscription_Pinot_Noir_2018.png,Willamette Valley,King Estate,"red fruit, oak, earth, non oak, spices, black fruit, microbio, dried fruit, citrus fruit, vegetal, floral, tree fruit, tropical fruit","Beef, Veal, Game (deer, venison), Poultry",Pinot Noir
COS Frappato (di Vittoria) 2022,Italy,32,4,images/COS_Frappato_di_Vittoria_2022.png,images/bottle_COS_Frappato_di_Vittoria_2022.png,Sicilia,COS,"red fruit, earth, oak, spices, non oak, black fruit, floral, citrus fruit, vegetal, microbio, dried fruit, tree fruit, tropical fruit","Beef, Pasta, Lamb","Primitivo, Aglianico, Negroamaro, Nero d'Avola"
Barone Cornacchia Montepulciano d'Abruzzo 2018,Italy,27.99,3.4,images/Barone_Cornacchia_Montepulciano_dAbruzzo_2018.png,images/bottle_Barone_Cornacchia_Montepulciano_dAbruzzo_20.png,Montepulciano d'Abruzzo,Barone Cornacchia,"earth, oak, black fruit, red fruit, non oak, spices, microbio, dried fruit, citrus fruit, vegetal","Beef, Pasta, Veal, Pork",Montepulciano
Bogle Phantom Proprietary Red 2020,United States,15.99,3.9,images/Bogle_Phantom_Proprietary_Red_2020.png,images/bottle_Bogle_Phantom_Proprietary_Red_2020.png,California,Bogle,"oak, non oak, black fruit, spices, earth, red fruit, microbio, dried fruit, floral, vegetal, tree fruit, citrus fruit, tropical fruit","Beef, Lamb, Veal, Poultry","Shiraz/Syrah, Cabernet Sauvignon, Merlot, Zinfandel"
Chateau Palmer Historical XIXth Century Wine 2021,France,275,4.4,images/Chateau_Palmer_Historical_XIXth_Century_Wine_2021.png,images/bottle_Chateau_Palmer_Historical_XIXth_Century_Win.png,Vin de France,Chateau Palmer,"oak, black fruit, earth, non oak, spices, red fruit, floral, microbio, dried fruit, citrus fruit",,
Foxen Block 8 Pinot Noir (Bien Nacido Vineyard) 2020,United States,68,4.3,images/Foxen_Block_8_Pinot_Noir_Bien_Nacido_Vineyard_2020.png,images/bottle_Foxen_Block_8_Pinot_Noir_Bien_Nacido_Vineya.png,Santa Maria Valley,Foxen,"red fruit, oak, earth, spices, non oak, black fruit, microbio, vegetal, floral, dried fruit, tree fruit, citrus fruit","Veal, Pork, Poultry, Mushrooms",Pinot Noir
Montes Purple Angel 2020,Chile,119.99,4.4,images/Montes_Purple_Angel_2020.png,images/bottle_Montes_Purple_Angel_2020.png,Colchagua Valley,Montes,"oak, black fruit, non oak, earth, spices, red fruit, vegetal, microbio, floral, dried fruit, citrus fruit, tree fruit, tropical fruit","Beef, Pasta, Veal, Poultry","Cabernet Sauvignon, Cabernet Franc, Malbec, Merlot, Petit Verdot, Carménère"
Grattamacco Bolgheri Superiore 2018,Italy,114.99,4.4,images/Grattamacco_Bolgheri_Superiore_2018.png,images/bottle_Grattamacco_Bolgheri_Superiore_2018.png,Bolgheri Superiore,Grattamacco,"oak, black fruit, earth, non oak, red fruit, spices, microbio, floral, dried fruit, vegetal, citrus fruit, tree fruit, tropical fruit","Beef, Pasta, Lamb, Veal, Game (deer, venison)","Cabernet Sauvignon, Merlot, Sangiovese"
Château Saint Pierre Lussac Saint-Émilion 2000,France,70,3.5,images/Chteau_Saint_Pierre_Lussac_Saint_milion_2000.png,images/bottle_Chteau_Saint_Pierre_Lussac_Saint_milion_200.png,Lussac-Saint-Émilion,Château Saint Pierre,"black fruit, earth, red fruit, oak, spices, non oak, microbio, dried fruit, tree fruit, vegetal","Beef, Lamb, Game (deer, venison), Poultry","Cabernet Sauvignon, Cabernet Franc, Malbec, Merlot, Petit Verdot, Carménère"
Louis Jadot Savigny-lès-Beaune 1er Cru 'La Dominode' 2002,France,99,4,images/Louis_Jadot_Savigny_ls_Beaune_1er_Cru_La_Dominode_.png,images/bottle_Louis_Jadot_Savigny_ls_Beaune_1er_Cru_La_Do.png,Savigny-lès-Beaune 1er Cru 'La Dominode',Louis Jadot,"red fruit, earth, oak, non oak, microbio, black fruit, spices, floral, vegetal, dried fruit, citrus fruit","Beef, Veal, Game (deer, venison), Poultry",Pinot Noir
Turley Hayne Vineyard Petite Sirah 2022,United States,95,4.4,images/Turley_Hayne_Vineyard_Petite_Sirah_2022.png,images/bottle_Turley_Hayne_Vineyard_Petite_Sirah_2022.png,Napa Valley,Turley,"black fruit, oak, spices, earth, non oak, red fruit, floral, dried fruit, vegetal, microbio, tree fruit, citrus fruit","Beef, Lamb, Game (deer, venison)",Petite Sirah
Rocca delle Macìe Famiglia Zingarelli Chianti Classico 2021,Italy,18.99,3.8,images/Rocca_delle_Mace_Famiglia_Zingarelli_Chianti_Class.png,images/bottle_Rocca_delle_Mace_Famiglia_Zingarelli_Chiant.png,Chianti Classico,Rocca delle Macìe,"red fruit, oak, earth, black fruit, non oak, spices, microbio, vegetal, floral, dried fruit, citrus fruit, tree fruit, tropical fruit","Beef, Pasta, Veal, Cured Meat",Sangiovese
Château la Rame Bordeaux Rouge 2021,France,18.99,3.7,images/Chteau_la_Rame_Bordeaux_Rouge_2021.png,images/bottle_Chteau_la_Rame_Bordeaux_Rouge_2021.png,Bordeaux,Château la Rame,"earth, red fruit, oak, black fruit, spices, tree fruit, microbio, citrus fruit, non oak, floral, tropical fruit, vegetal, dried fruit","Beef, Veal, Game (deer, venison), Poultry","Cabernet Sauvignon, Cabernet Franc, Malbec, Merlot, Petit Verdot, Carménère"
Vincent Tricot Les Petites Fleurs 2024,France,39.99,3.9,images/Vincent_Tricot_Les_Petites_Fleurs_2024.png,images/bottle_Vincent_Tricot_Les_Petites_Fleurs_2024.png,Côtes d’Auvergne,Vincent Tricot,"red fruit, earth, oak, vegetal, non oak, spices, black fruit, floral, microbio, dried fruit, tree fruit",,
Stag's Leap Wine Cellars CASK 23 Cabernet Sauvignon 2010,United States,349.99,4.5,images/Stags_Leap_Wine_Cellars_CASK_23_Cabernet_Sauvignon.png,images/bottle_Stags_Leap_Wine_Cellars_CASK_23_Cabernet_Sa.png,Napa Valley,Stag's Leap Wine Cellars,"oak, black fruit, earth, non oak, red fruit, spices, microbio, dried fruit, floral, vegetal, citrus fruit, tree fruit, tropical fruit","Beef, Lamb, Game (deer, venison), Mature and hard cheese, Poultry",Cabernet Sauvignon
Ogier Oratorio Gigondas 2019,France,24.99,3.8,images/Ogier_Oratorio_Gigondas_2019.png,images/bottle_Ogier_Oratorio_Gigondas_2019.png,Gigondas,Ogier,"black fruit, oak, earth, spices, red fruit, non oak, tree fruit, dried fruit, citrus fruit, floral, vegetal, microbio","Beef, Lamb, Game (deer, venison)","Shiraz/Syrah, Grenache, Mourvedre"
Ceretto Barbaresco Asili 1985,Italy,244,4.4,images/Ceretto_Barbaresco_Asili_1985.png,images/bottle_Ceretto_Barbaresco_Asili_1985.png,Barbaresco,Ceretto,"oak, earth, red fruit, non oak, spices, floral, microbio, black fruit, dried fruit, citrus fruit, vegetal, tree fruit","Beef, Pasta, Lamb, Game (deer, venison)",Nebbiolo
RouteStock Cabernet Sauvignon (Route 29) 2022,United States,21.99,4.1,images/RouteStock_Cabernet_Sauvignon_Route_29_2022.png,images/bottle_RouteStock_Cabernet_Sauvignon_Route_29_2022.png,Napa Valley,RouteStock,"oak, black fruit, earth, non oak, red fruit, spices, microbio, dried fruit, vegetal, floral, tree fruit, citrus fruit, tropical fruit","Beef, Lamb, Game (deer, venison), Poultry","Cabernet Sauvignon, Cabernet Franc, Malbec, Merlot, Petit Verdot"
Banfi Chianti Classico 2018,Italy,14.99,3.7,images/Banfi_Chianti_Classico_2018.png,images/bottle_Banfi_Chianti_Classico_2018.png,Chianti Classico,Banfi,"red fruit, oak, earth, black fruit, non oak, spices, vegetal, microbio, dried fruit, floral, citrus fruit, tree fruit, tropical fruit","Beef, Pasta, Veal, Cured Meat",Sangiovese
Barkan Classic Pinot Noir 2024,Israel,12.99,3.5,images/Barkan_Classic_Pinot_Noir_2024.png,images/bottle_Barkan_Classic_Pinot_Noir_2024.png,Negev,Barkan,"red fruit, earth, oak, black fruit, spices, non oak, microbio, floral, dried fruit, vegetal, citrus fruit","Beef, Lamb, Veal, Game (deer, venison), Poultry",
Domaine Bousquet Reserve Organic Malbec 2022,Argentina,14.99,3.9,images/Domaine_Bousquet_Reserve_Organic_Malbec_2022.png,images/bottle_Domaine_Bousquet_Reserve_Organic_Malbec_202.png,Tupungato,Domaine Bousquet,"oak, black fruit, earth, non oak, red fruit, spices, microbio, dried fruit, floral, vegetal, citrus fruit, tree fruit, tropical fruit","Beef, Lamb",Malbec
DeLille Cellars Métier Cabernet Sauvignon 2022,United States,25,3.9,images/DeLille_Cellars_Mtier_Cabernet_Sauvignon_2022.png,images/bottle_DeLille_Cellars_Mtier_Cabernet_Sauvignon_20.png,Columbia Valley,DeLille Cellars,"black fruit, oak, earth, red fruit, spices, non oak, microbio, dried fruit, floral, vegetal","Beef, Lamb, Game (deer, venison), Poultry",Cabernet Sauvignon
Freelander District One Cabernet Sauvignon 2022,United States,14.99,3.8,images/Freelander_District_One_Cabernet_Sauvignon_2022.png,images/bottle_Freelander_District_One_Cabernet_Sauvignon_.png,Central Valley,Freelander,"oak, black fruit, non oak, spices, red fruit, earth, dried fruit, microbio, tree fruit, floral, citrus fruit, vegetal","Beef, Lamb, Game (deer, venison), Poultry",Cabernet Sauvignon
Domaine Trapet Chapelle-Chambertin Grand Cru 2019,France,495,4.4,images/Domaine_Trapet_Chapelle_Chambertin_Grand_Cru_2019.png,images/bottle_Domaine_Trapet_Chapelle_Chambertin_Grand_Cr.png,Chapelle-Chambertin Grand Cru,Domaine Trapet,"earth, red fruit, oak, spices, floral, microbio, non oak, black fruit, vegetal, dried fruit, tree fruit, citrus fruit","Beef, Veal, Game (deer, venison), Poultry",Pinot Noir
Familia Torres Mas La Plana Cabernet Sauvignon 2018,Spain,99.99,4.3,images/Familia_Torres_Mas_La_Plana_Cabernet_Sauvignon_201.png,images/bottle_Familia_Torres_Mas_La_Plana_Cabernet_Sauvig.png,Penedès,Familia Torres,"oak, black fruit, earth, non oak, spices, red fruit, microbio, dried fruit, vegetal, floral, citrus fruit, tree fruit, tropical fruit","Beef, Lamb, Poultry",Cabernet Sauvignon
d'Arenberg The Stump Jump Shiraz 2017,Australia,11.99,3.5,images/dArenberg_The_Stump_Jump_Shiraz_2017.png,images/bottle_dArenberg_The_Stump_Jump_Shiraz_2017.png,McLaren Vale,d'Arenberg,"black fruit, red fruit, oak, spices, earth, non oak, dried fruit, microbio, vegetal, floral, citrus fruit, tree fruit, tropical fruit","Beef, Lamb, Game (deer, venison)",Shiraz/Syrah
Bello Megahertz Cabernet Sauvignon 2023,United States,25,4.3,images/Bello_Megahertz_Cabernet_Sauvignon_2023.png,images/bottle_Bello_Megahertz_Cabernet_Sauvignon_2023.png,Rutherford,Bello,"oak, black fruit, red fruit, spices, non oak, earth, dried fruit, microbio","Beef, Lamb, Game (deer, venison), Mature and hard cheese, Poultry",Cabernet Sauvignon
Ken Wright Cellars Guadalupe Vineyard Pinot Noir 2022,United States,65,4.2,images/Ken_Wright_Cellars_Guadalupe_Vineyard_Pinot_Noir_2.png,images/bottle_Ken_Wright_Cellars_Guadalupe_Vineyard_Pinot.png,Willamette Valley,Ken Wright Cellars,"red fruit, earth, oak, non oak, black fruit, spices, microbio, floral, vegetal, citrus fruit, dried fruit, tree fruit, tropical fruit","Beef, Veal, Game (deer, venison), Poultry",Pinot Noir
Château Lusseau Saint-Émilion Grand Cru 2000,France,88,4,images/Chteau_Lusseau_Saint_milion_Grand_Cru_2000.png,images/bottle_Chteau_Lusseau_Saint_milion_Grand_Cru_2000.png,Saint-Émilion Grand Cru,Château Lusseau,"earth, oak, black fruit, non oak, red fruit, spices, floral, microbio, dried fruit, tree fruit, vegetal","Beef, Lamb, Game (deer, venison), Poultry","Cabernet Sauvignon, Cabernet Franc, Malbec, Merlot, Petit Verdot, Carménère"
Meiomi Cabernet Sauvignon 2021,United States,19.99,3.5,images/Meiomi_Cabernet_Sauvignon_2021.png,images/bottle_Meiomi_Cabernet_Sauvignon_2021.png,California,Meiomi,"oak, non oak, black fruit, spices, red fruit, earth, dried fruit, microbio, vegetal, citrus fruit, floral, tree fruit, tropical fruit","Beef, Lamb, Game (deer, venison), Poultry",Cabernet Sauvignon
Fattoria le Pupille Saffredi 2016,Italy,119.99,4.4,images/Fattoria_le_Pupille_Saffredi_2016.png,images/bottle_Fattoria_le_Pupille_Saffredi_2016.png,Maremma Toscana,Fattoria le Pupille,"oak, black fruit, earth, non oak, spices, red fruit, microbio, floral, dried fruit, vegetal, citrus fruit, tree fruit, tropical fruit","Beef, Lamb, Veal, Poultry, Cured Meat","Cabernet Sauvignon, Merlot, Sangiovese, Canaiolo Nero"
Domaine de la Côte Memorious Pinot Noir 2022,United States,104.99,4.2,images/Domaine_de_la_Cte_Memorious_Pinot_Noir_2022.png,images/bottle_Domaine_de_la_Cte_Memorious_Pinot_Noir_2022.png,Sta. Rita Hills,Domaine de la Côte,"red fruit, earth, oak, spices, non oak, black fruit, microbio, floral, vegetal, dried fruit, citrus fruit, tree fruit, tropical fruit","Veal, Pork, Poultry, Mushrooms",Pinot Noir
Manincor Castel Campan Merlot 2005,Italy,75,4.3,images/Manincor_Castel_Campan_Merlot_2005.png,images/bottle_Manincor_Castel_Campan_Merlot_2005.png,Südtirol - Alto Adige,Manincor,"earth, oak, non oak, black fruit, red fruit, spices, vegetal, microbio, citrus fruit","Beef, Pasta, Lamb, Game (deer, venison)","Nebbiolo, Barbera, Dolcetto"
Robert Ampeau et Fils Volnay-Santenots 1er Cru 2004,France,115,4.1,images/Robert_Ampeau_et_Fils_Volnay_Santenots_1er_Cru_200.png,images/bottle_Robert_Ampeau_et_Fils_Volnay_Santenots_1er_.png,Volnay 1er Cru 'Santenots',Robert Ampeau et Fils,"earth, red fruit, oak, non oak, microbio, black fruit, spices, dried fruit, floral, vegetal, tree fruit, citrus fruit","Beef, Veal, Game (deer, venison), Poultry",Pinot Noir
Pierre Gaillard Côte-Rôtie Rose Pourpre 2022,France,146.99,4.3,images/Pierre_Gaillard_Cte_Rtie_Rose_Pourpre_2022.png,images/bottle_Pierre_Gaillard_Cte_Rtie_Rose_Pourpre_2022.png,Côte-Rôtie,Pierre Gaillard,"oak, spices, black fruit, earth, red fruit, non oak, floral, microbio, dried fruit, vegetal, tree fruit, citrus fruit","Beef, Lamb, Game (deer, venison), Poultry","Shiraz/Syrah, Viognier"
Patz & Hall Sonoma Coast Pinot Noir 2017,United States,61.34,4.2,images/Patz_Hall_Sonoma_Coast_Pinot_Noir_2017.png,images/bottle_Patz_Hall_Sonoma_Coast_Pinot_Noir_2017.png,Sonoma Coast,Patz & Hall,"red fruit, oak, non oak, earth, spices, black fruit, microbio, floral, dried fruit, vegetal, citrus fruit, tree fruit, tropical fruit","Veal, Pork, Poultry, Mushrooms",Pinot Noir
Stonestreet Rockfall Cabernet Sauvignon 2019,United States,160,4.4,images/Stonestreet_Rockfall_Cabernet_Sauvignon_2019.png,images/bottle_Stonestreet_Rockfall_Cabernet_Sauvignon_201.png,Alexander Valley,Stonestreet,"oak, black fruit, earth, spices, non oak, red fruit, vegetal, microbio, floral, dried fruit, tree fruit","Beef, Lamb, Game (deer, venison)",Cabernet Sauvignon
Switchback Ridge Peterson Family Vineyard Merlot 2022,United States,75,4.3,images/Switchback_Ridge_Peterson_Family_Vineyard_Merlot_2.png,images/bottle_Switchback_Ridge_Peterson_Family_Vineyard_M.png,Napa Valley,Switchback Ridge,"oak, red fruit, black fruit, non oak, spices, earth, floral, dried fruit, microbio, vegetal","Beef, Lamb, Veal",Merlot
Biondi Outis Nessuno Rosso 2024,Italy,47,3.8,images/Biondi_Outis_Nessuno_Rosso_2024.png,images/bottle_Biondi_Outis_Nessuno_Rosso_2024.png,Etna,Biondi,"earth, red fruit, oak, non oak, black fruit, spices, microbio, floral, vegetal, dried fruit, citrus fruit","Beef, Pasta, Lamb","Primitivo, Aglianico, Negroamaro, Nero d'Avola"
Château Latour Pauillac de Latour 2016,France,200,4.3,images/Chteau_Latour_Pauillac_de_Latour_2016.png,images/bottle_Chteau_Latour_Pauillac_de_Latour_2016.png,Pauillac,Château Latour,"oak, black fruit, earth, non oak, spices, red fruit, microbio, floral, dried fruit, vegetal, citrus fruit, tropical fruit, tree fruit","Beef, Lamb, Game (deer, venison), Poultry","Cabernet Sauvignon, Cabernet Franc, Malbec, Merlot, Petit Verdot, Carménère"
Château La Rose-Trimoulet Saint-Émilion Grand Cru 1981,France,92,3.9,images/Chteau_La_Rose_Trimoulet_Saint_milion_Grand_Cru_19.png,images/bottle_Chteau_La_Rose_Trimoulet_Saint_milion_Grand.png,Saint-Émilion Grand Cru,Château La Rose-Trimoulet,"black fruit, red fruit, earth, oak, microbio, non oak, spices, dried fruit, tree fruit, vegetal","Beef, Lamb, Game (deer, venison), Poultry","Cabernet Sauvignon, Cabernet Franc, Malbec, Merlot, Petit Verdot, Carménère"
Venus la Universal Dido Tinto 2020,Spain,24.99,4.1,images/Venus_la_Universal_Dido_Tinto_2020.png,images/bottle_Venus_la_Universal_Dido_Tinto_2020.png,Montsant,Venus la Universal,"oak, red fruit, earth, spices, non oak, black fruit, microbio, floral, vegetal, citrus fruit, dried fruit, tree fruit, tropical fruit","Beef, Pasta, Lamb","Shiraz/Syrah, Cabernet Sauvignon, Cariñena, Garnacha"
Catena Cabernet Sauvignon 2021,Argentina,18.99,4,images/Catena_Cabernet_Sauvignon_2021.png,images/bottle_Catena_Cabernet_Sauvignon_2021.png,Mendoza,Catena,"oak, black fruit, non oak, earth, spices, red fruit, microbio, dried fruit, floral, vegetal, tree fruit, citrus fruit","Beef, Lamb, Poultry",Cabernet Sauvignon
Domaine de l'Arlot Nuits-Saint-Georges Premier Cru Clos de l'Arlot Monopole 2002,France,245,4.2,images/Domaine_de_lArlot_Nuits_Saint_Georges_Premier_Cru_.png,images/bottle_Domaine_de_lArlot_Nuits_Saint_Georges_Premi.png,Nuits-Saint-Georges Premier Cru,Domaine de l'Arlot,"earth, oak, red fruit, non oak, microbio, spices, floral, black fruit, citrus fruit, vegetal, tree fruit, dried fruit, tropical fruit","Beef, Veal, Game (deer, venison), Poultry",Pinot Noir
B Cellars Blend 24 2023,United States,88,4.3,images/B_Cellars_Blend_24_2023.png,images/bottle_B_Cellars_Blend_24_2023.png,Napa Valley,B Cellars,"oak, non oak, red fruit, earth, black fruit, spices, microbio, dried fruit, vegetal, citrus fruit, tropical fruit, floral","Beef, Lamb, Veal, Poultry","Shiraz/Syrah, Cabernet Sauvignon, Merlot, Zinfandel"
Fontodi Chianti Classico 2021,Italy,54.99,4,images/Fontodi_Chianti_Classico_2021.png,images/bottle_Fontodi_Chianti_Classico_2021.png,Chianti Classico,Fontodi,"oak, red fruit, earth, non oak, spices, black fruit, microbio, vegetal, floral, dried fruit, citrus fruit, tree fruit, tropical fruit","Beef, Pasta, Veal, Cured Meat",Sangiovese
St. Innocent Shea Vineyard Pinot Noir 2019,United States,78.99,4.3,images/St_Innocent_Shea_Vineyard_Pinot_Noir_2019.png,images/bottle_St_Innocent_Shea_Vineyard_Pinot_Noir_2019.png,Willamette Valley,St. Innocent,"red fruit, oak, earth, non oak, spices, black fruit, microbio, floral, dried fruit, vegetal, tree fruit","Beef, Veal, Game (deer, venison), Poultry",Pinot Noir
Capostrano / Capestrano Montepulciano d'Abruzzo 2022,Italy,17.99,3.5,images/Capostrano_Capestrano_Montepulciano_dAbruzzo_2022.png,images/bottle_Capostrano_Capestrano_Montepulciano_dAbruzz.png,Montepulciano d'Abruzzo,Capostrano / Capestrano,"red fruit, earth, black fruit, oak, non oak, dried fruit, vegetal, microbio, spices, tree fruit","Beef, Pasta, Veal, Pork",Montepulciano
Ilatium Morini Valpolicella 2023,Italy,17,3.5,images/Ilatium_Morini_Valpolicella_2023.png,images/bottle_Ilatium_Morini_Valpolicella_2023.png,Valpolicella,Ilatium Morini,"red fruit, earth, oak, black fruit, non oak, spices, dried fruit, microbio, citrus fruit, floral, vegetal","Beef, Pasta, Veal, Poultry","Corvina, Rondinella, Corvinone"
Bodegas Mauro Garmón 2018,Spain,73,4.3,images/Bodegas_Mauro_Garmn_2018.png,images/bottle_Bodegas_Mauro_Garmn_2018.png,Ribera del Duero,Bodegas Mauro,"oak, black fruit, non oak, earth, spices, red fruit, dried fruit, microbio, floral, vegetal, citrus fruit, tree fruit, tropical fruit","Beef, Lamb, Game (deer, venison)",Tempranillo
Méo-Camuzet Nuits-Saint-Georges 1er Cru 'Aux Murgers' 1997,France,579,4.3,images/Mo_Camuzet_Nuits_Saint_Georges_1er_Cru_Aux_Murgers.png,images/bottle_Mo_Camuzet_Nuits_Saint_Georges_1er_Cru_Aux_.png,Nuits-Saint-Georges 1er Cru 'Aux Murgers',Méo-Camuzet,"red fruit, earth, oak, black fruit, spices, non oak, floral, microbio, dried fruit, vegetal, citrus fruit, tropical fruit","Beef, Veal, Game (deer, venison), Poultry",Pinot Noir
Seghesio Defiant 2007,United States,59.99,4.1,images/Seghesio_Defiant_2007.png,images/bottle_Seghesio_Defiant_2007.png,Sonoma County,Seghesio,"black fruit, oak, red fruit, earth, spices, non oak, floral, dried fruit, microbio, vegetal, citrus fruit","Beef, Lamb, Veal, Poultry","Shiraz/Syrah, Cabernet Sauvignon, Merlot, Zinfandel"
Boekenhoutskloof Cabernet Sauvignon Franschhoek 2014,South Africa,74.99,4.3,images/Boekenhoutskloof_Cabernet_Sauvignon_Franschhoek_20.png,images/bottle_Boekenhoutskloof_Cabernet_Sauvignon_Fransch.png,Franschhoek,Boekenhoutskloof,"oak, black fruit, non oak, earth, spices, red fruit, microbio, vegetal, floral, dried fruit, citrus fruit, tree fruit, tropical fruit","Beef, Lamb, Poultry",Cabernet Sauvignon
Cline Ancient Vines Zinfandel 2021,United States,15.99,4,images/Cline_Ancient_Vines_Zinfandel_2021.png,images/bottle_Cline_Ancient_Vines_Zinfandel_2021.png,Contra Costa County,Cline,"oak, red fruit, black fruit, spices, non oak, earth, dried fruit, microbio, vegetal, floral, citrus fruit, tree fruit, tropical fruit","Beef, Lamb, Poultry",Zinfandel
Montevina Cabernet Sauvignon (Independence Point) 1975,United States,172,3.6,images/Montevina_Cabernet_Sauvignon_Independence_Point_19.png,images/bottle_Montevina_Cabernet_Sauvignon_Independence_P.png,Sierra Foothills,Montevina,"oak, red fruit, earth, black fruit, non oak, spices, vegetal, floral","Beef, Lamb, Game (deer, venison), Poultry",Cabernet Sauvignon
Giacomo Conterno Barolo Cerretta 2020,Italy,280,4.6,images/Giacomo_Conterno_Barolo_Cerretta_2020.png,images/bottle_Giacomo_Conterno_Barolo_Cerretta_2020.png,Barolo,Giacomo Conterno,"earth, red fruit, oak, microbio, black fruit, spices, non oak, dried fruit, citrus fruit, vegetal, floral","Beef, Pasta, Lamb, Game (deer, venison)",Nebbiolo
Rôtie Northern Blend 2023,United States,58,4.1,images/Rtie_Northern_Blend_2023.png,images/bottle_Rtie_Northern_Blend_2023.png,Walla Walla Valley,Rôtie,"earth, black fruit, oak, spices, non oak, red fruit, floral, vegetal, microbio, dried fruit, citrus fruit, tree fruit, tropical fruit","Beef, Pasta, Veal, Poultry","Shiraz/Syrah, Cabernet Sauvignon, Merlot"
Highlands Cabernet Sauvignon 2022,United States,12.99,4.2,images/Highlands_Cabernet_Sauvignon_2022.png,images/bottle_Highlands_Cabernet_Sauvignon_2022.png,Napa Valley,Highlands,"oak, black fruit, earth, non oak, red fruit, spices, microbio, dried fruit, floral, vegetal, tree fruit","Beef, Lamb, Game (deer, venison), Mature and hard cheese, Poultry",Cabernet Sauvignon
Paolo Bea Cerrete Montefalco Sagrantino Secco 2017,Italy,179.99,4.5,images/Paolo_Bea_Cerrete_Montefalco_Sagrantino_Secco_2017.png,images/bottle_Paolo_Bea_Cerrete_Montefalco_Sagrantino_Sec.png,Montefalco Sagrantino,Paolo Bea,"earth, oak, black fruit, spices, red fruit, non oak, floral, dried fruit, citrus fruit, vegetal, microbio, tree fruit","Beef, Pasta, Veal, Poultry","Sangiovese, Montepulciano"
Domaine de la Vougeraie Pommard Les Petits Noizons 1999,France,180,4.3,images/Domaine_de_la_Vougeraie_Pommard_Les_Petits_Noizons.png,images/bottle_Domaine_de_la_Vougeraie_Pommard_Les_Petits_.png,Pommard,Domaine de la Vougeraie,"red fruit, earth, oak, black fruit, spices, non oak, microbio, dried fruit, citrus fruit, floral, vegetal","Beef, Veal, Game (deer, venison), Poultry",Pinot Noir
Trentadue La Storia Merlot 2022,United States,24.99,4.1,images/Trentadue_La_Storia_Merlot_2022.png,images/bottle_Trentadue_La_Storia_Merlot_2022.png,Alexander Valley,Trentadue,"oak, black fruit, spices, non oak, red fruit, earth, microbio, floral, vegetal, tree fruit, dried fruit, citrus fruit","Beef, Lamb, Veal",Merlot
Wayfarer Pinot Noir 2022,United States,99.99,4.4,images/Wayfarer_Pinot_Noir_2022.png,images/bottle_Wayfarer_Pinot_Noir_2022.png,Fort Ross-Seaview,Wayfarer,"red fruit, oak, non oak, earth, black fruit, spices, floral, vegetal, microbio, citrus fruit, tree fruit, tropical fruit, dried fruit","Beef, Veal, Game (deer, venison), Poultry",Pinot Noir
Château La Tour de Mons Marquis de Mons Margaux 2009,France,55,3.8,images/Chteau_La_Tour_de_Mons_Marquis_de_Mons_Margaux_200.png,images/bottle_Chteau_La_Tour_de_Mons_Marquis_de_Mons_Marg.png,Margaux,Château La Tour de Mons,"oak, black fruit, earth, non oak, red fruit, spices, microbio, dried fruit, floral, vegetal, citrus fruit, tree fruit, tropical fruit","Beef, Lamb, Game (deer, venison), Poultry","Cabernet Sauvignon, Cabernet Franc, Malbec, Merlot, Petit Verdot, Carménère"
Los Vascos Cromas Carménère Gran Reserva 2020,Chile,19.99,4,images/Los_Vascos_Cromas_Carmnre_Gran_Reserva_2020.png,images/bottle_Los_Vascos_Cromas_Carmnre_Gran_Reserva_2020.png,Colchagua Valley,Los Vascos,"black fruit, oak, earth, spices, non oak, red fruit, vegetal, dried fruit, citrus fruit, floral, tree fruit, microbio, tropical fruit","Beef, Pasta, Lamb, Poultry",Carménère
La Serena Rosso di Montalcino 2021,Italy,22.99,3.8,images/La_Serena_Rosso_di_Montalcino_2021.png,images/bottle_La_Serena_Rosso_di_Montalcino_2021.png,Rosso di Montalcino,La Serena,"red fruit, oak, earth, non oak, spices, black fruit, microbio, dried fruit, vegetal, floral, citrus fruit","Beef, Lamb, Veal, Poultry, Cured Meat","Cabernet Sauvignon, Merlot, Sangiovese, Canaiolo Nero"
Sterling Vineyards Three Palms Vineyard Merlot 1985,United States,238,4.1,images/Sterling_Vineyards_Three_Palms_Vineyard_Merlot_198.png,images/bottle_Sterling_Vineyards_Three_Palms_Vineyard_Mer.png,Napa Valley,Sterling Vineyards,"oak, black fruit, red fruit, earth, non oak, spices, microbio, vegetal, dried fruit, citrus fruit, floral","Beef, Lamb, Veal",Merlot
Clos des Papes (Paul Avril) Châteauneuf-du-Pape 2006,France,145,4.4,images/Clos_des_Papes_Paul_Avril_Chteauneuf_du_Pape_2006.png,images/bottle_Clos_des_Papes_Paul_Avril_Chteauneuf_du_Pap.png,Châteauneuf-du-Pape,Clos des Papes (Paul Avril),"oak, red fruit, black fruit, earth, spices, non oak, dried fruit, microbio, floral, vegetal, citrus fruit, tree fruit, tropical fruit","Lamb, Pork, Poultry","Shiraz/Syrah, Mourvedre, Counoise, Cinsaut, Vaccareze, Muscardin"
Campo Viejo Garnacha 2021,Spain,11.99,3.7,images/Campo_Viejo_Garnacha_2021.png,images/bottle_Campo_Viejo_Garnacha_2021.png,Rioja,Campo Viejo,"red fruit, oak, black fruit, non oak, spices, earth, microbio, dried fruit, vegetal, floral, citrus fruit, tree fruit, tropical fruit","Beef, Lamb, Veal, Poultry","Tempranillo, Graciano, Garnacha"
Milbrandt Vineyards Traditions Merlot 2019,United States,14.99,3.6,images/Milbrandt_Vineyards_Traditions_Merlot_2019.png,images/bottle_Milbrandt_Vineyards_Traditions_Merlot_2019.png,Columbia Valley,Milbrandt Vineyards,"oak, black fruit, red fruit, non oak, earth, spices, microbio, vegetal, dried fruit, floral, tropical fruit, citrus fruit","Beef, Lamb, Veal",Merlot
Itsasmendi Eklipse 2012,Spain,40,3.9,images/Itsasmendi_Eklipse_2012.png,images/bottle_Itsasmendi_Eklipse_2012.png,Bizkaiko Txakolina,Itsasmendi,"earth, oak, red fruit, non oak, spices, black fruit, dried fruit, microbio, vegetal, tropical fruit, floral","Beef, Pasta, Veal, Poultry","Grenache, Tempranillo"
Maybach Family Vineyards Materium Cabernet Sauvignon 2021,United States,309.99,4.7,images/Maybach_Family_Vineyards_Materium_Cabernet_Sauvign.png,images/bottle_Maybach_Family_Vineyards_Materium_Cabernet_.png,Oakville,Maybach Family Vineyards,"black fruit, oak, earth, spices, non oak, red fruit, floral, dried fruit, citrus fruit, microbio, vegetal","Beef, Lamb, Game (deer, venison), Mature and hard cheese, Poultry",Cabernet Sauvignon
Château Olivier Pessac-Léognan (Grand Cru Classé) 2012,France,48,4,images/Chteau_Olivier_Pessac_Lognan_Grand_Cru_Class_2012.png,images/bottle_Chteau_Olivier_Pessac_Lognan_Grand_Cru_Clas.png,Pessac-Léognan,Château Olivier,"oak, black fruit, earth, non oak, spices, red fruit, microbio, citrus fruit, tree fruit, vegetal, floral, dried fruit, tropical fruit","Beef, Lamb, Game (deer, venison), Poultry","Cabernet Sauvignon, Cabernet Franc, Malbec, Merlot, Petit Verdot, Carménère"
Bootleg Red Blend 2016,United States,47.99,4.2,images/Bootleg_Red_Blend_2016.png,images/bottle_Bootleg_Red_Blend_2016.png,Napa Valley,Bootleg,"oak, black fruit, non oak, earth, spices, red fruit, microbio, dried fruit, floral, vegetal, tree fruit, citrus fruit","Beef, Lamb, Game (deer, venison), Poultry","Cabernet Sauvignon, Cabernet Franc, Malbec, Merlot, Petit Verdot"
Château Grand-Puy Ducasse Pauillac (Grand Cru Classé) 2010,France,115,4.1,images/Chteau_Grand_Puy_Ducasse_Pauillac_Grand_Cru_Class_.png,images/bottle_Chteau_Grand_Puy_Ducasse_Pauillac_Grand_Cru.png,Pauillac,Château Grand-Puy Ducasse,"oak, black fruit, earth, non oak, spices, red fruit, microbio, floral, dried fruit, vegetal, citrus fruit, tropical fruit, tree fruit","Beef, Lamb, Game (deer, venison), Poultry","Cabernet Sauvignon, Cabernet Franc, Malbec, Merlot, Petit Verdot, Carménère"
Château Haut-Bergey Pessac-Léognan 2015,France,42.28,4,images/Chteau_Haut_Bergey_Pessac_Lognan_2015.png,images/bottle_Chteau_Haut_Bergey_Pessac_Lognan_2015.png,Pessac-Léognan,Château Haut-Bergey,"oak, earth, black fruit, non oak, red fruit, spices, microbio, vegetal, dried fruit, floral, citrus fruit, tree fruit, tropical fruit","Beef, Lamb, Game (deer, venison), Poultry","Cabernet Sauvignon, Cabernet Franc, Malbec, Merlot, Petit Verdot, Carménère"
Rombauer Vineyards Zinfandel 2020,United States,39.99,4.3,images/Rombauer_Vineyards_Zinfandel_2020.png,images/bottle_Rombauer_Vineyards_Zinfandel_2020.png,California,Rombauer Vineyards,"oak, black fruit, red fruit, spices, non oak, earth, dried fruit, microbio, vegetal, floral, citrus fruit, tree fruit, tropical fruit","Beef, Lamb, Poultry",Zinfandel
Altesino Brunello di Montalcino  Riserva 1990,Italy,196,4.3,images/Altesino_Brunello_di_Montalcino_Riserva_1990.png,images/bottle_Altesino_Brunello_di_Montalcino_Riserva_199.png,Brunello di Montalcino,Altesino,"earth, oak, red fruit, spices, black fruit, non oak, microbio, dried fruit, citrus fruit, floral, vegetal, tree fruit","Beef, Lamb, Game (deer, venison), Poultry",Sangiovese
Peter Michael Le Caprice Pinot Noir 2023,United States,189.99,4.5,images/Peter_Michael_Le_Caprice_Pinot_Noir_2023.png,images/bottle_Peter_Michael_Le_Caprice_Pinot_Noir_2023.png,Sonoma County,Peter Michael,"red fruit, oak, earth, non oak, spices, black fruit, floral, microbio, dried fruit, vegetal, tree fruit, citrus fruit","Beef, Veal, Game (deer, venison), Poultry",Pinot Noir
Monte Xanic Calixa Blend 2021,Mexico,18.89,3.9,images/Monte_Xanic_Calixa_Blend_2021.png,images/bottle_Monte_Xanic_Calixa_Blend_2021.png,Valle de Guadalupe,Monte Xanic,"oak, red fruit, spices, non oak, black fruit, earth, microbio, dried fruit, floral, tree fruit, citrus fruit, vegetal",,
Domaine de Durban Kermit Lynch Vaucluse Rouge 2023,France,14.99,3.7,images/Domaine_de_Durban_Kermit_Lynch_Vaucluse_Rouge_2023.png,images/bottle_Domaine_de_Durban_Kermit_Lynch_Vaucluse_Rou.png,Vaucluse,Domaine de Durban,"earth, black fruit, red fruit, oak, spices, non oak, microbio, citrus fruit, tree fruit, floral, vegetal, dried fruit, tropical fruit","Beef, Lamb, Game (deer, venison)",
The Prisoner Pinot Noir 2019,United States,49.99,4.3,images/The_Prisoner_Pinot_Noir_2019.png,images/bottle_The_Prisoner_Pinot_Noir_2019.png,Sonoma Coast,The Prisoner,"red fruit, oak, non oak, spices, black fruit, earth, microbio, dried fruit, vegetal, citrus fruit, floral, tree fruit","Veal, Pork, Poultry, Mushrooms",Pinot Noir
Domaine du Vieux Lazaret Châteauneuf-du-Pape 2022,France,39.99,4.1,images/Domaine_du_Vieux_Lazaret_Chteauneuf_du_Pape_2022.png,images/bottle_Domaine_du_Vieux_Lazaret_Chteauneuf_du_Pape.png,Châteauneuf-du-Pape,Domaine du Vieux Lazaret,"oak, red fruit, black fruit, spices, earth, non oak, microbio, dried fruit, floral, citrus fruit, vegetal, tree fruit, tropical fruit","Lamb, Pork, Poultry","Shiraz/Syrah, Mourvedre, Counoise, Cinsaut, Vaccareze, Muscardin"
Cafaggio Chianti Classico 2019,Italy,20.99,3.7,images/Cafaggio_Chianti_Classico_2019.png,images/bottle_Cafaggio_Chianti_Classico_2019.png,Chianti Classico,Cafaggio,"red fruit, oak, earth, non oak, spices, black fruit, microbio, vegetal, dried fruit, floral, citrus fruit, tree fruit, tropical fruit","Beef, Pasta, Veal, Cured Meat",Sangiovese
Malma - NQN Cholila Ranch Malbec 2022,Argentina,20.97,3.7,images/Malma_NQN_Cholila_Ranch_Malbec_2022.png,images/bottle_Malma_NQN_Cholila_Ranch_Malbec_2022.png,Patagonia,Malma - NQN,"oak, black fruit, non oak, earth, spices, red fruit, dried fruit, floral, microbio, vegetal","Beef, Lamb, Poultry",Malbec
Bryant Family Vineyard DB4 Red Blend 2021,United States,225,4.5,images/Bryant_Family_Vineyard_DB4_Red_Blend_2021.png,images/bottle_Bryant_Family_Vineyard_DB4_Red_Blend_2021.png,Napa Valley,Bryant Family Vineyard,"oak, black fruit, non oak, red fruit, earth, spices, microbio, floral, dried fruit, vegetal","Beef, Lamb, Game (deer, venison), Poultry","Cabernet Sauvignon, Cabernet Franc, Malbec, Merlot, Petit Verdot"
Comando G La Bruja Avería 2021,Spain,39.99,3.3,images/Comando_G_La_Bruja_Avera_2021.png,images/bottle_Comando_G_La_Bruja_Avera_2021.png,Madrid,Comando G,"red fruit, spices, earth, oak, non oak, microbio, black fruit, dried fruit, citrus fruit, floral","Beef, Pasta, Lamb, Game (deer, venison), Poultry",Grenache
La Rioja Alta Viña Alberdi Crianza 2019,Spain,24.99,4.1,images/La_Rioja_Alta_Via_Alberdi_Crianza_2019.png,images/bottle_La_Rioja_Alta_Via_Alberdi_Crianza_2019.png,Rioja,La Rioja Alta,"oak, non oak, red fruit, spices, earth, black fruit, microbio, dried fruit, vegetal, floral, citrus fruit, tropical fruit, tree fruit","Beef, Lamb, Veal, Poultry","Tempranillo, Graciano, Garnacha"
La Pousse d'Or Volnay 1er Cru 'Clos d'Audignac' (Monopole) 2019,France,80,4.3,images/La_Pousse_dOr_Volnay_1er_Cru_Clos_dAudignac_Monopo.png,images/bottle_La_Pousse_dOr_Volnay_1er_Cru_Clos_dAudignac.png,Volnay 1er Cru 'Clos de l'Audignac',La Pousse d'Or,"red fruit, earth, oak, non oak, spices, microbio, black fruit, floral, tropical fruit, dried fruit, citrus fruit, vegetal","Beef, Veal, Game (deer, venison), Poultry",Pinot Noir
Parusso Barolo Bussia Vigna Rocche 2013,Italy,335,4.2,images/Parusso_Barolo_Bussia_Vigna_Rocche_2013.png,images/bottle_Parusso_Barolo_Bussia_Vigna_Rocche_2013.png,Barolo,Parusso,"oak, earth, red fruit, black fruit, spices, non oak, microbio, dried fruit, floral, vegetal, tree fruit, citrus fruit","Beef, Pasta, Lamb, Game (deer, venison)",Nebbiolo
Fontodi Flaccianello della Pieve 2018,Italy,239.99,4.5,images/Fontodi_Flaccianello_della_Pieve_2018.png,images/bottle_Fontodi_Flaccianello_della_Pieve_2018.png,Colli della Toscana Centrale,Fontodi,"oak, earth, black fruit, non oak, red fruit, spices, microbio, floral, dried fruit, vegetal, citrus fruit, tree fruit, tropical fruit","Beef, Lamb, Veal, Poultry, Cured Meat","Cabernet Sauvignon, Merlot, Sangiovese, Canaiolo Nero"
Château Potensac Chapelle de Potensac Médoc 2016,France,27,3.8,images/Chteau_Potensac_Chapelle_de_Potensac_Mdoc_2016.png,images/bottle_Chteau_Potensac_Chapelle_de_Potensac_Mdoc_2.png,Médoc,Château Potensac,"black fruit, oak, earth, non oak, red fruit, spices, microbio, dried fruit, floral, vegetal, citrus fruit, tropical fruit, tree fruit","Beef, Lamb, Game (deer, venison), Poultry","Cabernet Sauvignon, Cabernet Franc, Malbec, Merlot, Petit Verdot, Carménère"
Domaine Michel Lafarge Volnay 1er Cru 'Clos des Chênes' 2022,France,299.99,4.2,images/Domaine_Michel_Lafarge_Volnay_1er_Cru_Clos_des_Chn.png,images/bottle_Domaine_Michel_Lafarge_Volnay_1er_Cru_Clos_.png,Volnay 1er Cru 'Clos des Chênes',Domaine Michel Lafarge,"red fruit, earth, oak, spices, black fruit, non oak, floral, microbio, vegetal, dried fruit, citrus fruit","Beef, Veal, Game (deer, venison), Poultry",Pinot Noir
Gaja Ca'Marcanda Magari 2021,Italy,96,4.3,images/Gaja_CaMarcanda_Magari_2021.png,images/bottle_Gaja_CaMarcanda_Magari_2021.png,Bolgheri,Gaja,"oak, black fruit, earth, non oak, red fruit, spices, microbio, floral, vegetal, dried fruit, citrus fruit, tree fruit, tropical fruit","Beef, Pasta, Lamb, Veal, Game (deer, venison)","Cabernet Sauvignon, Merlot, Sangiovese"
Château Haut-Pourjac Bordeaux 2021,France,10.99,3.4,images/Chteau_Haut_Pourjac_Bordeaux_2021.png,images/bottle_Chteau_Haut_Pourjac_Bordeaux_2021.png,Bordeaux,Château Haut-Pourjac,"black fruit, oak, spices, red fruit, earth, non oak, vegetal, microbio, floral, tropical fruit, dried fruit, citrus fruit","Beef, Veal, Game (deer, venison), Poultry","Cabernet Sauvignon, Cabernet Franc, Malbec, Merlot, Petit Verdot, Carménère"
Beckmen Estate Cabernet Sauvignon 2021,United States,34.99,4,images/Beckmen_Estate_Cabernet_Sauvignon_2021.png,images/bottle_Beckmen_Estate_Cabernet_Sauvignon_2021.png,Santa Ynez Valley,Beckmen,"oak, black fruit, red fruit, earth, spices, non oak, dried fruit, floral, microbio, tropical fruit, tree fruit, citrus fruit","Beef, Lamb, Game (deer, venison), Poultry",Cabernet Sauvignon
La Jota Cabernet Franc 1994,United States,190,4.4,images/La_Jota_Cabernet_Franc_1994.png,images/bottle_La_Jota_Cabernet_Franc_1994.png,Howell Mountain,La Jota,"black fruit, oak, earth, spices, non oak, red fruit, vegetal, microbio, floral, dried fruit, tree fruit","Beef, Pork, Game (deer, venison), Poultry",Cabernet Franc
DuMOL Jentoft Vineyard Ryan Pinot Noir 2022,United States,106,4.5,images/DuMOL_Jentoft_Vineyard_Ryan_Pinot_Noir_2022.png,images/bottle_DuMOL_Jentoft_Vineyard_Ryan_Pinot_Noir_2022.png,Russian River Valley,DuMOL,"red fruit, oak, earth, black fruit, non oak, spices, microbio, dried fruit, vegetal, floral, tree fruit, tropical fruit, citrus fruit","Veal, Pork, Poultry, Mushrooms",Pinot Noir
Carpineto Chianti Classico 2020,Italy,19.99,3.9,images/Carpineto_Chianti_Classico_2020.png,images/bottle_Carpineto_Chianti_Classico_2020.png,Chianti Classico,Carpineto,"oak, red fruit, earth, non oak, spices, black fruit, microbio, vegetal, floral, dried fruit, tree fruit, citrus fruit, tropical fruit","Beef, Pasta, Veal, Cured Meat",Sangiovese
Brewer-Clifton Sta. Rita Hills Pinot Noir 2016,United States,52.08,4.1,images/Brewer_Clifton_Sta_Rita_Hills_Pinot_Noir_2016.png,images/bottle_Brewer_Clifton_Sta_Rita_Hills_Pinot_Noir_20.png,Sta. Rita Hills,Brewer-Clifton,"red fruit, earth, oak, spices, non oak, black fruit, microbio, floral, vegetal, dried fruit, tree fruit, citrus fruit, tropical fruit","Veal, Pork, Poultry, Mushrooms",Pinot Noir
Château Musar Hochar (Père et Fils) 2018,Lebanon,35,4,images/Chteau_Musar_Hochar_Pre_et_Fils_2018.png,images/bottle_Chteau_Musar_Hochar_Pre_et_Fils_2018.png,Bekaa Valley,Château Musar,"oak, black fruit, earth, red fruit, non oak, spices, dried fruit, microbio, floral, vegetal, tree fruit, citrus fruit","Beef, Lamb, Game (deer, venison), Cured Meat",
Ciacci Piccolomini d'Aragona Brunello di Montalcino 2018,Italy,199.99,4.3,images/Ciacci_Piccolomini_dAragona_Brunello_di_Montalcino.png,images/bottle_Ciacci_Piccolomini_dAragona_Brunello_di_Mon.png,Brunello di Montalcino,Ciacci Piccolomini d'Aragona,"oak, earth, red fruit, non oak, spices, black fruit, microbio, dried fruit, floral, vegetal, citrus fruit, tree fruit, tropical fruit","Beef, Lamb, Game (deer, venison), Poultry",Sangiovese
Cliff Lede Stags Leap District Cabernet Sauvignon 2016,United States,101.01,4.4,images/Cliff_Lede_Stags_Leap_District_Cabernet_Sauvignon_.png,images/bottle_Cliff_Lede_Stags_Leap_District_Cabernet_Sau.png,Stags Leap District,Cliff Lede,"oak, black fruit, earth, non oak, spices, red fruit, microbio, floral, dried fruit, vegetal, citrus fruit, tree fruit, tropical fruit","Beef, Lamb, Game (deer, venison), Mature and hard cheese, Poultry",Cabernet Sauvignon
Château Lagrange Les Fiefs de Lagrange Saint-Julien 2005,France,57,4,images/Chteau_Lagrange_Les_Fiefs_de_Lagrange_Saint_Julien.png,images/bottle_Chteau_Lagrange_Les_Fiefs_de_Lagrange_Saint.png,Saint-Julien,Château Lagrange,"oak, black fruit, earth, non oak, red fruit, spices, microbio, floral, vegetal, dried fruit, citrus fruit, tree fruit, tropical fruit","Beef, Lamb, Game (deer, venison), Poultry","Cabernet Sauvignon, Cabernet Franc, Malbec, Merlot, Petit Verdot, Carménère"
Carpineto Toscana Dogajolo Rosso 2021,Italy,10.69,3.8,images/Carpineto_Toscana_Dogajolo_Rosso_2021.png,images/bottle_Carpineto_Toscana_Dogajolo_Rosso_2021.png,Toscana,Carpineto,"oak, red fruit, non oak, earth, spices, black fruit, microbio, vegetal, dried fruit, floral, citrus fruit, tree fruit, tropical fruit","Beef, Lamb, Veal, Poultry, Cured Meat","Cabernet Sauvignon, Merlot, Sangiovese, Canaiolo Nero"
Château Sociando-Mallet Haut-Médoc 2001,France,89,4.1,images/Chteau_Sociando_Mallet_Haut_Mdoc_2001.png,images/bottle_Chteau_Sociando_Mallet_Haut_Mdoc_2001.png,Haut-Médoc,Château Sociando-Mallet,"oak, earth, black fruit, non oak, spices, red fruit, microbio, vegetal, floral, dried fruit, citrus fruit, tree fruit, tropical fruit","Beef, Lamb, Game (deer, venison)","Cabernet Sauvignon, Cabernet Franc, Malbec, Merlot, Petit Verdot, Carménère"
Dominus Dominus (Christian Moueix) 2013,United States,525,4.7,images/Dominus_Dominus_Christian_Moueix_2013.png,images/bottle_Dominus_Dominus_Christian_Moueix_2013.png,Napa Valley,Dominus,"oak, earth, black fruit, non oak, spices, red fruit, microbio, vegetal, floral, dried fruit, citrus fruit, tree fruit, tropical fruit","Beef, Lamb, Game (deer, venison), Poultry","Cabernet Sauvignon, Cabernet Franc, Malbec, Merlot, Petit Verdot"
Cune (CVNE) Reserva 2019,Spain,22.99,3.8,images/Cune_CVNE_Reserva_2019.png,images/bottle_Cune_CVNE_Reserva_2019.png,Rioja,Cune (CVNE),"oak, non oak, spices, black fruit, earth, red fruit, microbio, dried fruit, vegetal, floral, citrus fruit, tree fruit, tropical fruit","Beef, Lamb, Veal, Poultry","Tempranillo, Graciano, Garnacha"
DAOU Bodyguard 2019,United States,37.99,4.3,images/DAOU_Bodyguard_2019.png,images/bottle_DAOU_Bodyguard_2019.png,Paso Robles,DAOU,"oak, black fruit, earth, red fruit, non oak, spices, dried fruit, microbio, floral, citrus fruit, vegetal, tree fruit, tropical fruit","Beef, Lamb, Veal, Poultry","Shiraz/Syrah, Cabernet Sauvignon, Merlot, Zinfandel"
Schrader Double Diamond Oakville Cabernet Sauvignon 2021,United States,89.99,4.3,images/Schrader_Double_Diamond_Oakville_Cabernet_Sauvigno.png,images/bottle_Schrader_Double_Diamond_Oakville_Cabernet_S.png,Oakville,Schrader,"oak, black fruit, non oak, spices, red fruit, earth, dried fruit, microbio, floral, vegetal, citrus fruit, tropical fruit, tree fruit","Beef, Lamb, Game (deer, venison), Mature and hard cheese, Poultry",Cabernet Sauvignon
Canvasback Cabernet Sauvignon 2017,United States,47.13,4.1,images/Canvasback_Cabernet_Sauvignon_2017.png,images/bottle_Canvasback_Cabernet_Sauvignon_2017.png,Red Mountain,Canvasback,"oak, black fruit, non oak, earth, spices, red fruit, microbio, dried fruit, vegetal, tree fruit, floral, citrus fruit","Beef, Lamb, Game (deer, venison), Poultry",Cabernet Sauvignon
Louis Jadot - Domaine Gagey Beaune Theurons 2022,France,74,3.9,images/Louis_Jadot_Domaine_Gagey_Beaune_Theurons_2022.png,images/bottle_Louis_Jadot_Domaine_Gagey_Beaune_Theurons_2.png,Beaune Premier Cru,Louis Jadot - Domaine Gagey,"red fruit, oak, earth, non oak, spices, black fruit, microbio, floral, vegetal, tree fruit, citrus fruit","Beef, Veal, Game (deer, venison), Poultry",Pinot Noir
Quixote Cabernet Sauvignon 2020,United States,140,4.4,images/Quixote_Cabernet_Sauvignon_2020.png,images/bottle_Quixote_Cabernet_Sauvignon_2020.png,Stags Leap District,Quixote,"oak, black fruit, non oak, earth, red fruit, spices, microbio, dried fruit, tree fruit, floral","Beef, Lamb, Game (deer, venison), Mature and hard cheese, Poultry",Cabernet Sauvignon
Duckhorn Estate Grown Merlot 2001,United States,99,4.2,images/Duckhorn_Estate_Grown_Merlot_2001.png,images/bottle_Duckhorn_Estate_Grown_Merlot_2001.png,Napa Valley,Duckhorn,"oak, red fruit, black fruit, non oak, spices, earth, floral, vegetal, microbio, citrus fruit, dried fruit","Beef, Lamb, Veal",Merlot
Woodward Canyon Old Vines Cabernet Sauvignon 2021,United States,110,4.4,images/Woodward_Canyon_Old_Vines_Cabernet_Sauvignon_2021.png,images/bottle_Woodward_Canyon_Old_Vines_Cabernet_Sauvigno.png,Washington,Woodward Canyon,"oak, black fruit, earth, non oak, spices, red fruit, microbio, dried fruit, floral, vegetal, tropical fruit, tree fruit","Beef, Lamb, Game (deer, venison), Poultry",Cabernet Sauvignon
Viúva Gomes Collares Tinto 1967,Portugal,230,4.2,images/Viva_Gomes_Collares_Tinto_1967.png,images/bottle_Viva_Gomes_Collares_Tinto_1967.png,Colares,Viúva Gomes,"earth, red fruit, black fruit, oak, non oak, spices, dried fruit, floral, microbio, vegetal, tree fruit","Beef, Pasta, Veal, Poultry","Baga, Castelao"
Château de Landure Minervois 2022,France,12.97,3.6,images/Chteau_de_Landure_Minervois_2022.jpg,,Minervois,Château de Landure,"earth, oak, black fruit, non oak, red fruit, spices, microbio, citrus fruit, vegetal","Beef, Pasta, Veal","Shiraz/Syrah, Grenache, Mourvedre"
Remoissenet Père & Fils Bourgogne Renommée Rouge 2022,France,49.99,3.8,images/Remoissenet_Pre_Fils_Bourgogne_Renomme_Rouge_2022.png,images/bottle_Remoissenet_Pre_Fils_Bourgogne_Renomme_Roug.png,Bourgogne,Remoissenet Père & Fils,"red fruit, oak, earth, microbio, spices, non oak, black fruit, tree fruit","Beef, Veal, Game (deer, venison), Poultry",Pinot Noir
Cakebread Cabernet Sauvignon 2017,United States,95.99,4.4,images/Cakebread_Cabernet_Sauvignon_2017.png,images/bottle_Cakebread_Cabernet_Sauvignon_2017.png,Napa Valley,Cakebread,"oak, black fruit, earth, non oak, red fruit, spices, microbio, dried fruit, vegetal, floral, tree fruit, citrus fruit, tropical fruit","Beef, Lamb, Game (deer, venison), Mature and hard cheese, Poultry",Cabernet Sauvignon
Casa Al Vento Aria Chianti Classico 2021,Italy,29.99,3.8,images/Casa_Al_Vento_Aria_Chianti_Classico_2021.png,images/bottle_Casa_Al_Vento_Aria_Chianti_Classico_2021.png,Chianti Classico,Casa Al Vento,"red fruit, oak, earth, non oak, black fruit, spices, floral, microbio, dried fruit, vegetal","Beef, Pasta, Veal, Cured Meat",Sangiovese
Fly By Cabernet Sauvignon 2020,United States,12.99,3.8,images/Fly_By_Cabernet_Sauvignon_2020.png,images/bottle_Fly_By_Cabernet_Sauvignon_2020.png,North Coast,Fly By,"oak, black fruit, red fruit, spices, non oak, earth, microbio, dried fruit, vegetal","Beef, Lamb, Game (deer, venison), Poultry",Cabernet Sauvignon
Rutherford Hill Merlot 2013,United States,59,3.8,images/Rutherford_Hill_Merlot_2013.png,images/bottle_Rutherford_Hill_Merlot_2013.png,Napa Valley,Rutherford Hill,"oak, black fruit, red fruit, non oak, earth, spices, microbio, dried fruit, vegetal, citrus fruit, tree fruit, floral, tropical fruit","Beef, Lamb, Veal",Merlot
D. Mateos La Mateo Vendimia Seleccionada 2023,Spain,15,3.9,images/D_Mateos_La_Mateo_Vendimia_Seleccionada_2023.png,images/bottle_D_Mateos_La_Mateo_Vendimia_Seleccionada_202.png,Rioja,D. Mateos,"oak, red fruit, black fruit, non oak, earth, spices, dried fruit, microbio, floral, vegetal, tree fruit","Beef, Lamb, Veal, Poultry","Tempranillo, Graciano, Garnacha"
Domaine Coche-Dury Bourgogne Pinot Noir 2022,France,190,4.2,images/Domaine_Coche_Dury_Bourgogne_Pinot_Noir_2022.png,images/bottle_Domaine_Coche_Dury_Bourgogne_Pinot_Noir_202.png,Bourgogne,Domaine Coche-Dury,"earth, red fruit, oak, non oak, black fruit, spices, microbio, floral, citrus fruit, tree fruit, dried fruit, tropical fruit","Beef, Veal, Game (deer, venison), Poultry",Pinot Noir
Larkmead Solari 2021,United States,200,4.6,images/Larkmead_Solari_2021.png,images/bottle_Larkmead_Solari_2021.png,Napa Valley,Larkmead,"oak, black fruit, earth, non oak, red fruit, spices, microbio, floral, vegetal, dried fruit, citrus fruit","Beef, Lamb, Game (deer, venison), Mature and hard cheese, Poultry",Cabernet Sauvignon
Pago de Los Capellanes Reserva Tinto 2019,Spain,59.99,4.4,images/Pago_de_Los_Capellanes_Reserva_Tinto_2019.png,images/bottle_Pago_de_Los_Capellanes_Reserva_Tinto_2019.png,Ribera del Duero,Pago de Los Capellanes,"oak, black fruit, non oak, spices, earth, red fruit, microbio, floral, dried fruit, vegetal, tropical fruit, citrus fruit","Beef, Lamb, Game (deer, venison)",Tempranillo
JAX Vineyards Pinot Noir Y3 2022,United States,27.99,3.9,images/JAX_Vineyards_Pinot_Noir_Y3_2022.png,images/bottle_JAX_Vineyards_Pinot_Noir_Y3_2022.png,Russian River Valley,JAX Vineyards,"red fruit, oak, earth, black fruit, non oak, spices, vegetal, floral, microbio, dried fruit, citrus fruit","Veal, Pork, Poultry, Mushrooms",Pinot Noir
Château Léoville Poyferré Pavillon de Léoville Poyferré Saint-Julien 2015,France,74,4.2,images/Chteau_Loville_Poyferr_Pavillon_de_Loville_Poyferr.png,images/bottle_Chteau_Loville_Poyferr_Pavillon_de_Loville_.png,Saint-Julien,Château Léoville Poyferré,"oak, black fruit, earth, non oak, spices, red fruit, microbio, vegetal, floral, dried fruit, tree fruit, citrus fruit, tropical fruit","Beef, Lamb, Game (deer, venison), Poultry","Cabernet Sauvignon, Cabernet Franc, Malbec, Merlot, Petit Verdot, Carménère"
Gabriëlskloof Shiraz 2020,South Africa,17.99,3.9,images/Gabrilskloof_Shiraz_2020.png,images/bottle_Gabrilskloof_Shiraz_2020.png,Western Cape,Gabriëlskloof,"oak, spices, non oak, earth, black fruit, red fruit, microbio, floral, vegetal, tree fruit, dried fruit","Beef, Lamb, Game (deer, venison), Poultry",Shiraz/Syrah
Spring Valley Vineyard Katherine Corkrum Cabernet Franc 2022,United States,65,4.2,images/Spring_Valley_Vineyard_Katherine_Corkrum_Cabernet_.png,images/bottle_Spring_Valley_Vineyard_Katherine_Corkrum_Ca.png,Walla Walla Valley,Spring Valley Vineyard,"red fruit, oak, earth, black fruit, spices, non oak, vegetal, microbio, floral, dried fruit, citrus fruit, tree fruit","Beef, Lamb, Vegetarian, Poultry, Goat's Milk Cheese",Cabernet Franc
Chalone Vineyard Estate Pinot Noir 2022,United States,30,3.9,images/Chalone_Vineyard_Estate_Pinot_Noir_2022.png,images/bottle_Chalone_Vineyard_Estate_Pinot_Noir_2022.png,Chalone,Chalone Vineyard,"red fruit, oak, black fruit, non oak, earth, spices, microbio, vegetal, floral, dried fruit","Beef, Veal, Game (deer, venison), Poultry",Pinot Noir
Pine Ridge Howell Mountain Cabernet Sauvignon 1997,United States,135,4.6,images/Pine_Ridge_Howell_Mountain_Cabernet_Sauvignon_1997.png,images/bottle_Pine_Ridge_Howell_Mountain_Cabernet_Sauvign.png,Napa Valley,Pine Ridge,"oak, black fruit, earth, non oak, red fruit, spices, microbio, dried fruit, vegetal, floral, citrus fruit","Beef, Lamb, Game (deer, venison), Mature and hard cheese, Poultry",Cabernet Sauvignon
Domaine Fourrier Clos Solon Vieilles Vigne Morey St. Denis 2023,France,115,4.3,images/Domaine_Fourrier_Clos_Solon_Vieilles_Vigne_Morey_S.png,images/bottle_Domaine_Fourrier_Clos_Solon_Vieilles_Vigne_.png,Morey-Saint-Denis,Domaine Fourrier,"red fruit, earth, oak, spices, non oak, black fruit, microbio, floral, vegetal","Beef, Veal, Game (deer, venison), Poultry",Pinot Noir
White Rock Vineyards Cabernet Sauvignon 2021,United States,78,4.3,images/White_Rock_Vineyards_Cabernet_Sauvignon_2021.png,images/bottle_White_Rock_Vineyards_Cabernet_Sauvignon_202.png,Napa Valley,White Rock Vineyards,"oak, black fruit, spices, red fruit, earth, non oak, vegetal, floral, microbio, dried fruit, citrus fruit","Beef, Lamb, Game (deer, venison), Mature and hard cheese, Poultry",Cabernet Sauvignon
San Marzano Talò Malvasia Nera 2017,Italy,13.99,3.9,images/San_Marzano_Tal_Malvasia_Nera_2017.png,images/bottle_San_Marzano_Tal_Malvasia_Nera_2017.png,Salento,San Marzano,"oak, black fruit, red fruit, spices, non oak, earth, microbio, dried fruit, floral, vegetal","Beef, Pasta, Lamb","Primitivo, Aglianico, Negroamaro, Nero d'Avola"
Descendientes de J. Palacios Villa de Corullón Bierzo 2017,Spain,59,4,images/Descendientes_de_J_Palacios_Villa_de_Corulln_Bierz.png,images/bottle_Descendientes_de_J_Palacios_Villa_de_Corull.png,Bierzo,Descendientes de J. Palacios,"oak, earth, black fruit, red fruit, spices, non oak, floral, microbio, dried fruit, citrus fruit, vegetal, tree fruit, tropical fruit","Veal, Game (deer, venison), Poultry",Mencia
Korbin Kameron Cabernet Sauvignon 2019,United States,65,4.1,images/Korbin_Kameron_Cabernet_Sauvignon_2019.png,images/bottle_Korbin_Kameron_Cabernet_Sauvignon_2019.png,Sonoma Valley,Korbin Kameron,"oak, black fruit, earth, non oak, red fruit, spices, microbio, vegetal, dried fruit, citrus fruit, floral, tree fruit","Beef, Lamb, Game (deer, venison)",Cabernet Sauvignon
Domaine Dujac Vosne-Romanée 1er Cru 'Les Beaux Monts' 2020,France,829,4.4,images/Domaine_Dujac_Vosne_Romane_1er_Cru_Les_Beaux_Monts.png,images/bottle_Domaine_Dujac_Vosne_Romane_1er_Cru_Les_Beau.png,Vosne-Romanée 1er Cru 'Les Beaux Monts',Domaine Dujac,"red fruit, oak, earth, non oak, floral, black fruit, spices, microbio, citrus fruit, vegetal, dried fruit, tropical fruit","Beef, Veal, Game (deer, venison), Poultry",Pinot Noir
Domaine Coillot La Charme aux Prêtres Marsannay 2021,France,36.99,3.9,images/Domaine_Coillot_La_Charme_aux_Prtres_Marsannay_202.png,images/bottle_Domaine_Coillot_La_Charme_aux_Prtres_Marsan.png,Marsannay,Domaine Coillot,"red fruit, oak, earth, non oak, spices, microbio, black fruit, vegetal, tree fruit, dried fruit, citrus fruit, floral","Beef, Veal, Game (deer, venison), Poultry",Pinot Noir
Two Hands Bella's Garden Shiraz 2019,Australia,39.99,4.2,images/Two_Hands_Bellas_Garden_Shiraz_2019.png,images/bottle_Two_Hands_Bellas_Garden_Shiraz_2019.png,Barossa Valley,Two Hands,"black fruit, oak, spices, non oak, red fruit, earth, dried fruit, microbio, floral, vegetal, tree fruit, citrus fruit","Beef, Lamb",Shiraz/Syrah
Signorello Estate Padrone Proprietary Red 2019,United States,179.99,4.6,images/Signorello_Estate_Padrone_Proprietary_Red_2019.png,images/bottle_Signorello_Estate_Padrone_Proprietary_Red_2.png,Napa Valley,Signorello Estate,"oak, black fruit, earth, non oak, red fruit, spices, microbio, floral, vegetal, dried fruit, citrus fruit","Beef, Lamb, Game (deer, venison), Poultry","Cabernet Sauvignon, Cabernet Franc, Malbec, Merlot, Petit Verdot"
San Simeon Wines Stormwatch 2022,United States,70,4.3,images/San_Simeon_Wines_Stormwatch_2022.png,images/bottle_San_Simeon_Wines_Stormwatch_2022.png,Paso Robles,San Simeon Wines,"oak, black fruit, spices, non oak, red fruit, earth, microbio, dried fruit, floral, vegetal, tree fruit, citrus fruit","Beef, Lamb, Game (deer, venison), Poultry",Cabernet Sauvignon
Robert Mondavi Winery Oakville Cabernet Sauvignon 2019,United States,71.99,4.4,images/Robert_Mondavi_Winery_Oakville_Cabernet_Sauvignon_.png,images/bottle_Robert_Mondavi_Winery_Oakville_Cabernet_Sau.png,Oakville,Robert Mondavi Winery,"oak, black fruit, non oak, earth, spices, red fruit, microbio, dried fruit, vegetal, floral, tropical fruit, citrus fruit, tree fruit","Beef, Lamb, Game (deer, venison), Mature and hard cheese, Poultry",Cabernet Sauvignon
Domaine Forey Père & Fils Bourgogne Rouge (Pinot Noir) 2022,France,32,3.8,images/Domaine_Forey_Pre_Fils_Bourgogne_Rouge_Pinot_Noir_.png,images/bottle_Domaine_Forey_Pre_Fils_Bourgogne_Rouge_Pino.png,Bourgogne,Domaine Forey Père & Fils,"red fruit, earth, oak, black fruit, spices, microbio, non oak, dried fruit, vegetal","Beef, Veal, Game (deer, venison), Poultry",Pinot Noir
Trinity Hill Pinot Noir 2023,New Zealand,34,3.5,images/Trinity_Hill_Pinot_Noir_2023.png,images/bottle_Trinity_Hill_Pinot_Noir_2023.png,Hawke's Bay,Trinity Hill,"red fruit, oak, earth, spices, non oak, black fruit, microbio, vegetal, citrus fruit, floral, dried fruit, tropical fruit","Beef, Veal, Game (deer, venison), Poultry",Pinot Noir
Ravasqueira Encantado Tinto 2021,Portugal,14.97,3.9,images/Ravasqueira_Encantado_Tinto_2021.png,images/bottle_Ravasqueira_Encantado_Tinto_2021.png,Alentejano,Ravasqueira,"red fruit, oak, black fruit, earth, non oak, spices, tree fruit, floral, tropical fruit, citrus fruit, vegetal, microbio","Beef, Pasta, Veal, Poultry","Baga, Castelao"
Rotllan Torra Tirant 2002,Spain,63,4.4,images/Rotllan_Torra_Tirant_2002.png,images/bottle_Rotllan_Torra_Tirant_2002.png,Priorat,Rotllan Torra,"earth, oak, black fruit, non oak, spices, red fruit, microbio, floral, dried fruit, vegetal, tree fruit","Beef, Lamb, Game (deer, venison), Poultry","Shiraz/Syrah, Cabernet Sauvignon, Grenache, Carignan"
Le Vigne di Zamò Zamò Rosso 2021,Italy,20.99,3.5,images/Le_Vigne_di_Zam_Zam_Rosso_2021.png,images/bottle_Le_Vigne_di_Zam_Zam_Rosso_2021.png,Friuli-Venezia Giulia,Le Vigne di Zamò,"red fruit, black fruit, earth, oak, spices, non oak, vegetal, floral, citrus fruit, microbio","Beef, Pasta, Lamb, Game (deer, venison)","Nebbiolo, Barbera, Dolcetto"
Jayer Gilles Échezeaux du Dessus Grand Cru 1991,France,665,4.3,images/Jayer_Gilles_chezeaux_du_Dessus_Grand_Cru_1991.png,images/bottle_Jayer_Gilles_chezeaux_du_Dessus_Grand_Cru_1.png,Échezeaux Grand Cru,Jayer Gilles,"oak, black fruit, red fruit, earth, non oak, microbio, spices, dried fruit, floral","Beef, Veal, Game (deer, venison), Poultry",Pinot Noir
The Hilt Pinot Noir 2022,United States,39.99,4,images/The_Hilt_Pinot_Noir_2022.png,images/bottle_The_Hilt_Pinot_Noir_2022.png,Sta. Rita Hills,The Hilt,"red fruit, earth, oak, spices, black fruit, non oak, floral, microbio, citrus fruit, vegetal, dried fruit","Veal, Pork, Poultry, Mushrooms",Pinot Noir
Colgin IX Estate Syrah 2019,United States,399.99,4.6,images/Colgin_IX_Estate_Syrah_2019.png,images/bottle_Colgin_IX_Estate_Syrah_2019.png,Napa Valley,Colgin,"oak, spices, black fruit, earth, non oak, red fruit, floral, microbio, dried fruit, vegetal, citrus fruit, tree fruit, tropical fruit","Beef, Lamb, Game (deer, venison), Poultry",Shiraz/Syrah
Juslyn Cabernet Sauvignon 2016,United States,210,4.4,images/Juslyn_Cabernet_Sauvignon_2016.png,images/bottle_Juslyn_Cabernet_Sauvignon_2016.png,Spring Mountain District,Juslyn,"oak, black fruit, non oak, earth, spices, red fruit, microbio, dried fruit, citrus fruit, vegetal","Beef, Lamb, Game (deer, venison), Mature and hard cheese, Poultry",Cabernet Sauvignon
Albert Morot Beaune 1er Cru 'Les Bressandes' 2022,France,90,4,images/Albert_Morot_Beaune_1er_Cru_Les_Bressandes_2022.png,images/bottle_Albert_Morot_Beaune_1er_Cru_Les_Bressandes_.png,Beaune 1er Cru 'Les Bressandes',Albert Morot,"red fruit, earth, oak, non oak, spices, microbio, black fruit, dried fruit, citrus fruit, vegetal, floral","Beef, Veal, Game (deer, venison), Poultry",Pinot Noir
Ridge Vineyards Lytton Springs 2020,United States,29.99,4.2,images/Ridge_Vineyards_Lytton_Springs_2020.png,images/bottle_Ridge_Vineyards_Lytton_Springs_2020.png,Dry Creek Valley,Ridge Vineyards,"oak, black fruit, spices, non oak, red fruit, earth, dried fruit, microbio, floral, vegetal, citrus fruit, tree fruit, tropical fruit","Beef, Lamb, Poultry",Zinfandel
