name,country,price,rating,image_url,bottle_image_url,region,winery,flavor,food_pairing,grapes
The Prisoner Saldo Zinfandel,United States,19.99,4.2,images/The_Prisoner_Saldo_Zinfandel.png,images/bottle_The_Prisoner_Saldo_Zinfandel.png,California,The Prisoner,"oak, black fruit, red fruit, spices, non oak, earth, dried fruit, microbio, floral, vegetal, tree fruit, citrus fruit, tropical fruit","Beef, Lamb, Poultry",Zinfandel
Martini Asti,Italy,11.99,3.8,images/Martini_Asti.png,images/bottle_Martini_Asti.png,Asti,Martini,"tree fruit, earth, citrus fruit, tropical fruit, floral, microbio, non oak, oak, red fruit, spices, vegetal, dried fruit, black fruit","Sweet desserts, Fruity desserts, Aperitif",Moscato
Bruno Paillard Première Cuvée Extra Brut Champagne,France,69.99,4.1,images/Bruno_Paillard_Premire_Cuve_Extra_Brut_Champagne.png,images/bottle_Bruno_Paillard_Premire_Cuve_Extra_Brut_Cham.png,Champagne,Bruno Paillard,"citrus fruit, tree fruit, non oak, microbio, oak, earth, vegetal, red fruit, spices, floral, tropical fruit, black fruit, dried fruit","Pork, Rich fish (salmon, tuna etc), Shellfish, Mild and soft cheese","Chardonnay, Pinot Noir, Pinot Meunier"
Michele Chiarlo Moscato d'Asti Nivole,Italy,11.99,4.2,images/Michele_Chiarlo_Moscato_dAsti_Nivole.png,images/bottle_Michele_Chiarlo_Moscato_dAsti_Nivole.png,Moscato d'Asti,Michele Chiarlo,"tree fruit, earth, citrus fruit, floral, tropical fruit, microbio, oak, spices, non oak, red fruit, vegetal, dried fruit, black fruit","Fruity desserts, Aperitif",Moscatel de grano menudo
Joel Gott Zinfandel 2006,United States,22.84,3.8,images/Joel_Gott_Zinfandel_2006.png,images/bottle_Joel_Gott_Zinfandel_2006.png,California,Joel Gott,"oak, black fruit, red fruit, spices, non oak, earth, dried fruit, microbio, vegetal, citrus fruit, tree fruit, floral, tropical fruit","Beef, Lamb, Poultry",Zinfandel
Marietta Old Vine Red (OVR),United States,15.99,3.7,images/Marietta_Old_Vine_Red_OVR.png,images/bottle_Marietta_Old_Vine_Red_OVR.png,California,Marietta,"red fruit, black fruit, oak, spices, earth, non oak, dried fruit, microbio, floral, vegetal, tree fruit, citrus fruit, tropical fruit","Beef, Lamb, Poultry",Zinfandel
Edmeades Mendocino County Zinfandel 2006,United States,22.99,3.9,images/Edmeades_Mendocino_County_Zinfandel_2006.png,images/bottle_Edmeades_Mendocino_County_Zinfandel_2006.png,Mendocino County,Edmeades,"oak, black fruit, red fruit, non oak, spices, earth, dried fruit, microbio, floral, vegetal, citrus fruit, tree fruit, tropical fruit","Beef, Lamb, Poultry",Zinfandel
Robert Biale Vineyards Black Chicken Zinfandel 2023,United States,55,4.3,images/Robert_Biale_Vineyards_Black_Chicken_Zinfandel_202.png,images/bottle_Robert_Biale_Vineyards_Black_Chicken_Zinfan.png,Napa Valley,Robert Biale Vineyards,"black fruit, oak, red fruit, spices, non oak, earth, dried fruit, microbio, floral, vegetal, citrus fruit, tree fruit, tropical fruit","Beef, Lamb, Poultry",Zinfandel
Gancia Asti,Italy,18.69,3.9,images/Gancia_Asti.png,images/bottle_Gancia_Asti.png,Asti,Gancia,"tree fruit, earth, citrus fruit, microbio, tropical fruit, spices, oak, floral, non oak, red fruit, dried fruit, vegetal, black fruit","Sweet desserts, Fruity desserts, Aperitif",Moscato
Chartogne-Taillet Sainte Anne Brut,France,49.99,4,images/Chartogne_Taillet_Sainte_Anne_Brut.png,images/bottle_Chartogne_Taillet_Sainte_Anne_Brut.png,Champagne,Chartogne-Taillet,"tree fruit, non oak, citrus fruit, oak, microbio, earth, vegetal, spices, floral, red fruit, tropical fruit, dried fruit, black fruit","Pork, Rich fish (salmon, tuna etc), Shellfish, Mild and soft cheese","Chardonnay, Pinot Noir, Pinot Meunier"
Gnarly Head Old Vine Zinfandel 2018,United States,12.84,3.8,images/Gnarly_Head_Old_Vine_Zinfandel_2018.png,images/bottle_Gnarly_Head_Old_Vine_Zinfandel_2018.png,Lodi,Gnarly Head,"oak, black fruit, spices, non oak, red fruit, earth, dried fruit, microbio, vegetal, floral, tree fruit, citrus fruit, tropical fruit","Beef, Lamb, Poultry",Zinfandel
Risata Moscato d'Asti,Italy,11.99,4.2,images/Risata_Moscato_dAsti.png,images/bottle_Risata_Moscato_dAsti.png,Moscato d'Asti,Risata,"tree fruit, earth, citrus fruit, microbio, tropical fruit, floral, oak, vegetal, non oak, red fruit, spices, black fruit, dried fruit","Fruity desserts, Aperitif",Moscatel de grano menudo
Schloss Gobelsburg Grüner Veltliner 2024,Austria,24.99,3.9,images/Schloss_Gobelsburg_Grner_Veltliner_2024.png,images/bottle_Schloss_Gobelsburg_Grner_Veltliner_2024.png,Kamptal,Schloss Gobelsburg,"tree fruit, citrus fruit, earth, spices, vegetal, microbio, tropical fruit, oak, non oak, floral, black fruit, red fruit, dried fruit","Pork, Vegetarian, Lean fish, Mild and soft cheese, Goat's Milk Cheese",Grüner Veltliner
Egly-Ouriet Les Vignes de Vrigny Brut Champagne Premier Cru,France,89,4.3,images/Egly_Ouriet_Les_Vignes_de_Vrigny_Brut_Champagne_Pr.png,images/bottle_Egly_Ouriet_Les_Vignes_de_Vrigny_Brut_Champ.png,Champagne Premier Cru,Egly-Ouriet,"non oak, tree fruit, oak, microbio, citrus fruit, earth, vegetal, spices, red fruit, tropical fruit, floral, dried fruit, black fruit","Pork, Rich fish (salmon, tuna etc), Shellfish, Mild and soft cheese","Chardonnay, Pinot Noir, Pinot Meunier"
Grgich Hills Zinfandel 1996,United States,125,4,images/Grgich_Hills_Zinfandel_1996.png,images/bottle_Grgich_Hills_Zinfandel_1996.png,Napa Valley,Grgich Hills,"black fruit, red fruit, oak, spices, earth, non oak, dried fruit, microbio, vegetal, floral, citrus fruit, tree fruit, tropical fruit","Beef, Lamb, Poultry",Zinfandel
Stella Rosa Moscato d'Asti Semi-Sweet,Italy,11.99,4.2,images/Stella_Rosa_Moscato_dAsti_Semi_Sweet.png,images/bottle_Stella_Rosa_Moscato_dAsti_Semi_Sweet.png,Piemonte,Stella Rosa,"tree fruit, earth, citrus fruit, microbio, oak, tropical fruit, red fruit, floral, spices, vegetal, non oak, dried fruit, black fruit","Pasta, Shellfish, Mature and hard cheese, Lean fish, Cured Meat","Arneis, Pinot Blanc, Cortese, Tocai Friulano"
7 Deadly Wines 7 Deadly Zins Old Vine Zinfandel 2016,United States,11.99,3.8,images/7_Deadly_Wines_7_Deadly_Zins_Old_Vine_Zinfandel_20.png,images/bottle_7_Deadly_Wines_7_Deadly_Zins_Old_Vine_Zinfa.png,Lodi,7 Deadly Wines,"oak, black fruit, non oak, earth, red fruit, spices, dried fruit, microbio, vegetal, floral, tree fruit, citrus fruit, tropical fruit","Beef, Lamb, Poultry",Zinfandel
Carol Shelton Wild Thing Old Vine Zinfandel 2022,United States,18.99,3.9,images/Carol_Shelton_Wild_Thing_Old_Vine_Zinfandel_2022.png,images/bottle_Carol_Shelton_Wild_Thing_Old_Vine_Zinfandel.png,Mendocino County,Carol Shelton,"red fruit, oak, black fruit, spices, non oak, earth, microbio, dried fruit, vegetal, floral, tree fruit, citrus fruit, tropical fruit","Beef, Lamb, Poultry",Zinfandel
Seghesio Sonoma Zinfandel 2019,United States,29.99,4.1,images/Seghesio_Sonoma_Zinfandel_2019.png,images/bottle_Seghesio_Sonoma_Zinfandel_2019.png,Sonoma County,Seghesio,"black fruit, oak, spices, red fruit, non oak, earth, dried fruit, microbio, floral, vegetal, tree fruit, citrus fruit, tropical fruit","Beef, Lamb, Poultry",Zinfandel
Ridge Vineyards Pagani Ranch Zinfandel 2001,United States,199,4.2,images/Ridge_Vineyards_Pagani_Ranch_Zinfandel_2001.png,images/bottle_Ridge_Vineyards_Pagani_Ranch_Zinfandel_2001.png,Sonoma Valley,Ridge Vineyards,"oak, black fruit, red fruit, non oak, spices, earth, dried fruit, microbio, floral, vegetal, tree fruit, citrus fruit, tropical fruit","Beef, Lamb, Poultry",Zinfandel
Carnivor Zinfandel 2015,United States,12.99,3.8,images/Carnivor_Zinfandel_2015.png,images/bottle_Carnivor_Zinfandel_2015.png,California,Carnivor,"oak, black fruit, non oak, red fruit, spices, earth, dried fruit, microbio, floral, vegetal, tree fruit, citrus fruit, tropical fruit","Beef, Lamb, Poultry",Zinfandel
Ravenswood Old Vine Zinfandel 2022,United States,42,3.8,images/Ravenswood_Old_Vine_Zinfandel_2022.png,images/bottle_Ravenswood_Old_Vine_Zinfandel_2022.png,Napa Valley,Ravenswood,"oak, black fruit, red fruit, non oak, spices, earth, microbio, dried fruit, vegetal, tree fruit, floral, citrus fruit, tropical fruit","Beef, Lamb, Poultry",Zinfandel
Chateau Montelena Zinfandel 1973,United States,369,4.1,images/Chateau_Montelena_Zinfandel_1973.png,images/bottle_Chateau_Montelena_Zinfandel_1973.png,Calistoga,Chateau Montelena,"oak, black fruit, non oak, spices, red fruit, earth, dried fruit, microbio, floral, vegetal, tropical fruit, citrus fruit, tree fruit","Beef, Lamb, Poultry",Zinfandel
Opolo Summit Creek Zinfandel 2009,United States,62.99,3.8,images/Opolo_Summit_Creek_Zinfandel_2009.png,images/bottle_Opolo_Summit_Creek_Zinfandel_2009.png,Paso Robles,Opolo,"oak, black fruit, red fruit, non oak, spices, earth, dried fruit, microbio, vegetal, citrus fruit, floral, tree fruit","Beef, Lamb, Poultry",Zinfandel
Bogle Old Vine Zinfandel 2017,United States,13.88,3.9,images/Bogle_Old_Vine_Zinfandel_2017.png,images/bottle_Bogle_Old_Vine_Zinfandel_2017.png,California,Bogle,"oak, black fruit, spices, non oak, red fruit, earth, dried fruit, microbio, vegetal, floral, tree fruit, citrus fruit, tropical fruit","Beef, Lamb, Poultry",Zinfandel
The Prisoner Saldo Zinfandel 2018,United States,29.99,4.2,images/The_Prisoner_Saldo_Zinfandel_2018.png,images/bottle_The_Prisoner_Saldo_Zinfandel_2018.png,California,The Prisoner,"oak, black fruit, red fruit, spices, non oak, earth, dried fruit, microbio, floral, vegetal, tree fruit, citrus fruit, tropical fruit","Beef, Lamb, Poultry",Zinfandel
Jérôme Prévost La Closerie Les Béguines Extra Brut Champagne,France,279,4.4,images/Jrme_Prvost_La_Closerie_Les_Bguines_Extra_Brut_Cha.png,images/bottle_Jrme_Prvost_La_Closerie_Les_Bguines_Extra_B.png,Champagne,Jérôme Prévost,"earth, non oak, tree fruit, oak, citrus fruit, microbio, vegetal, spices, red fruit, floral, tropical fruit, dried fruit, black fruit","Pork, Rich fish (salmon, tuna etc), Shellfish, Mild and soft cheese","Chardonnay, Pinot Noir, Pinot Meunier"
Ancient Peaks Zinfandel 2022,United States,16.99,3.9,images/Ancient_Peaks_Zinfandel_2022.png,images/bottle_Ancient_Peaks_Zinfandel_2022.png,Paso Robles,Ancient Peaks,"black fruit, oak, red fruit, spices, non oak, earth, dried fruit, microbio, vegetal, floral, citrus fruit, tree fruit","Beef, Lamb, Poultry",Zinfandel
Chateau Montelena The Montelena Estate Zinfandel 2003,United States,139,4.1,images/Chateau_Montelena_The_Montelena_Estate_Zinfandel_2.png,images/bottle_Chateau_Montelena_The_Montelena_Estate_Zinf.png,Calistoga,Chateau Montelena,"oak, red fruit, earth, black fruit, spices, non oak, dried fruit, microbio, floral, tree fruit, vegetal, citrus fruit, tropical fruit","Beef, Lamb, Poultry",Zinfandel
Ruffino Moscato d'Asti,Italy,18.99,4.2,images/Ruffino_Moscato_dAsti.png,images/bottle_Ruffino_Moscato_dAsti.png,Moscato d'Asti,Ruffino,"tree fruit, earth, tropical fruit, citrus fruit, microbio, floral, spices, oak, vegetal, non oak, red fruit","Fruity desserts, Aperitif",Moscatel de grano menudo
Laherte Freres Rosé de Meunier Extra Brut Champagne,France,44.99,4.1,images/Laherte_Freres_Ros_de_Meunier_Extra_Brut_Champagne.png,images/bottle_Laherte_Freres_Ros_de_Meunier_Extra_Brut_Ch.png,Champagne,Laherte Freres,"red fruit, earth, non oak, oak, microbio, citrus fruit, tree fruit, spices, vegetal, floral, black fruit, tropical fruit, dried fruit","Pork, Rich fish (salmon, tuna etc), Shellfish, Mild and soft cheese","Chardonnay, Pinot Noir, Pinot Meunier"
Foxglove Zinfandel 2021,United States,23,3.7,images/Foxglove_Zinfandel_2021.png,images/bottle_Foxglove_Zinfandel_2021.png,Paso Robles,Foxglove,"red fruit, black fruit, oak, spices, earth, non oak, dried fruit, microbio, vegetal, citrus fruit, floral, tree fruit, tropical fruit","Beef, Lamb, Poultry",Zinfandel
Gancia Moscato d'Asti,Italy,17.99,3.7,images/Gancia_Moscato_dAsti.png,images/bottle_Gancia_Moscato_dAsti.png,Moscato d'Asti,Gancia,"tree fruit, earth, tropical fruit, citrus fruit, microbio, floral, spices, oak, non oak, vegetal, black fruit","Fruity desserts, Aperitif",Moscatel de grano menudo
San Marzano 60 Sessantanni Old Vines Primitivo di Manduria 2019,Italy,34.99,4.3,images/San_Marzano_60_Sessantanni_Old_Vines_Primitivo_di_.png,images/bottle_San_Marzano_60_Sessantanni_Old_Vines_Primit.png,Primitivo di Manduria,San Marzano,"oak, black fruit, non oak, red fruit, spices, earth, dried fruit, microbio, floral, vegetal, citrus fruit, tree fruit, tropical fruit","Beef, Pasta, Lamb, Poultry",Primitivo
Zantho Grüner Veltliner 2024,Austria,14,3.8,images/Zantho_Grner_Veltliner_2024.png,images/bottle_Zantho_Grner_Veltliner_2024.png,Burgenland,Zantho,"tree fruit, citrus fruit, earth, vegetal, spices, tropical fruit, microbio, oak, floral, non oak, red fruit, dried fruit, black fruit","Pork, Vegetarian, Lean fish, Mild and soft cheese, Goat's Milk Cheese",Grüner Veltliner
Berger Grüner Veltliner 2024,Austria,17.99,3.8,images/Berger_Grner_Veltliner_2024.png,images/bottle_Berger_Grner_Veltliner_2024.png,Niederösterreich,Berger,"tree fruit, citrus fruit, earth, spices, vegetal, microbio, tropical fruit, oak, floral, non oak, red fruit","Pork, Vegetarian, Lean fish, Mild and soft cheese, Goat's Milk Cheese",Grüner Veltliner
Storybook Mountain Zinfandel Mayacamas Range 2021,United States,29.99,4.1,images/Storybook_Mountain_Zinfandel_Mayacamas_Range_2021.png,images/bottle_Storybook_Mountain_Zinfandel_Mayacamas_Rang.png,Napa Valley,Storybook Mountain,"red fruit, oak, black fruit, spices, earth, non oak, dried fruit, microbio, floral, vegetal, tree fruit","Beef, Lamb, Poultry",Zinfandel
Gemma di Luna Moscato,Italy,14.99,4.1,images/Gemma_di_Luna_Moscato.png,images/bottle_Gemma_di_Luna_Moscato.png,Piemonte,Gemma di Luna,"tree fruit, citrus fruit, earth, tropical fruit, microbio, non oak, oak, vegetal, spices, floral, red fruit","Appetizers and snacks, Aperitif",
Barefoot Bubbly Pink Moscato (Champagne),United States,10.99,3.7,images/Barefoot_Bubbly_Pink_Moscato_Champagne.png,images/bottle_Barefoot_Bubbly_Pink_Moscato_Champagne.png,California,Barefoot,"red fruit, tree fruit, citrus fruit, earth, microbio, tropical fruit, non oak, floral, oak, spices, black fruit, dried fruit, vegetal","Shellfish, Appetizers and snacks, Lean fish, Aperitif","Chardonnay, Pinot Noir"
Tobin James Cellars Zinfandel Ballistic 2019,United States,22,3.9,images/Tobin_James_Cellars_Zinfandel_Ballistic_2019.png,images/bottle_Tobin_James_Cellars_Zinfandel_Ballistic_201.png,Paso Robles,Tobin James Cellars,"black fruit, spices, oak, red fruit, non oak, earth, dried fruit, microbio, vegetal, floral, citrus fruit, tree fruit","Beef, Lamb, Poultry",Zinfandel
Alasia Moscato d'Asti 2024,Italy,13.99,4,images/Alasia_Moscato_dAsti_2024.png,images/bottle_Alasia_Moscato_dAsti_2024.png,Moscato d'Asti,Alasia,"tree fruit, earth, tropical fruit, citrus fruit, floral, microbio, spices, vegetal, non oak, oak, red fruit, black fruit, dried fruit","Fruity desserts, Aperitif",Moscatel de grano menudo
Stella Rosa Pink Semi-Sweet Rose,Italy,10.95,4,images/Stella_Rosa_Pink_Semi_Sweet_Rose.png,images/bottle_Stella_Rosa_Pink_Semi_Sweet_Rose.png,Piemonte,Stella Rosa,"red fruit, tree fruit, microbio, tropical fruit, earth, citrus fruit, oak, black fruit, floral, dried fruit","Shellfish, Mature and hard cheese, Appetizers and snacks, Lean fish, Mild and soft cheese, Cured Meat",
Hugl Wimmer Grüner Veltliner 2024,Austria,19.99,3.8,images/Hugl_Wimmer_Grner_Veltliner_2024.png,images/bottle_Hugl_Wimmer_Grner_Veltliner_2024.png,Weinviertel,Hugl Wimmer,"citrus fruit, tree fruit, earth, spices, vegetal, microbio, tropical fruit, oak, floral, non oak, black fruit, red fruit, dried fruit","Pork, Vegetarian, Lean fish, Mild and soft cheese, Goat's Milk Cheese",Grüner Veltliner
Oliver Cherry Moscato,United States,13.99,4.2,images/Oliver_Cherry_Moscato.png,images/bottle_Oliver_Cherry_Moscato.png,Indiana,Oliver,"red fruit, tree fruit, citrus fruit, oak, spices, non oak, floral, earth, black fruit, microbio, tropical fruit, vegetal",,
Szigeti Grüner Veltliner Brut,Austria,24.99,3.9,images/Szigeti_Grner_Veltliner_Brut.png,images/bottle_Szigeti_Grner_Veltliner_Brut.png,Niederösterreich,Szigeti,"tree fruit, citrus fruit, earth, spices, microbio, non oak, oak, vegetal, tropical fruit, floral, red fruit, dried fruit, black fruit","Shellfish, Appetizers and snacks, Lean fish, Aperitif",
Stella Rosa Berry Semi-Sweet Rosé,Italy,10.95,4.1,images/Stella_Rosa_Berry_Semi_Sweet_Ros.png,images/bottle_Stella_Rosa_Berry_Semi_Sweet_Ros.png,Piemonte,Stella Rosa,"red fruit, tree fruit, microbio, black fruit, oak, earth, non oak, spices, floral, citrus fruit, vegetal","Shellfish, Mature and hard cheese, Appetizers and snacks, Lean fish, Mild and soft cheese, Cured Meat",
Weingut Knoll Ried Schütt Loibner Grüner Veltliner Smaragd 1997,Austria,191,4.2,images/Weingut_Knoll_Ried_Schtt_Loibner_Grner_Veltliner_S.png,images/bottle_Weingut_Knoll_Ried_Schtt_Loibner_Grner_Velt.png,Wachau,Weingut Knoll,"tree fruit, earth, citrus fruit, spices, oak, microbio, tropical fruit, non oak, floral, vegetal, dried fruit, red fruit","Pork, Vegetarian, Lean fish, Mild and soft cheese, Goat's Milk Cheese",Grüner Veltliner
Stella Rosa Moscato Semi-Sweet White,Italy,19.67,4.2,images/Stella_Rosa_Moscato_Semi_Sweet_White.png,images/bottle_Stella_Rosa_Moscato_Semi_Sweet_White.png,Piemonte,Stella Rosa,"tree fruit, earth, microbio, tropical fruit, red fruit, citrus fruit, oak, non oak, floral, black fruit, spices, vegetal, dried fruit","Pasta, Shellfish, Mature and hard cheese, Lean fish, Cured Meat","Arneis, Pinot Blanc, Cortese, Tocai Friulano"
Luccío Moscato d'Asti,Italy,11.49,4.3,images/Lucco_Moscato_dAsti.png,images/bottle_Lucco_Moscato_dAsti.png,Moscato d'Asti,Luccío,"tree fruit, earth, citrus fruit, tropical fruit, vegetal, floral, microbio, oak, spices, red fruit, black fruit, non oak","Fruity desserts, Aperitif",Moscatel de grano menudo
La Vidaubanaise Le Provençal Côtes de Provence Rosé 2024,France,17.99,3.8,images/La_Vidaubanaise_Le_Provenal_Ctes_de_Provence_Ros_2.png,images/bottle_La_Vidaubanaise_Le_Provenal_Ctes_de_Provenc.png,Côtes de Provence,La Vidaubanaise,"red fruit, citrus fruit, earth, tree fruit, microbio, vegetal, spices, oak, floral, tropical fruit, non oak, black fruit, dried fruit","Pork, Shellfish, Vegetarian, Poultry","Shiraz/Syrah, Grenache, Cinsault"
Tormaresca Primitivo Salento Torcicoda 2022,Italy,26.99,4.1,images/Tormaresca_Primitivo_Salento_Torcicoda_2022.png,images/bottle_Tormaresca_Primitivo_Salento_Torcicoda_2022.png,Salento,Tormaresca,"oak, black fruit, non oak, red fruit, spices, earth, dried fruit, microbio, vegetal, floral, tree fruit, citrus fruit, tropical fruit","Beef, Pasta, Lamb, Poultry",Primitivo
Oliver Blueberry Moscato,United States,13.99,4.2,images/Oliver_Blueberry_Moscato.png,images/bottle_Oliver_Blueberry_Moscato.png,Indiana,Oliver,"black fruit, red fruit, dried fruit, tree fruit, earth, citrus fruit, spices, microbio, oak, floral, vegetal, tropical fruit, non oak",,
Ridge Vineyards East Bench Zinfandel 2016,United States,45.99,4,images/Ridge_Vineyards_East_Bench_Zinfandel_2016.png,images/bottle_Ridge_Vineyards_East_Bench_Zinfandel_2016.png,Dry Creek Valley,Ridge Vineyards,"oak, black fruit, red fruit, spices, non oak, earth, dried fruit, microbio, floral, vegetal, tree fruit, citrus fruit, tropical fruit","Beef, Lamb, Poultry",Zinfandel
Turley Hayne Vineyard Zinfandel 1994,United States,164,4.4,images/Turley_Hayne_Vineyard_Zinfandel_1994.png,images/bottle_Turley_Hayne_Vineyard_Zinfandel_1994.png,Napa Valley,Turley,"black fruit, oak, red fruit, spices, earth, non oak, dried fruit, microbio, tree fruit, citrus fruit, vegetal, floral, tropical fruit","Beef, Lamb, Poultry",Zinfandel
Bear Flag Zinfandel 2015,United States,16.99,4.1,images/Bear_Flag_Zinfandel_2015.png,images/bottle_Bear_Flag_Zinfandel_2015.png,Sonoma County,Bear Flag,"oak, black fruit, non oak, spices, red fruit, earth, microbio, dried fruit, floral, vegetal, tree fruit, citrus fruit, tropical fruit","Beef, Lamb, Poultry",Zinfandel
Bartenura Moscato d'Asti 2017,Italy,14.99,4.3,images/Bartenura_Moscato_dAsti_2017.png,images/bottle_Bartenura_Moscato_dAsti_2017.png,Moscato d'Asti,Bartenura,"tree fruit, earth, citrus fruit, tropical fruit, microbio, floral, oak, non oak, spices, vegetal, red fruit, dried fruit, black fruit","Fruity desserts, Aperitif",Moscatel de grano menudo
Outpost Zinfandel 2020,United States,88,4.3,images/Outpost_Zinfandel_2020.png,images/bottle_Outpost_Zinfandel_2020.png,Howell Mountain,Outpost,"black fruit, oak, spices, red fruit, non oak, earth, dried fruit, microbio, citrus fruit, floral, vegetal, tree fruit, tropical fruit","Beef, Lamb, Poultry",Zinfandel
Valter Barbero - Cascina Pian d'Or Bricco Riella Moscato d'Asti 2024,Italy,14.99,4.2,images/Valter_Barbero_Cascina_Pian_dOr_Bricco_Riella_Mosc.png,images/bottle_Valter_Barbero_Cascina_Pian_dOr_Bricco_Riel.png,Moscato d'Asti,Valter Barbero - Cascina Pian d'Or,"tree fruit, earth, tropical fruit, citrus fruit, microbio, spices, floral, oak, non oak, vegetal, dried fruit, red fruit","Fruity desserts, Aperitif",Moscatel de grano menudo
Saracco Moscato d'Asti 2017,Italy,17.99,4.1,images/Saracco_Moscato_dAsti_2017.png,images/bottle_Saracco_Moscato_dAsti_2017.png,Moscato d'Asti,Saracco,"tree fruit, earth, citrus fruit, tropical fruit, floral, microbio, oak, vegetal, red fruit, non oak, spices, dried fruit, black fruit","Fruity desserts, Aperitif",Moscatel de grano menudo
Tobin James Cellars Zinfandel James Gang Reserve 2019,United States,34,4.1,images/Tobin_James_Cellars_Zinfandel_James_Gang_Reserve_2.png,images/bottle_Tobin_James_Cellars_Zinfandel_James_Gang_Re.png,Paso Robles,Tobin James Cellars,"black fruit, oak, earth, red fruit, non oak, spices, dried fruit, microbio, tree fruit, vegetal","Beef, Lamb, Poultry",Zinfandel
Casa Vinicola Ferrero Rivata Moscato d'Asti 2023,Italy,13.97,4.2,images/Casa_Vinicola_Ferrero_Rivata_Moscato_dAsti_2023.png,images/bottle_Casa_Vinicola_Ferrero_Rivata_Moscato_dAsti_.png,Moscato d'Asti,Casa Vinicola Ferrero,"tree fruit, earth, tropical fruit, floral, citrus fruit, microbio, oak, red fruit, non oak, black fruit, vegetal, spices, dried fruit","Fruity desserts, Aperitif",Moscatel de grano menudo
Shenandoah Vineyards Zinfandel (Special Reserve) 2021,United States,15.97,3.5,images/Shenandoah_Vineyards_Zinfandel_Special_Reserve_202.png,images/bottle_Shenandoah_Vineyards_Zinfandel_Special_Rese.png,Amador County,Shenandoah Vineyards,"oak, black fruit, red fruit, spices, earth, non oak, dried fruit, microbio, citrus fruit, vegetal, tropical fruit, tree fruit, floral","Beef, Lamb, Poultry",Zinfandel
Veyder-Malberg Hochrain Grüner Veltliner 2023,Austria,83.99,4.1,images/Veyder_Malberg_Hochrain_Grner_Veltliner_2023.png,images/bottle_Veyder_Malberg_Hochrain_Grner_Veltliner_202.png,Wachau,Veyder-Malberg,"tree fruit, earth, citrus fruit, oak, spices, microbio, tropical fruit, non oak, floral, vegetal","Pork, Vegetarian, Lean fish, Mild and soft cheese, Goat's Milk Cheese",Grüner Veltliner
Roscato Sparkling Moscato,Italy,13.99,4.2,images/Roscato_Sparkling_Moscato.png,images/bottle_Roscato_Sparkling_Moscato.png,Trentino,Roscato,"red fruit, tree fruit, black fruit, oak, citrus fruit, tropical fruit, earth, microbio, non oak","Shellfish, Any junk food will do, Appetizers and snacks, Lean fish, Aperitif",
Stella Rosa Bianco Semi-Sweet White,Italy,10.95,4.1,images/Stella_Rosa_Bianco_Semi_Sweet_White.png,images/bottle_Stella_Rosa_Bianco_Semi_Sweet_White.png,Piemonte,Stella Rosa,"tree fruit, red fruit, earth, citrus fruit, oak, spices, non oak","Pasta, Shellfish, Mature and hard cheese, Lean fish, Cured Meat","Arneis, Pinot Blanc, Cortese, Tocai Friulano"
Lustau Emilín Moscatel Sherry (Solera Reserva),Spain,38.99,4.1,images/Lustau_Emiln_Moscatel_Sherry_Solera_Reserva.png,images/bottle_Lustau_Emiln_Moscatel_Sherry_Solera_Reserva.png,Jerez-Xérès-Sherry,Lustau,"dried fruit, oak, non oak, earth, microbio, black fruit, citrus fruit, spices, tree fruit, red fruit, tropical fruit, vegetal, floral","Mature and hard cheese, Appetizers and snacks, Aperitif, Cured Meat","Palomino, Moscato, Pedro Ximenez"
Cline Ancient Vines Zinfandel 2021,United States,15.99,4,images/Cline_Ancient_Vines_Zinfandel_2021.png,images/bottle_Cline_Ancient_Vines_Zinfandel_2021.png,Contra Costa County,Cline,"oak, red fruit, black fruit, spices, non oak, earth, dried fruit, microbio, vegetal, floral, citrus fruit, tree fruit, tropical fruit","Beef, Lamb, Poultry",Zinfandel
Rombauer Vineyards Zinfandel 2020,United States,39.99,4.3,images/Rombauer_Vineyards_Zinfandel_2020.png,images/bottle_Rombauer_Vineyards_Zinfandel_2020.png,California,Rombauer Vineyards,"oak, black fruit, red fruit, spices, non oak, earth, dried fruit, microbio, vegetal, floral, citrus fruit, tree fruit, tropical fruit","Beef, Lamb, Poultry",Zinfandel
Barefoot Bubbly Moscato Spumante (Champagne),United States,10.99,3.5,images/Barefoot_Bubbly_Moscato_Spumante_Champagne.png,images/bottle_Barefoot_Bubbly_Moscato_Spumante_Champagne.png,California,Barefoot,"citrus fruit, tree fruit, earth, microbio, red fruit, vegetal, non oak, oak, tropical fruit, spices","Shellfish, Appetizers and snacks, Lean fish, Aperitif","Chardonnay, Pinot Noir"
Camp Zinfandel 2023,United States,21,3.6,images/Camp_Zinfandel_2023.png,images/bottle_Camp_Zinfandel_2023.png,Sonoma County,Camp,"red fruit, oak, black fruit, spices, non oak, earth, dried fruit, citrus fruit, microbio, floral, vegetal","Beef, Lamb, Poultry",Zinfandel
Chambers Rosewood Vineyards Muscat,Australia,18.99,3.9,images/Chambers_Rosewood_Vineyards_Muscat.png,images/bottle_Chambers_Rosewood_Vineyards_Muscat.png,Rutherglen,Chambers Rosewood Vineyards,"dried fruit, non oak, oak, earth, microbio, citrus fruit, tree fruit, spices, black fruit, red fruit, vegetal, floral, tropical fruit","Sweet desserts, Fruity desserts, Blue cheese",
Bartenura Sparkling Moscato Rosé,Italy,14.99,4.1,images/Bartenura_Sparkling_Moscato_Ros.png,images/bottle_Bartenura_Sparkling_Moscato_Ros.png,Vino d'Italia,Bartenura,"red fruit, tree fruit, floral, microbio, citrus fruit, earth, oak, non oak, spices, tropical fruit, vegetal","Appetizers and snacks, Aperitif",
Ridge Vineyards Lytton Springs 2020,United States,29.99,4.2,images/Ridge_Vineyards_Lytton_Springs_2020.png,images/bottle_Ridge_Vineyards_Lytton_Springs_2020.png,Dry Creek Valley,Ridge Vineyards,"oak, black fruit, spices, non oak, red fruit, earth, dried fruit, microbio, floral, vegetal, citrus fruit, tree fruit, tropical fruit","Beef, Lamb, Poultry",Zinfandel
Caposaldo Moscato,Italy,11.99,4.3,images/Caposaldo_Moscato.png,images/bottle_Caposaldo_Moscato.png,Provincia di Pavia,Caposaldo,"tree fruit, tropical fruit, earth, red fruit, citrus fruit, spices, floral, oak, non oak, black fruit, microbio","Appetizers and snacks, Aperitif",
Klein Constantia Vin de Constance (Natural Sweet) 2018,South Africa,79,4.5,images/Klein_Constantia_Vin_de_Constance_Natural_Sweet_20.png,images/bottle_Klein_Constantia_Vin_de_Constance_Natural_S.png,Constantia,Klein Constantia,"earth, tree fruit, citrus fruit, oak, non oak, dried fruit, tropical fruit, microbio, spices, floral, vegetal, black fruit, red fruit","Sweet desserts, Fruity desserts",
Frank Family Zinfandel 2018,United States,38.99,4.3,images/Frank_Family_Zinfandel_2018.png,images/bottle_Frank_Family_Zinfandel_2018.png,Napa Valley,Frank Family,"oak, black fruit, spices, red fruit, non oak, earth, dried fruit, microbio, vegetal, floral, tree fruit, citrus fruit, tropical fruit","Beef, Lamb, Poultry",Zinfandel
Turley Kirschenmann Vineyard Zinfandel 2023,United States,49.99,4.2,images/Turley_Kirschenmann_Vineyard_Zinfandel_2023.png,images/bottle_Turley_Kirschenmann_Vineyard_Zinfandel_2023.png,Lodi,Turley,"black fruit, red fruit, oak, spices, non oak, earth, microbio, tree fruit, dried fruit, floral, citrus fruit, vegetal, tropical fruit","Beef, Lamb, Poultry",Zinfandel
Mina Mesa Zinfandel 2022,United States,13.98,3.7,images/Mina_Mesa_Zinfandel_2022.png,images/bottle_Mina_Mesa_Zinfandel_2022.png,Paso Robles,Mina Mesa,"oak, black fruit, non oak, earth, spices, red fruit, dried fruit, microbio, floral, vegetal","Beef, Lamb, Poultry",Zinfandel
Predator Old Vine Zinfandel 2021,United States,15.99,3.9,images/Predator_Old_Vine_Zinfandel_2021.png,images/bottle_Predator_Old_Vine_Zinfandel_2021.png,Lodi,Predator,"oak, non oak, earth, black fruit, spices, red fruit, microbio, dried fruit, vegetal, floral, tree fruit, citrus fruit, tropical fruit","Beef, Lamb, Poultry",Zinfandel
Ravenswood Dickerson Zinfandel 1988,United States,79,3.9,images/Ravenswood_Dickerson_Zinfandel_1988.png,images/bottle_Ravenswood_Dickerson_Zinfandel_1988.png,Napa Valley,Ravenswood,"red fruit, black fruit, oak, spices, non oak, earth, dried fruit, microbio, vegetal, citrus fruit, tree fruit, floral","Beef, Lamb, Poultry",Zinfandel
Carol Shelton Monga Zin Old Vine Zinfandel 2022,United States,30,3.9,images/Carol_Shelton_Monga_Zin_Old_Vine_Zinfandel_2022.png,images/bottle_Carol_Shelton_Monga_Zin_Old_Vine_Zinfandel_.png,Cucamonga Valley,Carol Shelton,"oak, red fruit, non oak, black fruit, spices, earth, dried fruit, microbio, citrus fruit, vegetal, floral","Beef, Lamb, Poultry",Zinfandel
Josh Cellars Reserve Bourbon Barrel Aged Zinfandel 2020,United States,19.99,3.8,images/Josh_Cellars_Reserve_Bourbon_Barrel_Aged_Zinfandel.png,images/bottle_Josh_Cellars_Reserve_Bourbon_Barrel_Aged_Zi.png,California,Josh Cellars,"oak, black fruit, non oak, spices, red fruit, earth, dried fruit, tree fruit, microbio","Beef, Lamb, Poultry",Zinfandel
Chartogne-Taillet Les Barres Extra Brut,France,146,4.3,images/Chartogne_Taillet_Les_Barres_Extra_Brut.png,images/bottle_Chartogne_Taillet_Les_Barres_Extra_Brut.png,Champagne,Chartogne-Taillet,"tree fruit, earth, microbio, non oak, oak, citrus fruit, spices, red fruit, vegetal, floral, black fruit, dried fruit","Pork, Rich fish (salmon, tuna etc), Shellfish, Mild and soft cheese","Chardonnay, Pinot Noir, Pinot Meunier"
Christophe Mignon ADN de Meunier Brut Nature Champagne,France,57.99,4.2,images/Christophe_Mignon_ADN_de_Meunier_Brut_Nature_Champ.png,images/bottle_Christophe_Mignon_ADN_de_Meunier_Brut_Natur.png,Champagne,Christophe Mignon,"tree fruit, citrus fruit, non oak, oak, microbio, earth, vegetal, red fruit, tropical fruit, floral, black fruit, spices, dried fruit","Pork, Rich fish (salmon, tuna etc), Shellfish, Mild and soft cheese","Chardonnay, Pinot Noir, Pinot Meunier"
Villa Jolanda Moscato Rosé,Italy,10.99,3.9,images/Villa_Jolanda_Moscato_Ros.png,images/bottle_Villa_Jolanda_Moscato_Ros.png,Piemonte,Villa Jolanda,"red fruit, floral, tree fruit, black fruit, spices, non oak, oak","Appetizers and snacks, Aperitif",
Jean Yves Peron I Vicini Moscato 2022,France,64.99,4.2,images/Jean_Yves_Peron_I_Vicini_Moscato_2022.png,images/bottle_Jean_Yves_Peron_I_Vicini_Moscato_2022.png,Vin de France,Jean Yves Peron,"citrus fruit, tropical fruit, tree fruit, earth, oak, floral, spices, non oak, black fruit, microbio, dried fruit, red fruit",,
Alzinger Dürnstein Grüner Veltliner Federspiel 2024,Austria,28.99,3.8,images/Alzinger_Drnstein_Grner_Veltliner_Federspiel_2024.png,images/bottle_Alzinger_Drnstein_Grner_Veltliner_Federspie.png,Wachau,Alzinger,"tree fruit, earth, citrus fruit, spices, vegetal, microbio, non oak, tropical fruit, oak","Pork, Vegetarian, Lean fish, Mild and soft cheese, Goat's Milk Cheese",Grüner Veltliner
F.X. Pichler Loibner Federspiel Grüner Veltliner 2023,Austria,48.99,3.9,images/FX_Pichler_Loibner_Federspiel_Grner_Veltliner_2023.png,images/bottle_FX_Pichler_Loibner_Federspiel_Grner_Veltlin.png,Wachau,F.X. Pichler,"tree fruit, citrus fruit, earth, vegetal, spices, tropical fruit, microbio, oak, non oak, black fruit","Pork, Vegetarian, Lean fish, Mild and soft cheese, Goat's Milk Cheese",Grüner Veltliner
Zonin Primo Amore Moscato Provincia di Pavia,Italy,11.99,4.4,images/Zonin_Primo_Amore_Moscato_Provincia_di_Pavia.png,images/bottle_Zonin_Primo_Amore_Moscato_Provincia_di_Pavi.png,Provincia di Pavia,Zonin,"tree fruit, citrus fruit, earth","Pasta, Shellfish, Mature and hard cheese, Lean fish, Cured Meat","Arneis, Pinot Blanc, Cortese, Tocai Friulano"
La Vieille Ferme Blanc 2023,France,19.99,3.6,images/La_Vieille_Ferme_Blanc_2023.png,images/bottle_La_Vieille_Ferme_Blanc_2023.png,Luberon,La Vieille Ferme,"tree fruit, citrus fruit, earth, red fruit, oak, microbio, black fruit, spices, non oak, vegetal, tropical fruit, floral, dried fruit","Pork, Rich fish (salmon, tuna etc), Mature and hard cheese, Poultry, Cured Meat","Viognier, Roussanne, Marsanne, Grenache Blanc, Clairette, Bourboulenc"
Bella Vineyards Lily Hill Estate Zinfandel 2021,United States,60,4.3,images/Bella_Vineyards_Lily_Hill_Estate_Zinfandel_2021.png,images/bottle_Bella_Vineyards_Lily_Hill_Estate_Zinfandel_.png,Dry Creek Valley,Bella Vineyards,"black fruit, oak, red fruit, spices, non oak, earth, dried fruit, floral, microbio, vegetal, citrus fruit","Beef, Lamb, Poultry",Zinfandel
Gavioli Antica Moscato,Italy,16.99,3.6,images/Gavioli_Antica_Moscato.png,images/bottle_Gavioli_Antica_Moscato.png,Vino d'Italia,Gavioli Antica,"red fruit, tree fruit, earth, floral, microbio, tropical fruit, citrus fruit, vegetal, black fruit, dried fruit, spices, oak","Appetizers and snacks, Aperitif",
Scherrer Scherrer Vineyard Old and Mature Zinfandel 1993,United States,175,4.1,images/Scherrer_Scherrer_Vineyard_Old_and_Mature_Zinfande.png,images/bottle_Scherrer_Scherrer_Vineyard_Old_and_Mature_Z.png,Alexander Valley,Scherrer,"red fruit, black fruit, oak, earth, non oak, spices, dried fruit, vegetal, tree fruit, citrus fruit, floral, microbio","Beef, Lamb, Poultry",Zinfandel
Risata Pink Moscato,Italy,11.99,4.2,images/Risata_Pink_Moscato.png,images/bottle_Risata_Pink_Moscato.png,Piemonte,Risata,"red fruit, tree fruit, citrus fruit, oak, earth, non oak, spices, floral, microbio","Appetizers and snacks, Aperitif",
Hartford Court Hartford Vineyard Old Vine Zinfandel 2023,United States,65,4.1,images/Hartford_Court_Hartford_Vineyard_Old_Vine_Zinfande.png,images/bottle_Hartford_Court_Hartford_Vineyard_Old_Vine_Z.png,Russian River Valley,Hartford Court,"black fruit, oak, spices, red fruit, non oak, earth, citrus fruit, vegetal, dried fruit, floral, microbio, tropical fruit","Beef, Lamb, Poultry",Zinfandel
Lamborn Zinfandel 2019,United States,83.99,4.3,images/Lamborn_Zinfandel_2019.png,images/bottle_Lamborn_Zinfandel_2019.png,Howell Mountain,Lamborn,"oak, spices, black fruit, non oak, earth, red fruit, dried fruit, microbio, vegetal, citrus fruit, floral","Beef, Lamb, Poultry",Zinfandel
Stella Rosa Platinum French Vanilla Semi-Sweet White,Italy,13.99,4,images/Stella_Rosa_Platinum_French_Vanilla_Semi_Sweet_Whi.png,images/bottle_Stella_Rosa_Platinum_French_Vanilla_Semi_Sw.png,Piemonte,Stella Rosa,"tree fruit, spices, oak, non oak, microbio, floral, red fruit, tropical fruit, citrus fruit, vegetal","Appetizers and snacks, Aperitif",
Decoy Zinfandel 2021,United States,21.99,3.9,images/Decoy_Zinfandel_2021.png,images/bottle_Decoy_Zinfandel_2021.png,California,Decoy,"oak, black fruit, red fruit, spices, non oak, earth, dried fruit, microbio, floral, vegetal, tree fruit, citrus fruit, tropical fruit","Beef, Lamb, Poultry",Zinfandel
Carol Shelton Rocky Reserve Zinfandel (Florence Vineyard) 2021,United States,44,4.2,images/Carol_Shelton_Rocky_Reserve_Zinfandel_Florence_Vin.png,images/bottle_Carol_Shelton_Rocky_Reserve_Zinfandel_Flore.png,Rockpile,Carol Shelton,"black fruit, oak, red fruit, earth, spices, non oak, microbio, dried fruit, tropical fruit, floral","Beef, Lamb, Poultry",Zinfandel
Wilson Zinfandel 2022,United States,29,4.1,images/Wilson_Zinfandel_2022.png,images/bottle_Wilson_Zinfandel_2022.png,Dry Creek Valley,Wilson,"oak, red fruit, black fruit, non oak, spices, earth, microbio, dried fruit, vegetal","Beef, Lamb, Poultry",Zinfandel
Robert Biale Vineyards R.W. Moore Vineyard Zinfandel 2023,United States,65,4.2,images/Robert_Biale_Vineyards_RW_Moore_Vineyard_Zinfandel.png,images/bottle_Robert_Biale_Vineyards_RW_Moore_Vineyard_Zi.png,Coombsville,Robert Biale Vineyards,"oak, red fruit, spices, black fruit, non oak, earth, microbio, dried fruit, floral, vegetal, tree fruit, citrus fruit","Beef, Lamb, Poultry",Zinfandel
Francis Ford Coppola Winery Diamond Collection Zinfandel 2021,United States,17.99,3.9,images/Francis_Ford_Coppola_Winery_Diamond_Collection_Zin.png,images/bottle_Francis_Ford_Coppola_Winery_Diamond_Collect.png,California,Francis Ford Coppola Winery,"oak, red fruit, black fruit, spices, non oak, earth, dried fruit, microbio, vegetal, floral, tree fruit, citrus fruit, tropical fruit","Beef, Lamb, Poultry",Zinfandel
Torrevento Primitivo Puglia Infinitum 2020,Italy,11.98,3.8,images/Torrevento_Primitivo_Puglia_Infinitum_2020.png,images/bottle_Torrevento_Primitivo_Puglia_Infinitum_2020.png,Puglia,Torrevento,"black fruit, oak, red fruit, spices, non oak, dried fruit, earth, floral, microbio, tree fruit","Beef, Pasta, Lamb, Poultry",Primitivo
Cantina Gabriele Moscato 2021,Italy,11.99,4.2,images/Cantina_Gabriele_Moscato_2021.png,images/bottle_Cantina_Gabriele_Moscato_2021.png,Lazio,Cantina Gabriele,"tree fruit, earth, tropical fruit, oak, citrus fruit, spices, microbio, red fruit, vegetal, non oak",,
Vietti Moscato d'Asti 2023,Italy,11.34,4.2,images/Vietti_Moscato_dAsti_2023.png,images/bottle_Vietti_Moscato_dAsti_2023.png,Moscato d'Asti,Vietti,"tree fruit, earth, tropical fruit, floral, citrus fruit, microbio, spices, oak, vegetal, non oak, red fruit, dried fruit, black fruit","Fruity desserts, Aperitif",Moscatel de grano menudo
Ledson Dry Creek Valley Old Vine Zinfandel 2021,United States,32,4.2,images/Ledson_Dry_Creek_Valley_Old_Vine_Zinfandel_2021.jpg,,Dry Creek Valley,Ledson,"oak, black fruit, spices, earth, red fruit, non oak, microbio, dried fruit, citrus fruit, vegetal","Beef, Lamb, Poultry",Zinfandel
Storybook Mountain Zinfandel Reserve 1988,United States,95,4.3,images/Storybook_Mountain_Zinfandel_Reserve_1988.png,images/bottle_Storybook_Mountain_Zinfandel_Reserve_1988.png,Napa Valley,Storybook Mountain,"black fruit, oak, red fruit, non oak, spices, earth, dried fruit, citrus fruit, floral, tropical fruit, tree fruit, vegetal","Beef, Lamb, Poultry",Zinfandel
Kracher & Sohm Grüner Veltliner 2022,Austria,17.99,3.8,images/Kracher_Sohm_Grner_Veltliner_2022.jpg,,Niederösterreich,Kracher & Sohm,"citrus fruit, tree fruit, spices, earth, tropical fruit, vegetal, non oak, oak, microbio, floral","Pork, Vegetarian, Lean fish, Mild and soft cheese, Goat's Milk Cheese",Grüner Veltliner
Mount Peak Rattlesnake Zinfandel 2020,United States,49.99,4.3,images/Mount_Peak_Rattlesnake_Zinfandel_2020.png,images/bottle_Mount_Peak_Rattlesnake_Zinfandel_2020.png,Sonoma County,Mount Peak,"oak, black fruit, spices, red fruit, non oak, earth, dried fruit, microbio, floral, vegetal, tree fruit, citrus fruit","Beef, Lamb, Poultry",Zinfandel
Martini Riserva Speciale Ambrato Vermouth di Torino,Italy,25.99,4.1,images/Martini_Riserva_Speciale_Ambrato_Vermouth_di_Torin.png,images/bottle_Martini_Riserva_Speciale_Ambrato_Vermouth_d.png,Piemonte,Martini,"tree fruit, citrus fruit, earth, oak, spices, microbio",,
G.D. Vajra Moscato d'Asti 2023,Italy,18.99,4.1,images/GD_Vajra_Moscato_dAsti_2023.png,images/bottle_GD_Vajra_Moscato_dAsti_2023.png,Moscato d'Asti,G.D. Vajra,"tree fruit, earth, tropical fruit, floral, citrus fruit, red fruit, microbio, oak, spices, vegetal, non oak, black fruit, dried fruit","Fruity desserts, Aperitif",Moscatel de grano menudo
Robert Biale Vineyards Stagecoach Vineyard Biale Block Zinfandel 2023,United States,70,4.1,images/Robert_Biale_Vineyards_Stagecoach_Vineyard_Biale_B.png,images/bottle_Robert_Biale_Vineyards_Stagecoach_Vineyard_.png,Napa Valley,Robert Biale Vineyards,"black fruit, red fruit, oak, spices, earth, non oak, microbio, dried fruit, citrus fruit, floral, vegetal","Beef, Lamb, Poultry",Zinfandel
Klinker Brick Old Vine Zinfandel 2020,United States,18.99,3.9,images/Klinker_Brick_Old_Vine_Zinfandel_2020.png,images/bottle_Klinker_Brick_Old_Vine_Zinfandel_2020.png,Lodi,Klinker Brick,"oak, black fruit, non oak, spices, earth, red fruit, dried fruit, microbio, vegetal, floral, citrus fruit, tree fruit, tropical fruit","Beef, Lamb, Poultry",Zinfandel
Weingut Bründlmayer Grüner Veltliner Kamptal Terrassen 2022,Austria,20.99,3.8,images/Weingut_Brndlmayer_Grner_Veltliner_Kamptal_Terrass.png,images/bottle_Weingut_Brndlmayer_Grner_Veltliner_Kamptal_.png,Kamptal,Weingut Bründlmayer,"tree fruit, citrus fruit, earth, spices, vegetal, microbio, tropical fruit, oak, non oak, floral, red fruit, black fruit, dried fruit","Pork, Vegetarian, Lean fish, Mild and soft cheese, Goat's Milk Cheese",Grüner Veltliner
Dry Creek Vineyard Zinfandel Heritage Vines 2021,United States,24.99,4,images/Dry_Creek_Vineyard_Zinfandel_Heritage_Vines_2021.png,images/bottle_Dry_Creek_Vineyard_Zinfandel_Heritage_Vines.png,Sonoma County,Dry Creek Vineyard,"black fruit, oak, red fruit, spices, non oak, earth, microbio, dried fruit, vegetal, floral, citrus fruit, tree fruit, tropical fruit","Beef, Lamb, Poultry",Zinfandel
Italian Christmas Asti Dolce,Italy,11.99,3.7,images/Italian_Christmas_Asti_Dolce.png,images/bottle_Italian_Christmas_Asti_Dolce.png,Asti,Italian Christmas,"tree fruit, earth, citrus fruit, floral, non oak, spices, microbio, oak, vegetal","Sweet desserts, Fruity desserts, Aperitif",Moscato
Preston Farm & Winery Zinfandel 2022,United States,45,4.1,images/Preston_Farm_Winery_Zinfandel_2022.png,images/bottle_Preston_Farm_Winery_Zinfandel_2022.png,Dry Creek Valley,Preston Farm & Winery,"oak, black fruit, non oak, earth, spices, red fruit, microbio, vegetal, dried fruit, tropical fruit, citrus fruit, floral","Beef, Lamb, Poultry",Zinfandel
César Florido Moscatel Dorado,Spain,13.99,4.1,images/Csar_Florido_Moscatel_Dorado.png,images/bottle_Csar_Florido_Moscatel_Dorado.png,Jerez-Xérès-Sherry,César Florido,"earth, dried fruit, oak, citrus fruit, non oak, microbio, tree fruit, spices, tropical fruit, floral, red fruit, vegetal, black fruit","Mature and hard cheese, Appetizers and snacks, Aperitif, Cured Meat","Palomino, Moscato, Pedro Ximenez"
Easton Amador County Zinfandel 2016,United States,22.99,3.9,images/Easton_Amador_County_Zinfandel_2016.png,images/bottle_Easton_Amador_County_Zinfandel_2016.png,Amador County,Easton,"black fruit, red fruit, oak, earth, spices, non oak, dried fruit, microbio, vegetal, citrus fruit, floral, tree fruit, tropical fruit","Beef, Lamb, Poultry",Zinfandel
Selby Old Vines Zinfandel 2021,United States,40,4.2,images/Selby_Old_Vines_Zinfandel_2021.png,images/bottle_Selby_Old_Vines_Zinfandel_2021.png,Sonoma County,Selby,"oak, spices, black fruit, non oak, red fruit, earth, dried fruit, citrus fruit, floral, microbio","Beef, Lamb, Poultry",Zinfandel
Pichler-Krutzler Ried Supperin Grüner Veltliner 2020,Austria,53.99,3.9,images/Pichler_Krutzler_Ried_Supperin_Grner_Veltliner_202.png,images/bottle_Pichler_Krutzler_Ried_Supperin_Grner_Veltli.png,Wachau,Pichler-Krutzler,"tree fruit, earth, citrus fruit, spices, microbio, oak, dried fruit, vegetal, non oak, tropical fruit, floral","Pork, Vegetarian, Lean fish, Mild and soft cheese, Goat's Milk Cheese",Grüner Veltliner
Robert Biale Vineyards Aldo's Vineyard Zinfandel 2022,United States,95,4.4,images/Robert_Biale_Vineyards_Aldos_Vineyard_Zinfandel_20.png,images/bottle_Robert_Biale_Vineyards_Aldos_Vineyard_Zinfa.png,Oak Knoll District,Robert Biale Vineyards,"black fruit, red fruit, spices, oak, non oak, earth, dried fruit, microbio, floral, tropical fruit, citrus fruit, vegetal","Beef, Lamb, Poultry",Zinfandel
Hobo Zinfandel 2022,United States,26,3.7,images/Hobo_Zinfandel_2022.png,images/bottle_Hobo_Zinfandel_2022.png,Dry Creek Valley,Hobo,"oak, non oak, spices, red fruit, earth, black fruit, citrus fruit, dried fruit, tree fruit, vegetal, microbio","Beef, Lamb, Poultry",Zinfandel
Big Smooth Old Vine Zinfandel 2013,United States,28.56,4,images/Big_Smooth_Old_Vine_Zinfandel_2013.png,images/bottle_Big_Smooth_Old_Vine_Zinfandel_2013.png,Lodi,Big Smooth,"oak, black fruit, non oak, red fruit, spices, earth, dried fruit, microbio, floral, vegetal, tropical fruit, tree fruit","Beef, Lamb, Poultry",Zinfandel
Kendall-Jackson Vintner's Reserve Zinfandel 2022,United States,13.99,3.9,images/Kendall_Jackson_Vintners_Reserve_Zinfandel_2022.png,images/bottle_Kendall_Jackson_Vintners_Reserve_Zinfandel_.png,Mendocino County,Kendall-Jackson,"oak, black fruit, red fruit, non oak, spices, earth, dried fruit, microbio, floral, vegetal, tree fruit, citrus fruit, tropical fruit","Beef, Lamb, Poultry",Zinfandel
Curran Grenache Blanc 2023,United States,26,4.1,images/Curran_Grenache_Blanc_2023.png,images/bottle_Curran_Grenache_Blanc_2023.png,Santa Ynez Valley,Curran,"tree fruit, citrus fruit, tropical fruit, earth, microbio, oak, red fruit, floral, vegetal, non oak, black fruit, spices","Pasta, Rich fish (salmon, tuna etc), Shellfish, Vegetarian, Poultry, Lean fish",
Polvanera Calx Primitivo 2021,Italy,12.99,3.8,images/Polvanera_Calx_Primitivo_2021.jpg,,Puglia,Polvanera,"red fruit, earth, oak, non oak, spices, black fruit, microbio, vegetal, dried fruit, tree fruit, citrus fruit, floral, tropical fruit","Beef, Pasta, Lamb, Poultry",Primitivo
Domaine de Marzilly Ullens L.P.M Extra Brut Champagne,France,99.99,4.2,images/Domaine_de_Marzilly_Ullens_LPM_Extra_Brut_Champagn.png,images/bottle_Domaine_de_Marzilly_Ullens_LPM_Extra_Brut_C.png,Champagne,Domaine de Marzilly,"tree fruit, oak, citrus fruit, non oak, microbio, earth, spices, floral","Pork, Rich fish (salmon, tuna etc), Shellfish, Mild and soft cheese","Chardonnay, Pinot Noir, Pinot Meunier"
Tratturi Primitivo Salento 2023,Italy,12.99,3.7,images/Tratturi_Primitivo_Salento_2023.png,images/bottle_Tratturi_Primitivo_Salento_2023.png,Salento,Tratturi,"oak, earth, red fruit, non oak, black fruit, spices, microbio, tropical fruit, dried fruit","Beef, Pasta, Lamb, Poultry",Primitivo
Turley Juvenile Zinfandel 2022,United States,29.99,4.2,images/Turley_Juvenile_Zinfandel_2022.png,images/bottle_Turley_Juvenile_Zinfandel_2022.png,California,Turley,"black fruit, oak, red fruit, spices, non oak, earth, dried fruit, microbio, floral, vegetal, citrus fruit, tree fruit, tropical fruit","Beef, Lamb, Poultry",Zinfandel
Herència Altés Garnatxa Blanca 2022,Spain,16,3.8,images/Herncia_Alts_Garnatxa_Blanca_2022.png,images/bottle_Herncia_Alts_Garnatxa_Blanca_2022.png,Terra Alta,Herència Altés,"tree fruit, citrus fruit, earth, microbio, vegetal, spices, tropical fruit, oak, floral, non oak, red fruit","Shellfish, Mature and hard cheese, Poultry, Appetizers and snacks, Lean fish, Mild and soft cheese",Grenache Blanc
I Vignaioli di S. Stefano Moscato d'Asti 2021,Italy,16.99,4.2,images/I_Vignaioli_di_S_Stefano_Moscato_dAsti_2021.png,images/bottle_I_Vignaioli_di_S_Stefano_Moscato_dAsti_2021.png,Moscato d'Asti,I Vignaioli di S. Stefano,"tree fruit, earth, tropical fruit, citrus fruit, floral, microbio, oak, red fruit, vegetal, non oak, spices, dried fruit, black fruit","Fruity desserts, Aperitif",Moscatel de grano menudo
Villa Jolanda Moscato & Strawberry,Italy,11.5,4,images/Villa_Jolanda_Moscato_Strawberry.png,images/bottle_Villa_Jolanda_Moscato_Strawberry.png,Piemonte,Villa Jolanda,"red fruit, oak, tropical fruit, spices, non oak, tree fruit, floral, vegetal, microbio","Appetizers and snacks, Aperitif",
Michael David Winery Freakshow Zinfandel 2020,United States,20.99,3.9,images/Michael_David_Winery_Freakshow_Zinfandel_2020.png,images/bottle_Michael_David_Winery_Freakshow_Zinfandel_20.png,Lodi,Michael David Winery,"black fruit, oak, red fruit, non oak, spices, earth, dried fruit, microbio, floral, vegetal, tree fruit, citrus fruit, tropical fruit","Beef, Lamb, Poultry",Zinfandel
Stella Rosa Imperiale Moscato Rosé,Italy,14.95,3.9,images/Stella_Rosa_Imperiale_Moscato_Ros.png,images/bottle_Stella_Rosa_Imperiale_Moscato_Ros.png,Piemonte,Stella Rosa,"red fruit, tree fruit, tropical fruit, earth, spices, floral, microbio, non oak, oak","Appetizers and snacks, Aperitif",
Robert Biale Vineyards Varozza Vineyard Zinfandel 2023,United States,64,4.3,images/Robert_Biale_Vineyards_Varozza_Vineyard_Zinfandel_.png,images/bottle_Robert_Biale_Vineyards_Varozza_Vineyard_Zin.png,St. Helena,Robert Biale Vineyards,"oak, black fruit, red fruit, spices, non oak, earth, dried fruit, microbio","Beef, Lamb, Poultry",Zinfandel
Bucklin Old Hill Ranch Bambino (Field Blend) 2020,United States,30.99,3.9,images/Bucklin_Old_Hill_Ranch_Bambino_Field_Blend_2020.png,images/bottle_Bucklin_Old_Hill_Ranch_Bambino_Field_Blend_.png,Sonoma Valley,Bucklin,"red fruit, black fruit, spices, oak, earth, non oak, dried fruit, microbio, vegetal, tree fruit, citrus fruit, floral","Beef, Lamb, Poultry",Zinfandel
Castello Monaci Primitivo Salento Pilùna 2023,Italy,10.99,3.9,images/Castello_Monaci_Primitivo_Salento_Pilna_2023.png,images/bottle_Castello_Monaci_Primitivo_Salento_Pilna_202.png,Salento,Castello Monaci,"oak, black fruit, red fruit, spices, non oak, earth, dried fruit, microbio, vegetal, floral, citrus fruit, tree fruit, tropical fruit","Beef, Pasta, Lamb, Poultry",Primitivo
Ravenswood Estate Zinfandel 1985,United States,78,3.8,images/Ravenswood_Estate_Zinfandel_1985.png,images/bottle_Ravenswood_Estate_Zinfandel_1985.png,Sonoma Valley,Ravenswood,"black fruit, oak, red fruit, non oak, earth, spices, dried fruit, microbio, vegetal","Beef, Lamb, Poultry",Zinfandel
McManis Zinfandel 2019,United States,10.99,3.8,images/McManis_Zinfandel_2019.png,images/bottle_McManis_Zinfandel_2019.png,Lodi,McManis,"oak, red fruit, non oak, black fruit, spices, earth, microbio, dried fruit, vegetal, floral, citrus fruit, tropical fruit, tree fruit","Beef, Lamb, Poultry",Zinfandel
Ridge Vineyards Dusi Ranch Paso Robles Zinfandel 1995,United States,110,4.2,images/Ridge_Vineyards_Dusi_Ranch_Paso_Robles_Zinfandel_1.png,images/bottle_Ridge_Vineyards_Dusi_Ranch_Paso_Robles_Zinf.png,Paso Robles,Ridge Vineyards,"black fruit, oak, dried fruit, red fruit, earth, spices, non oak, microbio, vegetal, tree fruit, citrus fruit","Beef, Lamb, Poultry",Zinfandel
Weingut Knoll Ried Loibenberg Loibner Grüner Veltliner Smaragd 2021,Austria,99.99,4.2,images/Weingut_Knoll_Ried_Loibenberg_Loibner_Grner_Veltli.png,images/bottle_Weingut_Knoll_Ried_Loibenberg_Loibner_Grner.png,Wachau,Weingut Knoll,"tree fruit, earth, citrus fruit, spices, microbio, oak, non oak, tropical fruit, floral, vegetal, red fruit, dried fruit, black fruit","Pork, Vegetarian, Lean fish, Mild and soft cheese, Goat's Milk Cheese",Grüner Veltliner
Weingut Bründlmayer Ried Spiegel Vincent Grüner Veltliner 2021,Austria,110,4.1,images/Weingut_Brndlmayer_Ried_Spiegel_Vincent_Grner_Velt.png,images/bottle_Weingut_Brndlmayer_Ried_Spiegel_Vincent_Grn.png,Kamptal,Weingut Bründlmayer,"earth, tree fruit, spices, oak, microbio, citrus fruit, non oak, tropical fruit, floral, vegetal, black fruit, red fruit","Pork, Vegetarian, Lean fish, Mild and soft cheese, Goat's Milk Cheese",Grüner Veltliner
Weingut Bründlmayer Grüner Veltliner 2021,Austria,23.99,3.8,images/Weingut_Brndlmayer_Grner_Veltliner_2021.png,images/bottle_Weingut_Brndlmayer_Grner_Veltliner_2021.png,Niederösterreich,Weingut Bründlmayer,"tree fruit, citrus fruit, earth, spices, vegetal, microbio, oak, non oak, tropical fruit, floral, red fruit","Pork, Vegetarian, Lean fish, Mild and soft cheese, Goat's Milk Cheese",Grüner Veltliner
Winzer Krems Grüner Veltliner 2023,Austria,15.97,3.8,images/Winzer_Krems_Grner_Veltliner_2023.jpg,,Kremstal,Winzer Krems,"citrus fruit, tree fruit, earth, spices, vegetal, microbio, tropical fruit, oak, floral, non oak, red fruit, dried fruit","Pork, Vegetarian, Lean fish, Mild and soft cheese, Goat's Milk Cheese",Grüner Veltliner
Masseria Cuturi Chidro Primitivo 2021,Italy,37.99,3.9,images/Masseria_Cuturi_Chidro_Primitivo_2021.png,images/bottle_Masseria_Cuturi_Chidro_Primitivo_2021.png,Salento,Masseria Cuturi,"oak, spices, non oak, red fruit, earth, black fruit, dried fruit, floral","Beef, Pasta, Lamb, Poultry",Primitivo
Georges Laval Cumières Les Hautes Chèvres Brut Nature Millesimé Champagne Premier Cru 2020,France,314,4.4,images/Georges_Laval_Cumires_Les_Hautes_Chvres_Brut_Natur.png,images/bottle_Georges_Laval_Cumires_Les_Hautes_Chvres_Bru.png,Champagne Premier Cru,Georges Laval,"tree fruit, earth, microbio, citrus fruit, non oak, oak, spices, vegetal, black fruit, floral","Pork, Rich fish (salmon, tuna etc), Shellfish, Mild and soft cheese","Chardonnay, Pinot Noir, Pinot Meunier"
Frey Organic Zinfandel 2021,United States,12.99,3.4,images/Frey_Organic_Zinfandel_2021.png,images/bottle_Frey_Organic_Zinfandel_2021.png,Mendocino,Frey,"red fruit, spices, black fruit, earth, oak, non oak, dried fruit","Beef, Lamb, Poultry",Zinfandel
Clos des Papes (Paul Avril) Châteauneuf-du-Pape Blanc 2016,France,89,4.2,images/Clos_des_Papes_Paul_Avril_Chteauneuf_du_Pape_Blanc.png,images/bottle_Clos_des_Papes_Paul_Avril_Chteauneuf_du_Pap.png,Châteauneuf-du-Pape,Clos des Papes (Paul Avril),"earth, tree fruit, oak, citrus fruit, microbio, non oak, spices, vegetal, tropical fruit, floral, red fruit, black fruit, dried fruit","Pork, Rich fish (salmon, tuna etc), Mature and hard cheese, Poultry, Cured Meat","Viognier, Roussanne, Marsanne, Grenache Blanc, Clairette, Bourboulenc"
Laurenz V. Singing Grüner Veltliner 2022,Austria,16.99,3.8,images/Laurenz_V_Singing_Grner_Veltliner_2022.png,images/bottle_Laurenz_V_Singing_Grner_Veltliner_2022.png,Niederösterreich,Laurenz V.,"citrus fruit, tree fruit, earth, spices, vegetal, microbio, floral, tropical fruit, oak, non oak, red fruit, black fruit, dried fruit","Pork, Vegetarian, Lean fish, Mild and soft cheese, Goat's Milk Cheese",Grüner Veltliner
Buehler Zinfandel White 2023,United States,15,3.5,images/Buehler_Zinfandel_White_2023.png,images/bottle_Buehler_Zinfandel_White_2023.png,Napa Valley,Buehler,"red fruit, earth, citrus fruit, oak, non oak, dried fruit, spices, black fruit, floral, vegetal, microbio, tree fruit, tropical fruit","Shellfish, Spicy food, Appetizers and snacks, Fruity desserts, Aperitif","Shiraz/Syrah, Cabernet Sauvignon, Pinot Noir, Sangiovese, Zinfandel, Barbera"
Weingut Knoll Ried Kreutles Loibner Grüner Veltliner Smaragd 2021,Austria,81.99,4.2,images/Weingut_Knoll_Ried_Kreutles_Loibner_Grner_Veltline.png,images/bottle_Weingut_Knoll_Ried_Kreutles_Loibner_Grner_V.png,Wachau,Weingut Knoll,"tree fruit, citrus fruit, earth, spices, vegetal, tropical fruit, microbio, oak, non oak, floral, black fruit, dried fruit","Pork, Vegetarian, Lean fish, Mild and soft cheese, Goat's Milk Cheese",Grüner Veltliner
Hartford Court Fanucchi-Wood Road Vineyard Old Vine Zinfandel 2023,United States,65,4.3,images/Hartford_Court_Fanucchi_Wood_Road_Vineyard_Old_Vin.png,images/bottle_Hartford_Court_Fanucchi_Wood_Road_Vineyard_.png,Russian River Valley,Hartford Court,"black fruit, oak, spices, earth, red fruit, non oak, dried fruit, tree fruit, citrus fruit, floral, vegetal, microbio","Beef, Lamb, Poultry",Zinfandel
Pedroncelli Mother Clone Zinfandel 2022,United States,16,4,images/Pedroncelli_Mother_Clone_Zinfandel_2022.png,images/bottle_Pedroncelli_Mother_Clone_Zinfandel_2022.png,Dry Creek Valley,Pedroncelli,"black fruit, oak, spices, non oak, red fruit, earth, dried fruit, microbio, vegetal, floral, tree fruit, citrus fruit, tropical fruit","Beef, Lamb, Poultry",Zinfandel
Hartford Court Jolene's Vineyard Old Vine Zinfandel 2023,United States,65,4.2,images/Hartford_Court_Jolenes_Vineyard_Old_Vine_Zinfandel.png,images/bottle_Hartford_Court_Jolenes_Vineyard_Old_Vine_Zi.png,Russian River Valley,Hartford Court,"black fruit, red fruit, oak, non oak, dried fruit, earth, spices, vegetal, microbio, citrus fruit, floral","Beef, Lamb, Poultry",Zinfandel
Franz Hirtzberger Rotes Tor - Grüner Veltliner Federspiel 2023,Austria,58.99,4.1,images/Franz_Hirtzberger_Rotes_Tor_Grner_Veltliner_Feders.png,images/bottle_Franz_Hirtzberger_Rotes_Tor_Grner_Veltliner.png,Wachau,Franz Hirtzberger,"tree fruit, citrus fruit, earth, spices, tropical fruit, vegetal, microbio, oak, non oak, floral, red fruit, dried fruit","Pork, Vegetarian, Lean fish, Mild and soft cheese, Goat's Milk Cheese",Grüner Veltliner
Joseph Swan Vineyards Bastoni Vineyards Zinfandel 1983,United States,498,4,images/Joseph_Swan_Vineyards_Bastoni_Vineyards_Zinfandel_.png,images/bottle_Joseph_Swan_Vineyards_Bastoni_Vineyards_Zin.png,Sonoma County,Joseph Swan Vineyards,"red fruit, black fruit, oak, earth, spices, dried fruit, non oak, vegetal, microbio","Beef, Lamb, Poultry",Zinfandel
Bella Vineyards Special Release Late Harvest Zinfandel 2024,United States,35,4.2,images/Bella_Vineyards_Special_Release_Late_Harvest_Zinfa.jpg,,Alexander Valley,Bella Vineyards,"oak, black fruit, dried fruit, red fruit, earth, microbio, non oak, spices, tropical fruit, tree fruit, floral, vegetal","Sweet desserts, Mild and soft cheese, Fruity desserts, Blue cheese",
Cloud Break Moscato 2023,United States,10.97,3.4,images/Cloud_Break_Moscato_2023.png,images/bottle_Cloud_Break_Moscato_2023.png,California,Cloud Break,"tree fruit, tropical fruit, citrus fruit, vegetal, non oak, oak, earth, microbio","Pasta, Rich fish (salmon, tuna etc), Shellfish, Vegetarian, Poultry, Lean fish",
Domaine de Durban Kermit Lynch Vaucluse Blanc 2023,France,15.99,3.7,images/Domaine_de_Durban_Kermit_Lynch_Vaucluse_Blanc_2023.png,images/bottle_Domaine_de_Durban_Kermit_Lynch_Vaucluse_Bla.png,Vaucluse,Domaine de Durban,"tree fruit, citrus fruit, earth, tropical fruit, microbio, red fruit, vegetal, non oak, oak, dried fruit, spices","Rich fish (salmon, tuna etc), Shellfish, Spicy food, Appetizers and snacks, Lean fish, Cured Meat",
Puccioni Old Vine  Zinfandel 2022,United States,39,4,images/Puccioni_Old_Vine_Zinfandel_2022.jpg,,Dry Creek Valley,Puccioni,"black fruit, oak, non oak, red fruit, spices, earth, microbio, vegetal, dried fruit, citrus fruit, floral","Beef, Lamb, Poultry",Zinfandel
Pichler-Krutzler Kellerberg Grüner Veltliner 2022,Austria,96.99,4.1,images/Pichler_Krutzler_Kellerberg_Grner_Veltliner_2022.png,images/bottle_Pichler_Krutzler_Kellerberg_Grner_Veltliner.png,Wachau,Pichler-Krutzler,"earth, spices, tree fruit, citrus fruit, tropical fruit, microbio, vegetal, non oak, oak","Pork, Vegetarian, Lean fish, Mild and soft cheese, Goat's Milk Cheese",Grüner Veltliner
Robert Biale Vineyards Grande Vineyard Zinfandel 2022,United States,62,4.1,images/Robert_Biale_Vineyards_Grande_Vineyard_Zinfandel_2.png,images/bottle_Robert_Biale_Vineyards_Grande_Vineyard_Zinf.png,Napa Valley,Robert Biale Vineyards,"black fruit, red fruit, oak, spices, non oak, earth, dried fruit, citrus fruit, floral","Beef, Lamb, Poultry",Zinfandel
B Cellars Zinfandel 2021,United States,80,4.4,images/B_Cellars_Zinfandel_2021.jpg,,Dry Creek Valley,B Cellars,"black fruit, oak, spices, red fruit, non oak, earth, microbio","Beef, Lamb, Poultry",Zinfandel
Ridge Vineyards Sonoma Station Zinfandel 2000,United States,165,4.1,images/Ridge_Vineyards_Sonoma_Station_Zinfandel_2000.jpg,,California,Ridge Vineyards,"spices, black fruit, red fruit, oak, earth, non oak, dried fruit, floral, microbio","Beef, Lamb, Poultry",Zinfandel
Bernhard Ott Am Berg 2023,Austria,26.99,3.9,images/Bernhard_Ott_Am_Berg_2023.png,images/bottle_Bernhard_Ott_Am_Berg_2023.png,Wagram,Bernhard Ott,"tree fruit, citrus fruit, earth, spices, vegetal, microbio, tropical fruit, oak, non oak, floral, red fruit, black fruit, dried fruit","Pork, Vegetarian, Lean fish, Mild and soft cheese, Goat's Milk Cheese",Grüner Veltliner
Bodega Norton 101 Bubbles,Argentina,15.99,3.7,images/Bodega_Norton_101_Bubbles.png,images/bottle_Bodega_Norton_101_Bubbles.png,Mendoza,Bodega Norton,"tree fruit, citrus fruit, earth, microbio, spices, non oak, vegetal","Shellfish, Any junk food will do, Appetizers and snacks, Lean fish, Aperitif",
Turley Old Vines Zinfandel 2022,United States,31,4.1,images/Turley_Old_Vines_Zinfandel_2022.png,images/bottle_Turley_Old_Vines_Zinfandel_2022.png,California,Turley,"black fruit, oak, red fruit, spices, non oak, earth, dried fruit, microbio, floral, vegetal, tree fruit, citrus fruit, tropical fruit","Beef, Lamb, Poultry",Zinfandel
Frog's Leap Zinfandel 2021,United States,39.99,4,images/Frogs_Leap_Zinfandel_2021.png,images/bottle_Frogs_Leap_Zinfandel_2021.png,Napa Valley,Frog's Leap,"oak, red fruit, black fruit, non oak, spices, earth, dried fruit, microbio, vegetal, floral, citrus fruit, tree fruit, tropical fruit","Beef, Lamb, Poultry",Zinfandel
Marietta Román (Estate Grown) Zinfandel 2021,United States,21.99,4.1,images/Marietta_Romn_Estate_Grown_Zinfandel_2021.png,images/bottle_Marietta_Romn_Estate_Grown_Zinfandel_2021.png,Sonoma County,Marietta,"black fruit, oak, red fruit, non oak, earth, spices, dried fruit, vegetal, floral, tree fruit, citrus fruit, microbio, tropical fruit","Beef, Lamb, Poultry",Zinfandel
Robert Biale Vineyards Bedrock Vineyard Zinfandel 2023,United States,68,4.4,images/Robert_Biale_Vineyards_Bedrock_Vineyard_Zinfandel_.png,images/bottle_Robert_Biale_Vineyards_Bedrock_Vineyard_Zin.png,Sonoma County,Robert Biale Vineyards,"red fruit, spices, earth, oak, black fruit, non oak","Beef, Lamb, Poultry",Zinfandel
Ledson Howell Mountain Zinfandel 2021,United States,72,4.2,images/Ledson_Howell_Mountain_Zinfandel_2021.png,images/bottle_Ledson_Howell_Mountain_Zinfandel_2021.png,Howell Mountain,Ledson,"earth, oak, red fruit, non oak, black fruit, dried fruit, spices, vegetal","Beef, Lamb, Poultry",Zinfandel
"Turley Moore ""Earthquake"" Vineyard Zinfandel 1996",United States,118,4.2,images/Turley_Moore_Earthquake_Vineyard_Zinfandel_1996.png,images/bottle_Turley_Moore_Earthquake_Vineyard_Zinfandel_.png,Napa Valley,Turley,"black fruit, spices, oak, earth, red fruit, non oak, dried fruit, citrus fruit, microbio, tree fruit, floral, vegetal","Beef, Lamb, Poultry",Zinfandel
Turley Tofanelli Vineyard Zinfandel 1996,United States,165,4.2,images/Turley_Tofanelli_Vineyard_Zinfandel_1996.png,images/bottle_Turley_Tofanelli_Vineyard_Zinfandel_1996.png,Napa Valley,Turley,"black fruit, red fruit, earth, dried fruit, spices, non oak, oak, floral, microbio","Beef, Lamb, Poultry",Zinfandel
Sweet Bitch Moscato Rosé Bubbly,Chile,12.99,3.8,images/Sweet_Bitch_Moscato_Ros_Bubbly.png,images/bottle_Sweet_Bitch_Moscato_Ros_Bubbly.png,Aconcagua Valley,Sweet Bitch,"red fruit, tree fruit, citrus fruit, spices, non oak, oak","Shellfish, Appetizers and snacks, Lean fish, Aperitif",
Wilson Ellie's Old Vine Zinfandel 2022,United States,42,4.2,images/Wilson_Ellies_Old_Vine_Zinfandel_2022.jpg,,Dry Creek Valley,Wilson,"red fruit, black fruit, earth, oak, spices, non oak, tree fruit","Beef, Lamb, Poultry",Zinfandel
Passalacqua Landy Vineyard Zinfandel 2023,United States,60,4.2,images/Passalacqua_Landy_Vineyard_Zinfandel_2023.jpg,,Sonoma County,Passalacqua,"earth, non oak, oak, black fruit, red fruit, dried fruit, tree fruit, spices, microbio","Beef, Lamb, Poultry",Zinfandel
Carol Shelton Black Magic Late Harvest Zinfandel 2023,United States,21,3.9,images/Carol_Shelton_Black_Magic_Late_Harvest_Zinfandel_2.png,images/bottle_Carol_Shelton_Black_Magic_Late_Harvest_Zinf.png,Sonoma County,Carol Shelton,"oak, black fruit, dried fruit, red fruit, spices, earth, non oak, floral, microbio","Sweet desserts, Mild and soft cheese, Fruity desserts, Blue cheese",
Golan Heights Winery Yarden Muscat 2014,Israel,29.99,3.8,images/Golan_Heights_Winery_Yarden_Muscat_2014.png,images/bottle_Golan_Heights_Winery_Yarden_Muscat_2014.png,Galilee,Golan Heights Winery,"earth, tree fruit, citrus fruit, floral, oak, non oak, microbio, tropical fruit, spices, dried fruit, vegetal, red fruit, black fruit",,
Wilson Sydney Zinfandel 2022,United States,42,4.1,images/Wilson_Sydney_Zinfandel_2022.jpg,,Dry Creek Valley,Wilson,"black fruit, earth, oak, red fruit, spices, non oak, dried fruit, vegetal, microbio","Beef, Lamb, Poultry",Zinfandel
Wilson Carl's Zinfandel 2022,United States,42,4,images/Wilson_Carls_Zinfandel_2022.png,images/bottle_Wilson_Carls_Zinfandel_2022.png,Dry Creek Valley,Wilson,"black fruit, oak, earth, non oak, red fruit, spices, dried fruit, microbio","Beef, Lamb, Poultry",Zinfandel
August Briggs Old Vines Zinfandel 2007,United States,29.99,4.1,images/August_Briggs_Old_Vines_Zinfandel_2007.png,images/bottle_August_Briggs_Old_Vines_Zinfandel_2007.png,Calistoga,August Briggs,"earth, oak, black fruit, non oak, spices, red fruit, floral, vegetal, tree fruit, microbio","Beef, Lamb, Poultry",Zinfandel
Bella Vineyards Two Patch Zinfandel 2019,United States,53,3.9,images/Bella_Vineyards_Two_Patch_Zinfandel_2019.png,images/bottle_Bella_Vineyards_Two_Patch_Zinfandel_2019.png,Alexander Valley,Bella Vineyards,"oak, black fruit, red fruit, non oak, earth, spices, dried fruit, vegetal, microbio, tree fruit","Beef, Lamb, Poultry",Zinfandel
Bedrock Wine Co. Old Vine Zinfandel 2022,United States,29.99,3.9,images/Bedrock_Wine_Co_Old_Vine_Zinfandel_2022.png,images/bottle_Bedrock_Wine_Co_Old_Vine_Zinfandel_2022.png,Sonoma Valley,Bedrock Wine Co.,"black fruit, oak, red fruit, spices, non oak, earth, dried fruit, floral, microbio, tree fruit, vegetal, citrus fruit, tropical fruit","Beef, Lamb, Poultry",Zinfandel
San Silvestro Asti Spumante,Italy,18.99,3.8,images/San_Silvestro_Asti_Spumante.png,images/bottle_San_Silvestro_Asti_Spumante.png,Asti,San Silvestro,"tree fruit, floral, citrus fruit, dried fruit, tropical fruit, spices, earth, microbio, non oak","Sweet desserts, Fruity desserts, Aperitif",Moscato
Scar Of The Sea Lopez Vineyard Zinfandel 2024,United States,39,4,images/Scar_Of_The_Sea_Lopez_Vineyard_Zinfandel_2024.png,images/bottle_Scar_Of_The_Sea_Lopez_Vineyard_Zinfandel_20.png,Cucamonga Valley,Scar Of The Sea,"red fruit, black fruit, spices, oak, floral, non oak, vegetal, earth, dried fruit, tree fruit","Beef, Lamb, Poultry",Zinfandel
Sequum Kidd Ranch Zinfandel 2022,United States,40,4.1,images/Sequum_Kidd_Ranch_Zinfandel_2022.jpg,,Napa Valley,Sequum,"red fruit, oak, black fruit, spices, non oak, microbio, vegetal, earth","Beef, Lamb, Poultry",Zinfandel
Ridge Vineyards Grenache Blanc 2023,United States,38,4.2,images/Ridge_Vineyards_Grenache_Blanc_2023.png,images/bottle_Ridge_Vineyards_Grenache_Blanc_2023.png,California,Ridge Vineyards,"tree fruit, oak, citrus fruit, earth, microbio, spices, non oak, tropical fruit, vegetal, floral, black fruit","Pasta, Rich fish (salmon, tuna etc), Shellfish, Vegetarian, Poultry, Lean fish",
Rôtie Grenache Blanc 2024,United States,32,3.8,images/Rtie_Grenache_Blanc_2024.jpg,,Washington,Rôtie,"tree fruit, citrus fruit, earth, tropical fruit, red fruit, floral, vegetal, microbio, oak, black fruit, spices, non oak",,
Josef Donabaum Ried Zornberg Grüner Veltliner Smaragd 2021,Austria,43,4.1,images/Josef_Donabaum_Ried_Zornberg_Grner_Veltliner_Smara.jpg,,Wachau,Josef Donabaum,"earth, tree fruit, citrus fruit, tropical fruit, microbio, non oak, oak, spices","Pork, Vegetarian, Lean fish, Mild and soft cheese, Goat's Milk Cheese",Grüner Veltliner
Passalacqua Zinfandel 2022,United States,60,4.2,images/Passalacqua_Zinfandel_2022.jpg,,Dry Creek Valley,Passalacqua,"earth, oak, non oak, black fruit, red fruit, spices, vegetal, tree fruit","Beef, Lamb, Poultry",Zinfandel
Tegernseerhof Dürnsteiner Grüner Veltliner Federspiel 2021,Austria,29,3.8,images/Tegernseerhof_Drnsteiner_Grner_Veltliner_Federspie.png,images/bottle_Tegernseerhof_Drnsteiner_Grner_Veltliner_Fe.png,Wachau,Tegernseerhof,"tree fruit, earth, citrus fruit, vegetal, spices, tropical fruit, floral, microbio","Pork, Vegetarian, Lean fish, Mild and soft cheese, Goat's Milk Cheese",Grüner Veltliner
Parco dei Monaci Monacello Matera Primitivo 2016,Italy,29.99,3.9,images/Parco_dei_Monaci_Monacello_Matera_Primitivo_2016.png,images/bottle_Parco_dei_Monaci_Monacello_Matera_Primitivo.png,Basilicata,Parco dei Monaci,"black fruit, earth, red fruit, oak, dried fruit, non oak, spices, vegetal, microbio, citrus fruit","Beef, Pasta, Lamb, Poultry",Primitivo
Two Shepherds Hopkins Vineyard Pinot Meunier 2022,United States,32,4.2,images/Two_Shepherds_Hopkins_Vineyard_Pinot_Meunier_2022.jpg,,Russian River Valley,Two Shepherds,"red fruit, black fruit, spices, earth, oak",,
Elio Perrone Sourgal Moscato d'Asti 2022,Italy,11.99,4.2,images/Elio_Perrone_Sourgal_Moscato_dAsti_2022.png,images/bottle_Elio_Perrone_Sourgal_Moscato_dAsti_2022.png,Moscato d'Asti,Elio Perrone,"tree fruit, earth, floral, tropical fruit, citrus fruit, microbio, oak, non oak, spices, vegetal, red fruit, dried fruit","Fruity desserts, Aperitif",Moscatel de grano menudo
J. Rickards 1908 Brignole Reserve Old Vine Zinfandel 2022,United States,57,4.4,images/J_Rickards_1908_Brignole_Reserve_Old_Vine_Zinfande.jpg,,Sonoma County,J. Rickards,"oak, spices, black fruit, red fruit, earth, non oak, dried fruit, citrus fruit, microbio","Beef, Lamb, Poultry",Zinfandel
Wood Family Vineyards Big Wood Zin Zinfandel 2022,United States,42,4.1,images/Wood_Family_Vineyards_Big_Wood_Zin_Zinfandel_2022.jpg,,Livermore Valley,Wood Family Vineyards,"red fruit, oak, spices, non oak, black fruit, earth, floral","Beef, Lamb, Poultry",Zinfandel
Adir Kerem Ben Zimra Grenache Blanc 2021,Israel,35.99,4.1,images/Adir_Kerem_Ben_Zimra_Grenache_Blanc_2021.jpg,,Galilee,Adir,"earth, vegetal, citrus fruit, microbio","Pasta, Vegetarian, Poultry, Appetizers and snacks, Lean fish, Goat's Milk Cheese",
Croad Zinfandel Pure 2020,United States,51,4.2,images/Croad_Zinfandel_Pure_2020.jpg,,Paso Robles,Croad,"black fruit, red fruit, oak, non oak, spices, earth","Beef, Lamb, Poultry",Zinfandel
Villa Jolanda Saint Valentine I Love You Spumante,Italy,10.99,3.3,images/Villa_Jolanda_Saint_Valentine_I_Love_You_Spumante.png,images/bottle_Villa_Jolanda_Saint_Valentine_I_Love_You_Sp.png,Vino d'Italia,Villa Jolanda,"citrus fruit, earth, floral, vegetal, microbio, spices, non oak, oak, tropical fruit, tree fruit","Appetizers and snacks, Aperitif",
Domaine de la Patience From the Tank Coteaux du Pont du Gard Rosé 2023,France,14.99,3.7,images/Domaine_de_la_Patience_From_the_Tank_Coteaux_du_Po.jpg,,Coteaux du Pont du Gard,Domaine de la Patience,"red fruit, tree fruit, citrus fruit, earth, tropical fruit, microbio, black fruit","Pasta, Vegetarian, Appetizers and snacks, Lean fish, Aperitif","Shiraz/Syrah, Grenache, Mourvedre"
La Spinetta Bricco Quaglia Moscato d'Asti 2023,Italy,23.99,4,images/La_Spinetta_Bricco_Quaglia_Moscato_dAsti_2023.png,images/bottle_La_Spinetta_Bricco_Quaglia_Moscato_dAsti_20.png,Moscato d'Asti,La Spinetta,"tree fruit, earth, tropical fruit, citrus fruit, floral, microbio, oak, spices, non oak, red fruit, vegetal, dried fruit, black fruit","Fruity desserts, Aperitif",Moscatel de grano menudo
Josh Cellars Zinfandel 2022,United States,14.99,3.8,images/Josh_Cellars_Zinfandel_2022.png,images/bottle_Josh_Cellars_Zinfandel_2022.png,Lodi,Josh Cellars,"oak, red fruit, black fruit, spices, non oak, earth, dried fruit, microbio, floral, tree fruit, vegetal, citrus fruit, tropical fruit","Beef, Lamb, Poultry",Zinfandel
Nando Asti,Italy,11.99,3.8,images/Nando_Asti.jpg,,Asti,Nando,"tree fruit, tropical fruit, red fruit, floral, earth, non oak","Sweet desserts, Fruity desserts, Aperitif",Moscato
Nikolaihof Federspiel Grüner Veltliner 2021,Austria,47.99,3.9,images/Nikolaihof_Federspiel_Grner_Veltliner_2021.png,images/bottle_Nikolaihof_Federspiel_Grner_Veltliner_2021.png,Wachau,Nikolaihof,"tree fruit, earth, citrus fruit, spices, microbio, oak, vegetal, non oak, tropical fruit, floral, red fruit, black fruit, dried fruit","Pork, Vegetarian, Lean fish, Mild and soft cheese, Goat's Milk Cheese",Grüner Veltliner
Weingut Stadt Krems Grüner Veltliner 2023,Austria,14.99,4,images/Weingut_Stadt_Krems_Grner_Veltliner_2023.png,images/bottle_Weingut_Stadt_Krems_Grner_Veltliner_2023.png,Kremstal,Weingut Stadt Krems,"tree fruit, citrus fruit, earth, spices, tropical fruit, vegetal, microbio, oak, non oak, floral, red fruit, black fruit, dried fruit","Pork, Vegetarian, Lean fish, Mild and soft cheese, Goat's Milk Cheese",Grüner Veltliner
Ridge Vineyards Paso Robles Zinfandel 2022,United States,46.99,4.2,images/Ridge_Vineyards_Paso_Robles_Zinfandel_2022.png,images/bottle_Ridge_Vineyards_Paso_Robles_Zinfandel_2022.png,Paso Robles,Ridge Vineyards,"oak, black fruit, red fruit, spices, non oak, earth, dried fruit, microbio, floral, vegetal, citrus fruit, tree fruit, tropical fruit","Beef, Lamb, Poultry",Zinfandel
Storrs Rusty Ridge Zinfandel 2019,United States,36,4,images/Storrs_Rusty_Ridge_Zinfandel_2019.png,images/bottle_Storrs_Rusty_Ridge_Zinfandel_2019.png,Central Coast,Storrs,"spices, black fruit, red fruit, earth, oak, dried fruit, non oak, tree fruit, citrus fruit","Beef, Lamb, Poultry",Zinfandel
Arnot-Roberts Kirschenmann Vineyard Zinfandel 2023,United States,46,4.1,images/Arnot_Roberts_Kirschenmann_Vineyard_Zinfandel_2023.png,images/bottle_Arnot_Roberts_Kirschenmann_Vineyard_Zinfand.png,Mokelumne River,Arnot-Roberts,"red fruit, earth, spices, black fruit, floral, oak, vegetal, non oak, dried fruit, tropical fruit","Beef, Lamb, Poultry",Zinfandel
Wilson Heartland Zinfandel 2022,United States,42,4.2,images/Wilson_Heartland_Zinfandel_2022.jpg,,Dry Creek Valley,Wilson,"oak, red fruit, earth, non oak, black fruit, spices, microbio","Beef, Lamb, Poultry",Zinfandel
Storrs Zinfandel 2021,United States,34,3.9,images/Storrs_Zinfandel_2021.jpg,,Central Coast,Storrs,"black fruit, red fruit, earth, oak, spices, non oak, dried fruit, floral","Beef, Lamb, Poultry",Zinfandel
Maggio Family Vineyards Zinfandel 2009,United States,12.99,3.7,images/Maggio_Family_Vineyards_Zinfandel_2009.png,images/bottle_Maggio_Family_Vineyards_Zinfandel_2009.png,Lodi,Maggio Family Vineyards,"oak, non oak, red fruit, black fruit, spices, earth, dried fruit, microbio, vegetal, tree fruit, floral, tropical fruit","Beef, Lamb, Poultry",Zinfandel
Sandlands Zinfandel 2021,United States,58,4.1,images/Sandlands_Zinfandel_2021.jpg,,Lodi,Sandlands,"black fruit, red fruit, spices, earth, oak, dried fruit, floral, vegetal, non oak","Beef, Lamb, Poultry",Zinfandel
Noble Vines Marquis Red 2021,United States,10.99,4,images/Noble_Vines_Marquis_Red_2021.png,images/bottle_Noble_Vines_Marquis_Red_2021.png,California,Noble Vines,"oak, non oak, spices, red fruit, black fruit, earth, dried fruit, floral, microbio, citrus fruit, tree fruit","Beef, Lamb, Poultry",Zinfandel
Loimer Lois Grüner Veltliner 2022,Austria,17.99,3.8,images/Loimer_Lois_Grner_Veltliner_2022.png,images/bottle_Loimer_Lois_Grner_Veltliner_2022.png,Kamptal,Loimer,"tree fruit, citrus fruit, earth, vegetal, spices, microbio, oak, tropical fruit, floral, non oak, black fruit, dried fruit","Pork, Vegetarian, Lean fish, Mild and soft cheese, Goat's Milk Cheese",Grüner Veltliner
Ledson Sonoma County Zinfandel 2021,United States,60,4.1,images/Ledson_Sonoma_County_Zinfandel_2021.jpg,,Sonoma County,Ledson,"spices, oak, black fruit, red fruit, non oak","Beef, Lamb, Poultry",Zinfandel
James Rahn Rainsong Vineyard Pinot Meunier 2018,United States,45.99,4.2,images/James_Rahn_Rainsong_Vineyard_Pinot_Meunier_2018.png,images/bottle_James_Rahn_Rainsong_Vineyard_Pinot_Meunier_.png,Willamette Valley,James Rahn,"red fruit, black fruit, tree fruit, citrus fruit, spices, earth, non oak, oak","Vegetarian, Mushrooms",
The Federalist Zinfandel Bourbon Barrel Aged 2021,United States,22.99,3.8,images/The_Federalist_Zinfandel_Bourbon_Barrel_Aged_2021.png,images/bottle_The_Federalist_Zinfandel_Bourbon_Barrel_Age.png,Mendocino County,The Federalist,"oak, non oak, spices, red fruit, earth, black fruit, microbio, dried fruit, vegetal, floral, tree fruit, citrus fruit, tropical fruit","Beef, Lamb, Poultry",Zinfandel
Cline Old Vines Zinfandel 2022,United States,13.99,3.7,images/Cline_Old_Vines_Zinfandel_2022.png,images/bottle_Cline_Old_Vines_Zinfandel_2022.png,Lodi,Cline,"black fruit, oak, red fruit, non oak, spices, earth, dried fruit, microbio, vegetal, tree fruit, floral","Beef, Lamb, Poultry",Zinfandel
Four Vines Old Vine Zinfandel (Truant) 2021,United States,14.99,3.8,images/Four_Vines_Old_Vine_Zinfandel_Truant_2021.png,images/bottle_Four_Vines_Old_Vine_Zinfandel_Truant_2021.png,California,Four Vines,"oak, black fruit, non oak, red fruit, earth, spices, microbio, dried fruit, floral, vegetal, tree fruit, citrus fruit, tropical fruit","Beef, Lamb, Poultry",Zinfandel
Passalacqua Bacigalupi Vineyard Zinfandel 2023,United States,58,4.2,images/Passalacqua_Bacigalupi_Vineyard_Zinfandel_2023.jpg,,Sonoma County,Passalacqua,"red fruit, spices, oak, earth, non oak, black fruit","Beef, Lamb, Poultry",Zinfandel
Wilson Reserve Zinfandel 2022,United States,32,4.2,images/Wilson_Reserve_Zinfandel_2022.jpg,,Dry Creek Valley,Wilson,"red fruit, earth, oak, black fruit, non oak, citrus fruit, spices","Beef, Lamb, Poultry",Zinfandel
Turley Dusi Vineyard Zinfandel 2021,United States,54.99,4.3,images/Turley_Dusi_Vineyard_Zinfandel_2021.png,images/bottle_Turley_Dusi_Vineyard_Zinfandel_2021.png,Paso Robles,Turley,"black fruit, red fruit, oak, spices, non oak, earth, dried fruit, microbio, tree fruit, floral, vegetal, citrus fruit","Beef, Lamb, Poultry",Zinfandel
Lustig Grüner Veltliner Classic 2023,Austria,13.99,3.8,images/Lustig_Grner_Veltliner_Classic_2023.png,images/bottle_Lustig_Grner_Veltliner_Classic_2023.png,Niederösterreich,Lustig,"citrus fruit, tree fruit, spices, earth, non oak, oak","Pork, Vegetarian, Lean fish, Mild and soft cheese, Goat's Milk Cheese",Grüner Veltliner
Ridge Vineyards Dusi Ranch Paso Robles Zinfandel Late Harvest 1978,United States,365,4.2,images/Ridge_Vineyards_Dusi_Ranch_Paso_Robles_Zinfandel_L.png,images/bottle_Ridge_Vineyards_Dusi_Ranch_Paso_Robles_Zinf.png,Paso Robles,Ridge Vineyards,"black fruit, dried fruit, red fruit, microbio","Sweet desserts, Mild and soft cheese, Fruity desserts, Blue cheese",
Bobcat Bobcat Zinfandel 2022,United States,48,4.6,images/Bobcat_Bobcat_Zinfandel_2022.jpg,,Sonoma Valley,Bobcat,"red fruit, spices, oak","Beef, Lamb, Poultry",Zinfandel
Turley Estate Zinfandel 2021,United States,45,4.2,images/Turley_Estate_Zinfandel_2021.png,images/bottle_Turley_Estate_Zinfandel_2021.png,Napa Valley,Turley,"oak, black fruit, red fruit, spices, non oak, earth, microbio, dried fruit, citrus fruit, floral, vegetal, tree fruit","Beef, Lamb, Poultry",Zinfandel
Villa Jolanda Moscato The Blue,Italy,10.99,3.3,images/Villa_Jolanda_Moscato_The_Blue.png,images/bottle_Villa_Jolanda_Moscato_The_Blue.png,Vino d'Italia,Villa Jolanda,"red fruit, tree fruit, citrus fruit, black fruit, tropical fruit","Appetizers and snacks, Aperitif",
Ridge Vineyards Coast Range Zinfandel 1997,United States,115,4.1,images/Ridge_Vineyards_Coast_Range_Zinfandel_1997.png,images/bottle_Ridge_Vineyards_Coast_Range_Zinfandel_1997.png,California,Ridge Vineyards,"black fruit, red fruit, oak, citrus fruit, earth, non oak","Beef, Lamb, Poultry",Zinfandel
Château La Nerthe Châteauneuf-du-Pape Blanc 2023,France,89.99,4.2,images/Chteau_La_Nerthe_Chteauneuf_du_Pape_Blanc_2023.png,images/bottle_Chteau_La_Nerthe_Chteauneuf_du_Pape_Blanc_2.png,Châteauneuf-du-Pape,Château La Nerthe,"earth, tree fruit, oak, citrus fruit, microbio, non oak, spices, vegetal, tropical fruit, floral, red fruit, black fruit, dried fruit","Pork, Rich fish (salmon, tuna etc), Mature and hard cheese, Poultry, Cured Meat","Viognier, Roussanne, Marsanne, Grenache Blanc, Clairette, Bourboulenc"
Weingut Schödl Grüner Veltliner In Natura 2022,Austria,36.99,4,images/Weingut_Schdl_Grner_Veltliner_In_Natura_2022.jpg,,Niederösterreich,Weingut Schödl,"tree fruit, earth, citrus fruit, spices, floral, vegetal","Pork, Vegetarian, Lean fish, Mild and soft cheese, Goat's Milk Cheese",Grüner Veltliner
Four Virtues Bourbon Barrel Aged Zinfandel 2021,United States,17.99,4,images/Four_Virtues_Bourbon_Barrel_Aged_Zinfandel_2021.png,images/bottle_Four_Virtues_Bourbon_Barrel_Aged_Zinfandel_.png,Lodi,Four Virtues,"oak, non oak, spices, earth, black fruit, red fruit, microbio, dried fruit, tree fruit, vegetal, floral, citrus fruit","Beef, Lamb, Poultry",Zinfandel
Robert Biale Vineyards Falleri Vineyard Zinfandel 2023,United States,68,4.2,images/Robert_Biale_Vineyards_Falleri_Vineyard_Zinfandel_.png,images/bottle_Robert_Biale_Vineyards_Falleri_Vineyard_Zin.png,Calistoga,Robert Biale Vineyards,"red fruit, spices, black fruit, dried fruit, citrus fruit, non oak, oak","Beef, Lamb, Poultry",Zinfandel
Christina Grüner Veltliner 2022,Austria,17.99,3.8,images/Christina_Grner_Veltliner_2022.png,images/bottle_Christina_Grner_Veltliner_2022.png,Carnuntum,Christina,"citrus fruit, tree fruit, earth, tropical fruit, vegetal, spices, microbio, oak, floral, non oak, red fruit, black fruit, dried fruit","Pork, Vegetarian, Lean fish, Mild and soft cheese, Goat's Milk Cheese",Grüner Veltliner
Once & Future Oakley Road Vineyard Zinfandel 2019,United States,59.99,4.1,images/Once_Future_Oakley_Road_Vineyard_Zinfandel_2019.png,images/bottle_Once_Future_Oakley_Road_Vineyard_Zinfandel_.png,Contra Costa County,Once & Future,"black fruit, oak, red fruit, non oak, spices, earth, dried fruit, floral, vegetal","Beef, Lamb, Poultry",Zinfandel
Villa Jolanda Moscato & Passionfruit,Italy,10.99,3.9,images/Villa_Jolanda_Moscato_Passionfruit.png,images/bottle_Villa_Jolanda_Moscato_Passionfruit.png,Piemonte,Villa Jolanda,"tropical fruit, tree fruit, earth, red fruit, microbio, oak","Appetizers and snacks, Aperitif",
Field Recordings Loomis No. 1 Zinfandel 2021,United States,55,4,images/Field_Recordings_Loomis_No_1_Zinfandel_2021.jpg,,Paso Robles,Field Recordings,"red fruit, oak, black fruit, non oak, spices, earth, dried fruit, tree fruit, floral","Beef, Lamb, Poultry",Zinfandel
Villa Toscano Centurion Old Vine Zinfandel 2020,United States,50,4.1,images/Villa_Toscano_Centurion_Old_Vine_Zinfandel_2020.jpg,,California Shenandoah Valley,Villa Toscano,"spices, black fruit, floral, vegetal, earth, non oak, oak","Beef, Lamb, Poultry",Zinfandel
Robert Biale Vineyards Valsecchi Vineyard Zinfandel 2023,United States,65,4.4,images/Robert_Biale_Vineyards_Valsecchi_Vineyard_Zinfande.png,images/bottle_Robert_Biale_Vineyards_Valsecchi_Vineyard_Z.png,Los Carneros,Robert Biale Vineyards,"black fruit, red fruit, earth, spices, non oak, oak","Beef, Lamb, Poultry",Zinfandel
Tulocay Zinfandel 2022,United States,45,4.2,images/Tulocay_Zinfandel_2022.jpg,,Amador County,Tulocay,"oak, non oak, black fruit, red fruit, spices, earth, dried fruit","Beef, Lamb, Poultry",Zinfandel
Albert Boxler Muscat Alsace Grand Cru 'Brand' 2017,France,60.99,4.3,images/Albert_Boxler_Muscat_Alsace_Grand_Cru_Brand_2017.jpg,,Alsace Grand Cru 'Brand',Albert Boxler,"earth, citrus fruit, non oak, oak, tropical fruit, tree fruit, floral","Shellfish, Vegetarian, Lean fish, Aperitif","Muscat Blanc, Muscat Ottonel"
Franz Hirtzberger Rotes Tor - Grüner Veltliner Smaragd 2023,Austria,89.99,4.3,images/Franz_Hirtzberger_Rotes_Tor_Grner_Veltliner_Smarag.png,images/bottle_Franz_Hirtzberger_Rotes_Tor_Grner_Veltliner.png,Wachau,Franz Hirtzberger,"tree fruit, earth, citrus fruit, microbio, oak, spices, tropical fruit, non oak, vegetal, floral, red fruit, dried fruit, black fruit","Pork, Vegetarian, Lean fish, Mild and soft cheese, Goat's Milk Cheese",Grüner Veltliner
Castello del Poggio Peachy Dreams Peach Moscato,Italy,12.49,4.3,images/Castello_del_Poggio_Peachy_Dreams_Peach_Moscato.png,images/bottle_Castello_del_Poggio_Peachy_Dreams_Peach_Mos.png,Piemonte,Castello del Poggio,tree fruit,,
Ledson Dry Creek Valley Old Vine Reserve Zinfandel 2019,United States,64,4.2,images/Ledson_Dry_Creek_Valley_Old_Vine_Reserve_Zinfandel.jpg,,Dry Creek Valley,Ledson,"black fruit, spices, oak, red fruit, microbio, non oak","Beef, Lamb, Poultry",Zinfandel
Turley Ueberroth Zinfandel 2021,United States,67.99,4.2,images/Turley_Ueberroth_Zinfandel_2021.png,images/bottle_Turley_Ueberroth_Zinfandel_2021.png,Paso Robles,Turley,"red fruit, black fruit, oak, spices, earth, non oak, dried fruit, microbio, tree fruit, citrus fruit, vegetal, floral, tropical fruit","Beef, Lamb, Poultry",Zinfandel
AmByth Estate CrossLynn Estate Zinfandel 2018,United States,32,3.7,images/AmByth_Estate_CrossLynn_Estate_Zinfandel_2018.jpg,,Paso Robles,AmByth Estate,"dried fruit, red fruit, spices, black fruit, earth, oak, non oak","Beef, Lamb, Poultry",Zinfandel
Santero Moscato & Mango,Italy,13.99,4.1,images/Santero_Moscato_Mango.png,images/bottle_Santero_Moscato_Mango.png,Piemonte,Santero,tropical fruit,"Appetizers and snacks, Aperitif",
Wilson Buzz Reserve Zinfandel 2022,United States,60,4.4,images/Wilson_Buzz_Reserve_Zinfandel_2022.jpg,,Dry Creek Valley,Wilson,"spices, earth, black fruit, non oak, oak","Beef, Lamb, Poultry",Zinfandel
Tobin James Cellars Moscato Dream Catcher 2022,United States,20,3.9,images/Tobin_James_Cellars_Moscato_Dream_Catcher_2022.jpg,,Paso Robles,Tobin James Cellars,"tree fruit, citrus fruit, earth, tropical fruit, floral","Sweet desserts, Mild and soft cheese, Fruity desserts, Blue cheese",
Wilson Grower Series Treborce Zinfandel Reserve 2022,United States,60,4.3,images/Wilson_Grower_Series_Treborce_Zinfandel_Reserve_20.jpg,,Sonoma County,Wilson,"oak, black fruit, red fruit, spices, non oak, earth, dried fruit, floral","Beef, Lamb, Poultry",Zinfandel
Laurenz V. Charming Grüner Veltliner Reserve 2020,Austria,29.99,4,images/Laurenz_V_Charming_Grner_Veltliner_Reserve_2020.png,images/bottle_Laurenz_V_Charming_Grner_Veltliner_Reserve_.png,Kamptal,Laurenz V.,"tree fruit, citrus fruit, earth, spices, microbio, tropical fruit, oak, vegetal, floral, non oak, black fruit, red fruit","Pork, Vegetarian, Lean fish, Mild and soft cheese, Goat's Milk Cheese",Grüner Veltliner
Pichler-Krutzler Klostersatz Grüner Veltliner 2022,Austria,36.99,3.9,images/Pichler_Krutzler_Klostersatz_Grner_Veltliner_2022.png,images/bottle_Pichler_Krutzler_Klostersatz_Grner_Veltline.png,Wachau,Pichler-Krutzler,"tree fruit, citrus fruit, spices, earth, microbio, vegetal, tropical fruit, oak, floral, non oak","Pork, Vegetarian, Lean fish, Mild and soft cheese, Goat's Milk Cheese",Grüner Veltliner
Lytton Springs Winery Zinfandel 1991,United States,129,4.2,images/Lytton_Springs_Winery_Zinfandel_1991.jpg,,Sonoma Coast,Lytton Springs Winery,"black fruit, dried fruit, red fruit, spices, earth, non oak, oak","Beef, Lamb, Poultry",Zinfandel
Veyder-Malberg Weitenberg Grüner Veltliner 2018,Austria,99.88,4.1,images/Veyder_Malberg_Weitenberg_Grner_Veltliner_2018.png,images/bottle_Veyder_Malberg_Weitenberg_Grner_Veltliner_2.png,Wachau,Veyder-Malberg,"earth, tree fruit, citrus fruit, tropical fruit, oak, spices, microbio, non oak, vegetal, dried fruit, floral","Pork, Vegetarian, Lean fish, Mild and soft cheese, Goat's Milk Cheese",Grüner Veltliner
Amapola Creek Monte Rosso Vineyards Zinfandel 2016,United States,29.99,4.2,images/Amapola_Creek_Monte_Rosso_Vineyards_Zinfandel_2016.png,images/bottle_Amapola_Creek_Monte_Rosso_Vineyards_Zinfand.png,Sonoma Valley,Amapola Creek,"black fruit, oak, spices, red fruit, earth, non oak, dried fruit, floral, vegetal, microbio, tree fruit, citrus fruit","Beef, Lamb, Poultry",Zinfandel
Ca' Furlan Cuvée Adriana Moscato Sweet,Italy,10.99,3.9,images/Ca_Furlan_Cuve_Adriana_Moscato_Sweet.png,images/bottle_Ca_Furlan_Cuve_Adriana_Moscato_Sweet.png,Veneto,Ca' Furlan,"earth, tree fruit, microbio, non oak, oak, citrus fruit, spices, floral","Appetizers and snacks, Aperitif",
Domaine Chante Cigale Châteauneuf-du-Pape Blanc 2023,France,39.99,4,images/Domaine_Chante_Cigale_Chteauneuf_du_Pape_Blanc_202.png,images/bottle_Domaine_Chante_Cigale_Chteauneuf_du_Pape_Bl.png,Châteauneuf-du-Pape,Domaine Chante Cigale,"tree fruit, earth, citrus fruit, oak, microbio, non oak, vegetal, spices, tropical fruit, floral, black fruit, dried fruit, red fruit","Pork, Rich fish (salmon, tuna etc), Mature and hard cheese, Poultry, Cured Meat","Viognier, Roussanne, Marsanne, Grenache Blanc, Clairette, Bourboulenc"
Loxton Stonetree Vineyard Zinfandel 2022,United States,35,3.8,images/Loxton_Stonetree_Vineyard_Zinfandel_2022.jpg,,Sonoma County,Loxton,"earth, oak, spices, black fruit, dried fruit, red fruit, microbio, non oak","Beef, Lamb, Poultry",Zinfandel
Ministry of The Vinterior Old Vine Zinfandel 2019,United States,18.99,3.8,images/Ministry_of_The_Vinterior_Old_Vine_Zinfandel_2019.jpg,,Amador County,Ministry of The Vinterior,"black fruit, red fruit, citrus fruit, spices, earth, non oak, oak","Beef, Lamb, Poultry",Zinfandel
Turley Rattlesnake Ridge Zinfandel 2021,United States,59.99,4.3,images/Turley_Rattlesnake_Ridge_Zinfandel_2021.png,images/bottle_Turley_Rattlesnake_Ridge_Zinfandel_2021.png,Howell Mountain,Turley,"black fruit, spices, oak, earth, red fruit, non oak, dried fruit, floral, microbio, vegetal, citrus fruit, tree fruit","Beef, Lamb, Poultry",Zinfandel
Antica Torino Vermouth di Torino Rosso,Italy,35.99,4.3,images/Antica_Torino_Vermouth_di_Torino_Rosso.png,images/bottle_Antica_Torino_Vermouth_di_Torino_Rosso.png,Piemonte,Antica Torino,"citrus fruit, spices, vegetal, non oak, oak",,
Weingut Bründlmayer Ried Lamm Grüner Veltliner Kamptal 2022,Austria,137,4.2,images/Weingut_Brndlmayer_Ried_Lamm_Grner_Veltliner_Kampt.png,images/bottle_Weingut_Brndlmayer_Ried_Lamm_Grner_Veltline.png,Kamptal,Weingut Bründlmayer,"tree fruit, earth, citrus fruit, oak, tropical fruit, spices, microbio, non oak, vegetal, floral, dried fruit, red fruit","Pork, Vegetarian, Lean fish, Mild and soft cheese, Goat's Milk Cheese",Grüner Veltliner
Tobin James Cellars Zinfandel French Camp Vineyard 2020,United States,38,4.2,images/Tobin_James_Cellars_Zinfandel_French_Camp_Vineyard.png,images/bottle_Tobin_James_Cellars_Zinfandel_French_Camp_V.png,Paso Robles,Tobin James Cellars,"black fruit, red fruit, spices, oak, earth, non oak, dried fruit, microbio, vegetal, tree fruit, floral, citrus fruit","Beef, Lamb, Poultry",Zinfandel
Rose N Blum Pink Moscato 2011,United States,17.13,3.8,images/Rose_N_Blum_Pink_Moscato_2011.png,images/bottle_Rose_N_Blum_Pink_Moscato_2011.png,California,Rose N Blum,"red fruit, non oak, tree fruit, citrus fruit, spices, oak","Shellfish, Spicy food, Appetizers and snacks, Fruity desserts, Aperitif","Shiraz/Syrah, Cabernet Sauvignon, Pinot Noir, Sangiovese, Zinfandel, Barbera"
Tobin James Cellars Zinfandel Dusi Vineyard 2020,United States,38,4.2,images/Tobin_James_Cellars_Zinfandel_Dusi_Vineyard_2020.jpg,,Paso Robles,Tobin James Cellars,"oak, black fruit, spices, red fruit, non oak, earth, dried fruit, microbio, floral, vegetal, tree fruit","Beef, Lamb, Poultry",Zinfandel
Crazy Creatures Gruner Veltliner 2023,Austria,22.99,3.8,images/Crazy_Creatures_Gruner_Veltliner_2023.png,images/bottle_Crazy_Creatures_Gruner_Veltliner_2023.png,Kremstal,Crazy Creatures,"tree fruit, citrus fruit, earth, vegetal, oak, spices, tropical fruit, microbio, non oak, floral, red fruit, dried fruit","Pork, Vegetarian, Lean fish, Mild and soft cheese, Goat's Milk Cheese",Grüner Veltliner
Stella Rosa Organic Orange Fusion Semi-Sweet White,Italy,12.95,3.5,images/Stella_Rosa_Organic_Orange_Fusion_Semi_Sweet_White.png,images/bottle_Stella_Rosa_Organic_Orange_Fusion_Semi_Swee.png,Piemonte,Stella Rosa,citrus fruit,"Pasta, Shellfish, Mature and hard cheese, Lean fish, Cured Meat","Arneis, Pinot Blanc, Cortese, Tocai Friulano"
Surh Cellars Zinfandel 2022,United States,45,4.2,images/Surh_Cellars_Zinfandel_2022.jpg,,Napa Valley,Surh Cellars,"black fruit, red fruit, oak, spices","Beef, Lamb, Poultry",Zinfandel
Balistreri Late Harvest Zinfandel 2022,United States,20,4.1,images/Balistreri_Late_Harvest_Zinfandel_2022.jpg,,Colorado,Balistreri,"dried fruit, red fruit, spices",,
Bella Vineyards Westphall Vineyard Zinfandel 2021,United States,65,4.3,images/Bella_Vineyards_Westphall_Vineyard_Zinfandel_2021.jpg,,Rockpile,Bella Vineyards,"earth, oak, black fruit, vegetal","Beef, Lamb, Poultry",Zinfandel
Vorspannhof Mayr Grüner Veltliner 2021,Austria,21.99,4.1,images/Vorspannhof_Mayr_Grner_Veltliner_2021.png,images/bottle_Vorspannhof_Mayr_Grner_Veltliner_2021.png,Kremstal,Vorspannhof Mayr,"tree fruit, citrus fruit, earth, spices, oak, tropical fruit, floral, vegetal, microbio, black fruit, non oak","Pork, Vegetarian, Lean fish, Mild and soft cheese, Goat's Milk Cheese",Grüner Veltliner
Brotte Esprit Côtes du Rhône Blanc 2021,France,12.97,3.6,images/Brotte_Esprit_Ctes_du_Rhne_Blanc_2021.png,images/bottle_Brotte_Esprit_Ctes_du_Rhne_Blanc_2021.png,Côtes-du-Rhône,Brotte,"tree fruit, citrus fruit","Pork, Rich fish (salmon, tuna etc), Mature and hard cheese, Poultry, Cured Meat","Viognier, Roussanne, Marsanne, Grenache Blanc, Clairette, Bourboulenc"
Once & Future Green & Red Vineyard Zinfandel 2019,United States,59.99,4.1,images/Once_Future_Green_Red_Vineyard_Zinfandel_2019.jpg,,Napa Valley,Once & Future,,"Beef, Lamb, Poultry",Zinfandel
Dashe Vineyard Select Zinfandel 2022,United States,25,3.7,images/Dashe_Vineyard_Select_Zinfandel_2022.png,images/bottle_Dashe_Vineyard_Select_Zinfandel_2022.png,California,Dashe,"red fruit, black fruit, oak, non oak, spices, earth, dried fruit, microbio, floral, vegetal","Beef, Lamb, Poultry",Zinfandel
Alzinger Smaragd Steinertal Grüner Veltliner 2022,Austria,43.99,4.2,images/Alzinger_Smaragd_Steinertal_Grner_Veltliner_2022.png,images/bottle_Alzinger_Smaragd_Steinertal_Grner_Veltliner.png,Wachau,Alzinger,"tree fruit, earth, citrus fruit, tropical fruit, spices, microbio, oak, non oak, floral, vegetal","Pork, Vegetarian, Lean fish, Mild and soft cheese, Goat's Milk Cheese",Grüner Veltliner
XXL Without Manners Blackberry Moscato,Moldova,10.99,3.3,images/XXL_Without_Manners_Blackberry_Moscato.jpg,,Moldova,XXL Without Manners,,,
Mayacamas Late Harvest Zinfandel 1976,United States,335,4.1,images/Mayacamas_Late_Harvest_Zinfandel_1976.png,images/bottle_Mayacamas_Late_Harvest_Zinfandel_1976.png,Napa Valley,Mayacamas,"dried fruit, black fruit, earth, non oak, oak","Sweet desserts, Mild and soft cheese, Fruity desserts, Blue cheese",
Trig Point Zinfandel (The Railyard) 2020,United States,23.99,4.1,images/Trig_Point_Zinfandel_The_Railyard_2020.png,images/bottle_Trig_Point_Zinfandel_The_Railyard_2020.png,Alexander Valley,Trig Point,"oak, red fruit, spices, black fruit, non oak, earth, dried fruit, microbio, citrus fruit","Beef, Lamb, Poultry",Zinfandel
Campus Oaks Old Vine Zinfandel 2009,United States,14.27,3.5,images/Campus_Oaks_Old_Vine_Zinfandel_2009.png,images/bottle_Campus_Oaks_Old_Vine_Zinfandel_2009.png,Lodi,Campus Oaks,"oak, red fruit, black fruit, non oak, spices, earth, dried fruit, microbio, tree fruit, citrus fruit, tropical fruit, vegetal","Beef, Lamb, Poultry",Zinfandel
Rocky Creek Cellars Zinfandel 2015,United States,60,3.2,images/Rocky_Creek_Cellars_Zinfandel_2015.jpg,,Paso Robles,Rocky Creek Cellars,"spices, non oak, oak, black fruit","Beef, Lamb, Poultry",Zinfandel
Celler Frisach L'Abrunet Blanc 2022,Spain,19.99,3.6,images/Celler_Frisach_LAbrunet_Blanc_2022.png,images/bottle_Celler_Frisach_LAbrunet_Blanc_2022.png,Terra Alta,Celler Frisach,"tree fruit, citrus fruit, earth, spices, tropical fruit, vegetal, microbio, oak, red fruit, non oak, floral, black fruit, dried fruit","Shellfish, Mature and hard cheese, Poultry, Appetizers and snacks, Lean fish, Mild and soft cheese",Grenache Blanc
Teldeschi Zinfandel 2019,United States,60,4.1,images/Teldeschi_Zinfandel_2019.jpg,,Dry Creek Valley,Teldeschi,"red fruit, spices, non oak, oak, dried fruit","Beef, Lamb, Poultry",Zinfandel
Tobin James Cellars Zinfandel Silver Reserve 2020,United States,52,4.3,images/Tobin_James_Cellars_Zinfandel_Silver_Reserve_2020.png,images/bottle_Tobin_James_Cellars_Zinfandel_Silver_Reserv.png,Paso Robles,Tobin James Cellars,"black fruit, red fruit, spices, oak, non oak, earth, dried fruit, microbio, tropical fruit, floral, vegetal","Beef, Lamb, Poultry",Zinfandel
Wilson Forchini Old Vine Zinfandel 2022,United States,44,4.2,images/Wilson_Forchini_Old_Vine_Zinfandel_2022.png,images/bottle_Wilson_Forchini_Old_Vine_Zinfandel_2022.png,Dry Creek Valley,Wilson,"red fruit, black fruit, spices, microbio, non oak, oak","Beef, Lamb, Poultry",Zinfandel
Herzog Late Harvest Zinfandel 2022,United States,27.99,3.9,images/Herzog_Late_Harvest_Zinfandel_2022.png,images/bottle_Herzog_Late_Harvest_Zinfandel_2022.png,Lodi,Herzog,"red fruit, black fruit, dried fruit","Sweet desserts, Mild and soft cheese, Fruity desserts, Blue cheese",
Robert Biale Vineyards Zinfandel Party Line 2023,United States,28,4.2,images/Robert_Biale_Vineyards_Zinfandel_Party_Line_2023.png,images/bottle_Robert_Biale_Vineyards_Zinfandel_Party_Line.png,Napa Valley,Robert Biale Vineyards,"black fruit, oak, red fruit, earth, spices, non oak, dried fruit, microbio, tropical fruit, citrus fruit, floral","Beef, Lamb, Poultry",Zinfandel
Turley Zinfandel Rosé 2022,United States,28.99,4,images/Turley_Zinfandel_Ros_2022.png,images/bottle_Turley_Zinfandel_Ros_2022.png,Napa Valley,Turley,"red fruit, tree fruit, earth, spices, citrus fruit, oak, non oak, floral, vegetal, microbio, black fruit, tropical fruit, dried fruit","Shellfish, Spicy food, Appetizers and snacks, Fruity desserts, Aperitif","Shiraz/Syrah, Cabernet Sauvignon, Pinot Noir, Sangiovese, Zinfandel, Barbera"
Weingut Knoll Loibner Gelber Muskateller Federspiel 2022,Austria,55,3.8,images/Weingut_Knoll_Loibner_Gelber_Muskateller_Federspie.png,images/bottle_Weingut_Knoll_Loibner_Gelber_Muskateller_Fe.png,Wachau,Weingut Knoll,"tree fruit, floral, earth, tropical fruit, spices, citrus fruit, vegetal, microbio, non oak, oak","Pork, Rich fish (salmon, tuna etc), Shellfish, Poultry, Lean fish, Mild and soft cheese",
Stella Rosa Lemon Lime Semi-Sweet White,Italy,12.95,3.2,images/Stella_Rosa_Lemon_Lime_Semi_Sweet_White.png,images/bottle_Stella_Rosa_Lemon_Lime_Semi_Sweet_White.png,Piemonte,Stella Rosa,"citrus fruit, black fruit","Pasta, Shellfish, Mature and hard cheese, Lean fish, Cured Meat","Arneis, Pinot Blanc, Cortese, Tocai Friulano"
Tobin James Cellars Zinfandel Fat Boy 2021,United States,55,4.3,images/Tobin_James_Cellars_Zinfandel_Fat_Boy_2021.png,images/bottle_Tobin_James_Cellars_Zinfandel_Fat_Boy_2021.png,Paso Robles,Tobin James Cellars,"oak, red fruit, black fruit, spices, non oak, earth, dried fruit, microbio, citrus fruit, vegetal, tree fruit, tropical fruit, floral","Beef, Lamb, Poultry",Zinfandel
Zin-Phomaniac Old Vines Zinfandel 2021,United States,16.99,3.3,images/Zin_Phomaniac_Old_Vines_Zinfandel_2021.png,images/bottle_Zin_Phomaniac_Old_Vines_Zinfandel_2021.png,Lodi,Zin-Phomaniac,"oak, red fruit, black fruit, spices, non oak, earth, dried fruit, microbio, floral, vegetal, citrus fruit, tree fruit","Beef, Lamb, Poultry",Zinfandel
Teutonic Borgo Pass Vineyard Pinot Meunier 2019,United States,37.99,4.4,images/Teutonic_Borgo_Pass_Vineyard_Pinot_Meunier_2019.png,images/bottle_Teutonic_Borgo_Pass_Vineyard_Pinot_Meunier_.png,Willamette Valley,Teutonic,"red fruit, earth, spices, oak, non oak, floral, microbio, vegetal, dried fruit, black fruit, citrus fruit","Vegetarian, Mushrooms",
Bedrock Wine Co. Beeson Ranch Zinfandel 2022,United States,63.99,4.2,images/Bedrock_Wine_Co_Beeson_Ranch_Zinfandel_2022.jpg,,Dry Creek Valley,Bedrock Wine Co.,"black fruit, red fruit, dried fruit, tree fruit, spices, floral, vegetal, earth, non oak, oak","Beef, Lamb, Poultry",Zinfandel
Turley Buck Cobb Vineyard Zinfandel 2022,United States,36,4.2,images/Turley_Buck_Cobb_Vineyard_Zinfandel_2022.png,images/bottle_Turley_Buck_Cobb_Vineyard_Zinfandel_2022.png,Amador County,Turley,"oak, red fruit, spices, black fruit, non oak, earth, microbio, vegetal, floral, dried fruit, citrus fruit","Beef, Lamb, Poultry",Zinfandel
Wilson Sawyer Reserve Zinfandel 2022,United States,65,4.1,images/Wilson_Sawyer_Reserve_Zinfandel_2022.jpg,,Dry Creek Valley,Wilson,"oak, black fruit, earth, dried fruit, red fruit, spices, non oak","Beef, Lamb, Poultry",Zinfandel
Hanna Zinfandel 2018,United States,20,4.1,images/Hanna_Zinfandel_2018.jpg,,Alexander Valley,Hanna,"black fruit, red fruit, spices, earth, non oak, oak","Beef, Lamb, Poultry",Zinfandel
Turley Fredericks Vineyard Zinfandel 2021,United States,49.99,4.1,images/Turley_Fredericks_Vineyard_Zinfandel_2021.png,images/bottle_Turley_Fredericks_Vineyard_Zinfandel_2021.png,Sonoma Valley,Turley,"black fruit, oak, red fruit, spices, non oak, earth, dried fruit, microbio, floral, vegetal, citrus fruit, tree fruit, tropical fruit","Beef, Lamb, Poultry",Zinfandel
San Marzano Vindoro Primitivo di Manduria 2022,Italy,11.99,3.9,images/San_Marzano_Vindoro_Primitivo_di_Manduria_2022.png,images/bottle_San_Marzano_Vindoro_Primitivo_di_Manduria_2.png,Primitivo di Manduria,San Marzano,"oak, black fruit, non oak, spices, earth, red fruit, dried fruit, microbio, vegetal, citrus fruit, floral, tropical fruit","Beef, Pasta, Lamb, Poultry",Primitivo
Villa Jolanda Moscato d'Asti 2021,Italy,11.99,3.7,images/Villa_Jolanda_Moscato_dAsti_2021.png,images/bottle_Villa_Jolanda_Moscato_dAsti_2021.png,Moscato d'Asti,Villa Jolanda,"tree fruit, earth, citrus fruit, floral, tropical fruit, microbio, oak, spices, non oak, red fruit, vegetal","Fruity desserts, Aperitif",Moscatel de grano menudo
Malat Ried Höhlgraben 2021,Austria,33.99,3.7,images/Malat_Ried_Hhlgraben_2021.png,images/bottle_Malat_Ried_Hhlgraben_2021.png,Kremstal,Malat,"citrus fruit, tree fruit, earth, spices, tropical fruit, vegetal, microbio, non oak, oak, floral","Pork, Vegetarian, Lean fish, Mild and soft cheese, Goat's Milk Cheese",Grüner Veltliner
Day Zinfandel 2022,United States,29.99,3.9,images/Day_Zinfandel_2022.png,images/bottle_Day_Zinfandel_2022.png,Sonoma County,Day,"black fruit, red fruit, oak, earth, spices, non oak, dried fruit, floral, microbio, vegetal, citrus fruit, tree fruit, tropical fruit","Beef, Lamb, Poultry",Zinfandel
Lunaria Ruminat Primitivo 2024,Italy,16.99,4.1,images/Lunaria_Ruminat_Primitivo_2024.png,images/bottle_Lunaria_Ruminat_Primitivo_2024.png,Abruzzo,Lunaria,"black fruit, oak, red fruit, spices, non oak, earth, dried fruit, microbio, floral, citrus fruit, vegetal, tree fruit, tropical fruit","Beef, Pasta, Veal, Poultry","Sangiovese, Montepulciano"
Selby Otto’s Block Zinfandel 2019,United States,46,3.9,images/Selby_Ottos_Block_Zinfandel_2019.jpg,,Dry Creek Valley,Selby,"oak, red fruit, spices, non oak, earth","Beef, Lamb, Poultry",Zinfandel
Nibiru Auxlese Grüner Veltliner 2019,Austria,30.99,4,images/Nibiru_Auxlese_Grner_Veltliner_2019.jpg,,Kamptal,Nibiru,"tree fruit, microbio","Pork, Vegetarian, Lean fish, Mild and soft cheese, Goat's Milk Cheese",Grüner Veltliner
Ghost Block Pelissa Vineyard Zinfandel 2022,United States,42.99,4.2,images/Ghost_Block_Pelissa_Vineyard_Zinfandel_2022.png,images/bottle_Ghost_Block_Pelissa_Vineyard_Zinfandel_2022.png,Oakville,Ghost Block,"oak, spices, non oak, black fruit, red fruit, earth, dried fruit, microbio, floral, citrus fruit, vegetal, tree fruit, tropical fruit","Beef, Lamb, Poultry",Zinfandel
