name,country,price,rating,image_url,bottle_image_url,region,winery,flavor,food_pairing,grapes
Marqués de Riscal Reserva 1960,Spain,445,4.1,images/Marqus_de_Riscal_Reserva_1960.png,images/bottle_Marqus_de_Riscal_Reserva_1960.png,Rioja,Marqués de Riscal,"oak, earth, non oak, spices, black fruit, red fruit, microbio, dried fruit, vegetal, floral, citrus fruit, tree fruit, tropical fruit","Beef, Lamb, Veal, Poultry","Tempranillo, Graciano, Garnacha"
E. Guigal Côtes-du-Rhône Blanc 2024,France,19.99,3.6,images/E_Guigal_Ctes_du_Rhne_Blanc_2024.png,images/bottle_E_Guigal_Ctes_du_Rhne_Blanc_2024.png,Côtes-du-Rhône,E. Guigal,"tree fruit, earth, citrus fruit, oak, microbio, spices, non oak, tropical fruit, floral, vegetal, red fruit, black fruit, dried fruit","Pork, Rich fish (salmon, tuna etc), Mature and hard cheese, Poultry, Cured Meat","Viognier, Roussanne, Marsanne, Grenache Blanc, Clairette, Bourboulenc"
Fèlsina Berardenga Chianti Classico 1990,Italy,124,3.8,images/Flsina_Berardenga_Chianti_Classico_1990.png,images/bottle_Flsina_Berardenga_Chianti_Classico_1990.png,Chianti Classico,Fèlsina,"red fruit, oak, earth, non oak, spices, black fruit, microbio, vegetal, floral, dried fruit, citrus fruit, tree fruit, tropical fruit","Beef, Pasta, Veal, Cured Meat",Sangiovese
R. López de Heredia Viña Bosconia Reserva 1954,Spain,979,4.1,images/R_Lpez_de_Heredia_Via_Bosconia_Reserva_1954.png,images/bottle_R_Lpez_de_Heredia_Via_Bosconia_Reserva_1954.png,Rioja Alta,R. López de Heredia,"oak, earth, red fruit, non oak, spices, black fruit, microbio, dried fruit, citrus fruit, vegetal, floral, tree fruit, tropical fruit","Beef, Lamb, Veal, Poultry","Tempranillo, Graciano, Garnacha"
Isole e Olena Chianti Classico 1990,Italy,110,4,images/Isole_e_Olena_Chianti_Classico_1990.png,images/bottle_Isole_e_Olena_Chianti_Classico_1990.png,Chianti Classico,Isole e Olena,"red fruit, oak, earth, non oak, spices, black fruit, vegetal, microbio, floral, citrus fruit, dried fruit, tree fruit, tropical fruit","Beef, Pasta, Veal, Cured Meat",Sangiovese
W. & J. Graham's 10 Year Old Tawny Port,Portugal,28,4.2,images/W_J_Grahams_10_Year_Old_Tawny_Port.png,images/bottle_W_J_Grahams_10_Year_Old_Tawny_Port.png,Porto,W. & J. Graham's,"non oak, oak, dried fruit, earth, microbio, red fruit, spices, black fruit, vegetal, citrus fruit, tree fruit, floral, tropical fruit","Sweet desserts, Mature and hard cheese, Blue cheese","Touriga Nacional, Touriga Franca, Tinta Roriz"
Ruffino Riserva Ducale Oro Chianti Classico (Gran Selezione Gold) 1961,Italy,397,4,images/Ruffino_Riserva_Ducale_Oro_Chianti_Classico_Gran_S.png,images/bottle_Ruffino_Riserva_Ducale_Oro_Chianti_Classico.png,Chianti Classico,Ruffino,"oak, red fruit, earth, non oak, black fruit, spices, microbio, floral, dried fruit, vegetal, citrus fruit, tree fruit","Beef, Pasta, Veal, Cured Meat",Sangiovese
Vega Sicilia Unico Reserva Especial Edición,Spain,729.99,4.7,images/Vega_Sicilia_Unico_Reserva_Especial_Edicin.png,images/bottle_Vega_Sicilia_Unico_Reserva_Especial_Edicin.png,Ribera del Duero,Vega Sicilia,"oak, non oak, earth, black fruit, spices, red fruit, microbio, dried fruit, floral, citrus fruit, vegetal, tree fruit, tropical fruit","Beef, Lamb, Game (deer, venison)",Tempranillo
Taylor's 10 Year Old Tawny Port,Portugal,27.99,4.1,images/Taylors_10_Year_Old_Tawny_Port.png,images/bottle_Taylors_10_Year_Old_Tawny_Port.png,Porto,Taylor's,"oak, non oak, dried fruit, earth, black fruit, red fruit, spices, microbio, vegetal, citrus fruit, tree fruit, floral, tropical fruit","Sweet desserts, Mature and hard cheese, Blue cheese","Touriga Nacional, Touriga Franca, Tinta Roriz"
W. & J. Graham's 20 Year Old Tawny Port,Portugal,59.99,4.4,images/W_J_Grahams_20_Year_Old_Tawny_Port.png,images/bottle_W_J_Grahams_20_Year_Old_Tawny_Port.png,Porto,W. & J. Graham's,"oak, non oak, dried fruit, microbio, earth, citrus fruit, black fruit, spices, red fruit, vegetal, tree fruit, tropical fruit, floral","Sweet desserts, Mature and hard cheese, Blue cheese","Touriga Nacional, Touriga Franca, Tinta Roriz"
Caprili Brunello di Montalcino 1990,Italy,115,4.3,images/Caprili_Brunello_di_Montalcino_1990.png,images/bottle_Caprili_Brunello_di_Montalcino_1990.png,Brunello di Montalcino,Caprili,"oak, earth, red fruit, non oak, black fruit, spices, microbio, dried fruit, floral, vegetal, citrus fruit, tree fruit","Beef, Lamb, Game (deer, venison), Poultry",Sangiovese
Villa Poggio Salvi Brunello di Montalcino 1990,Italy,250,4,images/Villa_Poggio_Salvi_Brunello_di_Montalcino_1990.png,images/bottle_Villa_Poggio_Salvi_Brunello_di_Montalcino_1.png,Brunello di Montalcino,Villa Poggio Salvi,"oak, red fruit, earth, non oak, spices, black fruit, microbio, floral, dried fruit, vegetal, citrus fruit, tree fruit","Beef, Lamb, Game (deer, venison), Poultry",Sangiovese
Tenuta Il Poggione Brunello di Montalcino Riserva Vigna Paganelli 1990,Italy,279,4.3,images/Tenuta_Il_Poggione_Brunello_di_Montalcino_Riserva_.png,images/bottle_Tenuta_Il_Poggione_Brunello_di_Montalcino_R.png,Brunello di Montalcino,Tenuta Il Poggione,"oak, earth, red fruit, non oak, black fruit, spices, microbio, floral, dried fruit, vegetal, citrus fruit, tree fruit, tropical fruit","Beef, Lamb, Game (deer, venison), Poultry",Sangiovese
Viña Albina Gran Reserva 1970,Spain,122,3.8,images/Via_Albina_Gran_Reserva_1970.png,images/bottle_Via_Albina_Gran_Reserva_1970.png,Rioja,Viña Albina,"oak, earth, red fruit, non oak, spices, black fruit, microbio, dried fruit, vegetal, citrus fruit, floral, tree fruit","Beef, Lamb, Veal, Poultry","Tempranillo, Graciano, Garnacha"
Montevertine Toscana Red 2022,Italy,85,4.1,images/Montevertine_Toscana_Red_2022.png,images/bottle_Montevertine_Toscana_Red_2022.png,Toscana,Montevertine,"red fruit, oak, earth, non oak, spices, black fruit, floral, microbio, vegetal, dried fruit, citrus fruit, tree fruit, tropical fruit","Beef, Lamb, Veal, Poultry, Cured Meat","Cabernet Sauvignon, Merlot, Sangiovese, Canaiolo Nero"
Burgo Viejo Rioja Crianza 2021,Spain,13.99,3.7,images/Burgo_Viejo_Rioja_Crianza_2021.png,images/bottle_Burgo_Viejo_Rioja_Crianza_2021.png,Rioja,Burgo Viejo,"oak, earth, red fruit, non oak, black fruit, spices, microbio, vegetal, dried fruit, floral, citrus fruit, tree fruit","Beef, Lamb, Veal, Poultry","Tempranillo, Graciano, Garnacha"
Tenuta La Fuga Brunello di Montalcino 2020,Italy,66.99,4.2,images/Tenuta_La_Fuga_Brunello_di_Montalcino_2020.png,images/bottle_Tenuta_La_Fuga_Brunello_di_Montalcino_2020.png,Brunello di Montalcino,Tenuta La Fuga,"oak, earth, red fruit, non oak, spices, black fruit, microbio, dried fruit, floral, citrus fruit, vegetal, tree fruit, tropical fruit","Beef, Lamb, Game (deer, venison), Poultry",Sangiovese
Banfi Brunello di Montalcino 2010,Italy,109,4.3,images/Banfi_Brunello_di_Montalcino_2010.png,images/bottle_Banfi_Brunello_di_Montalcino_2010.png,Brunello di Montalcino,Banfi,"oak, earth, red fruit, non oak, spices, black fruit, microbio, dried fruit, floral, vegetal, citrus fruit, tree fruit, tropical fruit","Beef, Lamb, Game (deer, venison), Poultry",Sangiovese
Volver Tarima Hill Old Vines Monastrell 2015,Spain,12.99,4,images/Volver_Tarima_Hill_Old_Vines_Monastrell_2015.png,images/bottle_Volver_Tarima_Hill_Old_Vines_Monastrell_201.png,Alicante,Volver,"oak, black fruit, earth, red fruit, spices, non oak, microbio, dried fruit, floral, vegetal, citrus fruit, tree fruit, tropical fruit","Beef, Pasta, Lamb, Game (deer, venison)",Mourvedre
Emilio Moro Emilio Moro 2020,Spain,28.99,4.2,images/Emilio_Moro_Emilio_Moro_2020.png,images/bottle_Emilio_Moro_Emilio_Moro_2020.png,Ribera del Duero,Emilio Moro,"oak, black fruit, non oak, earth, spices, red fruit, microbio, dried fruit, floral, vegetal, citrus fruit, tree fruit, tropical fruit","Beef, Lamb, Game (deer, venison)",Tempranillo
Campo Viejo Reserva 2017,Spain,11.99,3.8,images/Campo_Viejo_Reserva_2017.png,images/bottle_Campo_Viejo_Reserva_2017.png,Rioja,Campo Viejo,"oak, non oak, spices, red fruit, earth, black fruit, microbio, dried fruit, vegetal, citrus fruit, floral, tree fruit, tropical fruit","Beef, Lamb, Veal, Poultry","Tempranillo, Graciano, Garnacha"
Cune (CVNE) Crianza 2020,Spain,11.99,3.7,images/Cune_CVNE_Crianza_2020.png,images/bottle_Cune_CVNE_Crianza_2020.png,Rioja,Cune (CVNE),"oak, red fruit, non oak, spices, earth, black fruit, microbio, dried fruit, floral, vegetal, tree fruit, citrus fruit, tropical fruit","Beef, Lamb, Veal, Poultry","Tempranillo, Graciano, Garnacha"
La Rioja Alta Viña Ardanza Reserva 2017,Spain,39.99,4.3,images/La_Rioja_Alta_Via_Ardanza_Reserva_2017.png,images/bottle_La_Rioja_Alta_Via_Ardanza_Reserva_2017.png,Rioja,La Rioja Alta,"oak, non oak, earth, spices, red fruit, black fruit, microbio, dried fruit, vegetal, floral, citrus fruit, tree fruit, tropical fruit","Beef, Lamb, Veal, Poultry","Tempranillo, Graciano, Garnacha"
Coltibuono Chianti Classico Riserva 1979,Italy,117,3.9,images/Coltibuono_Chianti_Classico_Riserva_1979.png,images/bottle_Coltibuono_Chianti_Classico_Riserva_1979.png,Chianti Classico,Coltibuono,"oak, red fruit, earth, non oak, spices, black fruit, microbio, dried fruit, vegetal, floral, citrus fruit, tree fruit, tropical fruit","Beef, Pasta, Veal, Cured Meat",Sangiovese
Dow's 10 Years Old Tawny Port,Portugal,39.99,4,images/Dows_10_Years_Old_Tawny_Port.png,images/bottle_Dows_10_Years_Old_Tawny_Port.png,Porto,Dow's,"oak, non oak, dried fruit, microbio, spices, earth, black fruit, red fruit, vegetal, citrus fruit, tree fruit, floral","Sweet desserts, Mature and hard cheese, Blue cheese","Touriga Nacional, Touriga Franca, Tinta Roriz"
Kopke 10 Years Old Tawny Port,Portugal,19.7,4,images/Kopke_10_Years_Old_Tawny_Port.png,images/bottle_Kopke_10_Years_Old_Tawny_Port.png,Porto,Kopke,"non oak, oak, dried fruit, earth, microbio, black fruit, vegetal, red fruit, spices, tree fruit, citrus fruit, floral, tropical fruit","Sweet desserts, Mature and hard cheese, Blue cheese","Touriga Nacional, Touriga Franca, Tinta Roriz"
Poggio Antico Altero Brunello di Montalcino 1990,Italy,130,4.4,images/Poggio_Antico_Altero_Brunello_di_Montalcino_1990.png,images/bottle_Poggio_Antico_Altero_Brunello_di_Montalcino.png,Brunello di Montalcino,Poggio Antico,"oak, earth, red fruit, non oak, spices, black fruit, dried fruit, microbio, vegetal, floral, citrus fruit, tree fruit","Beef, Lamb, Game (deer, venison), Poultry",Sangiovese
Dow's Fine Tawny Port,Portugal,17.75,3.8,images/Dows_Fine_Tawny_Port.png,images/bottle_Dows_Fine_Tawny_Port.png,Porto,Dow's,"oak, non oak, dried fruit, black fruit, red fruit, spices, earth, microbio, tree fruit, vegetal, citrus fruit, tropical fruit, floral","Sweet desserts, Mature and hard cheese, Blue cheese","Touriga Nacional, Touriga Franca, Tinta Roriz"
Campo Viejo Tempranillo 2021,Spain,12.99,3.7,images/Campo_Viejo_Tempranillo_2021.png,images/bottle_Campo_Viejo_Tempranillo_2021.png,Rioja,Campo Viejo,"oak, red fruit, non oak, spices, black fruit, earth, microbio, dried fruit, citrus fruit, vegetal, floral, tree fruit, tropical fruit","Beef, Lamb, Veal, Poultry","Tempranillo, Graciano, Garnacha"
El Coto Crianza 2019,Spain,12.99,3.7,images/El_Coto_Crianza_2019.png,images/bottle_El_Coto_Crianza_2019.png,Rioja Alavesa,El Coto,"oak, red fruit, non oak, spices, earth, black fruit, microbio, dried fruit, vegetal, citrus fruit, floral, tree fruit, tropical fruit","Beef, Lamb, Veal, Poultry","Tempranillo, Graciano, Garnacha"
Emilio Moro Finca Resalso 2022,Spain,12,4,images/Emilio_Moro_Finca_Resalso_2022.png,images/bottle_Emilio_Moro_Finca_Resalso_2022.png,Ribera del Duero,Emilio Moro,"oak, red fruit, non oak, black fruit, spices, earth, microbio, floral, dried fruit, vegetal, citrus fruit, tree fruit, tropical fruit","Beef, Lamb, Game (deer, venison)",Tempranillo
Niepoort Colheita Port 1977,Portugal,218,4.3,images/Niepoort_Colheita_Port_1977.png,images/bottle_Niepoort_Colheita_Port_1977.png,Porto,Niepoort,"oak, non oak, dried fruit, earth, microbio, black fruit, spices, citrus fruit, red fruit, vegetal, tree fruit, floral, tropical fruit","Sweet desserts, Mature and hard cheese, Blue cheese","Touriga Nacional, Touriga Franca, Tinta Roriz"
Tenuta Il Poggione Brunello di Montalcino 2010,Italy,95,4.3,images/Tenuta_Il_Poggione_Brunello_di_Montalcino_2010.png,images/bottle_Tenuta_Il_Poggione_Brunello_di_Montalcino_2.png,Brunello di Montalcino,Tenuta Il Poggione,"oak, earth, red fruit, non oak, black fruit, spices, microbio, dried fruit, floral, vegetal, citrus fruit, tree fruit, tropical fruit","Beef, Lamb, Game (deer, venison), Poultry",Sangiovese
Fattoria dei Barbi Brunello di Montalcino 2013,Italy,79.99,4.2,images/Fattoria_dei_Barbi_Brunello_di_Montalcino_2013.png,images/bottle_Fattoria_dei_Barbi_Brunello_di_Montalcino_2.png,Brunello di Montalcino,Fattoria dei Barbi,"oak, earth, red fruit, non oak, spices, black fruit, microbio, dried fruit, floral, vegetal, citrus fruit, tree fruit, tropical fruit","Beef, Lamb, Game (deer, venison), Poultry",Sangiovese
W. & J. Graham's 30 Year Old Tawny Port,Portugal,129.99,4.5,images/W_J_Grahams_30_Year_Old_Tawny_Port.png,images/bottle_W_J_Grahams_30_Year_Old_Tawny_Port.png,Porto,W. & J. Graham's,"oak, non oak, earth, dried fruit, microbio, spices, citrus fruit, vegetal, black fruit, red fruit, tree fruit, floral, tropical fruit","Sweet desserts, Mature and hard cheese, Blue cheese","Touriga Nacional, Touriga Franca, Tinta Roriz"
Castelli del Grevepesa Castelgreve Chianti Classico 1978,Italy,185,3.6,images/Castelli_del_Grevepesa_Castelgreve_Chianti_Classic.png,images/bottle_Castelli_del_Grevepesa_Castelgreve_Chianti_.png,Chianti Classico,Castelli del Grevepesa,"red fruit, oak, earth, non oak, spices, black fruit, floral, vegetal, microbio, dried fruit, tree fruit","Beef, Pasta, Veal, Cured Meat",Sangiovese
Antinori Villa Antinori Rosso 2022,Italy,16.99,4,images/Antinori_Villa_Antinori_Rosso_2022.png,images/bottle_Antinori_Villa_Antinori_Rosso_2022.png,Toscana,Antinori,"oak, earth, red fruit, black fruit, non oak, spices, microbio, citrus fruit, vegetal, tree fruit, dried fruit, floral, tropical fruit","Beef, Lamb, Veal, Poultry, Cured Meat","Cabernet Sauvignon, Merlot, Sangiovese, Canaiolo Nero"
Pinord Clos de Torribas Crianza Tempranillo 2015,Spain,17.99,3.7,images/Pinord_Clos_de_Torribas_Crianza_Tempranillo_2015.png,images/bottle_Pinord_Clos_de_Torribas_Crianza_Tempranillo.png,Penedès,Pinord,"oak, red fruit, non oak, earth, spices, black fruit, dried fruit, floral, microbio, vegetal, citrus fruit","Beef, Lamb, Veal, Poultry",Tempranillo
Gianni Brunelli Brunello di Montalcino 2020,Italy,89.99,4.3,images/Gianni_Brunelli_Brunello_di_Montalcino_2020.png,images/bottle_Gianni_Brunelli_Brunello_di_Montalcino_2020.png,Brunello di Montalcino,Gianni Brunelli,"red fruit, earth, oak, non oak, spices, black fruit, microbio, citrus fruit, dried fruit, floral, vegetal, tree fruit","Beef, Lamb, Game (deer, venison), Poultry",Sangiovese
Antinori Pèppoli Chianti Classico 2022,Italy,19.99,4,images/Antinori_Pppoli_Chianti_Classico_2022.png,images/bottle_Antinori_Pppoli_Chianti_Classico_2022.png,Chianti Classico,Antinori,"red fruit, oak, earth, spices, non oak, black fruit, microbio, vegetal, floral, dried fruit, citrus fruit, tree fruit, tropical fruit","Beef, Pasta, Veal, Cured Meat",Sangiovese
La Carraia Sangiovese Umbria 2023,Italy,13.99,3.6,images/La_Carraia_Sangiovese_Umbria_2023.png,images/bottle_La_Carraia_Sangiovese_Umbria_2023.png,Umbria,La Carraia,"red fruit, black fruit, oak, earth, spices, non oak, microbio, dried fruit, floral, vegetal, tropical fruit, tree fruit, citrus fruit","Beef, Pasta, Veal, Poultry","Sangiovese, Montepulciano"
El Coto Coto de Imaz Rioja Reserva 2020,Spain,24.99,3.8,images/El_Coto_Coto_de_Imaz_Rioja_Reserva_2020.png,images/bottle_El_Coto_Coto_de_Imaz_Rioja_Reserva_2020.png,Rioja Alavesa,El Coto,"oak, non oak, spices, earth, red fruit, black fruit, microbio, dried fruit, vegetal, citrus fruit, floral, tree fruit, tropical fruit","Beef, Lamb, Veal, Poultry","Tempranillo, Graciano, Garnacha"
Viticcio Chianti Classico Riserva 1988,Italy,70,3.9,images/Viticcio_Chianti_Classico_Riserva_1988.png,images/bottle_Viticcio_Chianti_Classico_Riserva_1988.png,Chianti Classico,Viticcio,"red fruit, oak, earth, non oak, black fruit, spices, microbio, floral, dried fruit, vegetal, citrus fruit, tree fruit","Beef, Pasta, Veal, Cured Meat",Sangiovese
La Rioja Alta Viña Alberdi Reserva 2019,Spain,25,4.2,images/La_Rioja_Alta_Via_Alberdi_Reserva_2019.png,images/bottle_La_Rioja_Alta_Via_Alberdi_Reserva_2019.png,Rioja,La Rioja Alta,"oak, non oak, earth, red fruit, spices, black fruit, microbio, dried fruit, vegetal, floral, citrus fruit, tree fruit, tropical fruit","Beef, Lamb, Veal, Poultry","Tempranillo, Graciano, Garnacha"
Uccelliera Rosso di Montalcino 2023,Italy,29.99,3.9,images/Uccelliera_Rosso_di_Montalcino_2023.png,images/bottle_Uccelliera_Rosso_di_Montalcino_2023.png,Toscana,Uccelliera,"red fruit, earth, oak, non oak, black fruit, spices, floral, microbio, vegetal, dried fruit, citrus fruit, tree fruit","Beef, Lamb, Veal, Poultry, Cured Meat","Cabernet Sauvignon, Merlot, Sangiovese, Canaiolo Nero"
Dow's Fine Ruby Port,Portugal,17.75,3.7,images/Dows_Fine_Ruby_Port.png,images/bottle_Dows_Fine_Ruby_Port.png,Porto,Dow's,"oak, red fruit, dried fruit, non oak, black fruit, spices, earth, microbio, citrus fruit, floral, vegetal, tree fruit, tropical fruit","Sweet desserts, Mature and hard cheese, Blue cheese","Touriga Nacional, Touriga Franca, Tinta Roriz"
Fonseca Vintage Port 1960,Portugal,595,4.4,images/Fonseca_Vintage_Port_1960.png,images/bottle_Fonseca_Vintage_Port_1960.png,Porto,Fonseca,"oak, black fruit, non oak, dried fruit, earth, red fruit, spices, microbio, citrus fruit, floral, vegetal, tree fruit, tropical fruit","Mature and hard cheese, Blue cheese","Touriga Nacional, Touriga Franca, Tinta Roriz"
Barros Colheita Porto 1969,Portugal,228,4.3,images/Barros_Colheita_Porto_1969.png,images/bottle_Barros_Colheita_Porto_1969.png,Porto,Barros,"non oak, oak, dried fruit, earth, microbio, spices, citrus fruit, vegetal, black fruit, red fruit, tree fruit, floral, tropical fruit","Sweet desserts, Mature and hard cheese, Blue cheese","Touriga Nacional, Touriga Franca, Tinta Roriz"
Azienda Agricola Il Colle Brunello di Montalcino 1990,Italy,289,4.3,images/Azienda_Agricola_Il_Colle_Brunello_di_Montalcino_1.png,images/bottle_Azienda_Agricola_Il_Colle_Brunello_di_Monta.png,Brunello di Montalcino,Azienda Agricola Il Colle,"oak, earth, red fruit, non oak, spices, black fruit, microbio, dried fruit, floral, vegetal, tree fruit","Beef, Lamb, Game (deer, venison), Poultry",Sangiovese
Alión Ribera del Duero 2019,Spain,114.99,4.5,images/Alin_Ribera_del_Duero_2019.png,images/bottle_Alin_Ribera_del_Duero_2019.png,Ribera del Duero,Alión,"oak, black fruit, non oak, earth, spices, red fruit, microbio, dried fruit, floral, vegetal, citrus fruit, tree fruit, tropical fruit","Beef, Lamb, Game (deer, venison)",Tempranillo
Castelsina Chianti 2023,Italy,12.99,3.4,images/Castelsina_Chianti_2023.png,images/bottle_Castelsina_Chianti_2023.png,Chianti,Castelsina,"red fruit, oak, black fruit, spices, non oak, earth, dried fruit, microbio, vegetal, floral, citrus fruit","Beef, Veal, Poultry","Sangiovese, Trebbiano, Canaiolo Nero, Malvasia Nera"
Palacio del Burgo Tinto 2021,Spain,10.98,3.5,images/Palacio_del_Burgo_Tinto_2021.png,images/bottle_Palacio_del_Burgo_Tinto_2021.png,Rioja,Palacio del Burgo,"black fruit, red fruit, oak, earth, non oak, spices, microbio, dried fruit, floral, tree fruit, citrus fruit","Beef, Lamb, Veal, Poultry","Tempranillo, Graciano, Garnacha"
Dominio de Pingus PSI 2021,Spain,36.99,4.2,images/Dominio_de_Pingus_PSI_2021.png,images/bottle_Dominio_de_Pingus_PSI_2021.png,Ribera del Duero,Dominio de Pingus,"oak, black fruit, earth, non oak, red fruit, spices, microbio, floral, dried fruit, vegetal, citrus fruit, tree fruit, tropical fruit","Beef, Lamb, Game (deer, venison)",Tempranillo
Tenute Silvio Nardi Casale del Bosco Brunello di Montalcino 1970,Italy,228,4.1,images/Tenute_Silvio_Nardi_Casale_del_Bosco_Brunello_di_M.png,images/bottle_Tenute_Silvio_Nardi_Casale_del_Bosco_Brunel.png,Brunello di Montalcino,Tenute Silvio Nardi,"oak, earth, red fruit, non oak, spices, black fruit, microbio, dried fruit, vegetal, citrus fruit","Beef, Lamb, Game (deer, venison), Poultry",Sangiovese
Valdipiatta Vino Nobile di Montepulciano 1999,Italy,23.49,3.9,images/Valdipiatta_Vino_Nobile_di_Montepulciano_1999.png,images/bottle_Valdipiatta_Vino_Nobile_di_Montepulciano_19.png,Vino Nobile di Montepulciano,Valdipiatta,"red fruit, earth, oak, black fruit, spices, non oak, microbio, dried fruit, floral, vegetal","Beef, Game (deer, venison), Poultry","Sangiovese, Canaiolo Nero"
Castellare Chianti Classico 2019,Italy,35.23,3.9,images/Castellare_Chianti_Classico_2019.png,images/bottle_Castellare_Chianti_Classico_2019.png,Chianti Classico,Castellare,"red fruit, oak, earth, non oak, spices, black fruit, floral, vegetal, microbio, dried fruit, citrus fruit, tree fruit, tropical fruit","Beef, Pasta, Veal, Cured Meat",Sangiovese
Bodegas El Nido Clio 2015,Spain,53,4.5,images/Bodegas_El_Nido_Clio_2015.png,images/bottle_Bodegas_El_Nido_Clio_2015.png,Jumilla,Bodegas El Nido,"oak, black fruit, non oak, earth, spices, red fruit, microbio, dried fruit, floral, vegetal, citrus fruit, tree fruit, tropical fruit","Beef, Pasta, Lamb, Game (deer, venison)",Mourvedre
Domaine Tempier Bandol Cuvée La Tourtine 1996,France,599,4.3,images/Domaine_Tempier_Bandol_Cuve_La_Tourtine_1996.png,images/bottle_Domaine_Tempier_Bandol_Cuve_La_Tourtine_199.png,Bandol,Domaine Tempier,"earth, oak, black fruit, non oak, spices, red fruit, floral, microbio, dried fruit, vegetal, citrus fruit, tree fruit, tropical fruit","Beef, Lamb, Game (deer, venison), Mushrooms","Shiraz/Syrah, Cabernet Sauvignon, Grenache, Mourvedre, Carignan, Tibouren, Cinsaut"
Val di Suga Brunello di Montalcino 2015,Italy,44.99,4,images/Val_di_Suga_Brunello_di_Montalcino_2015.png,images/bottle_Val_di_Suga_Brunello_di_Montalcino_2015.png,Brunello di Montalcino,Val di Suga,"oak, earth, red fruit, non oak, spices, black fruit, microbio, dried fruit, floral, vegetal, citrus fruit, tree fruit, tropical fruit","Beef, Lamb, Game (deer, venison), Poultry",Sangiovese
Pintia Toro 2019,Spain,83.97,4.4,images/Pintia_Toro_2019.png,images/bottle_Pintia_Toro_2019.png,Toro,Pintia,"oak, black fruit, non oak, earth, spices, red fruit, microbio, dried fruit, floral, vegetal, citrus fruit, tree fruit, tropical fruit","Beef, Lamb, Game (deer, venison)",Tempranillo
W. & J. Graham's 40 Year Old Tawny Port,Portugal,229.99,4.6,images/W_J_Grahams_40_Year_Old_Tawny_Port.png,images/bottle_W_J_Grahams_40_Year_Old_Tawny_Port.png,Porto,W. & J. Graham's,"non oak, oak, dried fruit, earth, microbio, spices, black fruit, citrus fruit, red fruit, vegetal, tree fruit, tropical fruit","Sweet desserts, Mature and hard cheese, Blue cheese","Touriga Nacional, Touriga Franca, Tinta Roriz"
Valdicava Brunello di Montalcino 2010,Italy,149,4.5,images/Valdicava_Brunello_di_Montalcino_2010.png,images/bottle_Valdicava_Brunello_di_Montalcino_2010.png,Brunello di Montalcino,Valdicava,"earth, oak, red fruit, non oak, black fruit, spices, microbio, dried fruit, floral, vegetal, citrus fruit, tree fruit, tropical fruit","Beef, Lamb, Game (deer, venison), Poultry",Sangiovese
Mocali Rosso di Montalcino 2023,Italy,17.99,3.8,images/Mocali_Rosso_di_Montalcino_2023.png,images/bottle_Mocali_Rosso_di_Montalcino_2023.png,Rosso di Montalcino,Mocali,"earth, red fruit, oak, non oak, black fruit, spices, microbio, vegetal, citrus fruit, floral, dried fruit, tree fruit","Beef, Lamb, Veal, Poultry, Cured Meat","Cabernet Sauvignon, Merlot, Sangiovese, Canaiolo Nero"
Volver Tarima Monastrell 2011,Spain,15.99,3.6,images/Volver_Tarima_Monastrell_2011.png,images/bottle_Volver_Tarima_Monastrell_2011.png,Alicante,Volver,"oak, black fruit, earth, red fruit, spices, non oak, dried fruit, floral, microbio, vegetal, tree fruit, citrus fruit, tropical fruit","Beef, Pasta, Lamb, Game (deer, venison)",Mourvedre
Fonseca Tawny Port,Portugal,15.99,3.7,images/Fonseca_Tawny_Port.png,images/bottle_Fonseca_Tawny_Port.png,Porto,Fonseca,"oak, non oak, black fruit, red fruit, dried fruit, earth, spices, microbio, tree fruit, citrus fruit, vegetal, floral","Sweet desserts, Mature and hard cheese, Blue cheese","Touriga Nacional, Touriga Franca, Tinta Roriz"
Fattoria di Lucignano Chianti Colli Fiorentini 2023,Italy,18.99,3.8,images/Fattoria_di_Lucignano_Chianti_Colli_Fiorentini_202.png,images/bottle_Fattoria_di_Lucignano_Chianti_Colli_Fiorent.png,Chianti Colli Fiorentini,Fattoria di Lucignano,"red fruit, oak, earth, black fruit, non oak, spices, vegetal, microbio, floral, dried fruit, tree fruit, citrus fruit","Beef, Veal, Poultry","Sangiovese, Trebbiano, Canaiolo Nero, Malvasia Nera"
Ruffino Riserva Ducale Chianti Classico 2020,Italy,25.99,3.9,images/Ruffino_Riserva_Ducale_Chianti_Classico_2020.png,images/bottle_Ruffino_Riserva_Ducale_Chianti_Classico_202.png,Chianti Classico,Ruffino,"oak, red fruit, earth, non oak, spices, black fruit, microbio, vegetal, dried fruit, floral, citrus fruit, tree fruit, tropical fruit","Beef, Pasta, Veal, Cured Meat",Sangiovese
Gaja Pieve Santa Restituta Brunello di Montalcino 2010,Italy,50,4.3,images/Gaja_Pieve_Santa_Restituta_Brunello_di_Montalcino_.png,images/bottle_Gaja_Pieve_Santa_Restituta_Brunello_di_Mont.png,Brunello di Montalcino,Gaja,"oak, earth, red fruit, non oak, spices, black fruit, microbio, dried fruit, floral, vegetal, citrus fruit, tree fruit, tropical fruit","Beef, Lamb, Game (deer, venison), Poultry",Sangiovese
Altesino Brunello di Montalcino 2015,Italy,52.86,4.3,images/Altesino_Brunello_di_Montalcino_2015.png,images/bottle_Altesino_Brunello_di_Montalcino_2015.png,Brunello di Montalcino,Altesino,"oak, earth, red fruit, non oak, spices, black fruit, microbio, floral, dried fruit, vegetal, citrus fruit, tree fruit, tropical fruit","Beef, Lamb, Game (deer, venison), Poultry",Sangiovese
Ruffino Chianti 1877 2021,Italy,11.99,3.6,images/Ruffino_Chianti_1877_2021.png,images/bottle_Ruffino_Chianti_1877_2021.png,Chianti,Ruffino,"red fruit, oak, earth, black fruit, non oak, spices, microbio, vegetal, floral, dried fruit, citrus fruit, tree fruit, tropical fruit","Beef, Veal, Poultry","Sangiovese, Trebbiano, Canaiolo Nero, Malvasia Nera"
Gagliole Rubiolo Chianti Classico 2023,Italy,22.99,3.8,images/Gagliole_Rubiolo_Chianti_Classico_2023.png,images/bottle_Gagliole_Rubiolo_Chianti_Classico_2023.png,Chianti Classico,Gagliole,"red fruit, oak, earth, non oak, spices, black fruit, vegetal, microbio, dried fruit, citrus fruit, floral","Beef, Pasta, Veal, Cured Meat",Sangiovese
Dow's 20 Years Old Tawny Port,Portugal,51,4.3,images/Dows_20_Years_Old_Tawny_Port.png,images/bottle_Dows_20_Years_Old_Tawny_Port.png,Porto,Dow's,"non oak, oak, dried fruit, microbio, earth, spices, vegetal, citrus fruit, red fruit, black fruit, tree fruit, floral","Sweet desserts, Mature and hard cheese, Blue cheese","Touriga Nacional, Touriga Franca, Tinta Roriz"
Luberri Orlegi de Luberri Cosecha 2024,Spain,16.99,3.7,images/Luberri_Orlegi_de_Luberri_Cosecha_2024.png,images/bottle_Luberri_Orlegi_de_Luberri_Cosecha_2024.png,Rioja,Luberri,"red fruit, oak, earth, black fruit, non oak, spices, microbio, tropical fruit, floral, vegetal, dried fruit, citrus fruit, tree fruit","Beef, Lamb, Veal, Poultry","Tempranillo, Graciano, Garnacha"
Antinori Tenuta Tignanello 'Marchese Antinori' Chianti Classico Riserva 2021,Italy,54.99,4.2,images/Antinori_Tenuta_Tignanello_Marchese_Antinori_Chian.png,images/bottle_Antinori_Tenuta_Tignanello_Marchese_Antinor.png,Chianti Classico,Antinori,"oak, red fruit, earth, non oak, spices, black fruit, microbio, vegetal, floral, dried fruit, citrus fruit, tree fruit, tropical fruit","Beef, Pasta, Veal, Cured Meat",Sangiovese
Quinta do Noval Silval Vintage Port 1983,Portugal,180,4.2,images/Quinta_do_Noval_Silval_Vintage_Port_1983.png,images/bottle_Quinta_do_Noval_Silval_Vintage_Port_1983.png,Porto,Quinta do Noval,"oak, black fruit, non oak, dried fruit, spices, red fruit, earth, microbio, vegetal, citrus fruit, floral, tree fruit","Mature and hard cheese, Blue cheese","Touriga Nacional, Touriga Franca, Tinta Roriz"
Dominio del Águila Pícaro Viñas Viejas 2020,Spain,42,4.1,images/Dominio_del_guila_Pcaro_Vias_Viejas_2020.png,images/bottle_Dominio_del_guila_Pcaro_Vias_Viejas_2020.png,Ribera del Duero,Dominio del Águila,"oak, black fruit, spices, red fruit, non oak, earth, microbio, floral, dried fruit, citrus fruit, vegetal, tree fruit, tropical fruit","Beef, Lamb, Game (deer, venison)",Tempranillo
Molino di Sant'Antimo Brunello di Montalcino 2019,Italy,108,4.1,images/Molino_di_SantAntimo_Brunello_di_Montalcino_2019.png,images/bottle_Molino_di_SantAntimo_Brunello_di_Montalcino.png,Brunello di Montalcino,Molino di Sant'Antimo,"earth, oak, red fruit, non oak, black fruit, spices, microbio, dried fruit, floral, vegetal, citrus fruit","Beef, Lamb, Game (deer, venison), Poultry",Sangiovese
Altos Ibéricos Crianza 2019,Spain,17.99,3.9,images/Altos_Ibricos_Crianza_2019.png,images/bottle_Altos_Ibricos_Crianza_2019.png,Rioja,Altos Ibéricos,"oak, red fruit, non oak, black fruit, earth, spices, microbio, dried fruit, vegetal, floral, citrus fruit, tree fruit","Beef, Lamb, Veal, Poultry","Tempranillo, Graciano, Garnacha"
Ricasoli Brolio Chianti Classico 2021,Italy,19,3.9,images/Ricasoli_Brolio_Chianti_Classico_2021.png,images/bottle_Ricasoli_Brolio_Chianti_Classico_2021.png,Chianti Classico,Ricasoli,"oak, red fruit, earth, non oak, spices, black fruit, microbio, vegetal, floral, dried fruit, citrus fruit, tree fruit, tropical fruit","Beef, Pasta, Veal, Cured Meat",Sangiovese
Fattoria dei Barbi Brunello di Montalcino Vigna di Fiore 1990,Italy,276,4.3,images/Fattoria_dei_Barbi_Brunello_di_Montalcino_Vigna_di.png,images/bottle_Fattoria_dei_Barbi_Brunello_di_Montalcino_V.png,Brunello di Montalcino,Fattoria dei Barbi,"oak, red fruit, earth, non oak, spices, black fruit, microbio, floral, dried fruit, vegetal, citrus fruit, tree fruit","Beef, Lamb, Game (deer, venison), Poultry",Sangiovese
Tenuta di Nozzole Villa Nozzole Chianti Classico 2021,Italy,17.99,3.9,images/Tenuta_di_Nozzole_Villa_Nozzole_Chianti_Classico_2.png,images/bottle_Tenuta_di_Nozzole_Villa_Nozzole_Chianti_Cla.png,Chianti Classico,Tenuta di Nozzole,"red fruit, oak, earth, non oak, black fruit, spices, microbio, vegetal, dried fruit, floral, citrus fruit","Beef, Pasta, Veal, Cured Meat",Sangiovese
Casa Ferreirinha Quinta da Leda Douro 2018,Portugal,78.99,4.4,images/Casa_Ferreirinha_Quinta_da_Leda_Douro_2018.png,images/bottle_Casa_Ferreirinha_Quinta_da_Leda_Douro_2018.png,Douro,Casa Ferreirinha,"oak, black fruit, non oak, earth, spices, red fruit, floral, microbio, dried fruit, tree fruit, vegetal, citrus fruit","Beef, Pasta, Lamb, Game (deer, venison)","Touriga Nacional, Tinta Roriz, Touriga Francesa"
Caparzo Brunello di Montalcino 2010,Italy,128,4,images/Caparzo_Brunello_di_Montalcino_2010.png,images/bottle_Caparzo_Brunello_di_Montalcino_2010.png,Brunello di Montalcino,Caparzo,"oak, red fruit, earth, non oak, black fruit, spices, microbio, dried fruit, vegetal, floral, citrus fruit, tree fruit, tropical fruit","Beef, Lamb, Game (deer, venison), Poultry",Sangiovese
Castello Nipozzano Chianti Rùfina Riserva 2008,Italy,35.99,3.8,images/Castello_Nipozzano_Chianti_Rfina_Riserva_2008.png,images/bottle_Castello_Nipozzano_Chianti_Rfina_Riserva_20.png,Chianti Rùfina,Castello Nipozzano,"oak, red fruit, earth, black fruit, non oak, spices, microbio, vegetal, floral, dried fruit, citrus fruit, tree fruit, tropical fruit","Beef, Veal, Poultry","Sangiovese, Trebbiano, Canaiolo Nero, Malvasia Nera"
Camina Tempranillo 2022,Spain,12.99,3.4,images/Camina_Tempranillo_2022.png,images/bottle_Camina_Tempranillo_2022.png,La Mancha,Camina,"red fruit, black fruit, oak, earth, non oak, spices, microbio, dried fruit, vegetal, tree fruit, citrus fruit","Beef, Lamb, Veal, Poultry",Tempranillo
Biondi-Santi Brunello di Montalcino 2010,Italy,200,4.4,images/Biondi_Santi_Brunello_di_Montalcino_2010.png,images/bottle_Biondi_Santi_Brunello_di_Montalcino_2010.png,Brunello di Montalcino,Biondi-Santi,"earth, oak, red fruit, non oak, spices, black fruit, microbio, floral, vegetal, dried fruit, citrus fruit, tree fruit, tropical fruit","Beef, Lamb, Game (deer, venison), Poultry",Sangiovese
Protos Reserva 5 Año 2018,Spain,39.99,4.2,images/Protos_Reserva_5_Ao_2018.png,images/bottle_Protos_Reserva_5_Ao_2018.png,Ribera del Duero,Protos,"oak, black fruit, non oak, earth, spices, red fruit, microbio, dried fruit, floral, vegetal, citrus fruit, tree fruit, tropical fruit","Beef, Lamb, Game (deer, venison)",Tempranillo
Protos 27 Ribera del Duero 2021,Spain,42.99,4.1,images/Protos_27_Ribera_del_Duero_2021.png,images/bottle_Protos_27_Ribera_del_Duero_2021.png,Ribera del Duero,Protos,"oak, black fruit, non oak, spices, earth, red fruit, microbio, dried fruit, floral, vegetal, citrus fruit, tree fruit","Beef, Lamb, Game (deer, venison)",Tempranillo
Dei Vino Nobile di Montepulciano 2019,Italy,25.99,4.1,images/Dei_Vino_Nobile_di_Montepulciano_2019.png,images/bottle_Dei_Vino_Nobile_di_Montepulciano_2019.png,Vino Nobile di Montepulciano,Dei,"oak, red fruit, earth, black fruit, non oak, spices, microbio, dried fruit, floral, vegetal, citrus fruit, tree fruit","Beef, Game (deer, venison), Poultry","Sangiovese, Canaiolo Nero"
Conti Costanti Brunello di Montalcino Riserva 1990,Italy,457,4.4,images/Conti_Costanti_Brunello_di_Montalcino_Riserva_1990.png,images/bottle_Conti_Costanti_Brunello_di_Montalcino_Riser.png,Brunello di Montalcino,Conti Costanti,"oak, earth, non oak, red fruit, black fruit, spices, microbio, dried fruit, vegetal, floral, citrus fruit, tree fruit","Beef, Lamb, Game (deer, venison), Poultry",Sangiovese
Domaine de Terrebrune Terroir du Trias Delille Vigneron Bandol Rosé 2024,France,35,4.1,images/Domaine_de_Terrebrune_Terroir_du_Trias_Delille_Vig.png,images/bottle_Domaine_de_Terrebrune_Terroir_du_Trias_Deli.png,Bandol,Domaine de Terrebrune,"red fruit, earth, tree fruit, citrus fruit, oak, microbio, spices, floral, non oak, vegetal, black fruit, tropical fruit, dried fruit","Pork, Shellfish, Vegetarian, Poultry","Shiraz/Syrah, Grenache, Cinsault"
Torre de Oña Finca San Martín Crianza 2017,Spain,24.99,3.8,images/Torre_de_Oa_Finca_San_Martn_Crianza_2017.png,images/bottle_Torre_de_Oa_Finca_San_Martn_Crianza_2017.png,Rioja,Torre de Oña,"oak, red fruit, non oak, spices, earth, black fruit, microbio, dried fruit, floral, vegetal, citrus fruit, tropical fruit, tree fruit","Beef, Lamb, Veal, Poultry","Tempranillo, Graciano, Garnacha"
Más Que Vinos Los Conejos Malditos Tempranillo Carbónico 2023,Spain,12.99,3.8,images/Ms_Que_Vinos_Los_Conejos_Malditos_Tempranillo_Carb.png,images/bottle_Ms_Que_Vinos_Los_Conejos_Malditos_Tempranil.png,Castilla,Más Que Vinos,"red fruit, oak, earth, non oak, black fruit, spices, dried fruit, microbio, vegetal, citrus fruit, floral, tree fruit, tropical fruit","Beef, Lamb, Veal, Poultry",Tempranillo
Luberri Seis de Luberri Rioja 2023,Spain,19.99,3.8,images/Luberri_Seis_de_Luberri_Rioja_2023.png,images/bottle_Luberri_Seis_de_Luberri_Rioja_2023.png,Rioja,Luberri,"oak, red fruit, black fruit, earth, non oak, spices, microbio, floral, vegetal, dried fruit, tree fruit, citrus fruit","Beef, Lamb, Veal, Poultry","Tempranillo, Graciano, Garnacha"
Brancaia Tre 2021,Italy,24.99,3.9,images/Brancaia_Tre_2021.png,images/bottle_Brancaia_Tre_2021.png,Toscana,Brancaia,"oak, red fruit, earth, black fruit, non oak, spices, microbio, vegetal, floral, dried fruit, citrus fruit, tree fruit","Beef, Lamb, Veal, Poultry, Cured Meat","Cabernet Sauvignon, Merlot, Sangiovese, Canaiolo Nero"
El Vínculo Crianza 2018,Spain,19.99,4.1,images/El_Vnculo_Crianza_2018.png,images/bottle_El_Vnculo_Crianza_2018.png,La Mancha,El Vínculo,"oak, non oak, earth, black fruit, spices, red fruit, microbio, dried fruit, tree fruit, vegetal, tropical fruit, citrus fruit, floral","Beef, Lamb, Veal, Poultry",Tempranillo
Monte Bernardi Chianti Classico Riserva 2022,Italy,35,3.9,images/Monte_Bernardi_Chianti_Classico_Riserva_2022.png,images/bottle_Monte_Bernardi_Chianti_Classico_Riserva_202.png,Chianti Classico,Monte Bernardi,"red fruit, oak, black fruit, earth, spices, non oak, microbio, floral, vegetal, dried fruit, tropical fruit, citrus fruit","Beef, Pasta, Veal, Cured Meat",Sangiovese
Quinta do Infantado Tawny Porto Medium Dry,Portugal,20.99,3.8,images/Quinta_do_Infantado_Tawny_Porto_Medium_Dry.png,images/bottle_Quinta_do_Infantado_Tawny_Porto_Medium_Dry.png,Porto,Quinta do Infantado,"oak, non oak, dried fruit, red fruit, spices, black fruit, earth, microbio, tree fruit, vegetal, citrus fruit, floral, tropical fruit","Sweet desserts, Mature and hard cheese, Blue cheese","Touriga Nacional, Touriga Franca, Tinta Roriz"
La Spinetta Il Nero di Casanova Terre di Pisa Sangiovese 2015,Italy,27.99,4,images/La_Spinetta_Il_Nero_di_Casanova_Terre_di_Pisa_Sang.png,images/bottle_La_Spinetta_Il_Nero_di_Casanova_Terre_di_Pi.png,Toscana,La Spinetta,"red fruit, oak, earth, black fruit, non oak, spices, microbio, vegetal, floral, citrus fruit, dried fruit, tree fruit, tropical fruit","Beef, Lamb, Veal, Poultry, Cured Meat","Cabernet Sauvignon, Merlot, Sangiovese, Canaiolo Nero"
Beronia Rioja Crianza 2020,Spain,12.99,3.8,images/Beronia_Rioja_Crianza_2020.png,images/bottle_Beronia_Rioja_Crianza_2020.png,Rioja,Beronia,"oak, non oak, spices, red fruit, earth, black fruit, microbio, floral, dried fruit, vegetal, tree fruit, citrus fruit, tropical fruit","Beef, Lamb, Veal, Poultry","Tempranillo, Graciano, Garnacha"
Bodega Numanthia Termes 2016,Spain,19.99,3.9,images/Bodega_Numanthia_Termes_2016.png,images/bottle_Bodega_Numanthia_Termes_2016.png,Toro,Bodega Numanthia,"oak, earth, black fruit, non oak, red fruit, spices, microbio, dried fruit, floral, vegetal, tree fruit, citrus fruit, tropical fruit","Beef, Lamb, Game (deer, venison)",Tempranillo
La Rioja Alta Viña Arana Gran Reserva 2016,Spain,41.99,4.3,images/La_Rioja_Alta_Via_Arana_Gran_Reserva_2016.png,images/bottle_La_Rioja_Alta_Via_Arana_Gran_Reserva_2016.png,Rioja,La Rioja Alta,"oak, non oak, earth, spices, red fruit, black fruit, microbio, dried fruit, floral, vegetal, citrus fruit, tropical fruit, tree fruit","Beef, Lamb, Veal, Poultry","Tempranillo, Graciano, Garnacha"
Lan Crianza Rioja 2019,Spain,12.99,3.8,images/Lan_Crianza_Rioja_2019.png,images/bottle_Lan_Crianza_Rioja_2019.png,Rioja,Lan,"oak, red fruit, non oak, spices, earth, black fruit, microbio, dried fruit, vegetal, floral, tree fruit, citrus fruit, tropical fruit","Beef, Lamb, Veal, Poultry","Tempranillo, Graciano, Garnacha"
Field Recordings Freddo 2024,United States,19.99,4,images/Field_Recordings_Freddo_2024.png,images/bottle_Field_Recordings_Freddo_2024.png,Paso Robles,Field Recordings,"red fruit, earth, spices, oak, black fruit, non oak, floral, microbio, tropical fruit, dried fruit, citrus fruit, vegetal, tree fruit","Beef, Veal, Game (deer, venison), Poultry",Sangiovese
Torre de Oña Finca Martelo 2016,Spain,44.99,4.2,images/Torre_de_Oa_Finca_Martelo_2016.png,images/bottle_Torre_de_Oa_Finca_Martelo_2016.png,Rioja,Torre de Oña,"oak, non oak, red fruit, spices, earth, black fruit, microbio, dried fruit, floral, vegetal, citrus fruit, tree fruit","Beef, Lamb, Veal, Poultry","Tempranillo, Graciano, Garnacha"
Becker Vineyards Reserve Tempranillo 2022,United States,36,3.9,images/Becker_Vineyards_Reserve_Tempranillo_2022.png,images/bottle_Becker_Vineyards_Reserve_Tempranillo_2022.png,Texas High Plains,Becker Vineyards,"oak, earth, non oak, red fruit, black fruit, spices, vegetal, microbio, floral, dried fruit, tree fruit, citrus fruit","Beef, Pasta, Game (deer, venison), Mature and hard cheese",Tempranillo
Casanova di Neri Tenuta Nuova Brunello di Montalcino 2016,Italy,150,4.5,images/Casanova_di_Neri_Tenuta_Nuova_Brunello_di_Montalci.png,images/bottle_Casanova_di_Neri_Tenuta_Nuova_Brunello_di_M.png,Brunello di Montalcino,Casanova di Neri,"oak, earth, red fruit, non oak, black fruit, spices, floral, dried fruit, microbio, vegetal, citrus fruit, tree fruit, tropical fruit","Beef, Lamb, Game (deer, venison), Poultry",Sangiovese
Sassetti Livio Brunello di Montalcino Riserva 1990,Italy,279,4.3,images/Sassetti_Livio_Brunello_di_Montalcino_Riserva_1990.png,images/bottle_Sassetti_Livio_Brunello_di_Montalcino_Riser.png,Brunello di Montalcino,Sassetti Livio,"earth, oak, red fruit, non oak, black fruit, spices, floral, microbio, dried fruit, vegetal, citrus fruit","Beef, Lamb, Game (deer, venison), Poultry",Sangiovese
Ramos Pinto 30 Year Old Tawny Port,Portugal,99.99,4.5,images/Ramos_Pinto_30_Year_Old_Tawny_Port.png,images/bottle_Ramos_Pinto_30_Year_Old_Tawny_Port.png,Porto,Ramos Pinto,"oak, non oak, earth, dried fruit, microbio, citrus fruit, spices, black fruit, vegetal, tree fruit, red fruit, tropical fruit, floral","Sweet desserts, Mature and hard cheese, Blue cheese","Touriga Nacional, Touriga Franca, Tinta Roriz"
Pertimali di Angelo Sassetti Brunello di Montalcino 1998,Italy,100,4.2,images/Pertimali_di_Angelo_Sassetti_Brunello_di_Montalcin.png,images/bottle_Pertimali_di_Angelo_Sassetti_Brunello_di_Mo.png,Brunello di Montalcino,Pertimali di Angelo Sassetti,"oak, earth, non oak, spices, red fruit, black fruit, floral, vegetal, microbio, dried fruit, citrus fruit","Beef, Lamb, Game (deer, venison), Poultry",Sangiovese
Pago del Cielo Celeste Crianza 2021,Spain,19.99,4,images/Pago_del_Cielo_Celeste_Crianza_2021.png,images/bottle_Pago_del_Cielo_Celeste_Crianza_2021.png,Ribera del Duero,Pago del Cielo,"oak, black fruit, non oak, earth, spices, red fruit, microbio, dried fruit, floral, vegetal, citrus fruit, tree fruit, tropical fruit","Beef, Lamb, Game (deer, venison)",Tempranillo
Casanova di Neri Brunello di Montalcino 2019,Italy,67.99,4.3,images/Casanova_di_Neri_Brunello_di_Montalcino_2019.png,images/bottle_Casanova_di_Neri_Brunello_di_Montalcino_201.png,Brunello di Montalcino,Casanova di Neri,"oak, earth, red fruit, non oak, black fruit, spices, microbio, floral, dried fruit, vegetal, citrus fruit, tree fruit, tropical fruit","Beef, Lamb, Game (deer, venison), Poultry",Sangiovese
Talenti Brunello di Montalcino Riserva Pian di Conte 1999,Italy,148,4.3,images/Talenti_Brunello_di_Montalcino_Riserva_Pian_di_Con.png,images/bottle_Talenti_Brunello_di_Montalcino_Riserva_Pian.png,Brunello di Montalcino,Talenti,"oak, earth, red fruit, non oak, black fruit, spices, microbio, dried fruit, citrus fruit, floral, vegetal","Beef, Lamb, Game (deer, venison), Poultry",Sangiovese
Arnot-Roberts Rosé 2024,United States,29.99,4.1,images/Arnot_Roberts_Ros_2024.png,images/bottle_Arnot_Roberts_Ros_2024.png,California,Arnot-Roberts,"red fruit, citrus fruit, earth, tree fruit, vegetal, spices, microbio, floral, tropical fruit, oak, black fruit, non oak, dried fruit","Shellfish, Spicy food, Appetizers and snacks, Fruity desserts, Aperitif","Shiraz/Syrah, Cabernet Sauvignon, Pinot Noir, Sangiovese, Zinfandel, Barbera"
Castelsina Chianti Riserva 2021,Italy,13.99,3.6,images/Castelsina_Chianti_Riserva_2021.png,images/bottle_Castelsina_Chianti_Riserva_2021.png,Chianti,Castelsina,"red fruit, oak, black fruit, earth, non oak, spices, microbio, citrus fruit, floral, vegetal, dried fruit","Beef, Veal, Poultry","Sangiovese, Trebbiano, Canaiolo Nero, Malvasia Nera"
Ziobaffa Toscana 2019,Italy,12.99,4,images/Ziobaffa_Toscana_2019.png,images/bottle_Ziobaffa_Toscana_2019.png,Toscana,Ziobaffa,"red fruit, oak, earth, non oak, black fruit, spices, microbio, floral, vegetal, dried fruit, tree fruit, citrus fruit","Beef, Lamb, Veal, Poultry, Cured Meat","Cabernet Sauvignon, Merlot, Sangiovese, Canaiolo Nero"
Selvapiana Chianti Rufina 2016,Italy,14.1,3.7,images/Selvapiana_Chianti_Rufina_2016.png,images/bottle_Selvapiana_Chianti_Rufina_2016.png,Chianti Rùfina,Selvapiana,"red fruit, oak, earth, non oak, spices, black fruit, microbio, vegetal, floral, dried fruit, citrus fruit, tree fruit, tropical fruit","Beef, Veal, Poultry","Sangiovese, Trebbiano, Canaiolo Nero, Malvasia Nera"
Montecillo Rioja Crianza 2019,Spain,11.99,3.8,images/Montecillo_Rioja_Crianza_2019.png,images/bottle_Montecillo_Rioja_Crianza_2019.png,Rioja,Montecillo,"oak, red fruit, non oak, earth, spices, black fruit, microbio, vegetal, dried fruit, citrus fruit, floral, tree fruit, tropical fruit","Beef, Lamb, Veal, Poultry","Tempranillo, Graciano, Garnacha"
Banfi Poggio all'Oro Brunello di Montalcino Riserva 1995,Italy,194,4.6,images/Banfi_Poggio_allOro_Brunello_di_Montalcino_Riserva.png,images/bottle_Banfi_Poggio_allOro_Brunello_di_Montalcino_.png,Brunello di Montalcino,Banfi,"oak, earth, non oak, black fruit, red fruit, spices, microbio, dried fruit, floral, vegetal, citrus fruit, tree fruit, tropical fruit","Beef, Lamb, Game (deer, venison), Poultry",Sangiovese
Vega Sicilia Unico (Gran Reserva) 2013,Spain,499.99,4.7,images/Vega_Sicilia_Unico_Gran_Reserva_2013.png,images/bottle_Vega_Sicilia_Unico_Gran_Reserva_2013.png,Ribera del Duero,Vega Sicilia,"oak, earth, non oak, black fruit, spices, red fruit, microbio, dried fruit, floral, vegetal, citrus fruit, tree fruit, tropical fruit","Beef, Lamb, Game (deer, venison)",Tempranillo
Monte Real Cuvée Rioja 1970,Spain,122,4,images/Monte_Real_Cuve_Rioja_1970.png,images/bottle_Monte_Real_Cuve_Rioja_1970.png,Rioja,Monte Real,"oak, spices, non oak, red fruit, black fruit, earth, citrus fruit","Beef, Lamb, Veal, Poultry","Tempranillo, Graciano, Garnacha"
San Zenone Brunello di Montalcino 2019,Italy,62.99,3.4,images/San_Zenone_Brunello_di_Montalcino_2019.png,images/bottle_San_Zenone_Brunello_di_Montalcino_2019.png,Brunello di Montalcino,San Zenone,"red fruit, oak, non oak, spices, black fruit, earth, microbio, dried fruit","Beef, Lamb, Game (deer, venison), Poultry",Sangiovese
Château Pradeaux Bandol Rosé 2024,France,34.99,4,images/Chteau_Pradeaux_Bandol_Ros_2024.png,images/bottle_Chteau_Pradeaux_Bandol_Ros_2024.png,Bandol,Château Pradeaux,"red fruit, earth, tree fruit, citrus fruit, spices, floral, vegetal, microbio, oak, non oak, black fruit, tropical fruit, dried fruit","Pork, Shellfish, Vegetarian, Poultry","Shiraz/Syrah, Grenache, Cinsault"
Bodegas Vinsacro Dioro Rioja 2019,Spain,23.99,3.9,images/Bodegas_Vinsacro_Dioro_Rioja_2019.png,images/bottle_Bodegas_Vinsacro_Dioro_Rioja_2019.png,Rioja Alavesa,Bodegas Vinsacro,"oak, earth, non oak, black fruit, red fruit, spices, microbio, dried fruit, vegetal, citrus fruit, floral","Beef, Lamb, Veal, Poultry","Tempranillo, Graciano, Garnacha"
Fèlsina Fontalloro 2018,Italy,59.99,4.1,images/Flsina_Fontalloro_2018.png,images/bottle_Flsina_Fontalloro_2018.png,Toscana,Fèlsina,"oak, earth, red fruit, non oak, spices, black fruit, microbio, vegetal, floral, dried fruit, citrus fruit, tree fruit","Beef, Lamb, Veal, Poultry, Cured Meat","Cabernet Sauvignon, Merlot, Sangiovese, Canaiolo Nero"
Marqués de Riscal Arienzo Crianza 2019,Spain,12.99,3.8,images/Marqus_de_Riscal_Arienzo_Crianza_2019.png,images/bottle_Marqus_de_Riscal_Arienzo_Crianza_2019.png,Rioja,Marqués de Riscal,"oak, red fruit, non oak, spices, black fruit, earth, microbio, dried fruit, floral, citrus fruit, vegetal, tropical fruit, tree fruit","Beef, Lamb, Veal, Poultry","Tempranillo, Graciano, Garnacha"
Banfi Chianti Classico 2018,Italy,14.99,3.7,images/Banfi_Chianti_Classico_2018.png,images/bottle_Banfi_Chianti_Classico_2018.png,Chianti Classico,Banfi,"red fruit, oak, earth, black fruit, non oak, spices, vegetal, microbio, dried fruit, floral, citrus fruit, tree fruit, tropical fruit","Beef, Pasta, Veal, Cured Meat",Sangiovese
Quinta Sardonia Sardón 2017,Spain,21.99,3.8,images/Quinta_Sardonia_Sardn_2017.png,images/bottle_Quinta_Sardonia_Sardn_2017.png,Castilla y León,Quinta Sardonia,"oak, black fruit, earth, non oak, spices, red fruit, microbio, dried fruit, floral, vegetal, citrus fruit, tree fruit, tropical fruit","Beef, Lamb, Veal, Poultry",Tempranillo
Bodegas Mauro Garmón 2018,Spain,73,4.3,images/Bodegas_Mauro_Garmn_2018.png,images/bottle_Bodegas_Mauro_Garmn_2018.png,Ribera del Duero,Bodegas Mauro,"oak, black fruit, non oak, earth, spices, red fruit, dried fruit, microbio, floral, vegetal, citrus fruit, tree fruit, tropical fruit","Beef, Lamb, Game (deer, venison)",Tempranillo
La Serena Rosso di Montalcino 2021,Italy,22.99,3.8,images/La_Serena_Rosso_di_Montalcino_2021.png,images/bottle_La_Serena_Rosso_di_Montalcino_2021.png,Rosso di Montalcino,La Serena,"red fruit, oak, earth, non oak, spices, black fruit, microbio, dried fruit, vegetal, floral, citrus fruit","Beef, Lamb, Veal, Poultry, Cured Meat","Cabernet Sauvignon, Merlot, Sangiovese, Canaiolo Nero"
Fontodi Chianti Classico 2021,Italy,54.99,4,images/Fontodi_Chianti_Classico_2021.png,images/bottle_Fontodi_Chianti_Classico_2021.png,Chianti Classico,Fontodi,"oak, red fruit, earth, non oak, spices, black fruit, microbio, vegetal, floral, dried fruit, citrus fruit, tree fruit, tropical fruit","Beef, Pasta, Veal, Cured Meat",Sangiovese
Altesino Brunello di Montalcino  Riserva 1990,Italy,196,4.3,images/Altesino_Brunello_di_Montalcino_Riserva_1990.png,images/bottle_Altesino_Brunello_di_Montalcino_Riserva_199.png,Brunello di Montalcino,Altesino,"earth, oak, red fruit, spices, black fruit, non oak, microbio, dried fruit, citrus fruit, floral, vegetal, tree fruit","Beef, Lamb, Game (deer, venison), Poultry",Sangiovese
E. Guigal Condrieu 2020,France,74.99,4.1,images/E_Guigal_Condrieu_2020.png,images/bottle_E_Guigal_Condrieu_2020.png,Condrieu,E. Guigal,"tree fruit, earth, oak, microbio, non oak, citrus fruit, spices, floral, tropical fruit, vegetal, dried fruit, red fruit, black fruit","Pork, Rich fish (salmon, tuna etc), Mature and hard cheese, Poultry, Cured Meat",Viognier
Cafaggio Chianti Classico 2019,Italy,20.99,3.7,images/Cafaggio_Chianti_Classico_2019.png,images/bottle_Cafaggio_Chianti_Classico_2019.png,Chianti Classico,Cafaggio,"red fruit, oak, earth, non oak, spices, black fruit, microbio, vegetal, dried fruit, floral, citrus fruit, tree fruit, tropical fruit","Beef, Pasta, Veal, Cured Meat",Sangiovese
La Rioja Alta Viña Alberdi Crianza 2019,Spain,24.99,4.1,images/La_Rioja_Alta_Via_Alberdi_Crianza_2019.png,images/bottle_La_Rioja_Alta_Via_Alberdi_Crianza_2019.png,Rioja,La Rioja Alta,"oak, non oak, red fruit, spices, earth, black fruit, microbio, dried fruit, vegetal, floral, citrus fruit, tropical fruit, tree fruit","Beef, Lamb, Veal, Poultry","Tempranillo, Graciano, Garnacha"
Fontodi Flaccianello della Pieve 2018,Italy,239.99,4.5,images/Fontodi_Flaccianello_della_Pieve_2018.png,images/bottle_Fontodi_Flaccianello_della_Pieve_2018.png,Colli della Toscana Centrale,Fontodi,"oak, earth, black fruit, non oak, red fruit, spices, microbio, floral, dried fruit, vegetal, citrus fruit, tree fruit, tropical fruit","Beef, Lamb, Veal, Poultry, Cured Meat","Cabernet Sauvignon, Merlot, Sangiovese, Canaiolo Nero"
Carpineto Chianti Classico 2020,Italy,19.99,3.9,images/Carpineto_Chianti_Classico_2020.png,images/bottle_Carpineto_Chianti_Classico_2020.png,Chianti Classico,Carpineto,"oak, red fruit, earth, non oak, spices, black fruit, microbio, vegetal, floral, dried fruit, tree fruit, citrus fruit, tropical fruit","Beef, Pasta, Veal, Cured Meat",Sangiovese
W. & J. Graham's Vintage Port 2000,Portugal,119.99,4.4,images/W_J_Grahams_Vintage_Port_2000.png,images/bottle_W_J_Grahams_Vintage_Port_2000.png,Porto,W. & J. Graham's,"oak, black fruit, non oak, dried fruit, spices, red fruit, earth, microbio, floral, vegetal, citrus fruit, tree fruit, tropical fruit","Mature and hard cheese, Blue cheese","Touriga Nacional, Touriga Franca, Tinta Roriz"
Ciacci Piccolomini d'Aragona Brunello di Montalcino 2018,Italy,199.99,4.3,images/Ciacci_Piccolomini_dAragona_Brunello_di_Montalcino.png,images/bottle_Ciacci_Piccolomini_dAragona_Brunello_di_Mon.png,Brunello di Montalcino,Ciacci Piccolomini d'Aragona,"oak, earth, red fruit, non oak, spices, black fruit, microbio, dried fruit, floral, vegetal, citrus fruit, tree fruit, tropical fruit","Beef, Lamb, Game (deer, venison), Poultry",Sangiovese
Cune (CVNE) Reserva 2019,Spain,22.99,3.8,images/Cune_CVNE_Reserva_2019.png,images/bottle_Cune_CVNE_Reserva_2019.png,Rioja,Cune (CVNE),"oak, non oak, spices, black fruit, earth, red fruit, microbio, dried fruit, vegetal, floral, citrus fruit, tree fruit, tropical fruit","Beef, Lamb, Veal, Poultry","Tempranillo, Graciano, Garnacha"
VALENCISO Rioja Reserva 2016,Spain,48.99,4.2,images/VALENCISO_Rioja_Reserva_2016.png,images/bottle_VALENCISO_Rioja_Reserva_2016.png,Rioja,VALENCISO,"oak, earth, non oak, black fruit, spices, red fruit, microbio, dried fruit, floral, vegetal, citrus fruit, tree fruit, tropical fruit","Beef, Lamb, Veal, Poultry","Tempranillo, Graciano, Garnacha"
Casa Al Vento Aria Chianti Classico 2021,Italy,29.99,3.8,images/Casa_Al_Vento_Aria_Chianti_Classico_2021.png,images/bottle_Casa_Al_Vento_Aria_Chianti_Classico_2021.png,Chianti Classico,Casa Al Vento,"red fruit, oak, earth, non oak, black fruit, spices, floral, microbio, dried fruit, vegetal","Beef, Pasta, Veal, Cured Meat",Sangiovese
D. Mateos La Mateo Vendimia Seleccionada 2023,Spain,15,3.9,images/D_Mateos_La_Mateo_Vendimia_Seleccionada_2023.png,images/bottle_D_Mateos_La_Mateo_Vendimia_Seleccionada_202.png,Rioja,D. Mateos,"oak, red fruit, black fruit, non oak, earth, spices, dried fruit, microbio, floral, vegetal, tree fruit","Beef, Lamb, Veal, Poultry","Tempranillo, Graciano, Garnacha"
Pago de Los Capellanes Reserva Tinto 2019,Spain,59.99,4.4,images/Pago_de_Los_Capellanes_Reserva_Tinto_2019.png,images/bottle_Pago_de_Los_Capellanes_Reserva_Tinto_2019.png,Ribera del Duero,Pago de Los Capellanes,"oak, black fruit, non oak, spices, earth, red fruit, microbio, floral, dried fruit, vegetal, tropical fruit, citrus fruit","Beef, Lamb, Game (deer, venison)",Tempranillo
Salcheto Nobile di Montepulciano 2020,Italy,28.99,4,images/Salcheto_Nobile_di_Montepulciano_2020.png,images/bottle_Salcheto_Nobile_di_Montepulciano_2020.png,Vino Nobile di Montepulciano,Salcheto,"oak, red fruit, earth, non oak, spices, black fruit, microbio, vegetal, floral, dried fruit, citrus fruit, tree fruit, tropical fruit","Beef, Game (deer, venison), Poultry","Sangiovese, Canaiolo Nero"
Bibi Graetz Testamatta Toscana 2020,Italy,99.99,4.1,images/Bibi_Graetz_Testamatta_Toscana_2020.png,images/bottle_Bibi_Graetz_Testamatta_Toscana_2020.png,Toscana,Bibi Graetz,"oak, red fruit, earth, non oak, spices, black fruit, floral, microbio, dried fruit, citrus fruit, vegetal, tree fruit, tropical fruit","Beef, Lamb, Veal, Poultry, Cured Meat","Cabernet Sauvignon, Merlot, Sangiovese, Canaiolo Nero"
Sassetti Livio Rosso di Montalcino 2022,Italy,45,3.8,images/Sassetti_Livio_Rosso_di_Montalcino_2022.png,images/bottle_Sassetti_Livio_Rosso_di_Montalcino_2022.png,Rosso di Montalcino,Sassetti Livio,"red fruit, earth, oak, non oak, spices, black fruit, microbio, floral, vegetal, dried fruit, citrus fruit","Beef, Lamb, Veal, Poultry, Cured Meat","Cabernet Sauvignon, Merlot, Sangiovese, Canaiolo Nero"
Portia Prima La Encina 2018,Spain,32,4,images/Portia_Prima_La_Encina_2018.png,images/bottle_Portia_Prima_La_Encina_2018.png,Ribera del Duero,Portia,"oak, non oak, black fruit, earth, spices, red fruit, microbio, dried fruit, floral, vegetal, citrus fruit","Beef, Lamb, Game (deer, venison)",Tempranillo
Áster Crianza 2020,Spain,21.99,4.1,images/ster_Crianza_2020.png,images/bottle_ster_Crianza_2020.png,Ribera del Duero,Áster,"oak, non oak, spices, earth, black fruit, red fruit, microbio, dried fruit, citrus fruit, floral, vegetal, tree fruit","Beef, Lamb, Game (deer, venison)",Tempranillo
Domaine Tempier Bandol Rouge 2019,France,89.99,4.3,images/Domaine_Tempier_Bandol_Rouge_2019.png,images/bottle_Domaine_Tempier_Bandol_Rouge_2019.png,Bandol,Domaine Tempier,"earth, black fruit, oak, red fruit, spices, non oak, microbio, floral, tree fruit, vegetal, citrus fruit, dried fruit, tropical fruit","Beef, Lamb, Game (deer, venison), Mushrooms","Shiraz/Syrah, Cabernet Sauvignon, Grenache, Mourvedre, Carignan, Tibouren, Cinsaut"
Dominio de Pingus Flor de Pingus 2021,Spain,124.99,4.4,images/Dominio_de_Pingus_Flor_de_Pingus_2021.png,images/bottle_Dominio_de_Pingus_Flor_de_Pingus_2021.png,Ribera del Duero,Dominio de Pingus,"oak, black fruit, non oak, earth, spices, red fruit, microbio, dried fruit, floral, vegetal, citrus fruit, tree fruit, tropical fruit","Beef, Lamb, Game (deer, venison)",Tempranillo
La Spinetta Il Rosé di Casanova 2021,Italy,12,3.9,images/La_Spinetta_Il_Ros_di_Casanova_2021.png,images/bottle_La_Spinetta_Il_Ros_di_Casanova_2021.png,Toscana,La Spinetta,"red fruit, citrus fruit, tree fruit, earth, vegetal, floral, microbio, spices, oak, tropical fruit, non oak, black fruit, dried fruit","Shellfish, Poultry, Lean fish, Mild and soft cheese",
Montevertine Le Pergole Torte 2013,Italy,420,4.4,images/Montevertine_Le_Pergole_Torte_2013.png,images/bottle_Montevertine_Le_Pergole_Torte_2013.png,Toscana,Montevertine,"oak, earth, red fruit, non oak, black fruit, spices, floral, microbio, vegetal, dried fruit, citrus fruit, tree fruit, tropical fruit","Beef, Lamb, Veal, Poultry, Cured Meat","Cabernet Sauvignon, Merlot, Sangiovese, Canaiolo Nero"
Dow's 30 Years Old Tawny Port,Portugal,129.99,4.5,images/Dows_30_Years_Old_Tawny_Port.png,images/bottle_Dows_30_Years_Old_Tawny_Port.png,Porto,Dow's,"non oak, oak, dried fruit, earth, spices, microbio, black fruit, citrus fruit, vegetal, red fruit, tree fruit, tropical fruit","Sweet desserts, Mature and hard cheese, Blue cheese","Touriga Nacional, Touriga Franca, Tinta Roriz"
E. Guigal Condrieu La Doriane 2017,France,116,4.3,images/E_Guigal_Condrieu_La_Doriane_2017.png,images/bottle_E_Guigal_Condrieu_La_Doriane_2017.png,Condrieu,E. Guigal,"tree fruit, oak, earth, microbio, non oak, spices, citrus fruit, floral, tropical fruit, vegetal, dried fruit, black fruit, red fruit","Pork, Rich fish (salmon, tuna etc), Mature and hard cheese, Poultry, Cured Meat",Viognier
Gaja Ca'Marcanda Vistamare Toscana 2019,Italy,74.99,4.2,images/Gaja_CaMarcanda_Vistamare_Toscana_2019.png,images/bottle_Gaja_CaMarcanda_Vistamare_Toscana_2019.png,Toscana,Gaja,"tree fruit, earth, citrus fruit, oak, microbio, spices, tropical fruit, non oak, vegetal, floral, dried fruit, red fruit, black fruit","Pasta, Vegetarian, Appetizers and snacks, Lean fish, Cured Meat","Trebbiano, Verdicchio"
Quinta do Gradil Ruelas Reserva 2021,Portugal,11.99,3.8,images/Quinta_do_Gradil_Ruelas_Reserva_2021.png,images/bottle_Quinta_do_Gradil_Ruelas_Reserva_2021.png,Lisboa,Quinta do Gradil,"black fruit, oak, earth, non oak, red fruit, spices, microbio, dried fruit, floral, vegetal","Beef, Pasta, Veal, Poultry","Baga, Castelao"
Uccelliera Brunello di Montalcino Riserva 2019,Italy,149.99,4.5,images/Uccelliera_Brunello_di_Montalcino_Riserva_2019.png,images/bottle_Uccelliera_Brunello_di_Montalcino_Riserva_2.png,Brunello di Montalcino,Uccelliera,"oak, red fruit, earth, non oak, black fruit, spices, dried fruit, floral, microbio, vegetal, tree fruit, citrus fruit","Beef, Lamb, Game (deer, venison), Poultry",Sangiovese
Valdicava Brunello di Montalcino Riserva Madonna del Piano 2010,Italy,299.99,4.5,images/Valdicava_Brunello_di_Montalcino_Riserva_Madonna_d.png,images/bottle_Valdicava_Brunello_di_Montalcino_Riserva_Ma.png,Brunello di Montalcino,Valdicava,"oak, earth, red fruit, black fruit, non oak, spices, microbio, dried fruit, floral, vegetal, citrus fruit, tree fruit","Beef, Lamb, Game (deer, venison), Poultry",Sangiovese
Matarromera Crianza 2020,Spain,39.99,4.2,images/Matarromera_Crianza_2020.png,images/bottle_Matarromera_Crianza_2020.png,Ribera del Duero,Matarromera,"oak, black fruit, non oak, earth, spices, red fruit, microbio, dried fruit, floral, vegetal, citrus fruit, tree fruit","Beef, Lamb, Game (deer, venison)",Tempranillo
Ausàs Interpretación 2017,Spain,74.99,4.4,images/Auss_Interpretacin_2017.png,images/bottle_Auss_Interpretacin_2017.png,Ribera del Duero,Ausàs,"oak, black fruit, non oak, earth, spices, red fruit, microbio, vegetal, dried fruit, citrus fruit, floral","Beef, Lamb, Game (deer, venison)",Tempranillo
Fattoria di Rodano Chianti Classico 2016,Italy,18.21,3.9,images/Fattoria_di_Rodano_Chianti_Classico_2016.png,images/bottle_Fattoria_di_Rodano_Chianti_Classico_2016.png,Chianti Classico,Fattoria di Rodano,"red fruit, earth, oak, non oak, black fruit, spices, vegetal, microbio, floral, dried fruit, tree fruit, citrus fruit, tropical fruit","Beef, Pasta, Veal, Cured Meat",Sangiovese
Piazzano Chianti 2023,Italy,12.99,3.6,images/Piazzano_Chianti_2023.png,images/bottle_Piazzano_Chianti_2023.png,Chianti,Piazzano,"earth, red fruit, oak, microbio, non oak, black fruit, spices, dried fruit, floral, vegetal","Beef, Veal, Poultry","Sangiovese, Trebbiano, Canaiolo Nero, Malvasia Nera"
Hermanos Peciña Señorío de P. Peciña Crianza 2014,Spain,44.99,4,images/Hermanos_Pecia_Seoro_de_P_Pecia_Crianza_2014.png,images/bottle_Hermanos_Pecia_Seoro_de_P_Pecia_Crianza_201.png,Rioja,Hermanos Peciña,"oak, earth, non oak, spices, red fruit, black fruit, microbio, dried fruit, floral, vegetal, citrus fruit, tree fruit, tropical fruit","Beef, Lamb, Veal, Poultry","Tempranillo, Graciano, Garnacha"
Isole e Olena Cepparello Red 2018,Italy,115,4.4,images/Isole_e_Olena_Cepparello_Red_2018.png,images/bottle_Isole_e_Olena_Cepparello_Red_2018.png,Toscana,Isole e Olena,"oak, red fruit, earth, non oak, spices, black fruit, microbio, floral, vegetal, dried fruit, citrus fruit, tree fruit, tropical fruit","Beef, Lamb, Veal, Poultry, Cured Meat","Cabernet Sauvignon, Merlot, Sangiovese, Canaiolo Nero"
Famiglia Castellani St. Giorgio Chianti Riserva 2019,Italy,14.99,3.9,images/Famiglia_Castellani_St_Giorgio_Chianti_Riserva_201.png,images/bottle_Famiglia_Castellani_St_Giorgio_Chianti_Rise.png,Chianti,Famiglia Castellani,"oak, red fruit, earth, spices, black fruit, non oak, microbio, dried fruit, vegetal","Beef, Veal, Poultry","Sangiovese, Trebbiano, Canaiolo Nero, Malvasia Nera"
Bodegas Alejandro Arbui 2020,Spain,20,4.2,images/Bodegas_Alejandro_Arbui_2020.png,images/bottle_Bodegas_Alejandro_Arbui_2020.png,Alicante,Bodegas Alejandro,"oak, black fruit, earth, non oak, red fruit, spices, microbio, floral, citrus fruit","Beef, Pasta, Lamb, Game (deer, venison)",Mourvedre
San Simeon Wines Viognier 2023,United States,18.95,3.8,images/San_Simeon_Wines_Viognier_2023.png,images/bottle_San_Simeon_Wines_Viognier_2023.png,Paso Robles,San Simeon Wines,"tree fruit, oak, microbio, tropical fruit, earth, citrus fruit, floral, non oak, spices, dried fruit, vegetal","Pork, Rich fish (salmon, tuna etc), Spicy food, Poultry",Viognier
Le Jade Viognier 2023,France,11.98,3.7,images/Le_Jade_Viognier_2023.png,images/bottle_Le_Jade_Viognier_2023.png,Pays d'Oc,Le Jade,"tree fruit, citrus fruit, tropical fruit, earth, vegetal, microbio, floral, oak, spices, non oak, dried fruit","Pork, Rich fish (salmon, tuna etc), Spicy food, Poultry",Viognier
Banfi Poggio alle Mura Brunello di Montalcino 2018,Italy,159.99,4.2,images/Banfi_Poggio_alle_Mura_Brunello_di_Montalcino_2018.png,images/bottle_Banfi_Poggio_alle_Mura_Brunello_di_Montalci.png,Brunello di Montalcino,Banfi,"oak, earth, red fruit, non oak, black fruit, spices, microbio, dried fruit, floral, vegetal, citrus fruit, tree fruit, tropical fruit","Beef, Lamb, Game (deer, venison), Poultry",Sangiovese
La Maialina Gertrude Toscana 2018,Italy,21.13,3.9,images/La_Maialina_Gertrude_Toscana_2018.png,images/bottle_La_Maialina_Gertrude_Toscana_2018.png,Toscana,La Maialina,"red fruit, oak, earth, non oak, black fruit, spices, microbio, vegetal, floral, dried fruit, tropical fruit, citrus fruit","Beef, Lamb, Veal, Poultry, Cured Meat","Cabernet Sauvignon, Merlot, Sangiovese, Canaiolo Nero"
San Giusto a Rentennano Chianti Classico 2018,Italy,37,4,images/San_Giusto_a_Rentennano_Chianti_Classico_2018.png,images/bottle_San_Giusto_a_Rentennano_Chianti_Classico_20.png,Chianti Classico,San Giusto a Rentennano,"oak, red fruit, earth, spices, non oak, black fruit, floral, dried fruit, microbio, citrus fruit, vegetal, tree fruit","Beef, Pasta, Veal, Cured Meat",Sangiovese
Friend & Farmer Tinto 2022,Spain,13.99,3.5,images/Friend_Farmer_Tinto_2022.png,images/bottle_Friend_Farmer_Tinto_2022.png,La Mancha,Friend & Farmer,"red fruit, black fruit, earth, oak, spices, microbio, non oak, dried fruit, tree fruit, floral, citrus fruit, vegetal","Beef, Lamb, Veal, Poultry",Tempranillo
Poggio del Moro Rosso Toscana 2018,Italy,14.99,4,images/Poggio_del_Moro_Rosso_Toscana_2018.png,images/bottle_Poggio_del_Moro_Rosso_Toscana_2018.png,Toscana,Poggio del Moro,"red fruit, oak, black fruit, non oak, earth, spices, floral, dried fruit, microbio, tree fruit","Beef, Lamb, Veal, Poultry, Cured Meat","Cabernet Sauvignon, Merlot, Sangiovese, Canaiolo Nero"
Carpineto Chianti Classico Riserva 2019,Italy,24.99,4,images/Carpineto_Chianti_Classico_Riserva_2019.png,images/bottle_Carpineto_Chianti_Classico_Riserva_2019.png,Chianti Classico,Carpineto,"oak, earth, red fruit, non oak, black fruit, spices, microbio, vegetal, floral, dried fruit, citrus fruit, tree fruit, tropical fruit","Beef, Pasta, Veal, Cured Meat",Sangiovese
Ordóñez Vatan Tinta de Toro 2020,Spain,43.99,4.2,images/Ordez_Vatan_Tinta_de_Toro_2020.png,images/bottle_Ordez_Vatan_Tinta_de_Toro_2020.png,Toro,Ordóñez,"oak, black fruit, earth, non oak, spices, red fruit, microbio, dried fruit, floral, vegetal, citrus fruit, tree fruit","Beef, Lamb, Game (deer, venison)",Tempranillo
Marqués de Riscal Gran Reserva 2017,Spain,39.99,4.2,images/Marqus_de_Riscal_Gran_Reserva_2017.png,images/bottle_Marqus_de_Riscal_Gran_Reserva_2017.png,Rioja,Marqués de Riscal,"oak, earth, non oak, black fruit, spices, red fruit, microbio, dried fruit, floral, vegetal, citrus fruit, tree fruit, tropical fruit","Beef, Lamb, Veal, Poultry","Tempranillo, Graciano, Garnacha"
Ricasoli Castello di Brolio Gran Selezione Chianti Classico 2019,Italy,55,4.3,images/Ricasoli_Castello_di_Brolio_Gran_Selezione_Chianti.png,images/bottle_Ricasoli_Castello_di_Brolio_Gran_Selezione_.png,Chianti Classico,Ricasoli,"oak, red fruit, earth, non oak, spices, black fruit, microbio, floral, dried fruit, vegetal, citrus fruit, tree fruit, tropical fruit","Beef, Pasta, Veal, Cured Meat",Sangiovese
Castelli del Grevepesa Castelgreve Chianti Classico Riserva 2019,Italy,24.98,3.8,images/Castelli_del_Grevepesa_Castelgreve_Chianti_Classic.png,images/bottle_Castelli_del_Grevepesa_Castelgreve_Chianti_.png,Chianti Classico,Castelli del Grevepesa,"red fruit, oak, earth, non oak, black fruit, spices, microbio, vegetal, floral, dried fruit, citrus fruit, tree fruit, tropical fruit","Beef, Pasta, Veal, Cured Meat",Sangiovese
Caparzo Rosso di Montalcino 2019,Italy,19.99,3.8,images/Caparzo_Rosso_di_Montalcino_2019.png,images/bottle_Caparzo_Rosso_di_Montalcino_2019.png,Rosso di Montalcino,Caparzo,"red fruit, oak, earth, non oak, spices, black fruit, microbio, vegetal, dried fruit, floral, citrus fruit, tree fruit","Beef, Lamb, Veal, Poultry, Cured Meat","Cabernet Sauvignon, Merlot, Sangiovese, Canaiolo Nero"
Pietranera Rosso di Montalcino 2022,Italy,24.99,3.8,images/Pietranera_Rosso_di_Montalcino_2022.png,images/bottle_Pietranera_Rosso_di_Montalcino_2022.png,Rosso di Montalcino,Pietranera,"red fruit, oak, earth, non oak, black fruit, spices, dried fruit, microbio, vegetal","Beef, Lamb, Veal, Poultry, Cured Meat","Cabernet Sauvignon, Merlot, Sangiovese, Canaiolo Nero"
Voliero Rosso di Montalcino 2023,Italy,32,3.8,images/Voliero_Rosso_di_Montalcino_2023.png,images/bottle_Voliero_Rosso_di_Montalcino_2023.png,Rosso di Montalcino,Voliero,"red fruit, spices, oak, earth, non oak, vegetal, black fruit, floral, dried fruit, citrus fruit, microbio","Beef, Lamb, Veal, Poultry, Cured Meat","Cabernet Sauvignon, Merlot, Sangiovese, Canaiolo Nero"
Poggio Antico Brunello di Montalcino 2006,Italy,149,4.5,images/Poggio_Antico_Brunello_di_Montalcino_2006.png,images/bottle_Poggio_Antico_Brunello_di_Montalcino_2006.png,Brunello di Montalcino,Poggio Antico,"oak, earth, red fruit, non oak, black fruit, spices, dried fruit, microbio, floral, vegetal, citrus fruit, tree fruit, tropical fruit","Beef, Lamb, Game (deer, venison), Poultry",Sangiovese
Fuligni Brunello di Montalcino 2010,Italy,149,4.3,images/Fuligni_Brunello_di_Montalcino_2010.png,images/bottle_Fuligni_Brunello_di_Montalcino_2010.png,Brunello di Montalcino,Fuligni,"oak, earth, red fruit, non oak, black fruit, spices, microbio, floral, dried fruit, vegetal, citrus fruit, tree fruit, tropical fruit","Beef, Lamb, Game (deer, venison), Poultry",Sangiovese
Banfi Chianti Superiore 2022,Italy,10.99,3.8,images/Banfi_Chianti_Superiore_2022.png,images/bottle_Banfi_Chianti_Superiore_2022.png,Chianti,Banfi,"red fruit, oak, black fruit, earth, non oak, spices, microbio, floral, vegetal, citrus fruit, dried fruit, tree fruit","Beef, Veal, Poultry","Sangiovese, Trebbiano, Canaiolo Nero, Malvasia Nera"
Antídoto Tinto 2023,Spain,26.99,3.9,images/Antdoto_Tinto_2023.png,images/bottle_Antdoto_Tinto_2023.png,Ribera del Duero,Antídoto,"oak, black fruit, red fruit, non oak, earth, spices, microbio, dried fruit, floral, vegetal, tropical fruit, citrus fruit","Beef, Lamb, Game (deer, venison)",Tempranillo
Castello di Bossi Chianti Classico Riserva Berardo 2015,Italy,29.99,4.1,images/Castello_di_Bossi_Chianti_Classico_Riserva_Berardo.png,images/bottle_Castello_di_Bossi_Chianti_Classico_Riserva_.png,Chianti Classico,Castello di Bossi,"red fruit, oak, earth, non oak, black fruit, spices, floral, microbio, vegetal, dried fruit, citrus fruit, tropical fruit","Beef, Pasta, Veal, Cured Meat",Sangiovese
Conti Costanti Brunello di Montalcino 2011,Italy,72,4.2,images/Conti_Costanti_Brunello_di_Montalcino_2011.png,images/bottle_Conti_Costanti_Brunello_di_Montalcino_2011.png,Brunello di Montalcino,Conti Costanti,"oak, earth, red fruit, non oak, black fruit, spices, microbio, floral, dried fruit, vegetal, citrus fruit, tree fruit, tropical fruit","Beef, Lamb, Game (deer, venison), Poultry",Sangiovese
Fèlsina Rancia Chianti Classico Riserva 2019,Italy,69.99,4.1,images/Flsina_Rancia_Chianti_Classico_Riserva_2019.png,images/bottle_Flsina_Rancia_Chianti_Classico_Riserva_2019.png,Chianti Classico,Fèlsina,"oak, earth, red fruit, non oak, black fruit, spices, microbio, floral, dried fruit, vegetal, citrus fruit, tree fruit","Beef, Pasta, Veal, Cured Meat",Sangiovese
Mastrojanni Brunello di Montalcino 2018,Italy,69.99,4.3,images/Mastrojanni_Brunello_di_Montalcino_2018.png,images/bottle_Mastrojanni_Brunello_di_Montalcino_2018.png,Brunello di Montalcino,Mastrojanni,"oak, earth, red fruit, non oak, spices, black fruit, vegetal, floral, microbio, dried fruit, citrus fruit, tree fruit, tropical fruit","Beef, Lamb, Game (deer, venison), Poultry",Sangiovese
Artuke Artuke Rioja 2023,Spain,18.99,3.8,images/Artuke_Artuke_Rioja_2023.png,images/bottle_Artuke_Artuke_Rioja_2023.png,Rioja,Artuke,"red fruit, oak, spices, non oak, black fruit, earth, microbio, floral, tropical fruit, dried fruit, vegetal, tree fruit, citrus fruit","Beef, Lamb, Veal, Poultry","Tempranillo, Graciano, Garnacha"
Bodegas Roda Sela Rioja 2021,Spain,33.99,4,images/Bodegas_Roda_Sela_Rioja_2021.png,images/bottle_Bodegas_Roda_Sela_Rioja_2021.png,Rioja,Bodegas Roda,"oak, red fruit, non oak, spices, black fruit, earth, microbio, dried fruit, floral, vegetal, tree fruit, citrus fruit","Beef, Lamb, Veal, Poultry","Tempranillo, Graciano, Garnacha"
Tenuta di Carleone Chianti Classico 2021,Italy,39,4.2,images/Tenuta_di_Carleone_Chianti_Classico_2021.png,images/bottle_Tenuta_di_Carleone_Chianti_Classico_2021.png,Chianti Classico,Tenuta di Carleone,"red fruit, oak, earth, spices, non oak, black fruit, vegetal, microbio, floral, dried fruit, tree fruit, citrus fruit, tropical fruit","Beef, Pasta, Veal, Cured Meat",Sangiovese
Quinta Vale D. Maria Curriculum Vitae Douro (CV) 2015,Portugal,132,4.5,images/Quinta_Vale_D_Maria_Curriculum_Vitae_Douro_CV_2015.png,images/bottle_Quinta_Vale_D_Maria_Curriculum_Vitae_Douro_.png,Douro,Quinta Vale D. Maria,"oak, black fruit, spices, non oak, earth, red fruit, floral, microbio, citrus fruit, dried fruit, tropical fruit, tree fruit","Beef, Pasta, Lamb, Game (deer, venison)","Touriga Nacional, Tinta Roriz, Touriga Francesa"
Terra d'Uro La Enfermera 2022,Spain,12.97,3.8,images/Terra_dUro_La_Enfermera_2022.png,images/bottle_Terra_dUro_La_Enfermera_2022.png,Toro,Terra d'Uro,"oak, earth, black fruit, non oak, red fruit, spices, microbio, dried fruit, vegetal, floral, tree fruit, citrus fruit, tropical fruit","Beef, Lamb, Game (deer, venison)",Tempranillo
Rocca di Montegrossi Chianti Classico 2017,Italy,29.99,3.9,images/Rocca_di_Montegrossi_Chianti_Classico_2017.png,images/bottle_Rocca_di_Montegrossi_Chianti_Classico_2017.png,Chianti Classico,Rocca di Montegrossi,"red fruit, oak, earth, black fruit, non oak, spices, vegetal, microbio, floral, dried fruit, citrus fruit, tree fruit","Beef, Pasta, Veal, Cured Meat",Sangiovese
Aziende Piazzini Torrato Chianti 2023,Italy,13.97,3.6,images/Aziende_Piazzini_Torrato_Chianti_2023.jpg,,Chianti,Aziende Piazzini,"red fruit, earth, oak, black fruit, microbio, spices, non oak, tree fruit, floral, vegetal, tropical fruit, citrus fruit","Beef, Veal, Poultry","Sangiovese, Trebbiano, Canaiolo Nero, Malvasia Nera"
Mark Ryan Winery Viognier 2023,United States,44.99,4,images/Mark_Ryan_Winery_Viognier_2023.png,images/bottle_Mark_Ryan_Winery_Viognier_2023.png,Yakima Valley,Mark Ryan Winery,"tree fruit, citrus fruit, microbio, oak, tropical fruit, earth, floral, spices, non oak, vegetal",,
Ridolfi Brunello di Montalcino 2018,Italy,59.99,4.1,images/Ridolfi_Brunello_di_Montalcino_2018.png,images/bottle_Ridolfi_Brunello_di_Montalcino_2018.png,Brunello di Montalcino,Ridolfi,"red fruit, oak, earth, non oak, spices, black fruit, microbio, floral, vegetal, dried fruit, citrus fruit, tree fruit","Beef, Lamb, Game (deer, venison), Poultry",Sangiovese
Fontodi Vigna del Sorbo Gran Selezione Chianti Classico 2009,Italy,299,4.2,images/Fontodi_Vigna_del_Sorbo_Gran_Selezione_Chianti_Cla.png,images/bottle_Fontodi_Vigna_del_Sorbo_Gran_Selezione_Chia.png,Chianti Classico,Fontodi,"oak, earth, red fruit, non oak, black fruit, spices, microbio, floral, dried fruit, vegetal, citrus fruit, tree fruit","Beef, Pasta, Veal, Cured Meat",Sangiovese
San Polo Rubio 2020,Italy,19.99,3.8,images/San_Polo_Rubio_2020.png,images/bottle_San_Polo_Rubio_2020.png,Toscana,San Polo,"red fruit, oak, earth, black fruit, non oak, spices, vegetal, microbio, floral, dried fruit, citrus fruit, tree fruit","Beef, Lamb, Veal, Poultry, Cured Meat","Cabernet Sauvignon, Merlot, Sangiovese, Canaiolo Nero"
Collosorbo Brunello di Montalcino Riserva 1995,Italy,215,4.4,images/Collosorbo_Brunello_di_Montalcino_Riserva_1995.png,images/bottle_Collosorbo_Brunello_di_Montalcino_Riserva_1.png,Brunello di Montalcino,Collosorbo,"oak, earth, red fruit, non oak, spices, black fruit, dried fruit, vegetal, tree fruit, citrus fruit, floral, microbio","Beef, Lamb, Game (deer, venison), Poultry",Sangiovese
Alban Vineyards Viognier 2023,United States,36.99,3.8,images/Alban_Vineyards_Viognier_2023.png,images/bottle_Alban_Vineyards_Viognier_2023.png,Central Coast,Alban Vineyards,"tree fruit, earth, microbio, oak, tropical fruit, citrus fruit, floral, non oak, spices, vegetal, black fruit, dried fruit, red fruit","Pork, Rich fish (salmon, tuna etc), Spicy food, Poultry",Viognier
Tablas Creek Vineyard Mourvedre 2020,United States,49.99,4,images/Tablas_Creek_Vineyard_Mourvedre_2020.png,images/bottle_Tablas_Creek_Vineyard_Mourvedre_2020.png,Paso Robles,Tablas Creek Vineyard,"earth, red fruit, oak, black fruit, non oak, spices, dried fruit, floral, microbio, tree fruit, citrus fruit, vegetal",,
Friend & Farmer Hand Work Tempranillo 2023,Spain,12.99,3.6,images/Friend_Farmer_Hand_Work_Tempranillo_2023.png,images/bottle_Friend_Farmer_Hand_Work_Tempranillo_2023.png,La Mancha,Friend & Farmer,"red fruit, oak, earth, non oak, black fruit, spices, citrus fruit, microbio, tropical fruit, tree fruit, floral","Beef, Lamb, Veal, Poultry",Tempranillo
Tenuta Luce Luce Brunello di Montalcino 2018,Italy,159.99,4.4,images/Tenuta_Luce_Luce_Brunello_di_Montalcino_2018.png,images/bottle_Tenuta_Luce_Luce_Brunello_di_Montalcino_201.png,Brunello di Montalcino,Tenuta Luce,"oak, earth, non oak, black fruit, red fruit, spices, floral, microbio, dried fruit, vegetal, citrus fruit, tree fruit","Beef, Lamb, Game (deer, venison), Poultry",Sangiovese
Quinta do Vallado Adelaide Vintage Port 2019,Portugal,86.99,4.4,images/Quinta_do_Vallado_Adelaide_Vintage_Port_2019.png,images/bottle_Quinta_do_Vallado_Adelaide_Vintage_Port_201.png,Porto,Quinta do Vallado,"black fruit, oak, spices, non oak, dried fruit, earth, red fruit, microbio, citrus fruit","Mature and hard cheese, Blue cheese","Touriga Nacional, Touriga Franca, Tinta Roriz"
Argiano Brunello di Montalcino Riserva 1978,Italy,329,4.4,images/Argiano_Brunello_di_Montalcino_Riserva_1978.png,images/bottle_Argiano_Brunello_di_Montalcino_Riserva_1978.png,Brunello di Montalcino,Argiano,"oak, earth, non oak, red fruit, black fruit, spices, microbio, vegetal, floral, dried fruit","Beef, Lamb, Game (deer, venison), Poultry",Sangiovese
Bodega Numanthia Numanthia 2004,Spain,137,4.3,images/Bodega_Numanthia_Numanthia_2004.png,images/bottle_Bodega_Numanthia_Numanthia_2004.png,Toro,Bodega Numanthia,"oak, black fruit, earth, non oak, spices, red fruit, dried fruit, microbio, floral, vegetal, citrus fruit, tree fruit","Beef, Lamb, Game (deer, venison)",Tempranillo
Capezzana Ugo Contini Bonacossi 2013,Italy,56.39,4,images/Capezzana_Ugo_Contini_Bonacossi_2013.png,images/bottle_Capezzana_Ugo_Contini_Bonacossi_2013.png,Toscana,Capezzana,"oak, earth, non oak, red fruit, black fruit, spices, microbio, dried fruit, floral, vegetal, citrus fruit, tree fruit, tropical fruit","Beef, Lamb, Veal, Poultry, Cured Meat","Cabernet Sauvignon, Merlot, Sangiovese, Canaiolo Nero"
Rocca delle Macìe Famiglia Zingarelli Chianti Classico 2022,Italy,24.99,3.8,images/Rocca_delle_Mace_Famiglia_Zingarelli_Chianti_Class.png,images/bottle_Rocca_delle_Mace_Famiglia_Zingarelli_Chiant.png,Chianti Classico,Rocca delle Macìe,"red fruit, oak, earth, black fruit, non oak, spices, microbio, vegetal, floral, dried fruit, citrus fruit, tree fruit, tropical fruit","Beef, Pasta, Veal, Cured Meat",Sangiovese
Cepa 21 Hito 2023,Spain,19.99,3.9,images/Cepa_21_Hito_2023.png,images/bottle_Cepa_21_Hito_2023.png,Ribera del Duero,Cepa 21,"oak, red fruit, black fruit, non oak, spices, earth, microbio, dried fruit, floral, vegetal, citrus fruit, tree fruit, tropical fruit","Beef, Lamb, Game (deer, venison)",Tempranillo
Castello di Farnetella Chianti Colli Senesi 2021,Italy,13.99,3.8,images/Castello_di_Farnetella_Chianti_Colli_Senesi_2021.png,images/bottle_Castello_di_Farnetella_Chianti_Colli_Senesi.png,Chianti Colli Senesi,Castello di Farnetella,"oak, red fruit, earth, non oak, spices, black fruit, microbio, vegetal, floral, citrus fruit, tree fruit, dried fruit, tropical fruit","Beef, Veal, Poultry","Sangiovese, Trebbiano, Canaiolo Nero, Malvasia Nera"
Carpineto Brunello di Montalcino 2018,Italy,54.99,4.2,images/Carpineto_Brunello_di_Montalcino_2018.png,images/bottle_Carpineto_Brunello_di_Montalcino_2018.png,Brunello di Montalcino,Carpineto,"oak, red fruit, earth, non oak, spices, black fruit, microbio, vegetal, floral, dried fruit, citrus fruit, tree fruit, tropical fruit","Beef, Lamb, Game (deer, venison), Poultry",Sangiovese
Ciacci Piccolomini d'Aragona Rosso di Montalcino 2022,Italy,24.99,4,images/Ciacci_Piccolomini_dAragona_Rosso_di_Montalcino_20.png,images/bottle_Ciacci_Piccolomini_dAragona_Rosso_di_Montal.png,Rosso di Montalcino,Ciacci Piccolomini d'Aragona,"red fruit, oak, earth, non oak, spices, black fruit, microbio, floral, vegetal, dried fruit, citrus fruit, tree fruit, tropical fruit","Beef, Lamb, Veal, Poultry, Cured Meat","Cabernet Sauvignon, Merlot, Sangiovese, Canaiolo Nero"
Viña Real Rioja Gran Reserva 2016,Spain,45,4,images/Via_Real_Rioja_Gran_Reserva_2016.png,images/bottle_Via_Real_Rioja_Gran_Reserva_2016.png,Rioja,Viña Real,"oak, non oak, earth, red fruit, spices, black fruit, microbio, dried fruit, floral, vegetal, citrus fruit, tree fruit, tropical fruit","Beef, Lamb, Veal, Poultry","Tempranillo, Graciano, Garnacha"
Santa Margherita Chianti Classico Riserva 2021,Italy,23.99,3.9,images/Santa_Margherita_Chianti_Classico_Riserva_2021.png,images/bottle_Santa_Margherita_Chianti_Classico_Riserva_2.png,Chianti Classico,Santa Margherita,"red fruit, oak, earth, non oak, black fruit, spices, microbio, vegetal, floral, dried fruit, citrus fruit, tree fruit, tropical fruit","Beef, Pasta, Veal, Cured Meat",Sangiovese
Taylor's Golden Age 50 Year Old Tawny Port,Portugal,299.99,4.6,images/Taylors_Golden_Age_50_Year_Old_Tawny_Port.png,images/bottle_Taylors_Golden_Age_50_Year_Old_Tawny_Port.png,Porto,Taylor's,"oak, non oak, microbio, dried fruit, earth, vegetal, spices, black fruit, citrus fruit, floral","Sweet desserts, Mature and hard cheese, Blue cheese","Touriga Nacional, Touriga Franca, Tinta Roriz"
Verzier Authentic Condrieu 2022,France,67,4,images/Verzier_Authentic_Condrieu_2022.png,images/bottle_Verzier_Authentic_Condrieu_2022.png,Condrieu,Verzier,"earth, tree fruit, spices, non oak, oak, citrus fruit, microbio, tropical fruit, red fruit, dried fruit, floral, vegetal","Pork, Rich fish (salmon, tuna etc), Mature and hard cheese, Poultry, Cured Meat",Viognier
Lecea Corazón de Lago 2018,Spain,16.99,3.8,images/Lecea_Corazn_de_Lago_2018.png,images/bottle_Lecea_Corazn_de_Lago_2018.png,Rioja,Lecea,"oak, red fruit, spices, non oak, black fruit, earth, dried fruit, floral","Beef, Lamb, Veal, Poultry","Tempranillo, Graciano, Garnacha"
Montesecondo Chianti Classico 2020,Italy,29.99,4.1,images/Montesecondo_Chianti_Classico_2020.png,images/bottle_Montesecondo_Chianti_Classico_2020.png,Chianti Classico,Montesecondo,"red fruit, oak, earth, non oak, spices, black fruit, vegetal, microbio, floral, citrus fruit, dried fruit, tree fruit, tropical fruit","Beef, Pasta, Veal, Cured Meat",Sangiovese
Carpineto Vino Nobile di Montepulciano Riserva 2019,Italy,27.99,4.1,images/Carpineto_Vino_Nobile_di_Montepulciano_Riserva_201.png,images/bottle_Carpineto_Vino_Nobile_di_Montepulciano_Rise.png,Vino Nobile di Montepulciano,Carpineto,"oak, earth, red fruit, non oak, black fruit, spices, microbio, floral, vegetal, dried fruit, citrus fruit, tree fruit, tropical fruit","Beef, Game (deer, venison), Poultry","Sangiovese, Canaiolo Nero"
Cortonesi (La Mannella) La Mannella Rosso di Montalcino 2018,Italy,25.99,4.1,images/Cortonesi_La_Mannella_La_Mannella_Rosso_di_Montalc.png,images/bottle_Cortonesi_La_Mannella_La_Mannella_Rosso_di_.png,Rosso di Montalcino,Cortonesi (La Mannella),"red fruit, oak, earth, non oak, spices, black fruit, microbio, vegetal, citrus fruit, floral, dried fruit","Beef, Lamb, Veal, Poultry, Cured Meat","Cabernet Sauvignon, Merlot, Sangiovese, Canaiolo Nero"
Cass Viognier 2024,United States,38,4,images/Cass_Viognier_2024.png,images/bottle_Cass_Viognier_2024.png,Paso Robles,Cass,"tree fruit, citrus fruit, tropical fruit, earth, microbio, oak, non oak, spices, floral, vegetal","Pork, Rich fish (salmon, tuna etc), Spicy food, Poultry",Viognier
Bodegas Mauro Mauro VS 2020,Spain,125,4.5,images/Bodegas_Mauro_Mauro_VS_2020.png,images/bottle_Bodegas_Mauro_Mauro_VS_2020.png,Castilla y León,Bodegas Mauro,"oak, black fruit, non oak, earth, spices, red fruit, microbio, dried fruit, floral, vegetal, citrus fruit, tree fruit, tropical fruit","Beef, Lamb, Veal, Poultry",Tempranillo
Fanti Rosso di Montalcino 2020,Italy,24.99,3.8,images/Fanti_Rosso_di_Montalcino_2020.png,images/bottle_Fanti_Rosso_di_Montalcino_2020.png,Rosso di Montalcino,Fanti,"red fruit, oak, earth, non oak, spices, black fruit, dried fruit, vegetal, microbio, floral, citrus fruit","Beef, Lamb, Veal, Poultry, Cured Meat","Cabernet Sauvignon, Merlot, Sangiovese, Canaiolo Nero"
Milenrama Reserva 2019,Spain,19.99,3.8,images/Milenrama_Reserva_2019.png,images/bottle_Milenrama_Reserva_2019.png,Rioja,Milenrama,"oak, spices, earth, non oak, black fruit, red fruit, dried fruit, microbio","Beef, Lamb, Veal, Poultry","Tempranillo, Graciano, Garnacha"
Domaine Château Massiac Viognier 2023,France,14.99,3.7,images/Domaine_Chteau_Massiac_Viognier_2023.png,images/bottle_Domaine_Chteau_Massiac_Viognier_2023.png,Pays d'Oc,Domaine Château Massiac,"tree fruit, earth, citrus fruit, microbio, oak, floral, tropical fruit, non oak, red fruit, vegetal, dried fruit, spices","Pork, Rich fish (salmon, tuna etc), Spicy food, Poultry",Viognier
Poggerino Chianti Classico 2019,Italy,56.99,3.9,images/Poggerino_Chianti_Classico_2019.png,images/bottle_Poggerino_Chianti_Classico_2019.png,Chianti Classico,Poggerino,"red fruit, oak, earth, spices, non oak, black fruit, vegetal, floral, microbio, dried fruit, tree fruit, citrus fruit, tropical fruit","Beef, Pasta, Veal, Cured Meat",Sangiovese
Fattoria le Pupille Poggio Valente 2020,Italy,59,4.1,images/Fattoria_le_Pupille_Poggio_Valente_2020.png,images/bottle_Fattoria_le_Pupille_Poggio_Valente_2020.png,Toscana,Fattoria le Pupille,"oak, red fruit, earth, non oak, black fruit, spices, floral, microbio, vegetal, dried fruit, citrus fruit, tropical fruit, tree fruit","Beef, Lamb, Veal, Poultry, Cured Meat","Cabernet Sauvignon, Merlot, Sangiovese, Canaiolo Nero"
Áster El Espino 2020,Spain,54.99,4.2,images/ster_El_Espino_2020.png,images/bottle_ster_El_Espino_2020.png,Ribera del Duero,Áster,black fruit,"Beef, Lamb, Game (deer, venison)",Tempranillo
Cline Mourvèdre Rosè 2023,United States,13.99,3.6,images/Cline_Mourvdre_Ros_2023.png,images/bottle_Cline_Mourvdre_Ros_2023.png,Contra Costa County,Cline,"red fruit, citrus fruit, tree fruit, microbio, black fruit, spices, earth, non oak, oak, tropical fruit","Shellfish, Spicy food, Appetizers and snacks, Fruity desserts, Aperitif","Shiraz/Syrah, Cabernet Sauvignon, Pinot Noir, Sangiovese, Zinfandel, Barbera"
Salvioni Brunello di Montalcino 2013,Italy,150,4.5,images/Salvioni_Brunello_di_Montalcino_2013.png,images/bottle_Salvioni_Brunello_di_Montalcino_2013.png,Brunello di Montalcino,Salvioni,"earth, oak, red fruit, non oak, black fruit, spices, microbio, dried fruit, vegetal, floral, citrus fruit, tree fruit, tropical fruit","Beef, Lamb, Game (deer, venison), Poultry",Sangiovese
Marqués de Riscal Frank Gehry Selection 2012,Spain,497.99,4.2,images/Marqus_de_Riscal_Frank_Gehry_Selection_2012.png,images/bottle_Marqus_de_Riscal_Frank_Gehry_Selection_2012.png,Rioja,Marqués de Riscal,"oak, non oak, earth, spices, black fruit, red fruit, microbio, citrus fruit, dried fruit, tropical fruit, floral, vegetal","Beef, Lamb, Veal, Poultry","Tempranillo, Graciano, Garnacha"
Yves Cuilleron Viognier Les Vignes d'à Côté 2021,France,26.99,3.9,images/Yves_Cuilleron_Viognier_Les_Vignes_d_Ct_2021.png,images/bottle_Yves_Cuilleron_Viognier_Les_Vignes_d_Ct_202.png,Collines Rhodaniennes,Yves Cuilleron,"tree fruit, earth, microbio, oak, citrus fruit, tropical fruit, floral, non oak, spices, vegetal, dried fruit, red fruit","Pork, Shellfish, Mature and hard cheese, Poultry, Lean fish, Cured Meat",
Lan Gran Reserva Rioja 2017,Spain,21.99,4.1,images/Lan_Gran_Reserva_Rioja_2017.png,images/bottle_Lan_Gran_Reserva_Rioja_2017.png,Rioja,Lan,"oak, non oak, earth, spices, black fruit, red fruit, microbio, dried fruit, vegetal, floral, tree fruit, citrus fruit, tropical fruit","Beef, Lamb, Veal, Poultry","Tempranillo, Graciano, Garnacha"
M. Chapoutier Condrieu Invitare  2021,France,139.99,4.1,images/M_Chapoutier_Condrieu_Invitare_2021.png,images/bottle_M_Chapoutier_Condrieu_Invitare_2021.png,Condrieu,M. Chapoutier,"tree fruit, earth, microbio, oak, tropical fruit, citrus fruit, non oak, floral, spices, vegetal, dried fruit, black fruit","Pork, Rich fish (salmon, tuna etc), Mature and hard cheese, Poultry, Cured Meat",Viognier
Ramirez de la Piscina Crianza 2019,Spain,14.99,3.9,images/Ramirez_de_la_Piscina_Crianza_2019.png,images/bottle_Ramirez_de_la_Piscina_Crianza_2019.png,Rioja,Ramirez de la Piscina,"oak, black fruit, earth, non oak, spices, red fruit, microbio, dried fruit, floral, tree fruit, vegetal, citrus fruit, tropical fruit","Beef, Lamb, Veal, Poultry","Tempranillo, Graciano, Garnacha"
Familia Montaña Reserva 2017,Spain,22.99,3.9,images/Familia_Montaa_Reserva_2017.png,images/bottle_Familia_Montaa_Reserva_2017.png,Rioja,Familia Montaña,"oak, earth, black fruit, non oak, spices, red fruit, vegetal, microbio, floral","Beef, Lamb, Veal, Poultry","Tempranillo, Graciano, Garnacha"
Tua Rita Perlato del Bosco 2018,Italy,29.99,3.9,images/Tua_Rita_Perlato_del_Bosco_2018.png,images/bottle_Tua_Rita_Perlato_del_Bosco_2018.png,Toscana,Tua Rita,"oak, red fruit, earth, non oak, black fruit, spices, floral, microbio, vegetal, dried fruit, citrus fruit, tree fruit, tropical fruit","Beef, Lamb, Veal, Poultry, Cured Meat","Cabernet Sauvignon, Merlot, Sangiovese, Canaiolo Nero"
Clusel-Roch Condrieu Verchery 2021,France,160,4,images/Clusel_Roch_Condrieu_Verchery_2021.png,images/bottle_Clusel_Roch_Condrieu_Verchery_2021.png,Condrieu,Clusel-Roch,"tree fruit, earth, tropical fruit, oak, citrus fruit, floral, microbio, non oak, vegetal, spices","Pork, Rich fish (salmon, tuna etc), Mature and hard cheese, Poultry, Cured Meat",Viognier
Cass Mourvèdre 2022,United States,48,4,images/Cass_Mourvdre_2022.png,images/bottle_Cass_Mourvdre_2022.png,Paso Robles,Cass,"black fruit, red fruit, oak, earth, spices, non oak, microbio, dried fruit, floral, vegetal, tropical fruit, citrus fruit",,
Aiurri Landua 2021,Spain,41.99,4,images/Aiurri_Landua_2021.png,images/bottle_Aiurri_Landua_2021.png,Rioja,Aiurri,,"Beef, Lamb, Veal, Poultry","Tempranillo, Graciano, Garnacha"
Cayuse Vineyards Impulsivo 2015,United States,124,4.4,images/Cayuse_Vineyards_Impulsivo_2015.png,images/bottle_Cayuse_Vineyards_Impulsivo_2015.png,Walla Walla Valley,Cayuse Vineyards,"earth, black fruit, oak, spices, red fruit, non oak, floral, vegetal, dried fruit, microbio, tree fruit",,
Salcheto Chianti Biskero 2023,Italy,13.99,3.8,images/Salcheto_Chianti_Biskero_2023.png,images/bottle_Salcheto_Chianti_Biskero_2023.png,Chianti,Salcheto,"red fruit, earth, oak, black fruit, spices, non oak, microbio, dried fruit, vegetal, citrus fruit, floral, tree fruit","Beef, Veal, Poultry","Sangiovese, Trebbiano, Canaiolo Nero, Malvasia Nera"
Bodega Numanthia Termanthia 2013,Spain,285,4.5,images/Bodega_Numanthia_Termanthia_2013.png,images/bottle_Bodega_Numanthia_Termanthia_2013.png,Toro,Bodega Numanthia,"oak, black fruit, non oak, earth, spices, red fruit, microbio, dried fruit, floral, vegetal, citrus fruit, tree fruit, tropical fruit","Beef, Lamb, Game (deer, venison)",Tempranillo
Borgo Scopeto Chianti Classico 2021,Italy,16.99,3.8,images/Borgo_Scopeto_Chianti_Classico_2021.png,images/bottle_Borgo_Scopeto_Chianti_Classico_2021.png,Chianti Classico,Borgo Scopeto,"red fruit, oak, earth, non oak, spices, black fruit, microbio, vegetal, dried fruit, citrus fruit, floral, tree fruit, tropical fruit","Beef, Pasta, Veal, Cured Meat",Sangiovese
Azienda Agricola Valle del Sole Linchetto 2016,Italy,12.92,3.5,images/Azienda_Agricola_Valle_del_Sole_Linchetto_2016.jpg,,Toscana,Azienda Agricola Valle del Sole,"red fruit, black fruit, floral","Beef, Lamb, Veal, Poultry, Cured Meat","Cabernet Sauvignon, Merlot, Sangiovese, Canaiolo Nero"
Volpaia Castello di Volpaia Chianti Classico Riserva 2020,Italy,41.99,4.1,images/Volpaia_Castello_di_Volpaia_Chianti_Classico_Riser.png,images/bottle_Volpaia_Castello_di_Volpaia_Chianti_Classic.png,Chianti Classico,Volpaia,"red fruit, oak, earth, non oak, spices, black fruit, vegetal, microbio, floral, dried fruit, citrus fruit, tree fruit","Beef, Pasta, Veal, Cured Meat",Sangiovese
Agostina Pieri Brunello di Montalcino 2018,Italy,57.99,4.3,images/Agostina_Pieri_Brunello_di_Montalcino_2018.png,images/bottle_Agostina_Pieri_Brunello_di_Montalcino_2018.png,Brunello di Montalcino,Agostina Pieri,"oak, earth, red fruit, non oak, spices, black fruit, microbio, dried fruit, vegetal, floral, citrus fruit, tree fruit","Beef, Lamb, Game (deer, venison), Poultry",Sangiovese
Le Potazzine Brunello di Montalcino Le Potazzine 2015,Italy,175,4.3,images/Le_Potazzine_Brunello_di_Montalcino_Le_Potazzine_2.png,images/bottle_Le_Potazzine_Brunello_di_Montalcino_Le_Pota.png,Brunello di Montalcino,Le Potazzine,"earth, oak, red fruit, non oak, black fruit, spices, microbio, floral, vegetal, dried fruit, citrus fruit, tree fruit, tropical fruit","Beef, Lamb, Game (deer, venison), Poultry",Sangiovese
Goyo Garcia Viadero Joven de Viñas Viejas 2021,Spain,29.99,3.7,images/Goyo_Garcia_Viadero_Joven_de_Vias_Viejas_2021.png,images/bottle_Goyo_Garcia_Viadero_Joven_de_Vias_Viejas_20.png,Ribera del Duero,Goyo Garcia Viadero,"earth, oak, red fruit, black fruit, spices, non oak, floral, microbio, vegetal, dried fruit, tree fruit, citrus fruit","Beef, Lamb, Game (deer, venison)",Tempranillo
Capannelle Chianti Classico Riserva 2016,Italy,54.99,4,images/Capannelle_Chianti_Classico_Riserva_2016.png,images/bottle_Capannelle_Chianti_Classico_Riserva_2016.png,Chianti Classico,Capannelle,"oak, red fruit, earth, non oak, black fruit, spices, microbio, dried fruit, vegetal, floral, citrus fruit, tree fruit","Beef, Pasta, Veal, Cured Meat",Sangiovese
Carlos Serres Rioja Gran Reserva 2014,Spain,26.99,4,images/Carlos_Serres_Rioja_Gran_Reserva_2014.png,images/bottle_Carlos_Serres_Rioja_Gran_Reserva_2014.png,Rioja,Carlos Serres,"oak, earth, non oak, red fruit, spices, black fruit, microbio, dried fruit, vegetal, floral, tree fruit, citrus fruit, tropical fruit","Beef, Lamb, Veal, Poultry","Tempranillo, Graciano, Garnacha"
Bodegas Peñafiel Miros de Ribera Crianza 2019,Spain,34.99,4.1,images/Bodegas_Peafiel_Miros_de_Ribera_Crianza_2019.png,images/bottle_Bodegas_Peafiel_Miros_de_Ribera_Crianza_201.png,Ribera del Duero,Bodegas Peñafiel,"oak, earth, non oak, black fruit, spices, red fruit, microbio, dried fruit, vegetal, floral, citrus fruit","Beef, Lamb, Game (deer, venison)",Tempranillo
Siro Pacenti Pelagrilli Brunello di Montalcino 2018,Italy,80,4.3,images/Siro_Pacenti_Pelagrilli_Brunello_di_Montalcino_201.png,images/bottle_Siro_Pacenti_Pelagrilli_Brunello_di_Montalc.png,Brunello di Montalcino,Siro Pacenti,"oak, red fruit, earth, non oak, spices, black fruit, microbio, floral, vegetal, dried fruit, tree fruit, citrus fruit, tropical fruit","Beef, Lamb, Game (deer, venison), Poultry",Sangiovese
Canalicchio di Sopra La Casaccia Brunello di Montalcino 2020,Italy,199.99,4.4,images/Canalicchio_di_Sopra_La_Casaccia_Brunello_di_Monta.png,images/bottle_Canalicchio_di_Sopra_La_Casaccia_Brunello_d.png,Brunello di Montalcino,Canalicchio di Sopra,"red fruit, oak, black fruit, earth, non oak, spices, dried fruit, citrus fruit, floral, vegetal, microbio, tree fruit","Beef, Lamb, Game (deer, venison), Poultry",Sangiovese
Mary Taylor Filipe Ferreira Douro 2021,Portugal,14.99,4.1,images/Mary_Taylor_Filipe_Ferreira_Douro_2021.png,images/bottle_Mary_Taylor_Filipe_Ferreira_Douro_2021.png,Douro,Mary Taylor,"black fruit, earth, oak, red fruit, non oak, spices, vegetal, microbio, dried fruit, floral, tree fruit, citrus fruit","Beef, Pasta, Lamb, Game (deer, venison)","Touriga Nacional, Tinta Roriz, Touriga Francesa"
San Giusto a Rentennano Percarlo 2014,Italy,149.99,4.2,images/San_Giusto_a_Rentennano_Percarlo_2014.png,images/bottle_San_Giusto_a_Rentennano_Percarlo_2014.png,Toscana,San Giusto a Rentennano,"oak, earth, red fruit, non oak, black fruit, spices, microbio, dried fruit, floral, vegetal, citrus fruit, tree fruit","Beef, Lamb, Veal, Poultry, Cured Meat","Cabernet Sauvignon, Merlot, Sangiovese, Canaiolo Nero"
Tomaiolo Chianti Classico Riserva 2018,Italy,12.99,3.9,images/Tomaiolo_Chianti_Classico_Riserva_2018.png,images/bottle_Tomaiolo_Chianti_Classico_Riserva_2018.png,Chianti Classico,Tomaiolo,"oak, red fruit, earth, non oak, black fruit, spices, microbio, dried fruit, citrus fruit, floral, vegetal","Beef, Pasta, Veal, Cured Meat",Sangiovese
Croft Vintage Port 2011,Portugal,74.99,4.4,images/Croft_Vintage_Port_2011.png,images/bottle_Croft_Vintage_Port_2011.png,Porto,Croft,"oak, black fruit, non oak, dried fruit, spices, earth, red fruit, microbio, floral, citrus fruit, tree fruit, vegetal, tropical fruit","Mature and hard cheese, Blue cheese","Touriga Nacional, Touriga Franca, Tinta Roriz"
Tenuta CastelGiocondo Brunello di Montalcino Riserva 1999,Italy,93.98,4.3,images/Tenuta_CastelGiocondo_Brunello_di_Montalcino_Riser.png,images/bottle_Tenuta_CastelGiocondo_Brunello_di_Montalcin.png,Brunello di Montalcino,Tenuta CastelGiocondo,"oak, earth, black fruit, red fruit, non oak, spices, microbio, dried fruit, vegetal, floral","Beef, Lamb, Game (deer, venison), Poultry",Sangiovese
Borgo Scopeto Borgonero 2021,Italy,18.98,4,images/Borgo_Scopeto_Borgonero_2021.png,images/bottle_Borgo_Scopeto_Borgonero_2021.png,Toscana,Borgo Scopeto,"oak, black fruit, earth, non oak, red fruit, spices, microbio, dried fruit, floral, vegetal, tree fruit, citrus fruit, tropical fruit","Beef, Lamb, Veal, Poultry, Cured Meat","Cabernet Sauvignon, Merlot, Sangiovese, Canaiolo Nero"
Áster Finca El Otero 2019,Spain,78.99,4.3,images/ster_Finca_El_Otero_2019.png,images/bottle_ster_Finca_El_Otero_2019.png,Ribera del Duero,Áster,"oak, non oak, black fruit, earth, spices, red fruit, microbio, dried fruit, floral, vegetal, tree fruit, citrus fruit, tropical fruit","Beef, Lamb, Game (deer, venison)",Tempranillo
Larchago Crianza 2020,Spain,18.99,4.1,images/Larchago_Crianza_2020.png,images/bottle_Larchago_Crianza_2020.png,Rioja,Larchago,"oak, spices, black fruit, red fruit, non oak, earth, microbio, dried fruit, floral, vegetal","Beef, Lamb, Veal, Poultry","Tempranillo, Graciano, Garnacha"
Banfi Poggio alle Mura Brunello di Montalcino Riserva 2007,Italy,165,4.5,images/Banfi_Poggio_alle_Mura_Brunello_di_Montalcino_Rise.png,images/bottle_Banfi_Poggio_alle_Mura_Brunello_di_Montalci.png,Brunello di Montalcino,Banfi,"oak, earth, black fruit, non oak, red fruit, spices, microbio, dried fruit, floral, vegetal, citrus fruit","Beef, Lamb, Game (deer, venison), Poultry",Sangiovese
Mastrojanni Rosso di Montalcino 2022,Italy,34.99,4,images/Mastrojanni_Rosso_di_Montalcino_2022.png,images/bottle_Mastrojanni_Rosso_di_Montalcino_2022.png,Rosso di Montalcino,Mastrojanni,"red fruit, oak, earth, non oak, black fruit, spices, floral, vegetal, microbio, dried fruit, citrus fruit, tree fruit, tropical fruit","Beef, Lamb, Veal, Poultry, Cured Meat","Cabernet Sauvignon, Merlot, Sangiovese, Canaiolo Nero"
Poderi Sanguineto I e II Vino Nobile di Montepulciano 2018,Italy,39,4.3,images/Poderi_Sanguineto_I_e_II_Vino_Nobile_di_Montepulci.png,images/bottle_Poderi_Sanguineto_I_e_II_Vino_Nobile_di_Mon.png,Vino Nobile di Montepulciano,Poderi Sanguineto I e II,"red fruit, earth, oak, black fruit, spices, non oak, vegetal, microbio, citrus fruit, dried fruit, tree fruit, floral, tropical fruit","Beef, Game (deer, venison), Poultry","Sangiovese, Canaiolo Nero"
Cartuxa Pêra-Manca Tinto 2018,Portugal,499.97,4.7,images/Cartuxa_Pra_Manca_Tinto_2018.png,images/bottle_Cartuxa_Pra_Manca_Tinto_2018.png,Alentejo,Cartuxa,"oak, black fruit, earth, non oak, spices, red fruit, microbio, dried fruit, floral, tree fruit, citrus fruit, vegetal","Beef, Lamb, Veal, Poultry","Aragonez, Castelao, Trincadeira"
Lisini Brunello di Montalcino 2019,Italy,64.99,4.3,images/Lisini_Brunello_di_Montalcino_2019.png,images/bottle_Lisini_Brunello_di_Montalcino_2019.png,Brunello di Montalcino,Lisini,"oak, earth, red fruit, non oak, spices, black fruit, floral, microbio, dried fruit, vegetal, citrus fruit, tree fruit, tropical fruit","Beef, Lamb, Game (deer, venison), Poultry",Sangiovese
Domaine Tempier Bandol Rosé 2023,France,59,4.2,images/Domaine_Tempier_Bandol_Ros_2023.png,images/bottle_Domaine_Tempier_Bandol_Ros_2023.png,Bandol,Domaine Tempier,"red fruit, earth, tree fruit, citrus fruit, spices, floral, oak, microbio, vegetal, non oak, tropical fruit, black fruit, dried fruit","Pork, Shellfish, Vegetarian, Poultry","Shiraz/Syrah, Grenache, Cinsault"
Viña Sastre Ribera del Duero 2017,Spain,41.99,3.9,images/Via_Sastre_Ribera_del_Duero_2017.png,images/bottle_Via_Sastre_Ribera_del_Duero_2017.png,Ribera del Duero,Viña Sastre,"oak, red fruit, black fruit, non oak, earth, spices, microbio, dried fruit, citrus fruit, floral, tree fruit, vegetal","Beef, Lamb, Game (deer, venison)",Tempranillo
Castello di Montepó Sassoalloro Oro 2020,Italy,64.99,4.2,images/Castello_di_Montep_Sassoalloro_Oro_2020.png,images/bottle_Castello_di_Montep_Sassoalloro_Oro_2020.png,Toscana,Castello di Montepó,"earth, oak, red fruit, black fruit, non oak, citrus fruit, spices, floral, microbio, vegetal","Beef, Lamb, Veal, Poultry, Cured Meat","Cabernet Sauvignon, Merlot, Sangiovese, Canaiolo Nero"
Colleoni Marieno Selvarella Rosso 2021,Italy,55,3.9,images/Colleoni_Marieno_Selvarella_Rosso_2021.png,images/bottle_Colleoni_Marieno_Selvarella_Rosso_2021.png,Toscana,Colleoni Marieno,"red fruit, earth, microbio, oak, black fruit, spices, non oak","Beef, Lamb, Veal, Poultry, Cured Meat","Cabernet Sauvignon, Merlot, Sangiovese, Canaiolo Nero"
Poggiotondo Brunello di Montalcino 2019,Italy,48.99,4.1,images/Poggiotondo_Brunello_di_Montalcino_2019.png,images/bottle_Poggiotondo_Brunello_di_Montalcino_2019.png,Brunello di Montalcino,Poggiotondo,"oak, red fruit, earth, non oak, spices, black fruit, microbio, floral, vegetal, dried fruit, citrus fruit, tree fruit","Beef, Lamb, Game (deer, venison), Poultry",Sangiovese
Altesino Brunello di Montalcino  Montosoli 2017,Italy,124.99,4.3,images/Altesino_Brunello_di_Montalcino_Montosoli_2017.png,images/bottle_Altesino_Brunello_di_Montalcino_Montosoli_2.png,Brunello di Montalcino,Altesino,"oak, earth, red fruit, non oak, black fruit, spices, floral, microbio, dried fruit, vegetal, citrus fruit, tree fruit, tropical fruit","Beef, Lamb, Game (deer, venison), Poultry",Sangiovese
Tenuta Sette Ponti Crognolo Toscana 2022,Italy,29.99,4.1,images/Tenuta_Sette_Ponti_Crognolo_Toscana_2022.png,images/bottle_Tenuta_Sette_Ponti_Crognolo_Toscana_2022.png,Toscana,Tenuta Sette Ponti,"oak, earth, red fruit, black fruit, non oak, spices, microbio, vegetal, floral, dried fruit, citrus fruit, tree fruit, tropical fruit","Beef, Lamb, Veal, Poultry, Cured Meat","Cabernet Sauvignon, Merlot, Sangiovese, Canaiolo Nero"
Le Ragnaie Brunello di Montalcino 2019,Italy,99.99,4.3,images/Le_Ragnaie_Brunello_di_Montalcino_2019.png,images/bottle_Le_Ragnaie_Brunello_di_Montalcino_2019.png,Brunello di Montalcino,Le Ragnaie,"oak, earth, red fruit, non oak, spices, black fruit, microbio, floral, dried fruit, citrus fruit, vegetal, tree fruit","Beef, Lamb, Game (deer, venison), Poultry",Sangiovese
La Togata Brunello di Montalcino Riserva 1997,Italy,88.1,4.3,images/La_Togata_Brunello_di_Montalcino_Riserva_1997.png,images/bottle_La_Togata_Brunello_di_Montalcino_Riserva_19.png,Brunello di Montalcino,La Togata,"earth, red fruit, oak, non oak, black fruit, spices, microbio, dried fruit, vegetal","Beef, Lamb, Game (deer, venison), Poultry",Sangiovese
Val di Suga Brunello di Montalcino Poggio Al Granchio 2010,Italy,61.08,4.3,images/Val_di_Suga_Brunello_di_Montalcino_Poggio_Al_Granc.png,images/bottle_Val_di_Suga_Brunello_di_Montalcino_Poggio_A.png,Brunello di Montalcino,Val di Suga,"oak, earth, red fruit, non oak, black fruit, spices, dried fruit, floral, vegetal, microbio","Beef, Lamb, Game (deer, venison), Poultry",Sangiovese
Ricasoli Brolio Chianti Classico Riserva 2020,Italy,29,4.1,images/Ricasoli_Brolio_Chianti_Classico_Riserva_2020.png,images/bottle_Ricasoli_Brolio_Chianti_Classico_Riserva_20.png,Chianti Classico,Ricasoli,"oak, earth, red fruit, non oak, black fruit, spices, microbio, vegetal, floral, dried fruit, citrus fruit, tree fruit, tropical fruit","Beef, Pasta, Veal, Cured Meat",Sangiovese
Château de Beaucastel Hommage à Jacques Perrin Châteauneuf-du-Pape 2015,France,375,4.5,images/Chteau_de_Beaucastel_Hommage_Jacques_Perrin_Chteau.png,images/bottle_Chteau_de_Beaucastel_Hommage_Jacques_Perrin.png,Châteauneuf-du-Pape,Château de Beaucastel,"earth, oak, black fruit, spices, non oak, red fruit, microbio, floral, dried fruit, vegetal, tree fruit, citrus fruit, tropical fruit","Lamb, Pork, Poultry","Shiraz/Syrah, Mourvedre, Counoise, Cinsaut, Vaccareze, Muscardin"
Tenuta San Giorgio Ugolforte Brunello di Montalcino 2019,Italy,59.99,4.2,images/Tenuta_San_Giorgio_Ugolforte_Brunello_di_Montalcin.png,images/bottle_Tenuta_San_Giorgio_Ugolforte_Brunello_di_Mo.png,Brunello di Montalcino,Tenuta San Giorgio,"oak, red fruit, earth, non oak, black fruit, spices, microbio, dried fruit, floral, citrus fruit, vegetal, tree fruit, tropical fruit","Beef, Lamb, Game (deer, venison), Poultry",Sangiovese
Castiglion del Bosco Millecento Brunello di Montalcino Riserva 2015,Italy,249.99,4.6,images/Castiglion_del_Bosco_Millecento_Brunello_di_Montal.png,images/bottle_Castiglion_del_Bosco_Millecento_Brunello_di.png,Brunello di Montalcino,Castiglion del Bosco,"oak, red fruit, earth, non oak, black fruit, spices, dried fruit, microbio, vegetal, floral, tree fruit, citrus fruit","Beef, Lamb, Game (deer, venison), Poultry",Sangiovese
Abbatucci Faustine Vieilles Vignes Rouge 2022,France,46.99,4.1,images/Abbatucci_Faustine_Vieilles_Vignes_Rouge_2022.png,images/bottle_Abbatucci_Faustine_Vieilles_Vignes_Rouge_20.png,Ajaccio,Abbatucci,"red fruit, earth, spices, black fruit, oak, non oak, microbio, vegetal, citrus fruit, tree fruit, floral, tropical fruit, dried fruit","Veal, Game (deer, venison), Rich fish (salmon, tuna etc), Lean fish, Mild and soft cheese",
Noelia Ricci Godenza Sangiovese Superiore 2015,Italy,18.8,3.8,images/Noelia_Ricci_Godenza_Sangiovese_Superiore_2015.png,images/bottle_Noelia_Ricci_Godenza_Sangiovese_Superiore_2.png,Romagna,Noelia Ricci,"red fruit, earth, oak, non oak, black fruit, spices, floral, vegetal, microbio, dried fruit, tree fruit, citrus fruit","Beef, Pasta, Lamb, Game (deer, venison)","Nebbiolo, Barbera, Dolcetto"
M. Chapoutier La Combe Pilate 2017,France,25,3.9,images/M_Chapoutier_La_Combe_Pilate_2017.png,images/bottle_M_Chapoutier_La_Combe_Pilate_2017.png,Collines Rhodaniennes,M. Chapoutier,"tree fruit, earth, citrus fruit, microbio, floral, tropical fruit, oak, spices, non oak, vegetal, dried fruit, red fruit, black fruit","Pork, Shellfish, Mature and hard cheese, Poultry, Lean fish, Cured Meat",
Carol Shelton Wild Thing Viognier (Damiano Vineyard) 2023,United States,21.99,3.8,images/Carol_Shelton_Wild_Thing_Viognier_Damiano_Vineyard.png,images/bottle_Carol_Shelton_Wild_Thing_Viognier_Damiano_V.png,Placer County,Carol Shelton,"tree fruit, tropical fruit, citrus fruit, oak, microbio, earth, spices, non oak, vegetal, floral","Pork, Rich fish (salmon, tuna etc), Spicy food, Poultry",Viognier
Riecine Chianti Classico 2022,Italy,29.99,3.9,images/Riecine_Chianti_Classico_2022.png,images/bottle_Riecine_Chianti_Classico_2022.png,Chianti Classico,Riecine,"red fruit, oak, earth, non oak, spices, black fruit, vegetal, microbio, floral, dried fruit, citrus fruit, tree fruit, tropical fruit","Beef, Pasta, Veal, Cured Meat",Sangiovese
Finca Torremilanos Montecastrillo Tinto 2022,Spain,13.99,3.8,images/Finca_Torremilanos_Montecastrillo_Tinto_2022.png,images/bottle_Finca_Torremilanos_Montecastrillo_Tinto_202.png,Ribera del Duero,Finca Torremilanos,"oak, red fruit, black fruit, earth, non oak, spices, microbio, dried fruit, floral, vegetal, tree fruit, citrus fruit, tropical fruit","Beef, Lamb, Game (deer, venison)",Tempranillo
Casanova di Neri Cerretalto Brunello di Montalcino 2016,Italy,399.99,4.7,images/Casanova_di_Neri_Cerretalto_Brunello_di_Montalcino.png,images/bottle_Casanova_di_Neri_Cerretalto_Brunello_di_Mon.png,Brunello di Montalcino,Casanova di Neri,"oak, earth, non oak, black fruit, red fruit, spices, dried fruit, microbio, floral, vegetal, tree fruit, citrus fruit","Beef, Lamb, Game (deer, venison), Poultry",Sangiovese
Château Simone Palette Rouge 2019,France,83.97,4.2,images/Chteau_Simone_Palette_Rouge_2019.png,images/bottle_Chteau_Simone_Palette_Rouge_2019.png,Palette,Château Simone,"earth, oak, red fruit, black fruit, spices, non oak, microbio, floral, citrus fruit, vegetal, tree fruit, dried fruit, tropical fruit","Beef, Lamb, Game (deer, venison), Mushrooms","Shiraz/Syrah, Cabernet Sauvignon, Grenache, Mourvedre, Carignan, Tibouren, Cinsaut"
Château Pradeaux Bandol 2018,France,53.99,4.1,images/Chteau_Pradeaux_Bandol_2018.png,images/bottle_Chteau_Pradeaux_Bandol_2018.png,Bandol,Château Pradeaux,"earth, oak, black fruit, non oak, red fruit, spices, tree fruit, citrus fruit, floral, microbio, vegetal, dried fruit, tropical fruit","Beef, Lamb, Game (deer, venison), Mushrooms","Shiraz/Syrah, Cabernet Sauvignon, Grenache, Mourvedre, Carignan, Tibouren, Cinsaut"
Poggio Il Castellare Brunello di Montalcino 2017,Italy,53.99,4.2,images/Poggio_Il_Castellare_Brunello_di_Montalcino_2017.png,images/bottle_Poggio_Il_Castellare_Brunello_di_Montalcino.png,Brunello di Montalcino,Poggio Il Castellare,"oak, earth, red fruit, non oak, black fruit, spices, vegetal, microbio, dried fruit, floral, citrus fruit, tree fruit","Beef, Lamb, Game (deer, venison), Poultry",Sangiovese
Castello di Meleto Borgaio Chianti Classico Riserva 2017,Italy,21.99,4,images/Castello_di_Meleto_Borgaio_Chianti_Classico_Riserv.jpg,,Chianti Classico,Castello di Meleto,"red fruit, earth, black fruit, oak, spices, non oak, citrus fruit, microbio, dried fruit, floral, vegetal","Beef, Pasta, Veal, Cured Meat",Sangiovese
Banfi Chianti Classico Riserva 2021,Italy,19.99,3.8,images/Banfi_Chianti_Classico_Riserva_2021.png,images/bottle_Banfi_Chianti_Classico_Riserva_2021.png,Chianti Classico,Banfi,"red fruit, oak, earth, non oak, spices, black fruit, vegetal, microbio, floral, dried fruit, citrus fruit, tree fruit, tropical fruit","Beef, Pasta, Veal, Cured Meat",Sangiovese
Biondi-Santi Rosso di Montalcino 2020,Italy,125,4.1,images/Biondi_Santi_Rosso_di_Montalcino_2020.png,images/bottle_Biondi_Santi_Rosso_di_Montalcino_2020.png,Rosso di Montalcino,Biondi-Santi,"red fruit, oak, earth, non oak, spices, black fruit, floral, microbio, vegetal, dried fruit, citrus fruit, tree fruit","Beef, Lamb, Veal, Poultry, Cured Meat","Cabernet Sauvignon, Merlot, Sangiovese, Canaiolo Nero"
Casa Castillo Pie Franco 2016,Spain,90,4.3,images/Casa_Castillo_Pie_Franco_2016.png,images/bottle_Casa_Castillo_Pie_Franco_2016.png,Jumilla,Casa Castillo,"oak, black fruit, earth, non oak, spices, red fruit, dried fruit, microbio, floral, citrus fruit, vegetal, tropical fruit, tree fruit","Beef, Pasta, Lamb, Game (deer, venison)",Mourvedre
Antinori Pian delle Vigne Brunello di Montalcino 1999,Italy,114,4.3,images/Antinori_Pian_delle_Vigne_Brunello_di_Montalcino_1.png,images/bottle_Antinori_Pian_delle_Vigne_Brunello_di_Monta.png,Brunello di Montalcino,Antinori,"oak, earth, red fruit, non oak, black fruit, spices, microbio, dried fruit, floral, vegetal, citrus fruit, tree fruit, tropical fruit","Beef, Lamb, Game (deer, venison), Poultry",Sangiovese
Poggio Scalette Chianti Classico 2018,Italy,19.38,3.6,images/Poggio_Scalette_Chianti_Classico_2018.png,images/bottle_Poggio_Scalette_Chianti_Classico_2018.png,Chianti Classico,Poggio Scalette,"red fruit, oak, earth, non oak, black fruit, spices, vegetal, microbio, floral, dried fruit, citrus fruit, tree fruit, tropical fruit","Beef, Pasta, Veal, Cured Meat",Sangiovese
Poggio Scalette Il Carbonaione Alta Valle della Greve 2018,Italy,69.99,4.2,images/Poggio_Scalette_Il_Carbonaione_Alta_Valle_della_Gr.png,images/bottle_Poggio_Scalette_Il_Carbonaione_Alta_Valle_d.png,Alta Valle della Greve,Poggio Scalette,"oak, black fruit, earth, red fruit, non oak, spices, microbio, floral, dried fruit, vegetal, citrus fruit, tree fruit","Beef, Lamb, Veal, Poultry, Cured Meat","Cabernet Sauvignon, Merlot, Sangiovese, Canaiolo Nero"
Cava Maciel Luneo 2016,Mexico,33.99,3.7,images/Cava_Maciel_Luneo_2016.jpg,,Baja California,Cava Maciel,"red fruit, black fruit, spices, non oak, oak, floral, microbio",,
Castello di Monsanto Vigneto Il Poggio Chianti Classico Gran Selezione 2019,Italy,96.99,4.2,images/Castello_di_Monsanto_Vigneto_Il_Poggio_Chianti_Cla.png,images/bottle_Castello_di_Monsanto_Vigneto_Il_Poggio_Chia.png,Chianti Classico,Castello di Monsanto,"oak, earth, red fruit, non oak, black fruit, spices, vegetal, dried fruit, microbio, floral, citrus fruit, tree fruit","Beef, Pasta, Veal, Cured Meat",Sangiovese
Sierra Cantabria Única Reserva 2018,Spain,36.99,4.1,images/Sierra_Cantabria_nica_Reserva_2018.png,images/bottle_Sierra_Cantabria_nica_Reserva_2018.png,Rioja,Sierra Cantabria,"oak, earth, non oak, black fruit, spices, red fruit, microbio, vegetal, floral, dried fruit, citrus fruit","Beef, Lamb, Veal, Poultry","Tempranillo, Graciano, Garnacha"
Cupano Brunello di Montalcino 2010,Italy,185,4.5,images/Cupano_Brunello_di_Montalcino_2010.png,images/bottle_Cupano_Brunello_di_Montalcino_2010.png,Brunello di Montalcino,Cupano,"oak, earth, red fruit, non oak, spices, black fruit, dried fruit, microbio, floral, citrus fruit, vegetal, tree fruit","Beef, Lamb, Game (deer, venison), Poultry",Sangiovese
Cornelio Dinastía Cornelio Emperador Reserva 2018,Spain,59.99,4,images/Cornelio_Dinasta_Cornelio_Emperador_Reserva_2018.png,images/bottle_Cornelio_Dinasta_Cornelio_Emperador_Reserva.png,Rioja,Cornelio Dinastía,"oak, spices, non oak, black fruit, earth, red fruit","Beef, Lamb, Veal, Poultry","Tempranillo, Graciano, Garnacha"
La Rasina Brunello di Montalcino 2019,Italy,64.99,4.2,images/La_Rasina_Brunello_di_Montalcino_2019.png,images/bottle_La_Rasina_Brunello_di_Montalcino_2019.png,Brunello di Montalcino,La Rasina,"oak, earth, red fruit, black fruit, non oak, spices, microbio, dried fruit, floral, vegetal, tree fruit, citrus fruit","Beef, Lamb, Game (deer, venison), Poultry",Sangiovese
Castello di Ama Chianti Classico 2022,Italy,36.99,3.9,images/Castello_di_Ama_Chianti_Classico_2022.png,images/bottle_Castello_di_Ama_Chianti_Classico_2022.png,Chianti Classico,Castello di Ama,"red fruit, oak, earth, non oak, spices, black fruit, microbio, vegetal, dried fruit, floral, citrus fruit, tree fruit, tropical fruit","Beef, Pasta, Veal, Cured Meat",Sangiovese
Château de Pibarnon Bandol 2021,France,75.99,4.3,images/Chteau_de_Pibarnon_Bandol_2021.png,images/bottle_Chteau_de_Pibarnon_Bandol_2021.png,Bandol,Château de Pibarnon,"earth, oak, black fruit, red fruit, non oak, spices, microbio, floral, citrus fruit, dried fruit, vegetal, tree fruit, tropical fruit","Beef, Lamb, Game (deer, venison), Mushrooms","Shiraz/Syrah, Cabernet Sauvignon, Grenache, Mourvedre, Carignan, Tibouren, Cinsaut"
Demetria Agno 2022,United States,50,4.2,images/Demetria_Agno_2022.jpg,,Santa Ynez Valley,Demetria,"earth, red fruit, oak, spices, non oak, microbio, black fruit, dried fruit, tree fruit, citrus fruit, vegetal",,
La Serena Brunello di Montalcino 2019,Italy,54.99,4.2,images/La_Serena_Brunello_di_Montalcino_2019.png,images/bottle_La_Serena_Brunello_di_Montalcino_2019.png,Brunello di Montalcino,La Serena,"oak, earth, red fruit, non oak, black fruit, spices, microbio, dried fruit, floral, vegetal, citrus fruit, tree fruit","Beef, Lamb, Game (deer, venison), Poultry",Sangiovese
Vallepicciola Chianti Classico 2021,Italy,23.99,3.9,images/Vallepicciola_Chianti_Classico_2021.png,images/bottle_Vallepicciola_Chianti_Classico_2021.png,Chianti Classico,Vallepicciola,"oak, red fruit, black fruit, non oak, spices, earth, microbio, dried fruit, floral, vegetal, tree fruit","Beef, Pasta, Veal, Cured Meat",Sangiovese
Viña Pedrosa Reserva 2017,Spain,49.99,4.3,images/Via_Pedrosa_Reserva_2017.png,images/bottle_Via_Pedrosa_Reserva_2017.png,Ribera del Duero,Viña Pedrosa,"oak, non oak, black fruit, spices, earth, red fruit, microbio, dried fruit, floral, vegetal, citrus fruit, tree fruit, tropical fruit","Beef, Lamb, Game (deer, venison)",Tempranillo
Xavier Gérard Viognier 2022,France,34.99,3.7,images/Xavier_Grard_Viognier_2022.png,images/bottle_Xavier_Grard_Viognier_2022.png,Collines Rhodaniennes,Xavier Gérard,"tree fruit, earth, tropical fruit, citrus fruit, floral, microbio, spices, vegetal, red fruit, oak","Pork, Shellfish, Mature and hard cheese, Poultry, Lean fish, Cured Meat",
Alain Jaume La Butte d'Or Condrieu 2022,France,39.88,4,images/Alain_Jaume_La_Butte_dOr_Condrieu_2022.png,images/bottle_Alain_Jaume_La_Butte_dOr_Condrieu_2022.png,Condrieu,Alain Jaume,"tree fruit, microbio, oak, earth, citrus fruit, tropical fruit, non oak, spices, floral, vegetal","Pork, Rich fish (salmon, tuna etc), Mature and hard cheese, Poultry, Cured Meat",Viognier
Monteraponi Chianti Classico 2013,Italy,83.4,3.6,images/Monteraponi_Chianti_Classico_2013.png,images/bottle_Monteraponi_Chianti_Classico_2013.png,Chianti Classico,Monteraponi,"red fruit, earth, oak, non oak, spices, black fruit, floral, vegetal, microbio, dried fruit, citrus fruit, tree fruit, tropical fruit","Beef, Pasta, Veal, Cured Meat",Sangiovese
Le Boncie Chiesamonti 2021,Italy,83,4.4,images/Le_Boncie_Chiesamonti_2021.png,images/bottle_Le_Boncie_Chiesamonti_2021.png,Toscana,Le Boncie,"red fruit, earth, oak, floral, citrus fruit, spices, vegetal, microbio, non oak","Beef, Lamb, Veal, Poultry, Cured Meat","Cabernet Sauvignon, Merlot, Sangiovese, Canaiolo Nero"
La Fiorita Brunello di Montalcino 2019,Italy,75,4.2,images/La_Fiorita_Brunello_di_Montalcino_2019.png,images/bottle_La_Fiorita_Brunello_di_Montalcino_2019.png,Brunello di Montalcino,La Fiorita,"oak, earth, red fruit, non oak, black fruit, spices, microbio, dried fruit, floral, vegetal, citrus fruit, tree fruit, tropical fruit","Beef, Lamb, Game (deer, venison), Poultry",Sangiovese
Castello di Meleto Chianti Classico Riserva 2020,Italy,33.99,4,images/Castello_di_Meleto_Chianti_Classico_Riserva_2020.png,images/bottle_Castello_di_Meleto_Chianti_Classico_Riserva.png,Chianti Classico,Castello di Meleto,"oak, black fruit, red fruit, earth, spices, non oak, dried fruit, vegetal, microbio, floral","Beef, Pasta, Veal, Cured Meat",Sangiovese
Hermanos Peciña Señorío de P. Peciña Reserva 2016,Spain,31.99,4.1,images/Hermanos_Pecia_Seoro_de_P_Pecia_Reserva_2016.png,images/bottle_Hermanos_Pecia_Seoro_de_P_Pecia_Reserva_201.png,Rioja,Hermanos Peciña,"oak, earth, non oak, red fruit, black fruit, spices, dried fruit, microbio, citrus fruit, vegetal, tree fruit, floral","Beef, Lamb, Veal, Poultry","Tempranillo, Graciano, Garnacha"
Finca Nueva Crianza 2018,Spain,20,3.8,images/Finca_Nueva_Crianza_2018.png,images/bottle_Finca_Nueva_Crianza_2018.png,Rioja,Finca Nueva,"oak, red fruit, black fruit, earth, spices, non oak, microbio, dried fruit, tree fruit, vegetal, tropical fruit, floral","Beef, Lamb, Veal, Poultry","Tempranillo, Graciano, Garnacha"
André Perret Viognier 2022,France,53.99,3.8,images/Andr_Perret_Viognier_2022.png,images/bottle_Andr_Perret_Viognier_2022.png,Collines Rhodaniennes,André Perret,"tree fruit, earth, tropical fruit, oak, spices, floral, microbio, citrus fruit, non oak, vegetal","Pork, Shellfish, Mature and hard cheese, Poultry, Lean fish, Cured Meat",
Belpoggio Brunello di Montalcino 2018,Italy,49.99,4.2,images/Belpoggio_Brunello_di_Montalcino_2018.png,images/bottle_Belpoggio_Brunello_di_Montalcino_2018.png,Brunello di Montalcino,Belpoggio,"oak, earth, red fruit, non oak, spices, black fruit, dried fruit, microbio, vegetal, citrus fruit, floral, tree fruit, tropical fruit","Beef, Lamb, Game (deer, venison), Poultry",Sangiovese
Tenuta di Carleone Uno 2020,Italy,79.99,4.2,images/Tenuta_di_Carleone_Uno_2020.png,images/bottle_Tenuta_di_Carleone_Uno_2020.png,Toscana,Tenuta di Carleone,"red fruit, oak, earth, non oak, black fruit, spices, floral, vegetal, dried fruit, microbio, tree fruit, citrus fruit","Beef, Lamb, Veal, Poultry, Cured Meat","Cabernet Sauvignon, Merlot, Sangiovese, Canaiolo Nero"
Caparzo La Casa Brunello di Montalcino 1997,Italy,295,4.5,images/Caparzo_La_Casa_Brunello_di_Montalcino_1997.png,images/bottle_Caparzo_La_Casa_Brunello_di_Montalcino_1997.png,Brunello di Montalcino,Caparzo,"oak, earth, non oak, red fruit, spices, black fruit, microbio, dried fruit, citrus fruit, floral, vegetal, tree fruit, tropical fruit","Beef, Lamb, Game (deer, venison), Poultry",Sangiovese
Ricasoli Roncicone Chianti Classico Gran Selezione 2017,Italy,99.99,4.3,images/Ricasoli_Roncicone_Chianti_Classico_Gran_Selezione.png,images/bottle_Ricasoli_Roncicone_Chianti_Classico_Gran_Se.png,Chianti Classico,Ricasoli,"earth, oak, red fruit, non oak, spices, black fruit, dried fruit, microbio, citrus fruit, floral, vegetal, tree fruit","Beef, Pasta, Veal, Cured Meat",Sangiovese
Paulo Laureano Ema's Vineyard 2021,Portugal,16.99,3.8,images/Paulo_Laureano_Emas_Vineyard_2021.png,images/bottle_Paulo_Laureano_Emas_Vineyard_2021.png,Alentejo,Paulo Laureano,"earth, oak, black fruit, red fruit, non oak, spices, vegetal, microbio","Beef, Lamb, Veal, Poultry","Aragonez, Castelao, Trincadeira"
Andremily Wines Mourvèdre 2021,United States,150,4.6,images/Andremily_Wines_Mourvdre_2021.png,images/bottle_Andremily_Wines_Mourvdre_2021.png,Santa Barbara County,Andremily Wines,"black fruit, oak, red fruit, spices, earth, non oak, dried fruit, floral, vegetal, microbio, tropical fruit",,
Paradise Springs Viognier 2023,United States,37,3.6,images/Paradise_Springs_Viognier_2023.png,images/bottle_Paradise_Springs_Viognier_2023.png,Virginia,Paradise Springs,"tree fruit, citrus fruit, earth, microbio, floral, tropical fruit, spices, vegetal, oak","Pork, Shellfish, Poultry, Appetizers and snacks, Lean fish",
Il Marroneto Madonna delle Grazie Brunello di Montalcino 2017,Italy,349.99,4.6,images/Il_Marroneto_Madonna_delle_Grazie_Brunello_di_Mont.png,images/bottle_Il_Marroneto_Madonna_delle_Grazie_Brunello_.png,Brunello di Montalcino,Il Marroneto,"oak, earth, red fruit, non oak, black fruit, spices, floral, microbio, vegetal, dried fruit, citrus fruit, tree fruit, tropical fruit","Beef, Lamb, Game (deer, venison), Poultry",Sangiovese
Ficomontanino Bulgarelli 2020,Italy,32,4,images/Ficomontanino_Bulgarelli_2020.png,images/bottle_Ficomontanino_Bulgarelli_2020.png,Toscana,Ficomontanino,"red fruit, earth, oak, vegetal, non oak, black fruit, spices, dried fruit, tropical fruit, tree fruit, microbio","Beef, Lamb, Veal, Poultry, Cured Meat","Cabernet Sauvignon, Merlot, Sangiovese, Canaiolo Nero"
Castellani Chianti Classico Riserva 2019,Italy,18,3.9,images/Castellani_Chianti_Classico_Riserva_2019.png,images/bottle_Castellani_Chianti_Classico_Riserva_2019.png,Chianti Classico,Castellani,"oak, red fruit, earth, spices, non oak, black fruit, microbio, vegetal, floral, dried fruit, citrus fruit, tree fruit, tropical fruit","Beef, Pasta, Veal, Cured Meat",Sangiovese
Becker Vineyards Jolie Rosé 2023,United States,40,3.7,images/Becker_Vineyards_Jolie_Ros_2023.jpg,,Texas,Becker Vineyards,"red fruit, tree fruit, citrus fruit, floral, spices, earth, microbio, non oak, oak","Pork, Rich fish (salmon, tuna etc), Shellfish, Poultry, Appetizers and snacks, Mild and soft cheese",
Baricci Brunello di Montalcino 2017,Italy,112,4.3,images/Baricci_Brunello_di_Montalcino_2017.png,images/bottle_Baricci_Brunello_di_Montalcino_2017.png,Brunello di Montalcino,Baricci,"oak, earth, red fruit, non oak, spices, black fruit, floral, dried fruit, microbio, vegetal, citrus fruit","Beef, Lamb, Game (deer, venison), Poultry",Sangiovese
Tenuta Il Poggione Rosso di Montalcino 2022,Italy,29.99,3.9,images/Tenuta_Il_Poggione_Rosso_di_Montalcino_2022.png,images/bottle_Tenuta_Il_Poggione_Rosso_di_Montalcino_2022.png,Rosso di Montalcino,Tenuta Il Poggione,"red fruit, oak, earth, non oak, spices, black fruit, vegetal, microbio, floral, citrus fruit, dried fruit, tree fruit, tropical fruit","Beef, Lamb, Veal, Poultry, Cured Meat","Cabernet Sauvignon, Merlot, Sangiovese, Canaiolo Nero"
La Gerla Rosso di Montalcino 2020,Italy,59.99,3.9,images/La_Gerla_Rosso_di_Montalcino_2020.png,images/bottle_La_Gerla_Rosso_di_Montalcino_2020.png,Rosso di Montalcino,La Gerla,"red fruit, oak, earth, spices, non oak, black fruit, vegetal, microbio, dried fruit, floral, citrus fruit, tree fruit","Beef, Lamb, Veal, Poultry, Cured Meat","Cabernet Sauvignon, Merlot, Sangiovese, Canaiolo Nero"
Castello di Bossi Gran Selezione Chianti Classico 2019,Italy,29.99,4.1,images/Castello_di_Bossi_Gran_Selezione_Chianti_Classico_.png,images/bottle_Castello_di_Bossi_Gran_Selezione_Chianti_Cl.png,Chianti Classico,Castello di Bossi,"oak, red fruit, earth, non oak, black fruit, spices, microbio, vegetal, floral, dried fruit, citrus fruit","Beef, Pasta, Veal, Cured Meat",Sangiovese
Artadi Viña El Pison 2010,Spain,349.99,4.6,images/Artadi_Via_El_Pison_2010.png,images/bottle_Artadi_Via_El_Pison_2010.png,Vino de España,Artadi,"oak, earth, non oak, black fruit, red fruit, spices, microbio, floral, dried fruit, vegetal, citrus fruit","Beef, Lamb, Veal, Poultry",Tempranillo
Ruffino Tenuta Greppone Mazzi Brunello di Montalcino 2001,Italy,41.11,4.3,images/Ruffino_Tenuta_Greppone_Mazzi_Brunello_di_Montalci.png,images/bottle_Ruffino_Tenuta_Greppone_Mazzi_Brunello_di_M.png,Brunello di Montalcino,Ruffino,"oak, earth, red fruit, non oak, black fruit, spices, dried fruit, microbio, floral, vegetal, citrus fruit, tree fruit","Beef, Lamb, Game (deer, venison), Poultry",Sangiovese
Riebeek Cellars Viognier 2023,South Africa,11.99,3.4,images/Riebeek_Cellars_Viognier_2023.png,images/bottle_Riebeek_Cellars_Viognier_2023.png,Swartland,Riebeek Cellars,"tree fruit, citrus fruit, earth, tropical fruit, microbio, floral, oak, spices, vegetal","Pork, Rich fish (salmon, tuna etc), Spicy food, Poultry",Viognier
Yalumba Y Series Viognier 2022,Australia,16.99,3.6,images/Yalumba_Y_Series_Viognier_2022.png,images/bottle_Yalumba_Y_Series_Viognier_2022.png,South Australia,Yalumba,"tree fruit, citrus fruit, earth, floral, microbio, tropical fruit, oak, spices, vegetal, non oak, dried fruit, red fruit, black fruit","Pork, Rich fish (salmon, tuna etc), Spicy food, Poultry",Viognier
Tricerchi Rosso di Montalcino 2021,Italy,29.99,4,images/Tricerchi_Rosso_di_Montalcino_2021.png,images/bottle_Tricerchi_Rosso_di_Montalcino_2021.png,Rosso di Montalcino,Tricerchi,"red fruit, earth, oak, black fruit, spices, non oak, dried fruit, floral, microbio, vegetal","Beef, Lamb, Veal, Poultry, Cured Meat","Cabernet Sauvignon, Merlot, Sangiovese, Canaiolo Nero"
Renieri Brunello di Montalcino 2019,Italy,79.99,4.3,images/Renieri_Brunello_di_Montalcino_2019.png,images/bottle_Renieri_Brunello_di_Montalcino_2019.png,Brunello di Montalcino,Renieri,"oak, earth, red fruit, non oak, black fruit, spices, microbio, vegetal, floral, dried fruit, citrus fruit, tree fruit, tropical fruit","Beef, Lamb, Game (deer, venison), Poultry",Sangiovese
Casanova di Neri Irrosso 2022,Italy,25.99,3.9,images/Casanova_di_Neri_Irrosso_2022.png,images/bottle_Casanova_di_Neri_Irrosso_2022.png,Toscana,Casanova di Neri,"earth, red fruit, oak, non oak, black fruit, spices, microbio, floral, vegetal, dried fruit, tree fruit, citrus fruit","Beef, Lamb, Veal, Poultry, Cured Meat","Cabernet Sauvignon, Merlot, Sangiovese, Canaiolo Nero"
Sandlands Mataro 2023,United States,69,4.1,images/Sandlands_Mataro_2023.png,images/bottle_Sandlands_Mataro_2023.png,Contra Costa County,Sandlands,"red fruit, black fruit, earth, oak, spices, non oak, floral, vegetal, microbio, tropical fruit, tree fruit, citrus fruit",,
Lisini Rosso di Montalcino 2021,Italy,34.99,4,images/Lisini_Rosso_di_Montalcino_2021.png,images/bottle_Lisini_Rosso_di_Montalcino_2021.png,Rosso di Montalcino,Lisini,"red fruit, oak, earth, non oak, spices, black fruit, floral, microbio, vegetal, dried fruit, tree fruit, citrus fruit","Beef, Lamb, Veal, Poultry, Cured Meat","Cabernet Sauvignon, Merlot, Sangiovese, Canaiolo Nero"
Bibbiano Vigne di Montornello Chianti Classico Gran Selezione 2019,Italy,44.99,4.1,images/Bibbiano_Vigne_di_Montornello_Chianti_Classico_Gra.png,images/bottle_Bibbiano_Vigne_di_Montornello_Chianti_Class.png,Chianti Classico,Bibbiano,"oak, earth, red fruit, non oak, black fruit, spices, microbio, vegetal, dried fruit","Beef, Pasta, Veal, Cured Meat",Sangiovese
Sierra Cantabria Finca el Bosque 2019,Spain,125,4.5,images/Sierra_Cantabria_Finca_el_Bosque_2019.png,images/bottle_Sierra_Cantabria_Finca_el_Bosque_2019.png,Rioja,Sierra Cantabria,"oak, earth, non oak, black fruit, spices, red fruit, microbio, dried fruit, floral, vegetal, citrus fruit","Beef, Lamb, Veal, Poultry","Tempranillo, Graciano, Garnacha"
Il Marroneto Brunello di Montalcino 2019,Italy,149.99,4.4,images/Il_Marroneto_Brunello_di_Montalcino_2019.png,images/bottle_Il_Marroneto_Brunello_di_Montalcino_2019.png,Brunello di Montalcino,Il Marroneto,"oak, earth, red fruit, non oak, spices, black fruit, floral, microbio, dried fruit, citrus fruit, vegetal, tropical fruit, tree fruit","Beef, Lamb, Game (deer, venison), Poultry",Sangiovese
Volpaia Coltassala Chianti Classico Gran Selezione 2017,Italy,89.99,4.1,images/Volpaia_Coltassala_Chianti_Classico_Gran_Selezione.png,images/bottle_Volpaia_Coltassala_Chianti_Classico_Gran_Se.png,Chianti Classico,Volpaia,"oak, red fruit, earth, non oak, spices, black fruit, dried fruit, microbio, floral, vegetal, citrus fruit","Beef, Pasta, Veal, Cured Meat",Sangiovese
Le Ragnaie Rosso di Montalcino 2021,Italy,39.99,4,images/Le_Ragnaie_Rosso_di_Montalcino_2021.png,images/bottle_Le_Ragnaie_Rosso_di_Montalcino_2021.png,Rosso di Montalcino,Le Ragnaie,"earth, red fruit, oak, non oak, spices, black fruit, microbio, vegetal, floral, dried fruit, tree fruit, citrus fruit","Beef, Lamb, Veal, Poultry, Cured Meat","Cabernet Sauvignon, Merlot, Sangiovese, Canaiolo Nero"
Fèlsina Berardenga Chianti Classico Riserva 2020,Italy,39.99,4.1,images/Flsina_Berardenga_Chianti_Classico_Riserva_2020.png,images/bottle_Flsina_Berardenga_Chianti_Classico_Riserva_.png,Chianti Classico,Fèlsina,"oak, earth, red fruit, non oak, black fruit, spices, microbio, vegetal, floral, dried fruit, citrus fruit, tree fruit","Beef, Pasta, Veal, Cured Meat",Sangiovese
Collelceto Brunello di Montalcino 2012,Italy,41.11,4,images/Collelceto_Brunello_di_Montalcino_2012.png,images/bottle_Collelceto_Brunello_di_Montalcino_2012.png,Brunello di Montalcino,Collelceto,"red fruit, earth, oak, non oak, black fruit, spices, microbio, dried fruit, floral, vegetal, citrus fruit, tree fruit","Beef, Lamb, Game (deer, venison), Poultry",Sangiovese
Fonterenza Brunello di Montalcino 2016,Italy,117,4.2,images/Fonterenza_Brunello_di_Montalcino_2016.png,images/bottle_Fonterenza_Brunello_di_Montalcino_2016.png,Brunello di Montalcino,Fonterenza,"oak, earth, red fruit, non oak, black fruit, spices, dried fruit, floral, vegetal, citrus fruit, microbio, tree fruit","Beef, Lamb, Game (deer, venison), Poultry",Sangiovese
Sierra Salinas MO Monastrell 2019,Spain,10.99,3.7,images/Sierra_Salinas_MO_Monastrell_2019.png,images/bottle_Sierra_Salinas_MO_Monastrell_2019.png,Alicante,Sierra Salinas,"oak, black fruit, earth, red fruit, spices, non oak, microbio, dried fruit, floral, vegetal, citrus fruit","Beef, Pasta, Lamb, Game (deer, venison)",Mourvedre
Tenuta di Nozzole Chianti Classico Riserva 2021,Italy,19.99,4.1,images/Tenuta_di_Nozzole_Chianti_Classico_Riserva_2021.png,images/bottle_Tenuta_di_Nozzole_Chianti_Classico_Riserva_.png,Chianti Classico,Tenuta di Nozzole,"red fruit, oak, earth, non oak, black fruit, spices, microbio, vegetal, floral, dried fruit, citrus fruit, tree fruit, tropical fruit","Beef, Pasta, Veal, Cured Meat",Sangiovese
Bluemont The Goat Viognier 2023,United States,35,3.7,images/Bluemont_The_Goat_Viognier_2023.jpg,,Virginia,Bluemont,"tree fruit, oak, earth, microbio, spices, non oak, floral, citrus fruit, tropical fruit, vegetal","Pork, Shellfish, Poultry, Appetizers and snacks, Lean fish",
Corona del Valle Tempranillo 2019,Mexico,31.99,3.8,images/Corona_del_Valle_Tempranillo_2019.jpg,,Valle de Guadalupe,Corona del Valle,"oak, non oak, spices, earth, black fruit, microbio",,
Ledson Knights Valley Sangiovese 2020,United States,42,4,images/Ledson_Knights_Valley_Sangiovese_2020.jpg,,Knights Valley,Ledson,"oak, black fruit, red fruit, earth, non oak, spices","Beef, Veal, Game (deer, venison), Poultry",Sangiovese
Rocim Herdade do Rocim Touriga Nacional 2021,Portugal,19.99,4,images/Rocim_Herdade_do_Rocim_Touriga_Nacional_2021.png,images/bottle_Rocim_Herdade_do_Rocim_Touriga_Nacional_202.png,Alentejo,Rocim,"black fruit, oak, earth, non oak, red fruit, spices, floral, microbio, dried fruit, citrus fruit, vegetal, tree fruit, tropical fruit","Beef, Lamb, Veal, Poultry","Aragonez, Castelao, Trincadeira"
Gros' Noré Bandol Rouge 2020,France,50,4.2,images/Gros_Nor_Bandol_Rouge_2020.png,images/bottle_Gros_Nor_Bandol_Rouge_2020.png,Bandol,Gros' Noré,"earth, black fruit, oak, red fruit, spices, non oak, microbio, floral, dried fruit, tree fruit, vegetal, citrus fruit, tropical fruit","Beef, Lamb, Game (deer, venison), Mushrooms","Shiraz/Syrah, Cabernet Sauvignon, Grenache, Mourvedre, Carignan, Tibouren, Cinsaut"
Lisini Brunello di Montalcino Ugolaia 2004,Italy,125,4.3,images/Lisini_Brunello_di_Montalcino_Ugolaia_2004.png,images/bottle_Lisini_Brunello_di_Montalcino_Ugolaia_2004.png,Brunello di Montalcino,Lisini,"earth, oak, red fruit, non oak, spices, black fruit, microbio, floral, dried fruit, vegetal, citrus fruit, tree fruit, tropical fruit","Beef, Lamb, Game (deer, venison), Poultry",Sangiovese
Bartenura Ovadia Chianti Colli Senesi 2022,Italy,16.99,3.5,images/Bartenura_Ovadia_Chianti_Colli_Senesi_2022.png,images/bottle_Bartenura_Ovadia_Chianti_Colli_Senesi_2022.png,Chianti Colli Senesi,Bartenura,"red fruit, spices, oak, earth, non oak, black fruit, dried fruit","Beef, Veal, Poultry","Sangiovese, Trebbiano, Canaiolo Nero, Malvasia Nera"
Bodega Calle El Olvidado Tempranillo Reserva 2017,Argentina,22.99,3.9,images/Bodega_Calle_El_Olvidado_Tempranillo_Reserva_2017.png,images/bottle_Bodega_Calle_El_Olvidado_Tempranillo_Reserv.png,Mendoza,Bodega Calle,"earth, oak, non oak, red fruit, spices, black fruit, floral, vegetal","Beef, Game (deer, venison), Vegetarian, Poultry, Appetizers and snacks, Cured Meat",Tempranillo
Poggerino Bugialla Chianti Classico Riserva 2019,Italy,54.99,4.1,images/Poggerino_Bugialla_Chianti_Classico_Riserva_2019.png,images/bottle_Poggerino_Bugialla_Chianti_Classico_Riserva.png,Chianti Classico,Poggerino,"oak, earth, red fruit, black fruit, non oak, spices, floral, vegetal, microbio, dried fruit, tree fruit, citrus fruit, tropical fruit","Beef, Pasta, Veal, Cured Meat",Sangiovese
Col di Lamo Brunello di Montalcino 2016,Italy,129.99,4.3,images/Col_di_Lamo_Brunello_di_Montalcino_2016.png,images/bottle_Col_di_Lamo_Brunello_di_Montalcino_2016.png,Brunello di Montalcino,Col di Lamo,"oak, earth, red fruit, non oak, black fruit, spices, microbio, dried fruit, floral, vegetal, citrus fruit","Beef, Lamb, Game (deer, venison), Poultry",Sangiovese
Podere Il Carnasciale Ottantadue 2019,Italy,39.99,3.9,images/Podere_Il_Carnasciale_Ottantadue_2019.png,images/bottle_Podere_Il_Carnasciale_Ottantadue_2019.png,Valdarno di Sopra,Podere Il Carnasciale,"red fruit, spices, earth, oak, black fruit, non oak, dried fruit, vegetal, microbio, citrus fruit, floral, tropical fruit","Beef, Lamb, Veal, Poultry, Cured Meat","Cabernet Sauvignon, Merlot, Sangiovese, Canaiolo Nero"
Salicutti Piaggione Brunello di Montalcino 2016,Italy,119.99,4.5,images/Salicutti_Piaggione_Brunello_di_Montalcino_2016.png,images/bottle_Salicutti_Piaggione_Brunello_di_Montalcino_.png,Brunello di Montalcino,Salicutti,"oak, earth, red fruit, non oak, spices, black fruit, microbio, floral, dried fruit, vegetal, citrus fruit, tree fruit, tropical fruit","Beef, Lamb, Game (deer, venison), Poultry",Sangiovese
Il Palazzone Brunello di Montalcino Riserva 1997,Italy,250,4.4,images/Il_Palazzone_Brunello_di_Montalcino_Riserva_1997.png,images/bottle_Il_Palazzone_Brunello_di_Montalcino_Riserva.png,Brunello di Montalcino,Il Palazzone,"red fruit, oak, earth, microbio, black fruit, dried fruit, spices, non oak","Beef, Lamb, Game (deer, venison), Poultry",Sangiovese
Tenute Silvio Nardi Brunello di Montalcino 2019,Italy,59.99,4.1,images/Tenute_Silvio_Nardi_Brunello_di_Montalcino_2019.png,images/bottle_Tenute_Silvio_Nardi_Brunello_di_Montalcino_.png,Brunello di Montalcino,Tenute Silvio Nardi,"oak, earth, red fruit, non oak, spices, black fruit, microbio, dried fruit, vegetal, floral, citrus fruit, tree fruit","Beef, Lamb, Game (deer, venison), Poultry",Sangiovese
Castello Romitorio Brunello di Montalcino 2019,Italy,74,4.1,images/Castello_Romitorio_Brunello_di_Montalcino_2019.png,images/bottle_Castello_Romitorio_Brunello_di_Montalcino_2.png,Brunello di Montalcino,Castello Romitorio,"oak, earth, red fruit, non oak, spices, black fruit, microbio, floral, dried fruit, vegetal, citrus fruit, tree fruit","Beef, Lamb, Game (deer, venison), Poultry",Sangiovese
Roccapesta Calestaia 2010,Italy,35.24,4.1,images/Roccapesta_Calestaia_2010.png,images/bottle_Roccapesta_Calestaia_2010.png,Morellino di Scansano,Roccapesta,"oak, earth, non oak, spices, black fruit, red fruit, microbio, citrus fruit, floral","Beef, Lamb, Veal, Poultry, Cured Meat","Cabernet Sauvignon, Merlot, Sangiovese, Canaiolo Nero"
Cerbaiona Brunello di Montalcino 2010,Italy,450,4.7,images/Cerbaiona_Brunello_di_Montalcino_2010.png,images/bottle_Cerbaiona_Brunello_di_Montalcino_2010.png,Brunello di Montalcino,Cerbaiona,"earth, oak, red fruit, non oak, spices, black fruit, dried fruit, floral, microbio, vegetal, citrus fruit, tree fruit","Beef, Lamb, Game (deer, venison), Poultry",Sangiovese
Sono Montenidoli Il Garrulo Chianti Colli Senesi 2016,Italy,79.99,3.7,images/Sono_Montenidoli_Il_Garrulo_Chianti_Colli_Senesi_2.png,images/bottle_Sono_Montenidoli_Il_Garrulo_Chianti_Colli_S.png,Chianti Colli Senesi,Sono Montenidoli,"earth, red fruit, oak, non oak, spices, black fruit, microbio, vegetal, floral, dried fruit, citrus fruit, tree fruit, tropical fruit","Beef, Veal, Poultry","Sangiovese, Trebbiano, Canaiolo Nero, Malvasia Nera"
Foxen Foxen 7200 Guillermo Grosso 2019,United States,40,4.2,images/Foxen_Foxen_7200_Guillermo_Grosso_2019.jpg,,Santa Ynez Valley,Foxen,"red fruit, oak, earth, black fruit, spices, non oak, vegetal, floral","Beef, Veal, Game (deer, venison), Poultry",Sangiovese
Colleoni Marieno Brunello di Montalcino Riserva 2017,Italy,214.99,4.4,images/Colleoni_Marieno_Brunello_di_Montalcino_Riserva_20.jpg,,Brunello di Montalcino,Colleoni Marieno,"oak, red fruit, earth, non oak, black fruit, spices, dried fruit, floral","Beef, Lamb, Game (deer, venison), Poultry",Sangiovese
La Bodega de Pinoso Zillamina Red 2022,Spain,13.99,3.6,images/La_Bodega_de_Pinoso_Zillamina_Red_2022.jpg,,Alicante,La Bodega de Pinoso,"red fruit, black fruit, spices, non oak, oak, dried fruit, tree fruit, citrus fruit, vegetal, earth, microbio","Beef, Pasta, Lamb, Game (deer, venison)",Mourvedre
Vincent Cluzel Condrieu 2019,France,50,4.3,images/Vincent_Cluzel_Condrieu_2019.png,images/bottle_Vincent_Cluzel_Condrieu_2019.png,Condrieu,Vincent Cluzel,"microbio, tree fruit, oak, non oak, spices, floral, vegetal, earth, citrus fruit, tropical fruit","Pork, Rich fish (salmon, tuna etc), Mature and hard cheese, Poultry, Cured Meat",Viognier
Barberani Polvento Villa Monticello 2019,Italy,69.99,4.1,images/Barberani_Polvento_Villa_Monticello_2019.png,images/bottle_Barberani_Polvento_Villa_Monticello_2019.png,Lago di Corbara,Barberani,"earth, oak, black fruit, non oak, dried fruit, spices, red fruit","Beef, Pasta, Veal, Poultry","Sangiovese, Montepulciano"
Famiglia Castellani St. Giorgio Toscana 2019,Italy,15.97,4,images/Famiglia_Castellani_St_Giorgio_Toscana_2019.jpg,,Toscana,Famiglia Castellani,"red fruit, black fruit, oak, non oak, spices, earth, microbio, dried fruit","Beef, Lamb, Veal, Poultry, Cured Meat","Cabernet Sauvignon, Merlot, Sangiovese, Canaiolo Nero"
Lorenzo Melani Brunello di Montalcino 2019,Italy,39.98,4.1,images/Lorenzo_Melani_Brunello_di_Montalcino_2019.jpg,,Brunello di Montalcino,Lorenzo Melani,,"Beef, Lamb, Game (deer, venison), Poultry",Sangiovese
Mocali Brunello di Montalcino 2019,Italy,45.99,4.3,images/Mocali_Brunello_di_Montalcino_2019.png,images/bottle_Mocali_Brunello_di_Montalcino_2019.png,Brunello di Montalcino,Mocali,"oak, earth, red fruit, non oak, spices, black fruit, vegetal, floral, dried fruit, microbio, citrus fruit, tree fruit","Beef, Lamb, Game (deer, venison), Poultry",Sangiovese
Quinta do Noval Vintage Port 2016,Portugal,124.99,4.4,images/Quinta_do_Noval_Vintage_Port_2016.png,images/bottle_Quinta_do_Noval_Vintage_Port_2016.png,Porto,Quinta do Noval,"oak, black fruit, non oak, earth, red fruit, dried fruit, spices, microbio, floral, citrus fruit, vegetal, tree fruit","Mature and hard cheese, Blue cheese","Touriga Nacional, Touriga Franca, Tinta Roriz"
Olivares Altos de la Hoya Monastrell 2021,Spain,13.99,3.8,images/Olivares_Altos_de_la_Hoya_Monastrell_2021.png,images/bottle_Olivares_Altos_de_la_Hoya_Monastrell_2021.png,Jumilla,Olivares,"oak, black fruit, earth, non oak, spices, red fruit, dried fruit, microbio, floral, vegetal, citrus fruit, tree fruit, tropical fruit","Beef, Pasta, Lamb, Game (deer, venison)",Mourvedre
Remelluri Coleccion Jaime Rodriguez Granja Nuestra Senora de Remulleri 2006,Spain,79.99,4.4,images/Remelluri_Coleccion_Jaime_Rodriguez_Granja_Nuestra.png,images/bottle_Remelluri_Coleccion_Jaime_Rodriguez_Granja_.png,Rioja,Remelluri,"oak, black fruit, earth, non oak, red fruit, spices, microbio","Beef, Lamb, Veal, Poultry","Tempranillo, Graciano, Garnacha"
Uccelliera Brunello di Montalcino 2019,Italy,79.99,4.2,images/Uccelliera_Brunello_di_Montalcino_2019.png,images/bottle_Uccelliera_Brunello_di_Montalcino_2019.png,Brunello di Montalcino,Uccelliera,"oak, earth, red fruit, non oak, spices, black fruit, microbio, floral, dried fruit, vegetal, citrus fruit, tree fruit, tropical fruit","Beef, Lamb, Game (deer, venison), Poultry",Sangiovese
Tridente Tempranillo 2019,Spain,13.99,4.2,images/Tridente_Tempranillo_2019.png,images/bottle_Tridente_Tempranillo_2019.png,Castilla y León,Tridente,"oak, earth, non oak, black fruit, spices, red fruit, microbio, dried fruit, vegetal, tree fruit, floral, tropical fruit, citrus fruit","Beef, Lamb, Veal, Poultry",Tempranillo
Domaine Georges Vernay Le Pied de Samson Viognier 2020,France,42,4,images/Domaine_Georges_Vernay_Le_Pied_de_Samson_Viognier_.png,images/bottle_Domaine_Georges_Vernay_Le_Pied_de_Samson_Vi.png,Collines Rhodaniennes,Domaine Georges Vernay,"tree fruit, earth, floral, oak, microbio, citrus fruit, non oak, tropical fruit, spices, vegetal, black fruit, red fruit, dried fruit","Pork, Shellfish, Mature and hard cheese, Poultry, Lean fish, Cured Meat",
Partida Creus UL 2021,Spain,43,4.1,images/Partida_Creus_UL_2021.png,images/bottle_Partida_Creus_UL_2021.png,Catalunya,Partida Creus,"earth, black fruit, red fruit, oak, dried fruit, spices, microbio, non oak, tree fruit, vegetal, floral","Beef, Lamb, Veal, Poultry",Tempranillo
Clos Marie L'Olivette Pic Saint Loup 2021,France,32,3.9,images/Clos_Marie_LOlivette_Pic_Saint_Loup_2021.png,images/bottle_Clos_Marie_LOlivette_Pic_Saint_Loup_2021.png,Pic-Saint-Loup,Clos Marie,"red fruit, black fruit, earth, spices, oak, non oak, floral, dried fruit, microbio, vegetal, tree fruit, citrus fruit","Beef, Pasta, Veal","Shiraz/Syrah, Grenache, Mourvedre"
J. G. Benda Rosso di Montalcino 2021,Italy,87.99,4.3,images/J_G_Benda_Rosso_di_Montalcino_2021.jpg,,Rosso di Montalcino,J. G. Benda,,"Beef, Lamb, Veal, Poultry, Cured Meat","Cabernet Sauvignon, Merlot, Sangiovese, Canaiolo Nero"
Parador Tempranillo 2016,United States,45,4,images/Parador_Tempranillo_2016.png,images/bottle_Parador_Tempranillo_2016.png,Napa Valley,Parador,"black fruit, oak, earth, red fruit, non oak, dried fruit, spices, vegetal, microbio, tree fruit, floral, citrus fruit","Beef, Pasta, Vegetarian, Cured Meat",Tempranillo
Tenuta CastelGiocondo Brunello di Montalcino 2020,Italy,69.99,4.2,images/Tenuta_CastelGiocondo_Brunello_di_Montalcino_2020.png,images/bottle_Tenuta_CastelGiocondo_Brunello_di_Montalcin.png,Brunello di Montalcino,Tenuta CastelGiocondo,"oak, earth, red fruit, non oak, black fruit, spices, microbio, dried fruit, floral, vegetal, citrus fruit, tree fruit, tropical fruit","Beef, Lamb, Game (deer, venison), Poultry",Sangiovese
Haak Tempranillo 2019,United States,26.99,3.7,images/Haak_Tempranillo_2019.jpg,,Texas,Haak,"oak, non oak, earth, red fruit, black fruit, spices, dried fruit, microbio","Beef, Pasta, Game (deer, venison), Mature and hard cheese",Tempranillo
Dominio del Águila Gran Reserva Peñas Aladas 2016,Spain,259.99,4.5,images/Dominio_del_guila_Gran_Reserva_Peas_Aladas_2016.png,images/bottle_Dominio_del_guila_Gran_Reserva_Peas_Aladas_.png,Ribera del Duero,Dominio del Águila,"oak, earth, black fruit, non oak, red fruit, spices, floral, microbio, dried fruit, vegetal, tree fruit, citrus fruit","Beef, Lamb, Game (deer, venison)",Tempranillo
Cavas Valmar Tempranillo 2021,Mexico,26.99,3.7,images/Cavas_Valmar_Tempranillo_2021.jpg,,Valle de Guadalupe,Cavas Valmar,"red fruit, oak, black fruit, spices, earth, non oak, citrus fruit",,
Baricci Rosso di Montalcino 2021,Italy,32,4.1,images/Baricci_Rosso_di_Montalcino_2021.png,images/bottle_Baricci_Rosso_di_Montalcino_2021.png,Rosso di Montalcino,Baricci,"red fruit, oak, earth, non oak, spices, black fruit, microbio, floral, vegetal, citrus fruit, dried fruit, tree fruit","Beef, Lamb, Veal, Poultry, Cured Meat","Cabernet Sauvignon, Merlot, Sangiovese, Canaiolo Nero"
Yves Cuilleron Condrieu La Petite Côte 2023,France,56.99,4.2,images/Yves_Cuilleron_Condrieu_La_Petite_Cte_2023.png,images/bottle_Yves_Cuilleron_Condrieu_La_Petite_Cte_2023.png,Condrieu,Yves Cuilleron,"tree fruit, earth, oak, microbio, citrus fruit, floral, non oak, spices, tropical fruit, vegetal, dried fruit, black fruit, red fruit","Pork, Rich fish (salmon, tuna etc), Mature and hard cheese, Poultry, Cured Meat",Viognier
Siro Pacenti Vecchie Vigne Brunello di Montalcino 2017,Italy,139.99,4.4,images/Siro_Pacenti_Vecchie_Vigne_Brunello_di_Montalcino_.png,images/bottle_Siro_Pacenti_Vecchie_Vigne_Brunello_di_Mont.png,Brunello di Montalcino,Siro Pacenti,"oak, earth, red fruit, non oak, black fruit, spices, microbio, floral, dried fruit, vegetal, citrus fruit, tropical fruit, tree fruit","Beef, Lamb, Game (deer, venison), Poultry",Sangiovese
Ridge Vineyards Pato Vineyard Mataro 2003,United States,125,4.1,images/Ridge_Vineyards_Pato_Vineyard_Mataro_2003.png,images/bottle_Ridge_Vineyards_Pato_Vineyard_Mataro_2003.png,Contra Costa County,Ridge Vineyards,"black fruit, oak, spices, non oak, earth, red fruit, floral",,
Gaja Pieve Santa Restituta Rennina Brunello di Montalcino 1997,Italy,294,4.6,images/Gaja_Pieve_Santa_Restituta_Rennina_Brunello_di_Mon.png,images/bottle_Gaja_Pieve_Santa_Restituta_Rennina_Brunello.png,Brunello di Montalcino,Gaja,"oak, earth, red fruit, non oak, black fruit, spices, microbio, floral, dried fruit, vegetal, citrus fruit, tree fruit, tropical fruit","Beef, Lamb, Game (deer, venison), Poultry",Sangiovese
Casanuova delle Cerbaie Brunello di Montalcino 2015,Italy,64.99,4.3,images/Casanuova_delle_Cerbaie_Brunello_di_Montalcino_201.png,images/bottle_Casanuova_delle_Cerbaie_Brunello_di_Montalc.png,Brunello di Montalcino,Casanuova delle Cerbaie,"oak, earth, red fruit, non oak, black fruit, spices, dried fruit, microbio, floral, vegetal, citrus fruit, tree fruit","Beef, Lamb, Game (deer, venison), Poultry",Sangiovese
Tres Buhis Tempranillo 2022,Spain,11.99,3.7,images/Tres_Buhis_Tempranillo_2022.png,images/bottle_Tres_Buhis_Tempranillo_2022.png,Yecla,Tres Buhis,"earth, oak, black fruit, red fruit, non oak, spices, dried fruit, vegetal","Beef, Lamb, Veal, Poultry",Tempranillo
Baron de Ley Varietales Tempranillo Rioja 2021,Spain,12.99,3.9,images/Baron_de_Ley_Varietales_Tempranillo_Rioja_2021.png,images/bottle_Baron_de_Ley_Varietales_Tempranillo_Rioja_2.png,Rioja,Baron de Ley,"oak, earth, red fruit, non oak, spices, black fruit, microbio, dried fruit, tree fruit, floral, vegetal, citrus fruit","Beef, Lamb, Veal, Poultry","Tempranillo, Graciano, Garnacha"
La Lecciaia Manapetra Brunello di Montalcino 2016,Italy,49.99,4.2,images/La_Lecciaia_Manapetra_Brunello_di_Montalcino_2016.png,images/bottle_La_Lecciaia_Manapetra_Brunello_di_Montalcin.png,Brunello di Montalcino,La Lecciaia,"oak, red fruit, earth, non oak, black fruit, spices, dried fruit, floral, microbio, citrus fruit","Beef, Lamb, Game (deer, venison), Poultry",Sangiovese
Quinta da Romaneira Tres Parcelas Touriga Nacional Douro 2020,Portugal,59.99,4.3,images/Quinta_da_Romaneira_Tres_Parcelas_Touriga_Nacional.png,images/bottle_Quinta_da_Romaneira_Tres_Parcelas_Touriga_N.png,Douro,Quinta da Romaneira,"black fruit, spices, non oak, oak","Beef, Pasta, Lamb, Game (deer, venison)","Touriga Nacional, Tinta Roriz, Touriga Francesa"
Barberani Polvento 2019,Italy,72.99,4.1,images/Barberani_Polvento_2019.png,images/bottle_Barberani_Polvento_2019.png,Umbria,Barberani,"red fruit, oak, earth, spices, non oak, black fruit, microbio, dried fruit","Beef, Pasta, Veal, Poultry","Sangiovese, Montepulciano"
Caparsa Chianti Classico 2020,Italy,45,4.1,images/Caparsa_Chianti_Classico_2020.png,images/bottle_Caparsa_Chianti_Classico_2020.png,Chianti Classico,Caparsa,"red fruit, earth, oak, non oak, black fruit, spices, microbio, vegetal, tree fruit, citrus fruit","Beef, Pasta, Veal, Cured Meat",Sangiovese
André Perret Condrieu Chery 2021,France,114.99,4.3,images/Andr_Perret_Condrieu_Chery_2021.png,images/bottle_Andr_Perret_Condrieu_Chery_2021.png,Condrieu,André Perret,"tree fruit, earth, citrus fruit, oak, microbio, tropical fruit, non oak, floral, spices, vegetal, red fruit, black fruit, dried fruit","Pork, Rich fish (salmon, tuna etc), Mature and hard cheese, Poultry, Cured Meat",Viognier
Cline Ancient Vines Mourvèdre 2022,United States,17.99,3.9,images/Cline_Ancient_Vines_Mourvdre_2022.png,images/bottle_Cline_Ancient_Vines_Mourvdre_2022.png,Contra Costa County,Cline,"oak, black fruit, earth, red fruit, non oak, spices, microbio, dried fruit, floral, citrus fruit, vegetal, tree fruit, tropical fruit",,
Jean-Luc Colombo Terroirs du Vent La Violette Viognier 2022,France,19.99,3.8,images/Jean_Luc_Colombo_Terroirs_du_Vent_La_Violette_Viog.png,images/bottle_Jean_Luc_Colombo_Terroirs_du_Vent_La_Violet.png,Languedoc-Roussillon,Jean-Luc Colombo,"tree fruit, earth, citrus fruit, microbio, oak, tropical fruit, floral, non oak, spices, vegetal, black fruit","Pork, Rich fish (salmon, tuna etc), Spicy food, Poultry",Viognier
Parajes del Valle Monastrell 2023,Spain,11.99,3.6,images/Parajes_del_Valle_Monastrell_2023.png,images/bottle_Parajes_del_Valle_Monastrell_2023.png,Jumilla,Parajes del Valle,"red fruit, spices, black fruit, oak, earth, non oak, dried fruit, microbio, vegetal, floral, citrus fruit, tree fruit, tropical fruit","Beef, Pasta, Lamb, Game (deer, venison)",Mourvedre
Pago de Los Capellanes Doroteo Edición Especial 25 Aniversario 2019,Spain,99.99,4.5,images/Pago_de_Los_Capellanes_Doroteo_Edicin_Especial_25_.png,images/bottle_Pago_de_Los_Capellanes_Doroteo_Edicin_Espec.png,Ribera del Duero,Pago de Los Capellanes,"oak, black fruit, earth, non oak, spices, red fruit","Beef, Lamb, Game (deer, venison)",Tempranillo
Demetria Tempranillo 2022,United States,70,4.2,images/Demetria_Tempranillo_2022.jpg,,Santa Ynez Valley,Demetria,"oak, earth, red fruit, black fruit, spices, non oak, dried fruit, floral, vegetal","Beef, Pasta, Vegetarian, Cured Meat",Tempranillo
Castello Romitorio Rosso di Montalcino 2020,Italy,59.99,4,images/Castello_Romitorio_Rosso_di_Montalcino_2020.png,images/bottle_Castello_Romitorio_Rosso_di_Montalcino_2020.png,Rosso di Montalcino,Castello Romitorio,"red fruit, oak, earth, non oak, spices, black fruit, floral, microbio, vegetal, dried fruit, tree fruit, citrus fruit","Beef, Lamb, Veal, Poultry, Cured Meat","Cabernet Sauvignon, Merlot, Sangiovese, Canaiolo Nero"
Loghi Rosso 2021,Italy,19.99,3.6,images/Loghi_Rosso_2021.jpg,,Toscana,Loghi,"red fruit, oak, spices, earth, microbio, non oak","Beef, Lamb, Veal, Poultry, Cured Meat","Cabernet Sauvignon, Merlot, Sangiovese, Canaiolo Nero"
Marques de Tomares Rioja Gran Reserva 2016,Spain,44.99,4.2,images/Marques_de_Tomares_Rioja_Gran_Reserva_2016.png,images/bottle_Marques_de_Tomares_Rioja_Gran_Reserva_2016.png,Rioja,Marques de Tomares,"oak, non oak, earth, spices, red fruit, black fruit, floral, vegetal, dried fruit, tree fruit, citrus fruit, microbio","Beef, Lamb, Veal, Poultry","Tempranillo, Graciano, Garnacha"
Chrysalis Vineyards Viognier 2023,United States,32,3.5,images/Chrysalis_Vineyards_Viognier_2023.png,images/bottle_Chrysalis_Vineyards_Viognier_2023.png,Virginia,Chrysalis Vineyards,"tropical fruit, tree fruit, oak, microbio, citrus fruit, earth, floral, spices, vegetal, non oak","Pork, Shellfish, Poultry, Appetizers and snacks, Lean fish",
Le Chiuse Rosso di Montalcino 2022,Italy,45.99,4,images/Le_Chiuse_Rosso_di_Montalcino_2022.png,images/bottle_Le_Chiuse_Rosso_di_Montalcino_2022.png,Rosso di Montalcino,Le Chiuse,"red fruit, oak, earth, non oak, spices, black fruit, microbio, floral, vegetal, dried fruit, tree fruit, citrus fruit","Beef, Lamb, Veal, Poultry, Cured Meat","Cabernet Sauvignon, Merlot, Sangiovese, Canaiolo Nero"
Arceno Chianti Classico 2010,Italy,17.13,3.6,images/Arceno_Chianti_Classico_2010.png,images/bottle_Arceno_Chianti_Classico_2010.png,Chianti Classico,Arceno,"red fruit, earth, oak, black fruit, non oak, spices, microbio, vegetal, floral, dried fruit, citrus fruit, tree fruit","Beef, Pasta, Veal, Cured Meat",Sangiovese
Castello di Monsanto Fabrizio Bianchi Sangioveto Grosso Toscana 2010,Italy,58.73,4.1,images/Castello_di_Monsanto_Fabrizio_Bianchi_Sangioveto_G.png,images/bottle_Castello_di_Monsanto_Fabrizio_Bianchi_Sangi.png,Toscana,Castello di Monsanto,"oak, earth, red fruit, non oak, black fruit, spices, vegetal, microbio, citrus fruit, floral","Beef, Lamb, Veal, Poultry, Cured Meat","Cabernet Sauvignon, Merlot, Sangiovese, Canaiolo Nero"
Azienda Agricola La Torre Brunello di Montalcino 2019,Italy,79.99,4.3,images/Azienda_Agricola_La_Torre_Brunello_di_Montalcino_2.png,images/bottle_Azienda_Agricola_La_Torre_Brunello_di_Monta.png,Brunello di Montalcino,Azienda Agricola La Torre,"red fruit, earth, oak, non oak, spices, black fruit, microbio, dried fruit, floral, vegetal, citrus fruit, tree fruit, tropical fruit","Beef, Lamb, Game (deer, venison), Poultry",Sangiovese
Casanuova delle Cerbaie Riserva Brunello di Montalcino 1997,Italy,93.98,4.3,images/Casanuova_delle_Cerbaie_Riserva_Brunello_di_Montal.png,images/bottle_Casanuova_delle_Cerbaie_Riserva_Brunello_di.png,Brunello di Montalcino,Casanuova delle Cerbaie,"red fruit, earth, oak, black fruit, dried fruit, spices, non oak","Beef, Lamb, Game (deer, venison), Poultry",Sangiovese
Cline North Coast Viognier 2023,United States,13.99,3.9,images/Cline_North_Coast_Viognier_2023.png,images/bottle_Cline_North_Coast_Viognier_2023.png,North Coast,Cline,"tree fruit, tropical fruit, citrus fruit, earth, microbio, oak, floral, non oak, spices, vegetal, red fruit, dried fruit, black fruit","Pork, Rich fish (salmon, tuna etc), Spicy food, Poultry",Viognier
Five Star Cellars Sangiovese 2018,United States,40,4.1,images/Five_Star_Cellars_Sangiovese_2018.png,images/bottle_Five_Star_Cellars_Sangiovese_2018.png,Walla Walla Valley,Five Star Cellars,"oak, black fruit, spices, non oak, red fruit, earth, vegetal, microbio, dried fruit, citrus fruit, floral",,
Vino de la Reina Sangiovese 2015,Mexico,23.99,3.7,images/Vino_de_la_Reina_Sangiovese_2015.jpg,,Baja California,Vino de la Reina,"black fruit, red fruit, oak, non oak, earth, spices, vegetal, microbio, dried fruit, citrus fruit",,
Fontodi Filetta di Lamole Chianti Classico 2021,Italy,53.99,3.9,images/Fontodi_Filetta_di_Lamole_Chianti_Classico_2021.png,images/bottle_Fontodi_Filetta_di_Lamole_Chianti_Classico_.png,Chianti Classico,Fontodi,"red fruit, earth, oak, spices, non oak, black fruit, floral, microbio, vegetal, dried fruit, citrus fruit","Beef, Pasta, Veal, Cured Meat",Sangiovese
Gaja Pieve Santa Restituta Sugarille Brunello di Montalcino 1997,Italy,259,4.5,images/Gaja_Pieve_Santa_Restituta_Sugarille_Brunello_di_M.png,images/bottle_Gaja_Pieve_Santa_Restituta_Sugarille_Brunel.png,Brunello di Montalcino,Gaja,"oak, earth, red fruit, non oak, black fruit, spices, dried fruit, microbio, floral, citrus fruit, vegetal, tree fruit","Beef, Lamb, Game (deer, venison), Poultry",Sangiovese
Canalicchio di Sopra Vigna Montosoli Brunello di Montalcino 2020,Italy,238,4.4,images/Canalicchio_di_Sopra_Vigna_Montosoli_Brunello_di_M.jpg,,Brunello di Montalcino,Canalicchio di Sopra,"black fruit, red fruit, spices, floral, earth, non oak, oak","Beef, Lamb, Game (deer, venison), Poultry",Sangiovese
La Serena Gemini Brunello di Montalcino Riserva 2013,Italy,80,4.3,images/La_Serena_Gemini_Brunello_di_Montalcino_Riserva_20.png,images/bottle_La_Serena_Gemini_Brunello_di_Montalcino_Ris.png,Brunello di Montalcino,La Serena,"oak, earth, red fruit, black fruit, non oak, spices, microbio, floral, citrus fruit, dried fruit, vegetal, tropical fruit","Beef, Lamb, Game (deer, venison), Poultry",Sangiovese
Artadi El Carretil 2016,Spain,225,4.4,images/Artadi_El_Carretil_2016.png,images/bottle_Artadi_El_Carretil_2016.png,Vino de España,Artadi,"oak, black fruit, earth, non oak, spices, red fruit, microbio, dried fruit, floral","Beef, Lamb, Veal, Poultry",Tempranillo
Banfi Belnero (Proprietor's Reserve) 2022,Italy,21.99,3.9,images/Banfi_Belnero_Proprietors_Reserve_2022.png,images/bottle_Banfi_Belnero_Proprietors_Reserve_2022.png,Toscana,Banfi,"oak, red fruit, non oak, earth, spices, black fruit, dried fruit, microbio, floral, vegetal, citrus fruit, tree fruit","Beef, Lamb, Veal, Poultry, Cured Meat","Cabernet Sauvignon, Merlot, Sangiovese, Canaiolo Nero"
Sassetti Livio Brunello di Montalcino 2019,Italy,89.99,4.2,images/Sassetti_Livio_Brunello_di_Montalcino_2019.png,images/bottle_Sassetti_Livio_Brunello_di_Montalcino_2019.png,Brunello di Montalcino,Sassetti Livio,"earth, oak, red fruit, non oak, black fruit, spices, microbio, dried fruit, floral, vegetal, citrus fruit, tree fruit","Beef, Lamb, Game (deer, venison), Poultry",Sangiovese
Paoloni Sangiovese Grosso 2020,Mexico,26.99,4.2,images/Paoloni_Sangiovese_Grosso_2020.jpg,,Valle de Guadalupe,Paoloni,"red fruit, oak, spices, earth, non oak, black fruit, floral, tree fruit, vegetal, citrus fruit, microbio",,
Stella di Campalto Brunello di Montalcino Riserva 2013,Italy,895,4.6,images/Stella_di_Campalto_Brunello_di_Montalcino_Riserva_.png,images/bottle_Stella_di_Campalto_Brunello_di_Montalcino_R.png,Brunello di Montalcino,Stella di Campalto,"earth, oak, red fruit, non oak, spices, black fruit, microbio, vegetal, floral, citrus fruit, dried fruit, tropical fruit, tree fruit","Beef, Lamb, Game (deer, venison), Poultry",Sangiovese
Demetria Viognier 2023,United States,45,4.1,images/Demetria_Viognier_2023.jpg,,Santa Ynez Valley,Demetria,"citrus fruit, tree fruit, earth, microbio, floral, tropical fruit, vegetal, oak","Pork, Rich fish (salmon, tuna etc), Spicy food, Poultry",Viognier
Tenuta di Carleone Il Guercio 2022,Italy,74.99,4.3,images/Tenuta_di_Carleone_Il_Guercio_2022.png,images/bottle_Tenuta_di_Carleone_Il_Guercio_2022.png,Toscana,Tenuta di Carleone,"red fruit, oak, earth, black fruit, spices, non oak, floral, vegetal, microbio, dried fruit, citrus fruit, tree fruit","Beef, Lamb, Veal, Poultry, Cured Meat","Cabernet Sauvignon, Merlot, Sangiovese, Canaiolo Nero"
Lornano Chianti Classico 2021,Italy,15.99,3.8,images/Lornano_Chianti_Classico_2021.png,images/bottle_Lornano_Chianti_Classico_2021.png,Chianti Classico,Lornano,"oak, red fruit, earth, non oak, black fruit, spices, vegetal, microbio, dried fruit, floral, citrus fruit, tree fruit","Beef, Pasta, Veal, Cured Meat",Sangiovese
Flanagan Viognier 2023,United States,70,4.3,images/Flanagan_Viognier_2023.png,images/bottle_Flanagan_Viognier_2023.png,Bennett Valley,Flanagan,"tree fruit, citrus fruit, earth, oak, floral, spices, vegetal, tropical fruit, microbio, non oak","Pork, Rich fish (salmon, tuna etc), Spicy food, Poultry",Viognier
Where’s Linus? Orange 2023,United States,18.99,3.7,images/Wheres_Linus_Orange_2023.png,images/bottle_Wheres_Linus_Orange_2023.png,Lake County,Where’s Linus?,citrus fruit,"Pork, Rich fish (salmon, tuna etc), Spicy food, Poultry",Viognier
Orben Malpuesto 2020,Spain,65.99,4.2,images/Orben_Malpuesto_2020.png,images/bottle_Orben_Malpuesto_2020.png,Rioja,Orben,"oak, black fruit, non oak, spices, earth, red fruit, microbio, dried fruit, floral, vegetal","Beef, Lamb, Veal, Poultry","Tempranillo, Graciano, Garnacha"
Ordóñez Vatan Arena Tinta de Toro 2015,Spain,799.99,4.7,images/Ordez_Vatan_Arena_Tinta_de_Toro_2015.png,images/bottle_Ordez_Vatan_Arena_Tinta_de_Toro_2015.png,Toro,Ordóñez,"oak, spices, non oak, black fruit, earth, dried fruit, red fruit, floral, microbio","Beef, Lamb, Game (deer, venison)",Tempranillo
Penner-Ash Viognier 2016,United States,33.99,3.9,images/Penner_Ash_Viognier_2016.png,images/bottle_Penner_Ash_Viognier_2016.png,Oregon,Penner-Ash,"tree fruit, citrus fruit, earth, tropical fruit, floral, microbio, oak, spices, vegetal, non oak, dried fruit, black fruit, red fruit","Rich fish (salmon, tuna etc), Shellfish, Vegetarian, Poultry, Lean fish, Mild and soft cheese",Viognier
Potomac Point Richland Reserve Viognier 2022,United States,30,3.7,images/Potomac_Point_Richland_Reserve_Viognier_2022.jpg,,Virginia,Potomac Point,"tropical fruit, tree fruit, microbio, earth, citrus fruit, spices, oak, floral, vegetal, non oak","Pork, Shellfish, Poultry, Appetizers and snacks, Lean fish",
Fanti Vallocchio Brunello di Montalcino 2019,Italy,74.99,4.1,images/Fanti_Vallocchio_Brunello_di_Montalcino_2019.png,images/bottle_Fanti_Vallocchio_Brunello_di_Montalcino_201.png,Brunello di Montalcino,Fanti,"oak, earth, red fruit, non oak, black fruit, spices, citrus fruit, floral, microbio, dried fruit, vegetal, tree fruit","Beef, Lamb, Game (deer, venison), Poultry",Sangiovese
Rôtie Mourvèdre Rosé 2024,United States,22,4.1,images/Rtie_Mourvdre_Ros_2024.jpg,,Washington,Rôtie,"citrus fruit, tree fruit, red fruit, earth, microbio, tropical fruit, vegetal, non oak, oak","Shellfish, Spicy food, Mature and hard cheese, Appetizers and snacks, Lean fish, Cured Meat",
Biondi-Santi Brunello di Montalcino Riserva 2016,Italy,850,4.6,images/Biondi_Santi_Brunello_di_Montalcino_Riserva_2016.png,images/bottle_Biondi_Santi_Brunello_di_Montalcino_Riserva.png,Brunello di Montalcino,Biondi-Santi,"earth, oak, red fruit, non oak, spices, black fruit, microbio, citrus fruit, floral, dried fruit, vegetal, tree fruit","Beef, Lamb, Game (deer, venison), Poultry",Sangiovese
Fèlsina Colonia Chianti Classico Gran Selezione 2018,Italy,99.99,4.3,images/Flsina_Colonia_Chianti_Classico_Gran_Selezione_201.png,images/bottle_Flsina_Colonia_Chianti_Classico_Gran_Selezi.png,Chianti Classico,Fèlsina,"earth, red fruit, oak, non oak, spices, black fruit, microbio, dried fruit, vegetal, floral, citrus fruit","Beef, Pasta, Veal, Cured Meat",Sangiovese
Cuentaviñas Ribera del Duero Tinto Fino 2020,Spain,59.99,4.3,images/Cuentavias_Ribera_del_Duero_Tinto_Fino_2020.png,images/bottle_Cuentavias_Ribera_del_Duero_Tinto_Fino_2020.png,Ribera del Duero,Cuentaviñas,"black fruit, non oak, oak, red fruit, spices, earth","Beef, Lamb, Game (deer, venison)",Tempranillo
l'Octavin Ivre de Vivre 2021,France,54.99,4.3,images/lOctavin_Ivre_de_Vivre_2021.png,images/bottle_lOctavin_Ivre_de_Vivre_2021.png,Vin de France,l'Octavin,"citrus fruit, tropical fruit, tree fruit, earth, spices, floral, red fruit, oak, black fruit, microbio, non oak",,
Eleven Sugarloaf Vineyard Viognier 2024,United States,32,3.7,images/Eleven_Sugarloaf_Vineyard_Viognier_2024.jpg,,Yakima Valley,Eleven,"tropical fruit, floral, tree fruit, citrus fruit, earth, microbio, black fruit, vegetal",,
Monterinaldi Chianti Classico Vigneto Boscone 2018,Italy,76.99,4.2,images/Monterinaldi_Chianti_Classico_Vigneto_Boscone_2018.jpg,,Chianti Classico,Monterinaldi,"black fruit, red fruit, earth, oak, non oak, spices, vegetal, microbio, dried fruit, citrus fruit, floral","Beef, Pasta, Veal, Cured Meat",Sangiovese
Velenosi Roggio del Filare Rosso Piceno Superiore 2020,Italy,69.99,4.1,images/Velenosi_Roggio_del_Filare_Rosso_Piceno_Superiore_.png,images/bottle_Velenosi_Roggio_del_Filare_Rosso_Piceno_Sup.png,Rosso Piceno,Velenosi,"oak, black fruit, red fruit, earth, non oak, spices, dried fruit, microbio, floral, vegetal, citrus fruit","Beef, Pasta, Veal, Poultry","Sangiovese, Montepulciano"
Preston Farm & Winery Mourvedre 2023,United States,42,4,images/Preston_Farm_Winery_Mourvedre_2023.jpg,,Dry Creek Valley,Preston Farm & Winery,"earth, black fruit, oak, red fruit, spices, non oak, dried fruit",,
Piancornello Brunello di Montalcino 2019,Italy,49.99,4.2,images/Piancornello_Brunello_di_Montalcino_2019.png,images/bottle_Piancornello_Brunello_di_Montalcino_2019.png,Brunello di Montalcino,Piancornello,"oak, earth, red fruit, non oak, spices, black fruit, microbio, dried fruit, vegetal, citrus fruit, floral, tree fruit, tropical fruit","Beef, Lamb, Game (deer, venison), Poultry",Sangiovese
Fico Sangiovese 2020,Italy,155,4.4,images/Fico_Sangiovese_2020.png,images/bottle_Fico_Sangiovese_2020.png,Toscana,Fico,microbio,"Beef, Lamb, Veal, Poultry, Cured Meat","Cabernet Sauvignon, Merlot, Sangiovese, Canaiolo Nero"
Santo Tomás Blanca México Viognier 2023,Mexico,23.99,3.8,images/Santo_Toms_Blanca_Mxico_Viognier_2023.jpg,,Baja California,Santo Tomás,"black fruit, tropical fruit, tree fruit, citrus fruit, floral, earth, oak",,
Castello di Radda Chianti Classico 2022,Italy,24.99,3.9,images/Castello_di_Radda_Chianti_Classico_2022.png,images/bottle_Castello_di_Radda_Chianti_Classico_2022.png,Chianti Classico,Castello di Radda,"red fruit, oak, black fruit, spices, earth, non oak, microbio, floral, vegetal, dried fruit","Beef, Pasta, Veal, Cured Meat",Sangiovese
Gagliole Chianti Classico Riserva 2019,Italy,32,4.1,images/Gagliole_Chianti_Classico_Riserva_2019.png,images/bottle_Gagliole_Chianti_Classico_Riserva_2019.png,Chianti Classico,Gagliole,"black fruit, red fruit, earth, oak, spices, non oak, dried fruit, floral, vegetal, microbio","Beef, Pasta, Veal, Cured Meat",Sangiovese
B Cellars Stagecoach Vineyard Sangiovese 2023,United States,105,4.4,images/B_Cellars_Stagecoach_Vineyard_Sangiovese_2023.jpg,,Napa Valley,B Cellars,"earth, black fruit, red fruit, non oak, oak, spices, dried fruit, tree fruit, microbio","Beef, Veal, Game (deer, venison), Poultry",Sangiovese
Valdicava Rosso di Montalcino 2022,Italy,57.99,4.1,images/Valdicava_Rosso_di_Montalcino_2022.png,images/bottle_Valdicava_Rosso_di_Montalcino_2022.png,Rosso di Montalcino,Valdicava,"red fruit, earth, oak, non oak, spices, black fruit, vegetal, microbio, floral, dried fruit, citrus fruit, tree fruit, tropical fruit","Beef, Lamb, Veal, Poultry, Cured Meat","Cabernet Sauvignon, Merlot, Sangiovese, Canaiolo Nero"
Sesta di Sopra Rosso di Montalcino 2019,Italy,37.99,4,images/Sesta_di_Sopra_Rosso_di_Montalcino_2019.png,images/bottle_Sesta_di_Sopra_Rosso_di_Montalcino_2019.png,Rosso di Montalcino,Sesta di Sopra,"red fruit, oak, earth, spices, non oak, black fruit, microbio, dried fruit, floral, vegetal, citrus fruit","Beef, Lamb, Veal, Poultry, Cured Meat","Cabernet Sauvignon, Merlot, Sangiovese, Canaiolo Nero"
Evidência Reserva Touriga Nacional 2021,Portugal,19.99,4,images/Evidncia_Reserva_Touriga_Nacional_2021.png,images/bottle_Evidncia_Reserva_Touriga_Nacional_2021.png,Dão,Evidência,"oak, black fruit, non oak, spices, red fruit, earth, floral, dried fruit, microbio, citrus fruit, vegetal","Beef, Lamb, Game (deer, venison), Poultry",Touriga Nacional
Villa Puccini Chianti Riserva 2021,Italy,14.99,3.6,images/Villa_Puccini_Chianti_Riserva_2021.png,images/bottle_Villa_Puccini_Chianti_Riserva_2021.png,Chianti,Villa Puccini,"oak, red fruit, earth, non oak, black fruit, spices, microbio, floral, dried fruit, citrus fruit, vegetal, tree fruit, tropical fruit","Beef, Veal, Poultry","Sangiovese, Trebbiano, Canaiolo Nero, Malvasia Nera"
Sesti Phenomena Brunello di Montalcino Riserva 2015,Italy,159.99,4.5,images/Sesti_Phenomena_Brunello_di_Montalcino_Riserva_201.png,images/bottle_Sesti_Phenomena_Brunello_di_Montalcino_Rise.png,Brunello di Montalcino,Sesti,"oak, earth, red fruit, non oak, black fruit, spices, microbio, citrus fruit, floral, dried fruit, vegetal, tree fruit, tropical fruit","Beef, Lamb, Game (deer, venison), Poultry",Sangiovese
Buon Tempo Brunello di Montalcino 2019,Italy,68.99,4.2,images/Buon_Tempo_Brunello_di_Montalcino_2019.png,images/bottle_Buon_Tempo_Brunello_di_Montalcino_2019.png,Brunello di Montalcino,Buon Tempo,"oak, earth, red fruit, non oak, spices, black fruit, microbio, dried fruit, vegetal, floral, citrus fruit, tree fruit","Beef, Lamb, Game (deer, venison), Poultry",Sangiovese
Fonterenza Rosso di Montalcino 2020,Italy,53,4,images/Fonterenza_Rosso_di_Montalcino_2020.png,images/bottle_Fonterenza_Rosso_di_Montalcino_2020.png,Rosso di Montalcino,Fonterenza,"red fruit, earth, oak, non oak, spices, black fruit, microbio, dried fruit, vegetal, citrus fruit, tree fruit, floral","Beef, Lamb, Veal, Poultry, Cured Meat","Cabernet Sauvignon, Merlot, Sangiovese, Canaiolo Nero"
Torrebruna Sangiovese Toscana 2020,Italy,10.79,4.1,images/Torrebruna_Sangiovese_Toscana_2020.png,images/bottle_Torrebruna_Sangiovese_Toscana_2020.png,Toscana,Torrebruna,"red fruit, oak, earth, non oak, black fruit, spices, vegetal, microbio, dried fruit, floral, tree fruit, citrus fruit, tropical fruit","Beef, Lamb, Veal, Poultry, Cured Meat","Cabernet Sauvignon, Merlot, Sangiovese, Canaiolo Nero"
Tenuta di Ghizzano Il Ghizzano 2017,Italy,35.99,3.8,images/Tenuta_di_Ghizzano_Il_Ghizzano_2017.png,images/bottle_Tenuta_di_Ghizzano_Il_Ghizzano_2017.png,Costa Toscana,Tenuta di Ghizzano,"red fruit, earth, oak, black fruit, non oak, spices, vegetal, microbio, floral, citrus fruit, dried fruit, tree fruit","Beef, Lamb, Veal, Poultry, Cured Meat","Cabernet Sauvignon, Merlot, Sangiovese, Canaiolo Nero"
Casanova di Neri Giovanni Neri Brunello di Montalcino 2019,Italy,289.99,4.5,images/Casanova_di_Neri_Giovanni_Neri_Brunello_di_Montalc.png,images/bottle_Casanova_di_Neri_Giovanni_Neri_Brunello_di_.png,Brunello di Montalcino,Casanova di Neri,"red fruit, black fruit, oak, citrus fruit, earth, non oak, spices, microbio","Beef, Lamb, Game (deer, venison), Poultry",Sangiovese
Darioush Viognier (Signature) 2023,United States,65,4.3,images/Darioush_Viognier_Signature_2023.png,images/bottle_Darioush_Viognier_Signature_2023.png,Napa Valley,Darioush,"tree fruit, earth, oak, microbio, citrus fruit, tropical fruit, floral, non oak, spices, vegetal, red fruit, black fruit, dried fruit","Pork, Rich fish (salmon, tuna etc), Spicy food, Poultry",Viognier
Camigliano Brunello di Montalcino 2020,Italy,49.99,4.1,images/Camigliano_Brunello_di_Montalcino_2020.png,images/bottle_Camigliano_Brunello_di_Montalcino_2020.png,Brunello di Montalcino,Camigliano,"red fruit, oak, earth, non oak, black fruit, spices, microbio, dried fruit, floral, vegetal, citrus fruit, tree fruit, tropical fruit","Beef, Lamb, Game (deer, venison), Poultry",Sangiovese
Tenuta Sette Ponti Vigna dell Impero Toscana 2018,Italy,89.99,4.3,images/Tenuta_Sette_Ponti_Vigna_dell_Impero_Toscana_2018.png,images/bottle_Tenuta_Sette_Ponti_Vigna_dell_Impero_Toscan.png,Toscana,Tenuta Sette Ponti,"oak, red fruit, earth, non oak, black fruit, spices, dried fruit, citrus fruit, floral, vegetal","Beef, Lamb, Veal, Poultry, Cured Meat","Cabernet Sauvignon, Merlot, Sangiovese, Canaiolo Nero"
Ricasoli CeniPrimo Gran Selezione Chianti Classico 2021,Italy,89.99,4.1,images/Ricasoli_CeniPrimo_Gran_Selezione_Chianti_Classico.png,images/bottle_Ricasoli_CeniPrimo_Gran_Selezione_Chianti_C.png,Chianti Classico,Ricasoli,"oak, red fruit, earth, non oak, black fruit, spices, citrus fruit, microbio, dried fruit, floral, vegetal, tree fruit","Beef, Pasta, Veal, Cured Meat",Sangiovese
Leprata Massimo Brunello di Montalcino Riserva 2013,Italy,149.5,4.4,images/Leprata_Massimo_Brunello_di_Montalcino_Riserva_201.png,images/bottle_Leprata_Massimo_Brunello_di_Montalcino_Rise.png,Brunello di Montalcino,Leprata,"earth, oak, black fruit, red fruit, non oak, tree fruit, spices, microbio","Beef, Lamb, Game (deer, venison), Poultry",Sangiovese
Fabrizio Pratesi Locorosso 2019,Italy,16,3.8,images/Fabrizio_Pratesi_Locorosso_2019.png,images/bottle_Fabrizio_Pratesi_Locorosso_2019.png,Toscana,Fabrizio Pratesi,"oak, earth, red fruit, non oak, spices, black fruit, microbio, dried fruit, floral, vegetal","Beef, Lamb, Veal, Poultry, Cured Meat","Cabernet Sauvignon, Merlot, Sangiovese, Canaiolo Nero"
Vena Cava Tempranillo 2018,Mexico,36.99,3.7,images/Vena_Cava_Tempranillo_2018.png,images/bottle_Vena_Cava_Tempranillo_2018.png,Valle de Guadalupe,Vena Cava,"oak, red fruit, spices, non oak, earth, black fruit, dried fruit, tropical fruit, vegetal, microbio, floral",,
Fattoria Cigliano di Sopra Chianti Classico 2022,Italy,50,4,images/Fattoria_Cigliano_di_Sopra_Chianti_Classico_2022.png,images/bottle_Fattoria_Cigliano_di_Sopra_Chianti_Classico.png,Chianti Classico,Fattoria Cigliano di Sopra,"red fruit, earth, oak, spices, non oak, black fruit, floral, vegetal, microbio","Beef, Pasta, Veal, Cured Meat",Sangiovese
Imperial Rioja Gran Reserva 1975,Spain,375,4.5,images/Imperial_Rioja_Gran_Reserva_1975.png,images/bottle_Imperial_Rioja_Gran_Reserva_1975.png,Rioja,Imperial,"oak, non oak, earth, black fruit, spices, red fruit, microbio, dried fruit, floral, vegetal, citrus fruit, tree fruit, tropical fruit","Beef, Lamb, Veal, Poultry","Tempranillo, Graciano, Garnacha"
El Jefe [Grande] Tempranillo 2023,Spain,11.99,3.9,images/El_Jefe_Grande_Tempranillo_2023.png,images/bottle_El_Jefe_Grande_Tempranillo_2023.png,Castilla y León,El Jefe [Grande],"red fruit, black fruit, oak, earth, non oak, spices, dried fruit, microbio, floral, vegetal, citrus fruit, tree fruit","Beef, Lamb, Veal, Poultry",Tempranillo
Eleven Sugarloaf Vineyard Mourvedre 2024,United States,34,3.8,images/Eleven_Sugarloaf_Vineyard_Mourvedre_2024.jpg,,Yakima Valley,Eleven,"black fruit, spices, earth, red fruit, oak, floral, vegetal, microbio, non oak",,
Tenuta Le Calcinaie Chianti Colli Senesi 2022,Italy,24.99,3.9,images/Tenuta_Le_Calcinaie_Chianti_Colli_Senesi_2022.png,images/bottle_Tenuta_Le_Calcinaie_Chianti_Colli_Senesi_20.png,Chianti Colli Senesi,Tenuta Le Calcinaie,"red fruit, oak, earth, non oak, black fruit, spices, vegetal, microbio, dried fruit, floral","Beef, Veal, Poultry","Sangiovese, Trebbiano, Canaiolo Nero, Malvasia Nera"
Avignonesi Da Di Rosso Biologico 2022,Italy,24.99,3.9,images/Avignonesi_Da_Di_Rosso_Biologico_2022.png,images/bottle_Avignonesi_Da_Di_Rosso_Biologico_2022.png,Toscana,Avignonesi,"red fruit, earth, oak, black fruit, non oak, spices, dried fruit, microbio, vegetal, citrus fruit, floral, tree fruit","Beef, Lamb, Veal, Poultry, Cured Meat","Cabernet Sauvignon, Merlot, Sangiovese, Canaiolo Nero"
Bodegas Olarra Cerro Añon Reserva Rioja 2020,Spain,15.99,4.2,images/Bodegas_Olarra_Cerro_Aon_Reserva_Rioja_2020.png,images/bottle_Bodegas_Olarra_Cerro_Aon_Reserva_Rioja_2020.png,Rioja,Bodegas Olarra,"oak, earth, non oak, black fruit, spices, red fruit, microbio, dried fruit, citrus fruit, floral, vegetal, tree fruit, tropical fruit","Beef, Lamb, Veal, Poultry","Tempranillo, Graciano, Garnacha"
Giacomo Mori Chianti 2021,Italy,19.99,4,images/Giacomo_Mori_Chianti_2021.png,images/bottle_Giacomo_Mori_Chianti_2021.png,Chianti,Giacomo Mori,"red fruit, earth, oak, black fruit, non oak, spices, vegetal, floral, microbio, dried fruit, citrus fruit","Beef, Veal, Poultry","Sangiovese, Trebbiano, Canaiolo Nero, Malvasia Nera"
Gramenon La Vie On y Est 2023,France,42.99,4,images/Gramenon_La_Vie_On_y_Est_2023.png,images/bottle_Gramenon_La_Vie_On_y_Est_2023.png,Côtes-du-Rhône,Gramenon,"tree fruit, earth, citrus fruit, oak, microbio, floral, tropical fruit, spices, vegetal, non oak, black fruit, dried fruit, red fruit","Pork, Rich fish (salmon, tuna etc), Mature and hard cheese, Poultry, Cured Meat","Viognier, Roussanne, Marsanne, Grenache Blanc, Clairette, Bourboulenc"
Castello Romitorio Brunello di Montalcino Riserva 2015,Italy,244,4.5,images/Castello_Romitorio_Brunello_di_Montalcino_Riserva_.png,images/bottle_Castello_Romitorio_Brunello_di_Montalcino_R.png,Brunello di Montalcino,Castello Romitorio,"earth, oak, red fruit, non oak, black fruit, spices, microbio, vegetal, dried fruit, floral, citrus fruit","Beef, Lamb, Game (deer, venison), Poultry",Sangiovese
Sierra Cantabria Gran Reserva 2016,Spain,46.99,4.1,images/Sierra_Cantabria_Gran_Reserva_2016.png,images/bottle_Sierra_Cantabria_Gran_Reserva_2016.png,Rioja,Sierra Cantabria,"oak, non oak, earth, black fruit, spices, red fruit, dried fruit, microbio, vegetal, citrus fruit, floral, tree fruit","Beef, Lamb, Veal, Poultry","Tempranillo, Graciano, Garnacha"
Paul Jaboulet Aîné Condrieu 'Les Grands Amandiers' 2020,France,55,4.1,images/Paul_Jaboulet_An_Condrieu_Les_Grands_Amandiers_202.png,images/bottle_Paul_Jaboulet_An_Condrieu_Les_Grands_Amandi.png,Condrieu,Paul Jaboulet Aîné,"tree fruit, non oak, microbio, earth, oak, spices, tropical fruit, citrus fruit, floral, vegetal, dried fruit","Pork, Rich fish (salmon, tuna etc), Mature and hard cheese, Poultry, Cured Meat",Viognier
Terralsole Riserva Brunello di Montalcino 2015,Italy,199.99,4.4,images/Terralsole_Riserva_Brunello_di_Montalcino_2015.png,images/bottle_Terralsole_Riserva_Brunello_di_Montalcino_2.png,Brunello di Montalcino,Terralsole,"oak, earth, red fruit, non oak, black fruit, spices, microbio, dried fruit, floral, vegetal, citrus fruit, tree fruit, tropical fruit","Beef, Lamb, Game (deer, venison), Poultry",Sangiovese
I Lauri Salto Sangiovese 2022,Italy,10.99,3.7,images/I_Lauri_Salto_Sangiovese_2022.png,images/bottle_I_Lauri_Salto_Sangiovese_2022.png,Terre di Chieti,I Lauri,"red fruit, oak, black fruit, non oak, earth, spices, dried fruit, citrus fruit, floral, microbio","Beef, Pasta, Veal, Poultry","Sangiovese, Montepulciano"
Fossacolle Brunello di Montalcino 2019,Italy,75,3.9,images/Fossacolle_Brunello_di_Montalcino_2019.png,images/bottle_Fossacolle_Brunello_di_Montalcino_2019.png,Brunello di Montalcino,Fossacolle,"oak, earth, red fruit, non oak, black fruit, spices, microbio, dried fruit, floral, vegetal, citrus fruit, tree fruit","Beef, Lamb, Game (deer, venison), Poultry",Sangiovese
Ramon Cardova Rioja 2019,Spain,12.99,3.8,images/Ramon_Cardova_Rioja_2019.png,images/bottle_Ramon_Cardova_Rioja_2019.png,Rioja,Ramon Cardova,"oak, non oak, spices, earth, black fruit, red fruit, microbio, floral, vegetal","Beef, Lamb, Veal, Poultry","Tempranillo, Graciano, Garnacha"
Castell'in Villa Riserva Chianti Classico 2017,Italy,74.99,4.1,images/Castellin_Villa_Riserva_Chianti_Classico_2017.png,images/bottle_Castellin_Villa_Riserva_Chianti_Classico_20.png,Chianti Classico,Castell'in Villa,"earth, oak, red fruit, non oak, black fruit, spices, microbio, dried fruit, vegetal, floral, citrus fruit, tree fruit","Beef, Pasta, Veal, Cured Meat",Sangiovese
Preston Farm & Winery Viognier 2023,United States,36,4,images/Preston_Farm_Winery_Viognier_2023.jpg,,Dry Creek Valley,Preston Farm & Winery,"tree fruit, microbio, tropical fruit, citrus fruit, earth, spices, floral, red fruit, vegetal, oak","Pork, Rich fish (salmon, tuna etc), Spicy food, Poultry",Viognier
Tenuta Perano Chianti Classico Riserva 2019,Italy,19.99,3.9,images/Tenuta_Perano_Chianti_Classico_Riserva_2019.png,images/bottle_Tenuta_Perano_Chianti_Classico_Riserva_2019.png,Chianti Classico,Tenuta Perano,"oak, red fruit, earth, non oak, spices, black fruit, floral, citrus fruit, dried fruit, tree fruit, vegetal, microbio","Beef, Pasta, Veal, Cured Meat",Sangiovese
Tenute Silvio Nardi Brunello di Montalcino Vigneto Manachiara 2016,Italy,110.99,4.3,images/Tenute_Silvio_Nardi_Brunello_di_Montalcino_Vigneto.png,images/bottle_Tenute_Silvio_Nardi_Brunello_di_Montalcino_.png,Brunello di Montalcino,Tenute Silvio Nardi,"oak, earth, non oak, black fruit, red fruit, spices, floral, dried fruit, citrus fruit, vegetal, microbio, tree fruit","Beef, Lamb, Game (deer, venison), Poultry",Sangiovese
Celestino Pecci Brunello di Montalcino Riserva 2015,Italy,89.99,4.4,images/Celestino_Pecci_Brunello_di_Montalcino_Riserva_201.png,images/bottle_Celestino_Pecci_Brunello_di_Montalcino_Rise.png,Brunello di Montalcino,Celestino Pecci,"black fruit, red fruit, earth, oak, spices, non oak, dried fruit, microbio","Beef, Lamb, Game (deer, venison), Poultry",Sangiovese
La Clarine Farm Rosé 2023,United States,25,4,images/La_Clarine_Farm_Ros_2023.png,images/bottle_La_Clarine_Farm_Ros_2023.png,Sierra Foothills,La Clarine Farm,"red fruit, microbio, citrus fruit","Shellfish, Spicy food, Appetizers and snacks, Fruity desserts, Aperitif","Shiraz/Syrah, Cabernet Sauvignon, Pinot Noir, Sangiovese, Zinfandel, Barbera"
AmByth Estate Mourvèdre 2017,United States,60,4,images/AmByth_Estate_Mourvdre_2017.png,images/bottle_AmByth_Estate_Mourvdre_2017.png,Paso Robles,AmByth Estate,"black fruit, oak, spices, non oak, red fruit, earth",,
Ingleside Sangiovese 2022,United States,24.95,3.8,images/Ingleside_Sangiovese_2022.jpg,,Virginia,Ingleside,"red fruit, earth, oak, black fruit, spices, non oak","Beef, Veal, Game (deer, venison), Vegetarian, Mushrooms",
Renieri Invetro 2021,Italy,19.97,3.8,images/Renieri_Invetro_2021.png,images/bottle_Renieri_Invetro_2021.png,Toscana,Renieri,"earth, oak, red fruit, black fruit, non oak, spices, microbio, vegetal, dried fruit, floral, citrus fruit, tree fruit, tropical fruit","Beef, Lamb, Veal, Poultry, Cured Meat","Cabernet Sauvignon, Merlot, Sangiovese, Canaiolo Nero"
Petrolo Bòggina C Riserva 2018,Italy,44.99,4.1,images/Petrolo_Bggina_C_Riserva_2018.png,images/bottle_Petrolo_Bggina_C_Riserva_2018.png,Toscana,Petrolo,"red fruit, oak, earth, spices, non oak, black fruit, citrus fruit, floral, vegetal, microbio, tree fruit","Beef, Lamb, Veal, Poultry, Cured Meat","Cabernet Sauvignon, Merlot, Sangiovese, Canaiolo Nero"
Libero Brunello di Montalcino 2018,Italy,46.99,4.3,images/Libero_Brunello_di_Montalcino_2018.png,images/bottle_Libero_Brunello_di_Montalcino_2018.png,Brunello di Montalcino,Libero,"red fruit, earth, oak, non oak, spices, black fruit, microbio, tropical fruit, tree fruit, citrus fruit, floral","Beef, Lamb, Game (deer, venison), Poultry",Sangiovese
Altesino Rosso di Montalcino 2023,Italy,28.99,4,images/Altesino_Rosso_di_Montalcino_2023.png,images/bottle_Altesino_Rosso_di_Montalcino_2023.png,Rosso di Montalcino,Altesino,"red fruit, oak, earth, non oak, spices, black fruit, microbio, vegetal, dried fruit, floral, citrus fruit, tree fruit","Beef, Lamb, Veal, Poultry, Cured Meat","Cabernet Sauvignon, Merlot, Sangiovese, Canaiolo Nero"
San Polino Brunello di Montalcino Riserva 2016,Italy,129.99,4.4,images/San_Polino_Brunello_di_Montalcino_Riserva_2016.png,images/bottle_San_Polino_Brunello_di_Montalcino_Riserva_2.png,Brunello di Montalcino,San Polino,"oak, earth, non oak, black fruit, red fruit, spices, floral, microbio, vegetal, dried fruit","Beef, Lamb, Game (deer, venison), Poultry",Sangiovese
Sassetti Livio Mulino Brunello di Montalcino 2018,Italy,136.99,4.3,images/Sassetti_Livio_Mulino_Brunello_di_Montalcino_2018.png,images/bottle_Sassetti_Livio_Mulino_Brunello_di_Montalcin.png,Brunello di Montalcino,Sassetti Livio,"red fruit, earth, black fruit, oak","Beef, Lamb, Game (deer, venison), Poultry",Sangiovese
Voliero Brunello di Montalcino 2019,Italy,79.99,4.1,images/Voliero_Brunello_di_Montalcino_2019.png,images/bottle_Voliero_Brunello_di_Montalcino_2019.png,Brunello di Montalcino,Voliero,"oak, earth, red fruit, non oak, spices, black fruit, dried fruit, vegetal, microbio, citrus fruit, floral","Beef, Lamb, Game (deer, venison), Poultry",Sangiovese
Ruth Lewandowski Fox Hill Vineyard Touriga Nacional Rosé 2021,United States,34.99,4.2,images/Ruth_Lewandowski_Fox_Hill_Vineyard_Touriga_Naciona.png,images/bottle_Ruth_Lewandowski_Fox_Hill_Vineyard_Touriga_.png,Calaveras County,Ruth Lewandowski,"red fruit, citrus fruit, earth, vegetal, spices, tree fruit, black fruit, oak, floral, tropical fruit, dried fruit, microbio, non oak","Shellfish, Spicy food, Appetizers and snacks, Fruity desserts, Aperitif","Shiraz/Syrah, Cabernet Sauvignon, Pinot Noir, Sangiovese, Zinfandel, Barbera"
Celestino Pecci Rosso di Montalcino 2021,Italy,29.99,4.1,images/Celestino_Pecci_Rosso_di_Montalcino_2021.png,images/bottle_Celestino_Pecci_Rosso_di_Montalcino_2021.png,Rosso di Montalcino,Celestino Pecci,"oak, red fruit, earth, non oak, black fruit, spices, microbio, vegetal, dried fruit, tree fruit, floral","Beef, Lamb, Veal, Poultry, Cured Meat","Cabernet Sauvignon, Merlot, Sangiovese, Canaiolo Nero"
San Giorgio a Lapi Chianti Colli Senesi 2021,Italy,12.99,3.6,images/San_Giorgio_a_Lapi_Chianti_Colli_Senesi_2021.png,images/bottle_San_Giorgio_a_Lapi_Chianti_Colli_Senesi_202.png,Chianti Colli Senesi,San Giorgio a Lapi,"black fruit, red fruit, oak, dried fruit, earth, spices, microbio","Beef, Veal, Poultry","Sangiovese, Trebbiano, Canaiolo Nero, Malvasia Nera"
Buon Tempo Rosso di Montalcino 2023,Italy,29.99,4,images/Buon_Tempo_Rosso_di_Montalcino_2023.png,images/bottle_Buon_Tempo_Rosso_di_Montalcino_2023.png,Rosso di Montalcino,Buon Tempo,"red fruit, earth, oak, black fruit, non oak, spices, microbio, floral, vegetal, citrus fruit, dried fruit","Beef, Lamb, Veal, Poultry, Cured Meat","Cabernet Sauvignon, Merlot, Sangiovese, Canaiolo Nero"
Domaine Tempier Bandol Cuvée La Migoua 2021,France,104.99,4.2,images/Domaine_Tempier_Bandol_Cuve_La_Migoua_2021.png,images/bottle_Domaine_Tempier_Bandol_Cuve_La_Migoua_2021.png,Bandol,Domaine Tempier,"earth, oak, black fruit, red fruit, spices, non oak, microbio, vegetal, floral, citrus fruit, dried fruit, tree fruit, tropical fruit","Beef, Lamb, Game (deer, venison), Mushrooms","Shiraz/Syrah, Cabernet Sauvignon, Grenache, Mourvedre, Carignan, Tibouren, Cinsaut"
Le Ragnaie Brunello di Montalcino V.V. 2017,Italy,182,4.3,images/Le_Ragnaie_Brunello_di_Montalcino_VV_2017.png,images/bottle_Le_Ragnaie_Brunello_di_Montalcino_VV_2017.png,Brunello di Montalcino,Le Ragnaie,"earth, red fruit, oak, spices, microbio, black fruit, non oak, dried fruit, vegetal, citrus fruit, floral","Beef, Lamb, Game (deer, venison), Poultry",Sangiovese
Sobon Estate Viognier 2023,United States,17,3.7,images/Sobon_Estate_Viognier_2023.png,images/bottle_Sobon_Estate_Viognier_2023.png,Amador County,Sobon Estate,"tree fruit, earth, citrus fruit, oak, floral, microbio, tropical fruit, spices, vegetal, non oak, dried fruit","Pork, Rich fish (salmon, tuna etc), Spicy food, Poultry",Viognier
Picchetti Machado Creek Vineyards Sangiovese 2022,United States,46.95,4,images/Picchetti_Machado_Creek_Vineyards_Sangiovese_2022.jpg,,Santa Clara County,Picchetti,"red fruit, non oak, oak, black fruit, spices, earth","Beef, Veal, Game (deer, venison), Poultry",Sangiovese
Canalicchio di Sopra Brunello di Montalcino 2020,Italy,99.99,4.1,images/Canalicchio_di_Sopra_Brunello_di_Montalcino_2020.png,images/bottle_Canalicchio_di_Sopra_Brunello_di_Montalcino.png,Brunello di Montalcino,Canalicchio di Sopra,"earth, oak, red fruit, non oak, black fruit, spices, microbio, floral, dried fruit, vegetal, citrus fruit, tree fruit","Beef, Lamb, Game (deer, venison), Poultry",Sangiovese
Domaine de Terrebrune Delille Vigneron Terre d'Ombre 2018,France,24,3.6,images/Domaine_de_Terrebrune_Delille_Vigneron_Terre_dOmbr.png,images/bottle_Domaine_de_Terrebrune_Delille_Vigneron_Terr.png,Mont Caume,Domaine de Terrebrune,"earth, black fruit, red fruit, oak, non oak, dried fruit, spices, microbio, vegetal","Beef, Lamb, Game (deer, venison)",
Domaine Lafage Miraflors Rosé 2024,France,16.99,3.9,images/Domaine_Lafage_Miraflors_Ros_2024.png,images/bottle_Domaine_Lafage_Miraflors_Ros_2024.png,Côtes du Roussillon,Domaine Lafage,"red fruit, citrus fruit, tree fruit, earth, microbio, floral, tropical fruit, spices, oak, vegetal, non oak, black fruit, dried fruit","Pasta, Vegetarian, Appetizers and snacks, Lean fish, Aperitif","Shiraz/Syrah, Grenache, Mourvedre"
LDV Winery Sky Island Viognier 2019,United States,20,3.5,images/LDV_Winery_Sky_Island_Viognier_2019.jpg,,Arizona,LDV Winery,"tree fruit, citrus fruit, vegetal, earth, microbio","Shellfish, Poultry, Appetizers and snacks, Lean fish",
Loghi Brunello di Montalcino 2017,Italy,69.99,4.3,images/Loghi_Brunello_di_Montalcino_2017.jpg,,Brunello di Montalcino,Loghi,"red fruit, spices, oak, earth, non oak, black fruit, dried fruit, vegetal","Beef, Lamb, Game (deer, venison), Poultry",Sangiovese
Boscarelli Vino Nobile di Montepulciano Costa Grande 2019,Italy,96.99,4.1,images/Boscarelli_Vino_Nobile_di_Montepulciano_Costa_Gran.png,images/bottle_Boscarelli_Vino_Nobile_di_Montepulciano_Cos.png,Vino Nobile di Montepulciano,Boscarelli,"red fruit, oak, earth, black fruit, non oak, spices, microbio, dried fruit, floral, citrus fruit, vegetal","Beef, Game (deer, venison), Poultry","Sangiovese, Canaiolo Nero"
Brecon Estate Viognier 2024,United States,52,4.1,images/Brecon_Estate_Viognier_2024.jpg,,Central Coast,Brecon Estate,"tree fruit, citrus fruit, microbio, floral, earth, oak","Pork, Rich fish (salmon, tuna etc), Spicy food, Poultry",Viognier
Decibel Viognier 2021,New Zealand,14.99,3.9,images/Decibel_Viognier_2021.png,images/bottle_Decibel_Viognier_2021.png,Hawke's Bay,Decibel,"tree fruit, microbio, citrus fruit, earth, floral, tropical fruit, oak, spices, non oak","Pork, Shellfish, Spicy food, Poultry, Mild and soft cheese",Viognier
Poggiopiano Rosso di Sera Toscana 2006,Italy,55,4.2,images/Poggiopiano_Rosso_di_Sera_Toscana_2006.png,images/bottle_Poggiopiano_Rosso_di_Sera_Toscana_2006.png,Toscana,Poggiopiano,"oak, non oak, earth, red fruit, black fruit, spices, dried fruit, microbio, floral, citrus fruit","Beef, Lamb, Veal, Poultry, Cured Meat","Cabernet Sauvignon, Merlot, Sangiovese, Canaiolo Nero"
William Chris Vineyards Mourvèdre 2019,United States,23.99,4,images/William_Chris_Vineyards_Mourvdre_2019.png,images/bottle_William_Chris_Vineyards_Mourvdre_2019.png,Texas,William Chris Vineyards,"oak, red fruit, earth, non oak, black fruit, spices, dried fruit, microbio, floral, citrus fruit, tree fruit","Beef, Lamb, Game (deer, venison)",
La Bastide Blanche Bandol Rosé 2023,France,28,3.9,images/La_Bastide_Blanche_Bandol_Ros_2023.png,images/bottle_La_Bastide_Blanche_Bandol_Ros_2023.png,Bandol,La Bastide Blanche,"red fruit, earth, oak, tree fruit, spices, black fruit, citrus fruit, non oak, microbio, floral, vegetal, tropical fruit, dried fruit","Pork, Shellfish, Vegetarian, Poultry","Shiraz/Syrah, Grenache, Cinsault"
Arbor Crest Wahluke Slope Vineyard Sangiovese 2021,United States,34,3.7,images/Arbor_Crest_Wahluke_Slope_Vineyard_Sangiovese_2021.jpg,,Wahluke Slope,Arbor Crest,"earth, non oak, oak, red fruit, spices, black fruit",,
Quinta Milú Ribera del Duero 2023,Spain,19.99,3.6,images/Quinta_Mil_Ribera_del_Duero_2023.png,images/bottle_Quinta_Mil_Ribera_del_Duero_2023.png,Ribera del Duero,Quinta Milú,"black fruit, oak, earth, red fruit, non oak, spices, microbio, floral, dried fruit, vegetal, tree fruit, citrus fruit, tropical fruit","Beef, Lamb, Game (deer, venison)",Tempranillo
La Miraja Alterego Piemonte Viognier 2023,Italy,24.99,4.2,images/La_Miraja_Alterego_Piemonte_Viognier_2023.jpg,,Piemonte,La Miraja,,"Beef, Pasta, Lamb, Game (deer, venison)","Nebbiolo, Barbera, Dolcetto"
Antico Podere Casanova Bucciarelli Chianti Classico Riserva 2016,Italy,50,4,images/Antico_Podere_Casanova_Bucciarelli_Chianti_Classic.jpg,,Chianti Classico,Antico Podere Casanova,"oak, earth, red fruit, non oak, black fruit, microbio, spices, dried fruit, floral, citrus fruit, tree fruit, vegetal","Beef, Pasta, Veal, Cured Meat",Sangiovese
Alfredo Maestro Almate 2022,Spain,23,3.7,images/Alfredo_Maestro_Almate_2022.png,images/bottle_Alfredo_Maestro_Almate_2022.png,Castilla y León,Alfredo Maestro,"black fruit, red fruit, earth, oak, non oak, spices, microbio, vegetal, floral, citrus fruit, dried fruit, tropical fruit, tree fruit","Beef, Lamb, Veal, Poultry",Tempranillo
Collazzi I Bastioni Chianti Classico 2022,Italy,19,4,images/Collazzi_I_Bastioni_Chianti_Classico_2022.png,images/bottle_Collazzi_I_Bastioni_Chianti_Classico_2022.png,Chianti Classico,Collazzi,"red fruit, oak, earth, non oak, spices, black fruit, microbio, vegetal, dried fruit, floral, citrus fruit","Beef, Pasta, Veal, Cured Meat",Sangiovese
Castello Romitorio Filo di Seta Brunello di Montalcino 2018,Italy,149.99,4.2,images/Castello_Romitorio_Filo_di_Seta_Brunello_di_Montal.png,images/bottle_Castello_Romitorio_Filo_di_Seta_Brunello_di.png,Brunello di Montalcino,Castello Romitorio,"oak, earth, red fruit, non oak, spices, black fruit, floral, dried fruit, vegetal, microbio, citrus fruit, tropical fruit","Beef, Lamb, Game (deer, venison), Poultry",Sangiovese
Obelisco Estate Sangiovese 2021,United States,65,4.1,images/Obelisco_Estate_Sangiovese_2021.jpg,,Red Mountain,Obelisco Estate,"spices, non oak, oak, earth, microbio",,
AmByth Estate Tempranillo 2019,United States,54,3.6,images/AmByth_Estate_Tempranillo_2019.jpg,,Paso Robles,AmByth Estate,,"Beef, Pasta, Vegetarian, Cured Meat",Tempranillo
Westcave Cellars Winery Sangiovese 2020,United States,35,3.5,images/Westcave_Cellars_Winery_Sangiovese_2020.jpg,,Texas Hill Country,Westcave Cellars Winery,"earth, black fruit, non oak, oak, tropical fruit, tree fruit, citrus fruit, vegetal, microbio","Beef, Pasta, Lamb, Mushrooms",Sangiovese
Tenuta di Lilliano Chianti Classico 2022,Italy,16.99,3.9,images/Tenuta_di_Lilliano_Chianti_Classico_2022.png,images/bottle_Tenuta_di_Lilliano_Chianti_Classico_2022.png,Chianti Classico,Tenuta di Lilliano,"red fruit, earth, oak, black fruit, non oak, spices, microbio, floral, vegetal, citrus fruit, dried fruit","Beef, Pasta, Veal, Cured Meat",Sangiovese
Wooldridge Creek Tempranillo 2022,United States,40,3.8,images/Wooldridge_Creek_Tempranillo_2022.jpg,,Applegate Valley,Wooldridge Creek,"earth, non oak, oak, red fruit, black fruit, spices, dried fruit, citrus fruit","Beef, Pasta, Vegetarian, Cured Meat",Tempranillo
Marques de Tomares Rioja Reserva 2018,Spain,29.99,4.2,images/Marques_de_Tomares_Rioja_Reserva_2018.png,images/bottle_Marques_de_Tomares_Rioja_Reserva_2018.png,Rioja,Marques de Tomares,"oak, red fruit, black fruit, earth, spices, non oak, microbio, dried fruit, floral, vegetal, tree fruit","Beef, Lamb, Veal, Poultry","Tempranillo, Graciano, Garnacha"
Graeme & Julie Bott Lieu Dit l'Aleau Condrieu 2020,France,174.99,4.2,images/Graeme_Julie_Bott_Lieu_Dit_lAleau_Condrieu_2020.png,images/bottle_Graeme_Julie_Bott_Lieu_Dit_lAleau_Condrieu_.png,Condrieu,Graeme & Julie Bott,"tree fruit, earth","Pork, Rich fish (salmon, tuna etc), Mature and hard cheese, Poultry, Cured Meat",Viognier
Herman Story Tomboy 2020,United States,69.99,4.2,images/Herman_Story_Tomboy_2020.png,images/bottle_Herman_Story_Tomboy_2020.png,Santa Barbara County,Herman Story,"oak, microbio, citrus fruit, non oak, earth, spices, tree fruit, tropical fruit, floral, vegetal, black fruit, red fruit, dried fruit","Pork, Rich fish (salmon, tuna etc), Spicy food, Poultry",Viognier
Dominio Romano Camino Romano 2022,Spain,26,3.8,images/Dominio_Romano_Camino_Romano_2022.png,images/bottle_Dominio_Romano_Camino_Romano_2022.png,Ribera del Duero,Dominio Romano,"oak, black fruit, earth, spices, non oak, red fruit, microbio, dried fruit, floral","Beef, Lamb, Game (deer, venison)",Tempranillo
Pietranera Brunello di Montalcino 2019,Italy,44.99,4.2,images/Pietranera_Brunello_di_Montalcino_2019.png,images/bottle_Pietranera_Brunello_di_Montalcino_2019.png,Brunello di Montalcino,Pietranera,"oak, earth, red fruit, non oak, black fruit, spices, microbio, floral, vegetal, dried fruit, citrus fruit, tree fruit","Beef, Lamb, Game (deer, venison), Poultry",Sangiovese
Pian dell'Orino Rosso di Montalcino 2018,Italy,79.99,4.1,images/Pian_dellOrino_Rosso_di_Montalcino_2018.png,images/bottle_Pian_dellOrino_Rosso_di_Montalcino_2018.png,Rosso di Montalcino,Pian dell'Orino,"red fruit, earth, oak, non oak, spices, black fruit, floral, microbio, citrus fruit, vegetal","Beef, Lamb, Veal, Poultry, Cured Meat","Cabernet Sauvignon, Merlot, Sangiovese, Canaiolo Nero"
Quinta do Noval Vintage Port Nacional 2004,Portugal,599.99,4.7,images/Quinta_do_Noval_Vintage_Port_Nacional_2004.png,images/bottle_Quinta_do_Noval_Vintage_Port_Nacional_2004.png,Porto,Quinta do Noval,"oak, non oak, black fruit, earth, dried fruit, spices, red fruit, microbio, citrus fruit, floral, tree fruit, vegetal, tropical fruit","Mature and hard cheese, Blue cheese","Touriga Nacional, Touriga Franca, Tinta Roriz"
Còlpetrone Umbria Rosso 2018,Italy,12.99,3.9,images/Clpetrone_Umbria_Rosso_2018.png,images/bottle_Clpetrone_Umbria_Rosso_2018.png,Umbria,Còlpetrone,"red fruit, black fruit, microbio, non oak, oak","Beef, Pasta, Veal, Poultry","Sangiovese, Montepulciano"
Val di Suga Brunello di Montalcino Vigna del Lago 2019,Italy,99.99,4.2,images/Val_di_Suga_Brunello_di_Montalcino_Vigna_del_Lago_.png,images/bottle_Val_di_Suga_Brunello_di_Montalcino_Vigna_de.png,Brunello di Montalcino,Val di Suga,"earth, oak, non oak, red fruit, black fruit, spices, microbio, dried fruit, floral, vegetal, citrus fruit","Beef, Lamb, Game (deer, venison), Poultry",Sangiovese
Istine Casanova dell'Aia Chianti Classico 2020,Italy,67.99,4,images/Istine_Casanova_dellAia_Chianti_Classico_2020.png,images/bottle_Istine_Casanova_dellAia_Chianti_Classico_20.png,Chianti Classico,Istine,"red fruit, oak, earth, black fruit, spices, microbio, non oak","Beef, Pasta, Veal, Cured Meat",Sangiovese
Padelletti Brunello di Montalcino 2019,Italy,65,4.4,images/Padelletti_Brunello_di_Montalcino_2019.png,images/bottle_Padelletti_Brunello_di_Montalcino_2019.png,Brunello di Montalcino,Padelletti,"earth, oak, red fruit, non oak, black fruit, spices, dried fruit, microbio, vegetal, floral, citrus fruit, tree fruit, tropical fruit","Beef, Lamb, Game (deer, venison), Poultry",Sangiovese
Castillo Clavijo Rioja Tempranillo 2023,Spain,12.97,3.7,images/Castillo_Clavijo_Rioja_Tempranillo_2023.png,images/bottle_Castillo_Clavijo_Rioja_Tempranillo_2023.png,Rioja,Castillo Clavijo,"oak, red fruit, earth, non oak, spices, black fruit, microbio, vegetal, dried fruit, citrus fruit","Beef, Lamb, Veal, Poultry","Tempranillo, Graciano, Garnacha"
Dianella 1° Il Dianella Toscana 2022,Italy,16.99,3.3,images/Dianella_1_Il_Dianella_Toscana_2022.jpg,,Toscana,Dianella 1°,,"Beef, Lamb, Veal, Poultry, Cured Meat","Cabernet Sauvignon, Merlot, Sangiovese, Canaiolo Nero"
Le Chiuse Brunello di Montalcino 2020,Italy,124.99,4.2,images/Le_Chiuse_Brunello_di_Montalcino_2020.png,images/bottle_Le_Chiuse_Brunello_di_Montalcino_2020.png,Brunello di Montalcino,Le Chiuse,"oak, earth, red fruit, non oak, black fruit, spices, dried fruit, floral, microbio, vegetal, citrus fruit, tree fruit","Beef, Lamb, Game (deer, venison), Poultry",Sangiovese
Elvi Herenza 2021,Spain,19.99,3.8,images/Elvi_Herenza_2021.png,images/bottle_Elvi_Herenza_2021.png,Rioja,Elvi,"earth, black fruit, red fruit, oak, non oak, spices, dried fruit, tree fruit, citrus fruit, microbio","Beef, Lamb, Veal, Poultry","Tempranillo, Graciano, Garnacha"
Basilio Izquierdo B de Basilio Tinto 2008,Spain,54,4,images/Basilio_Izquierdo_B_de_Basilio_Tinto_2008.png,images/bottle_Basilio_Izquierdo_B_de_Basilio_Tinto_2008.png,Rioja,Basilio Izquierdo,"oak, red fruit, earth, non oak, black fruit, spices, floral, tree fruit, microbio","Beef, Lamb, Veal, Poultry","Tempranillo, Graciano, Garnacha"
Mocali Vigna delle Raunate Brunello di Montalcino 2019,Italy,49.99,4.1,images/Mocali_Vigna_delle_Raunate_Brunello_di_Montalcino_.png,images/bottle_Mocali_Vigna_delle_Raunate_Brunello_di_Mont.png,Brunello di Montalcino,Mocali,"oak, earth, red fruit, non oak, spices, black fruit, floral, citrus fruit, microbio, dried fruit, tree fruit, vegetal","Beef, Lamb, Game (deer, venison), Poultry",Sangiovese
