name,country,price,rating,image_url,bottle_image_url,region,winery,flavor,food_pairing,grapes
Veuve Clicquot Brut (Carte Jaune) Champagne,France,34.99,4.3,images/Veuve_Clicquot_Brut_Carte_Jaune_Champagne.png,images/bottle_Veuve_Clicquot_Brut_Carte_Jaune_Champagne.png,Champagne,Veuve Clicquot,"tree fruit, citrus fruit, non oak, microbio, oak, earth, vegetal, spices, tropical fruit, red fruit, floral, dried fruit, black fruit","Pork, Rich fish (salmon, tuna etc), Shellfish, Mild and soft cheese","Chardonnay, Pinot Noir, Pinot Meunier"
Moët & Chandon Impérial Brut Champagne,France,29.99,4.1,images/Mot_Chandon_Imprial_Brut_Champagne.png,images/bottle_Mot_Chandon_Imprial_Brut_Champagne.png,Champagne,Moët & Chandon,"tree fruit, citrus fruit, non oak, microbio, oak, earth, vegetal, spices, red fruit, tropical fruit, floral, dried fruit, black fruit","Pork, Rich fish (salmon, tuna etc), Shellfish, Mild and soft cheese","Chardonnay, Pinot Noir, Pinot Meunier"
Bollinger Special Cuvée Brut Aÿ Champagne,France,69.99,4.3,images/Bollinger_Special_Cuve_Brut_A_Champagne.png,images/bottle_Bollinger_Special_Cuve_Brut_A_Champagne.png,Champagne,Bollinger,"tree fruit, non oak, microbio, oak, citrus fruit, earth, vegetal, spices, red fruit, tropical fruit, floral, dried fruit, black fruit","Pork, Rich fish (salmon, tuna etc), Shellfish, Mild and soft cheese","Chardonnay, Pinot Noir, Pinot Meunier"
Laurent-Perrier La Cuvée Brut Champagne,France,49.99,4.1,images/Laurent_Perrier_La_Cuve_Brut_Champagne.png,images/bottle_Laurent_Perrier_La_Cuve_Brut_Champagne.png,Champagne,Laurent-Perrier,"citrus fruit, tree fruit, non oak, microbio, oak, earth, vegetal, spices, tropical fruit, floral, red fruit, black fruit, dried fruit","Pork, Rich fish (salmon, tuna etc), Shellfish, Mild and soft cheese","Chardonnay, Pinot Noir, Pinot Meunier"
Louis Roederer Brut Premier Champagne,France,64.61,4.2,images/Louis_Roederer_Brut_Premier_Champagne.png,images/bottle_Louis_Roederer_Brut_Premier_Champagne.png,Champagne Premier Cru,Louis Roederer,"tree fruit, non oak, citrus fruit, microbio, oak, earth, vegetal, spices, tropical fruit, red fruit, floral, dried fruit, black fruit","Pork, Rich fish (salmon, tuna etc), Shellfish, Mild and soft cheese","Chardonnay, Pinot Noir, Pinot Meunier"
Perrier-Jouët Grand Brut Champagne,France,32,4.2,images/Perrier_Jout_Grand_Brut_Champagne.png,images/bottle_Perrier_Jout_Grand_Brut_Champagne.png,Champagne,Perrier-Jouët,"tree fruit, citrus fruit, non oak, microbio, oak, earth, vegetal, spices, floral, tropical fruit, red fruit, black fruit, dried fruit","Pork, Rich fish (salmon, tuna etc), Shellfish, Mild and soft cheese","Chardonnay, Pinot Noir, Pinot Meunier"
Ruinart Blanc de Blancs Brut Champagne,France,59.99,4.4,images/Ruinart_Blanc_de_Blancs_Brut_Champagne.png,images/bottle_Ruinart_Blanc_de_Blancs_Brut_Champagne.png,Champagne,Ruinart,"tree fruit, citrus fruit, microbio, non oak, oak, earth, vegetal, tropical fruit, spices, floral, red fruit, dried fruit, black fruit","Pork, Rich fish (salmon, tuna etc), Shellfish, Mild and soft cheese","Chardonnay, Pinot Noir, Pinot Meunier"
Pol Roger Réserve Brut Champagne,France,35,4.2,images/Pol_Roger_Rserve_Brut_Champagne.png,images/bottle_Pol_Roger_Rserve_Brut_Champagne.png,Champagne,Pol Roger,"tree fruit, non oak, citrus fruit, microbio, oak, earth, vegetal, spices, floral, tropical fruit, red fruit, dried fruit, black fruit","Pork, Rich fish (salmon, tuna etc), Shellfish, Mild and soft cheese","Chardonnay, Pinot Noir, Pinot Meunier"
Laurent-Perrier Cuvée Rosé,France,80.75,4.4,images/Laurent_Perrier_Cuve_Ros.png,images/bottle_Laurent_Perrier_Cuve_Ros.png,Champagne,Laurent-Perrier,"red fruit, microbio, citrus fruit, non oak, oak, tree fruit, earth, vegetal, spices, black fruit, floral, tropical fruit, dried fruit","Pork, Rich fish (salmon, tuna etc), Shellfish, Mild and soft cheese","Chardonnay, Pinot Noir, Pinot Meunier"
Pommery Royal Brut Champagne,France,29.99,3.9,images/Pommery_Royal_Brut_Champagne.png,images/bottle_Pommery_Royal_Brut_Champagne.png,Champagne,Pommery,"tree fruit, non oak, citrus fruit, microbio, oak, earth, vegetal, spices, red fruit, tropical fruit, floral, dried fruit, black fruit","Pork, Rich fish (salmon, tuna etc), Shellfish, Mild and soft cheese","Chardonnay, Pinot Noir, Pinot Meunier"
G.H. Mumm (Cordon Rouge) Brut Champagne,France,49.99,3.9,images/GH_Mumm_Cordon_Rouge_Brut_Champagne.png,images/bottle_GH_Mumm_Cordon_Rouge_Brut_Champagne.png,Champagne,G.H. Mumm,"tree fruit, citrus fruit, non oak, microbio, oak, earth, vegetal, spices, tropical fruit, red fruit, floral, dried fruit, black fruit","Pork, Rich fish (salmon, tuna etc), Shellfish, Mild and soft cheese","Chardonnay, Pinot Noir, Pinot Meunier"
Krug Grande Cuvée,France,109.99,4.6,images/Krug_Grande_Cuve.png,images/bottle_Krug_Grande_Cuve.png,Champagne,Krug,"non oak, oak, microbio, citrus fruit, earth, tree fruit, vegetal, spices, tropical fruit, floral, dried fruit, red fruit, black fruit","Pork, Rich fish (salmon, tuna etc), Shellfish, Mild and soft cheese","Chardonnay, Pinot Noir, Pinot Meunier"
Billecart-Salmon Brut Réserve Champagne,France,39.99,4.2,images/Billecart_Salmon_Brut_Rserve_Champagne.png,images/bottle_Billecart_Salmon_Brut_Rserve_Champagne.png,Champagne,Billecart-Salmon,"tree fruit, non oak, citrus fruit, microbio, oak, earth, vegetal, spices, tropical fruit, red fruit, floral, dried fruit, black fruit","Pork, Rich fish (salmon, tuna etc), Shellfish, Mild and soft cheese","Chardonnay, Pinot Noir, Pinot Meunier"
Deutz Classic Brut Champagne,France,59.99,4.1,images/Deutz_Classic_Brut_Champagne.png,images/bottle_Deutz_Classic_Brut_Champagne.png,Champagne,Deutz,"tree fruit, citrus fruit, non oak, microbio, oak, earth, vegetal, spices, tropical fruit, floral, red fruit, dried fruit, black fruit","Pork, Rich fish (salmon, tuna etc), Shellfish, Mild and soft cheese","Chardonnay, Pinot Noir, Pinot Meunier"
Charles Heidsieck Brut Réserve,France,49,4.2,images/Charles_Heidsieck_Brut_Rserve.png,images/bottle_Charles_Heidsieck_Brut_Rserve.png,Champagne,Charles Heidsieck,"non oak, tree fruit, microbio, oak, citrus fruit, earth, vegetal, spices, tropical fruit, dried fruit, floral, red fruit, black fruit","Pork, Rich fish (salmon, tuna etc), Shellfish, Mild and soft cheese","Chardonnay, Pinot Noir, Pinot Meunier"
Moët & Chandon Impérial Rosé Brut Champagne,France,38.99,4.1,images/Mot_Chandon_Imprial_Ros_Brut_Champagne.png,images/bottle_Mot_Chandon_Imprial_Ros_Brut_Champagne.png,Champagne,Moët & Chandon,"red fruit, citrus fruit, microbio, non oak, tree fruit, oak, earth, spices, floral, vegetal, black fruit, tropical fruit, dried fruit","Pork, Rich fish (salmon, tuna etc), Shellfish, Mild and soft cheese","Chardonnay, Pinot Noir, Pinot Meunier"
Bollinger La Grande Année Brut Champagne 1982,France,696,4.5,images/Bollinger_La_Grande_Anne_Brut_Champagne_1982.png,images/bottle_Bollinger_La_Grande_Anne_Brut_Champagne_198.png,Champagne,Bollinger,"non oak, oak, microbio, tree fruit, earth, citrus fruit, vegetal, spices, red fruit, floral, tropical fruit, dried fruit, black fruit","Pork, Rich fish (salmon, tuna etc), Shellfish, Mild and soft cheese","Chardonnay, Pinot Noir, Pinot Meunier"
Ferrari Trento Brut,Italy,14.99,3.8,images/Ferrari_Trento_Brut.png,images/bottle_Ferrari_Trento_Brut.png,Trento,Ferrari,"tree fruit, citrus fruit, microbio, non oak, oak, earth, vegetal, spices, tropical fruit, floral, red fruit, dried fruit, black fruit","Shellfish, Any junk food will do, Appetizers and snacks, Lean fish, Aperitif",
Billecart-Salmon Brut Rosé Champagne,France,55,4.4,images/Billecart_Salmon_Brut_Ros_Champagne.png,images/bottle_Billecart_Salmon_Brut_Ros_Champagne.png,Champagne,Billecart-Salmon,"red fruit, citrus fruit, microbio, non oak, tree fruit, oak, earth, vegetal, spices, floral, tropical fruit, black fruit, dried fruit","Pork, Rich fish (salmon, tuna etc), Shellfish, Mild and soft cheese","Chardonnay, Pinot Noir, Pinot Meunier"
Nicolas Feuillatte Réserve Exclusive Brut Champagne,France,30,3.9,images/Nicolas_Feuillatte_Rserve_Exclusive_Brut_Champagne.png,images/bottle_Nicolas_Feuillatte_Rserve_Exclusive_Brut_Ch.png,Champagne Grand Cru 'Chouilly',Nicolas Feuillatte,"tree fruit, citrus fruit, non oak, microbio, oak, earth, vegetal, spices, red fruit, tropical fruit, floral, dried fruit, black fruit","Pork, Rich fish (salmon, tuna etc), Shellfish, Mild and soft cheese","Chardonnay, Pinot Noir, Pinot Meunier"
Veuve Clicquot Brut Rosé Champagne,France,59.99,4.3,images/Veuve_Clicquot_Brut_Ros_Champagne.png,images/bottle_Veuve_Clicquot_Brut_Ros_Champagne.png,Champagne,Veuve Clicquot,"red fruit, citrus fruit, microbio, non oak, oak, tree fruit, earth, vegetal, spices, black fruit, floral, dried fruit, tropical fruit","Pork, Rich fish (salmon, tuna etc), Shellfish, Mild and soft cheese","Chardonnay, Pinot Noir, Pinot Meunier"
Ca' del Bosco Franciacorta Cuvée Prestige,Italy,39.99,4.1,images/Ca_del_Bosco_Franciacorta_Cuve_Prestige.png,images/bottle_Ca_del_Bosco_Franciacorta_Cuve_Prestige.png,Franciacorta,Ca' del Bosco,"tree fruit, non oak, citrus fruit, microbio, oak, earth, vegetal, tropical fruit, spices, floral, red fruit, dried fruit, black fruit","Shellfish, Appetizers and snacks, Lean fish, Mild and soft cheese, Aperitif","Chardonnay, Pinot Noir, Pinot Blanc"
Lanson Le Black Label Brut Champagne,France,40,3.9,images/Lanson_Le_Black_Label_Brut_Champagne.png,images/bottle_Lanson_Le_Black_Label_Brut_Champagne.png,Champagne,Lanson,"tree fruit, citrus fruit, non oak, microbio, oak, earth, vegetal, spices, red fruit, tropical fruit, floral, black fruit, dried fruit","Pork, Rich fish (salmon, tuna etc), Shellfish, Mild and soft cheese","Chardonnay, Pinot Noir, Pinot Meunier"
Martini Asti,Italy,11.99,3.8,images/Martini_Asti.png,images/bottle_Martini_Asti.png,Asti,Martini,"tree fruit, earth, citrus fruit, tropical fruit, floral, microbio, non oak, oak, red fruit, spices, vegetal, dried fruit, black fruit","Sweet desserts, Fruity desserts, Aperitif",Moscato
Ruinart Brut Rosé Champagne,France,89.99,4.4,images/Ruinart_Brut_Ros_Champagne.png,images/bottle_Ruinart_Brut_Ros_Champagne.png,Champagne,Ruinart,"red fruit, microbio, citrus fruit, non oak, oak, earth, tree fruit, vegetal, spices, tropical fruit, black fruit, floral, dried fruit","Pork, Rich fish (salmon, tuna etc), Shellfish, Mild and soft cheese","Chardonnay, Pinot Noir, Pinot Meunier"
Valdo Marca Oro Valdobbiadene Prosecco Superiore Extra Dry,Italy,14.49,3.7,images/Valdo_Marca_Oro_Valdobbiadene_Prosecco_Superiore_E.png,images/bottle_Valdo_Marca_Oro_Valdobbiadene_Prosecco_Supe.png,Conegliano-Valdobbiadene Prosecco Superiore,Valdo,"tree fruit, citrus fruit, earth, microbio, non oak, vegetal, oak, floral, tropical fruit, spices, red fruit, black fruit, dried fruit","Shellfish, Vegetarian, Appetizers and snacks, Aperitif, Cured Meat",Glera
Moët & Chandon Nectar Impérial (Demi-Sec) Champagne,France,52.99,4.2,images/Mot_Chandon_Nectar_Imprial_Demi_Sec_Champagne.png,images/bottle_Mot_Chandon_Nectar_Imprial_Demi_Sec_Champag.png,Champagne,Moët & Chandon,"tree fruit, earth, microbio, citrus fruit, non oak, oak, tropical fruit, spices, red fruit, vegetal, floral, black fruit, dried fruit","Pork, Rich fish (salmon, tuna etc), Shellfish, Mild and soft cheese","Chardonnay, Pinot Noir, Pinot Meunier"
Drappier Carte d'Or Brut Champagne,France,39.99,4,images/Drappier_Carte_dOr_Brut_Champagne.png,images/bottle_Drappier_Carte_dOr_Brut_Champagne.png,Champagne,Drappier,"tree fruit, non oak, citrus fruit, microbio, oak, earth, vegetal, spices, red fruit, tropical fruit, black fruit, floral, dried fruit","Pork, Rich fish (salmon, tuna etc), Shellfish, Mild and soft cheese","Chardonnay, Pinot Noir, Pinot Meunier"
Ruinart Dom Ruinart Blanc de Blancs Brut Champagne 1981,France,645,4.5,images/Ruinart_Dom_Ruinart_Blanc_de_Blancs_Brut_Champagne.png,images/bottle_Ruinart_Dom_Ruinart_Blanc_de_Blancs_Brut_Ch.png,Champagne,Ruinart,"non oak, microbio, oak, tree fruit, citrus fruit, earth, vegetal, spices, red fruit, tropical fruit, floral, dried fruit, black fruit","Pork, Rich fish (salmon, tuna etc), Shellfish, Mild and soft cheese","Chardonnay, Pinot Noir, Pinot Meunier"
Moët & Chandon Ice Impérial (Demi-Sec) Champagne,France,64.09,4.2,images/Mot_Chandon_Ice_Imprial_Demi_Sec_Champagne.png,images/bottle_Mot_Chandon_Ice_Imprial_Demi_Sec_Champagne.png,Champagne,Moët & Chandon,"tree fruit, citrus fruit, spices, red fruit, earth, tropical fruit, non oak, microbio, oak, vegetal, black fruit, floral, dried fruit","Pork, Rich fish (salmon, tuna etc), Shellfish, Mild and soft cheese","Chardonnay, Pinot Noir, Pinot Meunier"
Freixenet Cava Cordón Negro Brut,Spain,10.83,3.6,images/Freixenet_Cava_Cordn_Negro_Brut.png,images/bottle_Freixenet_Cava_Cordn_Negro_Brut.png,Cava,Freixenet,"tree fruit, citrus fruit, microbio, earth, non oak, oak, vegetal, spices, tropical fruit, red fruit, floral, dried fruit, black fruit","Shellfish, Appetizers and snacks, Lean fish, Aperitif, Cured Meat","Xarel-lo, Parellada, Trepat, Viura"
Philipponnat Royale Réserve Brut Champagne,France,85,4.1,images/Philipponnat_Royale_Rserve_Brut_Champagne.png,images/bottle_Philipponnat_Royale_Rserve_Brut_Champagne.png,Champagne,Philipponnat,"tree fruit, non oak, citrus fruit, oak, microbio, earth, vegetal, red fruit, spices, tropical fruit, floral, dried fruit, black fruit","Pork, Rich fish (salmon, tuna etc), Shellfish, Mild and soft cheese","Chardonnay, Pinot Noir, Pinot Meunier"
Dom Pérignon Brut Champagne 2008,France,600,4.6,images/Dom_Prignon_Brut_Champagne_2008.png,images/bottle_Dom_Prignon_Brut_Champagne_2008.png,Champagne,Dom Pérignon,"non oak, microbio, oak, tree fruit, citrus fruit, earth, vegetal, spices, tropical fruit, floral, red fruit, dried fruit, black fruit","Pork, Rich fish (salmon, tuna etc), Shellfish, Mild and soft cheese","Chardonnay, Pinot Noir, Pinot Meunier"
Segura Viudas Cava Reserva Heredad Brut,Spain,34.99,3.9,images/Segura_Viudas_Cava_Reserva_Heredad_Brut.png,images/bottle_Segura_Viudas_Cava_Reserva_Heredad_Brut.png,Cava,Segura Viudas,"tree fruit, citrus fruit, earth, microbio, non oak, oak, vegetal, tropical fruit, spices, red fruit, floral, dried fruit, black fruit","Shellfish, Appetizers and snacks, Lean fish, Aperitif, Cured Meat","Xarel-lo, Parellada, Trepat, Viura"
Piper-Heidsieck Cuvée Brut Champagne,France,39.99,4.1,images/Piper_Heidsieck_Cuve_Brut_Champagne.png,images/bottle_Piper_Heidsieck_Cuve_Brut_Champagne.png,Champagne,Piper-Heidsieck,"tree fruit, non oak, citrus fruit, oak, microbio, earth, vegetal, spices, tropical fruit, red fruit, floral, black fruit, dried fruit","Pork, Rich fish (salmon, tuna etc), Shellfish, Mild and soft cheese","Chardonnay, Pinot Noir, Pinot Meunier"
Veuve Clicquot Vintage Brut Champagne 1982,France,635,4.3,images/Veuve_Clicquot_Vintage_Brut_Champagne_1982.png,images/bottle_Veuve_Clicquot_Vintage_Brut_Champagne_1982.png,Champagne,Veuve Clicquot,"non oak, tree fruit, citrus fruit, microbio, oak, earth, vegetal, spices, tropical fruit, red fruit, dried fruit, floral, black fruit","Pork, Rich fish (salmon, tuna etc), Shellfish, Mild and soft cheese","Chardonnay, Pinot Noir, Pinot Meunier"
Piper-Heidsieck Brut Champagne,France,49.99,3.9,images/Piper_Heidsieck_Brut_Champagne.png,images/bottle_Piper_Heidsieck_Brut_Champagne.png,Champagne,Piper-Heidsieck,"tree fruit, non oak, citrus fruit, microbio, oak, earth, vegetal, spices, red fruit, tropical fruit, floral, dried fruit, black fruit","Pork, Rich fish (salmon, tuna etc), Shellfish, Mild and soft cheese","Chardonnay, Pinot Noir, Pinot Meunier"
La Gioiosa Prosecco Treviso,Italy,19.67,3.7,images/La_Gioiosa_Prosecco_Treviso.png,images/bottle_La_Gioiosa_Prosecco_Treviso.png,Prosecco di Treviso,La Gioiosa,"tree fruit, citrus fruit, earth, microbio, vegetal, non oak, oak, tropical fruit, floral, red fruit, spices, black fruit, dried fruit","Shellfish, Vegetarian, Appetizers and snacks, Aperitif, Cured Meat",Glera
Gosset Grande Réserve Brut Champagne,France,49,4.2,images/Gosset_Grande_Rserve_Brut_Champagne.png,images/bottle_Gosset_Grande_Rserve_Brut_Champagne.png,Champagne,Gosset,"tree fruit, non oak, citrus fruit, oak, microbio, earth, vegetal, spices, red fruit, tropical fruit, floral, black fruit, dried fruit","Pork, Rich fish (salmon, tuna etc), Shellfish, Mild and soft cheese","Chardonnay, Pinot Noir, Pinot Meunier"
Freixenet Cava Carta Nevada Brut,Spain,10.99,3.6,images/Freixenet_Cava_Carta_Nevada_Brut.png,images/bottle_Freixenet_Cava_Carta_Nevada_Brut.png,Cava,Freixenet,"tree fruit, citrus fruit, earth, microbio, non oak, oak, tropical fruit, vegetal, red fruit, spices, black fruit, floral, dried fruit","Shellfish, Appetizers and snacks, Lean fish, Aperitif, Cured Meat","Xarel-lo, Parellada, Trepat, Viura"
Domaine Les Temps Perdus - Clotilde Davenne Crémant de Bourgogne Brut Extra,France,27.99,3.8,images/Domaine_Les_Temps_Perdus_Clotilde_Davenne_Crmant_d.png,images/bottle_Domaine_Les_Temps_Perdus_Clotilde_Davenne_C.png,Crémant de Bourgogne,Domaine Les Temps Perdus - Clotilde Davenne,"citrus fruit, tree fruit, earth, microbio, non oak, oak, vegetal, red fruit, tropical fruit, spices, black fruit, floral, dried fruit","Shellfish, Poultry, Appetizers and snacks, Lean fish, Aperitif","Chardonnay, Pinot Gris, Pinot Noir, Roussanne, Pinot Blanc, Auxerrois"
Taittinger Brut La Francaise Champagne,France,49.99,4.2,images/Taittinger_Brut_La_Francaise_Champagne.png,images/bottle_Taittinger_Brut_La_Francaise_Champagne.png,Champagne,Taittinger,"tree fruit, non oak, citrus fruit, microbio, oak, earth, vegetal, spices, tropical fruit, red fruit, floral, black fruit, dried fruit","Pork, Rich fish (salmon, tuna etc), Shellfish, Mild and soft cheese","Chardonnay, Pinot Noir, Pinot Meunier"
Henriot Souverain Brut Champagne,France,52.99,4,images/Henriot_Souverain_Brut_Champagne.png,images/bottle_Henriot_Souverain_Brut_Champagne.png,Champagne,Henriot,"tree fruit, non oak, citrus fruit, microbio, oak, earth, vegetal, spices, red fruit, tropical fruit, floral, black fruit, dried fruit","Pork, Rich fish (salmon, tuna etc), Shellfish, Mild and soft cheese","Chardonnay, Pinot Noir, Pinot Meunier"
Santa Margherita Valdobbiadene Prosecco Superiore,Italy,21.99,3.8,images/Santa_Margherita_Valdobbiadene_Prosecco_Superiore.png,images/bottle_Santa_Margherita_Valdobbiadene_Prosecco_Sup.png,Conegliano-Valdobbiadene Prosecco Superiore,Santa Margherita,"tree fruit, citrus fruit, earth, microbio, non oak, oak, vegetal, tropical fruit, floral, spices, red fruit, dried fruit, black fruit","Shellfish, Vegetarian, Appetizers and snacks, Aperitif, Cured Meat",Glera
Ayala Brut Majeur Champagne,France,59.99,3.9,images/Ayala_Brut_Majeur_Champagne.png,images/bottle_Ayala_Brut_Majeur_Champagne.png,Champagne,Ayala,"citrus fruit, tree fruit, non oak, microbio, oak, earth, vegetal, spices, tropical fruit, floral, red fruit, dried fruit, black fruit","Pork, Rich fish (salmon, tuna etc), Shellfish, Mild and soft cheese","Chardonnay, Pinot Noir, Pinot Meunier"
Bellavista Alma Gran Cuvée Brut,Italy,24,3.9,images/Bellavista_Alma_Gran_Cuve_Brut.png,images/bottle_Bellavista_Alma_Gran_Cuve_Brut.png,Franciacorta,Bellavista,"tree fruit, citrus fruit, non oak, microbio, oak, earth, vegetal, spices, tropical fruit, floral, red fruit, black fruit, dried fruit","Shellfish, Appetizers and snacks, Lean fish, Mild and soft cheese, Aperitif","Chardonnay, Pinot Noir, Pinot Blanc"
Drappier Pinot Noir Brut Nature Champagne,France,49.77,4.1,images/Drappier_Pinot_Noir_Brut_Nature_Champagne.png,images/bottle_Drappier_Pinot_Noir_Brut_Nature_Champagne.png,Champagne,Drappier,"tree fruit, citrus fruit, non oak, oak, microbio, earth, red fruit, vegetal, spices, floral, black fruit, tropical fruit, dried fruit","Pork, Rich fish (salmon, tuna etc), Shellfish, Mild and soft cheese","Chardonnay, Pinot Noir, Pinot Meunier"
Sieur d'Arques Aimery Crémant de Limoux Grande Cuvée 1531,France,16.99,4,images/Sieur_dArques_Aimery_Crmant_de_Limoux_Grande_Cuve_.png,images/bottle_Sieur_dArques_Aimery_Crmant_de_Limoux_Grand.png,Crémant de Limoux,Sieur d'Arques,"tree fruit, citrus fruit, microbio, non oak, oak, earth, vegetal, spices, tropical fruit, red fruit, floral, dried fruit, black fruit","Shellfish, Poultry, Appetizers and snacks, Lean fish, Aperitif","Chardonnay, Pinot Gris, Pinot Noir, Roussanne, Pinot Blanc, Auxerrois"
Jacquart Mosaïque Brut Champagne,France,46.99,3.9,images/Jacquart_Mosaque_Brut_Champagne.png,images/bottle_Jacquart_Mosaque_Brut_Champagne.png,Champagne,Jacquart,"tree fruit, non oak, citrus fruit, microbio, oak, earth, vegetal, spices, tropical fruit, floral, red fruit, dried fruit, black fruit","Pork, Rich fish (salmon, tuna etc), Shellfish, Mild and soft cheese","Chardonnay, Pinot Noir, Pinot Meunier"
Bruno Paillard Première Cuvée Extra Brut Champagne,France,69.99,4.1,images/Bruno_Paillard_Premire_Cuve_Extra_Brut_Champagne.png,images/bottle_Bruno_Paillard_Premire_Cuve_Extra_Brut_Cham.png,Champagne,Bruno Paillard,"citrus fruit, tree fruit, non oak, microbio, oak, earth, vegetal, red fruit, spices, floral, tropical fruit, black fruit, dried fruit","Pork, Rich fish (salmon, tuna etc), Shellfish, Mild and soft cheese","Chardonnay, Pinot Noir, Pinot Meunier"
Heidsieck & Co. Monopole Blue Top Brut Champagne,France,46.99,3.8,images/Heidsieck_Co_Monopole_Blue_Top_Brut_Champagne.png,images/bottle_Heidsieck_Co_Monopole_Blue_Top_Brut_Champag.png,Champagne,Heidsieck & Co. Monopole,"tree fruit, non oak, citrus fruit, microbio, oak, earth, vegetal, spices, tropical fruit, red fruit, floral, black fruit, dried fruit","Pork, Rich fish (salmon, tuna etc), Shellfish, Mild and soft cheese","Chardonnay, Pinot Noir, Pinot Meunier"
Delamotte Brut Champagne Grand Cru 'Le Mesnil-sur-Oger',France,69.99,3.9,images/Delamotte_Brut_Champagne_Grand_Cru_Le_Mesnil_sur_O.png,images/bottle_Delamotte_Brut_Champagne_Grand_Cru_Le_Mesni.png,Champagne Grand Cru 'Le Mesnil-sur-Oger',Delamotte,"citrus fruit, tree fruit, non oak, microbio, oak, earth, vegetal, spices, tropical fruit, red fruit, floral, black fruit, dried fruit","Pork, Rich fish (salmon, tuna etc), Shellfish, Mild and soft cheese","Chardonnay, Pinot Noir, Pinot Meunier"
Laurent-Perrier Grand Siècle Champagne (Grande Cuvée),France,249.99,4.5,images/Laurent_Perrier_Grand_Sicle_Champagne_Grande_Cuve.png,images/bottle_Laurent_Perrier_Grand_Sicle_Champagne_Grand.png,Champagne,Laurent-Perrier,"non oak, microbio, oak, tree fruit, earth, citrus fruit, vegetal, spices, tropical fruit, floral, red fruit, dried fruit, black fruit","Pork, Rich fish (salmon, tuna etc), Shellfish, Mild and soft cheese","Chardonnay, Pinot Noir, Pinot Meunier"
Ruffino Prosecco,Italy,11.56,3.7,images/Ruffino_Prosecco.png,images/bottle_Ruffino_Prosecco.png,Prosecco,Ruffino,"tree fruit, citrus fruit, microbio, earth, non oak, vegetal, oak, tropical fruit, red fruit, floral, spices, black fruit, dried fruit","Shellfish, Vegetarian, Appetizers and snacks, Aperitif, Cured Meat",Glera
Schramsberg Blanc de Blancs Brut 2001,United States,142,4.1,images/Schramsberg_Blanc_de_Blancs_Brut_2001.png,images/bottle_Schramsberg_Blanc_de_Blancs_Brut_2001.png,North Coast,Schramsberg,"tree fruit, citrus fruit, microbio, non oak, oak, earth, vegetal, spices, tropical fruit, floral, red fruit, dried fruit, black fruit","Shellfish, Appetizers and snacks, Lean fish, Aperitif","Chardonnay, Pinot Noir"
CHANDON Brazil Réserve Brut,Brazil,48,3.7,images/CHANDON_Brazil_Rserve_Brut.png,images/bottle_CHANDON_Brazil_Rserve_Brut.png,Serra Gaúcha,CHANDON Brazil,"tree fruit, vegetal, microbio, citrus fruit, non oak, oak, tropical fruit, earth, red fruit, spices, floral, dried fruit, black fruit","Pork, Rich fish (salmon, tuna etc), Shellfish","Chardonnay, Pinot Gris, Pinot Noir, Sauvignon Blanc, Pinot Meunier, Verdejo, Muscatel, Glera"
Carpenè Malvolti Conegliano Valdobbiadene Prosecco Superiore Extra Dry,Italy,23,3.8,images/Carpen_Malvolti_Conegliano_Valdobbiadene_Prosecco_.png,images/bottle_Carpen_Malvolti_Conegliano_Valdobbiadene_Pr.png,Conegliano-Valdobbiadene Prosecco Superiore,Carpenè Malvolti,"tree fruit, citrus fruit, microbio, earth, oak, non oak, vegetal, tropical fruit, red fruit, floral, spices, black fruit, dried fruit","Shellfish, Vegetarian, Appetizers and snacks, Aperitif, Cured Meat",Glera
Taittinger Cuvée Prestige Brut Champagne,France,76.99,4.1,images/Taittinger_Cuve_Prestige_Brut_Champagne.png,images/bottle_Taittinger_Cuve_Prestige_Brut_Champagne.png,Champagne,Taittinger,"tree fruit, non oak, citrus fruit, microbio, oak, earth, vegetal, red fruit, spices, tropical fruit, floral, black fruit, dried fruit","Pork, Rich fish (salmon, tuna etc), Shellfish, Mild and soft cheese","Chardonnay, Pinot Noir, Pinot Meunier"
Michele Chiarlo Moscato d'Asti Nivole,Italy,11.99,4.2,images/Michele_Chiarlo_Moscato_dAsti_Nivole.png,images/bottle_Michele_Chiarlo_Moscato_dAsti_Nivole.png,Moscato d'Asti,Michele Chiarlo,"tree fruit, earth, citrus fruit, floral, tropical fruit, microbio, oak, spices, non oak, red fruit, vegetal, dried fruit, black fruit","Fruity desserts, Aperitif",Moscatel de grano menudo
Mumm Napa Brut Prestige,United States,16.98,3.8,images/Mumm_Napa_Brut_Prestige.png,images/bottle_Mumm_Napa_Brut_Prestige.png,Napa Valley,Mumm Napa,"tree fruit, citrus fruit, microbio, non oak, oak, earth, spices, vegetal, tropical fruit, red fruit, floral, dried fruit, black fruit","Shellfish, Appetizers and snacks, Lean fish, Aperitif","Chardonnay, Pinot Noir"
Louis Roederer Collection 242 Champagne,France,64.99,4.3,images/Louis_Roederer_Collection_242_Champagne.png,images/bottle_Louis_Roederer_Collection_242_Champagne.png,Champagne,Louis Roederer,"tree fruit, non oak, citrus fruit, oak, microbio, earth, vegetal, spices, floral, tropical fruit, red fruit, black fruit, dried fruit","Pork, Rich fish (salmon, tuna etc), Shellfish, Mild and soft cheese","Chardonnay, Pinot Noir, Pinot Meunier"
Taittinger Prestige Rosé Brut Champagne,France,79.99,4.1,images/Taittinger_Prestige_Ros_Brut_Champagne.png,images/bottle_Taittinger_Prestige_Ros_Brut_Champagne.png,Champagne,Taittinger,"red fruit, citrus fruit, non oak, microbio, oak, earth, tree fruit, black fruit, vegetal, spices, floral, dried fruit, tropical fruit","Pork, Rich fish (salmon, tuna etc), Shellfish, Mild and soft cheese","Chardonnay, Pinot Noir, Pinot Meunier"
Champagne Barons de Rothschild Brut Champagne,France,89.99,4.1,images/Champagne_Barons_de_Rothschild_Brut_Champagne.png,images/bottle_Champagne_Barons_de_Rothschild_Brut_Champag.png,Champagne,Champagne Barons de Rothschild,"tree fruit, non oak, microbio, citrus fruit, oak, earth, vegetal, spices, tropical fruit, floral, red fruit, dried fruit, black fruit","Pork, Rich fish (salmon, tuna etc), Shellfish, Mild and soft cheese","Chardonnay, Pinot Noir, Pinot Meunier"
Pierre Peters Cuvée de Réserve Blanc de Blancs Brut Champagne Grand Cru 'Le Mesnil-sur-Oger',France,60,4.1,images/Pierre_Peters_Cuve_de_Rserve_Blanc_de_Blancs_Brut_.png,images/bottle_Pierre_Peters_Cuve_de_Rserve_Blanc_de_Blanc.png,Champagne Grand Cru 'Le Mesnil-sur-Oger',Pierre Peters,"tree fruit, citrus fruit, non oak, microbio, earth, oak, vegetal, spices, floral, tropical fruit, red fruit, black fruit, dried fruit","Pork, Rich fish (salmon, tuna etc), Shellfish, Mild and soft cheese","Chardonnay, Pinot Noir, Pinot Meunier"
Joseph Perrier Brut Champagne (Cuvée Royale),France,60,3.9,images/Joseph_Perrier_Brut_Champagne_Cuve_Royale.png,images/bottle_Joseph_Perrier_Brut_Champagne_Cuve_Royale.png,Champagne,Joseph Perrier,"tree fruit, citrus fruit, non oak, microbio, oak, earth, vegetal, spices, red fruit, tropical fruit, floral, dried fruit, black fruit","Pork, Rich fish (salmon, tuna etc), Shellfish, Mild and soft cheese","Chardonnay, Pinot Noir, Pinot Meunier"
Nino Franco Rustico Valdobbiadene Prosecco Superiore,Italy,21.99,3.9,images/Nino_Franco_Rustico_Valdobbiadene_Prosecco_Superio.png,images/bottle_Nino_Franco_Rustico_Valdobbiadene_Prosecco_.png,Conegliano-Valdobbiadene Prosecco Superiore,Nino Franco,"tree fruit, citrus fruit, microbio, earth, non oak, vegetal, oak, tropical fruit, spices, floral, red fruit, black fruit, dried fruit","Shellfish, Vegetarian, Appetizers and snacks, Aperitif, Cured Meat",Glera
Freixenet Prosecco,Italy,17.99,3.7,images/Freixenet_Prosecco.png,images/bottle_Freixenet_Prosecco.png,Prosecco,Freixenet,"tree fruit, citrus fruit, earth, microbio, vegetal, tropical fruit, non oak, oak, floral, spices, red fruit, black fruit, dried fruit","Shellfish, Vegetarian, Appetizers and snacks, Aperitif, Cured Meat",Glera
Perrier-Jouët Blason Rosé Brut Champagne,France,59.99,4.2,images/Perrier_Jout_Blason_Ros_Brut_Champagne.png,images/bottle_Perrier_Jout_Blason_Ros_Brut_Champagne.png,Champagne,Perrier-Jouët,"red fruit, citrus fruit, microbio, non oak, tree fruit, oak, earth, spices, vegetal, floral, black fruit, dried fruit, tropical fruit","Pork, Rich fish (salmon, tuna etc), Shellfish, Mild and soft cheese","Chardonnay, Pinot Noir, Pinot Meunier"
CHANDON California Brut,United States,18.99,3.7,images/CHANDON_California_Brut.png,images/bottle_CHANDON_California_Brut.png,California,CHANDON California,"tree fruit, citrus fruit, microbio, non oak, oak, earth, vegetal, tropical fruit, red fruit, spices, floral, dried fruit, black fruit","Shellfish, Appetizers and snacks, Lean fish, Aperitif","Chardonnay, Pinot Noir"
Graham Beck Brut (Chardonnay - Pinot Noir),South Africa,21.99,3.9,images/Graham_Beck_Brut_Chardonnay_Pinot_Noir.png,images/bottle_Graham_Beck_Brut_Chardonnay_Pinot_Noir.png,Robertson,Graham Beck,"tree fruit, microbio, citrus fruit, non oak, oak, earth, vegetal, red fruit, tropical fruit, spices, floral, black fruit, dried fruit","Shellfish, Appetizers and snacks, Aperitif",
Le Mesnil Blanc de Blancs Brut Champagne Grand Cru N.V,France,54.99,4.1,images/Le_Mesnil_Blanc_de_Blancs_Brut_Champagne_Grand_Cru.png,images/bottle_Le_Mesnil_Blanc_de_Blancs_Brut_Champagne_Gr.png,Champagne Grand Cru,Le Mesnil,"tree fruit, non oak, microbio, oak, citrus fruit, earth, vegetal, spices, floral, tropical fruit, red fruit, dried fruit, black fruit","Pork, Rich fish (salmon, tuna etc), Shellfish, Mild and soft cheese","Chardonnay, Pinot Noir, Pinot Meunier"
Montaudon Brut Champagne,France,42.98,3.9,images/Montaudon_Brut_Champagne.png,images/bottle_Montaudon_Brut_Champagne.png,Champagne,Montaudon,"tree fruit, citrus fruit, microbio, non oak, oak, earth, vegetal, spices, red fruit, tropical fruit, black fruit, floral, dried fruit","Pork, Rich fish (salmon, tuna etc), Shellfish, Mild and soft cheese","Chardonnay, Pinot Noir, Pinot Meunier"
Veuve Clicquot Demi-Sec Champagne,France,39.99,4.3,images/Veuve_Clicquot_Demi_Sec_Champagne.png,images/bottle_Veuve_Clicquot_Demi_Sec_Champagne.png,Champagne,Veuve Clicquot,"tree fruit, citrus fruit, non oak, oak, earth, microbio, tropical fruit, red fruit, vegetal, spices, floral, dried fruit, black fruit","Pork, Rich fish (salmon, tuna etc), Shellfish, Mild and soft cheese","Chardonnay, Pinot Noir, Pinot Meunier"
Pierre Gimonnet & Fils Blanc de Blancs Cuvée Cuis Brut Champagne 1er Cru,France,59.99,4.1,images/Pierre_Gimonnet_Fils_Blanc_de_Blancs_Cuve_Cuis_Bru.png,images/bottle_Pierre_Gimonnet_Fils_Blanc_de_Blancs_Cuve_C.png,Champagne Premier Cru,Pierre Gimonnet & Fils,"tree fruit, citrus fruit, non oak, microbio, oak, earth, vegetal, spices, tropical fruit, floral, red fruit, dried fruit, black fruit","Pork, Rich fish (salmon, tuna etc), Shellfish, Mild and soft cheese","Chardonnay, Pinot Noir, Pinot Meunier"
Bérêche & Fils Brut Réserve Champagne,France,72,4.2,images/Brche_Fils_Brut_Rserve_Champagne.png,images/bottle_Brche_Fils_Brut_Rserve_Champagne.png,Champagne,Bérêche & Fils,"tree fruit, non oak, oak, citrus fruit, microbio, earth, vegetal, spices, red fruit, tropical fruit, floral, dried fruit, black fruit","Pork, Rich fish (salmon, tuna etc), Shellfish, Mild and soft cheese","Chardonnay, Pinot Noir, Pinot Meunier"
Jacques Selosse Initial Blanc de Blancs Brut Champagne Grand Cru 'Avize',France,599.99,4.6,images/Jacques_Selosse_Initial_Blanc_de_Blancs_Brut_Champ.png,images/bottle_Jacques_Selosse_Initial_Blanc_de_Blancs_Bru.png,Champagne Grand Cru 'Avize',Jacques Selosse,"non oak, oak, tree fruit, earth, microbio, citrus fruit, vegetal, spices, tropical fruit, floral, dried fruit, black fruit, red fruit","Pork, Rich fish (salmon, tuna etc), Shellfish, Mild and soft cheese","Chardonnay, Pinot Noir, Pinot Meunier"
Piper-Heidsieck Rosé Sauvage,France,64.99,3.9,images/Piper_Heidsieck_Ros_Sauvage.png,images/bottle_Piper_Heidsieck_Ros_Sauvage.png,Champagne,Piper-Heidsieck,"red fruit, citrus fruit, non oak, oak, microbio, tree fruit, earth, black fruit, vegetal, spices, floral, dried fruit, tropical fruit","Pork, Rich fish (salmon, tuna etc), Shellfish, Mild and soft cheese","Chardonnay, Pinot Noir, Pinot Meunier"
Gruet Méthode Champenoise Brut (Gold Label),United States,14.99,3.9,images/Gruet_Mthode_Champenoise_Brut_Gold_Label.png,images/bottle_Gruet_Mthode_Champenoise_Brut_Gold_Label.png,New Mexico,Gruet,"tree fruit, citrus fruit, microbio, non oak, oak, earth, vegetal, red fruit, spices, tropical fruit, black fruit, floral, dried fruit","Shellfish, Any junk food will do, Appetizers and snacks, Lean fish, Aperitif",
Zonin Prosecco,Italy,11.99,3.6,images/Zonin_Prosecco.png,images/bottle_Zonin_Prosecco.png,Prosecco,Zonin,"tree fruit, citrus fruit, microbio, earth, non oak, vegetal, oak, tropical fruit, spices, red fruit, floral, black fruit","Shellfish, Vegetarian, Appetizers and snacks, Aperitif, Cured Meat",Glera
Roederer Estate Brut,United States,14.99,3.9,images/Roederer_Estate_Brut.png,images/bottle_Roederer_Estate_Brut.png,Anderson Valley,Roederer Estate,"tree fruit, microbio, citrus fruit, non oak, oak, earth, vegetal, spices, tropical fruit, red fruit, floral, dried fruit, black fruit","Shellfish, Appetizers and snacks, Lean fish, Aperitif","Chardonnay, Pinot Noir"
Villa Sandi Prosecco Il Fresco Spumante,Italy,15.99,3.7,images/Villa_Sandi_Prosecco_Il_Fresco_Spumante.png,images/bottle_Villa_Sandi_Prosecco_Il_Fresco_Spumante.png,Prosecco,Villa Sandi,"tree fruit, citrus fruit, earth, microbio, vegetal, non oak, oak, tropical fruit, floral, spices, red fruit, black fruit, dried fruit","Shellfish, Vegetarian, Appetizers and snacks, Aperitif, Cured Meat",Glera
Duval-Leroy Brut Réserve Champagne,France,36.99,3.8,images/Duval_Leroy_Brut_Rserve_Champagne.png,images/bottle_Duval_Leroy_Brut_Rserve_Champagne.png,Champagne,Duval-Leroy,"tree fruit, citrus fruit, microbio, non oak, oak, earth, vegetal, spices, floral, black fruit, dried fruit, tropical fruit, red fruit","Pork, Rich fish (salmon, tuna etc), Shellfish, Mild and soft cheese","Chardonnay, Pinot Noir, Pinot Meunier"
Graham Beck Brut Rosé (Chardonnay - Pinot Noir),South Africa,21.99,3.9,images/Graham_Beck_Brut_Ros_Chardonnay_Pinot_Noir.png,images/bottle_Graham_Beck_Brut_Ros_Chardonnay_Pinot_Noir.png,Robertson,Graham Beck,"red fruit, microbio, citrus fruit, non oak, earth, tree fruit, oak, vegetal, spices, black fruit, tropical fruit, floral, dried fruit","Shellfish, Appetizers and snacks, Aperitif",
Larmandier-Bernier Longitude Blanc de Blancs Champagne Premier Cru,France,73.99,4.2,images/Larmandier_Bernier_Longitude_Blanc_de_Blancs_Champ.png,images/bottle_Larmandier_Bernier_Longitude_Blanc_de_Blanc.png,Champagne Premier Cru,Larmandier-Bernier,"tree fruit, citrus fruit, non oak, oak, microbio, earth, vegetal, spices, floral, tropical fruit, red fruit, dried fruit, black fruit","Pork, Rich fish (salmon, tuna etc), Shellfish, Mild and soft cheese","Chardonnay, Pinot Noir, Pinot Meunier"
Louis Roederer Blanc de Blancs Brut Champagne (Vintage) 1994,France,269,4.3,images/Louis_Roederer_Blanc_de_Blancs_Brut_Champagne_Vint.png,images/bottle_Louis_Roederer_Blanc_de_Blancs_Brut_Champag.png,Champagne,Louis Roederer,"tree fruit, citrus fruit, non oak, microbio, oak, earth, vegetal, spices, tropical fruit, floral, red fruit, black fruit, dried fruit","Pork, Rich fish (salmon, tuna etc), Shellfish, Mild and soft cheese","Chardonnay, Pinot Noir, Pinot Meunier"
Piper-Heidsieck Cuvée 1785 Brut Champagne,France,43.99,4.1,images/Piper_Heidsieck_Cuve_1785_Brut_Champagne.png,images/bottle_Piper_Heidsieck_Cuve_1785_Brut_Champagne.png,Champagne,Piper-Heidsieck,"tree fruit, citrus fruit, non oak, oak, microbio, earth, vegetal, spices, tropical fruit, floral, red fruit, black fruit, dried fruit","Pork, Rich fish (salmon, tuna etc), Shellfish, Mild and soft cheese","Chardonnay, Pinot Noir, Pinot Meunier"
Lanson Le Rosé Champagne,France,49.99,3.9,images/Lanson_Le_Ros_Champagne.png,images/bottle_Lanson_Le_Ros_Champagne.png,Champagne,Lanson,"red fruit, citrus fruit, tree fruit, microbio, non oak, earth, oak, vegetal, spices, floral, black fruit, dried fruit, tropical fruit","Pork, Rich fish (salmon, tuna etc), Shellfish, Mild and soft cheese","Chardonnay, Pinot Noir, Pinot Meunier"
Gancia Asti,Italy,18.69,3.9,images/Gancia_Asti.png,images/bottle_Gancia_Asti.png,Asti,Gancia,"tree fruit, earth, citrus fruit, microbio, tropical fruit, spices, oak, floral, non oak, red fruit, dried fruit, vegetal, black fruit","Sweet desserts, Fruity desserts, Aperitif",Moscato
Ferghettina Franciacorta Brut,Italy,33.49,3.8,images/Ferghettina_Franciacorta_Brut.png,images/bottle_Ferghettina_Franciacorta_Brut.png,Franciacorta,Ferghettina,"tree fruit, citrus fruit, microbio, non oak, earth, oak, vegetal, tropical fruit, spices, floral, red fruit, dried fruit","Shellfish, Appetizers and snacks, Lean fish, Mild and soft cheese, Aperitif","Chardonnay, Pinot Noir, Pinot Blanc"
Billecart-Salmon Blanc de Blancs Brut Champagne Grand Cru,France,110,4.4,images/Billecart_Salmon_Blanc_de_Blancs_Brut_Champagne_Gr.png,images/bottle_Billecart_Salmon_Blanc_de_Blancs_Brut_Champ.png,Champagne Grand Cru,Billecart-Salmon,"non oak, microbio, oak, tree fruit, citrus fruit, earth, vegetal, spices, floral, tropical fruit, red fruit, dried fruit, black fruit","Pork, Rich fish (salmon, tuna etc), Shellfish, Mild and soft cheese","Chardonnay, Pinot Noir, Pinot Meunier"
Mumm Napa Brut Rosé,United States,21.49,3.9,images/Mumm_Napa_Brut_Ros.png,images/bottle_Mumm_Napa_Brut_Ros.png,Napa Valley,Mumm Napa,"red fruit, citrus fruit, microbio, tree fruit, non oak, earth, oak, black fruit, vegetal, floral, spices, tropical fruit, dried fruit","Shellfish, Appetizers and snacks, Lean fish, Aperitif","Chardonnay, Pinot Noir"
Chartogne-Taillet Sainte Anne Brut,France,49.99,4,images/Chartogne_Taillet_Sainte_Anne_Brut.png,images/bottle_Chartogne_Taillet_Sainte_Anne_Brut.png,Champagne,Chartogne-Taillet,"tree fruit, non oak, citrus fruit, oak, microbio, earth, vegetal, spices, floral, red fruit, tropical fruit, dried fruit, black fruit","Pork, Rich fish (salmon, tuna etc), Shellfish, Mild and soft cheese","Chardonnay, Pinot Noir, Pinot Meunier"
Francois Montand Blanc de Blancs Brut,France,14.99,3.6,images/Francois_Montand_Blanc_de_Blancs_Brut.png,images/bottle_Francois_Montand_Blanc_de_Blancs_Brut.png,Jura,Francois Montand,"tree fruit, citrus fruit, microbio, non oak, oak, earth, spices, vegetal, red fruit, tropical fruit, floral, dried fruit","Shellfish, Poultry, Appetizers and snacks, Lean fish, Aperitif",
Marguet Shaman Champagne Grand Cru,France,74.95,4.2,images/Marguet_Shaman_Champagne_Grand_Cru.png,images/bottle_Marguet_Shaman_Champagne_Grand_Cru.png,Champagne Grand Cru,Marguet,"tree fruit, non oak, oak, microbio, citrus fruit, earth, red fruit, vegetal, spices, floral, black fruit, tropical fruit, dried fruit","Pork, Rich fish (salmon, tuna etc), Shellfish, Mild and soft cheese","Chardonnay, Pinot Noir, Pinot Meunier"
Albino Armani Prosecco,Italy,19.97,3.8,images/Albino_Armani_Prosecco.png,images/bottle_Albino_Armani_Prosecco.png,Prosecco,Albino Armani,"tree fruit, citrus fruit, earth, microbio, non oak, oak, vegetal, tropical fruit, spices, floral, red fruit, dried fruit, black fruit","Shellfish, Vegetarian, Appetizers and snacks, Aperitif, Cured Meat",Glera
Laherte Freres Blanc de Blancs Brut Nature Champagne,France,60.99,4.1,images/Laherte_Freres_Blanc_de_Blancs_Brut_Nature_Champag.png,images/bottle_Laherte_Freres_Blanc_de_Blancs_Brut_Nature_.png,Champagne,Laherte Freres,"tree fruit, citrus fruit, earth, non oak, microbio, oak, vegetal, spices, tropical fruit, floral, red fruit, dried fruit, black fruit","Pork, Rich fish (salmon, tuna etc), Shellfish, Mild and soft cheese","Chardonnay, Pinot Noir, Pinot Meunier"
Gancia Prosecco,Italy,12.99,3.6,images/Gancia_Prosecco.png,images/bottle_Gancia_Prosecco.png,Prosecco,Gancia,"tree fruit, citrus fruit, earth, microbio, vegetal, non oak, oak, tropical fruit, red fruit, floral, spices, black fruit","Shellfish, Vegetarian, Appetizers and snacks, Aperitif, Cured Meat",Glera
Risata Moscato d'Asti,Italy,11.99,4.2,images/Risata_Moscato_dAsti.png,images/bottle_Risata_Moscato_dAsti.png,Moscato d'Asti,Risata,"tree fruit, earth, citrus fruit, microbio, tropical fruit, floral, oak, vegetal, non oak, red fruit, spices, black fruit, dried fruit","Fruity desserts, Aperitif",Moscatel de grano menudo
Gratien & Meyer Crémant de Loire Brut,France,15.99,3.8,images/Gratien_Meyer_Crmant_de_Loire_Brut.png,images/bottle_Gratien_Meyer_Crmant_de_Loire_Brut.png,Crémant de Loire,Gratien & Meyer,"tree fruit, citrus fruit, microbio, non oak, earth, oak, vegetal, floral, red fruit, tropical fruit, spices, dried fruit","Shellfish, Poultry, Appetizers and snacks, Lean fish, Aperitif","Chardonnay, Pinot Gris, Pinot Noir, Roussanne, Pinot Blanc, Auxerrois"
Guido Berlucchi ‘61 Franciacorta Satèn,Italy,42.99,3.9,images/Guido_Berlucchi_61_Franciacorta_Satn.png,images/bottle_Guido_Berlucchi_61_Franciacorta_Satn.png,Franciacorta,Guido Berlucchi,"tree fruit, citrus fruit, microbio, oak, non oak, earth, tropical fruit, vegetal, spices, red fruit, dried fruit, black fruit, floral","Shellfish, Appetizers and snacks, Lean fish, Mild and soft cheese, Aperitif","Chardonnay, Pinot Noir, Pinot Blanc"
Henriot Blanc de Blancs Champagne,France,59.99,4.1,images/Henriot_Blanc_de_Blancs_Champagne.png,images/bottle_Henriot_Blanc_de_Blancs_Champagne.png,Champagne,Henriot,"tree fruit, non oak, citrus fruit, oak, microbio, earth, vegetal, spices, floral, tropical fruit, red fruit, dried fruit, black fruit","Pork, Rich fish (salmon, tuna etc), Shellfish, Mild and soft cheese","Chardonnay, Pinot Noir, Pinot Meunier"
Veuve du Vernay Ice Rosé,France,12.99,4,images/Veuve_du_Vernay_Ice_Ros.png,images/bottle_Veuve_du_Vernay_Ice_Ros.png,Bordeaux,Veuve du Vernay,"red fruit, oak, citrus fruit, non oak, microbio, spices, tree fruit, earth, tropical fruit, vegetal, black fruit, floral, dried fruit","Shellfish, Poultry, Appetizers and snacks, Lean fish, Aperitif",
Palmer & Co. Blanc de Blancs Champagne,France,71.99,4,images/Palmer_Co_Blanc_de_Blancs_Champagne.png,images/bottle_Palmer_Co_Blanc_de_Blancs_Champagne.png,Champagne,Palmer & Co.,"tree fruit, citrus fruit, non oak, microbio, earth, oak, vegetal, spices, tropical fruit, floral, red fruit, dried fruit, black fruit","Pork, Rich fish (salmon, tuna etc), Shellfish, Mild and soft cheese","Chardonnay, Pinot Noir, Pinot Meunier"
Agrapart & Fils Terroirs Blanc de Blancs Extra Brut Champagne Grand Cru 'Avize',France,92,4.2,images/Agrapart_Fils_Terroirs_Blanc_de_Blancs_Extra_Brut_.png,images/bottle_Agrapart_Fils_Terroirs_Blanc_de_Blancs_Extr.png,Champagne Grand Cru 'Avize',Agrapart & Fils,"tree fruit, citrus fruit, earth, oak, non oak, microbio, vegetal, spices, floral, tropical fruit, red fruit, dried fruit, black fruit","Pork, Rich fish (salmon, tuna etc), Shellfish, Mild and soft cheese","Chardonnay, Pinot Noir, Pinot Meunier"
Egly-Ouriet Les Vignes de Vrigny Brut Champagne Premier Cru,France,89,4.3,images/Egly_Ouriet_Les_Vignes_de_Vrigny_Brut_Champagne_Pr.png,images/bottle_Egly_Ouriet_Les_Vignes_de_Vrigny_Brut_Champ.png,Champagne Premier Cru,Egly-Ouriet,"non oak, tree fruit, oak, microbio, citrus fruit, earth, vegetal, spices, red fruit, tropical fruit, floral, dried fruit, black fruit","Pork, Rich fish (salmon, tuna etc), Shellfish, Mild and soft cheese","Chardonnay, Pinot Noir, Pinot Meunier"
Belstar Prosecco,Italy,13.99,3.7,images/Belstar_Prosecco.png,images/bottle_Belstar_Prosecco.png,Prosecco,Belstar,"tree fruit, citrus fruit, earth, microbio, non oak, vegetal, oak, tropical fruit, floral, red fruit, spices, black fruit, dried fruit","Shellfish, Vegetarian, Appetizers and snacks, Aperitif, Cured Meat",Glera
Domaine Ste. Michelle Brut,United States,15.49,3.6,images/Domaine_Ste_Michelle_Brut.png,images/bottle_Domaine_Ste_Michelle_Brut.png,Columbia Valley,Domaine Ste. Michelle,"tree fruit, citrus fruit, microbio, non oak, earth, oak, vegetal, red fruit, spices, tropical fruit, floral, black fruit, dried fruit","Shellfish, Any junk food will do, Appetizers and snacks, Lean fish, Aperitif",
JP. Chenet Original Blanc de Blancs Brut,France,10.99,3.5,images/JP_Chenet_Original_Blanc_de_Blancs_Brut.png,images/bottle_JP_Chenet_Original_Blanc_de_Blancs_Brut.png,Vin de France,JP. Chenet,"tree fruit, citrus fruit, microbio, earth, non oak, oak, vegetal, spices, tropical fruit, red fruit, floral, dried fruit, black fruit","Shellfish, Poultry, Appetizers and snacks, Lean fish, Aperitif",
Castillo Perelada Cava Brut Reserva,Spain,14.99,3.5,images/Castillo_Perelada_Cava_Brut_Reserva.png,images/bottle_Castillo_Perelada_Cava_Brut_Reserva.png,Cava,Castillo Perelada,"tree fruit, citrus fruit, microbio, non oak, earth, oak, vegetal, floral, spices, tropical fruit, red fruit, black fruit, dried fruit","Shellfish, Appetizers and snacks, Lean fish, Aperitif, Cured Meat","Xarel-lo, Parellada, Trepat, Viura"
Cavit Lunetta Prosecco,Italy,10.99,3.6,images/Cavit_Lunetta_Prosecco.png,images/bottle_Cavit_Lunetta_Prosecco.png,Prosecco,Cavit,"tree fruit, citrus fruit, earth, microbio, vegetal, non oak, tropical fruit, floral, red fruit, oak, dried fruit, spices, black fruit","Shellfish, Vegetarian, Appetizers and snacks, Aperitif, Cured Meat",Glera
Perrier-Jouët Blanc de Blancs Brut Champagne,France,75,4.2,images/Perrier_Jout_Blanc_de_Blancs_Brut_Champagne.png,images/bottle_Perrier_Jout_Blanc_de_Blancs_Brut_Champagne.png,Champagne,Perrier-Jouët,"citrus fruit, tree fruit, non oak, microbio, oak, earth, vegetal, floral, spices, red fruit, tropical fruit, black fruit","Pork, Rich fish (salmon, tuna etc), Shellfish, Mild and soft cheese","Chardonnay, Pinot Noir, Pinot Meunier"
Rivarose Brut Prestige Rosé,France,14.99,4.1,images/Rivarose_Brut_Prestige_Ros.png,images/bottle_Rivarose_Brut_Prestige_Ros.png,Méditerranée,Rivarose,"red fruit, tree fruit, citrus fruit, microbio, earth, oak, non oak, tropical fruit, spices, vegetal, floral, black fruit, dried fruit","Shellfish, Poultry, Appetizers and snacks, Lean fish, Aperitif",
Tarlant Zero Brut Nature Champagne,France,66.99,4.1,images/Tarlant_Zero_Brut_Nature_Champagne.png,images/bottle_Tarlant_Zero_Brut_Nature_Champagne.png,Champagne,Tarlant,"citrus fruit, tree fruit, non oak, earth, microbio, oak, vegetal, red fruit, spices, dried fruit, tropical fruit, floral, black fruit","Pork, Rich fish (salmon, tuna etc), Shellfish, Mild and soft cheese","Chardonnay, Pinot Noir, Pinot Meunier"
Bohigas Reserva Cava Brut,Spain,17.99,3.8,images/Bohigas_Reserva_Cava_Brut.png,images/bottle_Bohigas_Reserva_Cava_Brut.png,Cava,Bohigas,"tree fruit, citrus fruit, microbio, non oak, earth, oak, vegetal, tropical fruit, spices, floral, dried fruit, red fruit","Shellfish, Appetizers and snacks, Lean fish, Aperitif, Cured Meat","Xarel-lo, Parellada, Trepat, Viura"
Jansz Premium Cuvée,Australia,22.99,3.8,images/Jansz_Premium_Cuve.png,images/bottle_Jansz_Premium_Cuve.png,Tasmania,Jansz,"tree fruit, citrus fruit, microbio, non oak, oak, earth, red fruit, vegetal, floral, tropical fruit, spices, dried fruit, black fruit","Shellfish, Appetizers and snacks, Lean fish, Aperitif",
Pol Roger Rosé Brut Champagne 1996,France,390,4.2,images/Pol_Roger_Ros_Brut_Champagne_1996.png,images/bottle_Pol_Roger_Ros_Brut_Champagne_1996.png,Champagne,Pol Roger,"red fruit, microbio, citrus fruit, non oak, oak, earth, tree fruit, spices, floral, vegetal, black fruit, tropical fruit, dried fruit","Pork, Rich fish (salmon, tuna etc), Shellfish, Mild and soft cheese","Chardonnay, Pinot Noir, Pinot Meunier"
Nicolas Feuillatte Brut Champagne,France,37.49,3.8,images/Nicolas_Feuillatte_Brut_Champagne.png,images/bottle_Nicolas_Feuillatte_Brut_Champagne.png,Champagne Grand Cru 'Chouilly',Nicolas Feuillatte,"tree fruit, microbio, citrus fruit, non oak, oak, earth, vegetal, red fruit, spices, tropical fruit, floral, dried fruit, black fruit","Pork, Rich fish (salmon, tuna etc), Shellfish, Mild and soft cheese","Chardonnay, Pinot Noir, Pinot Meunier"
Billecart-Salmon Brut Sous Bois Champagne,France,99.99,4.3,images/Billecart_Salmon_Brut_Sous_Bois_Champagne.png,images/bottle_Billecart_Salmon_Brut_Sous_Bois_Champagne.png,Champagne,Billecart-Salmon,"oak, non oak, microbio, citrus fruit, tree fruit, earth, spices, vegetal, red fruit, floral, dried fruit, tropical fruit, black fruit","Pork, Rich fish (salmon, tuna etc), Shellfish, Mild and soft cheese","Chardonnay, Pinot Noir, Pinot Meunier"
Charles Heidsieck Rosé Réserve,France,69.99,4.2,images/Charles_Heidsieck_Ros_Rserve.png,images/bottle_Charles_Heidsieck_Ros_Rserve.png,Champagne,Charles Heidsieck,"red fruit, non oak, microbio, oak, citrus fruit, tree fruit, earth, spices, vegetal, black fruit, dried fruit, tropical fruit, floral","Pork, Rich fish (salmon, tuna etc), Shellfish, Mild and soft cheese","Chardonnay, Pinot Noir, Pinot Meunier"
Lucien Albrecht Cremant d'Alsace Brut Rosé,France,17.99,4.1,images/Lucien_Albrecht_Cremant_dAlsace_Brut_Ros.png,images/bottle_Lucien_Albrecht_Cremant_dAlsace_Brut_Ros.png,Crémant d'Alsace,Lucien Albrecht,"red fruit, microbio, tree fruit, citrus fruit, earth, non oak, oak, vegetal, tropical fruit, spices, floral, black fruit, dried fruit","Shellfish, Poultry, Appetizers and snacks, Lean fish, Aperitif","Chardonnay, Pinot Gris, Pinot Noir, Roussanne, Pinot Blanc, Auxerrois"
Aubry Brut Champagne Premier Cru,France,49.49,4,images/Aubry_Brut_Champagne_Premier_Cru.png,images/bottle_Aubry_Brut_Champagne_Premier_Cru.png,Champagne Premier Cru,Aubry,"tree fruit, citrus fruit, non oak, microbio, earth, oak, vegetal, spices, red fruit, floral, tropical fruit, black fruit","Pork, Rich fish (salmon, tuna etc), Shellfish, Mild and soft cheese","Chardonnay, Pinot Noir, Pinot Meunier"
Vilmart & Cie Grand Cellier Brut Champagne Premier Cru,France,77.99,4.3,images/Vilmart_Cie_Grand_Cellier_Brut_Champagne_Premier_C.png,images/bottle_Vilmart_Cie_Grand_Cellier_Brut_Champagne_Pr.png,Champagne Premier Cru,Vilmart & Cie,"citrus fruit, tree fruit, non oak, microbio, oak, earth, vegetal, spices, floral, tropical fruit, red fruit, black fruit, dried fruit","Pork, Rich fish (salmon, tuna etc), Shellfish, Mild and soft cheese","Chardonnay, Pinot Noir, Pinot Meunier"
Delamotte Blanc de Blancs Brut Champagne Grand Cru 'Le Mesnil-sur-Oger',France,77.99,4.1,images/Delamotte_Blanc_de_Blancs_Brut_Champagne_Grand_Cru.png,images/bottle_Delamotte_Blanc_de_Blancs_Brut_Champagne_Gr.png,Champagne Grand Cru 'Le Mesnil-sur-Oger',Delamotte,"citrus fruit, tree fruit, microbio, non oak, oak, earth, vegetal, spices, tropical fruit, floral, red fruit, black fruit, dried fruit","Pork, Rich fish (salmon, tuna etc), Shellfish, Mild and soft cheese","Chardonnay, Pinot Noir, Pinot Meunier"
Boizel Brut Réserve,France,44.99,4,images/Boizel_Brut_Rserve.png,images/bottle_Boizel_Brut_Rserve.png,Champagne,Boizel,"tree fruit, non oak, citrus fruit, oak, microbio, earth, vegetal, spices, floral, tropical fruit, red fruit, dried fruit, black fruit","Pork, Rich fish (salmon, tuna etc), Shellfish, Mild and soft cheese","Chardonnay, Pinot Noir, Pinot Meunier"
Cavicchioli Prosecco,Italy,11.66,3.8,images/Cavicchioli_Prosecco.png,images/bottle_Cavicchioli_Prosecco.png,Prosecco,Cavicchioli,"tree fruit, citrus fruit, earth, microbio, vegetal, oak, non oak, floral, tropical fruit, red fruit, spices, dried fruit, black fruit","Shellfish, Vegetarian, Appetizers and snacks, Aperitif, Cured Meat",Glera
Nicolas Feuillatte Palmes d'Or Brut Champagne 1985,France,620,4.3,images/Nicolas_Feuillatte_Palmes_dOr_Brut_Champagne_1985.png,images/bottle_Nicolas_Feuillatte_Palmes_dOr_Brut_Champagn.png,Champagne,Nicolas Feuillatte,"non oak, microbio, oak, tree fruit, earth, citrus fruit, vegetal, spices, floral, tropical fruit, dried fruit, red fruit, black fruit","Pork, Rich fish (salmon, tuna etc), Shellfish, Mild and soft cheese","Chardonnay, Pinot Noir, Pinot Meunier"
Thienot Brut Champagne,France,49.99,3.9,images/Thienot_Brut_Champagne.png,images/bottle_Thienot_Brut_Champagne.png,Champagne,Thienot,"tree fruit, non oak, citrus fruit, microbio, oak, earth, vegetal, spices, tropical fruit, red fruit, dried fruit, black fruit, floral","Pork, Rich fish (salmon, tuna etc), Shellfish, Mild and soft cheese","Chardonnay, Pinot Noir, Pinot Meunier"
Armand de Brignac Brut Gold Champagne,France,259.99,4.4,images/Armand_de_Brignac_Brut_Gold_Champagne.png,images/bottle_Armand_de_Brignac_Brut_Gold_Champagne.png,Champagne,Armand de Brignac,"tree fruit, non oak, oak, citrus fruit, microbio, earth, spices, vegetal, tropical fruit, floral, red fruit, dried fruit","Pork, Rich fish (salmon, tuna etc), Shellfish, Mild and soft cheese","Chardonnay, Pinot Noir, Pinot Meunier"
Jeio Valdobbiadene Prosecco Superiore Brut,Italy,13.99,3.7,images/Jeio_Valdobbiadene_Prosecco_Superiore_Brut.png,images/bottle_Jeio_Valdobbiadene_Prosecco_Superiore_Brut.png,Conegliano-Valdobbiadene Prosecco Superiore,Jeio,"tree fruit, citrus fruit, earth, microbio, vegetal, non oak, tropical fruit, oak, spices, floral, red fruit, black fruit","Shellfish, Vegetarian, Appetizers and snacks, Aperitif, Cured Meat",Glera
Veuve du Vernay Brut Rosé,France,13.49,3.7,images/Veuve_du_Vernay_Brut_Ros.png,images/bottle_Veuve_du_Vernay_Brut_Ros.png,Vin de France,Veuve du Vernay,"red fruit, tree fruit, citrus fruit, microbio, earth, non oak, oak, spices, floral, black fruit, tropical fruit, vegetal, dried fruit","Shellfish, Poultry, Appetizers and snacks, Lean fish, Aperitif",
Schramsberg Blanc de Noirs Brut 1997,United States,145,4.1,images/Schramsberg_Blanc_de_Noirs_Brut_1997.png,images/bottle_Schramsberg_Blanc_de_Noirs_Brut_1997.png,North Coast,Schramsberg,"tree fruit, microbio, non oak, citrus fruit, oak, earth, vegetal, red fruit, tropical fruit, spices, floral, black fruit, dried fruit","Shellfish, Appetizers and snacks, Lean fish, Aperitif","Chardonnay, Pinot Noir"
Bouvet Ladubay Bouvet Excellence Crémant de Loire Brut,France,16.99,3.8,images/Bouvet_Ladubay_Bouvet_Excellence_Crmant_de_Loire_B.png,images/bottle_Bouvet_Ladubay_Bouvet_Excellence_Crmant_de_.png,Crémant de Loire,Bouvet Ladubay,"tree fruit, citrus fruit, microbio, non oak, oak, red fruit, earth, tropical fruit, vegetal, spices, floral, dried fruit","Shellfish, Poultry, Appetizers and snacks, Lean fish, Aperitif","Chardonnay, Pinot Gris, Pinot Noir, Roussanne, Pinot Blanc, Auxerrois"
Boschendal Cap Classique Grande Cuvée Brut,South Africa,21.99,3.8,images/Boschendal_Cap_Classique_Grande_Cuve_Brut.png,images/bottle_Boschendal_Cap_Classique_Grande_Cuve_Brut.png,Stellenbosch,Boschendal,"citrus fruit, tree fruit, non oak, microbio, oak, earth, red fruit, vegetal, tropical fruit, floral, spices, dried fruit, black fruit","Shellfish, Appetizers and snacks, Aperitif",
Da Luca Prosecco,Italy,16.99,3.7,images/Da_Luca_Prosecco.png,images/bottle_Da_Luca_Prosecco.png,Prosecco,Da Luca,"tree fruit, citrus fruit, earth, microbio, non oak, tropical fruit, oak, vegetal, spices, red fruit, floral, dried fruit, black fruit","Shellfish, Vegetarian, Appetizers and snacks, Aperitif, Cured Meat",Glera
Larmandier-Bernier Latitude Extra Brut Champagne,France,79.99,4.2,images/Larmandier_Bernier_Latitude_Extra_Brut_Champagne.png,images/bottle_Larmandier_Bernier_Latitude_Extra_Brut_Cham.png,Champagne,Larmandier-Bernier,"tree fruit, non oak, citrus fruit, oak, microbio, earth, vegetal, spices, tropical fruit, floral, red fruit, dried fruit, black fruit","Pork, Rich fish (salmon, tuna etc), Shellfish, Mild and soft cheese","Chardonnay, Pinot Noir, Pinot Meunier"
Krug Rosé,France,200,4.6,images/Krug_Ros.png,images/bottle_Krug_Ros.png,Champagne,Krug,"red fruit, non oak, microbio, oak, citrus fruit, earth, tree fruit, spices, floral, black fruit, vegetal, dried fruit, tropical fruit","Pork, Rich fish (salmon, tuna etc), Shellfish, Mild and soft cheese","Chardonnay, Pinot Noir, Pinot Meunier"
Monte Rossa Sansevè Satèn Brut,Italy,47.99,3.9,images/Monte_Rossa_Sansev_Satn_Brut.png,images/bottle_Monte_Rossa_Sansev_Satn_Brut.png,Franciacorta,Monte Rossa,"tree fruit, oak, microbio, non oak, citrus fruit, earth, vegetal, spices, floral, tropical fruit, red fruit","Shellfish, Appetizers and snacks, Lean fish, Mild and soft cheese, Aperitif","Chardonnay, Pinot Noir, Pinot Blanc"
Egly-Ouriet Blanc de Noirs Brut Champagne Grand Cru 'Les Crayeres' Ambonnay,France,499.99,4.5,images/Egly_Ouriet_Blanc_de_Noirs_Brut_Champagne_Grand_Cr.png,images/bottle_Egly_Ouriet_Blanc_de_Noirs_Brut_Champagne_G.png,Champagne Grand Cru 'Ambonnay',Egly-Ouriet,"non oak, earth, oak, microbio, tree fruit, citrus fruit, vegetal, spices, red fruit, black fruit, floral, tropical fruit, dried fruit","Pork, Rich fish (salmon, tuna etc), Shellfish, Mild and soft cheese","Chardonnay, Pinot Noir, Pinot Meunier"
Jacques Lassaigne Les Vignes de Montgueux Extra Brut Blanc de Blancs Champagne,France,72,4.1,images/Jacques_Lassaigne_Les_Vignes_de_Montgueux_Extra_Br.png,images/bottle_Jacques_Lassaigne_Les_Vignes_de_Montgueux_E.png,Champagne,Jacques Lassaigne,"tree fruit, citrus fruit, earth, microbio, non oak, oak, vegetal, spices, floral, tropical fruit, red fruit, dried fruit","Pork, Rich fish (salmon, tuna etc), Shellfish, Mild and soft cheese","Chardonnay, Pinot Noir, Pinot Meunier"
Cupcake Prosecco,Italy,10.83,3.5,images/Cupcake_Prosecco.png,images/bottle_Cupcake_Prosecco.png,Prosecco,Cupcake,"tree fruit, citrus fruit, microbio, earth, oak, non oak, red fruit, tropical fruit, vegetal, spices, floral, dried fruit","Shellfish, Vegetarian, Appetizers and snacks, Aperitif, Cured Meat",Glera
Gloria Ferrer Sonoma Brut,United States,17.99,3.8,images/Gloria_Ferrer_Sonoma_Brut.png,images/bottle_Gloria_Ferrer_Sonoma_Brut.png,Los Carneros,Gloria Ferrer,"tree fruit, citrus fruit, microbio, non oak, oak, earth, vegetal, red fruit, tropical fruit, spices, floral, black fruit, dried fruit","Shellfish, Appetizers and snacks, Lean fish, Aperitif","Chardonnay, Pinot Noir"
Drappier Rosé de Saignée Brut Champagne,France,69.99,4,images/Drappier_Ros_de_Saigne_Brut_Champagne.png,images/bottle_Drappier_Ros_de_Saigne_Brut_Champagne.png,Champagne,Drappier,"red fruit, microbio, non oak, citrus fruit, earth, tree fruit, oak, vegetal, floral, spices, black fruit, tropical fruit, dried fruit","Pork, Rich fish (salmon, tuna etc), Shellfish, Mild and soft cheese","Chardonnay, Pinot Noir, Pinot Meunier"
CHANDON California Brut Rosé,United States,14.99,3.7,images/CHANDON_California_Brut_Ros.png,images/bottle_CHANDON_California_Brut_Ros.png,California,CHANDON California,"red fruit, microbio, citrus fruit, tree fruit, non oak, earth, oak, tropical fruit, vegetal, floral, spices, black fruit, dried fruit","Shellfish, Appetizers and snacks, Lean fish, Aperitif","Chardonnay, Pinot Noir"
Simonnet-Febvre Crémant de Bourgogne Brut,France,24.99,3.8,images/Simonnet_Febvre_Crmant_de_Bourgogne_Brut.png,images/bottle_Simonnet_Febvre_Crmant_de_Bourgogne_Brut.png,Crémant de Bourgogne,Simonnet-Febvre,"tree fruit, citrus fruit, microbio, earth, non oak, oak, vegetal, tropical fruit, red fruit, floral, spices, dried fruit, black fruit","Shellfish, Poultry, Appetizers and snacks, Lean fish, Aperitif","Chardonnay, Pinot Gris, Pinot Noir, Roussanne, Pinot Blanc, Auxerrois"
CHANDON Argentina Garden Spritz,Argentina,19.99,3.9,images/CHANDON_Argentina_Garden_Spritz.png,images/bottle_CHANDON_Argentina_Garden_Spritz.png,Mendoza,CHANDON Argentina,"citrus fruit, spices, tree fruit, earth, red fruit, non oak, oak, floral, microbio, black fruit, tropical fruit, vegetal, dried fruit","Shellfish, Any junk food will do, Appetizers and snacks, Lean fish, Aperitif",
Pinord Dibón Brut Reserve Cava,Spain,12.99,3.7,images/Pinord_Dibn_Brut_Reserve_Cava.png,images/bottle_Pinord_Dibn_Brut_Reserve_Cava.png,Cava,Pinord,"tree fruit, citrus fruit, microbio, non oak, earth, oak, vegetal, spices, red fruit, tropical fruit, floral, black fruit, dried fruit","Shellfish, Appetizers and snacks, Lean fish, Aperitif, Cured Meat","Xarel-lo, Parellada, Trepat, Viura"
Laurent-Perrier Ultra Brut Champagne (Brut Nature),France,93.99,4.1,images/Laurent_Perrier_Ultra_Brut_Champagne_Brut_Nature.png,images/bottle_Laurent_Perrier_Ultra_Brut_Champagne_Brut_N.png,Champagne,Laurent-Perrier,"citrus fruit, earth, tree fruit, non oak, microbio, oak, vegetal, floral, spices, red fruit, dried fruit, black fruit, tropical fruit","Pork, Rich fish (salmon, tuna etc), Shellfish, Mild and soft cheese","Chardonnay, Pinot Noir, Pinot Meunier"
Korbel Brut,United States,12.99,3.4,images/Korbel_Brut.png,images/bottle_Korbel_Brut.png,California,Korbel,"tree fruit, citrus fruit, microbio, non oak, earth, oak, red fruit, tropical fruit, spices, vegetal, floral, dried fruit, black fruit","Shellfish, Appetizers and snacks, Lean fish, Aperitif","Chardonnay, Pinot Noir"
Veuve Clicquot Extra Brut Extra Old Champagne,France,99.88,4.3,images/Veuve_Clicquot_Extra_Brut_Extra_Old_Champagne.png,images/bottle_Veuve_Clicquot_Extra_Brut_Extra_Old_Champag.png,Champagne,Veuve Clicquot,"citrus fruit, tree fruit, non oak, oak, microbio, earth, vegetal, spices, dried fruit, floral, tropical fruit, red fruit, black fruit","Pork, Rich fish (salmon, tuna etc), Shellfish, Mild and soft cheese","Chardonnay, Pinot Noir, Pinot Meunier"
J. Lassalle Preference Brut Champagne Premier Cru,France,48.99,4.1,images/J_Lassalle_Preference_Brut_Champagne_Premier_Cru.png,images/bottle_J_Lassalle_Preference_Brut_Champagne_Premie.png,Champagne Premier Cru,J. Lassalle,"tree fruit, citrus fruit, non oak, microbio, oak, earth, spices, vegetal, red fruit, floral, tropical fruit, dried fruit, black fruit","Pork, Rich fish (salmon, tuna etc), Shellfish, Mild and soft cheese","Chardonnay, Pinot Noir, Pinot Meunier"
Ulysse Collin Les Maillons Blanc de Noirs Extra Brut Champagne,France,449.99,4.4,images/Ulysse_Collin_Les_Maillons_Blanc_de_Noirs_Extra_Br.png,images/bottle_Ulysse_Collin_Les_Maillons_Blanc_de_Noirs_E.png,Champagne,Ulysse Collin,"earth, non oak, oak, tree fruit, microbio, citrus fruit, red fruit, vegetal, spices, tropical fruit, floral, dried fruit, black fruit","Pork, Rich fish (salmon, tuna etc), Shellfish, Mild and soft cheese","Chardonnay, Pinot Noir, Pinot Meunier"
Poema Cava Brut,Spain,12.99,3.6,images/Poema_Cava_Brut.png,images/bottle_Poema_Cava_Brut.png,Cava,Poema,"tree fruit, citrus fruit, earth, microbio, non oak, oak, vegetal, tropical fruit, spices, red fruit, floral, black fruit, dried fruit","Shellfish, Appetizers and snacks, Lean fish, Aperitif, Cured Meat","Xarel-lo, Parellada, Trepat, Viura"
Pierre Gerbais Grains de Celles Champagne,France,52,4.1,images/Pierre_Gerbais_Grains_de_Celles_Champagne.png,images/bottle_Pierre_Gerbais_Grains_de_Celles_Champagne.png,Champagne,Pierre Gerbais,"tree fruit, citrus fruit, non oak, microbio, oak, earth, red fruit, vegetal, spices, floral, tropical fruit, black fruit, dried fruit","Pork, Rich fish (salmon, tuna etc), Shellfish, Mild and soft cheese","Chardonnay, Pinot Noir, Pinot Meunier"
Louis Roederer Cristal Brut Champagne (Millésimé) 2002,France,480.99,4.7,images/Louis_Roederer_Cristal_Brut_Champagne_Millsim_2002.png,images/bottle_Louis_Roederer_Cristal_Brut_Champagne_Mills.png,Champagne,Louis Roederer,"non oak, tree fruit, citrus fruit, oak, microbio, earth, vegetal, spices, tropical fruit, floral, red fruit, dried fruit, black fruit","Pork, Rich fish (salmon, tuna etc), Shellfish, Mild and soft cheese","Chardonnay, Pinot Noir, Pinot Meunier"
Jacquart Mosaïque Rosé Champagne,France,51.99,3.9,images/Jacquart_Mosaque_Ros_Champagne.png,images/bottle_Jacquart_Mosaque_Ros_Champagne.png,Champagne,Jacquart,"red fruit, non oak, microbio, tree fruit, citrus fruit, oak, earth, vegetal, spices, floral, black fruit, dried fruit, tropical fruit","Pork, Rich fish (salmon, tuna etc), Shellfish, Mild and soft cheese","Chardonnay, Pinot Noir, Pinot Meunier"
Luc Belaire Rosé (Rare),France,19.99,3.9,images/Luc_Belaire_Ros_Rare.png,images/bottle_Luc_Belaire_Ros_Rare.png,Provence,Luc Belaire,"red fruit, microbio, citrus fruit, black fruit, tree fruit, earth, non oak, oak, spices, vegetal, floral, tropical fruit, dried fruit","Shellfish, Poultry, Appetizers and snacks, Lean fish, Aperitif",
Brilla Prosecco,Italy,12.99,3.9,images/Brilla_Prosecco.png,images/bottle_Brilla_Prosecco.png,Prosecco,Brilla,"tree fruit, citrus fruit, earth, microbio, vegetal, non oak, tropical fruit, oak, floral, spices, red fruit, black fruit, dried fruit","Shellfish, Vegetarian, Appetizers and snacks, Aperitif, Cured Meat",Glera
Duval-Leroy Blanc de Blancs Prestige Grand Cru,France,85,4.1,images/Duval_Leroy_Blanc_de_Blancs_Prestige_Grand_Cru.png,images/bottle_Duval_Leroy_Blanc_de_Blancs_Prestige_Grand_.png,Champagne Grand Cru,Duval-Leroy,"tree fruit, non oak, oak, citrus fruit, microbio, earth, vegetal, tropical fruit, dried fruit, spices, black fruit, red fruit","Pork, Rich fish (salmon, tuna etc), Shellfish, Mild and soft cheese","Chardonnay, Pinot Noir, Pinot Meunier"
Pasqua Vigneti e Cantine PassioneSentimento Prosecco,Italy,22.99,3.8,images/Pasqua_Vigneti_e_Cantine_PassioneSentimento_Prosec.png,images/bottle_Pasqua_Vigneti_e_Cantine_PassioneSentimento.png,Prosecco di Treviso,Pasqua Vigneti e Cantine,"tree fruit, citrus fruit, earth, microbio, non oak, oak, vegetal, red fruit, tropical fruit, floral, spices, black fruit","Shellfish, Vegetarian, Appetizers and snacks, Aperitif, Cured Meat",Glera
Laherte Freres Ultradition Extra-Brut Champagne,France,53,4.1,images/Laherte_Freres_Ultradition_Extra_Brut_Champagne.png,images/bottle_Laherte_Freres_Ultradition_Extra_Brut_Champ.png,Champagne,Laherte Freres,"tree fruit, non oak, oak, citrus fruit, microbio, earth, vegetal, red fruit, spices, floral, tropical fruit, dried fruit, black fruit","Pork, Rich fish (salmon, tuna etc), Shellfish, Mild and soft cheese","Chardonnay, Pinot Noir, Pinot Meunier"
Moët & Chandon Réserve Impériale Brut Champagne,France,64.81,4.1,images/Mot_Chandon_Rserve_Impriale_Brut_Champagne.png,images/bottle_Mot_Chandon_Rserve_Impriale_Brut_Champagne.png,Champagne,Moët & Chandon,"citrus fruit, non oak, tree fruit, microbio, oak, earth, vegetal, red fruit, dried fruit, tropical fruit, black fruit, spices","Pork, Rich fish (salmon, tuna etc), Shellfish, Mild and soft cheese","Chardonnay, Pinot Noir, Pinot Meunier"
Pol Roger Pure Extra Brut Champagne,France,86.99,4.1,images/Pol_Roger_Pure_Extra_Brut_Champagne.png,images/bottle_Pol_Roger_Pure_Extra_Brut_Champagne.png,Champagne,Pol Roger,"tree fruit, citrus fruit, non oak, microbio, oak, earth, vegetal, spices, red fruit, tropical fruit, floral, black fruit, dried fruit","Pork, Rich fish (salmon, tuna etc), Shellfish, Mild and soft cheese","Chardonnay, Pinot Noir, Pinot Meunier"
Chapel Down Classic Brut (Non Vintage),United Kingdom,45,4.1,images/Chapel_Down_Classic_Brut_Non_Vintage.png,images/bottle_Chapel_Down_Classic_Brut_Non_Vintage.png,England,Chapel Down,"tree fruit, citrus fruit, non oak, microbio, oak, earth, red fruit, vegetal, floral, spices, black fruit, tropical fruit, dried fruit","Shellfish, Appetizers and snacks, Lean fish, Aperitif","Chardonnay, Pinot Noir, Pinot Meunier"
Gaston Chiquet Tradition Brut Champagne 1er Cru,France,39.99,4,images/Gaston_Chiquet_Tradition_Brut_Champagne_1er_Cru.png,images/bottle_Gaston_Chiquet_Tradition_Brut_Champagne_1er.png,Champagne Premier Cru,Gaston Chiquet,"tree fruit, citrus fruit, non oak, microbio, oak, earth, vegetal, spices, red fruit, floral, dried fruit, tropical fruit, black fruit","Pork, Rich fish (salmon, tuna etc), Shellfish, Mild and soft cheese","Chardonnay, Pinot Noir, Pinot Meunier"
Jérôme Prévost La Closerie Les Béguines Extra Brut Champagne,France,279,4.4,images/Jrme_Prvost_La_Closerie_Les_Bguines_Extra_Brut_Cha.png,images/bottle_Jrme_Prvost_La_Closerie_Les_Bguines_Extra_B.png,Champagne,Jérôme Prévost,"earth, non oak, tree fruit, oak, citrus fruit, microbio, vegetal, spices, red fruit, floral, tropical fruit, dried fruit, black fruit","Pork, Rich fish (salmon, tuna etc), Shellfish, Mild and soft cheese","Chardonnay, Pinot Noir, Pinot Meunier"
Cleto Chiarli Centenario Lambrusco Grasparossa di Castelvetro Amabile,Italy,15,4,images/Cleto_Chiarli_Centenario_Lambrusco_Grasparossa_di_.png,images/bottle_Cleto_Chiarli_Centenario_Lambrusco_Grasparo.png,Lambrusco Grasparossa di Castelvetro,Cleto Chiarli,"red fruit, black fruit, earth, oak, microbio, non oak, dried fruit, floral, spices, citrus fruit, tree fruit, vegetal, tropical fruit","Mature and hard cheese, Cured Meat","Ancellotta, Lambrusco, Fortana, Malbo Gentile"
Duval-Leroy Fleur de Champage Prestige Premier Cru,France,54.99,3.9,images/Duval_Leroy_Fleur_de_Champage_Prestige_Premier_Cru.png,images/bottle_Duval_Leroy_Fleur_de_Champage_Prestige_Prem.png,Champagne Premier Cru,Duval-Leroy,"tree fruit, non oak, citrus fruit, microbio, oak, earth, vegetal, spices, tropical fruit, red fruit, floral, black fruit, dried fruit","Pork, Rich fish (salmon, tuna etc), Shellfish, Mild and soft cheese","Chardonnay, Pinot Noir, Pinot Meunier"
G.H. Mumm (Cordon Rouge) Le Rosé Brut Champagne,France,29.99,3.9,images/GH_Mumm_Cordon_Rouge_Le_Ros_Brut_Champagne.png,images/bottle_GH_Mumm_Cordon_Rouge_Le_Ros_Brut_Champagne.png,Champagne,G.H. Mumm,"red fruit, citrus fruit, microbio, non oak, oak, tree fruit, earth, spices, vegetal, floral, tropical fruit, black fruit, dried fruit","Pork, Rich fish (salmon, tuna etc), Shellfish, Mild and soft cheese","Chardonnay, Pinot Noir, Pinot Meunier"
Champagne Devaux Cuvée D Brut,France,59.99,4,images/Champagne_Devaux_Cuve_D_Brut.png,images/bottle_Champagne_Devaux_Cuve_D_Brut.png,Champagne,Champagne Devaux,"non oak, tree fruit, microbio, citrus fruit, oak, earth, vegetal, spices, tropical fruit, floral, red fruit, black fruit, dried fruit","Pork, Rich fish (salmon, tuna etc), Shellfish, Mild and soft cheese","Chardonnay, Pinot Noir, Pinot Meunier"
Taittinger Les Folies de la Marquetterie Champagne,France,100,4.2,images/Taittinger_Les_Folies_de_la_Marquetterie_Champagne.png,images/bottle_Taittinger_Les_Folies_de_la_Marquetterie_Ch.png,Champagne,Taittinger,"non oak, oak, tree fruit, microbio, citrus fruit, earth, spices, vegetal, red fruit, floral, tropical fruit, dried fruit, black fruit","Pork, Rich fish (salmon, tuna etc), Shellfish, Mild and soft cheese","Chardonnay, Pinot Noir, Pinot Meunier"
Huré Frères L'Invitation Brut Champagne,France,55,4,images/Hur_Frres_LInvitation_Brut_Champagne.png,images/bottle_Hur_Frres_LInvitation_Brut_Champagne.png,Champagne,Huré Frères,"tree fruit, citrus fruit, non oak, microbio, oak, earth, spices, red fruit, vegetal, floral, black fruit, tropical fruit, dried fruit","Pork, Rich fish (salmon, tuna etc), Shellfish, Mild and soft cheese","Chardonnay, Pinot Noir, Pinot Meunier"
Maschio Prosecco Brut,Italy,17.35,3.6,images/Maschio_Prosecco_Brut.png,images/bottle_Maschio_Prosecco_Brut.png,Prosecco,Maschio,"tree fruit, citrus fruit, microbio, non oak, earth, oak, vegetal, floral, tropical fruit, spices, red fruit, dried fruit, black fruit","Shellfish, Vegetarian, Appetizers and snacks, Aperitif, Cured Meat",Glera
Zardetto Z Prosecco Brut,Italy,17.99,3.6,images/Zardetto_Z_Prosecco_Brut.png,images/bottle_Zardetto_Z_Prosecco_Brut.png,Prosecco,Zardetto,"tree fruit, citrus fruit, microbio, earth, oak, non oak, tropical fruit, floral, vegetal, spices, black fruit, red fruit, dried fruit","Shellfish, Vegetarian, Appetizers and snacks, Aperitif, Cured Meat",Glera
Mumm Napa Cuvée M,United States,16.98,3.9,images/Mumm_Napa_Cuve_M.png,images/bottle_Mumm_Napa_Cuve_M.png,Napa Valley,Mumm Napa,"tree fruit, earth, citrus fruit, microbio, non oak, oak, spices, vegetal, red fruit, tropical fruit, floral, dried fruit, black fruit","Shellfish, Appetizers and snacks, Lean fish, Aperitif","Chardonnay, Pinot Noir"
Veuve Clicquot La Grande Dame Brut Champagne 2008,France,549.99,4.5,images/Veuve_Clicquot_La_Grande_Dame_Brut_Champagne_2008.png,images/bottle_Veuve_Clicquot_La_Grande_Dame_Brut_Champagn.png,Champagne,Veuve Clicquot,"non oak, oak, tree fruit, microbio, earth, citrus fruit, vegetal, spices, red fruit, floral, tropical fruit, dried fruit, black fruit","Pork, Rich fish (salmon, tuna etc), Shellfish, Mild and soft cheese","Chardonnay, Pinot Noir, Pinot Meunier"
Alberto Nani Organic Prosecco Extra Dry,Italy,13.99,3.8,images/Alberto_Nani_Organic_Prosecco_Extra_Dry.png,images/bottle_Alberto_Nani_Organic_Prosecco_Extra_Dry.png,Prosecco,Alberto Nani,"tree fruit, citrus fruit, earth, microbio, non oak, vegetal, oak, spices, floral, tropical fruit, red fruit, black fruit, dried fruit","Shellfish, Vegetarian, Appetizers and snacks, Aperitif, Cured Meat",Glera
Avinyó Petillant Blanc (Vi d'Agulla) 2024,Spain,19.99,4.2,images/Aviny_Petillant_Blanc_Vi_dAgulla_2024.png,images/bottle_Aviny_Petillant_Blanc_Vi_dAgulla_2024.png,Catalunya,Avinyó,"tree fruit, citrus fruit, earth, floral, tropical fruit, microbio, vegetal, oak, non oak, spices, red fruit, black fruit, dried fruit","Shellfish, Appetizers and snacks, Lean fish, Aperitif","Xarel-lo, Parellada, Trepat, Viura"
Santa Margherita Brut Rosé,Italy,22.99,3.8,images/Santa_Margherita_Brut_Ros.png,images/bottle_Santa_Margherita_Brut_Ros.png,Vino d'Italia,Santa Margherita,"red fruit, tree fruit, citrus fruit, earth, microbio, non oak, oak, vegetal, tropical fruit, spices, floral, black fruit, dried fruit","Appetizers and snacks, Aperitif",
Paul Bara Grand Rosé Brut Champagne Grand Cru 'Bouzy',France,76,4.1,images/Paul_Bara_Grand_Ros_Brut_Champagne_Grand_Cru_Bouzy.png,images/bottle_Paul_Bara_Grand_Ros_Brut_Champagne_Grand_Cr.png,Champagne Grand Cru 'Bouzy',Paul Bara,"red fruit, citrus fruit, tree fruit, microbio, non oak, oak, earth, vegetal, spices, floral, tropical fruit, black fruit, dried fruit","Pork, Rich fish (salmon, tuna etc), Shellfish, Mild and soft cheese","Chardonnay, Pinot Noir, Pinot Meunier"
Champagne Barons de Rothschild Rosé Champagne,France,124.99,4.2,images/Champagne_Barons_de_Rothschild_Ros_Champagne.png,images/bottle_Champagne_Barons_de_Rothschild_Ros_Champagn.png,Champagne,Champagne Barons de Rothschild,"red fruit, microbio, citrus fruit, non oak, tree fruit, oak, earth, vegetal, floral, spices, tropical fruit, black fruit, dried fruit","Pork, Rich fish (salmon, tuna etc), Shellfish, Mild and soft cheese","Chardonnay, Pinot Noir, Pinot Meunier"
Mouzon Leroux l'Atavique Tradition Champagne Grand Cru 'Verzy',France,70,4.1,images/Mouzon_Leroux_lAtavique_Tradition_Champagne_Grand_.png,images/bottle_Mouzon_Leroux_lAtavique_Tradition_Champagne.png,Champagne Grand Cru 'Verzy',Mouzon Leroux,"tree fruit, citrus fruit, microbio, non oak, oak, earth, vegetal, spices, floral, black fruit, red fruit, dried fruit, tropical fruit","Pork, Rich fish (salmon, tuna etc), Shellfish, Mild and soft cheese","Chardonnay, Pinot Noir, Pinot Meunier"
Antica Fratta Franciacorta Brut,Italy,29.99,3.8,images/Antica_Fratta_Franciacorta_Brut.png,images/bottle_Antica_Fratta_Franciacorta_Brut.png,Franciacorta,Antica Fratta,"citrus fruit, tree fruit, microbio, earth, non oak, oak, vegetal, spices, tropical fruit, floral","Shellfish, Appetizers and snacks, Lean fish, Mild and soft cheese, Aperitif","Chardonnay, Pinot Noir, Pinot Blanc"
Scharffenberger Brut Excellence,United States,21.99,3.7,images/Scharffenberger_Brut_Excellence.png,images/bottle_Scharffenberger_Brut_Excellence.png,Mendocino County,Scharffenberger,"tree fruit, microbio, non oak, citrus fruit, oak, earth, vegetal, red fruit, spices, tropical fruit, floral, black fruit, dried fruit","Shellfish, Appetizers and snacks, Lean fish, Aperitif","Chardonnay, Pinot Noir"
Jacquesson Cuvée No 740 Extra Brut Champagne,France,75.24,4.2,images/Jacquesson_Cuve_No_740_Extra_Brut_Champagne.png,images/bottle_Jacquesson_Cuve_No_740_Extra_Brut_Champagne.png,Champagne,Jacquesson,"tree fruit, microbio, non oak, oak, citrus fruit, earth, vegetal, spices, floral, red fruit, tropical fruit, dried fruit, black fruit","Pork, Rich fish (salmon, tuna etc), Shellfish, Mild and soft cheese","Chardonnay, Pinot Noir, Pinot Meunier"
Vouette et Sorbée Fidèle Champagne Brut Nature,France,215,4.3,images/Vouette_et_Sorbe_Fidle_Champagne_Brut_Nature.png,images/bottle_Vouette_et_Sorbe_Fidle_Champagne_Brut_Natur.png,Champagne,Vouette et Sorbée,"tree fruit, non oak, oak, earth, microbio, citrus fruit, red fruit, vegetal, spices, floral, black fruit, tropical fruit, dried fruit","Pork, Rich fish (salmon, tuna etc), Shellfish, Mild and soft cheese","Chardonnay, Pinot Noir, Pinot Meunier"
Château de Bligny Grande Réserve Brut Champagne,France,50.99,4,images/Chteau_de_Bligny_Grande_Rserve_Brut_Champagne.png,images/bottle_Chteau_de_Bligny_Grande_Rserve_Brut_Champag.png,Champagne,Château de Bligny,"tree fruit, citrus fruit, non oak, microbio, oak, earth, vegetal, tropical fruit, spices, dried fruit, floral, red fruit, black fruit","Pork, Rich fish (salmon, tuna etc), Shellfish, Mild and soft cheese","Chardonnay, Pinot Noir, Pinot Meunier"
Segura Viudas Cava Brut,Spain,11.99,3.7,images/Segura_Viudas_Cava_Brut.png,images/bottle_Segura_Viudas_Cava_Brut.png,Catalunya,Segura Viudas,"tree fruit, citrus fruit, earth, microbio, non oak, oak, vegetal, spices, floral, tropical fruit, red fruit, black fruit","Shellfish, Appetizers and snacks, Lean fish, Aperitif, Cured Meat","Xarel-lo, Parellada, Trepat, Viura"
Bollinger PN VZ Brut Champagne,France,119.98,4.4,images/Bollinger_PN_VZ_Brut_Champagne.png,images/bottle_Bollinger_PN_VZ_Brut_Champagne.png,Champagne,Bollinger,"tree fruit, non oak, oak, microbio, citrus fruit, earth, red fruit, vegetal, spices, floral, black fruit, dried fruit, tropical fruit","Pork, Rich fish (salmon, tuna etc), Shellfish, Mild and soft cheese","Chardonnay, Pinot Noir, Pinot Meunier"
Borrasca Valdobbiadene Prosecco Superiore,Italy,17.49,4,images/Borrasca_Valdobbiadene_Prosecco_Superiore.png,images/bottle_Borrasca_Valdobbiadene_Prosecco_Superiore.png,Conegliano-Valdobbiadene Prosecco Superiore,Borrasca,"tree fruit, citrus fruit, microbio, earth, non oak, vegetal, oak, tropical fruit, floral, spices, red fruit, dried fruit, black fruit","Shellfish, Vegetarian, Appetizers and snacks, Aperitif, Cured Meat",Glera
Ruffino Moscato d'Asti,Italy,18.99,4.2,images/Ruffino_Moscato_dAsti.png,images/bottle_Ruffino_Moscato_dAsti.png,Moscato d'Asti,Ruffino,"tree fruit, earth, tropical fruit, citrus fruit, microbio, floral, spices, oak, vegetal, non oak, red fruit","Fruity desserts, Aperitif",Moscatel de grano menudo
Legras & Haas Blanc de Blancs Brut Champagne Grand Cru 'Chouilly',France,44.99,4.1,images/Legras_Haas_Blanc_de_Blancs_Brut_Champagne_Grand_C.png,images/bottle_Legras_Haas_Blanc_de_Blancs_Brut_Champagne_.png,Champagne Grand Cru 'Chouilly',Legras & Haas,"citrus fruit, tree fruit, non oak, oak, microbio, earth, spices, vegetal, floral, tropical fruit, red fruit, black fruit, dried fruit","Pork, Rich fish (salmon, tuna etc), Shellfish, Mild and soft cheese","Chardonnay, Pinot Noir, Pinot Meunier"
Taittinger Comtes de Champagne Blanc de Blancs 2005,France,780,4.5,images/Taittinger_Comtes_de_Champagne_Blanc_de_Blancs_200.png,images/bottle_Taittinger_Comtes_de_Champagne_Blanc_de_Bla.png,Champagne,Taittinger,"non oak, microbio, oak, citrus fruit, tree fruit, earth, vegetal, spices, tropical fruit, floral, red fruit, dried fruit, black fruit","Pork, Rich fish (salmon, tuna etc), Shellfish, Mild and soft cheese","Chardonnay, Pinot Noir, Pinot Meunier"
Lucien Albrecht Cremant d'Alsace Brut,France,19.99,3.9,images/Lucien_Albrecht_Cremant_dAlsace_Brut.png,images/bottle_Lucien_Albrecht_Cremant_dAlsace_Brut.png,Crémant d'Alsace,Lucien Albrecht,"tree fruit, microbio, citrus fruit, non oak, earth, oak, red fruit, vegetal, floral, tropical fruit, spices, dried fruit","Shellfish, Poultry, Appetizers and snacks, Lean fish, Aperitif","Chardonnay, Pinot Gris, Pinot Noir, Roussanne, Pinot Blanc, Auxerrois"
Clos Amador Cava Reserva Brut Delicat,Spain,12.49,3.7,images/Clos_Amador_Cava_Reserva_Brut_Delicat.png,images/bottle_Clos_Amador_Cava_Reserva_Brut_Delicat.png,Cava,Clos Amador,"tree fruit, citrus fruit, non oak, microbio, oak, earth, tropical fruit, red fruit, spices, vegetal, floral","Shellfish, Appetizers and snacks, Lean fish, Aperitif, Cured Meat","Xarel-lo, Parellada, Trepat, Viura"
Dom Pérignon Brut Rosé Champagne 2006,France,399.99,4.6,images/Dom_Prignon_Brut_Ros_Champagne_2006.png,images/bottle_Dom_Prignon_Brut_Ros_Champagne_2006.png,Champagne,Dom Pérignon,"red fruit, non oak, microbio, earth, oak, citrus fruit, tree fruit, spices, vegetal, dried fruit, black fruit, floral, tropical fruit","Pork, Rich fish (salmon, tuna etc), Shellfish, Mild and soft cheese","Chardonnay, Pinot Noir, Pinot Meunier"
Famille Moutard Grande Cuvée Brut Champagne,France,39.99,3.9,images/Famille_Moutard_Grande_Cuve_Brut_Champagne.png,images/bottle_Famille_Moutard_Grande_Cuve_Brut_Champagne.png,Champagne,Famille Moutard,"tree fruit, non oak, microbio, oak, citrus fruit, earth, vegetal, red fruit, tropical fruit, spices, black fruit, floral, dried fruit","Pork, Rich fish (salmon, tuna etc), Shellfish, Mild and soft cheese","Chardonnay, Pinot Noir, Pinot Meunier"
Collet Art Déco Brut Champagne,France,54.99,3.9,images/Collet_Art_Dco_Brut_Champagne.png,images/bottle_Collet_Art_Dco_Brut_Champagne.png,Champagne,Collet,"citrus fruit, tree fruit, non oak, microbio, oak, earth, vegetal, spices, floral, tropical fruit, red fruit, dried fruit, black fruit","Pork, Rich fish (salmon, tuna etc), Shellfish, Mild and soft cheese","Chardonnay, Pinot Noir, Pinot Meunier"
Alfred Gratien Brut Champagne,France,65.99,3.9,images/Alfred_Gratien_Brut_Champagne.png,images/bottle_Alfred_Gratien_Brut_Champagne.png,Champagne,Alfred Gratien,"tree fruit, oak, non oak, citrus fruit, microbio, earth, vegetal, spices, red fruit, tropical fruit, floral, black fruit, dried fruit","Pork, Rich fish (salmon, tuna etc), Shellfish, Mild and soft cheese","Chardonnay, Pinot Noir, Pinot Meunier"
Moët & Chandon Nectar Impérial (Demi-Sec) Rosé Champagne,France,49.99,4.3,images/Mot_Chandon_Nectar_Imprial_Demi_Sec_Ros_Champagne.png,images/bottle_Mot_Chandon_Nectar_Imprial_Demi_Sec_Ros_Cha.png,Champagne,Moët & Chandon,"red fruit, tree fruit, microbio, citrus fruit, non oak, earth, oak, spices, vegetal, tropical fruit, floral, black fruit, dried fruit","Pork, Rich fish (salmon, tuna etc), Shellfish, Mild and soft cheese","Chardonnay, Pinot Noir, Pinot Meunier"
Patrick Bottex Bugey-Cerdon 'La Cueille',France,22.99,4.2,images/Patrick_Bottex_Bugey_Cerdon_La_Cueille.png,images/bottle_Patrick_Bottex_Bugey_Cerdon_La_Cueille.png,Bugey,Patrick Bottex,"red fruit, microbio, tree fruit, earth, oak, black fruit, non oak, citrus fruit, vegetal, floral, spices, dried fruit, tropical fruit","Shellfish, Poultry, Appetizers and snacks, Lean fish, Aperitif",
Laherte Freres Rosé de Meunier Extra Brut Champagne,France,44.99,4.1,images/Laherte_Freres_Ros_de_Meunier_Extra_Brut_Champagne.png,images/bottle_Laherte_Freres_Ros_de_Meunier_Extra_Brut_Ch.png,Champagne,Laherte Freres,"red fruit, earth, non oak, oak, microbio, citrus fruit, tree fruit, spices, vegetal, floral, black fruit, tropical fruit, dried fruit","Pork, Rich fish (salmon, tuna etc), Shellfish, Mild and soft cheese","Chardonnay, Pinot Noir, Pinot Meunier"
Adami Garbèl Prosecco Brut,Italy,17.99,3.9,images/Adami_Garbl_Prosecco_Brut.png,images/bottle_Adami_Garbl_Prosecco_Brut.png,Prosecco di Treviso,Adami,"tree fruit, citrus fruit, earth, microbio, oak, non oak, spices, vegetal, tropical fruit, floral, red fruit","Shellfish, Vegetarian, Appetizers and snacks, Aperitif, Cured Meat",Glera
J-M Sélèque Solessence Extra Brut Champagne,France,69.99,4.1,images/J_M_Slque_Solessence_Extra_Brut_Champagne.png,images/bottle_J_M_Slque_Solessence_Extra_Brut_Champagne.png,Champagne,J-M Sélèque,"tree fruit, citrus fruit, non oak, microbio, oak, earth, vegetal, red fruit, spices, dried fruit, floral, black fruit, tropical fruit","Pork, Rich fish (salmon, tuna etc), Shellfish, Mild and soft cheese","Chardonnay, Pinot Noir, Pinot Meunier"
La Marca Prosecco Rosé 2024,Italy,15.99,3.9,images/La_Marca_Prosecco_Ros_2024.png,images/bottle_La_Marca_Prosecco_Ros_2024.png,Prosecco,La Marca,"red fruit, tree fruit, citrus fruit, microbio, earth, oak, spices, tropical fruit, floral, vegetal, non oak, dried fruit, black fruit","Shellfish, Vegetarian, Appetizers and snacks, Aperitif, Cured Meat",Glera
Geoffroy Expression Brut Champagne Premier Cru,France,45,4,images/Geoffroy_Expression_Brut_Champagne_Premier_Cru.png,images/bottle_Geoffroy_Expression_Brut_Champagne_Premier_.png,Champagne Premier Cru,Geoffroy,"tree fruit, non oak, citrus fruit, microbio, oak, earth, vegetal, spices, tropical fruit, red fruit, floral, black fruit, dried fruit","Pork, Rich fish (salmon, tuna etc), Shellfish, Mild and soft cheese","Chardonnay, Pinot Noir, Pinot Meunier"
Gancia Moscato d'Asti,Italy,17.99,3.7,images/Gancia_Moscato_dAsti.png,images/bottle_Gancia_Moscato_dAsti.png,Moscato d'Asti,Gancia,"tree fruit, earth, tropical fruit, citrus fruit, microbio, floral, spices, oak, non oak, vegetal, black fruit","Fruity desserts, Aperitif",Moscatel de grano menudo
Masottina Prosecco Brut,Italy,14.99,3.7,images/Masottina_Prosecco_Brut.png,images/bottle_Masottina_Prosecco_Brut.png,Prosecco di Treviso,Masottina,"tree fruit, citrus fruit, earth, microbio, non oak, oak, vegetal, tropical fruit, spices, floral, red fruit, black fruit","Shellfish, Vegetarian, Appetizers and snacks, Aperitif, Cured Meat",Glera
Jansz Premium Rosé,Australia,23.33,4,images/Jansz_Premium_Ros.png,images/bottle_Jansz_Premium_Ros.png,Tasmania,Jansz,"red fruit, microbio, citrus fruit, tree fruit, non oak, oak, earth, floral, vegetal, spices, tropical fruit, black fruit, dried fruit","Shellfish, Appetizers and snacks, Lean fish, Aperitif",
Schramsberg Brut Rosé Mirabelle,United States,30.49,4,images/Schramsberg_Brut_Ros_Mirabelle.png,images/bottle_Schramsberg_Brut_Ros_Mirabelle.png,California,Schramsberg,"red fruit, citrus fruit, tree fruit, microbio, non oak, oak, earth, vegetal, tropical fruit, spices, floral, black fruit, dried fruit","Shellfish, Appetizers and snacks, Lean fish, Aperitif","Chardonnay, Pinot Noir"
Decoy Brut Cuvée,United States,13.88,3.9,images/Decoy_Brut_Cuve.png,images/bottle_Decoy_Brut_Cuve.png,California,Decoy,"tree fruit, citrus fruit, microbio, non oak, earth, oak, vegetal, red fruit, spices, tropical fruit, floral, black fruit, dried fruit","Shellfish, Appetizers and snacks, Lean fish, Aperitif","Chardonnay, Pinot Noir"
Nominé-Renard Brut Champagne,France,85.7,3.9,images/Nomin_Renard_Brut_Champagne.png,images/bottle_Nomin_Renard_Brut_Champagne.png,Champagne,Nominé-Renard,"tree fruit, citrus fruit, microbio, non oak, oak, earth, vegetal, red fruit, tropical fruit, floral, spices, black fruit, dried fruit","Pork, Rich fish (salmon, tuna etc), Shellfish, Mild and soft cheese","Chardonnay, Pinot Noir, Pinot Meunier"
Ulysse Collin Les Pierrières Blanc de Blancs Extra Brut Champagne,France,499,4.3,images/Ulysse_Collin_Les_Pierrires_Blanc_de_Blancs_Extra_.png,images/bottle_Ulysse_Collin_Les_Pierrires_Blanc_de_Blancs.png,Champagne,Ulysse Collin,"earth, citrus fruit, tree fruit, oak, non oak, microbio, spices, vegetal, tropical fruit, floral, black fruit, red fruit, dried fruit","Pork, Rich fish (salmon, tuna etc), Shellfish, Mild and soft cheese","Chardonnay, Pinot Noir, Pinot Meunier"
Louis Roederer Collection 245 Champagne,France,64.99,4.2,images/Louis_Roederer_Collection_245_Champagne.png,images/bottle_Louis_Roederer_Collection_245_Champagne.png,Champagne,Louis Roederer,,"Pork, Rich fish (salmon, tuna etc), Shellfish, Mild and soft cheese","Chardonnay, Pinot Noir, Pinot Meunier"
Perrier-Jouët Belle Epoque Rosé Brut Champagne 1986,France,649,4.5,images/Perrier_Jout_Belle_Epoque_Ros_Brut_Champagne_1986.png,images/bottle_Perrier_Jout_Belle_Epoque_Ros_Brut_Champagn.png,Champagne,Perrier-Jouët,"red fruit, non oak, citrus fruit, oak, microbio, tree fruit, earth, vegetal, floral, spices, black fruit, dried fruit, tropical fruit","Pork, Rich fish (salmon, tuna etc), Shellfish, Mild and soft cheese","Chardonnay, Pinot Noir, Pinot Meunier"
Marc Hébrart Sèlection Brut Champagne Premier Cru,France,69.99,4.1,images/Marc_Hbrart_Slection_Brut_Champagne_Premier_Cru.png,images/bottle_Marc_Hbrart_Slection_Brut_Champagne_Premier.png,Champagne Premier Cru,Marc Hébrart,"tree fruit, non oak, microbio, citrus fruit, oak, earth, vegetal, red fruit, spices, floral, black fruit, tropical fruit, dried fruit","Pork, Rich fish (salmon, tuna etc), Shellfish, Mild and soft cheese","Chardonnay, Pinot Noir, Pinot Meunier"
Laherte Freres Ultradition Brut Champagne,France,54.99,4.1,images/Laherte_Freres_Ultradition_Brut_Champagne.png,images/bottle_Laherte_Freres_Ultradition_Brut_Champagne.png,Champagne,Laherte Freres,"tree fruit, non oak, oak, microbio, earth, citrus fruit, vegetal, spices, red fruit, floral, black fruit, tropical fruit, dried fruit","Pork, Rich fish (salmon, tuna etc), Shellfish, Mild and soft cheese","Chardonnay, Pinot Noir, Pinot Meunier"
Guido Berlucchi ‘61 Franciacorta Rosé,Italy,45,3.9,images/Guido_Berlucchi_61_Franciacorta_Ros.png,images/bottle_Guido_Berlucchi_61_Franciacorta_Ros.png,Franciacorta,Guido Berlucchi,"red fruit, citrus fruit, microbio, non oak, tree fruit, oak, earth, vegetal, spices, tropical fruit, floral","Shellfish, Appetizers and snacks, Lean fish, Mild and soft cheese, Aperitif","Chardonnay, Pinot Noir, Pinot Blanc"
Champagne Telmont Réserve Brut Champagne,France,68.99,4.1,images/Champagne_Telmont_Rserve_Brut_Champagne.png,images/bottle_Champagne_Telmont_Rserve_Brut_Champagne.png,Champagne,Champagne Telmont,"tree fruit, non oak, citrus fruit, oak, microbio, earth, tropical fruit, spices, floral, vegetal, black fruit, red fruit, dried fruit","Pork, Rich fish (salmon, tuna etc), Shellfish, Mild and soft cheese","Chardonnay, Pinot Noir, Pinot Meunier"
Rotari Brut Rosé,Italy,16.99,3.5,images/Rotari_Brut_Ros.png,images/bottle_Rotari_Brut_Ros.png,Trento,Rotari,"red fruit, citrus fruit, tree fruit, non oak, microbio, oak, earth, vegetal, black fruit, floral, tropical fruit, spices","Shellfish, Any junk food will do, Appetizers and snacks, Lean fish, Aperitif",
Marcel Pierre Brut Champagne,France,29,3.9,images/Marcel_Pierre_Brut_Champagne.png,images/bottle_Marcel_Pierre_Brut_Champagne.png,Champagne,Marcel Pierre,"tree fruit, citrus fruit, microbio, non oak, earth, oak, vegetal, red fruit, tropical fruit, spices, floral","Pork, Rich fish (salmon, tuna etc), Shellfish, Mild and soft cheese","Chardonnay, Pinot Noir, Pinot Meunier"
Nicolas Feuillatte Brut Rosé Champagne,France,59.99,3.8,images/Nicolas_Feuillatte_Brut_Ros_Champagne.png,images/bottle_Nicolas_Feuillatte_Brut_Ros_Champagne.png,Champagne Grand Cru 'Chouilly',Nicolas Feuillatte,"red fruit, citrus fruit, earth, microbio, tree fruit, oak, non oak, black fruit, spices, vegetal, floral, tropical fruit, dried fruit","Pork, Rich fish (salmon, tuna etc), Shellfish, Mild and soft cheese","Chardonnay, Pinot Noir, Pinot Meunier"
La Maison du Champagne Aubert et Fils Brut Champagne,France,34.99,3.7,images/La_Maison_du_Champagne_Aubert_et_Fils_Brut_Champag.png,images/bottle_La_Maison_du_Champagne_Aubert_et_Fils_Brut_.png,Champagne,La Maison du Champagne,"tree fruit, citrus fruit, microbio, non oak, oak, earth, tropical fruit, spices, red fruit, vegetal, dried fruit","Pork, Rich fish (salmon, tuna etc), Shellfish, Mild and soft cheese","Chardonnay, Pinot Noir, Pinot Meunier"
Geoffroy Rosé de Saignée Brut Champagne Premier Cru,France,49.99,4.1,images/Geoffroy_Ros_de_Saigne_Brut_Champagne_Premier_Cru.png,images/bottle_Geoffroy_Ros_de_Saigne_Brut_Champagne_Premi.png,Champagne Premier Cru,Geoffroy,"red fruit, citrus fruit, microbio, earth, non oak, oak, tree fruit, spices, vegetal, black fruit, floral, tropical fruit, dried fruit","Pork, Rich fish (salmon, tuna etc), Shellfish, Mild and soft cheese","Chardonnay, Pinot Noir, Pinot Meunier"
Hattingley Valley Classic Reserve,United Kingdom,46.99,4,images/Hattingley_Valley_Classic_Reserve.png,images/bottle_Hattingley_Valley_Classic_Reserve.png,England,Hattingley Valley,"tree fruit, non oak, citrus fruit, microbio, oak, earth, vegetal, spices, tropical fruit, floral, red fruit, black fruit, dried fruit","Shellfish, Appetizers and snacks, Lean fish, Aperitif","Chardonnay, Pinot Noir, Pinot Meunier"
Billecart-Salmon Extra Brut Champagne,France,147,4.1,images/Billecart_Salmon_Extra_Brut_Champagne.png,images/bottle_Billecart_Salmon_Extra_Brut_Champagne.png,Champagne,Billecart-Salmon,"citrus fruit, tree fruit, non oak, microbio, earth, oak, vegetal, spices, floral, tropical fruit, red fruit, dried fruit, black fruit","Pork, Rich fish (salmon, tuna etc), Shellfish, Mild and soft cheese","Chardonnay, Pinot Noir, Pinot Meunier"
Jacquesson Cuvee No 744 Extra Brut Champagne,France,89.99,4.3,images/Jacquesson_Cuvee_No_744_Extra_Brut_Champagne.png,images/bottle_Jacquesson_Cuvee_No_744_Extra_Brut_Champagn.png,Champagne,Jacquesson,"citrus fruit, tree fruit, non oak, oak, microbio, earth, vegetal, spices, floral, red fruit, dried fruit, tropical fruit","Pork, Rich fish (salmon, tuna etc), Shellfish, Mild and soft cheese","Chardonnay, Pinot Noir, Pinot Meunier"
Piper Sonoma Brut (Select Cuvée),United States,19.99,3.7,images/Piper_Sonoma_Brut_Select_Cuve.png,images/bottle_Piper_Sonoma_Brut_Select_Cuve.png,Sonoma County,Piper Sonoma,"tree fruit, citrus fruit, microbio, non oak, oak, earth, vegetal, spices, tropical fruit, red fruit, floral, black fruit, dried fruit","Shellfish, Appetizers and snacks, Lean fish, Aperitif","Chardonnay, Pinot Noir"
Gemma di Luna Moscato,Italy,14.99,4.1,images/Gemma_di_Luna_Moscato.png,images/bottle_Gemma_di_Luna_Moscato.png,Piemonte,Gemma di Luna,"tree fruit, citrus fruit, earth, tropical fruit, microbio, non oak, oak, vegetal, spices, floral, red fruit","Appetizers and snacks, Aperitif",
Barefoot Bubbly Pink Moscato (Champagne),United States,10.99,3.7,images/Barefoot_Bubbly_Pink_Moscato_Champagne.png,images/bottle_Barefoot_Bubbly_Pink_Moscato_Champagne.png,California,Barefoot,"red fruit, tree fruit, citrus fruit, earth, microbio, tropical fruit, non oak, floral, oak, spices, black fruit, dried fruit, vegetal","Shellfish, Appetizers and snacks, Lean fish, Aperitif","Chardonnay, Pinot Noir"
Jeio Prosecco Brut,Italy,13.99,3.7,images/Jeio_Prosecco_Brut.png,images/bottle_Jeio_Prosecco_Brut.png,Prosecco,Jeio,"tree fruit, citrus fruit, microbio, earth, non oak, floral, vegetal, oak, tropical fruit, spices, red fruit, black fruit","Shellfish, Vegetarian, Appetizers and snacks, Aperitif, Cured Meat",Glera
Gaston Chiquet Blanc de Blancs Brut Champagne Grand Cru 'Aÿ',France,55,4.1,images/Gaston_Chiquet_Blanc_de_Blancs_Brut_Champagne_Gran.png,images/bottle_Gaston_Chiquet_Blanc_de_Blancs_Brut_Champag.png,Champagne Grand Cru 'Aÿ',Gaston Chiquet,"tree fruit, citrus fruit, non oak, earth, microbio, oak, spices, vegetal, tropical fruit, red fruit, floral, dried fruit","Pork, Rich fish (salmon, tuna etc), Shellfish, Mild and soft cheese","Chardonnay, Pinot Noir, Pinot Meunier"
Charles-le-Bel Inspiration 1818 Brut Champagne,France,59.98,4.1,images/Charles_le_Bel_Inspiration_1818_Brut_Champagne.png,images/bottle_Charles_le_Bel_Inspiration_1818_Brut_Champa.png,Champagne,Charles-le-Bel,"tree fruit, non oak, citrus fruit, oak, microbio, earth, vegetal, spices, floral, dried fruit, black fruit, tropical fruit, red fruit","Pork, Rich fish (salmon, tuna etc), Shellfish, Mild and soft cheese","Chardonnay, Pinot Noir, Pinot Meunier"
Freixenet Cuvée Especial Ice Rosé,Spain,14.99,3.8,images/Freixenet_Cuve_Especial_Ice_Ros.png,images/bottle_Freixenet_Cuve_Especial_Ice_Ros.png,Cava,Freixenet,"red fruit, tree fruit, citrus fruit, black fruit, tropical fruit, earth, microbio, spices, floral, dried fruit, vegetal, non oak","Shellfish, Appetizers and snacks, Lean fish, Aperitif, Cured Meat","Xarel-lo, Parellada, Trepat, Viura"
Bouvet Ladubay Bouvet Excellence Crémant de Loire Rosé Brut,France,16.99,3.9,images/Bouvet_Ladubay_Bouvet_Excellence_Crmant_de_Loire_R.png,images/bottle_Bouvet_Ladubay_Bouvet_Excellence_Crmant_de_.png,Crémant de Loire,Bouvet Ladubay,"red fruit, microbio, tree fruit, citrus fruit, non oak, earth, oak, spices, vegetal, floral, black fruit, tropical fruit, dried fruit","Shellfish, Poultry, Appetizers and snacks, Lean fish, Aperitif","Chardonnay, Pinot Gris, Pinot Noir, Roussanne, Pinot Blanc, Auxerrois"
Laurent-Perrier Blanc de Blancs Brut Nature,France,104.99,4.3,images/Laurent_Perrier_Blanc_de_Blancs_Brut_Nature.png,images/bottle_Laurent_Perrier_Blanc_de_Blancs_Brut_Nature.png,Champagne,Laurent-Perrier,"citrus fruit, tree fruit, non oak, microbio, oak, earth, vegetal, spices, floral","Pork, Rich fish (salmon, tuna etc), Shellfish, Mild and soft cheese","Chardonnay, Pinot Noir, Pinot Meunier"
Paul Goerg Blanc de Blancs Brut Champagne Premier Cru,France,59.99,4,images/Paul_Goerg_Blanc_de_Blancs_Brut_Champagne_Premier_.png,images/bottle_Paul_Goerg_Blanc_de_Blancs_Brut_Champagne_P.png,Champagne Premier Cru,Paul Goerg,"oak, tree fruit, non oak, citrus fruit, microbio, earth, vegetal, spices, tropical fruit, red fruit, floral, black fruit, dried fruit","Pork, Rich fish (salmon, tuna etc), Shellfish, Mild and soft cheese","Chardonnay, Pinot Noir, Pinot Meunier"
JCB (Jean-Charles Boisset) JCB No. 69 Rosé Burgundy,France,34.99,4.1,images/JCB_Jean_Charles_Boisset_JCB_No_69_Ros_Burgundy.png,images/bottle_JCB_Jean_Charles_Boisset_JCB_No_69_Ros_Burg.png,Crémant de Bourgogne,JCB (Jean-Charles Boisset),"red fruit, microbio, citrus fruit, tree fruit, non oak, earth, oak, spices, vegetal, floral, black fruit, tropical fruit, dried fruit","Shellfish, Poultry, Appetizers and snacks, Lean fish, Aperitif","Chardonnay, Pinot Gris, Pinot Noir, Roussanne, Pinot Blanc, Auxerrois"
Cipriani Bellini Cipriani,Italy,13.99,4.2,images/Cipriani_Bellini_Cipriani.png,images/bottle_Cipriani_Bellini_Cipriani.png,Vino d'Italia,Cipriani,"tree fruit, tropical fruit, citrus fruit, earth, red fruit, floral, black fruit, dried fruit","Appetizers and snacks, Aperitif",
Pierre Sparr Crémant d'Alsace Brut Rosé,France,18.99,4,images/Pierre_Sparr_Crmant_dAlsace_Brut_Ros.png,images/bottle_Pierre_Sparr_Crmant_dAlsace_Brut_Ros.png,Crémant d'Alsace,Pierre Sparr,"red fruit, microbio, citrus fruit, tree fruit, earth, non oak, oak, spices, vegetal, floral, black fruit, dried fruit","Shellfish, Poultry, Appetizers and snacks, Lean fish, Aperitif","Chardonnay, Pinot Gris, Pinot Noir, Roussanne, Pinot Blanc, Auxerrois"
Alasia Moscato d'Asti 2024,Italy,13.99,4,images/Alasia_Moscato_dAsti_2024.png,images/bottle_Alasia_Moscato_dAsti_2024.png,Moscato d'Asti,Alasia,"tree fruit, earth, tropical fruit, citrus fruit, floral, microbio, spices, vegetal, non oak, oak, red fruit, black fruit, dried fruit","Fruity desserts, Aperitif",Moscatel de grano menudo
Sérol Turbullent,France,24.99,4,images/Srol_Turbullent.png,images/bottle_Srol_Turbullent.png,Lower Loire,Sérol,"red fruit, tree fruit, microbio, citrus fruit, earth, vegetal, floral, non oak, spices, black fruit, tropical fruit, oak, dried fruit","Shellfish, Poultry, Appetizers and snacks, Lean fish, Aperitif",
Medici Ermete i Quercioli Reggiano Lambrusco Dolce,Italy,13.99,3.8,images/Medici_Ermete_i_Quercioli_Reggiano_Lambrusco_Dolce.png,images/bottle_Medici_Ermete_i_Quercioli_Reggiano_Lambrusc.png,Reggiano,Medici Ermete,"red fruit, black fruit, earth, microbio, oak, non oak, spices, vegetal, dried fruit, tree fruit, floral","Mature and hard cheese, Cured Meat","Ancellotta, Lambrusco, Fortana, Malbo Gentile"
Jeeper Grand Assemblage Brut Champagne,France,59.99,3.9,images/Jeeper_Grand_Assemblage_Brut_Champagne.png,images/bottle_Jeeper_Grand_Assemblage_Brut_Champagne.png,Champagne,Jeeper,"tree fruit, non oak, citrus fruit, microbio, oak, earth, vegetal, tropical fruit, spices, red fruit, floral, black fruit, dried fruit","Pork, Rich fish (salmon, tuna etc), Shellfish, Mild and soft cheese","Chardonnay, Pinot Noir, Pinot Meunier"
Francois Montand Brut Rosé,France,15.99,3.7,images/Francois_Montand_Brut_Ros.png,images/bottle_Francois_Montand_Brut_Ros.png,Jura,Francois Montand,"red fruit, microbio, tree fruit, citrus fruit, earth, non oak, vegetal, oak, spices, floral, black fruit, dried fruit","Shellfish, Poultry, Appetizers and snacks, Lean fish, Aperitif",
Korbel Extra Dry,United States,12.99,3.3,images/Korbel_Extra_Dry.png,images/bottle_Korbel_Extra_Dry.png,California,Korbel,"tree fruit, citrus fruit, earth, microbio, non oak, oak, red fruit, vegetal, floral, spices, tropical fruit, black fruit, dried fruit","Shellfish, Appetizers and snacks, Lean fish, Aperitif","Chardonnay, Pinot Noir"
Cune (CVNE) Cava Brut,Spain,13.99,3.6,images/Cune_CVNE_Cava_Brut.png,images/bottle_Cune_CVNE_Cava_Brut.png,Cava,Cune (CVNE),"tree fruit, citrus fruit, microbio, non oak, oak, earth, vegetal, spices, tropical fruit, floral","Shellfish, Appetizers and snacks, Lean fish, Aperitif, Cured Meat","Xarel-lo, Parellada, Trepat, Viura"
Laurent-Perrier Harmony Demi-Sec Champagne,France,69.99,4.2,images/Laurent_Perrier_Harmony_Demi_Sec_Champagne.png,images/bottle_Laurent_Perrier_Harmony_Demi_Sec_Champagne.png,Champagne,Laurent-Perrier,"tree fruit, oak, non oak, earth, microbio, citrus fruit, vegetal, spices, tropical fruit, floral, dried fruit, red fruit","Pork, Rich fish (salmon, tuna etc), Shellfish, Mild and soft cheese","Chardonnay, Pinot Noir, Pinot Meunier"
Villa Jolanda Prosecco Extra Dry,Italy,12.99,3.8,images/Villa_Jolanda_Prosecco_Extra_Dry.png,images/bottle_Villa_Jolanda_Prosecco_Extra_Dry.png,Prosecco,Villa Jolanda,"tree fruit, citrus fruit, tropical fruit, microbio, non oak, earth, oak, spices, vegetal, floral, red fruit","Shellfish, Vegetarian, Appetizers and snacks, Aperitif, Cured Meat",Glera
Segura Viudas Cava Brut Rosado,Spain,11.99,3.5,images/Segura_Viudas_Cava_Brut_Rosado.png,images/bottle_Segura_Viudas_Cava_Brut_Rosado.png,Cava,Segura Viudas,"red fruit, citrus fruit, tree fruit, microbio, earth, non oak, oak, black fruit, vegetal, spices, floral, tropical fruit, dried fruit","Shellfish, Appetizers and snacks, Lean fish, Aperitif, Cured Meat","Xarel-lo, Parellada, Trepat, Viura"
Philipponnat Royale Réservé Rosé Brut Champagne,France,99.99,4.1,images/Philipponnat_Royale_Rserv_Ros_Brut_Champagne.png,images/bottle_Philipponnat_Royale_Rserv_Ros_Brut_Champagn.png,Champagne,Philipponnat,"red fruit, non oak, microbio, citrus fruit, oak, earth, tree fruit, spices, vegetal, floral, black fruit, dried fruit, tropical fruit","Pork, Rich fish (salmon, tuna etc), Shellfish, Mild and soft cheese","Chardonnay, Pinot Noir, Pinot Meunier"
Ricci Curbastro Franciacorta Brut,Italy,37.99,3.8,images/Ricci_Curbastro_Franciacorta_Brut.png,images/bottle_Ricci_Curbastro_Franciacorta_Brut.png,Franciacorta,Ricci Curbastro,"citrus fruit, tree fruit, microbio, non oak, oak, earth, vegetal, spices, red fruit, tropical fruit","Shellfish, Appetizers and snacks, Lean fish, Mild and soft cheese, Aperitif","Chardonnay, Pinot Noir, Pinot Blanc"
Weingut Bründlmayer Brut Rosé,Austria,57.99,4.1,images/Weingut_Brndlmayer_Brut_Ros.png,images/bottle_Weingut_Brndlmayer_Brut_Ros.png,Niederösterreich,Weingut Bründlmayer,"red fruit, citrus fruit, non oak, microbio, oak, tree fruit, earth, spices, black fruit, vegetal, floral, dried fruit, tropical fruit","Shellfish, Appetizers and snacks, Lean fish, Aperitif",
Gruet Blanc de Noirs,United States,14.99,3.8,images/Gruet_Blanc_de_Noirs.png,images/bottle_Gruet_Blanc_de_Noirs.png,New Mexico,Gruet,"tree fruit, microbio, non oak, citrus fruit, oak, red fruit, earth, vegetal, spices, tropical fruit, floral, black fruit, dried fruit","Shellfish, Any junk food will do, Appetizers and snacks, Lean fish, Aperitif",
Henriot Rosé Brut Champagne,France,72.99,4,images/Henriot_Ros_Brut_Champagne.png,images/bottle_Henriot_Ros_Brut_Champagne.png,Champagne,Henriot,"red fruit, non oak, citrus fruit, microbio, oak, tree fruit, earth, spices, black fruit, vegetal, floral, dried fruit, tropical fruit","Pork, Rich fish (salmon, tuna etc), Shellfish, Mild and soft cheese","Chardonnay, Pinot Noir, Pinot Meunier"
Lamberti Prosecco (Extra Dry),Italy,17.99,3.7,images/Lamberti_Prosecco_Extra_Dry.png,images/bottle_Lamberti_Prosecco_Extra_Dry.png,Prosecco,Lamberti,"tree fruit, citrus fruit, earth, microbio, oak, non oak, vegetal, spices, tropical fruit, floral, dried fruit, black fruit, red fruit","Shellfish, Vegetarian, Appetizers and snacks, Aperitif, Cured Meat",Glera
Domaine Ste. Michelle Michelle Extra Dry,United States,15.49,3.6,images/Domaine_Ste_Michelle_Michelle_Extra_Dry.png,images/bottle_Domaine_Ste_Michelle_Michelle_Extra_Dry.png,Columbia Valley,Domaine Ste. Michelle,"tree fruit, citrus fruit, microbio, non oak, oak, earth, vegetal, tropical fruit, floral, red fruit, spices, dried fruit, black fruit","Shellfish, Any junk food will do, Appetizers and snacks, Lean fish, Aperitif",
CHANDON California Blanc de Pinot Noir,United States,19.99,3.8,images/CHANDON_California_Blanc_de_Pinot_Noir.png,images/bottle_CHANDON_California_Blanc_de_Pinot_Noir.png,California,CHANDON California,"tree fruit, red fruit, citrus fruit, microbio, non oak, earth, oak, spices, vegetal, black fruit, floral, tropical fruit, dried fruit","Shellfish, Appetizers and snacks, Lean fish, Aperitif","Chardonnay, Pinot Noir"
Pommery Brut Rosé Champagne,France,79.99,4,images/Pommery_Brut_Ros_Champagne.png,images/bottle_Pommery_Brut_Ros_Champagne.png,Champagne,Pommery,"red fruit, microbio, non oak, citrus fruit, tree fruit, oak, earth, vegetal, spices, dried fruit, floral, black fruit, tropical fruit","Pork, Rich fish (salmon, tuna etc), Shellfish, Mild and soft cheese","Chardonnay, Pinot Noir, Pinot Meunier"
Pierre Peters Blanc de Blancs Extra Brut Champagne Grand Cru 'Le Mesnil-sur-Oger' 1996,France,549,4.1,images/Pierre_Peters_Blanc_de_Blancs_Extra_Brut_Champagne.png,images/bottle_Pierre_Peters_Blanc_de_Blancs_Extra_Brut_Ch.png,Champagne Grand Cru 'Le Mesnil-sur-Oger',Pierre Peters,"citrus fruit, tree fruit, non oak, oak, earth, microbio, vegetal, tropical fruit, spices, floral, red fruit, dried fruit, black fruit","Pork, Rich fish (salmon, tuna etc), Shellfish, Mild and soft cheese","Chardonnay, Pinot Noir, Pinot Meunier"
Poema Cava Extra Dry,Spain,12.99,3.5,images/Poema_Cava_Extra_Dry.png,images/bottle_Poema_Cava_Extra_Dry.png,Cava,Poema,"tree fruit, citrus fruit, non oak, microbio, oak, earth, floral, tropical fruit, vegetal, spices, red fruit, black fruit, dried fruit","Shellfish, Appetizers and snacks, Lean fish, Aperitif, Cured Meat","Xarel-lo, Parellada, Trepat, Viura"
Louis Nicaise Reserve Brut Champagne Premier Cru,France,44.99,3.9,images/Louis_Nicaise_Reserve_Brut_Champagne_Premier_Cru.png,images/bottle_Louis_Nicaise_Reserve_Brut_Champagne_Premie.png,Champagne Premier Cru,Louis Nicaise,"tree fruit, microbio, citrus fruit, oak, non oak, earth, vegetal, red fruit, spices, tropical fruit, floral, black fruit","Pork, Rich fish (salmon, tuna etc), Shellfish, Mild and soft cheese","Chardonnay, Pinot Noir, Pinot Meunier"
Hambledon Vineyard Classic Cuvée,United Kingdom,53.99,3.9,images/Hambledon_Vineyard_Classic_Cuve.png,images/bottle_Hambledon_Vineyard_Classic_Cuve.png,Hampshire,Hambledon Vineyard,"tree fruit, citrus fruit, non oak, microbio, oak, earth, vegetal, red fruit, floral, tropical fruit, black fruit, spices, dried fruit","Shellfish, Appetizers and snacks, Lean fish, Aperitif","Chardonnay, Pinot Noir, Pinot Meunier"
Perrier-Jouët Belle Epoque Brut Champagne 2011,France,298,4.5,images/Perrier_Jout_Belle_Epoque_Brut_Champagne_2011.png,images/bottle_Perrier_Jout_Belle_Epoque_Brut_Champagne_20.png,Champagne,Perrier-Jouët,"tree fruit, non oak, citrus fruit, microbio, oak, earth, vegetal, spices, floral, tropical fruit, red fruit, dried fruit, black fruit","Pork, Rich fish (salmon, tuna etc), Shellfish, Mild and soft cheese","Chardonnay, Pinot Noir, Pinot Meunier"
Yellow Tail Bubbles Sparkling White,Australia,12.72,3.4,images/Yellow_Tail_Bubbles_Sparkling_White.png,images/bottle_Yellow_Tail_Bubbles_Sparkling_White.png,South Eastern Australia,Yellow Tail,"citrus fruit, tree fruit, microbio, red fruit, tropical fruit, earth, oak, non oak, spices, floral, vegetal","Shellfish, Vegetarian, Appetizers and snacks, Lean fish, Mild and soft cheese, Aperitif",
La Gioiosa Prosecco,Italy,10.99,3.5,images/La_Gioiosa_Prosecco.jpg,,Prosecco,La Gioiosa,"tree fruit, citrus fruit, microbio, earth, oak, tropical fruit, non oak, red fruit, spices, floral","Shellfish, Vegetarian, Appetizers and snacks, Aperitif, Cured Meat",Glera
Marc Hébrart Brut Rosé Champagne Premier Cru,France,59.99,4.1,images/Marc_Hbrart_Brut_Ros_Champagne_Premier_Cru.png,images/bottle_Marc_Hbrart_Brut_Ros_Champagne_Premier_Cru.png,Champagne Premier Cru,Marc Hébrart,"red fruit, earth, citrus fruit, microbio, non oak, oak, tree fruit, vegetal, spices, tropical fruit, floral, dried fruit, black fruit","Pork, Rich fish (salmon, tuna etc), Shellfish, Mild and soft cheese","Chardonnay, Pinot Noir, Pinot Meunier"
Romio Prosecco Extra Dry,Italy,17.35,3.6,images/Romio_Prosecco_Extra_Dry.png,images/bottle_Romio_Prosecco_Extra_Dry.png,Prosecco,Romio,"tree fruit, citrus fruit, vegetal, earth, tropical fruit, non oak, microbio, oak, floral, spices","Shellfish, Vegetarian, Appetizers and snacks, Aperitif, Cured Meat",Glera
Wilson Creek Almond,United States,14.99,3.9,images/Wilson_Creek_Almond.png,images/bottle_Wilson_Creek_Almond.png,California,Wilson Creek,"oak, non oak, earth, microbio, vegetal, spices, tree fruit, red fruit, citrus fruit, tropical fruit, floral, dried fruit","Shellfish, Appetizers and snacks, Lean fish, Aperitif","Chardonnay, Pinot Noir"
Langlois Crémant de Loire Rosé Brut,France,17.99,3.9,images/Langlois_Crmant_de_Loire_Ros_Brut.png,images/bottle_Langlois_Crmant_de_Loire_Ros_Brut.png,Crémant de Loire,Langlois,,"Shellfish, Poultry, Appetizers and snacks, Lean fish, Aperitif","Chardonnay, Pinot Gris, Pinot Noir, Roussanne, Pinot Blanc, Auxerrois"
Szigeti Grüner Veltliner Brut,Austria,24.99,3.9,images/Szigeti_Grner_Veltliner_Brut.png,images/bottle_Szigeti_Grner_Veltliner_Brut.png,Niederösterreich,Szigeti,"tree fruit, citrus fruit, earth, spices, microbio, non oak, oak, vegetal, tropical fruit, floral, red fruit, dried fruit, black fruit","Shellfish, Appetizers and snacks, Lean fish, Aperitif",
Jacques Bardelot Brut Champagne,France,36.99,3.8,images/Jacques_Bardelot_Brut_Champagne.png,images/bottle_Jacques_Bardelot_Brut_Champagne.png,Champagne,Jacques Bardelot,"tree fruit, citrus fruit, microbio, non oak, oak, earth, vegetal, red fruit, tropical fruit, spices, floral, dried fruit","Pork, Rich fish (salmon, tuna etc), Shellfish, Mild and soft cheese","Chardonnay, Pinot Noir, Pinot Meunier"
Joseph Perrier Blanc de Blancs Brut Champagne (Cuvée Royale),France,69,4,images/Joseph_Perrier_Blanc_de_Blancs_Brut_Champagne_Cuve.png,images/bottle_Joseph_Perrier_Blanc_de_Blancs_Brut_Champag.png,Champagne,Joseph Perrier,"citrus fruit, tree fruit, non oak, earth, microbio, oak, spices, vegetal, tropical fruit, floral, red fruit, dried fruit","Pork, Rich fish (salmon, tuna etc), Shellfish, Mild and soft cheese","Chardonnay, Pinot Noir, Pinot Meunier"
Bruno Paillard Première Cuvée Rosé Extra Brut Champagne,France,69.97,4.1,images/Bruno_Paillard_Premire_Cuve_Ros_Extra_Brut_Champag.png,images/bottle_Bruno_Paillard_Premire_Cuve_Ros_Extra_Brut_.png,Champagne,Bruno Paillard,"red fruit, citrus fruit, microbio, earth, non oak, tree fruit, oak, floral, spices, vegetal, tropical fruit, black fruit, dried fruit","Pork, Rich fish (salmon, tuna etc), Shellfish, Mild and soft cheese","Chardonnay, Pinot Noir, Pinot Meunier"
Torresella Prosecco,Italy,12.99,3.8,images/Torresella_Prosecco.png,images/bottle_Torresella_Prosecco.png,Prosecco,Torresella,"tree fruit, citrus fruit, earth, oak, non oak, microbio, vegetal, tropical fruit, floral, red fruit, spices","Shellfish, Vegetarian, Appetizers and snacks, Aperitif, Cured Meat",Glera
Pascal Doquet Arpège Blanc de Blancs Champagne Premier Cru,France,82.99,4.1,images/Pascal_Doquet_Arpge_Blanc_de_Blancs_Champagne_Prem.png,images/bottle_Pascal_Doquet_Arpge_Blanc_de_Blancs_Champag.png,Champagne,Pascal Doquet,"tree fruit, non oak, microbio, oak, earth, citrus fruit, spices, vegetal, floral, tropical fruit, red fruit","Pork, Rich fish (salmon, tuna etc), Shellfish, Mild and soft cheese","Chardonnay, Pinot Noir, Pinot Meunier"
Krug Vintage 2000,France,850,4.6,images/Krug_Vintage_2000.png,images/bottle_Krug_Vintage_2000.png,Champagne,Krug,"non oak, oak, microbio, earth, tree fruit, citrus fruit, vegetal, spices, tropical fruit, floral, dried fruit, red fruit, black fruit","Pork, Rich fish (salmon, tuna etc), Shellfish, Mild and soft cheese","Chardonnay, Pinot Noir, Pinot Meunier"
JCB (Jean-Charles Boisset) JCB No. 21 Brut (Burgundy),France,29.99,3.9,images/JCB_Jean_Charles_Boisset_JCB_No_21_Brut_Burgundy.png,images/bottle_JCB_Jean_Charles_Boisset_JCB_No_21_Brut_Bur.png,Crémant de Bourgogne,JCB (Jean-Charles Boisset),"tree fruit, microbio, citrus fruit, non oak, oak, earth, vegetal, red fruit, spices, tropical fruit, floral, dried fruit","Shellfish, Poultry, Appetizers and snacks, Lean fish, Aperitif","Chardonnay, Pinot Gris, Pinot Noir, Roussanne, Pinot Blanc, Auxerrois"
Lini 910 Labrusca Lambrusco Rosato,Italy,17.99,3.9,images/Lini_910_Labrusca_Lambrusco_Rosato.png,images/bottle_Lini_910_Labrusca_Lambrusco_Rosato.png,Emilia-Romagna,Lini 910,"red fruit, black fruit, microbio, spices, oak, earth, tree fruit, non oak, citrus fruit, tropical fruit, dried fruit, floral, vegetal","Mature and hard cheese, Cured Meat","Ancellotta, Lambrusco, Fortana, Malbo Gentile"
Beau Joie Brut Champagne (Special Cuvée),France,49.99,4.2,images/Beau_Joie_Brut_Champagne_Special_Cuve.png,images/bottle_Beau_Joie_Brut_Champagne_Special_Cuve.png,Champagne,Beau Joie,"tree fruit, citrus fruit, microbio, non oak, earth, oak, vegetal, spices, floral, tropical fruit, red fruit, dried fruit, black fruit","Pork, Rich fish (salmon, tuna etc), Shellfish, Mild and soft cheese","Chardonnay, Pinot Noir, Pinot Meunier"
Roederer Estate Brut Rosé,United States,35,4,images/Roederer_Estate_Brut_Ros.png,images/bottle_Roederer_Estate_Brut_Ros.png,Anderson Valley,Roederer Estate,"red fruit, microbio, tree fruit, non oak, citrus fruit, earth, oak, spices, vegetal, tropical fruit, floral, black fruit, dried fruit","Shellfish, Appetizers and snacks, Lean fish, Aperitif","Chardonnay, Pinot Noir"
Dom Pérignon Oenothèque Brut Champagne 1996,France,600,4.7,images/Dom_Prignon_Oenothque_Brut_Champagne_1996.png,images/bottle_Dom_Prignon_Oenothque_Brut_Champagne_1996.png,Champagne,Dom Pérignon,"non oak, microbio, oak, earth, citrus fruit, tree fruit, vegetal, spices, floral, red fruit, black fruit, tropical fruit, dried fruit","Pork, Rich fish (salmon, tuna etc), Shellfish, Mild and soft cheese","Chardonnay, Pinot Noir, Pinot Meunier"
Barefoot Bubbly Brut Cuvée (Champagne),United States,10.99,3.3,images/Barefoot_Bubbly_Brut_Cuve_Champagne.png,images/bottle_Barefoot_Bubbly_Brut_Cuve_Champagne.png,Napa Valley,Barefoot,"tree fruit, citrus fruit, tropical fruit, earth, microbio, red fruit, non oak, oak, floral, vegetal, dried fruit, spices, black fruit","Shellfish, Appetizers and snacks, Lean fish, Aperitif","Chardonnay, Pinot Noir"
De Sousa Cuvée 3A Champagne Grand Cru,France,69,4.1,images/De_Sousa_Cuve_3A_Champagne_Grand_Cru.png,images/bottle_De_Sousa_Cuve_3A_Champagne_Grand_Cru.png,Champagne Grand Cru,De Sousa,"non oak, oak, earth, microbio, tree fruit, citrus fruit, vegetal, red fruit, tropical fruit, spices, dried fruit, black fruit","Pork, Rich fish (salmon, tuna etc), Shellfish, Mild and soft cheese","Chardonnay, Pinot Noir, Pinot Meunier"
Canard-Duchêne Charles VII Blanc de Blancs Brut Champagne,France,69.99,4.1,images/Canard_Duchne_Charles_VII_Blanc_de_Blancs_Brut_Cha.png,images/bottle_Canard_Duchne_Charles_VII_Blanc_de_Blancs_B.png,Champagne,Canard-Duchêne,"tree fruit, citrus fruit, microbio, non oak, oak, earth, vegetal, tropical fruit, spices, red fruit","Pork, Rich fish (salmon, tuna etc), Shellfish, Mild and soft cheese","Chardonnay, Pinot Noir, Pinot Meunier"
Guido Berlucchi ‘61 Franciacorta Extra Brut,Italy,29.99,4,images/Guido_Berlucchi_61_Franciacorta_Extra_Brut.png,images/bottle_Guido_Berlucchi_61_Franciacorta_Extra_Brut.png,Franciacorta,Guido Berlucchi,"tree fruit, citrus fruit, non oak, earth, microbio, oak","Shellfish, Appetizers and snacks, Lean fish, Mild and soft cheese, Aperitif","Chardonnay, Pinot Noir, Pinot Blanc"
Drappier Pinot Noir Brut Nature Rosé Champagne,France,74.99,4,images/Drappier_Pinot_Noir_Brut_Nature_Ros_Champagne.png,images/bottle_Drappier_Pinot_Noir_Brut_Nature_Ros_Champag.png,Champagne,Drappier,"red fruit, citrus fruit, tree fruit, microbio, earth, non oak, oak, spices, vegetal, black fruit, tropical fruit, dried fruit, floral","Pork, Rich fish (salmon, tuna etc), Shellfish, Mild and soft cheese","Chardonnay, Pinot Noir, Pinot Meunier"
Ca' Furlan Cuvée Beatrice Prosecco Extra Dry,Italy,21.99,3.8,images/Ca_Furlan_Cuve_Beatrice_Prosecco_Extra_Dry.png,images/bottle_Ca_Furlan_Cuve_Beatrice_Prosecco_Extra_Dry.png,Prosecco,Ca' Furlan,"tree fruit, citrus fruit, microbio, non oak, oak, earth, tropical fruit, vegetal, floral","Shellfish, Vegetarian, Appetizers and snacks, Aperitif, Cured Meat",Glera
Henri Giraud Dame-Jane Rosé Champagne,France,150.47,4.2,images/Henri_Giraud_Dame_Jane_Ros_Champagne.png,images/bottle_Henri_Giraud_Dame_Jane_Ros_Champagne.png,Champagne,Henri Giraud,"red fruit, oak, citrus fruit, non oak, microbio, earth, tree fruit, spices, vegetal, floral, black fruit, dried fruit, tropical fruit","Pork, Rich fish (salmon, tuna etc), Shellfish, Mild and soft cheese","Chardonnay, Pinot Noir, Pinot Meunier"
J Vineyards Cuvée 20 Brut,United States,18.99,4,images/J_Vineyards_Cuve_20_Brut.png,images/bottle_J_Vineyards_Cuve_20_Brut.png,Russian River Valley,J Vineyards,"tree fruit, citrus fruit, microbio, non oak, oak, earth, vegetal, floral, spices, tropical fruit, red fruit, dried fruit","Shellfish, Appetizers and snacks, Lean fish, Aperitif","Chardonnay, Pinot Noir"
Tenute la Montina Franciacorta Rosè Demi Sec,Italy,83.99,3.9,images/Tenute_la_Montina_Franciacorta_Ros_Demi_Sec.png,images/bottle_Tenute_la_Montina_Franciacorta_Ros_Demi_Sec.png,Franciacorta,Tenute la Montina,"red fruit, citrus fruit, microbio, tree fruit, vegetal, earth, non oak, oak, tropical fruit","Shellfish, Appetizers and snacks, Lean fish, Mild and soft cheese, Aperitif","Chardonnay, Pinot Noir, Pinot Blanc"
Maison de Grand Esprit Marquis de La Mystèriale Extra Dry Champagne,France,44.99,4.2,images/Maison_de_Grand_Esprit_Marquis_de_La_Mystriale_Ext.png,images/bottle_Maison_de_Grand_Esprit_Marquis_de_La_Mystri.png,Champagne,Maison de Grand Esprit,"tree fruit, non oak, microbio, oak, earth, citrus fruit, vegetal, spices, tropical fruit, red fruit, floral, dried fruit, black fruit","Pork, Rich fish (salmon, tuna etc), Shellfish, Mild and soft cheese","Chardonnay, Pinot Noir, Pinot Meunier"
Grandial Blanc de Blancs Brut,France,13.99,3.3,images/Grandial_Blanc_de_Blancs_Brut.png,images/bottle_Grandial_Blanc_de_Blancs_Brut.png,Languedoc,Grandial,"tree fruit, citrus fruit, microbio, oak, non oak, tropical fruit, earth, floral, vegetal, dried fruit, spices","Shellfish, Poultry, Appetizers and snacks, Lean fish, Aperitif",
Gruet Brut Rosé,United States,14.99,3.8,images/Gruet_Brut_Ros.png,images/bottle_Gruet_Brut_Ros.png,New Mexico,Gruet,"red fruit, citrus fruit, microbio, tree fruit, non oak, earth, oak, black fruit, spices, tropical fruit, vegetal, floral, dried fruit","Shellfish, Any junk food will do, Appetizers and snacks, Lean fish, Aperitif",
Café de Paris Blanc de Blancs Brut,France,17.35,3.3,images/Caf_de_Paris_Blanc_de_Blancs_Brut.png,images/bottle_Caf_de_Paris_Blanc_de_Blancs_Brut.png,Vin de France,Café de Paris,"tree fruit, citrus fruit, microbio, black fruit, earth, tropical fruit, vegetal, non oak, oak, floral","Shellfish, Poultry, Appetizers and snacks, Lean fish, Aperitif",
Vve Fourny & Fils Blanc de Blancs Vertus Brut Nature Champagne Premier Cru,France,128,4.1,images/Vve_Fourny_Fils_Blanc_de_Blancs_Vertus_Brut_Nature.png,images/bottle_Vve_Fourny_Fils_Blanc_de_Blancs_Vertus_Brut.png,Champagne Premier Cru,Vve Fourny & Fils,"tree fruit, citrus fruit, non oak, microbio, earth, oak, tropical fruit, spices, vegetal, floral, dried fruit, red fruit","Pork, Rich fish (salmon, tuna etc), Shellfish, Mild and soft cheese","Chardonnay, Pinot Noir, Pinot Meunier"
Louis Dumont Brut Champagne,France,34.99,3.8,images/Louis_Dumont_Brut_Champagne.png,images/bottle_Louis_Dumont_Brut_Champagne.png,Champagne,Louis Dumont,"tree fruit, microbio, non oak, citrus fruit, oak, earth, vegetal, spices, tropical fruit, dried fruit, red fruit, floral","Pork, Rich fish (salmon, tuna etc), Shellfish, Mild and soft cheese","Chardonnay, Pinot Noir, Pinot Meunier"
Raventós i Blanc Blanc de Blancs 2021,Spain,20.99,4,images/Ravents_i_Blanc_Blanc_de_Blancs_2021.png,images/bottle_Ravents_i_Blanc_Blanc_de_Blancs_2021.png,Penedès,Raventós i Blanc,"tree fruit, citrus fruit, microbio, earth, non oak, oak, vegetal, spices, tropical fruit, floral, red fruit, black fruit","Shellfish, Appetizers and snacks, Lean fish, Aperitif, Cured Meat","Xarel-lo, Parellada, Trepat, Viura"
Luccío Moscato d'Asti,Italy,11.49,4.3,images/Lucco_Moscato_dAsti.png,images/bottle_Lucco_Moscato_dAsti.png,Moscato d'Asti,Luccío,"tree fruit, earth, citrus fruit, tropical fruit, vegetal, floral, microbio, oak, spices, red fruit, black fruit, non oak","Fruity desserts, Aperitif",Moscatel de grano menudo
Eric Rodez Blanc de Blancs Champagne Grand Cru 'Ambonnay',France,119.99,4.1,images/Eric_Rodez_Blanc_de_Blancs_Champagne_Grand_Cru_Amb.png,images/bottle_Eric_Rodez_Blanc_de_Blancs_Champagne_Grand_.png,Champagne Grand Cru 'Ambonnay',Eric Rodez,"tree fruit, non oak, microbio, oak, citrus fruit, earth, vegetal, tropical fruit, red fruit, spices, dried fruit, floral","Pork, Rich fish (salmon, tuna etc), Shellfish, Mild and soft cheese","Chardonnay, Pinot Noir, Pinot Meunier"
Schramsberg J. Schram Brut Rosé 2001,United States,199,4.5,images/Schramsberg_J_Schram_Brut_Ros_2001.png,images/bottle_Schramsberg_J_Schram_Brut_Ros_2001.png,North Coast,Schramsberg,"red fruit, non oak, microbio, oak, tree fruit, citrus fruit, earth, vegetal, spices, dried fruit, floral, tropical fruit, black fruit","Shellfish, Appetizers and snacks, Lean fish, Aperitif","Chardonnay, Pinot Noir"
Bodegas Marqués de Cáceres Cava Brut,Spain,11.66,3.7,images/Bodegas_Marqus_de_Cceres_Cava_Brut.png,images/bottle_Bodegas_Marqus_de_Cceres_Cava_Brut.png,Penedès,Bodegas Marqués de Cáceres,"tree fruit, citrus fruit, non oak, microbio, earth, oak, vegetal, spices, floral, tropical fruit","Shellfish, Appetizers and snacks, Lean fish, Aperitif, Cured Meat","Xarel-lo, Parellada, Trepat, Viura"
Mas Fi Cava Brut,Spain,14.99,3.6,images/Mas_Fi_Cava_Brut.png,images/bottle_Mas_Fi_Cava_Brut.png,Cava,Mas Fi,"tree fruit, citrus fruit, microbio, non oak, earth, oak, vegetal, floral, red fruit, tropical fruit, spices, black fruit","Shellfish, Appetizers and snacks, Lean fish, Aperitif, Cured Meat","Xarel-lo, Parellada, Trepat, Viura"
Aurora Brut,Brazil,40,3.5,images/Aurora_Brut.png,images/bottle_Aurora_Brut.png,Serra Gaúcha,Aurora,"tropical fruit, tree fruit, citrus fruit, earth, microbio","Pork, Rich fish (salmon, tuna etc), Shellfish","Chardonnay, Pinot Gris, Pinot Noir, Sauvignon Blanc, Pinot Meunier, Verdejo, Muscatel, Glera"
Luc Belaire Luxe (Rare),France,27.49,3.8,images/Luc_Belaire_Luxe_Rare.png,images/bottle_Luc_Belaire_Luxe_Rare.png,Bourgogne,Luc Belaire,"tree fruit, citrus fruit, earth, non oak, microbio, oak, floral, tropical fruit, red fruit, vegetal, spices, dried fruit, black fruit","Shellfish, Poultry, Appetizers and snacks, Lean fish, Aperitif",
Le Grand Courtâge Grande Cuvée Blanc de Blancs Brut,France,18.49,3.8,images/Le_Grand_Courtge_Grande_Cuve_Blanc_de_Blancs_Brut.png,images/bottle_Le_Grand_Courtge_Grande_Cuve_Blanc_de_Blanc.png,Vin de France,Le Grand Courtâge,"tree fruit, citrus fruit, microbio, earth, non oak, oak, vegetal, tropical fruit, red fruit, floral, spices, black fruit, dried fruit","Shellfish, Poultry, Appetizers and snacks, Lean fish, Aperitif",
A.Bergère Origine Brut Champagne,France,66,4,images/ABergre_Origine_Brut_Champagne.png,images/bottle_ABergre_Origine_Brut_Champagne.png,Champagne,A.Bergère,"tree fruit, citrus fruit, microbio, non oak, oak, vegetal, earth","Pork, Rich fish (salmon, tuna etc), Shellfish, Mild and soft cheese","Chardonnay, Pinot Noir, Pinot Meunier"
Lelarge-Pugeot Tradition Extra Brut Champagne Premier Cru,France,60,4.1,images/Lelarge_Pugeot_Tradition_Extra_Brut_Champagne_Prem.png,images/bottle_Lelarge_Pugeot_Tradition_Extra_Brut_Champag.png,Champagne Premier Cru,Lelarge-Pugeot,"tree fruit, non oak, oak, microbio, earth, citrus fruit, vegetal, red fruit, tropical fruit, spices, floral, black fruit, dried fruit","Pork, Rich fish (salmon, tuna etc), Shellfish, Mild and soft cheese","Chardonnay, Pinot Noir, Pinot Meunier"
Joseph Perrier Brut Rosé Champagne (Cuvée Royale),France,35.99,3.9,images/Joseph_Perrier_Brut_Ros_Champagne_Cuve_Royale.png,images/bottle_Joseph_Perrier_Brut_Ros_Champagne_Cuve_Roya.png,Champagne,Joseph Perrier,"red fruit, citrus fruit, microbio, earth, oak, non oak, tree fruit, vegetal, dried fruit, spices, floral, black fruit, tropical fruit","Pork, Rich fish (salmon, tuna etc), Shellfish, Mild and soft cheese","Chardonnay, Pinot Noir, Pinot Meunier"
Ménage à Trois Prosecco,Italy,12.99,3.6,images/Mnage_Trois_Prosecco.png,images/bottle_Mnage_Trois_Prosecco.png,Prosecco,Ménage à Trois,"tree fruit, citrus fruit, earth, vegetal, microbio, non oak, oak, red fruit, spices, floral, tropical fruit","Shellfish, Vegetarian, Appetizers and snacks, Aperitif, Cured Meat",Glera
Fritz Muller Perlwein Müller Thurgau Trocken,Germany,14.99,3.9,images/Fritz_Muller_Perlwein_Mller_Thurgau_Trocken.png,images/bottle_Fritz_Muller_Perlwein_Mller_Thurgau_Trocken.png,Rheinhessen,Fritz Muller,"tree fruit, citrus fruit, earth, microbio, tropical fruit, floral, vegetal, spices, oak, non oak, red fruit","Poultry, Appetizers and snacks, Lean fish, Aperitif","Chardonnay, Gewürztraminer, Riesling, Grauburgunder, Silvaner, Kerner, Weissburgunder, Huxelrebe"
Sommariva Conegliano Valdobbiadene Prosecco Superiore Brut,Italy,19.99,3.8,images/Sommariva_Conegliano_Valdobbiadene_Prosecco_Superi.png,images/bottle_Sommariva_Conegliano_Valdobbiadene_Prosecco.png,Conegliano-Valdobbiadene Prosecco,Sommariva,"tree fruit, citrus fruit, microbio, earth, non oak, vegetal, oak, floral, tropical fruit, spices, red fruit, black fruit, dried fruit","Shellfish, Vegetarian, Appetizers and snacks, Aperitif, Cured Meat",Glera
Lenoble Mag Dosage Zero Brut Nature Champagne,France,59.99,3.9,images/Lenoble_Mag_Dosage_Zero_Brut_Nature_Champagne.png,images/bottle_Lenoble_Mag_Dosage_Zero_Brut_Nature_Champag.png,Champagne,Lenoble,"tree fruit, citrus fruit, non oak, oak, microbio, earth, vegetal, dried fruit, tropical fruit, floral, spices, black fruit, red fruit","Pork, Rich fish (salmon, tuna etc), Shellfish, Mild and soft cheese","Chardonnay, Pinot Noir, Pinot Meunier"
Palmer & Co. Rosé Solera Champagne,France,92.59,4,images/Palmer_Co_Ros_Solera_Champagne.png,images/bottle_Palmer_Co_Ros_Solera_Champagne.png,Champagne,Palmer & Co.,"red fruit, citrus fruit, microbio, earth, non oak, tree fruit, oak, spices, vegetal, black fruit, floral","Pork, Rich fish (salmon, tuna etc), Shellfish, Mild and soft cheese","Chardonnay, Pinot Noir, Pinot Meunier"
Gramona Imperial Brut 2017,Spain,39.99,4.2,images/Gramona_Imperial_Brut_2017.png,images/bottle_Gramona_Imperial_Brut_2017.png,Cava,Gramona,"tree fruit, citrus fruit, microbio, non oak, oak, earth, vegetal, spices, tropical fruit, floral, dried fruit, red fruit, black fruit","Shellfish, Appetizers and snacks, Lean fish, Aperitif, Cured Meat","Xarel-lo, Parellada, Trepat, Viura"
Schramsberg Brut Mirabelle,United States,31.99,3.8,images/Schramsberg_Brut_Mirabelle.png,images/bottle_Schramsberg_Brut_Mirabelle.png,California,Schramsberg,"tree fruit, citrus fruit, microbio, non oak, oak, red fruit, earth, vegetal, spices, tropical fruit, floral","Shellfish, Appetizers and snacks, Lean fish, Aperitif","Chardonnay, Pinot Noir"
Lanson Green Label Organic Brut Champagne,France,95.99,4,images/Lanson_Green_Label_Organic_Brut_Champagne.png,images/bottle_Lanson_Green_Label_Organic_Brut_Champagne.png,Champagne,Lanson,"tree fruit, citrus fruit, non oak, earth, microbio, oak, spices, tropical fruit, vegetal, red fruit, dried fruit, floral","Pork, Rich fish (salmon, tuna etc), Shellfish, Mild and soft cheese","Chardonnay, Pinot Noir, Pinot Meunier"
Poema Cava Brut Rosé,Spain,12.99,3.8,images/Poema_Cava_Brut_Ros.png,images/bottle_Poema_Cava_Brut_Ros.png,Cava,Poema,"red fruit, citrus fruit, earth, microbio, tree fruit, non oak, spices, vegetal, floral, oak, black fruit, tropical fruit, dried fruit","Shellfish, Appetizers and snacks, Lean fish, Aperitif, Cured Meat","Xarel-lo, Parellada, Trepat, Viura"
Billecart-Salmon Cuvée Elisabeth Salmon Brut Rosé Champagne 2008,France,549.99,4.5,images/Billecart_Salmon_Cuve_Elisabeth_Salmon_Brut_Ros_Ch.png,images/bottle_Billecart_Salmon_Cuve_Elisabeth_Salmon_Brut.png,Champagne,Billecart-Salmon,"red fruit, citrus fruit, microbio, non oak, oak, earth, tree fruit, vegetal, spices, floral, tropical fruit, dried fruit, black fruit","Pork, Rich fish (salmon, tuna etc), Shellfish, Mild and soft cheese","Chardonnay, Pinot Noir, Pinot Meunier"
Agrapart & Fils Pascal Agrapart Champagne Complantée Grand Cru Extra Brut,France,159.99,4.3,images/Agrapart_Fils_Pascal_Agrapart_Champagne_Complante_.png,images/bottle_Agrapart_Fils_Pascal_Agrapart_Champagne_Com.png,Champagne,Agrapart & Fils,"tree fruit, earth, citrus fruit, microbio, oak, non oak, vegetal, spices, tropical fruit, red fruit, floral, black fruit, dried fruit","Pork, Rich fish (salmon, tuna etc), Shellfish, Mild and soft cheese","Chardonnay, Pinot Noir, Pinot Meunier"
H. Goutorbe Cuvée Prestige Brut Champagne Premier Cru,France,54.99,3.9,images/H_Goutorbe_Cuve_Prestige_Brut_Champagne_Premier_Cr.png,images/bottle_H_Goutorbe_Cuve_Prestige_Brut_Champagne_Pre.png,Champagne Premier Cru,H. Goutorbe,"tree fruit, microbio, non oak, oak, citrus fruit, earth, vegetal, black fruit, spices, red fruit, dried fruit, floral, tropical fruit","Pork, Rich fish (salmon, tuna etc), Shellfish, Mild and soft cheese","Chardonnay, Pinot Noir, Pinot Meunier"
Freixenet Cordón Negro Extra Dry,Spain,10.83,3.6,images/Freixenet_Cordn_Negro_Extra_Dry.png,images/bottle_Freixenet_Cordn_Negro_Extra_Dry.png,Cava,Freixenet,"tree fruit, citrus fruit, earth, microbio, oak, non oak, vegetal, tropical fruit, red fruit, spices, floral, black fruit","Shellfish, Appetizers and snacks, Lean fish, Aperitif, Cured Meat","Xarel-lo, Parellada, Trepat, Viura"
Pierre Paillard Bouzy Grand Cru Les Terres Roses Extra Brut Rosé,France,89.99,4.2,images/Pierre_Paillard_Bouzy_Grand_Cru_Les_Terres_Roses_E.png,images/bottle_Pierre_Paillard_Bouzy_Grand_Cru_Les_Terres_.png,Champagne Grand Cru 'Bouzy',Pierre Paillard,"red fruit, microbio, earth, non oak, tree fruit, citrus fruit, oak, vegetal, spices, black fruit, floral, dried fruit, tropical fruit","Pork, Rich fish (salmon, tuna etc), Shellfish, Mild and soft cheese","Chardonnay, Pinot Noir, Pinot Meunier"
Bailly Lapierre Crémant de Bourgogne Rosé Brut,France,21.99,3.8,images/Bailly_Lapierre_Crmant_de_Bourgogne_Ros_Brut.png,images/bottle_Bailly_Lapierre_Crmant_de_Bourgogne_Ros_Bru.png,Crémant de Bourgogne,Bailly Lapierre,"red fruit, citrus fruit, microbio, non oak, oak, earth, tree fruit, vegetal, spices, black fruit, dried fruit, tropical fruit","Shellfish, Poultry, Appetizers and snacks, Lean fish, Aperitif","Chardonnay, Pinot Gris, Pinot Noir, Roussanne, Pinot Blanc, Auxerrois"
Moët & Chandon Ice Impérial (Demi-Sec) Rosé Champagne,France,91.43,4.2,images/Mot_Chandon_Ice_Imprial_Demi_Sec_Ros_Champagne.png,images/bottle_Mot_Chandon_Ice_Imprial_Demi_Sec_Ros_Champa.png,Champagne,Moët & Chandon,"red fruit, citrus fruit, tree fruit, non oak, spices, earth, microbio, oak, tropical fruit, black fruit, floral, vegetal, dried fruit","Pork, Rich fish (salmon, tuna etc), Shellfish, Mild and soft cheese","Chardonnay, Pinot Noir, Pinot Meunier"
H. Blin Brut Champagne,France,48.6,3.8,images/H_Blin_Brut_Champagne.png,images/bottle_H_Blin_Brut_Champagne.png,Champagne,H. Blin,"tree fruit, microbio, non oak, citrus fruit, earth, oak, vegetal, spices, black fruit, red fruit, tropical fruit, floral","Pork, Rich fish (salmon, tuna etc), Shellfish, Mild and soft cheese","Chardonnay, Pinot Noir, Pinot Meunier"
CHANDON California Étoile Brut,United States,90,4.1,images/CHANDON_California_toile_Brut.png,images/bottle_CHANDON_California_toile_Brut.png,Los Carneros,CHANDON California,"tree fruit, non oak, oak, microbio, citrus fruit, earth, vegetal, spices, floral, tropical fruit, red fruit, black fruit, dried fruit","Shellfish, Appetizers and snacks, Lean fish, Aperitif","Chardonnay, Pinot Noir"
Bonnaire Cramant Vintage Blanc de Blancs Champagne Grand Cru Brut 1982,France,540,4.2,images/Bonnaire_Cramant_Vintage_Blanc_de_Blancs_Champagne.png,images/bottle_Bonnaire_Cramant_Vintage_Blanc_de_Blancs_Ch.png,Champagne Grand Cru 'Cramant',Bonnaire,"microbio, citrus fruit, tree fruit, oak, non oak, earth, vegetal, spices, black fruit, tropical fruit, floral, dried fruit","Pork, Rich fish (salmon, tuna etc), Shellfish, Mild and soft cheese","Chardonnay, Pinot Noir, Pinot Meunier"
90+ Cellars Lot 50 Prosecco,Italy,10.99,3.7,images/90_Cellars_Lot_50_Prosecco.png,images/bottle_90_Cellars_Lot_50_Prosecco.png,Prosecco,90+ Cellars,"tree fruit, citrus fruit, earth, spices, vegetal, microbio, floral, tropical fruit, non oak, oak, red fruit","Shellfish, Vegetarian, Appetizers and snacks, Aperitif, Cured Meat",Glera
Piper-Heidsieck Extra Dry Champagne,France,49.99,4,images/Piper_Heidsieck_Extra_Dry_Champagne.png,images/bottle_Piper_Heidsieck_Extra_Dry_Champagne.png,Champagne,Piper-Heidsieck,"microbio, tree fruit, non oak, citrus fruit, oak, earth, vegetal, spices, red fruit, tropical fruit, dried fruit, floral, black fruit","Pork, Rich fish (salmon, tuna etc), Shellfish, Mild and soft cheese","Chardonnay, Pinot Noir, Pinot Meunier"
Bartenura Moscato d'Asti 2017,Italy,14.99,4.3,images/Bartenura_Moscato_dAsti_2017.png,images/bottle_Bartenura_Moscato_dAsti_2017.png,Moscato d'Asti,Bartenura,"tree fruit, earth, citrus fruit, tropical fruit, microbio, floral, oak, non oak, spices, vegetal, red fruit, dried fruit, black fruit","Fruity desserts, Aperitif",Moscatel de grano menudo
LaLuca Prosecco,Italy,12.99,3.8,images/LaLuca_Prosecco.png,images/bottle_LaLuca_Prosecco.png,Prosecco di Treviso,LaLuca,"tree fruit, citrus fruit, microbio, earth, non oak, oak, vegetal, tropical fruit, floral, red fruit, spices, black fruit, dried fruit","Shellfish, Vegetarian, Appetizers and snacks, Aperitif, Cured Meat",Glera
Valter Barbero - Cascina Pian d'Or Bricco Riella Moscato d'Asti 2024,Italy,14.99,4.2,images/Valter_Barbero_Cascina_Pian_dOr_Bricco_Riella_Mosc.png,images/bottle_Valter_Barbero_Cascina_Pian_dOr_Bricco_Riel.png,Moscato d'Asti,Valter Barbero - Cascina Pian d'Or,"tree fruit, earth, tropical fruit, citrus fruit, microbio, spices, floral, oak, non oak, vegetal, dried fruit, red fruit","Fruity desserts, Aperitif",Moscatel de grano menudo
Philipponnat Grand Blanc Brut Champagne 2016,France,129.99,4.1,images/Philipponnat_Grand_Blanc_Brut_Champagne_2016.png,images/bottle_Philipponnat_Grand_Blanc_Brut_Champagne_201.png,Champagne,Philipponnat,"non oak, oak, earth, microbio, citrus fruit, tree fruit, vegetal, spices, floral, dried fruit, red fruit, black fruit","Pork, Rich fish (salmon, tuna etc), Shellfish, Mild and soft cheese","Chardonnay, Pinot Noir, Pinot Meunier"
Guy Larmandier Blanc de Blancs Brut Champagne Grand Cru 'Cramant',France,63.49,4.1,images/Guy_Larmandier_Blanc_de_Blancs_Brut_Champagne_Gran.png,images/bottle_Guy_Larmandier_Blanc_de_Blancs_Brut_Champag.png,Champagne Grand Cru 'Cramant',Guy Larmandier,"tree fruit, citrus fruit, non oak, microbio, earth, oak, vegetal, spices, tropical fruit, red fruit, floral","Pork, Rich fish (salmon, tuna etc), Shellfish, Mild and soft cheese","Chardonnay, Pinot Noir, Pinot Meunier"
Saracco Moscato d'Asti 2017,Italy,17.99,4.1,images/Saracco_Moscato_dAsti_2017.png,images/bottle_Saracco_Moscato_dAsti_2017.png,Moscato d'Asti,Saracco,"tree fruit, earth, citrus fruit, tropical fruit, floral, microbio, oak, vegetal, red fruit, non oak, spices, dried fruit, black fruit","Fruity desserts, Aperitif",Moscatel de grano menudo
Barefoot Bubbly Pinot Grigio (Champagne),United States,10.99,3.5,images/Barefoot_Bubbly_Pinot_Grigio_Champagne.png,images/bottle_Barefoot_Bubbly_Pinot_Grigio_Champagne.png,California,Barefoot,"tree fruit, citrus fruit, tropical fruit, earth, floral, microbio, red fruit, oak, vegetal, non oak, black fruit, spices","Shellfish, Appetizers and snacks, Lean fish, Aperitif","Chardonnay, Pinot Noir"
Llopart Cava Leopardi Gran Reserva Brut Nature 2017,Spain,44.99,4.1,images/Llopart_Cava_Leopardi_Gran_Reserva_Brut_Nature_201.png,images/bottle_Llopart_Cava_Leopardi_Gran_Reserva_Brut_Nat.png,Cava,Llopart,"tree fruit, non oak, oak, citrus fruit, microbio, earth, spices, vegetal, red fruit, floral, black fruit, tropical fruit, dried fruit","Shellfish, Appetizers and snacks, Lean fish, Aperitif, Cured Meat","Xarel-lo, Parellada, Trepat, Viura"
Korbel Brut Rosé,United States,12.99,3.5,images/Korbel_Brut_Ros.png,images/bottle_Korbel_Brut_Ros.png,California,Korbel,"red fruit, tree fruit, citrus fruit, microbio, earth, oak, black fruit, non oak, dried fruit, spices, vegetal, floral, tropical fruit","Shellfish, Appetizers and snacks, Lean fish, Aperitif","Chardonnay, Pinot Noir"
Albert Bichot Crémant de Bourgogne Brut Rosé,France,23.99,3.9,images/Albert_Bichot_Crmant_de_Bourgogne_Brut_Ros.png,images/bottle_Albert_Bichot_Crmant_de_Bourgogne_Brut_Ros.png,Crémant de Bourgogne,Albert Bichot,"red fruit, citrus fruit, microbio, non oak, tree fruit, oak, earth, black fruit, floral, dried fruit, tropical fruit, vegetal","Shellfish, Poultry, Appetizers and snacks, Lean fish, Aperitif","Chardonnay, Pinot Gris, Pinot Noir, Roussanne, Pinot Blanc, Auxerrois"
G. Tribaut Rosé de Réserve Brut Champagne Premier Cru,France,49.99,4,images/G_Tribaut_Ros_de_Rserve_Brut_Champagne_Premier_Cru.png,images/bottle_G_Tribaut_Ros_de_Rserve_Brut_Champagne_Prem.png,Champagne Premier Cru,G. Tribaut,"red fruit, microbio, oak, tree fruit, citrus fruit, black fruit, spices, non oak, floral, vegetal, earth","Pork, Rich fish (salmon, tuna etc), Shellfish, Mild and soft cheese","Chardonnay, Pinot Noir, Pinot Meunier"
Pehu Simonet Face Nord Brut Champagne Grand Cru,France,52.49,4.1,images/Pehu_Simonet_Face_Nord_Brut_Champagne_Grand_Cru.png,images/bottle_Pehu_Simonet_Face_Nord_Brut_Champagne_Grand.png,Champagne Grand Cru,Pehu Simonet,"tree fruit, citrus fruit, microbio, non oak, earth, oak, vegetal, black fruit, spices, red fruit, tropical fruit","Pork, Rich fish (salmon, tuna etc), Shellfish, Mild and soft cheese","Chardonnay, Pinot Noir, Pinot Meunier"
Casa Vinicola Ferrero Rivata Moscato d'Asti 2023,Italy,13.97,4.2,images/Casa_Vinicola_Ferrero_Rivata_Moscato_dAsti_2023.png,images/bottle_Casa_Vinicola_Ferrero_Rivata_Moscato_dAsti_.png,Moscato d'Asti,Casa Vinicola Ferrero,"tree fruit, earth, tropical fruit, floral, citrus fruit, microbio, oak, red fruit, non oak, black fruit, vegetal, spices, dried fruit","Fruity desserts, Aperitif",Moscatel de grano menudo
Jacques Lassaigne Le Cotet Extra Brut Blanc de Blancs Champagne,France,215,4.2,images/Jacques_Lassaigne_Le_Cotet_Extra_Brut_Blanc_de_Bla.png,images/bottle_Jacques_Lassaigne_Le_Cotet_Extra_Brut_Blanc.png,Champagne,Jacques Lassaigne,"tree fruit, earth, oak, citrus fruit, non oak, microbio, spices, vegetal, tropical fruit, floral, dried fruit, red fruit","Pork, Rich fish (salmon, tuna etc), Shellfish, Mild and soft cheese","Chardonnay, Pinot Noir, Pinot Meunier"
Bérêche & Fils Reflet d'Antan Brut Champagne,France,995,4.4,images/Brche_Fils_Reflet_dAntan_Brut_Champagne.png,images/bottle_Brche_Fils_Reflet_dAntan_Brut_Champagne.png,Champagne,Bérêche & Fils,"tree fruit, earth, non oak, oak, citrus fruit, microbio, spices, vegetal, dried fruit, red fruit, floral, tropical fruit","Pork, Rich fish (salmon, tuna etc), Shellfish, Mild and soft cheese","Chardonnay, Pinot Noir, Pinot Meunier"
The Chook Sparkling Shiraz,Australia,19.99,3.8,images/The_Chook_Sparkling_Shiraz.png,images/bottle_The_Chook_Sparkling_Shiraz.png,South Australia,The Chook,"black fruit, oak, red fruit, earth, non oak, spices, microbio, dried fruit, vegetal, citrus fruit, tree fruit, floral","Beef, Lamb, Game (deer, venison), Mature and hard cheese, Goat's Milk Cheese",Shiraz/Syrah
Bénédicte et Stéphane Tissot Crémant de Jura BBF Extra Brut,France,57,4.1,images/Bndicte_et_Stphane_Tissot_Crmant_de_Jura_BBF_Extra.png,images/bottle_Bndicte_et_Stphane_Tissot_Crmant_de_Jura_BB.png,Crémant du Jura,Bénédicte et Stéphane Tissot,"non oak, microbio, oak, tree fruit, earth, citrus fruit, vegetal, spices, floral, red fruit, tropical fruit","Shellfish, Poultry, Appetizers and snacks, Lean fish, Aperitif","Chardonnay, Pinot Gris, Pinot Noir, Roussanne, Pinot Blanc, Auxerrois"
Huré Frères L'Insouciance Brut Rosé Champagne,France,74,4,images/Hur_Frres_LInsouciance_Brut_Ros_Champagne.png,images/bottle_Hur_Frres_LInsouciance_Brut_Ros_Champagne.png,Champagne,Huré Frères,"red fruit, citrus fruit, tree fruit, earth, microbio, oak, non oak, vegetal, black fruit, tropical fruit, floral, spices, dried fruit","Pork, Rich fish (salmon, tuna etc), Shellfish, Mild and soft cheese","Chardonnay, Pinot Noir, Pinot Meunier"
Doyard Cuvée Vendémiaire Brut Champagne Premier Cru,France,69.99,4.1,images/Doyard_Cuve_Vendmiaire_Brut_Champagne_Premier_Cru.png,images/bottle_Doyard_Cuve_Vendmiaire_Brut_Champagne_Premi.png,Champagne Premier Cru,Doyard,"tree fruit, non oak, citrus fruit, microbio, oak, earth, vegetal, spices, tropical fruit, red fruit, dried fruit, floral","Pork, Rich fish (salmon, tuna etc), Shellfish, Mild and soft cheese","Chardonnay, Pinot Noir, Pinot Meunier"
Louis Roederer Rosé Brut Champagne (Vintage) 2016,France,99.99,4.3,images/Louis_Roederer_Ros_Brut_Champagne_Vintage_2016.png,images/bottle_Louis_Roederer_Ros_Brut_Champagne_Vintage_2.png,Champagne,Louis Roederer,"red fruit, non oak, citrus fruit, microbio, oak, earth, tree fruit, vegetal, spices, floral, black fruit, tropical fruit, dried fruit","Pork, Rich fish (salmon, tuna etc), Shellfish, Mild and soft cheese","Chardonnay, Pinot Noir, Pinot Meunier"
Paladin Millesimato Extra Dry Prosecco 2023,Italy,19.99,3.8,images/Paladin_Millesimato_Extra_Dry_Prosecco_2023.png,images/bottle_Paladin_Millesimato_Extra_Dry_Prosecco_2023.png,Prosecco,Paladin,"tree fruit, citrus fruit, oak, floral, vegetal, microbio, non oak, tropical fruit, spices, earth","Shellfish, Vegetarian, Appetizers and snacks, Aperitif, Cured Meat",Glera
Bisol Cartizze Valdobbiadene Prosecco Superiore Dry 2022,Italy,62.99,4,images/Bisol_Cartizze_Valdobbiadene_Prosecco_Superiore_Dr.png,images/bottle_Bisol_Cartizze_Valdobbiadene_Prosecco_Super.png,Conegliano-Valdobbiadene Prosecco Superiore,Bisol,"tree fruit, earth, microbio, citrus fruit, vegetal, floral, oak, tropical fruit, spices, non oak, red fruit, dried fruit","Shellfish, Vegetarian, Appetizers and snacks, Aperitif, Cured Meat",Glera
Roscato Sparkling Moscato,Italy,13.99,4.2,images/Roscato_Sparkling_Moscato.png,images/bottle_Roscato_Sparkling_Moscato.png,Trentino,Roscato,"red fruit, tree fruit, black fruit, oak, citrus fruit, tropical fruit, earth, microbio, non oak","Shellfish, Any junk food will do, Appetizers and snacks, Lean fish, Aperitif",
J-M Sélèque Le Quintette Chardonnay 5 Terroirs Extra Brut Champagne,France,100,4.1,images/J_M_Slque_Le_Quintette_Chardonnay_5_Terroirs_Extra.png,images/bottle_J_M_Slque_Le_Quintette_Chardonnay_5_Terroir.png,Champagne,J-M Sélèque,"tree fruit, earth, citrus fruit, oak, non oak, microbio, vegetal, spices, tropical fruit, floral, dried fruit, black fruit","Pork, Rich fish (salmon, tuna etc), Shellfish, Mild and soft cheese","Chardonnay, Pinot Noir, Pinot Meunier"
Côté Mas Crémant de Limoux Brut Rosé,France,17.99,3.9,images/Ct_Mas_Crmant_de_Limoux_Brut_Ros.png,images/bottle_Ct_Mas_Crmant_de_Limoux_Brut_Ros.png,Crémant de Limoux,Côté Mas,"red fruit, tree fruit, microbio, citrus fruit, non oak, earth, tropical fruit, spices, vegetal, oak, floral, black fruit","Shellfish, Poultry, Appetizers and snacks, Lean fish, Aperitif","Chardonnay, Pinot Gris, Pinot Noir, Roussanne, Pinot Blanc, Auxerrois"
Benvolio Prosecco,Italy,14.25,4,images/Benvolio_Prosecco.png,images/bottle_Benvolio_Prosecco.png,Prosecco,Benvolio,"tree fruit, citrus fruit, microbio, earth, vegetal, tropical fruit, non oak, oak, floral, spices, red fruit, black fruit","Shellfish, Vegetarian, Appetizers and snacks, Aperitif, Cured Meat",Glera
Aubry Brut Rosé Champagne Premier Cru,France,69.99,4,images/Aubry_Brut_Ros_Champagne_Premier_Cru.png,images/bottle_Aubry_Brut_Ros_Champagne_Premier_Cru.png,Champagne Premier Cru,Aubry,"non oak, red fruit, citrus fruit, microbio, earth, oak, tree fruit, spices, vegetal, tropical fruit, floral","Pork, Rich fish (salmon, tuna etc), Shellfish, Mild and soft cheese","Chardonnay, Pinot Noir, Pinot Meunier"
Levert Frères Cremant de Bourgogne Brut Rosé 2020,France,21.97,3.8,images/Levert_Frres_Cremant_de_Bourgogne_Brut_Ros_2020.png,images/bottle_Levert_Frres_Cremant_de_Bourgogne_Brut_Ros_.png,Crémant de Bourgogne,Levert Frères,"red fruit, citrus fruit, microbio, tree fruit, non oak, earth, oak, black fruit, dried fruit, spices, floral, vegetal","Shellfish, Poultry, Appetizers and snacks, Lean fish, Aperitif","Chardonnay, Pinot Gris, Pinot Noir, Roussanne, Pinot Blanc, Auxerrois"
Marc Hébrart Cuvèe de Réserve Brut Champagne Premier Cru,France,56,4.1,images/Marc_Hbrart_Cuve_de_Rserve_Brut_Champagne_Premier_.png,images/bottle_Marc_Hbrart_Cuve_de_Rserve_Brut_Champagne_P.png,Champagne Premier Cru,Marc Hébrart,"tree fruit, microbio, non oak, citrus fruit, earth, oak, vegetal, red fruit, spices, floral, tropical fruit, dried fruit, black fruit","Pork, Rich fish (salmon, tuna etc), Shellfish, Mild and soft cheese","Chardonnay, Pinot Noir, Pinot Meunier"
Veuve Clicquot Rich Champagne,France,72,4,images/Veuve_Clicquot_Rich_Champagne.png,images/bottle_Veuve_Clicquot_Rich_Champagne.png,Champagne,Veuve Clicquot,"citrus fruit, earth, tree fruit, spices, non oak, tropical fruit, microbio, oak, vegetal, red fruit, dried fruit, floral","Pork, Rich fish (salmon, tuna etc), Shellfish, Mild and soft cheese","Chardonnay, Pinot Noir, Pinot Meunier"
Schramsberg Crémant Demi-Sec 2006,United States,58,4.1,images/Schramsberg_Crmant_Demi_Sec_2006.png,images/bottle_Schramsberg_Crmant_Demi_Sec_2006.png,North Coast,Schramsberg,"tree fruit, microbio, earth, citrus fruit, non oak, oak, tropical fruit, spices, vegetal, floral, dried fruit","Shellfish, Appetizers and snacks, Lean fish, Aperitif","Chardonnay, Pinot Noir"
Armand de Brignac Brut Rosé Champagne,France,499.99,4.4,images/Armand_de_Brignac_Brut_Ros_Champagne.png,images/bottle_Armand_de_Brignac_Brut_Ros_Champagne.png,Champagne,Armand de Brignac,"red fruit, microbio, non oak, oak, citrus fruit, earth, tree fruit, black fruit, spices, vegetal, floral, dried fruit, tropical fruit","Pork, Rich fish (salmon, tuna etc), Shellfish, Mild and soft cheese","Chardonnay, Pinot Noir, Pinot Meunier"
Dom Pérignon P2 Plénitude Brut Champagne 2004,France,499.99,4.6,images/Dom_Prignon_P2_Plnitude_Brut_Champagne_2004.png,images/bottle_Dom_Prignon_P2_Plnitude_Brut_Champagne_2004.png,Champagne,Dom Pérignon,"non oak, oak, microbio, earth, tree fruit, citrus fruit, vegetal, spices, floral, tropical fruit, dried fruit, red fruit, black fruit","Pork, Rich fish (salmon, tuna etc), Shellfish, Mild and soft cheese","Chardonnay, Pinot Noir, Pinot Meunier"
Zuccolo Prosecco Extra Dry,Italy,12.99,3.8,images/Zuccolo_Prosecco_Extra_Dry.png,images/bottle_Zuccolo_Prosecco_Extra_Dry.png,Prosecco,Zuccolo,"tree fruit, citrus fruit, microbio, non oak, oak, red fruit, tropical fruit, vegetal, earth","Shellfish, Vegetarian, Appetizers and snacks, Aperitif, Cured Meat",Glera
J Vineyards Ca Cuvée,United States,19.99,3.9,images/J_Vineyards_Ca_Cuve.png,images/bottle_J_Vineyards_Ca_Cuve.png,California,J Vineyards,"tree fruit, citrus fruit, microbio, non oak, oak, earth, vegetal, tropical fruit, spices, floral, red fruit","Shellfish, Appetizers and snacks, Lean fish, Aperitif","Chardonnay, Pinot Noir"
Barefoot Bubbly Moscato Spumante (Champagne),United States,10.99,3.5,images/Barefoot_Bubbly_Moscato_Spumante_Champagne.png,images/bottle_Barefoot_Bubbly_Moscato_Spumante_Champagne.png,California,Barefoot,"citrus fruit, tree fruit, earth, microbio, red fruit, vegetal, non oak, oak, tropical fruit, spices","Shellfish, Appetizers and snacks, Lean fish, Aperitif","Chardonnay, Pinot Noir"
Chartogne-Taillet Le Rosé Brut Champagne,France,79.99,4.1,images/Chartogne_Taillet_Le_Ros_Brut_Champagne.png,images/bottle_Chartogne_Taillet_Le_Ros_Brut_Champagne.png,Champagne,Chartogne-Taillet,"red fruit, microbio, citrus fruit, non oak, earth, oak, tree fruit, vegetal, spices, floral, black fruit, dried fruit","Pork, Rich fish (salmon, tuna etc), Shellfish, Mild and soft cheese","Chardonnay, Pinot Noir, Pinot Meunier"
Cinzano Prosecco,Italy,18.99,3.4,images/Cinzano_Prosecco.png,images/bottle_Cinzano_Prosecco.png,Prosecco,Cinzano,"tree fruit, citrus fruit, microbio, earth, non oak, red fruit, vegetal, oak, black fruit, dried fruit, tropical fruit, floral","Shellfish, Vegetarian, Appetizers and snacks, Aperitif, Cured Meat",Glera
Gloria Ferrer Blanc de Blancs Brut,United States,17.99,3.9,images/Gloria_Ferrer_Blanc_de_Blancs_Brut.png,images/bottle_Gloria_Ferrer_Blanc_de_Blancs_Brut.png,Los Carneros,Gloria Ferrer,"tree fruit, citrus fruit, microbio, non oak, oak, earth, vegetal, spices, floral, tropical fruit","Shellfish, Appetizers and snacks, Lean fish, Aperitif","Chardonnay, Pinot Noir"
San Simone Syltbar Il Concerto,Italy,19.99,4.1,images/San_Simone_Syltbar_Il_Concerto.png,images/bottle_San_Simone_Syltbar_Il_Concerto.png,Prosecco,San Simone,"tree fruit, citrus fruit, earth, non oak, microbio, floral, oak, tropical fruit, vegetal, spices, dried fruit, black fruit, red fruit","Shellfish, Vegetarian, Appetizers and snacks, Aperitif, Cured Meat",Glera
Famille Ducourt Le Gout d'Autrefois Blanc Lime,France,15.99,3.9,images/Famille_Ducourt_Le_Gout_dAutrefois_Blanc_Lime.png,images/bottle_Famille_Ducourt_Le_Gout_dAutrefois_Blanc_Li.png,Vin de France,Famille Ducourt,"citrus fruit, tree fruit, earth, microbio, red fruit, tropical fruit, vegetal, non oak, oak, floral","Shellfish, Poultry, Appetizers and snacks, Lean fish, Aperitif",
Col di Luna Flora Prosecco,Italy,15.99,4.1,images/Col_di_Luna_Flora_Prosecco.jpg,,Prosecco,Col di Luna,"tree fruit, citrus fruit, earth, microbio, floral, oak, vegetal, red fruit, tropical fruit, non oak, spices","Shellfish, Vegetarian, Appetizers and snacks, Aperitif, Cured Meat",Glera
Ulysse Collin Les Roises Blanc de Blancs Extra Brut Champagne,France,699,4.4,images/Ulysse_Collin_Les_Roises_Blanc_de_Blancs_Extra_Bru.png,images/bottle_Ulysse_Collin_Les_Roises_Blanc_de_Blancs_Ex.png,Champagne,Ulysse Collin,"oak, non oak, citrus fruit, earth, tree fruit, microbio, spices, tropical fruit, vegetal, red fruit, floral, black fruit","Pork, Rich fish (salmon, tuna etc), Shellfish, Mild and soft cheese","Chardonnay, Pinot Noir, Pinot Meunier"
Varnier Fannière Brut Champagne Grand Cru 'Avize',France,50.99,4,images/Varnier_Fannire_Brut_Champagne_Grand_Cru_Avize.png,images/bottle_Varnier_Fannire_Brut_Champagne_Grand_Cru_Av.png,Champagne Grand Cru 'Avize',Varnier Fannière,"microbio, tree fruit, non oak, oak, earth, citrus fruit, vegetal, red fruit, tropical fruit, spices, floral","Pork, Rich fish (salmon, tuna etc), Shellfish, Mild and soft cheese","Chardonnay, Pinot Noir, Pinot Meunier"
J Vineyards Brut Rosé,United States,39.99,4.1,images/J_Vineyards_Brut_Ros.png,images/bottle_J_Vineyards_Brut_Ros.png,Russian River Valley,J Vineyards,"red fruit, microbio, citrus fruit, tree fruit, non oak, earth, oak, vegetal, floral, spices, tropical fruit, black fruit, dried fruit","Shellfish, Appetizers and snacks, Lean fish, Aperitif","Chardonnay, Pinot Noir"
Moët & Chandon Grand Vintage Rosé Brut Champagne 2008,France,89.99,4.1,images/Mot_Chandon_Grand_Vintage_Ros_Brut_Champagne_2008.png,images/bottle_Mot_Chandon_Grand_Vintage_Ros_Brut_Champagn.png,Champagne,Moët & Chandon,"red fruit, non oak, microbio, oak, citrus fruit, earth, tree fruit, vegetal, black fruit, spices, floral, dried fruit, tropical fruit","Pork, Rich fish (salmon, tuna etc), Shellfish, Mild and soft cheese","Chardonnay, Pinot Noir, Pinot Meunier"
Jacques Selosse Lieux-dits Mareuil Sur Ay Sous le Mont Extra Brut Champagne Premier Cru,France,649,4.6,images/Jacques_Selosse_Lieux_dits_Mareuil_Sur_Ay_Sous_le_.png,images/bottle_Jacques_Selosse_Lieux_dits_Mareuil_Sur_Ay_S.png,Champagne Premier Cru,Jacques Selosse,"non oak, oak, earth, microbio, tree fruit, citrus fruit, vegetal, red fruit, spices, floral, black fruit, tropical fruit, dried fruit","Pork, Rich fish (salmon, tuna etc), Shellfish, Mild and soft cheese","Chardonnay, Pinot Noir, Pinot Meunier"
Valdo Cuvée 1926 Valdobbiadene Prosecco Superiore Extra Dry,Italy,19.99,3.8,images/Valdo_Cuve_1926_Valdobbiadene_Prosecco_Superiore_E.png,images/bottle_Valdo_Cuve_1926_Valdobbiadene_Prosecco_Supe.png,Conegliano-Valdobbiadene Prosecco Superiore,Valdo,"tree fruit, earth, tropical fruit, citrus fruit, microbio, vegetal, spices, red fruit, floral, non oak, oak","Shellfish, Vegetarian, Appetizers and snacks, Aperitif, Cured Meat",Glera
Scarpetta Prosecco 2024,Italy,17.99,3.9,images/Scarpetta_Prosecco_2024.png,images/bottle_Scarpetta_Prosecco_2024.png,Prosecco,Scarpetta,"tree fruit, citrus fruit, earth, floral, microbio, oak, non oak, tropical fruit, vegetal","Shellfish, Vegetarian, Appetizers and snacks, Aperitif, Cured Meat",Glera
G.D. Vajra N.S. Della Neve,Italy,35,4,images/GD_Vajra_NS_Della_Neve.png,images/bottle_GD_Vajra_NS_Della_Neve.png,Langhe,G.D. Vajra,"red fruit, citrus fruit, earth, microbio, tree fruit, floral, non oak, oak, vegetal, black fruit, dried fruit, spices","Appetizers and snacks, Aperitif",
Pol Roger Brut Vintage Champagne 2016,France,149.99,4.3,images/Pol_Roger_Brut_Vintage_Champagne_2016.png,images/bottle_Pol_Roger_Brut_Vintage_Champagne_2016.png,Champagne,Pol Roger,"non oak, tree fruit, oak, microbio, citrus fruit, earth, vegetal, spices, red fruit, tropical fruit, floral, dried fruit, black fruit","Pork, Rich fish (salmon, tuna etc), Shellfish, Mild and soft cheese","Chardonnay, Pinot Noir, Pinot Meunier"
Tiamo Prosecco,Italy,15.99,3.8,images/Tiamo_Prosecco.png,images/bottle_Tiamo_Prosecco.png,Prosecco,Tiamo,"tree fruit, citrus fruit, microbio, non oak, earth, oak, tropical fruit, vegetal, dried fruit, spices, red fruit, floral","Shellfish, Vegetarian, Appetizers and snacks, Aperitif, Cured Meat",Glera
Veuve Clicquot Réserve Cuvée Brut Champagne,France,88.09,4.1,images/Veuve_Clicquot_Rserve_Cuve_Brut_Champagne.png,images/bottle_Veuve_Clicquot_Rserve_Cuve_Brut_Champagne.png,Champagne,Veuve Clicquot,"tree fruit, microbio, citrus fruit, non oak, oak, earth, spices, vegetal, red fruit, floral","Pork, Rich fish (salmon, tuna etc), Shellfish, Mild and soft cheese","Chardonnay, Pinot Noir, Pinot Meunier"
Bartenura Sparkling Moscato Rosé,Italy,14.99,4.1,images/Bartenura_Sparkling_Moscato_Ros.png,images/bottle_Bartenura_Sparkling_Moscato_Ros.png,Vino d'Italia,Bartenura,"red fruit, tree fruit, floral, microbio, citrus fruit, earth, oak, non oak, spices, tropical fruit, vegetal","Appetizers and snacks, Aperitif",
Pascual Toso Brut,Argentina,12.49,3.3,images/Pascual_Toso_Brut.png,images/bottle_Pascual_Toso_Brut.png,Mendoza,Pascual Toso,"tree fruit, microbio, citrus fruit, oak, non oak, vegetal, earth, tropical fruit, spices, red fruit, floral","Shellfish, Any junk food will do, Appetizers and snacks, Lean fish, Aperitif",
Caposaldo Moscato,Italy,11.99,4.3,images/Caposaldo_Moscato.png,images/bottle_Caposaldo_Moscato.png,Provincia di Pavia,Caposaldo,"tree fruit, tropical fruit, earth, red fruit, citrus fruit, spices, floral, oak, non oak, black fruit, microbio","Appetizers and snacks, Aperitif",
Jeio Cuvée Rosé,Italy,23.99,3.7,images/Jeio_Cuve_Ros.png,images/bottle_Jeio_Cuve_Ros.png,Veneto,Jeio,"red fruit, citrus fruit, earth, tree fruit, vegetal, microbio, non oak, tropical fruit, spices, oak, black fruit","Appetizers and snacks, Aperitif",
Louis de Sacy Brut Champagne Grand Cru 'Verzy',France,59.99,4,images/Louis_de_Sacy_Brut_Champagne_Grand_Cru_Verzy.png,images/bottle_Louis_de_Sacy_Brut_Champagne_Grand_Cru_Verz.png,Champagne Grand Cru 'Verzy',Louis de Sacy,"non oak, microbio, citrus fruit, tree fruit, oak, earth, vegetal, spices, floral, tropical fruit, red fruit, black fruit","Pork, Rich fish (salmon, tuna etc), Shellfish, Mild and soft cheese","Chardonnay, Pinot Noir, Pinot Meunier"
Franck Bonville Brut Rosé Champagne Grand Cru,France,65.99,4,images/Franck_Bonville_Brut_Ros_Champagne_Grand_Cru.png,images/bottle_Franck_Bonville_Brut_Ros_Champagne_Grand_Cr.png,Champagne Grand Cru,Franck Bonville,"red fruit, microbio, tree fruit, non oak, earth, citrus fruit, oak, floral, tropical fruit, vegetal, black fruit, spices","Pork, Rich fish (salmon, tuna etc), Shellfish, Mild and soft cheese","Chardonnay, Pinot Noir, Pinot Meunier"
Villa Jolanda Prosecco,Italy,12.49,3.6,images/Villa_Jolanda_Prosecco.jpg,,Prosecco,Villa Jolanda,"tree fruit, citrus fruit, microbio, earth, tropical fruit, red fruit, vegetal, non oak, black fruit, oak","Shellfish, Vegetarian, Appetizers and snacks, Aperitif, Cured Meat",Glera
Pol Roger Sir Winston Churchill Brut Champagne 2013,France,339.99,4.6,images/Pol_Roger_Sir_Winston_Churchill_Brut_Champagne_201.png,images/bottle_Pol_Roger_Sir_Winston_Churchill_Brut_Champa.png,Champagne,Pol Roger,"non oak, oak, microbio, tree fruit, citrus fruit, earth, vegetal, spices, red fruit, floral, tropical fruit, dried fruit, black fruit","Pork, Rich fish (salmon, tuna etc), Shellfish, Mild and soft cheese","Chardonnay, Pinot Noir, Pinot Meunier"
J. Lassalle Brut Rosé Champagne Premier Cru,France,50,4.2,images/J_Lassalle_Brut_Ros_Champagne_Premier_Cru.png,images/bottle_J_Lassalle_Brut_Ros_Champagne_Premier_Cru.png,Champagne Premier Cru,J. Lassalle,"red fruit, citrus fruit, earth, tree fruit, microbio, non oak, oak, spices, vegetal, black fruit, dried fruit, floral","Pork, Rich fish (salmon, tuna etc), Shellfish, Mild and soft cheese","Chardonnay, Pinot Noir, Pinot Meunier"
Charles Heidsieck Blanc des Millénaires 2007,France,284.99,4.4,images/Charles_Heidsieck_Blanc_des_Millnaires_2007.png,images/bottle_Charles_Heidsieck_Blanc_des_Millnaires_2007.png,Champagne,Charles Heidsieck,"non oak, oak, microbio, earth, citrus fruit, tree fruit, vegetal, spices, tropical fruit, floral, dried fruit, red fruit, black fruit","Pork, Rich fish (salmon, tuna etc), Shellfish, Mild and soft cheese","Chardonnay, Pinot Noir, Pinot Meunier"
Pol Roger Blanc de Blancs Champagne 2015,France,149.99,4.3,images/Pol_Roger_Blanc_de_Blancs_Champagne_2015.png,images/bottle_Pol_Roger_Blanc_de_Blancs_Champagne_2015.png,Champagne,Pol Roger,"tree fruit, non oak, citrus fruit, microbio, oak, earth, vegetal, spices, tropical fruit, dried fruit, floral, black fruit, red fruit","Pork, Rich fish (salmon, tuna etc), Shellfish, Mild and soft cheese","Chardonnay, Pinot Noir, Pinot Meunier"
Isaac Fernandez Biutiful Cava Brut Rosé,Spain,13.99,3.9,images/Isaac_Fernandez_Biutiful_Cava_Brut_Ros.png,images/bottle_Isaac_Fernandez_Biutiful_Cava_Brut_Ros.png,Cava,Isaac Fernandez,"red fruit, citrus fruit, tree fruit, microbio, non oak, earth, oak, tropical fruit, vegetal, floral, black fruit, spices, dried fruit","Shellfish, Appetizers and snacks, Lean fish, Aperitif, Cured Meat","Xarel-lo, Parellada, Trepat, Viura"
Gloria Ferrer Brut Rosé,United States,14.99,4.1,images/Gloria_Ferrer_Brut_Ros.png,images/bottle_Gloria_Ferrer_Brut_Ros.png,Los Carneros,Gloria Ferrer,"red fruit, citrus fruit, microbio, tree fruit, non oak, earth, oak, black fruit, dried fruit, tropical fruit, vegetal, spices, floral","Shellfish, Appetizers and snacks, Lean fish, Aperitif","Chardonnay, Pinot Noir"
Mionetto Prestige Collection Spumante Rosé Extra Dry (Gran Rosé),Italy,15.49,3.5,images/Mionetto_Prestige_Collection_Spumante_Ros_Extra_Dr.png,images/bottle_Mionetto_Prestige_Collection_Spumante_Ros_E.png,Vino d'Italia,Mionetto,"red fruit, citrus fruit, tree fruit, spices, earth, black fruit, tropical fruit, non oak","Appetizers and snacks, Aperitif",
Von Winning Riesling Extra Brut,Germany,29.99,3.8,images/Von_Winning_Riesling_Extra_Brut.png,images/bottle_Von_Winning_Riesling_Extra_Brut.png,Pfalz,Von Winning,"tree fruit, citrus fruit, earth, microbio, vegetal, spices, oak, non oak, tropical fruit, floral, black fruit","Poultry, Appetizers and snacks, Lean fish, Aperitif","Chardonnay, Gewürztraminer, Riesling, Grauburgunder, Silvaner, Kerner, Weissburgunder, Huxelrebe"
Doyard Révolution Blanc de Blancs Non Dosé Champagne Grand Cru,France,82.99,4.1,images/Doyard_Rvolution_Blanc_de_Blancs_Non_Dos_Champagne.png,images/bottle_Doyard_Rvolution_Blanc_de_Blancs_Non_Dos_Ch.png,Champagne Grand Cru,Doyard,"tree fruit, citrus fruit, oak, earth, non oak, microbio, spices, vegetal, floral","Pork, Rich fish (salmon, tuna etc), Shellfish, Mild and soft cheese","Chardonnay, Pinot Noir, Pinot Meunier"
Stellina di Notte Prosecco,Italy,23.99,3.7,images/Stellina_di_Notte_Prosecco.png,images/bottle_Stellina_di_Notte_Prosecco.png,Prosecco,Stellina di Notte,"tree fruit, citrus fruit, earth, microbio, non oak, oak, vegetal, spices, dried fruit, tropical fruit","Shellfish, Vegetarian, Appetizers and snacks, Aperitif, Cured Meat",Glera
Scarpetta Timido Spumante Brut Rosé,Italy,18.78,4,images/Scarpetta_Timido_Spumante_Brut_Ros.png,images/bottle_Scarpetta_Timido_Spumante_Brut_Ros.png,Friuli-Venezia Giulia,Scarpetta,"red fruit, microbio, tree fruit, citrus fruit, earth, non oak, oak, black fruit, floral, spices, vegetal, tropical fruit, dried fruit","Appetizers and snacks, Aperitif",
Soutiran Signature Brut Champagne Grand Cru 'Ambonnay',France,74.99,3.9,images/Soutiran_Signature_Brut_Champagne_Grand_Cru_Ambonn.png,images/bottle_Soutiran_Signature_Brut_Champagne_Grand_Cru.png,Champagne Grand Cru 'Ambonnay',Soutiran,"tree fruit, microbio, non oak, oak, citrus fruit, earth, vegetal, red fruit, tropical fruit, spices, floral, black fruit","Pork, Rich fish (salmon, tuna etc), Shellfish, Mild and soft cheese","Chardonnay, Pinot Noir, Pinot Meunier"
Domaine Bousquet Organic Brut,Argentina,11.99,3.6,images/Domaine_Bousquet_Organic_Brut.png,images/bottle_Domaine_Bousquet_Organic_Brut.png,Uco Valley,Domaine Bousquet,"tree fruit, citrus fruit, earth, microbio, non oak, red fruit, oak, tropical fruit, floral, vegetal","Shellfish, Any junk food will do, Appetizers and snacks, Lean fish, Aperitif",
Jean François Ganevat La Combe Rotalier,France,57.99,3.9,images/Jean_Franois_Ganevat_La_Combe_Rotalier.png,images/bottle_Jean_Franois_Ganevat_La_Combe_Rotalier.png,Crémant du Jura,Jean François Ganevat,"tree fruit, microbio, citrus fruit, non oak, earth, oak, vegetal, red fruit, spices, tropical fruit, floral, dried fruit, black fruit","Shellfish, Poultry, Appetizers and snacks, Lean fish, Aperitif","Chardonnay, Pinot Gris, Pinot Noir, Roussanne, Pinot Blanc, Auxerrois"
Domaine Bousquet Organic Brut Rose,Argentina,10.99,3.8,images/Domaine_Bousquet_Organic_Brut_Rose.png,images/bottle_Domaine_Bousquet_Organic_Brut_Rose.png,Uco Valley,Domaine Bousquet,"red fruit, citrus fruit, tree fruit, microbio, earth, non oak, vegetal, floral, oak","Shellfish, Any junk food will do, Appetizers and snacks, Lean fish, Aperitif",
Blue Nun 24K Gold Edition Sparkling,Germany,18.95,3.5,images/Blue_Nun_24K_Gold_Edition_Sparkling.png,images/bottle_Blue_Nun_24K_Gold_Edition_Sparkling.png,Rheinhessen,Blue Nun,"tree fruit, citrus fruit, earth, tropical fruit, vegetal, microbio, oak, floral, non oak","Poultry, Appetizers and snacks, Lean fish, Aperitif","Chardonnay, Gewürztraminer, Riesling, Grauburgunder, Silvaner, Kerner, Weissburgunder, Huxelrebe"
Ca' del Doge Prosecco Extra Dry,Italy,20.89,3.7,images/Ca_del_Doge_Prosecco_Extra_Dry.png,images/bottle_Ca_del_Doge_Prosecco_Extra_Dry.png,Prosecco,Ca' del Doge,"tree fruit, citrus fruit, microbio, dried fruit, red fruit, tropical fruit, vegetal, earth","Shellfish, Vegetarian, Appetizers and snacks, Aperitif, Cured Meat",Glera
Yellow Tail Pink Bubbles Rose,Australia,12.91,3.4,images/Yellow_Tail_Pink_Bubbles_Rose.png,images/bottle_Yellow_Tail_Pink_Bubbles_Rose.png,South Eastern Australia,Yellow Tail,"red fruit, microbio, citrus fruit, non oak, floral, oak, tree fruit, earth, spices, black fruit, tropical fruit","Shellfish, Vegetarian, Appetizers and snacks, Lean fish, Mild and soft cheese, Aperitif",
Banshee Wines Ten of Cups Brut,United States,23.49,4,images/Banshee_Wines_Ten_of_Cups_Brut.png,images/bottle_Banshee_Wines_Ten_of_Cups_Brut.png,California,Banshee Wines,"citrus fruit, microbio, tree fruit, oak, earth, non oak, vegetal, tropical fruit, spices","Shellfish, Appetizers and snacks, Lean fish, Aperitif","Chardonnay, Pinot Noir"
Contadi Castaldi Franciacorta Satèn 2016,Italy,34.99,3.9,images/Contadi_Castaldi_Franciacorta_Satn_2016.png,images/bottle_Contadi_Castaldi_Franciacorta_Satn_2016.png,Franciacorta,Contadi Castaldi,"tree fruit, microbio, non oak, oak, citrus fruit, earth, vegetal, spices, dried fruit, floral, tropical fruit","Shellfish, Appetizers and snacks, Lean fish, Mild and soft cheese, Aperitif","Chardonnay, Pinot Noir, Pinot Blanc"
Cavit Prosecco,Italy,11.99,3.6,images/Cavit_Prosecco.png,images/bottle_Cavit_Prosecco.png,Prosecco,Cavit,"tree fruit, citrus fruit, earth, microbio, red fruit, tropical fruit, black fruit, vegetal, non oak, floral, oak","Shellfish, Vegetarian, Appetizers and snacks, Aperitif, Cured Meat",Glera
Chartogne-Taillet Les Barres Extra Brut,France,146,4.3,images/Chartogne_Taillet_Les_Barres_Extra_Brut.png,images/bottle_Chartogne_Taillet_Les_Barres_Extra_Brut.png,Champagne,Chartogne-Taillet,"tree fruit, earth, microbio, non oak, oak, citrus fruit, spices, red fruit, vegetal, floral, black fruit, dried fruit","Pork, Rich fish (salmon, tuna etc), Shellfish, Mild and soft cheese","Chardonnay, Pinot Noir, Pinot Meunier"
Champagne Lallier Réflexion R.019 Brut Champagne,France,70,4.1,images/Champagne_Lallier_Rflexion_R019_Brut_Champagne.png,images/bottle_Champagne_Lallier_Rflexion_R019_Brut_Champa.png,Champagne,Champagne Lallier,,"Pork, Rich fish (salmon, tuna etc), Shellfish, Mild and soft cheese","Chardonnay, Pinot Noir, Pinot Meunier"
Christophe Mignon ADN de Meunier Brut Nature Champagne,France,57.99,4.2,images/Christophe_Mignon_ADN_de_Meunier_Brut_Nature_Champ.png,images/bottle_Christophe_Mignon_ADN_de_Meunier_Brut_Natur.png,Champagne,Christophe Mignon,"tree fruit, citrus fruit, non oak, oak, microbio, earth, vegetal, red fruit, tropical fruit, floral, black fruit, spices, dried fruit","Pork, Rich fish (salmon, tuna etc), Shellfish, Mild and soft cheese","Chardonnay, Pinot Noir, Pinot Meunier"
Chartogne-Taillet Orizeaux Extra Brut 2020,France,120,4.3,images/Chartogne_Taillet_Orizeaux_Extra_Brut_2020.png,images/bottle_Chartogne_Taillet_Orizeaux_Extra_Brut_2020.png,Champagne,Chartogne-Taillet,"earth, tree fruit, microbio, non oak, oak, citrus fruit, red fruit, vegetal, spices, floral, black fruit, tropical fruit, dried fruit","Pork, Rich fish (salmon, tuna etc), Shellfish, Mild and soft cheese","Chardonnay, Pinot Noir, Pinot Meunier"
Veuve Clicquot Rich Rosé Champagne,France,78,4.2,images/Veuve_Clicquot_Rich_Ros_Champagne.png,images/bottle_Veuve_Clicquot_Rich_Ros_Champagne.png,Champagne,Veuve Clicquot,"red fruit, citrus fruit, microbio, oak, non oak, tree fruit, earth, spices, tropical fruit, black fruit, vegetal, floral, dried fruit","Pork, Rich fish (salmon, tuna etc), Shellfish, Mild and soft cheese","Chardonnay, Pinot Noir, Pinot Meunier"
Villa Jolanda Moscato Rosé,Italy,10.99,3.9,images/Villa_Jolanda_Moscato_Ros.png,images/bottle_Villa_Jolanda_Moscato_Ros.png,Piemonte,Villa Jolanda,"red fruit, floral, tree fruit, black fruit, spices, non oak, oak","Appetizers and snacks, Aperitif",
AT Roca Brut Reserva 2022,Spain,29,3.9,images/AT_Roca_Brut_Reserva_2022.png,images/bottle_AT_Roca_Brut_Reserva_2022.png,Penedès,AT Roca,"tree fruit, citrus fruit, microbio, earth, vegetal, non oak, tropical fruit, oak, black fruit, spices","Shellfish, Appetizers and snacks, Lean fish, Aperitif","Xarel-lo, Parellada, Trepat, Viura"
Louis Pommery California Brut,United States,19.99,3.6,images/Louis_Pommery_California_Brut.png,images/bottle_Louis_Pommery_California_Brut.png,California,Louis Pommery,"tree fruit, microbio, non oak, citrus fruit, oak, earth, spices, vegetal, tropical fruit, floral","Shellfish, Appetizers and snacks, Lean fish, Aperitif","Chardonnay, Pinot Noir"
La Marca Luminore,Italy,22.99,4,images/La_Marca_Luminore.png,images/bottle_La_Marca_Luminore.png,Conegliano-Valdobbiadene Prosecco,La Marca,"tree fruit, citrus fruit, earth, microbio, oak, floral, non oak, vegetal, tropical fruit, spices, dried fruit","Shellfish, Vegetarian, Appetizers and snacks, Aperitif, Cured Meat",Glera
Barnaut Rosé Authentique Brut Champagne Grand Cru 'Bouzy',France,65,4.1,images/Barnaut_Ros_Authentique_Brut_Champagne_Grand_Cru_B.png,images/bottle_Barnaut_Ros_Authentique_Brut_Champagne_Gran.png,Champagne Grand Cru 'Bouzy',Barnaut,"red fruit, citrus fruit, earth, microbio, non oak, oak, tree fruit, vegetal, spices, floral","Pork, Rich fish (salmon, tuna etc), Shellfish, Mild and soft cheese","Chardonnay, Pinot Noir, Pinot Meunier"
Salon Le Mesnil Blanc de Blancs (Cuvée S) Brut Champagne 2006,France,1000,4.7,images/Salon_Le_Mesnil_Blanc_de_Blancs_Cuve_S_Brut_Champa.png,images/bottle_Salon_Le_Mesnil_Blanc_de_Blancs_Cuve_S_Brut.png,Champagne Grand Cru 'Le Mesnil-sur-Oger',Salon,"citrus fruit, earth, non oak, oak, microbio, tree fruit, vegetal, spices, floral, tropical fruit, dried fruit, black fruit, red fruit","Pork, Rich fish (salmon, tuna etc), Shellfish, Mild and soft cheese","Chardonnay, Pinot Noir, Pinot Meunier"
Nathalie Falmet Brut Champagne,France,48.16,3.9,images/Nathalie_Falmet_Brut_Champagne.png,images/bottle_Nathalie_Falmet_Brut_Champagne.png,Champagne,Nathalie Falmet,"tree fruit, earth, citrus fruit, non oak, oak, microbio, vegetal, red fruit, tropical fruit, spices, floral","Pork, Rich fish (salmon, tuna etc), Shellfish, Mild and soft cheese","Chardonnay, Pinot Noir, Pinot Meunier"
R.H. Coutier Blanc de Blancs Brut Champagne Grand Cru 'Ambonnay',France,54,4.1,images/RH_Coutier_Blanc_de_Blancs_Brut_Champagne_Grand_Cr.png,images/bottle_RH_Coutier_Blanc_de_Blancs_Brut_Champagne_G.png,Champagne Grand Cru 'Ambonnay',R.H. Coutier,"non oak, microbio, oak, tree fruit, citrus fruit, earth, spices, vegetal, dried fruit, red fruit, tropical fruit","Pork, Rich fish (salmon, tuna etc), Shellfish, Mild and soft cheese","Chardonnay, Pinot Noir, Pinot Meunier"
Isaac Fernandez Biutiful Cava Brut Nature,Spain,14.99,3.7,images/Isaac_Fernandez_Biutiful_Cava_Brut_Nature.png,images/bottle_Isaac_Fernandez_Biutiful_Cava_Brut_Nature.png,Cava,Isaac Fernandez,"tree fruit, citrus fruit, non oak, microbio, earth, oak, red fruit, vegetal, tropical fruit, spices","Shellfish, Appetizers and snacks, Lean fish, Aperitif, Cured Meat","Xarel-lo, Parellada, Trepat, Viura"
Brandini Alta Langa Metodo Classico Brut 2020,Italy,47,3.8,images/Brandini_Alta_Langa_Metodo_Classico_Brut_2020.png,images/bottle_Brandini_Alta_Langa_Metodo_Classico_Brut_20.png,Alta Langa,Brandini,"tree fruit, non oak, earth, microbio, citrus fruit, oak, dried fruit, black fruit, spices, vegetal","Appetizers and snacks, Aperitif",
Bohigas Cava Rosat,Spain,23.09,3.7,images/Bohigas_Cava_Rosat.png,images/bottle_Bohigas_Cava_Rosat.png,Cava,Bohigas,"red fruit, citrus fruit, microbio, tree fruit, non oak, floral, earth, dried fruit, vegetal, oak, black fruit","Shellfish, Appetizers and snacks, Lean fish, Aperitif, Cured Meat","Xarel-lo, Parellada, Trepat, Viura"
Jean-Baptiste Adam Les Natures Brut Crémant d'Alsace,France,34.71,3.8,images/Jean_Baptiste_Adam_Les_Natures_Brut_Crmant_dAlsace.png,images/bottle_Jean_Baptiste_Adam_Les_Natures_Brut_Crmant_.png,Crémant d'Alsace,Jean-Baptiste Adam,"tree fruit, citrus fruit, microbio, earth, vegetal, oak, non oak, tropical fruit, dried fruit, red fruit, spices, floral","Shellfish, Poultry, Appetizers and snacks, Lean fish, Aperitif","Chardonnay, Pinot Gris, Pinot Noir, Roussanne, Pinot Blanc, Auxerrois"
Moët & Chandon Grand Vintage Brut Champagne 2015,France,114.99,4.2,images/Mot_Chandon_Grand_Vintage_Brut_Champagne_2015.png,images/bottle_Mot_Chandon_Grand_Vintage_Brut_Champagne_20.png,Champagne,Moët & Chandon,"non oak, tree fruit, oak, microbio, citrus fruit, earth, vegetal, spices, tropical fruit, red fruit, floral, black fruit, dried fruit","Pork, Rich fish (salmon, tuna etc), Shellfish, Mild and soft cheese","Chardonnay, Pinot Noir, Pinot Meunier"
Deutz Amour de Deutz Millésimé Brut Champagne 2006,France,640,4.5,images/Deutz_Amour_de_Deutz_Millsim_Brut_Champagne_2006.png,images/bottle_Deutz_Amour_de_Deutz_Millsim_Brut_Champagne.png,Champagne,Deutz,"non oak, oak, microbio, citrus fruit, tree fruit, earth, vegetal, spices, tropical fruit, floral, red fruit, dried fruit, black fruit","Pork, Rich fish (salmon, tuna etc), Shellfish, Mild and soft cheese","Chardonnay, Pinot Noir, Pinot Meunier"
Carafoli Nicchia Lambrusco di Modena,Italy,15.99,4.2,images/Carafoli_Nicchia_Lambrusco_di_Modena.png,images/bottle_Carafoli_Nicchia_Lambrusco_di_Modena.png,Modena,Carafoli,"red fruit, black fruit, microbio, spices, dried fruit, oak, tree fruit, floral, vegetal, earth, non oak, tropical fruit","Mature and hard cheese, Cured Meat","Ancellotta, Lambrusco, Fortana, Malbo Gentile"
A to Z Wineworks Bubbles Rosé,United States,15.99,3.8,images/A_to_Z_Wineworks_Bubbles_Ros.png,images/bottle_A_to_Z_Wineworks_Bubbles_Ros.png,Oregon,A to Z Wineworks,"red fruit, tree fruit, citrus fruit, microbio, earth, vegetal, oak, non oak, spices, black fruit, tropical fruit, floral, dried fruit","Shellfish, Any junk food will do, Appetizers and snacks, Lean fish, Aperitif",
Maschio Extra Dry Rosé,Italy,15.04,3.7,images/Maschio_Extra_Dry_Ros.png,images/bottle_Maschio_Extra_Dry_Ros.png,Veneto,Maschio,"red fruit, tree fruit, citrus fruit, microbio, non oak, oak, vegetal, floral","Appetizers and snacks, Aperitif",
Gaston Chiquet Brut Rosé Champagne Premier Cru,France,49.99,4,images/Gaston_Chiquet_Brut_Ros_Champagne_Premier_Cru.png,images/bottle_Gaston_Chiquet_Brut_Ros_Champagne_Premier_C.png,Champagne Premier Cru,Gaston Chiquet,"red fruit, microbio, tree fruit, oak, non oak, citrus fruit, earth, tropical fruit, spices, vegetal, black fruit, floral","Pork, Rich fish (salmon, tuna etc), Shellfish, Mild and soft cheese","Chardonnay, Pinot Noir, Pinot Meunier"
José Dhondt Blanc de Blancs Brut Champagne Grand Cru 'Oger',France,36.99,4.1,images/Jos_Dhondt_Blanc_de_Blancs_Brut_Champagne_Grand_Cr.png,images/bottle_Jos_Dhondt_Blanc_de_Blancs_Brut_Champagne_G.png,Champagne Grand Cru 'Oger',José Dhondt,"microbio, citrus fruit, non oak, oak, tree fruit, earth, vegetal, tropical fruit, spices, floral, dried fruit, red fruit","Pork, Rich fish (salmon, tuna etc), Shellfish, Mild and soft cheese","Chardonnay, Pinot Noir, Pinot Meunier"
CHANDON California Étoile Tête de Cuvée 2011,United States,120,4.5,images/CHANDON_California_toile_Tte_de_Cuve_2011.png,images/bottle_CHANDON_California_toile_Tte_de_Cuve_2011.png,Napa Valley,CHANDON California,"oak, tree fruit, microbio, non oak, citrus fruit, earth, spices, tropical fruit, vegetal, floral, dried fruit, red fruit","Shellfish, Appetizers and snacks, Lean fish, Aperitif","Chardonnay, Pinot Noir"
Flor Prosecco,Italy,16.99,3.9,images/Flor_Prosecco.png,images/bottle_Flor_Prosecco.png,Prosecco,Flor,"tree fruit, citrus fruit, microbio, earth, vegetal, oak, non oak, floral, spices, red fruit, black fruit, tropical fruit, dried fruit","Shellfish, Vegetarian, Appetizers and snacks, Aperitif, Cured Meat",Glera
Fleury Brut Champagne,France,78.99,4.1,images/Fleury_Brut_Champagne.png,images/bottle_Fleury_Brut_Champagne.png,Champagne,Fleury,"microbio, non oak, oak, earth, tree fruit, citrus fruit, black fruit, red fruit, spices, vegetal, floral","Pork, Rich fish (salmon, tuna etc), Shellfish, Mild and soft cheese","Chardonnay, Pinot Noir, Pinot Meunier"
Korbel Sweet Rosé,United States,12.99,3.4,images/Korbel_Sweet_Ros.png,images/bottle_Korbel_Sweet_Ros.png,California,Korbel,"red fruit, tree fruit, oak, citrus fruit, non oak, spices, earth, microbio, tropical fruit, floral","Shellfish, Appetizers and snacks, Lean fish, Aperitif","Chardonnay, Pinot Noir"
Rare Champagne Rare Brut Champagne (Millésimé) 2013,France,200,4.4,images/Rare_Champagne_Rare_Brut_Champagne_Millsim_2013.png,images/bottle_Rare_Champagne_Rare_Brut_Champagne_Millsim_.png,Champagne,Rare Champagne,"non oak, oak, microbio, tree fruit, citrus fruit, earth, spices, tropical fruit, vegetal, floral, dried fruit, black fruit, red fruit","Pork, Rich fish (salmon, tuna etc), Shellfish, Mild and soft cheese","Chardonnay, Pinot Noir, Pinot Meunier"
Paula Kornell Brut Méthode Champenoise,United States,18.99,3.9,images/Paula_Kornell_Brut_Mthode_Champenoise.jpg,,California,Paula Kornell,"tree fruit, citrus fruit, microbio, non oak, earth, oak, floral, tropical fruit, vegetal, red fruit, spices, black fruit, dried fruit","Shellfish, Appetizers and snacks, Lean fish, Aperitif","Chardonnay, Pinot Noir"
Marguet Rosé Champagne Grand Cru 'Ambonnay' 2018,France,108,4,images/Marguet_Ros_Champagne_Grand_Cru_Ambonnay_2018.png,images/bottle_Marguet_Ros_Champagne_Grand_Cru_Ambonnay_20.png,Champagne Grand Cru 'Ambonnay',Marguet,"red fruit, earth, tree fruit, citrus fruit, microbio, oak, non oak, spices, vegetal, dried fruit, black fruit, floral, tropical fruit","Pork, Rich fish (salmon, tuna etc), Shellfish, Mild and soft cheese","Chardonnay, Pinot Noir, Pinot Meunier"
Domaine de Montbourgeau Crémant du Jura Brut,France,29.99,3.8,images/Domaine_de_Montbourgeau_Crmant_du_Jura_Brut.png,images/bottle_Domaine_de_Montbourgeau_Crmant_du_Jura_Brut.png,Crémant du Jura,Domaine de Montbourgeau,"tree fruit, non oak, citrus fruit, microbio, oak, earth, vegetal, spices, red fruit, floral, tropical fruit","Shellfish, Poultry, Appetizers and snacks, Lean fish, Aperitif","Chardonnay, Pinot Gris, Pinot Noir, Roussanne, Pinot Blanc, Auxerrois"
Pierre Peters Réserve Oubliée Blanc de Blancs Brut Champagne Grand Cru 'Le Mesnil-sur-Oger',France,115,4.4,images/Pierre_Peters_Rserve_Oublie_Blanc_de_Blancs_Brut_C.png,images/bottle_Pierre_Peters_Rserve_Oublie_Blanc_de_Blancs.png,Champagne Grand Cru 'Le Mesnil-sur-Oger',Pierre Peters,"non oak, oak, tree fruit, microbio, citrus fruit, earth, tropical fruit, dried fruit, spices, floral, vegetal","Pork, Rich fish (salmon, tuna etc), Shellfish, Mild and soft cheese","Chardonnay, Pinot Noir, Pinot Meunier"
Fratelli Berlucchi Freccianera Nature 1961,Italy,30.1,4,images/Fratelli_Berlucchi_Freccianera_Nature_1961.png,images/bottle_Fratelli_Berlucchi_Freccianera_Nature_1961.png,Franciacorta,Fratelli Berlucchi,"citrus fruit, microbio, oak, earth, non oak, tree fruit, vegetal","Shellfish, Appetizers and snacks, Lean fish, Mild and soft cheese, Aperitif","Chardonnay, Pinot Noir, Pinot Blanc"
J. Charpentier Blanc de Blancs Brut Champagne,France,73.99,3.9,images/J_Charpentier_Blanc_de_Blancs_Brut_Champagne.png,images/bottle_J_Charpentier_Blanc_de_Blancs_Brut_Champagn.png,Champagne,J. Charpentier,"citrus fruit, tree fruit, non oak, earth, oak, microbio, vegetal","Pork, Rich fish (salmon, tuna etc), Shellfish, Mild and soft cheese","Chardonnay, Pinot Noir, Pinot Meunier"
Veuve Ambal Cuvée Excellence Crémant de Bourgogne Brut,France,24,4.1,images/Veuve_Ambal_Cuve_Excellence_Crmant_de_Bourgogne_Br.png,images/bottle_Veuve_Ambal_Cuve_Excellence_Crmant_de_Bourg.png,Crémant de Bourgogne,Veuve Ambal,"tree fruit, earth, non oak, oak, citrus fruit, microbio, vegetal","Shellfish, Poultry, Appetizers and snacks, Lean fish, Aperitif","Chardonnay, Pinot Gris, Pinot Noir, Roussanne, Pinot Blanc, Auxerrois"
Bonnet-Ponson Brut Champagne Premier Cru,France,72.99,4,images/Bonnet_Ponson_Brut_Champagne_Premier_Cru.png,images/bottle_Bonnet_Ponson_Brut_Champagne_Premier_Cru.png,Champagne Premier Cru,Bonnet-Ponson,"non oak, tree fruit, microbio, oak, earth, citrus fruit, vegetal, spices, tropical fruit, dried fruit, red fruit","Pork, Rich fish (salmon, tuna etc), Shellfish, Mild and soft cheese","Chardonnay, Pinot Noir, Pinot Meunier"
Camille Braun Crémant d'Alsace Brut,France,19.99,3.9,images/Camille_Braun_Crmant_dAlsace_Brut.png,images/bottle_Camille_Braun_Crmant_dAlsace_Brut.png,Crémant d'Alsace,Camille Braun,"tree fruit, non oak, microbio, oak, citrus fruit, red fruit, earth, spices, vegetal, dried fruit, tropical fruit, floral","Shellfish, Poultry, Appetizers and snacks, Lean fish, Aperitif","Chardonnay, Pinot Gris, Pinot Noir, Roussanne, Pinot Blanc, Auxerrois"
R. Dumont & Fils Brut Tradition Champagne,France,33.95,3.9,images/R_Dumont_Fils_Brut_Tradition_Champagne.png,images/bottle_R_Dumont_Fils_Brut_Tradition_Champagne.png,Champagne,R. Dumont & Fils,"tree fruit, microbio, non oak, citrus fruit, oak, earth, floral, vegetal","Pork, Rich fish (salmon, tuna etc), Shellfish, Mild and soft cheese","Chardonnay, Pinot Noir, Pinot Meunier"
Bouvet Ladubay Bouvet Méthode Traditionnelle Signature Brut,France,17.99,3.7,images/Bouvet_Ladubay_Bouvet_Mthode_Traditionnelle_Signat.png,images/bottle_Bouvet_Ladubay_Bouvet_Mthode_Traditionnelle.png,Loire Valley,Bouvet Ladubay,"tree fruit, citrus fruit, microbio, non oak, earth, oak, vegetal, tropical fruit, red fruit, spices, floral","Shellfish, Poultry, Appetizers and snacks, Lean fish, Aperitif",
Champalou Brut,France,25.99,3.8,images/Champalou_Brut.png,images/bottle_Champalou_Brut.png,Vouvray,Champalou,"tree fruit, citrus fruit, earth, microbio, non oak, oak, vegetal, floral, red fruit, tropical fruit, dried fruit, spices","Shellfish, Poultry, Appetizers and snacks, Lean fish, Aperitif",
Billecart-Salmon Cuvée Nicolas François Billecart Brut Champagne 2008,France,199.99,4.4,images/Billecart_Salmon_Cuve_Nicolas_Franois_Billecart_Br.png,images/bottle_Billecart_Salmon_Cuve_Nicolas_Franois_Bille.png,Champagne,Billecart-Salmon,"non oak, tree fruit, oak, microbio, citrus fruit, earth, vegetal, spices, floral, red fruit, tropical fruit, dried fruit, black fruit","Pork, Rich fish (salmon, tuna etc), Shellfish, Mild and soft cheese","Chardonnay, Pinot Noir, Pinot Meunier"
Charles Orban Carte Noire Brut Champagne,France,48.99,4.1,images/Charles_Orban_Carte_Noire_Brut_Champagne.jpg,,Champagne,Charles Orban,"tree fruit, microbio, non oak, earth, citrus fruit, oak, vegetal, red fruit, spices, floral","Pork, Rich fish (salmon, tuna etc), Shellfish, Mild and soft cheese","Chardonnay, Pinot Noir, Pinot Meunier"
Guy Larmandier Brut Champagne Premier Cru,France,58.99,4,images/Guy_Larmandier_Brut_Champagne_Premier_Cru.png,images/bottle_Guy_Larmandier_Brut_Champagne_Premier_Cru.png,Champagne Premier Cru,Guy Larmandier,"non oak, tree fruit, oak, citrus fruit, microbio, earth, vegetal, red fruit, floral, dried fruit, spices","Pork, Rich fish (salmon, tuna etc), Shellfish, Mild and soft cheese","Chardonnay, Pinot Noir, Pinot Meunier"
Benoît Déhu Initiation,France,83,4.2,images/Benot_Dhu_Initiation.png,images/bottle_Benot_Dhu_Initiation.png,Champagne,Benoît Déhu,"tree fruit, citrus fruit, vegetal, oak, earth, non oak, tropical fruit, microbio, black fruit, red fruit, spices, floral","Pork, Rich fish (salmon, tuna etc), Shellfish, Mild and soft cheese","Chardonnay, Pinot Noir, Pinot Meunier"
Gavioli Antica Moscato,Italy,16.99,3.6,images/Gavioli_Antica_Moscato.png,images/bottle_Gavioli_Antica_Moscato.png,Vino d'Italia,Gavioli Antica,"red fruit, tree fruit, earth, floral, microbio, tropical fruit, citrus fruit, vegetal, black fruit, dried fruit, spices, oak","Appetizers and snacks, Aperitif",
H. Billiot & Fils Brut Réserve Champagne Grand Cru 'Ambonnay',France,64.99,4.1,images/H_Billiot_Fils_Brut_Rserve_Champagne_Grand_Cru_Amb.png,images/bottle_H_Billiot_Fils_Brut_Rserve_Champagne_Grand_.png,Champagne Grand Cru 'Ambonnay',H. Billiot & Fils,"microbio, tree fruit, non oak, oak, citrus fruit, earth, vegetal, red fruit, spices, tropical fruit, dried fruit, floral","Pork, Rich fish (salmon, tuna etc), Shellfish, Mild and soft cheese","Chardonnay, Pinot Noir, Pinot Meunier"
J. Lassalle Cachet Or Brut Champagne Premier Cru,France,40,4.2,images/J_Lassalle_Cachet_Or_Brut_Champagne_Premier_Cru.png,images/bottle_J_Lassalle_Cachet_Or_Brut_Champagne_Premier.png,Champagne Premier Cru,J. Lassalle,"tree fruit, non oak, citrus fruit, microbio, oak, earth, vegetal, spices, floral, red fruit","Pork, Rich fish (salmon, tuna etc), Shellfish, Mild and soft cheese","Chardonnay, Pinot Noir, Pinot Meunier"
Duval-Leroy Brut Rosé,France,89.99,3.8,images/Duval_Leroy_Brut_Ros.png,images/bottle_Duval_Leroy_Brut_Ros.png,Champagne,Duval-Leroy,"red fruit, microbio, non oak, oak, earth, tree fruit, citrus fruit, vegetal, spices, black fruit, floral","Pork, Rich fish (salmon, tuna etc), Shellfish, Mild and soft cheese","Chardonnay, Pinot Noir, Pinot Meunier"
Tutela Prosecco di Treviso,Italy,15.26,3.7,images/Tutela_Prosecco_di_Treviso.png,images/bottle_Tutela_Prosecco_di_Treviso.png,Prosecco di Treviso,Tutela,"tree fruit, citrus fruit, earth, microbio, floral, non oak, red fruit, tropical fruit, vegetal, oak","Shellfish, Vegetarian, Appetizers and snacks, Aperitif, Cured Meat",Glera
Palmer & Co. Grands Terroirs Champagne 2015,France,119.99,4.2,images/Palmer_Co_Grands_Terroirs_Champagne_2015.png,images/bottle_Palmer_Co_Grands_Terroirs_Champagne_2015.png,Champagne,Palmer & Co.,"citrus fruit, tree fruit, earth, non oak, oak, microbio, spices, dried fruit, black fruit, red fruit, floral, vegetal","Pork, Rich fish (salmon, tuna etc), Shellfish, Mild and soft cheese","Chardonnay, Pinot Noir, Pinot Meunier"
Ca' Furlan Cuvée Beatrice Prosecco,Italy,10.99,3.9,images/Ca_Furlan_Cuve_Beatrice_Prosecco.png,images/bottle_Ca_Furlan_Cuve_Beatrice_Prosecco.png,Prosecco,Ca' Furlan,"tree fruit, earth, microbio, citrus fruit, floral, vegetal, non oak, tropical fruit, spices, oak, black fruit, red fruit","Shellfish, Vegetarian, Appetizers and snacks, Aperitif, Cured Meat",Glera
47 Anno Domini Diamante Bio Vegan Extra Dry Prosecco,Italy,22.49,4.1,images/47_Anno_Domini_Diamante_Bio_Vegan_Extra_Dry_Prosec.png,images/bottle_47_Anno_Domini_Diamante_Bio_Vegan_Extra_Dry.png,Prosecco,47 Anno Domini,"tree fruit, citrus fruit, earth, tropical fruit, vegetal, spices, microbio, non oak","Shellfish, Vegetarian, Appetizers and snacks, Aperitif, Cured Meat",Glera
Barefoot Bubbly Extra Dry (Champagne),United States,10.99,3.4,images/Barefoot_Bubbly_Extra_Dry_Champagne.png,images/bottle_Barefoot_Bubbly_Extra_Dry_Champagne.png,Napa Valley,Barefoot,"tree fruit, citrus fruit, earth, tropical fruit, microbio, non oak, dried fruit, red fruit, spices, vegetal, oak","Shellfish, Appetizers and snacks, Lean fish, Aperitif","Chardonnay, Pinot Noir"
Bernard Rondeau Bugey Cerdon Sparkling Rosé,France,22.99,4,images/Bernard_Rondeau_Bugey_Cerdon_Sparkling_Ros.png,images/bottle_Bernard_Rondeau_Bugey_Cerdon_Sparkling_Ros.png,Savoie,Bernard Rondeau,"red fruit, citrus fruit, tree fruit, earth, microbio, black fruit, spices, dried fruit, tropical fruit, floral, non oak, oak","Shellfish, Poultry, Appetizers and snacks, Lean fish, Aperitif",
Gut Hermannsberg Riesling Brut,Germany,34,3.9,images/Gut_Hermannsberg_Riesling_Brut.png,images/bottle_Gut_Hermannsberg_Riesling_Brut.png,Nahe,Gut Hermannsberg,"tree fruit, citrus fruit, earth, microbio, non oak, oak, tropical fruit, black fruit, spices","Poultry, Appetizers and snacks, Lean fish, Aperitif","Chardonnay, Gewürztraminer, Riesling, Grauburgunder, Silvaner, Kerner, Weissburgunder, Huxelrebe"
Risata Pink Moscato,Italy,11.99,4.2,images/Risata_Pink_Moscato.png,images/bottle_Risata_Pink_Moscato.png,Piemonte,Risata,"red fruit, tree fruit, citrus fruit, oak, earth, non oak, spices, floral, microbio","Appetizers and snacks, Aperitif",
Ulysse Collin Les Enfers Blanc de Blancs Extra Brut Champagne,France,699,4.5,images/Ulysse_Collin_Les_Enfers_Blanc_de_Blancs_Extra_Bru.png,images/bottle_Ulysse_Collin_Les_Enfers_Blanc_de_Blancs_Ex.png,Champagne,Ulysse Collin,"oak, non oak, tree fruit, earth, microbio, citrus fruit, vegetal, spices, floral, tropical fruit, red fruit, black fruit, dried fruit","Pork, Rich fish (salmon, tuna etc), Shellfish, Mild and soft cheese","Chardonnay, Pinot Noir, Pinot Meunier"
Mosse Moussamoussettes Rosé 2023,France,33,4.1,images/Mosse_Moussamoussettes_Ros_2023.png,images/bottle_Mosse_Moussamoussettes_Ros_2023.png,Vin de France,Mosse,"red fruit, earth, citrus fruit, tree fruit, spices, vegetal, microbio, black fruit, dried fruit, floral, non oak, oak","Shellfish, Poultry, Appetizers and snacks, Lean fish, Aperitif",
Charles de Cazanove Tradition Brut Champagne,France,34.99,3.5,images/Charles_de_Cazanove_Tradition_Brut_Champagne.png,images/bottle_Charles_de_Cazanove_Tradition_Brut_Champagn.png,Champagne,Charles de Cazanove,"tree fruit, microbio, non oak, citrus fruit, oak, vegetal, earth, red fruit, tropical fruit, spices","Pork, Rich fish (salmon, tuna etc), Shellfish, Mild and soft cheese","Chardonnay, Pinot Noir, Pinot Meunier"
Laherte Freres Les Longues Voyes Blanc de Noirs Extra-Brut Champagne Premier Cru 2019,France,79.99,4.2,images/Laherte_Freres_Les_Longues_Voyes_Blanc_de_Noirs_Ex.png,images/bottle_Laherte_Freres_Les_Longues_Voyes_Blanc_de_N.png,Champagne Premier Cru,Laherte Freres,"tree fruit, oak, non oak, microbio, earth, citrus fruit, red fruit, vegetal, spices, black fruit, dried fruit, tropical fruit","Pork, Rich fish (salmon, tuna etc), Shellfish, Mild and soft cheese","Chardonnay, Pinot Noir, Pinot Meunier"
Bollinger R.D Extra Brut Champagne (Récemment Dégorgé) 2008,France,450,4.6,images/Bollinger_RD_Extra_Brut_Champagne_Rcemment_Dgorg_2.png,images/bottle_Bollinger_RD_Extra_Brut_Champagne_Rcemment_.png,Champagne,Bollinger,"non oak, oak, microbio, earth, tree fruit, citrus fruit, vegetal, spices, dried fruit, tropical fruit, floral, red fruit, black fruit","Pork, Rich fish (salmon, tuna etc), Shellfish, Mild and soft cheese","Chardonnay, Pinot Noir, Pinot Meunier"
De Venoge Louis XV Brut Champagne 1995,France,295,4.3,images/De_Venoge_Louis_XV_Brut_Champagne_1995.png,images/bottle_De_Venoge_Louis_XV_Brut_Champagne_1995.png,Champagne,De Venoge,"non oak, oak, microbio, earth, tree fruit, citrus fruit, spices, vegetal, dried fruit, tropical fruit, floral, red fruit, black fruit","Pork, Rich fish (salmon, tuna etc), Shellfish, Mild and soft cheese","Chardonnay, Pinot Noir, Pinot Meunier"
Stella Rosa Platinum French Vanilla Semi-Sweet White,Italy,13.99,4,images/Stella_Rosa_Platinum_French_Vanilla_Semi_Sweet_Whi.png,images/bottle_Stella_Rosa_Platinum_French_Vanilla_Semi_Sw.png,Piemonte,Stella Rosa,"tree fruit, spices, oak, non oak, microbio, floral, red fruit, tropical fruit, citrus fruit, vegetal","Appetizers and snacks, Aperitif",
Roger Coulon Esprit de Vrigny Brut Nature Champagne Premier Cru,France,82.99,4.1,images/Roger_Coulon_Esprit_de_Vrigny_Brut_Nature_Champagn.png,images/bottle_Roger_Coulon_Esprit_de_Vrigny_Brut_Nature_C.png,Champagne Premier Cru,Roger Coulon,"tree fruit, microbio, non oak, oak, citrus fruit, earth, vegetal, red fruit, black fruit, spices, dried fruit","Pork, Rich fish (salmon, tuna etc), Shellfish, Mild and soft cheese","Chardonnay, Pinot Noir, Pinot Meunier"
La Farra Prosecco Extra Dry 2024,Italy,18.99,3.8,images/La_Farra_Prosecco_Extra_Dry_2024.png,images/bottle_La_Farra_Prosecco_Extra_Dry_2024.png,Prosecco,La Farra,"tree fruit, citrus fruit, earth, floral, vegetal, microbio, non oak, tropical fruit, spices","Shellfish, Vegetarian, Appetizers and snacks, Aperitif, Cured Meat",Glera
Treveri Rosé,United States,15.99,3.8,images/Treveri_Ros.png,images/bottle_Treveri_Ros.png,Columbia Valley,Treveri,"red fruit, citrus fruit, tree fruit, microbio, earth, non oak, oak, floral, vegetal, dried fruit, tropical fruit","Shellfish, Any junk food will do, Appetizers and snacks, Lean fish, Aperitif",
CHANDON California Sweet Star,United States,25.83,3.8,images/CHANDON_California_Sweet_Star.png,images/bottle_CHANDON_California_Sweet_Star.png,California,CHANDON California,"tree fruit, citrus fruit, tropical fruit, spices, red fruit, earth, oak, microbio, dried fruit, floral, vegetal, non oak","Shellfish, Appetizers and snacks, Lean fish, Aperitif","Chardonnay, Pinot Noir"
Francis Boulard Les Murgiers Brut Nature Champagne,France,74.01,4,images/Francis_Boulard_Les_Murgiers_Brut_Nature_Champagne.png,images/bottle_Francis_Boulard_Les_Murgiers_Brut_Nature_Ch.png,Champagne,Francis Boulard,"tree fruit, microbio, earth, non oak, oak, citrus fruit, vegetal, dried fruit, red fruit, spices","Pork, Rich fish (salmon, tuna etc), Shellfish, Mild and soft cheese","Chardonnay, Pinot Noir, Pinot Meunier"
Jacquart Blanc de Blancs Champagne 2013,France,62.99,4.2,images/Jacquart_Blanc_de_Blancs_Champagne_2013.png,images/bottle_Jacquart_Blanc_de_Blancs_Champagne_2013.png,Champagne,Jacquart,"non oak, citrus fruit, oak, microbio, tree fruit, earth, vegetal, spices, tropical fruit, floral, black fruit, red fruit","Pork, Rich fish (salmon, tuna etc), Shellfish, Mild and soft cheese","Chardonnay, Pinot Noir, Pinot Meunier"
Gramona III Lustros Brut Nature 2014,Spain,59.99,4.2,images/Gramona_III_Lustros_Brut_Nature_2014.png,images/bottle_Gramona_III_Lustros_Brut_Nature_2014.png,Cava,Gramona,"tree fruit, microbio, non oak, oak, citrus fruit, earth, vegetal, spices, tropical fruit, floral, dried fruit, red fruit, black fruit","Shellfish, Appetizers and snacks, Lean fish, Aperitif, Cured Meat","Xarel-lo, Parellada, Trepat, Viura"
Domaine Le Fay d'Homme - Vincent Caillé X Bulles,France,19.49,3.8,images/Domaine_Le_Fay_dHomme_Vincent_Caill_X_Bulles.png,images/bottle_Domaine_Le_Fay_dHomme_Vincent_Caill_X_Bulle.png,Vin de France,Domaine Le Fay d'Homme - Vincent Caillé,"tree fruit, earth, citrus fruit, oak, non oak, microbio, red fruit, tropical fruit, vegetal, floral, spices, black fruit, dried fruit","Shellfish, Poultry, Appetizers and snacks, Lean fish, Aperitif",
Tarlant Rosé Zero Brut Nature Champagne,France,85.99,4.1,images/Tarlant_Ros_Zero_Brut_Nature_Champagne.png,images/bottle_Tarlant_Ros_Zero_Brut_Nature_Champagne.png,Champagne,Tarlant,"red fruit, citrus fruit, microbio, oak, non oak, earth, tree fruit, vegetal, spices, floral","Pork, Rich fish (salmon, tuna etc), Shellfish, Mild and soft cheese","Chardonnay, Pinot Noir, Pinot Meunier"
Carpenè Malvolti Prosecco Brut,Italy,21.99,3.7,images/Carpen_Malvolti_Prosecco_Brut.png,images/bottle_Carpen_Malvolti_Prosecco_Brut.png,Prosecco,Carpenè Malvolti,"tree fruit, citrus fruit, earth, vegetal, oak, microbio, non oak, tropical fruit, floral","Shellfish, Vegetarian, Appetizers and snacks, Aperitif, Cured Meat",Glera
Cupcake Sparkling Rosé,Italy,10.83,3.5,images/Cupcake_Sparkling_Ros.png,images/bottle_Cupcake_Sparkling_Ros.png,Vino d'Italia,Cupcake,"red fruit, citrus fruit, tree fruit, earth, microbio, floral, spices, black fruit, vegetal, non oak, oak","Appetizers and snacks, Aperitif",
Comte Audoin de Dampierre Grande Cuvée Brut Champagne,France,59.99,3.8,images/Comte_Audoin_de_Dampierre_Grande_Cuve_Brut_Champag.png,images/bottle_Comte_Audoin_de_Dampierre_Grande_Cuve_Brut_.png,Champagne,Comte Audoin de Dampierre,"tree fruit, citrus fruit, microbio, non oak, oak, earth, vegetal, red fruit, tropical fruit, spices, black fruit","Pork, Rich fish (salmon, tuna etc), Shellfish, Mild and soft cheese","Chardonnay, Pinot Noir, Pinot Meunier"
Philipponnat Clos des Goisses Champagne 2007,France,473,4.5,images/Philipponnat_Clos_des_Goisses_Champagne_2007.png,images/bottle_Philipponnat_Clos_des_Goisses_Champagne_200.png,Champagne,Philipponnat,"earth, non oak, oak, tree fruit, microbio, citrus fruit, vegetal, spices, red fruit, dried fruit, tropical fruit, floral, black fruit","Pork, Rich fish (salmon, tuna etc), Shellfish, Mild and soft cheese","Chardonnay, Pinot Noir, Pinot Meunier"
Champagne Telmont Réserve Rosé Champagne,France,79.99,4.1,images/Champagne_Telmont_Rserve_Ros_Champagne.png,images/bottle_Champagne_Telmont_Rserve_Ros_Champagne.png,Champagne,Champagne Telmont,"red fruit, non oak, oak, citrus fruit, tree fruit, microbio, earth, vegetal","Pork, Rich fish (salmon, tuna etc), Shellfish, Mild and soft cheese","Chardonnay, Pinot Noir, Pinot Meunier"
M. Bonnamy Crémant de Loire Brut Rosé,France,22.2,3.8,images/M_Bonnamy_Crmant_de_Loire_Brut_Ros.png,images/bottle_M_Bonnamy_Crmant_de_Loire_Brut_Ros.png,Crémant de Loire,M. Bonnamy,"tree fruit, red fruit, microbio, citrus fruit, non oak, earth, oak, tropical fruit, spices, floral, vegetal, dried fruit","Shellfish, Poultry, Appetizers and snacks, Lean fish, Aperitif","Chardonnay, Pinot Gris, Pinot Noir, Roussanne, Pinot Blanc, Auxerrois"
Vietti Moscato d'Asti 2023,Italy,11.34,4.2,images/Vietti_Moscato_dAsti_2023.png,images/bottle_Vietti_Moscato_dAsti_2023.png,Moscato d'Asti,Vietti,"tree fruit, earth, tropical fruit, floral, citrus fruit, microbio, spices, oak, vegetal, non oak, red fruit, dried fruit, black fruit","Fruity desserts, Aperitif",Moscatel de grano menudo
Tenuta Maso Corno Giulio Larcher Trento 2013,Italy,33.57,4,images/Tenuta_Maso_Corno_Giulio_Larcher_Trento_2013.jpg,,Trento,Tenuta Maso Corno,"citrus fruit, microbio, tree fruit, non oak","Shellfish, Any junk food will do, Appetizers and snacks, Lean fish, Aperitif",
Tellier Les Massales Extra Brut Champagne 2021,France,62,4.1,images/Tellier_Les_Massales_Extra_Brut_Champagne_2021.png,images/bottle_Tellier_Les_Massales_Extra_Brut_Champagne_2.png,Champagne,Tellier,"tree fruit, non oak, oak, microbio, earth, citrus fruit, vegetal, black fruit, floral, dried fruit, spices","Pork, Rich fish (salmon, tuna etc), Shellfish, Mild and soft cheese","Chardonnay, Pinot Noir, Pinot Meunier"
Korbel Pinot Noir - Chardonnay Natural,United States,17.49,3.7,images/Korbel_Pinot_Noir_Chardonnay_Natural.png,images/bottle_Korbel_Pinot_Noir_Chardonnay_Natural.png,Russian River Valley,Korbel,"tree fruit, citrus fruit, non oak, oak, microbio, vegetal, red fruit, spices, tropical fruit, earth","Shellfish, Appetizers and snacks, Lean fish, Aperitif","Chardonnay, Pinot Noir"
Korbel Pinot Noir - Chardonnay Natural 2021,United States,18,3.7,images/Korbel_Pinot_Noir_Chardonnay_Natural_2021.png,images/bottle_Korbel_Pinot_Noir_Chardonnay_Natural_2021.png,Russian River Valley,Korbel,"tree fruit, citrus fruit, non oak, oak, microbio, vegetal, red fruit, spices, tropical fruit, earth","Shellfish, Appetizers and snacks, Lean fish, Aperitif","Chardonnay, Pinot Noir"
Paul Laurent Cuvée du Fondateur Brut Champagne,France,38,3.9,images/Paul_Laurent_Cuve_du_Fondateur_Brut_Champagne.png,images/bottle_Paul_Laurent_Cuve_du_Fondateur_Brut_Champag.png,Champagne,Paul Laurent,"tree fruit, non oak, microbio, oak, citrus fruit, earth, tropical fruit, vegetal, red fruit, floral, dried fruit","Pork, Rich fish (salmon, tuna etc), Shellfish, Mild and soft cheese","Chardonnay, Pinot Noir, Pinot Meunier"
Francis Ford Coppola Winery Sofia Blanc de Blancs 2018,United States,17.99,3.8,images/Francis_Ford_Coppola_Winery_Sofia_Blanc_de_Blancs_.png,images/bottle_Francis_Ford_Coppola_Winery_Sofia_Blanc_de_.png,Monterey County,Francis Ford Coppola Winery,"tree fruit, citrus fruit, earth, floral, microbio, non oak, oak, vegetal, tropical fruit, red fruit, spices, dried fruit, black fruit","Shellfish, Appetizers and snacks, Lean fish, Aperitif","Chardonnay, Pinot Noir"
Tenuta Pederzana Il Grasparossa della Tradizione,Italy,19.99,3.7,images/Tenuta_Pederzana_Il_Grasparossa_della_Tradizione.png,images/bottle_Tenuta_Pederzana_Il_Grasparossa_della_Tradi.png,Lambrusco Grasparossa di Castelvetro,Tenuta Pederzana,"earth, black fruit, red fruit, oak, non oak, floral, vegetal, dried fruit, spices, microbio, citrus fruit","Mature and hard cheese, Cured Meat","Ancellotta, Lambrusco, Fortana, Malbo Gentile"
Clos Amador Cava Rosé Tendre,Spain,12.49,3.8,images/Clos_Amador_Cava_Ros_Tendre.png,images/bottle_Clos_Amador_Cava_Ros_Tendre.png,Cava,Clos Amador,"red fruit, citrus fruit, floral, tree fruit, spices, earth, microbio, non oak, oak","Shellfish, Appetizers and snacks, Lean fish, Aperitif, Cured Meat","Xarel-lo, Parellada, Trepat, Viura"
Veuve Clicquot Vintage Rosé Brut Champagne 2015,France,109.99,4.3,images/Veuve_Clicquot_Vintage_Ros_Brut_Champagne_2015.png,images/bottle_Veuve_Clicquot_Vintage_Ros_Brut_Champagne_2.png,Champagne,Veuve Clicquot,"red fruit, citrus fruit, non oak, earth, microbio, oak, tree fruit, spices, vegetal, floral, black fruit, dried fruit, tropical fruit","Pork, Rich fish (salmon, tuna etc), Shellfish, Mild and soft cheese","Chardonnay, Pinot Noir, Pinot Meunier"
R.H. Coutier Cuvée Rosé Brut Champagne Grand Cru 'Ambonnay',France,48.99,4.2,images/RH_Coutier_Cuve_Ros_Brut_Champagne_Grand_Cru_Ambon.png,images/bottle_RH_Coutier_Cuve_Ros_Brut_Champagne_Grand_Cr.png,Champagne Grand Cru 'Ambonnay',R.H. Coutier,"red fruit, non oak, microbio, oak, citrus fruit, tree fruit, earth, spices, floral, black fruit, dried fruit, vegetal","Pork, Rich fish (salmon, tuna etc), Shellfish, Mild and soft cheese","Chardonnay, Pinot Noir, Pinot Meunier"
Piper Sonoma Brut Rosé,United States,19.99,3.7,images/Piper_Sonoma_Brut_Ros.png,images/bottle_Piper_Sonoma_Brut_Ros.png,Sonoma County,Piper Sonoma,"red fruit, citrus fruit, microbio, tree fruit, earth, non oak, oak, spices, tropical fruit, dried fruit, black fruit","Shellfish, Appetizers and snacks, Lean fish, Aperitif","Chardonnay, Pinot Noir"
Willm Blanc de Blancs Brut,France,21.99,3.8,images/Willm_Blanc_de_Blancs_Brut.png,images/bottle_Willm_Blanc_de_Blancs_Brut.png,Crémant d'Alsace,Willm,"tree fruit, citrus fruit, microbio, earth, non oak, oak, vegetal, spices, red fruit, floral, black fruit, tropical fruit, dried fruit","Shellfish, Poultry, Appetizers and snacks, Lean fish, Aperitif","Chardonnay, Pinot Gris, Pinot Noir, Roussanne, Pinot Blanc, Auxerrois"
Baron Albert Tradition Brut Champagne,France,49.98,3.6,images/Baron_Albert_Tradition_Brut_Champagne.png,images/bottle_Baron_Albert_Tradition_Brut_Champagne.png,Champagne,Baron Albert,"tree fruit, microbio, non oak, citrus fruit, earth, oak, vegetal, red fruit, spices, floral","Pork, Rich fish (salmon, tuna etc), Shellfish, Mild and soft cheese","Chardonnay, Pinot Noir, Pinot Meunier"
Bellissima Zero Sugar Sparkling,Italy,13.79,3.9,images/Bellissima_Zero_Sugar_Sparkling.png,images/bottle_Bellissima_Zero_Sugar_Sparkling.png,Prosecco di Treviso,Bellissima,"tree fruit, citrus fruit, earth, tropical fruit, floral, vegetal, microbio, non oak, red fruit","Shellfish, Vegetarian, Appetizers and snacks, Aperitif, Cured Meat",Glera
Herve Rafflin La Nature'l Extra Brut Champagne Premier Cru,France,47,4.1,images/Herve_Rafflin_La_Naturel_Extra_Brut_Champagne_Prem.png,images/bottle_Herve_Rafflin_La_Naturel_Extra_Brut_Champag.png,Champagne Premier Cru,Herve Rafflin,"tree fruit, microbio, citrus fruit, earth, non oak, oak, vegetal, spices, red fruit, tropical fruit, floral","Pork, Rich fish (salmon, tuna etc), Shellfish, Mild and soft cheese","Chardonnay, Pinot Noir, Pinot Meunier"
G.D. Vajra Moscato d'Asti 2023,Italy,18.99,4.1,images/GD_Vajra_Moscato_dAsti_2023.png,images/bottle_GD_Vajra_Moscato_dAsti_2023.png,Moscato d'Asti,G.D. Vajra,"tree fruit, earth, tropical fruit, floral, citrus fruit, red fruit, microbio, oak, spices, vegetal, non oak, black fruit, dried fruit","Fruity desserts, Aperitif",Moscatel de grano menudo
Miniere F. & R. Absolu Blanc de Blanc Cuvée Brut Champagne,France,87.99,4.1,images/Miniere_F_R_Absolu_Blanc_de_Blanc_Cuve_Brut_Champa.png,images/bottle_Miniere_F_R_Absolu_Blanc_de_Blanc_Cuve_Brut.png,Champagne,Miniere F. & R.,"citrus fruit, oak, earth, tree fruit, non oak, microbio, vegetal, spices","Pork, Rich fish (salmon, tuna etc), Shellfish, Mild and soft cheese","Chardonnay, Pinot Noir, Pinot Meunier"
Guido Berlucchi '61 Franciacorta Nature 2012,Italy,79.99,4.1,images/Guido_Berlucchi_61_Franciacorta_Nature_2012.png,images/bottle_Guido_Berlucchi_61_Franciacorta_Nature_2012.png,Franciacorta,Guido Berlucchi,"citrus fruit, microbio, tree fruit, non oak, oak, earth, vegetal, spices, floral, tropical fruit, red fruit, black fruit, dried fruit","Shellfish, Appetizers and snacks, Lean fish, Mild and soft cheese, Aperitif","Chardonnay, Pinot Noir, Pinot Blanc"
R&L Legras Saint-Vincent Champagne 1996,France,489,4.5,images/RL_Legras_Saint_Vincent_Champagne_1996.png,images/bottle_RL_Legras_Saint_Vincent_Champagne_1996.png,Champagne,R&L Legras,"tree fruit, oak, microbio, earth, non oak, citrus fruit, vegetal, spices, floral, tropical fruit, red fruit, dried fruit, black fruit","Pork, Rich fish (salmon, tuna etc), Shellfish, Mild and soft cheese","Chardonnay, Pinot Noir, Pinot Meunier"
Gramona La Cuvée Corpinnat 2017,Spain,38.99,4,images/Gramona_La_Cuve_Corpinnat_2017.png,images/bottle_Gramona_La_Cuve_Corpinnat_2017.png,Cava,Gramona,"tree fruit, non oak, oak, microbio, citrus fruit, earth, vegetal, spices, tropical fruit, floral, dried fruit, black fruit, red fruit","Shellfish, Appetizers and snacks, Lean fish, Aperitif, Cured Meat","Xarel-lo, Parellada, Trepat, Viura"
Pierre Gimonnet & Fils Sélection Belles Années Blanc de Blancs Brut Champagne Premier Cru,France,64.99,4.1,images/Pierre_Gimonnet_Fils_Slection_Belles_Annes_Blanc_d.png,images/bottle_Pierre_Gimonnet_Fils_Slection_Belles_Annes_.png,Champagne Premier Cru,Pierre Gimonnet & Fils,"microbio, tree fruit, non oak, citrus fruit, oak, earth, vegetal, spices, floral","Pork, Rich fish (salmon, tuna etc), Shellfish, Mild and soft cheese","Chardonnay, Pinot Noir, Pinot Meunier"
Juvé & Camps Reserva Essential Xarel-lo 2016,Spain,17,3.8,images/Juv_Camps_Reserva_Essential_Xarel_lo_2016.png,images/bottle_Juv_Camps_Reserva_Essential_Xarel_lo_2016.png,Cava,Juvé & Camps,"tree fruit, citrus fruit, earth, microbio, non oak, oak, vegetal, spices, tropical fruit, floral, black fruit, red fruit, dried fruit","Shellfish, Appetizers and snacks, Lean fish, Aperitif, Cured Meat","Xarel-lo, Parellada, Trepat, Viura"
Katsunuma Jyozo Winery Aruga Branca Brilhante 2006,Japan,120,3.7,images/Katsunuma_Jyozo_Winery_Aruga_Branca_Brilhante_2006.jpg,,Yamanashi-ken,Katsunuma Jyozo Winery,"tree fruit, citrus fruit, microbio, earth, floral, vegetal, tropical fruit, non oak","Shellfish, Any junk food will do, Appetizers and snacks, Lean fish, Aperitif",
Ployez-Jacquemart Dosage Zero Champagne,France,59.99,4.2,images/Ployez_Jacquemart_Dosage_Zero_Champagne.png,images/bottle_Ployez_Jacquemart_Dosage_Zero_Champagne.png,Champagne,Ployez-Jacquemart,"non oak, oak, citrus fruit, tree fruit, microbio, earth, vegetal, dried fruit, spices","Pork, Rich fish (salmon, tuna etc), Shellfish, Mild and soft cheese","Chardonnay, Pinot Noir, Pinot Meunier"
Val d'Oca Rive di San Pietro di Barbozza Valdobbiadene Prosecco Superiore 2021,Italy,38.99,4,images/Val_dOca_Rive_di_San_Pietro_di_Barbozza_Valdobbiad.png,images/bottle_Val_dOca_Rive_di_San_Pietro_di_Barbozza_Val.png,Conegliano-Valdobbiadene Prosecco Superiore,Val d'Oca,"tree fruit, citrus fruit, earth, vegetal, tropical fruit, microbio, non oak, oak, floral, red fruit, spices, dried fruit, black fruit","Shellfish, Vegetarian, Appetizers and snacks, Aperitif, Cured Meat",Glera
Casal de Ventozela Pseudonimo 2024,Portugal,15,4,images/Casal_de_Ventozela_Pseudonimo_2024.jpg,,Vinho Verde,Casal de Ventozela,"tree fruit, tropical fruit, citrus fruit, microbio, earth, vegetal, red fruit, spices, floral, non oak, oak","Shellfish, Appetizers and snacks, Aperitif",
Jaillance Cuvée de L'Abbaye Crémant de Bordeaux Brut,France,24.66,3.6,images/Jaillance_Cuve_de_LAbbaye_Crmant_de_Bordeaux_Brut.png,images/bottle_Jaillance_Cuve_de_LAbbaye_Crmant_de_Bordeau.png,Crémant de Bordeaux,Jaillance,"citrus fruit, tree fruit, earth, microbio, non oak, oak, red fruit, vegetal, floral, tropical fruit, spices, black fruit","Shellfish, Poultry, Appetizers and snacks, Lean fish, Aperitif","Chardonnay, Pinot Gris, Pinot Noir, Roussanne, Pinot Blanc, Auxerrois"
Piper Sonoma Blanc de Blancs,United States,20.49,3.6,images/Piper_Sonoma_Blanc_de_Blancs.png,images/bottle_Piper_Sonoma_Blanc_de_Blancs.png,Sonoma County,Piper Sonoma,"tree fruit, citrus fruit, microbio, earth, non oak, oak, vegetal, red fruit, tropical fruit, floral","Shellfish, Appetizers and snacks, Lean fish, Aperitif","Chardonnay, Pinot Noir"
Italian Christmas Asti Dolce,Italy,11.99,3.7,images/Italian_Christmas_Asti_Dolce.png,images/bottle_Italian_Christmas_Asti_Dolce.png,Asti,Italian Christmas,"tree fruit, earth, citrus fruit, floral, non oak, spices, microbio, oak, vegetal","Sweet desserts, Fruity desserts, Aperitif",Moscato
Bartenura Prosecco Brut,Italy,14.99,3.8,images/Bartenura_Prosecco_Brut.png,images/bottle_Bartenura_Prosecco_Brut.png,Prosecco,Bartenura,"tree fruit, citrus fruit, microbio, non oak, earth, vegetal, oak, dried fruit, tropical fruit, floral","Shellfish, Vegetarian, Appetizers and snacks, Aperitif, Cured Meat",Glera
Christian Bourmault Cuvée Hermance Brut Champagne,France,32,3.8,images/Christian_Bourmault_Cuve_Hermance_Brut_Champagne.png,images/bottle_Christian_Bourmault_Cuve_Hermance_Brut_Cham.png,Champagne,Christian Bourmault,"citrus fruit, microbio, non oak, tree fruit, earth, oak, red fruit, spices","Pork, Rich fish (salmon, tuna etc), Shellfish, Mild and soft cheese","Chardonnay, Pinot Noir, Pinot Meunier"
Rondel Cava Oro Semi-Seco,Spain,13.97,3.3,images/Rondel_Cava_Oro_Semi_Seco.png,images/bottle_Rondel_Cava_Oro_Semi_Seco.png,Cava,Rondel,"tree fruit, citrus fruit, earth, microbio, non oak, tropical fruit, spices, vegetal, black fruit, oak","Shellfish, Appetizers and snacks, Lean fish, Aperitif, Cured Meat","Xarel-lo, Parellada, Trepat, Viura"
Pinot-Chevauchet Joyeuse Brut Champagne,France,67,4,images/Pinot_Chevauchet_Joyeuse_Brut_Champagne.png,images/bottle_Pinot_Chevauchet_Joyeuse_Brut_Champagne.png,Champagne,Pinot-Chevauchet,"tree fruit, earth, non oak, citrus fruit, microbio, oak, spices, floral","Pork, Rich fish (salmon, tuna etc), Shellfish, Mild and soft cheese","Chardonnay, Pinot Noir, Pinot Meunier"
Charles Ellner Rosé Brut Champagne,France,47,3.8,images/Charles_Ellner_Ros_Brut_Champagne.png,images/bottle_Charles_Ellner_Ros_Brut_Champagne.png,Champagne,Charles Ellner,"red fruit, microbio, tree fruit, citrus fruit, oak, earth, non oak, black fruit, vegetal, spices","Pork, Rich fish (salmon, tuna etc), Shellfish, Mild and soft cheese","Chardonnay, Pinot Noir, Pinot Meunier"
Mercat Cava Brut,Spain,16.43,3.8,images/Mercat_Cava_Brut.png,images/bottle_Mercat_Cava_Brut.png,Cava,Mercat,"tree fruit, microbio, citrus fruit, earth, non oak, vegetal, oak, spices, floral, red fruit, tropical fruit, dried fruit","Shellfish, Appetizers and snacks, Lean fish, Aperitif, Cured Meat","Xarel-lo, Parellada, Trepat, Viura"
Palmer & Co. Rosé Réserve Champagne,France,83.49,3.8,images/Palmer_Co_Ros_Rserve_Champagne.png,images/bottle_Palmer_Co_Ros_Rserve_Champagne.png,Champagne,Palmer & Co.,"red fruit, non oak, citrus fruit, oak, microbio, earth, tree fruit, black fruit, spices, vegetal, tropical fruit, floral, dried fruit","Pork, Rich fish (salmon, tuna etc), Shellfish, Mild and soft cheese","Chardonnay, Pinot Noir, Pinot Meunier"
Schramsberg Brut Rosé 2017,United States,59.99,4.3,images/Schramsberg_Brut_Ros_2017.png,images/bottle_Schramsberg_Brut_Ros_2017.png,North Coast,Schramsberg,"red fruit, tree fruit, citrus fruit, microbio, non oak, oak, earth, spices, vegetal, floral, tropical fruit, dried fruit, black fruit","Shellfish, Appetizers and snacks, Lean fish, Aperitif","Chardonnay, Pinot Noir"
Domaine la Borderie Douce Folie Extra Brut Rosé Champagne,France,96,4,images/Domaine_la_Borderie_Douce_Folie_Extra_Brut_Ros_Cha.png,images/bottle_Domaine_la_Borderie_Douce_Folie_Extra_Brut_.png,Champagne,Domaine la Borderie,"red fruit, microbio, earth, non oak, citrus fruit, tree fruit, vegetal, oak, floral, black fruit, spices","Pork, Rich fish (salmon, tuna etc), Shellfish, Mild and soft cheese","Chardonnay, Pinot Noir, Pinot Meunier"
Marguet Avize & Cramant Champagne Grand Cru 2018,France,104,4.2,images/Marguet_Avize_Cramant_Champagne_Grand_Cru_2018.png,images/bottle_Marguet_Avize_Cramant_Champagne_Grand_Cru_2.png,Champagne Grand Cru,Marguet,"oak, tree fruit, non oak, microbio, earth, citrus fruit, vegetal, spices, floral, tropical fruit, black fruit, red fruit, dried fruit","Pork, Rich fish (salmon, tuna etc), Shellfish, Mild and soft cheese","Chardonnay, Pinot Noir, Pinot Meunier"
Gusbourne Blanc de Blancs 2019,United Kingdom,86,4.2,images/Gusbourne_Blanc_de_Blancs_2019.png,images/bottle_Gusbourne_Blanc_de_Blancs_2019.png,Kent,Gusbourne,"tree fruit, citrus fruit, non oak, microbio, oak, earth, vegetal, spices, floral, tropical fruit, red fruit, dried fruit, black fruit","Shellfish, Appetizers and snacks, Lean fish, Aperitif","Chardonnay, Pinot Noir, Pinot Meunier"
Larmandier-Bernier Terre de Vertus Champagne Premier Cru 2016,France,90,4.3,images/Larmandier_Bernier_Terre_de_Vertus_Champagne_Premi.png,images/bottle_Larmandier_Bernier_Terre_de_Vertus_Champagn.png,Champagne Premier Cru,Larmandier-Bernier,"tree fruit, non oak, oak, earth, microbio, citrus fruit, vegetal, spices, tropical fruit, floral, dried fruit, red fruit, black fruit","Pork, Rich fish (salmon, tuna etc), Shellfish, Mild and soft cheese","Chardonnay, Pinot Noir, Pinot Meunier"
Raventós i Blanc De Nit 2022,Spain,24.99,4,images/Ravents_i_Blanc_De_Nit_2022.png,images/bottle_Ravents_i_Blanc_De_Nit_2022.png,Catalunya,Raventós i Blanc,"red fruit, citrus fruit, tree fruit, earth, microbio, non oak, oak, vegetal, spices, floral, black fruit, tropical fruit, dried fruit","Shellfish, Appetizers and snacks, Lean fish, Aperitif","Xarel-lo, Parellada, Trepat, Viura"
Domaine de Marzilly Ullens L.P.M Extra Brut Champagne,France,99.99,4.2,images/Domaine_de_Marzilly_Ullens_LPM_Extra_Brut_Champagn.png,images/bottle_Domaine_de_Marzilly_Ullens_LPM_Extra_Brut_C.png,Champagne,Domaine de Marzilly,"tree fruit, oak, citrus fruit, non oak, microbio, earth, spices, floral","Pork, Rich fish (salmon, tuna etc), Shellfish, Mild and soft cheese","Chardonnay, Pinot Noir, Pinot Meunier"
Jaume Serra Bouquet Cava Brut,Spain,12.99,3.5,images/Jaume_Serra_Bouquet_Cava_Brut.png,images/bottle_Jaume_Serra_Bouquet_Cava_Brut.png,Cava,Jaume Serra,"citrus fruit, red fruit, tree fruit, microbio","Shellfish, Appetizers and snacks, Lean fish, Aperitif, Cured Meat","Xarel-lo, Parellada, Trepat, Viura"
Argyle Blanc de Blancs (Knudsen Vineyard Julia Lee's Block) 2020,United States,30,4.1,images/Argyle_Blanc_de_Blancs_Knudsen_Vineyard_Julia_Lees.png,images/bottle_Argyle_Blanc_de_Blancs_Knudsen_Vineyard_Jul.png,Dundee Hills,Argyle,"tree fruit, citrus fruit, earth, microbio, oak, non oak, spices, vegetal, tropical fruit, floral, dried fruit","Shellfish, Any junk food will do, Appetizers and snacks, Lean fish, Aperitif",
Sumarroca Cava Pinot Noir Brut Rosé 2021,Spain,19.99,3.5,images/Sumarroca_Cava_Pinot_Noir_Brut_Ros_2021.png,images/bottle_Sumarroca_Cava_Pinot_Noir_Brut_Ros_2021.png,Cava,Sumarroca,"red fruit, tree fruit, tropical fruit, microbio, earth, citrus fruit, vegetal, non oak, oak, spices","Shellfish, Appetizers and snacks, Lean fish, Aperitif, Cured Meat","Xarel-lo, Parellada, Trepat, Viura"
Schramsberg Extra Brut 2004,United States,129,4.3,images/Schramsberg_Extra_Brut_2004.png,images/bottle_Schramsberg_Extra_Brut_2004.png,North Coast,Schramsberg,"tree fruit, citrus fruit, non oak, oak, microbio, earth, vegetal, spices, floral, black fruit, red fruit","Shellfish, Appetizers and snacks, Lean fish, Aperitif","Chardonnay, Pinot Noir"
CHANDON Australia Brut Vintage Méthode Traditionnelle 2015,Australia,65,3.8,images/CHANDON_Australia_Brut_Vintage_Mthode_Traditionnel.png,images/bottle_CHANDON_Australia_Brut_Vintage_Mthode_Tradi.png,Victoria,CHANDON Australia,"citrus fruit, microbio, tree fruit, non oak, oak, earth, red fruit, vegetal, tropical fruit, black fruit, spices, floral","Shellfish, Appetizers and snacks, Lean fish, Aperitif",
Paul Bara Special Club Brut Rosé Champagne Grand Cru 'Bouzy' 2018,France,159.99,4.3,images/Paul_Bara_Special_Club_Brut_Ros_Champagne_Grand_Cr.png,images/bottle_Paul_Bara_Special_Club_Brut_Ros_Champagne_G.png,Champagne Grand Cru 'Bouzy',Paul Bara,"red fruit, earth, non oak, microbio, citrus fruit, oak, tree fruit, black fruit, floral, dried fruit, spices, vegetal","Pork, Rich fish (salmon, tuna etc), Shellfish, Mild and soft cheese","Chardonnay, Pinot Noir, Pinot Meunier"
Champagne Lombard Blanc de Blancs Brut Nature Champagne Grand Cru,France,59.99,4,images/Champagne_Lombard_Blanc_de_Blancs_Brut_Nature_Cham.png,images/bottle_Champagne_Lombard_Blanc_de_Blancs_Brut_Natu.png,Champagne Grand Cru,Champagne Lombard,"tree fruit, citrus fruit, earth, non oak, oak, microbio, spices, floral, vegetal","Pork, Rich fish (salmon, tuna etc), Shellfish, Mild and soft cheese","Chardonnay, Pinot Noir, Pinot Meunier"
Charlier & Fils Special Club Brut Champagne 2008,France,300,4.2,images/Charlier_Fils_Special_Club_Brut_Champagne_2008.png,images/bottle_Charlier_Fils_Special_Club_Brut_Champagne_2.png,Champagne,Charlier & Fils,"tree fruit, non oak, oak, microbio, citrus fruit, earth, dried fruit, spices, vegetal, red fruit, tropical fruit, floral, black fruit","Pork, Rich fish (salmon, tuna etc), Shellfish, Mild and soft cheese","Chardonnay, Pinot Noir, Pinot Meunier"
Pierre Gerbais Cuvée de Réserve Champagne,France,64.99,3.9,images/Pierre_Gerbais_Cuve_de_Rserve_Champagne.png,images/bottle_Pierre_Gerbais_Cuve_de_Rserve_Champagne.png,Champagne,Pierre Gerbais,"tree fruit, non oak, microbio, citrus fruit, oak, earth, vegetal, red fruit, tropical fruit, spices","Pork, Rich fish (salmon, tuna etc), Shellfish, Mild and soft cheese","Chardonnay, Pinot Noir, Pinot Meunier"
Louis Roederer Cristal Rosé Brut Champagne (Millésimé) 2014,France,599.88,4.6,images/Louis_Roederer_Cristal_Ros_Brut_Champagne_Millsim_.png,images/bottle_Louis_Roederer_Cristal_Ros_Brut_Champagne_M.png,Champagne,Louis Roederer,"non oak, citrus fruit, oak, tree fruit, microbio, red fruit, earth, vegetal, spices, floral, black fruit, dried fruit, tropical fruit","Pork, Rich fish (salmon, tuna etc), Shellfish, Mild and soft cheese","Chardonnay, Pinot Noir, Pinot Meunier"
I Vignaioli di S. Stefano Moscato d'Asti 2021,Italy,16.99,4.2,images/I_Vignaioli_di_S_Stefano_Moscato_dAsti_2021.png,images/bottle_I_Vignaioli_di_S_Stefano_Moscato_dAsti_2021.png,Moscato d'Asti,I Vignaioli di S. Stefano,"tree fruit, earth, tropical fruit, citrus fruit, floral, microbio, oak, red fruit, vegetal, non oak, spices, dried fruit, black fruit","Fruity desserts, Aperitif",Moscatel de grano menudo
Villa Jolanda Moscato & Strawberry,Italy,11.5,4,images/Villa_Jolanda_Moscato_Strawberry.png,images/bottle_Villa_Jolanda_Moscato_Strawberry.png,Piemonte,Villa Jolanda,"red fruit, oak, tropical fruit, spices, non oak, tree fruit, floral, vegetal, microbio","Appetizers and snacks, Aperitif",
G.H. Mumm Grand Cru Brut Champagne,France,49.99,3.9,images/GH_Mumm_Grand_Cru_Brut_Champagne.jpg,,Champagne,G.H. Mumm,"tree fruit, non oak, citrus fruit, earth, microbio, tropical fruit","Pork, Rich fish (salmon, tuna etc), Shellfish, Mild and soft cheese","Chardonnay, Pinot Noir, Pinot Meunier"
Charles de Cazanove Brut Champagne Premier Cru,France,36.99,3.9,images/Charles_de_Cazanove_Brut_Champagne_Premier_Cru.png,images/bottle_Charles_de_Cazanove_Brut_Champagne_Premier_.png,Champagne Premier Cru,Charles de Cazanove,"tree fruit, citrus fruit, non oak, oak, microbio, earth, floral, vegetal, red fruit","Pork, Rich fish (salmon, tuna etc), Shellfish, Mild and soft cheese","Chardonnay, Pinot Noir, Pinot Meunier"
Ruge Primario Valdobbiadene Extra Dry,Italy,19,4,images/Ruge_Primario_Valdobbiadene_Extra_Dry.png,images/bottle_Ruge_Primario_Valdobbiadene_Extra_Dry.png,Conegliano-Valdobbiadene Prosecco,Ruge,"tree fruit, citrus fruit, earth, microbio, non oak, spices, vegetal, dried fruit, floral, oak","Shellfish, Vegetarian, Appetizers and snacks, Aperitif, Cured Meat",Glera
Gran Moraine Brut Rosé,United States,48.99,4.3,images/Gran_Moraine_Brut_Ros.png,images/bottle_Gran_Moraine_Brut_Ros.png,Yamhill-Carlton District,Gran Moraine,"citrus fruit, red fruit, tree fruit, microbio, earth, non oak, oak, dried fruit, vegetal, black fruit, spices, floral","Shellfish, Any junk food will do, Appetizers and snacks, Lean fish, Aperitif",
Delahaie Brut Premier Champagne,France,38,3.9,images/Delahaie_Brut_Premier_Champagne.png,images/bottle_Delahaie_Brut_Premier_Champagne.png,Champagne,Delahaie,"tree fruit, citrus fruit, microbio, non oak, vegetal, black fruit, earth, oak","Pork, Rich fish (salmon, tuna etc), Shellfish, Mild and soft cheese","Chardonnay, Pinot Noir, Pinot Meunier"
Agrapart & Fils Les 7 Crus Blanc de Blancs Brut Champagne Grand Cru 'Avize',France,84.99,4.2,images/Agrapart_Fils_Les_7_Crus_Blanc_de_Blancs_Brut_Cham.png,images/bottle_Agrapart_Fils_Les_7_Crus_Blanc_de_Blancs_Br.png,Champagne Grand Cru 'Avize',Agrapart & Fils,"citrus fruit, microbio, non oak, oak, tree fruit, earth, tropical fruit, vegetal, red fruit, spices","Pork, Rich fish (salmon, tuna etc), Shellfish, Mild and soft cheese","Chardonnay, Pinot Noir, Pinot Meunier"
H. Billiot & Fils Cuvée Laetitia Brut Champagne Grand Cru 'Ambonnay',France,115,4.1,images/H_Billiot_Fils_Cuve_Laetitia_Brut_Champagne_Grand_.png,images/bottle_H_Billiot_Fils_Cuve_Laetitia_Brut_Champagne.png,Champagne Grand Cru 'Ambonnay',H. Billiot & Fils,"non oak, earth, oak, citrus fruit, tree fruit, microbio, tropical fruit, vegetal, red fruit, spices, black fruit, dried fruit","Pork, Rich fish (salmon, tuna etc), Shellfish, Mild and soft cheese","Chardonnay, Pinot Noir, Pinot Meunier"
Stella Rosa Imperiale Moscato Rosé,Italy,14.95,3.9,images/Stella_Rosa_Imperiale_Moscato_Ros.png,images/bottle_Stella_Rosa_Imperiale_Moscato_Ros.png,Piemonte,Stella Rosa,"red fruit, tree fruit, tropical fruit, earth, spices, floral, microbio, non oak, oak","Appetizers and snacks, Aperitif",
Ca' del Bosco Dosage Zéro Franciacorta (Vintage Collection) 2019,Italy,79.99,4.2,images/Ca_del_Bosco_Dosage_Zro_Franciacorta_Vintage_Colle.png,images/bottle_Ca_del_Bosco_Dosage_Zro_Franciacorta_Vintag.png,Franciacorta,Ca' del Bosco,"tree fruit, microbio, citrus fruit, oak, non oak, earth, spices, vegetal, tropical fruit, floral, red fruit, dried fruit, black fruit","Shellfish, Appetizers and snacks, Lean fish, Mild and soft cheese, Aperitif","Chardonnay, Pinot Noir, Pinot Blanc"
Paltrinieri Leclisse 2021,Italy,21.99,3.8,images/Paltrinieri_Leclisse_2021.png,images/bottle_Paltrinieri_Leclisse_2021.png,Lambrusco di Sorbara,Paltrinieri,"red fruit, citrus fruit, tree fruit, earth, vegetal, microbio, non oak, oak, spices, black fruit, tropical fruit, floral, dried fruit","Mature and hard cheese, Cured Meat","Ancellotta, Lambrusco, Fortana, Malbo Gentile"
Philipponnat Blanc de Noirs Extra Brut Champagne 2018,France,129.99,4.3,images/Philipponnat_Blanc_de_Noirs_Extra_Brut_Champagne_2.png,images/bottle_Philipponnat_Blanc_de_Noirs_Extra_Brut_Cham.png,Champagne,Philipponnat,"non oak, oak, tree fruit, microbio, citrus fruit, earth, red fruit, vegetal, spices, tropical fruit, floral, black fruit, dried fruit","Pork, Rich fish (salmon, tuna etc), Shellfish, Mild and soft cheese","Chardonnay, Pinot Noir, Pinot Meunier"
Leitz Eins Zwei Zero Sparkling Riesling,Germany,23.99,3.5,images/Leitz_Eins_Zwei_Zero_Sparkling_Riesling.png,images/bottle_Leitz_Eins_Zwei_Zero_Sparkling_Riesling.png,Rheingau,Leitz,"tree fruit, citrus fruit, earth, microbio, tropical fruit","Poultry, Appetizers and snacks, Lean fish, Aperitif","Chardonnay, Gewürztraminer, Riesling, Grauburgunder, Silvaner, Kerner, Weissburgunder, Huxelrebe"
Gruet Demi Sec,United States,16.99,3.7,images/Gruet_Demi_Sec.png,images/bottle_Gruet_Demi_Sec.png,New Mexico,Gruet,"tree fruit, microbio, citrus fruit, earth, non oak, vegetal, oak, red fruit, spices, tropical fruit, black fruit","Shellfish, Any junk food will do, Appetizers and snacks, Lean fish, Aperitif",
Café de Paris Rosé Brut,France,15.04,3.5,images/Caf_de_Paris_Ros_Brut.png,images/bottle_Caf_de_Paris_Ros_Brut.png,Vin de France,Café de Paris,"citrus fruit, microbio, tree fruit, red fruit, non oak, spices, floral, oak","Shellfish, Poultry, Appetizers and snacks, Lean fish, Aperitif",
Schramsberg Brut Napa Valley Carneros 2007,United States,125,4.4,images/Schramsberg_Brut_Napa_Valley_Carneros_2007.png,images/bottle_Schramsberg_Brut_Napa_Valley_Carneros_2007.png,Los Carneros,Schramsberg,"tree fruit, citrus fruit, microbio, non oak, oak, earth, spices, red fruit, floral","Shellfish, Appetizers and snacks, Lean fish, Aperitif","Chardonnay, Pinot Noir"
Bruno Paillard N.P.U. Extra Brut Champagne (Nec Plus Ultra) 2008,France,349.99,4.5,images/Bruno_Paillard_NPU_Extra_Brut_Champagne_Nec_Plus_U.png,images/bottle_Bruno_Paillard_NPU_Extra_Brut_Champagne_Nec.png,Champagne,Bruno Paillard,"non oak, earth, oak, microbio, tree fruit, citrus fruit, vegetal, spices, dried fruit, floral, black fruit, tropical fruit, red fruit","Pork, Rich fish (salmon, tuna etc), Shellfish, Mild and soft cheese","Chardonnay, Pinot Noir, Pinot Meunier"
Pierre Peters Cuvée Spéciale Les Chétillons Blanc de Blancs Brut Champagne Grand Cru 2011,France,290,4.4,images/Pierre_Peters_Cuve_Spciale_Les_Chtillons_Blanc_de_.png,images/bottle_Pierre_Peters_Cuve_Spciale_Les_Chtillons_Bl.png,Champagne Grand Cru,Pierre Peters,"non oak, citrus fruit, oak, earth, tree fruit, microbio, spices, vegetal, floral, tropical fruit, red fruit, dried fruit, black fruit","Pork, Rich fish (salmon, tuna etc), Shellfish, Mild and soft cheese","Chardonnay, Pinot Noir, Pinot Meunier"
Chic Barcelona Rosé,Spain,13.99,3.8,images/Chic_Barcelona_Ros.png,images/bottle_Chic_Barcelona_Ros.png,Cava,Chic Barcelona,"red fruit, tree fruit, non oak, microbio, citrus fruit, earth, oak, black fruit, tropical fruit, spices, vegetal","Shellfish, Appetizers and snacks, Lean fish, Aperitif, Cured Meat","Xarel-lo, Parellada, Trepat, Viura"
Jean Laurent Blanc de Blancs Brut Champagne,France,53.99,3.9,images/Jean_Laurent_Blanc_de_Blancs_Brut_Champagne.png,images/bottle_Jean_Laurent_Blanc_de_Blancs_Brut_Champagne.png,Champagne,Jean Laurent,"citrus fruit, tree fruit, microbio, earth, non oak, oak, vegetal","Pork, Rich fish (salmon, tuna etc), Shellfish, Mild and soft cheese","Chardonnay, Pinot Noir, Pinot Meunier"
Simpsons White Cliffs Blanc de Blancs 2020,United Kingdom,69.99,4.1,images/Simpsons_White_Cliffs_Blanc_de_Blancs_2020.png,images/bottle_Simpsons_White_Cliffs_Blanc_de_Blancs_2020.png,Kent,Simpsons,"tree fruit, citrus fruit, non oak, microbio, oak, earth, vegetal, tropical fruit, spices","Shellfish, Appetizers and snacks, Lean fish, Aperitif","Chardonnay, Pinot Noir, Pinot Meunier"
Ameztoi Hijo de Rubentis Extra Brut 2017,Spain,33.99,4.1,images/Ameztoi_Hijo_de_Rubentis_Extra_Brut_2017.png,images/bottle_Ameztoi_Hijo_de_Rubentis_Extra_Brut_2017.png,Getariako Txakolina,Ameztoi,"red fruit, citrus fruit, tree fruit, microbio, earth, non oak, oak, spices, floral, dried fruit, vegetal","Shellfish, Appetizers and snacks, Lean fish, Aperitif","Xarel-lo, Parellada, Trepat, Viura"
Georges Laval Cumières Les Hautes Chèvres Brut Nature Millesimé Champagne Premier Cru 2020,France,314,4.4,images/Georges_Laval_Cumires_Les_Hautes_Chvres_Brut_Natur.png,images/bottle_Georges_Laval_Cumires_Les_Hautes_Chvres_Bru.png,Champagne Premier Cru,Georges Laval,"tree fruit, earth, microbio, citrus fruit, non oak, oak, spices, vegetal, black fruit, floral","Pork, Rich fish (salmon, tuna etc), Shellfish, Mild and soft cheese","Chardonnay, Pinot Noir, Pinot Meunier"
Korbel Chardonnay,United States,30,3.3,images/Korbel_Chardonnay.png,images/bottle_Korbel_Chardonnay.png,California,Korbel,"citrus fruit, tree fruit, non oak, vegetal, earth, microbio, oak, spices","Shellfish, Appetizers and snacks, Lean fish, Aperitif","Chardonnay, Pinot Noir"
Lancelot-Pienne Blanc de Blancs Brut Champagne Grand Cru 'Cramant',France,59.99,3.9,images/Lancelot_Pienne_Blanc_de_Blancs_Brut_Champagne_Gra.png,images/bottle_Lancelot_Pienne_Blanc_de_Blancs_Brut_Champa.png,Champagne Grand Cru 'Cramant',Lancelot-Pienne,"tree fruit, citrus fruit, microbio, vegetal, non oak, oak, earth","Pork, Rich fish (salmon, tuna etc), Shellfish, Mild and soft cheese","Chardonnay, Pinot Noir, Pinot Meunier"
Georges Laval Cumières Cuvée Les Chênes Brut Nature Millesimé Champagne Premier Cru 2018,France,279,4.3,images/Georges_Laval_Cumires_Cuve_Les_Chnes_Brut_Nature_M.png,images/bottle_Georges_Laval_Cumires_Cuve_Les_Chnes_Brut_N.png,Champagne Premier Cru,Georges Laval,"tree fruit, non oak, earth, microbio, oak, spices, citrus fruit, vegetal, black fruit, dried fruit, tropical fruit, floral","Pork, Rich fish (salmon, tuna etc), Shellfish, Mild and soft cheese","Chardonnay, Pinot Noir, Pinot Meunier"
Stella Rosa Prosecco Extra Dry,Italy,14.95,3.7,images/Stella_Rosa_Prosecco_Extra_Dry.png,images/bottle_Stella_Rosa_Prosecco_Extra_Dry.png,Prosecco di Treviso,Stella Rosa,"tree fruit, microbio, citrus fruit, non oak, earth, oak, dried fruit, red fruit, tropical fruit, spices, vegetal","Shellfish, Vegetarian, Appetizers and snacks, Aperitif, Cured Meat",Glera
Castello Bonomi Franciacorta Brut Rosé,Italy,39.99,3.7,images/Castello_Bonomi_Franciacorta_Brut_Ros.png,images/bottle_Castello_Bonomi_Franciacorta_Brut_Ros.png,Franciacorta,Castello Bonomi,"red fruit, citrus fruit, microbio, tree fruit, spices, floral, vegetal, non oak, oak","Shellfish, Appetizers and snacks, Lean fish, Mild and soft cheese, Aperitif","Chardonnay, Pinot Noir, Pinot Blanc"
CHANDON California Mt. Veeder Vintage Brut 2017,United States,65,4,images/CHANDON_California_Mt_Veeder_Vintage_Brut_2017.png,images/bottle_CHANDON_California_Mt_Veeder_Vintage_Brut_2.png,Mount Veeder,CHANDON California,"tree fruit, oak, non oak, earth, citrus fruit, microbio, vegetal, dried fruit, spices, tropical fruit, red fruit","Shellfish, Appetizers and snacks, Lean fish, Aperitif","Chardonnay, Pinot Noir"
Col Solivo Prosecco Extra Dry,Italy,12.99,3.6,images/Col_Solivo_Prosecco_Extra_Dry.png,images/bottle_Col_Solivo_Prosecco_Extra_Dry.png,Prosecco,Col Solivo,"tree fruit, citrus fruit, non oak, microbio, tropical fruit, oak","Shellfish, Vegetarian, Appetizers and snacks, Aperitif, Cured Meat",Glera
Billecart-Salmon Blanc de Blancs Brut Champagne 1996,France,459,4.5,images/Billecart_Salmon_Blanc_de_Blancs_Brut_Champagne_19.png,images/bottle_Billecart_Salmon_Blanc_de_Blancs_Brut_Champ.png,Champagne,Billecart-Salmon,"tree fruit, microbio, non oak, oak, citrus fruit, earth, spices, dried fruit, red fruit","Pork, Rich fish (salmon, tuna etc), Shellfish, Mild and soft cheese","Chardonnay, Pinot Noir, Pinot Meunier"
Tapiz Malbec Extra Brut Rosé,Argentina,19.99,4.1,images/Tapiz_Malbec_Extra_Brut_Ros.png,images/bottle_Tapiz_Malbec_Extra_Brut_Ros.png,Tupungato,Tapiz,"red fruit, citrus fruit, earth, dried fruit, tree fruit, spices, microbio, oak","Shellfish, Any junk food will do, Appetizers and snacks, Lean fish, Aperitif",
Guy Charlemagne Rosé Brut Champagne Grand Cru 'Le Mesnil-sur-Oger',France,74.99,3.8,images/Guy_Charlemagne_Ros_Brut_Champagne_Grand_Cru_Le_Me.png,images/bottle_Guy_Charlemagne_Ros_Brut_Champagne_Grand_Cr.png,Champagne Grand Cru 'Le Mesnil-sur-Oger',Guy Charlemagne,"red fruit, citrus fruit, microbio, black fruit, tree fruit, non oak, earth, oak, dried fruit, floral","Pork, Rich fish (salmon, tuna etc), Shellfish, Mild and soft cheese","Chardonnay, Pinot Noir, Pinot Meunier"
Ettore Germano Alta Langa Extra Brut 2016,Italy,44,4,images/Ettore_Germano_Alta_Langa_Extra_Brut_2016.png,images/bottle_Ettore_Germano_Alta_Langa_Extra_Brut_2016.png,Alta Langa,Ettore Germano,"tree fruit, citrus fruit, microbio, non oak, earth, vegetal, oak, spices, floral, tropical fruit, dried fruit, red fruit","Appetizers and snacks, Aperitif",
Cattier Cuvée Renaissance Brut Millésimé Champagne Premier Cru 1990,France,250,4.1,images/Cattier_Cuve_Renaissance_Brut_Millsim_Champagne_Pr.png,images/bottle_Cattier_Cuve_Renaissance_Brut_Millsim_Champ.png,Champagne Premier Cru,Cattier,"non oak, tree fruit, microbio, oak, citrus fruit, earth, black fruit, dried fruit, tropical fruit, floral","Pork, Rich fish (salmon, tuna etc), Shellfish, Mild and soft cheese","Chardonnay, Pinot Noir, Pinot Meunier"
Marie-Courtin Présence Extra Brut Champagne 2016,France,119,4.1,images/Marie_Courtin_Prsence_Extra_Brut_Champagne_2016.png,images/bottle_Marie_Courtin_Prsence_Extra_Brut_Champagne_.png,Champagne,Marie-Courtin,"tree fruit, earth, non oak, microbio, citrus fruit, oak, vegetal, spices, floral, black fruit, dried fruit, red fruit","Pork, Rich fish (salmon, tuna etc), Shellfish, Mild and soft cheese","Chardonnay, Pinot Noir, Pinot Meunier"
Thienot Cuvée Alain Thienot Champagne 2008,France,139.99,4.3,images/Thienot_Cuve_Alain_Thienot_Champagne_2008.png,images/bottle_Thienot_Cuve_Alain_Thienot_Champagne_2008.png,Champagne,Thienot,"non oak, tree fruit, oak, microbio, earth, citrus fruit, floral, vegetal, spices, dried fruit, tropical fruit, red fruit","Pork, Rich fish (salmon, tuna etc), Shellfish, Mild and soft cheese","Chardonnay, Pinot Noir, Pinot Meunier"
Roederer Estate L'Ermitage Brut 2015,United States,59.99,4.2,images/Roederer_Estate_LErmitage_Brut_2015.png,images/bottle_Roederer_Estate_LErmitage_Brut_2015.png,Anderson Valley,Roederer Estate,"tree fruit, non oak, microbio, oak, citrus fruit, earth, vegetal, spices, red fruit, tropical fruit, floral, dried fruit, black fruit","Shellfish, Appetizers and snacks, Lean fish, Aperitif","Chardonnay, Pinot Noir"
Champagne Telmont Réserve de la Terre Champagne,France,131.99,4.1,images/Champagne_Telmont_Rserve_de_la_Terre_Champagne.png,images/bottle_Champagne_Telmont_Rserve_de_la_Terre_Champa.png,Champagne,Champagne Telmont,"citrus fruit, earth, microbio, tree fruit, spices, vegetal, non oak, oak","Pork, Rich fish (salmon, tuna etc), Shellfish, Mild and soft cheese","Chardonnay, Pinot Noir, Pinot Meunier"
Pierre Peters L'Etonnant Monsieur Victor Edition Champagne,France,450,4.5,images/Pierre_Peters_LEtonnant_Monsieur_Victor_Edition_Ch.png,images/bottle_Pierre_Peters_LEtonnant_Monsieur_Victor_Edi.png,Champagne,Pierre Peters,"tree fruit, non oak, citrus fruit, earth, oak, microbio, spices, floral, tropical fruit, vegetal","Pork, Rich fish (salmon, tuna etc), Shellfish, Mild and soft cheese","Chardonnay, Pinot Noir, Pinot Meunier"
Fresnet Juillet Special Club Premier Cru Brut Champagne 2017,France,189,4.1,images/Fresnet_Juillet_Special_Club_Premier_Cru_Brut_Cham.jpg,,Champagne,Fresnet Juillet,"tree fruit, citrus fruit, earth, microbio, oak, vegetal, non oak, spices, tropical fruit, floral","Pork, Rich fish (salmon, tuna etc), Shellfish, Mild and soft cheese","Chardonnay, Pinot Noir, Pinot Meunier"
Kuentz-Bas Tradition Crémant d'Alsace Brut,France,26.99,3.8,images/Kuentz_Bas_Tradition_Crmant_dAlsace_Brut.png,images/bottle_Kuentz_Bas_Tradition_Crmant_dAlsace_Brut.png,Crémant d'Alsace,Kuentz-Bas,"tree fruit, microbio, earth, citrus fruit, oak, non oak, vegetal, red fruit, tropical fruit, spices","Shellfish, Poultry, Appetizers and snacks, Lean fish, Aperitif","Chardonnay, Pinot Gris, Pinot Noir, Roussanne, Pinot Blanc, Auxerrois"
Aldegheri Prosecco Extra Dry,Italy,19.99,3.8,images/Aldegheri_Prosecco_Extra_Dry.png,images/bottle_Aldegheri_Prosecco_Extra_Dry.png,Prosecco,Aldegheri,"citrus fruit, tree fruit, earth, microbio","Shellfish, Vegetarian, Appetizers and snacks, Aperitif, Cured Meat",Glera
Pannier Brut Rosé Champagne,France,47.99,3.9,images/Pannier_Brut_Ros_Champagne.png,images/bottle_Pannier_Brut_Ros_Champagne.png,Champagne,Pannier,"red fruit, earth, citrus fruit, non oak, microbio, oak, black fruit, tree fruit","Pork, Rich fish (salmon, tuna etc), Shellfish, Mild and soft cheese","Chardonnay, Pinot Noir, Pinot Meunier"
Antech Émotion Crémant de Limoux Rosé 2019,France,21.99,4.1,images/Antech_motion_Crmant_de_Limoux_Ros_2019.png,images/bottle_Antech_motion_Crmant_de_Limoux_Ros_2019.png,Crémant de Limoux,Antech,"red fruit, citrus fruit, microbio, tree fruit, non oak, oak, earth, dried fruit, vegetal, black fruit, floral, tropical fruit","Shellfish, Poultry, Appetizers and snacks, Lean fish, Aperitif","Chardonnay, Pinot Gris, Pinot Noir, Roussanne, Pinot Blanc, Auxerrois"
Cantina della Volta Brut Rosé 2017,Italy,35,4,images/Cantina_della_Volta_Brut_Ros_2017.png,images/bottle_Cantina_della_Volta_Brut_Ros_2017.png,Lambrusco di Sorbara,Cantina della Volta,"red fruit, citrus fruit, microbio, earth, non oak, tree fruit, oak, floral, vegetal, tropical fruit, black fruit, dried fruit, spices","Mature and hard cheese, Cured Meat","Ancellotta, Lambrusco, Fortana, Malbo Gentile"
Bedin Asolo Prosecco Superiore Brut 1984,Italy,17.99,3.9,images/Bedin_Asolo_Prosecco_Superiore_Brut_1984.jpg,,Asolo Prosecco,Bedin,"tree fruit, citrus fruit, microbio, tropical fruit","Shellfish, Vegetarian, Appetizers and snacks, Aperitif, Cured Meat",Glera
La Taille Aux Loups Triple Zéro Rosé,France,31.99,3.9,images/La_Taille_Aux_Loups_Triple_Zro_Ros.png,images/bottle_La_Taille_Aux_Loups_Triple_Zro_Ros.png,Montlouis-sur-Loire,La Taille Aux Loups,"red fruit, tree fruit, microbio, non oak, oak, citrus fruit, tropical fruit, black fruit, spices, vegetal, earth","Shellfish, Poultry, Appetizers and snacks, Lean fish, Aperitif",
Sadi Malot Cuvée de Réserve Blanc de Blancs Brut Champagne Premier Cru,France,40.51,3.7,images/Sadi_Malot_Cuve_de_Rserve_Blanc_de_Blancs_Brut_Cha.png,images/bottle_Sadi_Malot_Cuve_de_Rserve_Blanc_de_Blancs_B.png,Champagne Premier Cru,Sadi Malot,"tree fruit, microbio, spices","Pork, Rich fish (salmon, tuna etc), Shellfish, Mild and soft cheese","Chardonnay, Pinot Noir, Pinot Meunier"
Kante Edi Kante Dosaggio Zero,Italy,44.99,3.9,images/Kante_Edi_Kante_Dosaggio_Zero.png,images/bottle_Kante_Edi_Kante_Dosaggio_Zero.png,Lombardia,Kante,"black fruit, red fruit, tree fruit, earth","Appetizers and snacks, Aperitif",
Leitz Eins Zwei Zero Sparkling Rosé,Germany,21.99,3.6,images/Leitz_Eins_Zwei_Zero_Sparkling_Ros.png,images/bottle_Leitz_Eins_Zwei_Zero_Sparkling_Ros.png,Rheingau,Leitz,"red fruit, citrus fruit, black fruit, tree fruit, dried fruit, floral, earth","Poultry, Appetizers and snacks, Lean fish, Aperitif","Chardonnay, Gewürztraminer, Riesling, Grauburgunder, Silvaner, Kerner, Weissburgunder, Huxelrebe"
Ca' del Bosco Cuvée Annamaria Clementi (Extra Brut) 2015,Italy,99.99,4.4,images/Ca_del_Bosco_Cuve_Annamaria_Clementi_Extra_Brut_20.png,images/bottle_Ca_del_Bosco_Cuve_Annamaria_Clementi_Extra_.png,Franciacorta,Ca' del Bosco,"non oak, microbio, oak, tree fruit, earth, citrus fruit, vegetal, spices, floral, tropical fruit, dried fruit, red fruit, black fruit","Shellfish, Appetizers and snacks, Lean fish, Mild and soft cheese, Aperitif","Chardonnay, Pinot Noir, Pinot Blanc"
Recaredo Intens Rosat Brut Nature 2018,Spain,39.99,4.1,images/Recaredo_Intens_Rosat_Brut_Nature_2018.png,images/bottle_Recaredo_Intens_Rosat_Brut_Nature_2018.png,Penedès,Recaredo,"red fruit, earth, microbio, non oak, oak, black fruit, tree fruit, citrus fruit, spices, floral, dried fruit, vegetal, tropical fruit","Shellfish, Appetizers and snacks, Lean fish, Aperitif, Cured Meat","Xarel-lo, Parellada, Trepat, Viura"
Franco Amoroso Prosecco,Italy,12.99,3.4,images/Franco_Amoroso_Prosecco.png,images/bottle_Franco_Amoroso_Prosecco.png,Prosecco,Franco Amoroso,"tree fruit, earth, microbio, citrus fruit, oak, vegetal, tropical fruit, non oak","Shellfish, Vegetarian, Appetizers and snacks, Aperitif, Cured Meat",Glera
Mumm Napa Cuvée Brut Prestige,United States,19.99,3.8,images/Mumm_Napa_Cuve_Brut_Prestige.png,images/bottle_Mumm_Napa_Cuve_Brut_Prestige.png,Napa Valley,Mumm Napa,"citrus fruit, non oak, oak, tree fruit, spices, microbio, earth","Shellfish, Appetizers and snacks, Lean fish, Aperitif","Chardonnay, Pinot Noir"
Tott's Premium Cuvée Extra Dry Champagne,United States,12.72,3.4,images/Totts_Premium_Cuve_Extra_Dry_Champagne.png,images/bottle_Totts_Premium_Cuve_Extra_Dry_Champagne.png,California,Tott's,"tree fruit, earth, microbio, non oak, tropical fruit, citrus fruit, oak, black fruit, red fruit, spices, vegetal","Shellfish, Appetizers and snacks, Lean fish, Aperitif","Chardonnay, Pinot Noir"
Gérard Bertrand Crémant de Limoux Brut Rosé 2020,France,19.99,3.9,images/Grard_Bertrand_Crmant_de_Limoux_Brut_Ros_2020.png,images/bottle_Grard_Bertrand_Crmant_de_Limoux_Brut_Ros_20.png,Crémant de Limoux,Gérard Bertrand,"red fruit, tree fruit, earth, microbio, citrus fruit, non oak, oak","Shellfish, Poultry, Appetizers and snacks, Lean fish, Aperitif","Chardonnay, Pinot Gris, Pinot Noir, Roussanne, Pinot Blanc, Auxerrois"
François Secondé Brut Rosé Champagne Grand Cru 'Sillery',France,54.99,4,images/Franois_Second_Brut_Ros_Champagne_Grand_Cru_Siller.png,images/bottle_Franois_Second_Brut_Ros_Champagne_Grand_Cru.png,Champagne Grand Cru 'Sillery',François Secondé,"red fruit, microbio, earth, non oak, citrus fruit, tree fruit, vegetal, oak","Pork, Rich fish (salmon, tuna etc), Shellfish, Mild and soft cheese","Chardonnay, Pinot Noir, Pinot Meunier"
May Georges Crémant de Loire Brut,France,26.99,4.1,images/May_Georges_Crmant_de_Loire_Brut.png,images/bottle_May_Georges_Crmant_de_Loire_Brut.png,Crémant de Loire,May Georges,"tree fruit, citrus fruit, microbio, oak, earth, non oak, red fruit, floral, tropical fruit, spices, vegetal","Shellfish, Poultry, Appetizers and snacks, Lean fish, Aperitif","Chardonnay, Pinot Gris, Pinot Noir, Roussanne, Pinot Blanc, Auxerrois"
Pommery Brut Champagne 1937,France,920,3.9,images/Pommery_Brut_Champagne_1937.jpg,,Champagne,Pommery,"citrus fruit, microbio, earth, dried fruit, tree fruit, non oak, black fruit, red fruit, vegetal, oak","Pork, Rich fish (salmon, tuna etc), Shellfish, Mild and soft cheese","Chardonnay, Pinot Noir, Pinot Meunier"
Ployez-Jacquemart Blanc de Blancs Extra Brut Vintage Champagne 2008,France,89.99,4.2,images/Ployez_Jacquemart_Blanc_de_Blancs_Extra_Brut_Vinta.png,images/bottle_Ployez_Jacquemart_Blanc_de_Blancs_Extra_Bru.png,Champagne,Ployez-Jacquemart,"microbio, non oak, tree fruit, citrus fruit, oak, earth, vegetal, spices, black fruit","Pork, Rich fish (salmon, tuna etc), Shellfish, Mild and soft cheese","Chardonnay, Pinot Noir, Pinot Meunier"
Sumarroca Cava Brut Reserva 2020,Spain,21.99,3.9,images/Sumarroca_Cava_Brut_Reserva_2020.png,images/bottle_Sumarroca_Cava_Brut_Reserva_2020.png,Cava,Sumarroca,"tree fruit, citrus fruit, non oak, microbio, oak, earth, vegetal, red fruit, spices, floral, tropical fruit, dried fruit","Shellfish, Appetizers and snacks, Lean fish, Aperitif, Cured Meat","Xarel-lo, Parellada, Trepat, Viura"
Korbel Sweet Cuvée,United States,13.99,3.6,images/Korbel_Sweet_Cuve.png,images/bottle_Korbel_Sweet_Cuve.png,California,Korbel,"tree fruit, tropical fruit, citrus fruit, microbio, non oak, dried fruit, floral, earth, oak","Shellfish, Appetizers and snacks, Lean fish, Aperitif","Chardonnay, Pinot Noir"
Zarea Diamond Collection White Brut,Romania,21.41,3.4,images/Zarea_Diamond_Collection_White_Brut.png,images/bottle_Zarea_Diamond_Collection_White_Brut.png,Wine of Romania,Zarea,"tree fruit, citrus fruit, spices, non oak, oak",,
Luca Paretti Røsa Spumante,Italy,16.99,4.1,images/Luca_Paretti_Rsa_Spumante.png,images/bottle_Luca_Paretti_Rsa_Spumante.png,Veneto,Luca Paretti,"red fruit, tree fruit, floral, microbio, citrus fruit, earth, tropical fruit, non oak","Appetizers and snacks, Aperitif",
Marc Hébrart Spécial Club Brut Champagne Premier Cru 2019,France,249.99,4.3,images/Marc_Hbrart_Spcial_Club_Brut_Champagne_Premier_Cru.png,images/bottle_Marc_Hbrart_Spcial_Club_Brut_Champagne_Prem.png,Champagne Premier Cru,Marc Hébrart,"tree fruit, citrus fruit, non oak, microbio, earth, oak, spices, vegetal, tropical fruit, red fruit, black fruit, dried fruit, floral","Pork, Rich fish (salmon, tuna etc), Shellfish, Mild and soft cheese","Chardonnay, Pinot Noir, Pinot Meunier"
Korbel Blanc de Noirs,United States,13.99,3.7,images/Korbel_Blanc_de_Noirs.png,images/bottle_Korbel_Blanc_de_Noirs.png,California,Korbel,"tree fruit, citrus fruit, microbio, red fruit, non oak, earth, tropical fruit, spices, oak, black fruit, dried fruit","Shellfish, Appetizers and snacks, Lean fish, Aperitif","Chardonnay, Pinot Noir"
Château de Bligny Grande Reserve Rosé Brut Champagne,France,79.99,4,images/Chteau_de_Bligny_Grande_Reserve_Ros_Brut_Champagne.png,images/bottle_Chteau_de_Bligny_Grande_Reserve_Ros_Brut_Ch.png,Champagne,Château de Bligny,"red fruit, microbio, citrus fruit, non oak, tree fruit, earth, dried fruit, black fruit, vegetal, spices, oak","Pork, Rich fish (salmon, tuna etc), Shellfish, Mild and soft cheese","Chardonnay, Pinot Noir, Pinot Meunier"
Field Recordings Tang Piquette 2021,United States,14.99,3.6,images/Field_Recordings_Tang_Piquette_2021.png,images/bottle_Field_Recordings_Tang_Piquette_2021.png,California,Field Recordings,"citrus fruit, tree fruit, tropical fruit, earth, microbio, spices, floral","Shellfish, Appetizers and snacks, Lean fish, Aperitif","Chardonnay, Pinot Noir"
Covalli Prosecco Brut,Italy,13.98,4.1,images/Covalli_Prosecco_Brut.png,images/bottle_Covalli_Prosecco_Brut.png,Prosecco,Covalli,"citrus fruit, tree fruit, earth, red fruit, spices, floral, vegetal, microbio, non oak, oak","Shellfish, Vegetarian, Appetizers and snacks, Aperitif, Cured Meat",Glera
French Bloom Le Blanc,France,29.99,3.5,images/French_Bloom_Le_Blanc.png,images/bottle_French_Bloom_Le_Blanc.png,Vin de France,French Bloom,"citrus fruit, earth","Shellfish, Poultry, Appetizers and snacks, Lean fish, Aperitif",
Argyle Artisan Series Knudsen Vineyard Brut 2021,United States,65,4.1,images/Argyle_Artisan_Series_Knudsen_Vineyard_Brut_2021.png,images/bottle_Argyle_Artisan_Series_Knudsen_Vineyard_Brut.png,Dundee Hills,Argyle,"citrus fruit, tree fruit, microbio, non oak, oak, red fruit, spices, earth, vegetal, floral","Shellfish, Any junk food will do, Appetizers and snacks, Lean fish, Aperitif",
Domaine Carneros Brut 2020,United States,34.99,4.1,images/Domaine_Carneros_Brut_2020.png,images/bottle_Domaine_Carneros_Brut_2020.png,Los Carneros,Domaine Carneros,"tree fruit, citrus fruit, microbio, non oak, oak, earth, vegetal, spices, red fruit, floral, tropical fruit, dried fruit, black fruit","Shellfish, Appetizers and snacks, Lean fish, Aperitif","Chardonnay, Pinot Noir"
Bodega Norton 101 Bubbles,Argentina,15.99,3.7,images/Bodega_Norton_101_Bubbles.png,images/bottle_Bodega_Norton_101_Bubbles.png,Mendoza,Bodega Norton,"tree fruit, citrus fruit, earth, microbio, spices, non oak, vegetal","Shellfish, Any junk food will do, Appetizers and snacks, Lean fish, Aperitif",
Nicolas Feuillatte Brut Premier Cru Champagne,France,24.99,3.6,images/Nicolas_Feuillatte_Brut_Premier_Cru_Champagne.png,images/bottle_Nicolas_Feuillatte_Brut_Premier_Cru_Champag.png,Champagne Grand Cru 'Chouilly',Nicolas Feuillatte,"tree fruit, non oak, citrus fruit, oak, dried fruit, tropical fruit, floral, vegetal, earth, microbio","Pork, Rich fish (salmon, tuna etc), Shellfish, Mild and soft cheese","Chardonnay, Pinot Noir, Pinot Meunier"
Champagne Lombard Brut Nature Champagne Grand Cru 'Le Mesnil-sur-Oger',France,119.99,3.9,images/Champagne_Lombard_Brut_Nature_Champagne_Grand_Cru_.png,images/bottle_Champagne_Lombard_Brut_Nature_Champagne_Gra.png,Champagne Grand Cru 'Le Mesnil-sur-Oger',Champagne Lombard,"citrus fruit, earth, tree fruit, oak, non oak, microbio, spices","Pork, Rich fish (salmon, tuna etc), Shellfish, Mild and soft cheese","Chardonnay, Pinot Noir, Pinot Meunier"
Raventós i Blanc De La Finca 2020,Spain,32.99,4,images/Ravents_i_Blanc_De_La_Finca_2020.png,images/bottle_Ravents_i_Blanc_De_La_Finca_2020.png,Penedès,Raventós i Blanc,"tree fruit, citrus fruit, earth, microbio, non oak, oak, vegetal, spices, tropical fruit, floral, red fruit, dried fruit","Shellfish, Appetizers and snacks, Lean fish, Aperitif","Xarel-lo, Parellada, Trepat, Viura"
Tullia Prosecco Treviso,Italy,15.99,3.6,images/Tullia_Prosecco_Treviso.png,images/bottle_Tullia_Prosecco_Treviso.png,Prosecco di Treviso,Tullia,"tree fruit, non oak, citrus fruit, earth, microbio, tropical fruit, floral, vegetal, oak","Shellfish, Vegetarian, Appetizers and snacks, Aperitif, Cured Meat",Glera
Gusbourne Brut Reserve 2020,United Kingdom,69.99,4.1,images/Gusbourne_Brut_Reserve_2020.png,images/bottle_Gusbourne_Brut_Reserve_2020.png,Kent,Gusbourne,"tree fruit, citrus fruit, non oak, microbio, oak, earth, vegetal, red fruit, spices, floral, tropical fruit, black fruit, dried fruit","Shellfish, Appetizers and snacks, Lean fish, Aperitif","Chardonnay, Pinot Noir, Pinot Meunier"
Valentin Leflaive Rosé Champagne Grand Cru MA 17 60 Brut,France,119.99,4,images/Valentin_Leflaive_Ros_Champagne_Grand_Cru_MA_17_60.png,images/bottle_Valentin_Leflaive_Ros_Champagne_Grand_Cru_M.png,Champagne Grand Cru,Valentin Leflaive,"red fruit, tree fruit, microbio, oak, earth, non oak, citrus fruit, floral, vegetal","Pork, Rich fish (salmon, tuna etc), Shellfish, Mild and soft cheese","Chardonnay, Pinot Noir, Pinot Meunier"
Barefoot Bubbly Brut Rosé (Champagne),United States,10.99,3.4,images/Barefoot_Bubbly_Brut_Ros_Champagne.png,images/bottle_Barefoot_Bubbly_Brut_Ros_Champagne.png,California,Barefoot,"red fruit, citrus fruit, black fruit, dried fruit, tree fruit, microbio, vegetal, earth, oak","Shellfish, Appetizers and snacks, Lean fish, Aperitif","Chardonnay, Pinot Noir"
Jacquesson Dizy-Corne Bautray Extra Brut Champagne 2008,France,799,4.5,images/Jacquesson_Dizy_Corne_Bautray_Extra_Brut_Champagne.png,images/bottle_Jacquesson_Dizy_Corne_Bautray_Extra_Brut_Ch.png,Champagne,Jacquesson,"earth, non oak, tree fruit, oak, microbio, citrus fruit, vegetal, spices, floral, red fruit, dried fruit, black fruit, tropical fruit","Pork, Rich fish (salmon, tuna etc), Shellfish, Mild and soft cheese","Chardonnay, Pinot Noir, Pinot Meunier"
Bellavista Franciacorta Brut 2019,Italy,44.99,4.2,images/Bellavista_Franciacorta_Brut_2019.png,images/bottle_Bellavista_Franciacorta_Brut_2019.png,Franciacorta,Bellavista,"microbio, oak, tree fruit, non oak, citrus fruit, earth, vegetal, spices, floral, tropical fruit, black fruit, red fruit, dried fruit","Shellfish, Appetizers and snacks, Lean fish, Mild and soft cheese, Aperitif","Chardonnay, Pinot Noir, Pinot Blanc"
Partida Creus XL Ancestral 2021,Spain,49,4,images/Partida_Creus_XL_Ancestral_2021.png,images/bottle_Partida_Creus_XL_Ancestral_2021.png,Catalunya,Partida Creus,"tree fruit, non oak, citrus fruit, microbio, oak, spices, tropical fruit, earth, floral","Shellfish, Appetizers and snacks, Lean fish, Aperitif","Xarel-lo, Parellada, Trepat, Viura"
Risata Prosecco,Italy,22.13,3.8,images/Risata_Prosecco.png,images/bottle_Risata_Prosecco.png,Prosecco,Risata,"citrus fruit, tree fruit, red fruit, spices, earth, non oak, oak","Shellfish, Vegetarian, Appetizers and snacks, Aperitif, Cured Meat",Glera
Adrien Renoir Lieu Dit Les Epinettes Champagne Grand Cru 'Verzy' 2019,France,152,4.3,images/Adrien_Renoir_Lieu_Dit_Les_Epinettes_Champagne_Gra.png,images/bottle_Adrien_Renoir_Lieu_Dit_Les_Epinettes_Champa.png,Champagne Grand Cru 'Verzy',Adrien Renoir,"tree fruit, non oak, oak, microbio, earth, tropical fruit, citrus fruit, spices, vegetal","Pork, Rich fish (salmon, tuna etc), Shellfish, Mild and soft cheese","Chardonnay, Pinot Noir, Pinot Meunier"
FitVine Prosecco Brut,Italy,15.99,3.6,images/FitVine_Prosecco_Brut.png,images/bottle_FitVine_Prosecco_Brut.png,Prosecco,FitVine,"tree fruit, earth, citrus fruit, microbio, red fruit, tropical fruit, non oak","Shellfish, Vegetarian, Appetizers and snacks, Aperitif, Cured Meat",Glera
Louis Nicaise Brut Rosé Champagne Premier Cru,France,49.99,3.9,images/Louis_Nicaise_Brut_Ros_Champagne_Premier_Cru.png,images/bottle_Louis_Nicaise_Brut_Ros_Champagne_Premier_Cr.png,Champagne Premier Cru,Louis Nicaise,"red fruit, citrus fruit, earth, microbio, oak, non oak, tree fruit, spices, floral, vegetal","Pork, Rich fish (salmon, tuna etc), Shellfish, Mild and soft cheese","Chardonnay, Pinot Noir, Pinot Meunier"
Brancher Valdobbiadene Extra Dry 2023,Italy,17.99,3.6,images/Brancher_Valdobbiadene_Extra_Dry_2023.png,images/bottle_Brancher_Valdobbiadene_Extra_Dry_2023.png,Conegliano-Valdobbiadene Prosecco,Brancher,"tree fruit, citrus fruit, earth, microbio, vegetal, non oak, oak","Shellfish, Vegetarian, Appetizers and snacks, Aperitif, Cured Meat",Glera
Bellavista Franciacorta Rosé 2018,Italy,49.99,4.2,images/Bellavista_Franciacorta_Ros_2018.png,images/bottle_Bellavista_Franciacorta_Ros_2018.png,Franciacorta,Bellavista,"red fruit, tree fruit, non oak, microbio, citrus fruit, oak, earth, vegetal, spices, black fruit, tropical fruit, dried fruit","Shellfish, Appetizers and snacks, Lean fish, Mild and soft cheese, Aperitif","Chardonnay, Pinot Noir, Pinot Blanc"
Suenen La Cocluette Blanc de Blancs Extra Brut Champagne Grand Cru 'Oiry' 2017,France,280,4.3,images/Suenen_La_Cocluette_Blanc_de_Blancs_Extra_Brut_Cha.png,images/bottle_Suenen_La_Cocluette_Blanc_de_Blancs_Extra_B.png,Champagne Grand Cru 'Oiry',Suenen,"non oak, tree fruit, oak, citrus fruit, earth, microbio, vegetal","Pork, Rich fish (salmon, tuna etc), Shellfish, Mild and soft cheese","Chardonnay, Pinot Noir, Pinot Meunier"
Sweet Bitch Moscato Rosé Bubbly,Chile,12.99,3.8,images/Sweet_Bitch_Moscato_Ros_Bubbly.png,images/bottle_Sweet_Bitch_Moscato_Ros_Bubbly.png,Aconcagua Valley,Sweet Bitch,"red fruit, tree fruit, citrus fruit, spices, non oak, oak","Shellfish, Appetizers and snacks, Lean fish, Aperitif",
Paul Laurent Cuvée du Fondateur Brut Rosé Champagne,France,37.99,3.7,images/Paul_Laurent_Cuve_du_Fondateur_Brut_Ros_Champagne.png,images/bottle_Paul_Laurent_Cuve_du_Fondateur_Brut_Ros_Cha.png,Champagne,Paul Laurent,"microbio, red fruit, earth, citrus fruit, oak, non oak, tree fruit, vegetal, black fruit, dried fruit, spices, floral","Pork, Rich fish (salmon, tuna etc), Shellfish, Mild and soft cheese","Chardonnay, Pinot Noir, Pinot Meunier"
Luc Belaire Luxe Rosé,France,24.99,3.6,images/Luc_Belaire_Luxe_Ros.png,images/bottle_Luc_Belaire_Luxe_Ros.png,Vin de France,Luc Belaire,"red fruit, tree fruit, dried fruit, non oak, oak, black fruit, citrus fruit, spices, microbio","Shellfish, Poultry, Appetizers and snacks, Lean fish, Aperitif",
Malat Reserve Brut Rosé 2017,Austria,51.99,3.9,images/Malat_Reserve_Brut_Ros_2017.png,images/bottle_Malat_Reserve_Brut_Ros_2017.png,Kremstal,Malat,"red fruit, microbio, tree fruit, citrus fruit, earth, non oak, dried fruit, tropical fruit","Shellfish, Appetizers and snacks, Lean fish, Aperitif",
Benoît Déhu Cuvée de L'Orme Champagne 2016,France,148,4.3,images/Benot_Dhu_Cuve_de_LOrme_Champagne_2016.jpg,,Champagne,Benoît Déhu,"tree fruit, earth, oak, citrus fruit, non oak, microbio, spices, red fruit, black fruit, tropical fruit, floral","Pork, Rich fish (salmon, tuna etc), Shellfish, Mild and soft cheese","Chardonnay, Pinot Noir, Pinot Meunier"
Drémont Père & Fils Ephémère 018 Champagne Grand Cru 2018,France,105,4.1,images/Drmont_Pre_Fils_Ephmre_018_Champagne_Grand_Cru_201.png,images/bottle_Drmont_Pre_Fils_Ephmre_018_Champagne_Grand_.png,Champagne Grand Cru,Drémont Père & Fils,,"Pork, Rich fish (salmon, tuna etc), Shellfish, Mild and soft cheese","Chardonnay, Pinot Noir, Pinot Meunier"
Chateau de l'Eperonniere Crémant de Loire 2021,France,29,4.1,images/Chateau_de_lEperonniere_Crmant_de_Loire_2021.png,images/bottle_Chateau_de_lEperonniere_Crmant_de_Loire_202.png,Crémant de Loire,Chateau de l'Eperonniere,"tree fruit, microbio, citrus fruit, non oak, earth, oak, spices, tropical fruit, floral","Shellfish, Poultry, Appetizers and snacks, Lean fish, Aperitif","Chardonnay, Pinot Gris, Pinot Noir, Roussanne, Pinot Blanc, Auxerrois"
Marenco Brachetto d'Acqui 2024,Italy,23.99,3.9,images/Marenco_Brachetto_dAcqui_2024.png,images/bottle_Marenco_Brachetto_dAcqui_2024.png,Brachetto d'Acqui,Marenco,"red fruit, floral, vegetal, earth, oak, black fruit, dried fruit, tree fruit, spices, microbio, non oak","Appetizers and snacks, Aperitif",
Gusbourne Rosé 2019,United Kingdom,85,4.1,images/Gusbourne_Ros_2019.png,images/bottle_Gusbourne_Ros_2019.png,Kent,Gusbourne,"red fruit, microbio, citrus fruit, non oak, tree fruit, oak, earth, vegetal, spices, floral, black fruit, tropical fruit, dried fruit","Shellfish, Appetizers and snacks, Lean fish, Aperitif","Chardonnay, Pinot Noir, Pinot Meunier"
Corbon Blanc de Blancs Brut Champagne Grand Cru 'Avize' 2002,France,180,4,images/Corbon_Blanc_de_Blancs_Brut_Champagne_Grand_Cru_Av.png,images/bottle_Corbon_Blanc_de_Blancs_Brut_Champagne_Grand.png,Champagne Grand Cru 'Avize',Corbon,"tree fruit, microbio, non oak, citrus fruit, earth, spices, oak, dried fruit, floral","Pork, Rich fish (salmon, tuna etc), Shellfish, Mild and soft cheese","Chardonnay, Pinot Noir, Pinot Meunier"
Zuri Txakoli 2023,Spain,22.99,4.1,images/Zuri_Txakoli_2023.png,images/bottle_Zuri_Txakoli_2023.png,Getariako Txakolina,Zuri,"tree fruit, citrus fruit, earth, vegetal, microbio","Shellfish, Appetizers and snacks, Lean fish, Aperitif","Xarel-lo, Parellada, Trepat, Viura"
Perrier-Jouët Fleur de Champagne Brut Rosé 2004,France,259,4.5,images/Perrier_Jout_Fleur_de_Champagne_Brut_Ros_2004.png,images/bottle_Perrier_Jout_Fleur_de_Champagne_Brut_Ros_20.png,Champagne,Perrier-Jouët,"red fruit, tree fruit, earth, oak, citrus fruit, non oak, microbio","Pork, Rich fish (salmon, tuna etc), Shellfish, Mild and soft cheese","Chardonnay, Pinot Noir, Pinot Meunier"
Chartogne-Taillet Fiacre 2002,France,299,4.1,images/Chartogne_Taillet_Fiacre_2002.png,images/bottle_Chartogne_Taillet_Fiacre_2002.png,Champagne,Chartogne-Taillet,"citrus fruit, non oak, tree fruit, microbio, earth, oak, floral, vegetal, red fruit, tropical fruit","Pork, Rich fish (salmon, tuna etc), Shellfish, Mild and soft cheese","Chardonnay, Pinot Noir, Pinot Meunier"
Zuccolo Brut Rosé,Italy,11.99,3.6,images/Zuccolo_Brut_Ros.jpg,,Friuli-Venezia Giulia,Zuccolo,red fruit,"Appetizers and snacks, Aperitif",
San Silvestro Asti Spumante,Italy,18.99,3.8,images/San_Silvestro_Asti_Spumante.png,images/bottle_San_Silvestro_Asti_Spumante.png,Asti,San Silvestro,"tree fruit, floral, citrus fruit, dried fruit, tropical fruit, spices, earth, microbio, non oak","Sweet desserts, Fruity desserts, Aperitif",Moscato
Petit et Bajan Nymphea Grand Cru Brut Rosé,France,69.99,4,images/Petit_et_Bajan_Nymphea_Grand_Cru_Brut_Ros.png,images/bottle_Petit_et_Bajan_Nymphea_Grand_Cru_Brut_Ros.png,Champagne,Petit et Bajan,"red fruit, microbio, citrus fruit, tree fruit, earth, non oak, oak, vegetal, tropical fruit, spices, floral","Pork, Rich fish (salmon, tuna etc), Shellfish, Mild and soft cheese","Chardonnay, Pinot Noir, Pinot Meunier"
Win Sparkling White Verdejo De-alcoholised,Spain,16.99,3.4,images/Win_Sparkling_White_Verdejo_De_alcoholised.png,images/bottle_Win_Sparkling_White_Verdejo_De_alcoholised.png,Ribera del Duero,Win,"citrus fruit, tree fruit, spices, floral, vegetal, earth","Shellfish, Appetizers and snacks, Lean fish, Aperitif","Xarel-lo, Parellada, Trepat, Viura"
Marie-Noelle Ledru Brut Nature Champagne Grand Cru 'Ambonnay' 2008,France,779,4.3,images/Marie_Noelle_Ledru_Brut_Nature_Champagne_Grand_Cru.png,images/bottle_Marie_Noelle_Ledru_Brut_Nature_Champagne_Gr.png,Champagne Grand Cru 'Ambonnay',Marie-Noelle Ledru,"earth, oak, tree fruit, microbio, non oak, citrus fruit, spices, floral, vegetal, black fruit, tropical fruit","Pork, Rich fish (salmon, tuna etc), Shellfish, Mild and soft cheese","Chardonnay, Pinot Noir, Pinot Meunier"
Piper-Heidsieck Brut Héritage Champagne,France,49.99,3.7,images/Piper_Heidsieck_Brut_Hritage_Champagne.png,images/bottle_Piper_Heidsieck_Brut_Hritage_Champagne.png,Champagne,Piper-Heidsieck,"non oak, oak, microbio, citrus fruit, tree fruit, spices, floral, earth","Pork, Rich fish (salmon, tuna etc), Shellfish, Mild and soft cheese","Chardonnay, Pinot Noir, Pinot Meunier"
Pommery Cuvée Louise Brut Champagne 1990,France,360,4.4,images/Pommery_Cuve_Louise_Brut_Champagne_1990.png,images/bottle_Pommery_Cuve_Louise_Brut_Champagne_1990.png,Champagne,Pommery,"non oak, microbio, oak, tree fruit, citrus fruit, earth, vegetal, spices, tropical fruit, floral, red fruit, dried fruit, black fruit","Pork, Rich fish (salmon, tuna etc), Shellfish, Mild and soft cheese","Chardonnay, Pinot Noir, Pinot Meunier"
José Dhondt Rosé de Saignée Brut Champagne Grand Cru 'Oger',France,97,4,images/Jos_Dhondt_Ros_de_Saigne_Brut_Champagne_Grand_Cru_.png,images/bottle_Jos_Dhondt_Ros_de_Saigne_Brut_Champagne_Gra.png,Champagne Grand Cru 'Oger',José Dhondt,"red fruit, non oak, oak, citrus fruit, earth, microbio, floral, vegetal","Pork, Rich fish (salmon, tuna etc), Shellfish, Mild and soft cheese","Chardonnay, Pinot Noir, Pinot Meunier"
Egly-Ouriet Millésime Brut Champagne Grand Cru 'Ambonnay' 2012,France,699.99,4.6,images/Egly_Ouriet_Millsime_Brut_Champagne_Grand_Cru_Ambo.png,images/bottle_Egly_Ouriet_Millsime_Brut_Champagne_Grand_C.png,Champagne Grand Cru 'Ambonnay',Egly-Ouriet,"oak, non oak, microbio, earth, tree fruit, citrus fruit, spices, vegetal, tropical fruit, dried fruit, red fruit, floral, black fruit","Pork, Rich fish (salmon, tuna etc), Shellfish, Mild and soft cheese","Chardonnay, Pinot Noir, Pinot Meunier"
Thierry Triolet Carte Noire Brut,France,37.99,3.7,images/Thierry_Triolet_Carte_Noire_Brut.png,images/bottle_Thierry_Triolet_Carte_Noire_Brut.png,Champagne,Thierry Triolet,"tree fruit, non oak, microbio, citrus fruit, oak, spices, floral, earth","Pork, Rich fish (salmon, tuna etc), Shellfish, Mild and soft cheese","Chardonnay, Pinot Noir, Pinot Meunier"
Maison Marcel Sparkling Rosé,France,13.99,4.1,images/Maison_Marcel_Sparkling_Ros.png,images/bottle_Maison_Marcel_Sparkling_Ros.png,Provence,Maison Marcel,"tree fruit, red fruit, citrus fruit, tropical fruit, earth, microbio, spices, floral, vegetal, oak","Shellfish, Poultry, Appetizers and snacks, Lean fish, Aperitif",
Sapience Champagne 2010,France,239.99,4.5,images/Sapience_Champagne_2010.png,images/bottle_Sapience_Champagne_2010.png,Champagne Premier Cru,Sapience,"tree fruit, oak, non oak, earth, citrus fruit, microbio, spices, vegetal, red fruit, tropical fruit, floral, black fruit","Pork, Rich fish (salmon, tuna etc), Shellfish, Mild and soft cheese","Chardonnay, Pinot Noir, Pinot Meunier"
Sentio Prosecco Brut,Italy,16.99,3.7,images/Sentio_Prosecco_Brut.png,images/bottle_Sentio_Prosecco_Brut.png,Prosecco,Sentio,"tree fruit, citrus fruit, non oak, vegetal, microbio","Shellfish, Vegetarian, Appetizers and snacks, Aperitif, Cured Meat",Glera
Joseph Cattin Crémant d'Alsace Brut Rosé,France,17.99,3.8,images/Joseph_Cattin_Crmant_dAlsace_Brut_Ros.png,images/bottle_Joseph_Cattin_Crmant_dAlsace_Brut_Ros.png,Crémant d'Alsace,Joseph Cattin,"red fruit, citrus fruit, earth, tree fruit, non oak, spices, microbio, oak, floral, vegetal","Shellfish, Poultry, Appetizers and snacks, Lean fish, Aperitif","Chardonnay, Pinot Gris, Pinot Noir, Roussanne, Pinot Blanc, Auxerrois"
Cazals Blanc de Blancs Brut Champagne Grand Cru 'Le Mesnil-sur-Oger' 2014,France,195,4.1,images/Cazals_Blanc_de_Blancs_Brut_Champagne_Grand_Cru_Le.jpg,,Champagne Grand Cru 'Le Mesnil-sur-Oger',Cazals,"citrus fruit, tree fruit, oak, earth, non oak, microbio, vegetal, dried fruit, black fruit, red fruit, tropical fruit, spices","Pork, Rich fish (salmon, tuna etc), Shellfish, Mild and soft cheese","Chardonnay, Pinot Noir, Pinot Meunier"
Delahaie Brut Rosé Champagne,France,35,4.2,images/Delahaie_Brut_Ros_Champagne.jpg,,Champagne,Delahaie,"red fruit, citrus fruit, earth, vegetal, microbio, tree fruit, non oak, oak","Pork, Rich fish (salmon, tuna etc), Shellfish, Mild and soft cheese","Chardonnay, Pinot Noir, Pinot Meunier"
Ruggeri Giustino B. Valdobbiadene Prosecco Superiore 2020,Italy,42.99,4.1,images/Ruggeri_Giustino_B_Valdobbiadene_Prosecco_Superior.png,images/bottle_Ruggeri_Giustino_B_Valdobbiadene_Prosecco_S.png,Conegliano-Valdobbiadene Prosecco Superiore,Ruggeri,"tree fruit, citrus fruit, microbio, earth, non oak, oak, floral, vegetal, spices, tropical fruit, red fruit, black fruit, dried fruit","Shellfish, Vegetarian, Appetizers and snacks, Aperitif, Cured Meat",Glera
Treveri Gewürztraminer,United States,16.99,3.8,images/Treveri_Gewrztraminer.png,images/bottle_Treveri_Gewrztraminer.png,Columbia Valley,Treveri,"tree fruit, earth, floral, citrus fruit, tropical fruit, dried fruit, vegetal, microbio","Shellfish, Any junk food will do, Appetizers and snacks, Lean fish, Aperitif",
Cantina di Sorbara Lambrusco di Sorbara Emma,Italy,13.99,4,images/Cantina_di_Sorbara_Lambrusco_di_Sorbara_Emma.png,images/bottle_Cantina_di_Sorbara_Lambrusco_di_Sorbara_Emm.png,Lambrusco di Sorbara,Cantina di Sorbara,"red fruit, dried fruit, earth, non oak, tree fruit, citrus fruit, microbio, black fruit, oak","Mature and hard cheese, Cured Meat","Ancellotta, Lambrusco, Fortana, Malbo Gentile"
Hammerling Wines Sunflower Sutra Brut Nature 2021,United States,44.99,4.2,images/Hammerling_Wines_Sunflower_Sutra_Brut_Nature_2021.png,images/bottle_Hammerling_Wines_Sunflower_Sutra_Brut_Natur.png,California,Hammerling Wines,"tree fruit, microbio, oak, earth, citrus fruit, non oak, vegetal, tropical fruit, spices","Shellfish, Appetizers and snacks, Lean fish, Aperitif","Chardonnay, Pinot Noir"
Bérêche & Fils Champagne Grand Cru 'Aÿ' 2016,France,259,4.5,images/Brche_Fils_Champagne_Grand_Cru_A_2016.png,images/bottle_Brche_Fils_Champagne_Grand_Cru_A_2016.png,Champagne Grand Cru 'Aÿ',Bérêche & Fils,microbio,"Pork, Rich fish (salmon, tuna etc), Shellfish, Mild and soft cheese","Chardonnay, Pinot Noir, Pinot Meunier"
Barefoot Bubbly Peach Fusion,United States,13.49,3.7,images/Barefoot_Bubbly_Peach_Fusion.png,images/bottle_Barefoot_Bubbly_Peach_Fusion.png,California,Barefoot,"tree fruit, citrus fruit","Shellfish, Appetizers and snacks, Lean fish, Aperitif","Chardonnay, Pinot Noir"
Argyle Brut Vintage 2019,United States,24.99,3.9,images/Argyle_Brut_Vintage_2019.png,images/bottle_Argyle_Brut_Vintage_2019.png,Willamette Valley,Argyle,"tree fruit, citrus fruit, microbio, non oak, earth, oak, vegetal, spices, red fruit, tropical fruit, floral, black fruit, dried fruit","Shellfish, Any junk food will do, Appetizers and snacks, Lean fish, Aperitif",
Elio Perrone Sourgal Moscato d'Asti 2022,Italy,11.99,4.2,images/Elio_Perrone_Sourgal_Moscato_dAsti_2022.png,images/bottle_Elio_Perrone_Sourgal_Moscato_dAsti_2022.png,Moscato d'Asti,Elio Perrone,"tree fruit, earth, floral, tropical fruit, citrus fruit, microbio, oak, non oak, spices, vegetal, red fruit, dried fruit","Fruity desserts, Aperitif",Moscatel de grano menudo
Bollinger La Grande Année Rosé Brut Champagne 2015,France,250,4.3,images/Bollinger_La_Grande_Anne_Ros_Brut_Champagne_2015.png,images/bottle_Bollinger_La_Grande_Anne_Ros_Brut_Champagne.png,Champagne,Bollinger,"red fruit, non oak, microbio, oak, citrus fruit, earth, tree fruit, spices, vegetal, floral, dried fruit, black fruit, tropical fruit","Pork, Rich fish (salmon, tuna etc), Shellfish, Mild and soft cheese","Chardonnay, Pinot Noir, Pinot Meunier"
Gramona Cava Celler Batlle 2009,Spain,109.99,4.5,images/Gramona_Cava_Celler_Batlle_2009.png,images/bottle_Gramona_Cava_Celler_Batlle_2009.png,Cava,Gramona,"non oak, oak, microbio, tree fruit, earth, citrus fruit, vegetal, spices, dried fruit, floral, tropical fruit, red fruit, black fruit","Shellfish, Appetizers and snacks, Lean fish, Aperitif, Cured Meat","Xarel-lo, Parellada, Trepat, Viura"
Rare Champagne Rare Brut Rosé Champagne (Millésimé) 2008,France,499.99,4.5,images/Rare_Champagne_Rare_Brut_Ros_Champagne_Millsim_200.png,images/bottle_Rare_Champagne_Rare_Brut_Ros_Champagne_Mill.png,Champagne,Rare Champagne,"red fruit, non oak, earth, microbio, oak, citrus fruit, tree fruit, spices, black fruit, tropical fruit, floral, vegetal","Pork, Rich fish (salmon, tuna etc), Shellfish, Mild and soft cheese","Chardonnay, Pinot Noir, Pinot Meunier"
Marie-Noelle Ledru Cuvée du Goulté Blanc de Noirs Brut Champagne Grand Cru 'Ambonnay' 2010,France,399,4.2,images/Marie_Noelle_Ledru_Cuve_du_Goult_Blanc_de_Noirs_Br.png,images/bottle_Marie_Noelle_Ledru_Cuve_du_Goult_Blanc_de_N.png,Champagne Grand Cru 'Ambonnay',Marie-Noelle Ledru,"tree fruit, earth, microbio, oak, spices, non oak, red fruit, dried fruit, vegetal, black fruit, tropical fruit, citrus fruit","Pork, Rich fish (salmon, tuna etc), Shellfish, Mild and soft cheese","Chardonnay, Pinot Noir, Pinot Meunier"
Laherte Freres Les Empreintes Extra-Brut Champagne 2013,France,125,4.3,images/Laherte_Freres_Les_Empreintes_Extra_Brut_Champagne.png,images/bottle_Laherte_Freres_Les_Empreintes_Extra_Brut_Ch.png,Champagne,Laherte Freres,"tree fruit, citrus fruit, earth, non oak, oak, microbio, spices, vegetal, floral, red fruit, tropical fruit, dried fruit","Pork, Rich fish (salmon, tuna etc), Shellfish, Mild and soft cheese","Chardonnay, Pinot Noir, Pinot Meunier"
Scharffenberger Brut,United States,21.49,3.5,images/Scharffenberger_Brut.png,images/bottle_Scharffenberger_Brut.png,Mendocino County,Scharffenberger,"microbio, tree fruit, citrus fruit, floral, earth, non oak, red fruit, tropical fruit, oak","Shellfish, Appetizers and snacks, Lean fish, Aperitif","Chardonnay, Pinot Noir"
Hattingley Valley Rosé 2014,United Kingdom,64.99,3.9,images/Hattingley_Valley_Ros_2014.png,images/bottle_Hattingley_Valley_Ros_2014.png,England,Hattingley Valley,"red fruit, citrus fruit, microbio, non oak, tree fruit, oak, earth, vegetal, spices, black fruit, dried fruit, floral, tropical fruit","Shellfish, Appetizers and snacks, Lean fish, Aperitif","Chardonnay, Pinot Noir, Pinot Meunier"
Palmer & Co. Brut Rosé Champagne,France,50,3.7,images/Palmer_Co_Brut_Ros_Champagne.png,images/bottle_Palmer_Co_Brut_Ros_Champagne.png,Champagne,Palmer & Co.,"red fruit, tree fruit, citrus fruit, microbio, oak, spices, earth, non oak","Pork, Rich fish (salmon, tuna etc), Shellfish, Mild and soft cheese","Chardonnay, Pinot Noir, Pinot Meunier"
Villa Jolanda Saint Valentine I Love You Spumante,Italy,10.99,3.3,images/Villa_Jolanda_Saint_Valentine_I_Love_You_Spumante.png,images/bottle_Villa_Jolanda_Saint_Valentine_I_Love_You_Sp.png,Vino d'Italia,Villa Jolanda,"citrus fruit, earth, floral, vegetal, microbio, spices, non oak, oak, tropical fruit, tree fruit","Appetizers and snacks, Aperitif",
Argyle Artisan Series Spirit Hill Vineyard Blanc de Blancs 2019,United States,65,3.9,images/Argyle_Artisan_Series_Spirit_Hill_Vineyard_Blanc_d.png,images/bottle_Argyle_Artisan_Series_Spirit_Hill_Vineyard_.png,Oregon,Argyle,"citrus fruit, tree fruit, microbio, earth, non oak, oak, spices, floral, vegetal","Shellfish, Any junk food will do, Appetizers and snacks, Lean fish, Aperitif",
La Spinetta Bricco Quaglia Moscato d'Asti 2023,Italy,23.99,4,images/La_Spinetta_Bricco_Quaglia_Moscato_dAsti_2023.png,images/bottle_La_Spinetta_Bricco_Quaglia_Moscato_dAsti_20.png,Moscato d'Asti,La Spinetta,"tree fruit, earth, tropical fruit, citrus fruit, floral, microbio, oak, spices, non oak, red fruit, vegetal, dried fruit, black fruit","Fruity desserts, Aperitif",Moscatel de grano menudo
Scharffenberger Brut Rosé,United States,28.99,3.9,images/Scharffenberger_Brut_Ros.png,images/bottle_Scharffenberger_Brut_Ros.png,Mendocino County,Scharffenberger,"red fruit, non oak, tree fruit, microbio","Shellfish, Appetizers and snacks, Lean fish, Aperitif","Chardonnay, Pinot Noir"
Togni Rebaioli Martì Cuntrare 2019,Italy,32,4.2,images/Togni_Rebaioli_Mart_Cuntrare_2019.png,images/bottle_Togni_Rebaioli_Mart_Cuntrare_2019.png,Lombardia,Togni Rebaioli,"red fruit, earth, microbio, tree fruit, citrus fruit, spices, vegetal","Appetizers and snacks, Aperitif",
Louis Dumont Brut Rosé Champagne,France,54.99,3.8,images/Louis_Dumont_Brut_Ros_Champagne.png,images/bottle_Louis_Dumont_Brut_Ros_Champagne.png,Champagne,Louis Dumont,"citrus fruit, red fruit","Pork, Rich fish (salmon, tuna etc), Shellfish, Mild and soft cheese","Chardonnay, Pinot Noir, Pinot Meunier"
Henriot Millésimé Brut Champagne 2003,France,281,4.1,images/Henriot_Millsim_Brut_Champagne_2003.png,images/bottle_Henriot_Millsim_Brut_Champagne_2003.png,Champagne,Henriot,"tree fruit, non oak, oak, microbio, citrus fruit, earth, vegetal, spices, tropical fruit, red fruit, floral, dried fruit, black fruit","Pork, Rich fish (salmon, tuna etc), Shellfish, Mild and soft cheese","Chardonnay, Pinot Noir, Pinot Meunier"
Nando Asti,Italy,11.99,3.8,images/Nando_Asti.jpg,,Asti,Nando,"tree fruit, tropical fruit, red fruit, floral, earth, non oak","Sweet desserts, Fruity desserts, Aperitif",Moscato
Vena Cava Extra brut Rosé 2022,Mexico,68.39,3.9,images/Vena_Cava_Extra_brut_Ros_2022.jpg,,Valle de Guadalupe,Vena Cava,"non oak, red fruit, tree fruit, floral, vegetal, oak, black fruit, tropical fruit, citrus fruit, earth, microbio",,
Billecart-Salmon Clos Saint-Hilaire Brut Champagne 2007,France,599.99,4.5,images/Billecart_Salmon_Clos_Saint_Hilaire_Brut_Champagne.png,images/bottle_Billecart_Salmon_Clos_Saint_Hilaire_Brut_Ch.png,Champagne,Billecart-Salmon,"oak, non oak, earth, microbio, tree fruit, citrus fruit, spices, red fruit, vegetal, black fruit, dried fruit, floral, tropical fruit","Pork, Rich fish (salmon, tuna etc), Shellfish, Mild and soft cheese","Chardonnay, Pinot Noir, Pinot Meunier"
Field Recordings Pét Nat 2021,United States,17.99,4,images/Field_Recordings_Pt_Nat_2021.png,images/bottle_Field_Recordings_Pt_Nat_2021.png,Arroyo Grande Valley,Field Recordings,"citrus fruit, red fruit, tree fruit, microbio, earth, non oak, floral, vegetal, oak, tropical fruit, spices, dried fruit","Shellfish, Appetizers and snacks, Lean fish, Aperitif","Chardonnay, Pinot Noir"
Guy Larmandier Blanc de Blancs Brut Zéro Champagne Grand Cru 'Cramant',France,65,4.1,images/Guy_Larmandier_Blanc_de_Blancs_Brut_Zro_Champagne_.jpg,,Champagne Grand Cru 'Cramant',Guy Larmandier,"tree fruit, citrus fruit, oak, non oak, earth, microbio, spices, floral, dried fruit, vegetal","Pork, Rich fish (salmon, tuna etc), Shellfish, Mild and soft cheese","Chardonnay, Pinot Noir, Pinot Meunier"
Isotta Manzoni Cuvée Emilia Rosé,Italy,12.99,4.1,images/Isotta_Manzoni_Cuve_Emilia_Ros.png,images/bottle_Isotta_Manzoni_Cuve_Emilia_Ros.png,Emilia,Isotta Manzoni,"red fruit, microbio, tree fruit","Appetizers and snacks, Aperitif",
Philipponnat Les Cintres Extra-Brut Champagne 2009,France,409,4.5,images/Philipponnat_Les_Cintres_Extra_Brut_Champagne_2009.png,images/bottle_Philipponnat_Les_Cintres_Extra_Brut_Champag.png,Champagne,Philipponnat,"non oak, oak, microbio, black fruit, red fruit, tree fruit, citrus fruit, spices, vegetal, earth","Pork, Rich fish (salmon, tuna etc), Shellfish, Mild and soft cheese","Chardonnay, Pinot Noir, Pinot Meunier"
Charles Heidsieck Brut Millésimé 1990,France,199.99,4.4,images/Charles_Heidsieck_Brut_Millsim_1990.png,images/bottle_Charles_Heidsieck_Brut_Millsim_1990.png,Champagne,Charles Heidsieck,"non oak, microbio, oak, tree fruit, earth, citrus fruit, vegetal, spices, tropical fruit, dried fruit, floral, red fruit, black fruit","Pork, Rich fish (salmon, tuna etc), Shellfish, Mild and soft cheese","Chardonnay, Pinot Noir, Pinot Meunier"
Vazart-Coquart & Fils Brut Rosé Champagne Premier Cru,France,79,3.8,images/Vazart_Coquart_Fils_Brut_Ros_Champagne_Premier_Cru.png,images/bottle_Vazart_Coquart_Fils_Brut_Ros_Champagne_Prem.png,Champagne Premier Cru,Vazart-Coquart & Fils,"red fruit, tree fruit, citrus fruit, non oak, oak, earth, black fruit, floral, vegetal, microbio","Pork, Rich fish (salmon, tuna etc), Shellfish, Mild and soft cheese","Chardonnay, Pinot Noir, Pinot Meunier"
Koenig Crémant d'Alsace Brut,France,24.99,3.9,images/Koenig_Crmant_dAlsace_Brut.png,images/bottle_Koenig_Crmant_dAlsace_Brut.png,Crémant d'Alsace,Koenig,"citrus fruit, tree fruit, earth, microbio, non oak, oak, tropical fruit, spices, vegetal","Shellfish, Poultry, Appetizers and snacks, Lean fish, Aperitif","Chardonnay, Pinot Gris, Pinot Noir, Roussanne, Pinot Blanc, Auxerrois"
French Bloom Le Rosé,France,29.99,3.6,images/French_Bloom_Le_Ros.png,images/bottle_French_Bloom_Le_Ros.png,Vin de France,French Bloom,"red fruit, black fruit, tree fruit, microbio, non oak","Shellfish, Poultry, Appetizers and snacks, Lean fish, Aperitif",
Pierre Gimonnet & Fils Special Club Brut Champagne Grand Cru 'Cramant' 2016,France,149.99,4.4,images/Pierre_Gimonnet_Fils_Special_Club_Brut_Champagne_G.png,images/bottle_Pierre_Gimonnet_Fils_Special_Club_Brut_Cham.png,Champagne Grand Cru 'Cramant',Pierre Gimonnet & Fils,"non oak, tree fruit, citrus fruit, oak, microbio, earth, vegetal, tropical fruit, spices, floral","Pork, Rich fish (salmon, tuna etc), Shellfish, Mild and soft cheese","Chardonnay, Pinot Noir, Pinot Meunier"
Andre Kientzler Crémant D'Alsace Cuvée Millésimée Non Dosée 2017,France,24,3.8,images/Andre_Kientzler_Crmant_DAlsace_Cuve_Millsime_Non_D.jpg,,Crémant d'Alsace,Andre Kientzler,"citrus fruit, non oak, oak, tree fruit, spices, microbio","Shellfish, Poultry, Appetizers and snacks, Lean fish, Aperitif","Chardonnay, Pinot Gris, Pinot Noir, Roussanne, Pinot Blanc, Auxerrois"
Peneca Rebula Brut 2021,Slovenia,18.99,3.6,images/Peneca_Rebula_Brut_2021.png,images/bottle_Peneca_Rebula_Brut_2021.png,Goriška Brda,Peneca Rebula,"tree fruit, citrus fruit, microbio, earth, non oak, oak, floral, vegetal, spices, red fruit, tropical fruit",,
Francis Ford Coppola Winery Diamond Collection Prosecco Rosé,Italy,12.99,4.1,images/Francis_Ford_Coppola_Winery_Diamond_Collection_Pro.png,images/bottle_Francis_Ford_Coppola_Winery_Diamond_Collect.png,Prosecco,Francis Ford Coppola Winery,"red fruit, citrus fruit, microbio, non oak","Shellfish, Vegetarian, Appetizers and snacks, Aperitif, Cured Meat",Glera
Wein Schach Pet Nat Rosé 2020,Austria,24.88,4,images/Wein_Schach_Pet_Nat_Ros_2020.jpg,,Niederösterreich,Wein Schach,"red fruit, citrus fruit, tree fruit, microbio","Shellfish, Appetizers and snacks, Lean fish, Aperitif",
Veuve Clicquot La Grande Dame Brut Rosé Champagne 2008,France,479.99,4.5,images/Veuve_Clicquot_La_Grande_Dame_Brut_Ros_Champagne_2.png,images/bottle_Veuve_Clicquot_La_Grande_Dame_Brut_Ros_Cham.png,Champagne,Veuve Clicquot,"red fruit, non oak, oak, earth, microbio, citrus fruit, tree fruit, spices, floral, black fruit, vegetal, dried fruit, tropical fruit","Pork, Rich fish (salmon, tuna etc), Shellfish, Mild and soft cheese","Chardonnay, Pinot Noir, Pinot Meunier"
Jacquesson Dizy-Terres Rouges Blanc de Noirs Extra Brut Champagne 2013,France,209,4.4,images/Jacquesson_Dizy_Terres_Rouges_Blanc_de_Noirs_Extra.png,images/bottle_Jacquesson_Dizy_Terres_Rouges_Blanc_de_Noir.png,Champagne,Jacquesson,"non oak, oak, tree fruit, citrus fruit, earth, spices, microbio, black fruit, red fruit, floral","Pork, Rich fish (salmon, tuna etc), Shellfish, Mild and soft cheese","Chardonnay, Pinot Noir, Pinot Meunier"
Under The Wire Brosseau Vineyard Sparkling Chardonnay 2012,United States,75,4.1,images/Under_The_Wire_Brosseau_Vineyard_Sparkling_Chardon.png,images/bottle_Under_The_Wire_Brosseau_Vineyard_Sparkling_.png,Monterey County,Under The Wire,"tree fruit, citrus fruit, earth, non oak, oak, microbio, spices, tropical fruit, floral, vegetal","Shellfish, Appetizers and snacks, Lean fish, Aperitif","Chardonnay, Pinot Noir"
Bernard Gaucher Brut Rosé Champagne,France,49.99,4,images/Bernard_Gaucher_Brut_Ros_Champagne.png,images/bottle_Bernard_Gaucher_Brut_Ros_Champagne.png,Champagne,Bernard Gaucher,"red fruit, microbio, non oak","Pork, Rich fish (salmon, tuna etc), Shellfish, Mild and soft cheese","Chardonnay, Pinot Noir, Pinot Meunier"
Doyard Les Lumières 2008,France,344.99,4.4,images/Doyard_Les_Lumires_2008.png,images/bottle_Doyard_Les_Lumires_2008.png,Champagne,Doyard,"tree fruit, microbio, oak, non oak, citrus fruit, earth, floral, black fruit, dried fruit","Pork, Rich fish (salmon, tuna etc), Shellfish, Mild and soft cheese","Chardonnay, Pinot Noir, Pinot Meunier"
Dom Pérignon Lady Gaga Edition Rosé Champagne 2008,France,499.99,4.6,images/Dom_Prignon_Lady_Gaga_Edition_Ros_Champagne_2008.png,images/bottle_Dom_Prignon_Lady_Gaga_Edition_Ros_Champagne.png,Champagne,Dom Pérignon,"red fruit, microbio, non oak, citrus fruit, oak, floral, tree fruit, spices, earth","Pork, Rich fish (salmon, tuna etc), Shellfish, Mild and soft cheese","Chardonnay, Pinot Noir, Pinot Meunier"
Larmandier-Bernier Les Chemins Champagne Grand Cru 'Avize' 2015,France,149.99,4.4,images/Larmandier_Bernier_Les_Chemins_Champagne_Grand_Cru.png,images/bottle_Larmandier_Bernier_Les_Chemins_Champagne_Gr.png,Champagne Grand Cru 'Avize',Larmandier-Bernier,"oak, earth, tree fruit, non oak, citrus fruit, microbio, spices, vegetal, tropical fruit, dried fruit, floral, red fruit, black fruit","Pork, Rich fish (salmon, tuna etc), Shellfish, Mild and soft cheese","Chardonnay, Pinot Noir, Pinot Meunier"
Joseph Loriot-Pagel Blanc de Blancs Brut Champagne Grand Cru 2018,France,128,4,images/Joseph_Loriot_Pagel_Blanc_de_Blancs_Brut_Champagne.jpg,,Champagne Grand Cru,Joseph Loriot-Pagel,"tree fruit, citrus fruit, oak, non oak, earth","Pork, Rich fish (salmon, tuna etc), Shellfish, Mild and soft cheese","Chardonnay, Pinot Noir, Pinot Meunier"
Marguet Oiry Champagne Grand Cru 2016,France,105,4.3,images/Marguet_Oiry_Champagne_Grand_Cru_2016.png,images/bottle_Marguet_Oiry_Champagne_Grand_Cru_2016.png,Champagne Grand Cru,Marguet,"citrus fruit, microbio, tree fruit, earth, black fruit, red fruit, tropical fruit, spices, floral, vegetal, oak","Pork, Rich fish (salmon, tuna etc), Shellfish, Mild and soft cheese","Chardonnay, Pinot Noir, Pinot Meunier"
Nino Franco Prosecco di Valdobbiadene Brut,Italy,42.99,3.8,images/Nino_Franco_Prosecco_di_Valdobbiadene_Brut.jpg,,Conegliano-Valdobbiadene Prosecco,Nino Franco,"citrus fruit, tree fruit, vegetal, microbio, oak","Shellfish, Vegetarian, Appetizers and snacks, Aperitif, Cured Meat",Glera
Hélène Beaugrand Derrière La Cabane Blanc de Blancs Champagne,France,99.99,4.2,images/Hlne_Beaugrand_Derrire_La_Cabane_Blanc_de_Blancs_C.png,images/bottle_Hlne_Beaugrand_Derrire_La_Cabane_Blanc_de_B.png,Champagne,Hélène Beaugrand,tree fruit,"Pork, Rich fish (salmon, tuna etc), Shellfish, Mild and soft cheese","Chardonnay, Pinot Noir, Pinot Meunier"
Château de Targé Saumur Brut Rosé 2020,France,17,3.9,images/Chteau_de_Targ_Saumur_Brut_Ros_2020.jpg,,Saumur,Château de Targé,"microbio, red fruit, earth, non oak, tree fruit, vegetal, oak","Shellfish, Poultry, Appetizers and snacks, Lean fish, Aperitif",
J. Lassalle Blanc de Blancs Brut Champagne Premier Cru 2011,France,104.99,4.2,images/J_Lassalle_Blanc_de_Blancs_Brut_Champagne_Premier_.png,images/bottle_J_Lassalle_Blanc_de_Blancs_Brut_Champagne_P.png,Champagne Premier Cru,J. Lassalle,"microbio, oak, non oak, tree fruit, earth, citrus fruit, spices, vegetal, dried fruit, tropical fruit","Pork, Rich fish (salmon, tuna etc), Shellfish, Mild and soft cheese","Chardonnay, Pinot Noir, Pinot Meunier"
Bisson Marca Trevigiana Glera Frizzante 2023,Italy,28,4.1,images/Bisson_Marca_Trevigiana_Glera_Frizzante_2023.png,images/bottle_Bisson_Marca_Trevigiana_Glera_Frizzante_202.png,Marca Trevigiana,Bisson,"tree fruit, citrus fruit, earth, microbio, oak, non oak, vegetal, floral, tropical fruit, spices, red fruit","Appetizers and snacks, Aperitif",
Hervieux Dumez Special Club Brut Champagne 2018,France,191,4.2,images/Hervieux_Dumez_Special_Club_Brut_Champagne_2018.png,images/bottle_Hervieux_Dumez_Special_Club_Brut_Champagne_.png,Champagne,Hervieux Dumez,"tree fruit, citrus fruit, non oak, microbio, oak, earth, vegetal, spices, floral, dried fruit, red fruit, tropical fruit","Pork, Rich fish (salmon, tuna etc), Shellfish, Mild and soft cheese","Chardonnay, Pinot Noir, Pinot Meunier"
Tenuta Belvedere Wai Rosso 2019,Italy,24.99,3.7,images/Tenuta_Belvedere_Wai_Rosso_2019.png,images/bottle_Tenuta_Belvedere_Wai_Rosso_2019.png,Provincia di Pavia,Tenuta Belvedere,"black fruit, red fruit, earth, non oak, oak","Appetizers and snacks, Aperitif",
Cazals La Chapelle du Clos Blanc de Blancs Brut Champagne Grand Cru 2017,France,135,4.2,images/Cazals_La_Chapelle_du_Clos_Blanc_de_Blancs_Brut_Ch.png,images/bottle_Cazals_La_Chapelle_du_Clos_Blanc_de_Blancs_.png,Champagne Grand Cru,Cazals,"tree fruit, oak, earth, non oak, citrus fruit, microbio, vegetal, spices, tropical fruit, dried fruit, floral","Pork, Rich fish (salmon, tuna etc), Shellfish, Mild and soft cheese","Chardonnay, Pinot Noir, Pinot Meunier"
Larmandier-Bernier Vieille Vigne du Levant Champagne Grand Cru 2014,France,199.99,4.3,images/Larmandier_Bernier_Vieille_Vigne_du_Levant_Champag.png,images/bottle_Larmandier_Bernier_Vieille_Vigne_du_Levant_.png,Champagne Grand Cru,Larmandier-Bernier,"non oak, oak, earth, microbio, tree fruit, citrus fruit, vegetal, spices, tropical fruit, floral, dried fruit, black fruit, red fruit","Pork, Rich fish (salmon, tuna etc), Shellfish, Mild and soft cheese","Chardonnay, Pinot Noir, Pinot Meunier"
Joseph Perrier La Côte à Bras Parcelle Ah83 Brut Nature Vintage Champagne 2013,France,89,4.1,images/Joseph_Perrier_La_Cte_Bras_Parcelle_Ah83_Brut_Natu.png,images/bottle_Joseph_Perrier_La_Cte_Bras_Parcelle_Ah83_Br.png,Champagne,Joseph Perrier,"tree fruit, non oak, citrus fruit, earth, oak, microbio, red fruit, floral, vegetal, tropical fruit, spices","Pork, Rich fish (salmon, tuna etc), Shellfish, Mild and soft cheese","Chardonnay, Pinot Noir, Pinot Meunier"
Tullia Brut Rosé,Italy,15.99,4.2,images/Tullia_Brut_Ros.png,images/bottle_Tullia_Brut_Ros.png,Veneto,Tullia,"red fruit, tropical fruit, citrus fruit, floral, vegetal, earth, microbio","Appetizers and snacks, Aperitif",
U MES U Cava Brut Rosé,Spain,13.99,3.6,images/U_MES_U_Cava_Brut_Ros.png,images/bottle_U_MES_U_Cava_Brut_Ros.png,Cava,U MES U,"earth, tree fruit, red fruit, citrus fruit, vegetal, oak","Shellfish, Appetizers and snacks, Lean fish, Aperitif, Cured Meat","Xarel-lo, Parellada, Trepat, Viura"
COS Metodo Classico 2020,Italy,54.99,4,images/COS_Metodo_Classico_2020.png,images/bottle_COS_Metodo_Classico_2020.png,Vittoria,COS,"earth, tree fruit, non oak, oak, citrus fruit, vegetal, microbio, red fruit, dried fruit, tropical fruit, floral","Appetizers and snacks, Aperitif",
Deutz Blanc de Blancs Brut Champagne 1996,France,355,4.5,images/Deutz_Blanc_de_Blancs_Brut_Champagne_1996.png,images/bottle_Deutz_Blanc_de_Blancs_Brut_Champagne_1996.png,Champagne,Deutz,"tree fruit, citrus fruit, microbio, non oak, oak, earth, vegetal, spices, floral, tropical fruit, red fruit, dried fruit","Pork, Rich fish (salmon, tuna etc), Shellfish, Mild and soft cheese","Chardonnay, Pinot Noir, Pinot Meunier"
Villa Jolanda Moscato The Blue,Italy,10.99,3.3,images/Villa_Jolanda_Moscato_The_Blue.png,images/bottle_Villa_Jolanda_Moscato_The_Blue.png,Vino d'Italia,Villa Jolanda,"red fruit, tree fruit, citrus fruit, black fruit, tropical fruit","Appetizers and snacks, Aperitif",
JaM Cellars Butter Bubbles,United States,16.99,3.7,images/JaM_Cellars_Butter_Bubbles.png,images/bottle_JaM_Cellars_Butter_Bubbles.png,California,JaM Cellars,"tree fruit, citrus fruit, oak, earth, microbio, non oak","Shellfish, Appetizers and snacks, Lean fish, Aperitif","Chardonnay, Pinot Noir"
André Delorme Cuvée Rosé Brut Reserve,France,19.79,3.7,images/Andr_Delorme_Cuve_Ros_Brut_Reserve.jpg,,Bourgogne,André Delorme,"red fruit, citrus fruit, spices, microbio, tree fruit, floral, vegetal, earth, non oak, oak","Shellfish, Poultry, Appetizers and snacks, Lean fish, Aperitif",
Ayala Le Blanc de Blancs Champagne 2015,France,84.99,4.3,images/Ayala_Le_Blanc_de_Blancs_Champagne_2015.jpg,,Champagne,Ayala,"citrus fruit, non oak, oak, tree fruit, microbio, tropical fruit, floral, earth","Pork, Rich fish (salmon, tuna etc), Shellfish, Mild and soft cheese","Chardonnay, Pinot Noir, Pinot Meunier"
Louis Roederer Brut Champagne (Vintage) 1996,France,330,4.6,images/Louis_Roederer_Brut_Champagne_Vintage_1996.png,images/bottle_Louis_Roederer_Brut_Champagne_Vintage_1996.png,Champagne,Louis Roederer,"tree fruit, non oak, citrus fruit, oak, microbio, earth, vegetal, spices, red fruit, floral, tropical fruit, dried fruit, black fruit","Pork, Rich fish (salmon, tuna etc), Shellfish, Mild and soft cheese","Chardonnay, Pinot Noir, Pinot Meunier"
Jacquart Cuvée Alpha Blanc 2012,France,142.99,4.2,images/Jacquart_Cuve_Alpha_Blanc_2012.png,images/bottle_Jacquart_Cuve_Alpha_Blanc_2012.png,Champagne,Jacquart,"non oak, oak, microbio, citrus fruit, tree fruit, earth, vegetal, spices, floral, red fruit, dried fruit, black fruit","Pork, Rich fish (salmon, tuna etc), Shellfish, Mild and soft cheese","Chardonnay, Pinot Noir, Pinot Meunier"
Villa Jolanda Moscato & Passionfruit,Italy,10.99,3.9,images/Villa_Jolanda_Moscato_Passionfruit.png,images/bottle_Villa_Jolanda_Moscato_Passionfruit.png,Piemonte,Villa Jolanda,"tropical fruit, tree fruit, earth, red fruit, microbio, oak","Appetizers and snacks, Aperitif",
Veuve Ambal Crémant de Bourgogne Collection Rosé,France,24,3.9,images/Veuve_Ambal_Crmant_de_Bourgogne_Collection_Ros.png,images/bottle_Veuve_Ambal_Crmant_de_Bourgogne_Collection_.png,Crémant de Bourgogne,Veuve Ambal,"red fruit, microbio, tropical fruit, citrus fruit","Shellfish, Poultry, Appetizers and snacks, Lean fish, Aperitif","Chardonnay, Pinot Gris, Pinot Noir, Roussanne, Pinot Blanc, Auxerrois"
King Estate Brut Cuvée 2018,United States,38,4.1,images/King_Estate_Brut_Cuve_2018.png,images/bottle_King_Estate_Brut_Cuve_2018.png,Willamette Valley,King Estate,"tree fruit, citrus fruit, microbio, earth, non oak, oak, dried fruit, floral, vegetal","Shellfish, Any junk food will do, Appetizers and snacks, Lean fish, Aperitif",
Champagne Telmont Blanc de Blancs Champagne 2012,France,99.99,4.3,images/Champagne_Telmont_Blanc_de_Blancs_Champagne_2012.jpg,,Champagne,Champagne Telmont,,"Pork, Rich fish (salmon, tuna etc), Shellfish, Mild and soft cheese","Chardonnay, Pinot Noir, Pinot Meunier"
Gloria Ferrer Royal Cuvée Brut 2005,United States,43,3.8,images/Gloria_Ferrer_Royal_Cuve_Brut_2005.png,images/bottle_Gloria_Ferrer_Royal_Cuve_Brut_2005.png,Los Carneros,Gloria Ferrer,"tree fruit, citrus fruit, microbio, non oak, oak, earth, red fruit, vegetal, spices, black fruit, floral, tropical fruit, dried fruit","Shellfish, Appetizers and snacks, Lean fish, Aperitif","Chardonnay, Pinot Noir"
Vinestar Ancestral 2023,Spain,29.99,4,images/Vinestar_Ancestral_2023.jpg,,Catalunya,Vinestar,,"Shellfish, Appetizers and snacks, Lean fish, Aperitif","Xarel-lo, Parellada, Trepat, Viura"
Vilmart & Cie Cœur de Cuvée Champagne Premier Cru 2016,France,159.99,4.2,images/Vilmart_Cie_Cur_de_Cuve_Champagne_Premier_Cru_2016.png,images/bottle_Vilmart_Cie_Cur_de_Cuve_Champagne_Premier_C.png,Champagne Premier Cru,Vilmart & Cie,"oak, tree fruit, non oak, citrus fruit, microbio, earth, vegetal, spices, red fruit, tropical fruit, floral, dried fruit","Pork, Rich fish (salmon, tuna etc), Shellfish, Mild and soft cheese","Chardonnay, Pinot Noir, Pinot Meunier"
Domaine des 2 Ânes Limod'ânes Rosé,France,24.99,4,images/Domaine_des_2_nes_Limodnes_Ros.png,images/bottle_Domaine_des_2_nes_Limodnes_Ros.png,Vin de France,Domaine des 2 Ânes,"red fruit, tree fruit, tropical fruit, citrus fruit","Shellfish, Poultry, Appetizers and snacks, Lean fish, Aperitif",
47 Anno Domini Prosecco Extra Dry Millesimato 1947,Italy,13.99,3.8,images/47_Anno_Domini_Prosecco_Extra_Dry_Millesimato_1947.jpg,,Prosecco,47 Anno Domini,,"Shellfish, Vegetarian, Appetizers and snacks, Aperitif, Cured Meat",Glera
Santero Moscato & Mango,Italy,13.99,4.1,images/Santero_Moscato_Mango.png,images/bottle_Santero_Moscato_Mango.png,Piemonte,Santero,tropical fruit,"Appetizers and snacks, Aperitif",
Simpsons Canterbury Rosé 2020,United Kingdom,53.99,3.8,images/Simpsons_Canterbury_Ros_2020.png,images/bottle_Simpsons_Canterbury_Ros_2020.png,England,Simpsons,"red fruit, microbio, citrus fruit, earth, tree fruit, floral, oak, vegetal, non oak, tropical fruit","Shellfish, Appetizers and snacks, Lean fish, Aperitif","Chardonnay, Pinot Noir, Pinot Meunier"
Domaine de la Chanteleuserie Fine Bulles Touraine,France,19.99,4,images/Domaine_de_la_Chanteleuserie_Fine_Bulles_Touraine.png,images/bottle_Domaine_de_la_Chanteleuserie_Fine_Bulles_To.png,Touraine,Domaine de la Chanteleuserie,"red fruit, tree fruit, citrus fruit, spices, microbio, non oak, oak, floral, vegetal, earth","Shellfish, Poultry, Appetizers and snacks, Lean fish, Aperitif",
Illi Prosecco Extra Dry,Italy,11.99,4.2,images/Illi_Prosecco_Extra_Dry.png,images/bottle_Illi_Prosecco_Extra_Dry.png,Prosecco,Illi,"tree fruit, citrus fruit, red fruit, vegetal, microbio","Shellfish, Vegetarian, Appetizers and snacks, Aperitif, Cured Meat",Glera
Benoît Lahaye Violaine Champagne Grand Cru 'Bouzy' 2014,France,122,4.3,images/Benot_Lahaye_Violaine_Champagne_Grand_Cru_Bouzy_20.png,images/bottle_Benot_Lahaye_Violaine_Champagne_Grand_Cru_B.png,Champagne Grand Cru 'Bouzy',Benoît Lahaye,"citrus fruit, tree fruit, earth, oak, non oak, microbio, red fruit, vegetal, spices, black fruit, floral","Pork, Rich fish (salmon, tuna etc), Shellfish, Mild and soft cheese","Chardonnay, Pinot Noir, Pinot Meunier"
Charles Heidsieck Champagne Charlie 2017,France,799.99,4.4,images/Charles_Heidsieck_Champagne_Charlie_2017.png,images/bottle_Charles_Heidsieck_Champagne_Charlie_2017.png,Champagne,Charles Heidsieck,"oak, non oak, earth, microbio, tree fruit, citrus fruit, spices, black fruit, dried fruit, tropical fruit, floral, vegetal, red fruit","Pork, Rich fish (salmon, tuna etc), Shellfish, Mild and soft cheese","Chardonnay, Pinot Noir, Pinot Meunier"
Carboniste Albariño Extra Brut 2023,United States,28.99,4.1,images/Carboniste_Albario_Extra_Brut_2023.png,images/bottle_Carboniste_Albario_Extra_Brut_2023.png,California,Carboniste,"tree fruit, citrus fruit, earth, tropical fruit, microbio, oak, non oak, vegetal, spices, dried fruit, red fruit, floral","Shellfish, Appetizers and snacks, Lean fish, Aperitif","Chardonnay, Pinot Noir"
Heidsieck & Co. Monopole Brut Diamant Bleu Champagne 1982,France,580,4.4,images/Heidsieck_Co_Monopole_Brut_Diamant_Bleu_Champagne_.jpg,,Champagne,Heidsieck & Co. Monopole,"non oak, oak, tree fruit, citrus fruit, earth, spices, vegetal, microbio","Pork, Rich fish (salmon, tuna etc), Shellfish, Mild and soft cheese","Chardonnay, Pinot Noir, Pinot Meunier"
Salmon Special Club Champagne 2015,France,219.99,4.3,images/Salmon_Special_Club_Champagne_2015.png,images/bottle_Salmon_Special_Club_Champagne_2015.png,Champagne,Salmon,"tree fruit, non oak, citrus fruit, earth, oak, microbio, vegetal, red fruit, tropical fruit, floral, black fruit, spices, dried fruit","Pork, Rich fish (salmon, tuna etc), Shellfish, Mild and soft cheese","Chardonnay, Pinot Noir, Pinot Meunier"
Maison Caroline Lestimé Grand Lys Crémant de Bourgogne Brut 2016,France,69.99,3.9,images/Maison_Caroline_Lestim_Grand_Lys_Crmant_de_Bourgog.png,images/bottle_Maison_Caroline_Lestim_Grand_Lys_Crmant_de_.png,Crémant de Bourgogne,Maison Caroline Lestimé,"tree fruit, citrus fruit, earth, microbio, non oak, oak, red fruit","Shellfish, Poultry, Appetizers and snacks, Lean fish, Aperitif","Chardonnay, Pinot Gris, Pinot Noir, Roussanne, Pinot Blanc, Auxerrois"
Ca' Furlan Cuvée Adriana Moscato Sweet,Italy,10.99,3.9,images/Ca_Furlan_Cuve_Adriana_Moscato_Sweet.png,images/bottle_Ca_Furlan_Cuve_Adriana_Moscato_Sweet.png,Veneto,Ca' Furlan,"earth, tree fruit, microbio, non oak, oak, citrus fruit, spices, floral","Appetizers and snacks, Aperitif",
San Antonio Fruit Farm Strawberry - Guava Moscato,Italy,11.99,4.2,images/San_Antonio_Fruit_Farm_Strawberry_Guava_Moscato.jpg,,Vino d'Italia,San Antonio Fruit Farm,"red fruit, tropical fruit, tree fruit","Appetizers and snacks, Aperitif",
Jacquesson Champ Cain Extra Brut Champagne Grand Cru 'Avize' 2013,France,249.97,4.3,images/Jacquesson_Champ_Cain_Extra_Brut_Champagne_Grand_C.png,images/bottle_Jacquesson_Champ_Cain_Extra_Brut_Champagne_.png,Champagne Grand Cru 'Avize',Jacquesson,"non oak, citrus fruit, tree fruit, earth, oak, microbio, tropical fruit, spices, vegetal, red fruit, floral","Pork, Rich fish (salmon, tuna etc), Shellfish, Mild and soft cheese","Chardonnay, Pinot Noir, Pinot Meunier"
Elvi Cava Brut,Spain,21.99,3.2,images/Elvi_Cava_Brut.png,images/bottle_Elvi_Cava_Brut.png,Cava,Elvi,"tree fruit, citrus fruit, vegetal, earth, microbio, non oak, oak","Shellfish, Appetizers and snacks, Lean fish, Aperitif, Cured Meat","Xarel-lo, Parellada, Trepat, Viura"
Danny Seo Philosophy Prosecco Extra Dry,Italy,14.99,3.9,images/Danny_Seo_Philosophy_Prosecco_Extra_Dry.jpg,,Prosecco,Danny Seo Philosophy,"tree fruit, citrus fruit, microbio, vegetal, non oak, oak","Shellfish, Vegetarian, Appetizers and snacks, Aperitif, Cured Meat",Glera
Deutz Cuvée William Deutz Rosé Millesimé Brut Champagne 1996,France,385,4.4,images/Deutz_Cuve_William_Deutz_Ros_Millesim_Brut_Champag.png,images/bottle_Deutz_Cuve_William_Deutz_Ros_Millesim_Brut_.png,Champagne,Deutz,"oak, red fruit, non oak, microbio, earth, citrus fruit, tree fruit, vegetal, spices, floral, dried fruit, black fruit, tropical fruit","Pork, Rich fish (salmon, tuna etc), Shellfish, Mild and soft cheese","Chardonnay, Pinot Noir, Pinot Meunier"
Philipponnat Clos des Goisses Juste Rosé Champagne 2006,France,304,4.4,images/Philipponnat_Clos_des_Goisses_Juste_Ros_Champagne_.png,images/bottle_Philipponnat_Clos_des_Goisses_Juste_Ros_Cha.png,Champagne,Philipponnat,"non oak, red fruit, oak, citrus fruit, microbio, tree fruit, earth, spices, black fruit, dried fruit, floral","Pork, Rich fish (salmon, tuna etc), Shellfish, Mild and soft cheese","Chardonnay, Pinot Noir, Pinot Meunier"
Thierry Richoux Crémant de Bourgogne,France,39,4.1,images/Thierry_Richoux_Crmant_de_Bourgogne.jpg,,Crémant de Bourgogne,Thierry Richoux,"microbio, citrus fruit, non oak, red fruit, tree fruit, earth, oak, vegetal","Shellfish, Poultry, Appetizers and snacks, Lean fish, Aperitif","Chardonnay, Pinot Gris, Pinot Noir, Roussanne, Pinot Blanc, Auxerrois"
Domaine J. Laurens Crémant de Limoux Blanc de Blancs Brut,France,22.6,3.6,images/Domaine_J_Laurens_Crmant_de_Limoux_Blanc_de_Blancs.jpg,,Crémant de Limoux,Domaine J. Laurens,"tree fruit, citrus fruit, earth, microbio, non oak, red fruit, oak","Shellfish, Poultry, Appetizers and snacks, Lean fish, Aperitif","Chardonnay, Pinot Gris, Pinot Noir, Roussanne, Pinot Blanc, Auxerrois"
G.H. Mumm René Lalou Champagne 1985,France,630,4.3,images/GH_Mumm_Ren_Lalou_Champagne_1985.png,images/bottle_GH_Mumm_Ren_Lalou_Champagne_1985.png,Champagne,G.H. Mumm,"non oak, oak, microbio, citrus fruit, earth, tree fruit, spices, dried fruit, red fruit, vegetal, black fruit","Pork, Rich fish (salmon, tuna etc), Shellfish, Mild and soft cheese","Chardonnay, Pinot Noir, Pinot Meunier"
Gramona Cava Enoteca Finca La Plana Brut Nature 2000,Spain,219,4.3,images/Gramona_Cava_Enoteca_Finca_La_Plana_Brut_Nature_20.png,images/bottle_Gramona_Cava_Enoteca_Finca_La_Plana_Brut_Na.png,Cava,Gramona,"tree fruit, citrus fruit, earth, microbio, non oak, oak, vegetal, red fruit, tropical fruit, spices","Shellfish, Appetizers and snacks, Lean fish, Aperitif, Cured Meat","Xarel-lo, Parellada, Trepat, Viura"
Fall Creek Lescalo Chenin Blanc 2019,United States,17.99,3.5,images/Fall_Creek_Lescalo_Chenin_Blanc_2019.jpg,,Texas,Fall Creek,"citrus fruit, earth, microbio, tree fruit, vegetal, oak, non oak",,
Schramsberg Brut Anderson Valley 2010,United States,93,4.4,images/Schramsberg_Brut_Anderson_Valley_2010.png,images/bottle_Schramsberg_Brut_Anderson_Valley_2010.png,Anderson Valley,Schramsberg,"tree fruit, microbio, non oak, citrus fruit, spices, earth","Shellfish, Appetizers and snacks, Lean fish, Aperitif","Chardonnay, Pinot Noir"
Taittinger Comtes de Champagne Rosé 2012,France,230,4.4,images/Taittinger_Comtes_de_Champagne_Ros_2012.png,images/bottle_Taittinger_Comtes_de_Champagne_Ros_2012.png,Champagne,Taittinger,"red fruit, non oak, microbio, oak, earth, citrus fruit, tree fruit, spices, vegetal, floral, black fruit, tropical fruit, dried fruit","Pork, Rich fish (salmon, tuna etc), Shellfish, Mild and soft cheese","Chardonnay, Pinot Noir, Pinot Meunier"
Mas de Daumas Gassac Frizant Mousseux Rosé 2023,France,22.99,4,images/Mas_de_Daumas_Gassac_Frizant_Mousseux_Ros_2023.png,images/bottle_Mas_de_Daumas_Gassac_Frizant_Mousseux_Ros_2.png,Hérault,Mas de Daumas Gassac,"red fruit, microbio, tree fruit, citrus fruit, earth, oak, non oak, spices, black fruit, vegetal, tropical fruit, floral, dried fruit","Shellfish, Poultry, Appetizers and snacks, Lean fish, Aperitif",
Pascal Doquet Vertus Cœur de Terroir Blanc de Blancs Champagne Premier Cru 2009,France,127,4.4,images/Pascal_Doquet_Vertus_Cur_de_Terroir_Blanc_de_Blanc.png,images/bottle_Pascal_Doquet_Vertus_Cur_de_Terroir_Blanc_d.png,Champagne Premier Cru,Pascal Doquet,"non oak, oak, microbio, tree fruit, earth, citrus fruit, vegetal, spices, dried fruit, floral, red fruit, black fruit, tropical fruit","Pork, Rich fish (salmon, tuna etc), Shellfish, Mild and soft cheese","Chardonnay, Pinot Noir, Pinot Meunier"
Perrier-Jouët Fleur de Champagne Special Reserve 1979,France,867,4.5,images/Perrier_Jout_Fleur_de_Champagne_Special_Reserve_19.jpg,,Champagne,Perrier-Jouët,"non oak, oak","Pork, Rich fish (salmon, tuna etc), Shellfish, Mild and soft cheese","Chardonnay, Pinot Noir, Pinot Meunier"
Alasia Brachetto d'Acqui 2022,Italy,12.99,4.1,images/Alasia_Brachetto_dAcqui_2022.png,images/bottle_Alasia_Brachetto_dAcqui_2022.png,Brachetto d'Acqui,Alasia,"red fruit, oak, earth, tree fruit, citrus fruit, floral, microbio, dried fruit, black fruit, tropical fruit, spices","Appetizers and snacks, Aperitif",
Marguet Les Bermonts Champagne Grand Cru 2018,France,124,4.3,images/Marguet_Les_Bermonts_Champagne_Grand_Cru_2018.png,images/bottle_Marguet_Les_Bermonts_Champagne_Grand_Cru_20.png,Champagne Grand Cru,Marguet,"earth, tree fruit, microbio, oak, citrus fruit, tropical fruit, spices, non oak, dried fruit, vegetal","Pork, Rich fish (salmon, tuna etc), Shellfish, Mild and soft cheese","Chardonnay, Pinot Noir, Pinot Meunier"
Marguet Les Beurys Champagne Grand Cru 2018,France,124,4.3,images/Marguet_Les_Beurys_Champagne_Grand_Cru_2018.png,images/bottle_Marguet_Les_Beurys_Champagne_Grand_Cru_2018.png,Champagne,Marguet,"tree fruit, oak, citrus fruit, earth, microbio, black fruit, dried fruit, red fruit, spices, non oak","Pork, Rich fish (salmon, tuna etc), Shellfish, Mild and soft cheese","Chardonnay, Pinot Noir, Pinot Meunier"
Picchetti Brut Rosé 2023,United States,46.95,4,images/Picchetti_Brut_Ros_2023.jpg,,San Francisco Bay,Picchetti,"red fruit, black fruit, spices, earth, microbio","Shellfish, Appetizers and snacks, Lean fish, Aperitif","Chardonnay, Pinot Noir"
Tellier La Goutte d’Or Champagne 2018,France,85,4.3,images/Tellier_La_Goutte_dOr_Champagne_2018.png,images/bottle_Tellier_La_Goutte_dOr_Champagne_2018.png,Champagne,Tellier,,"Pork, Rich fish (salmon, tuna etc), Shellfish, Mild and soft cheese","Chardonnay, Pinot Noir, Pinot Meunier"
Argyle Knudsen Vineyard Brut Rosé 2021,United States,65,4.2,images/Argyle_Knudsen_Vineyard_Brut_Ros_2021.jpg,,Oregon,Argyle,"red fruit, citrus fruit, microbio, non oak","Shellfish, Any junk food will do, Appetizers and snacks, Lean fish, Aperitif",
Under The Wire Alder Springs Vineyard Sparkling Chardonnay 2013,United States,78,4,images/Under_The_Wire_Alder_Springs_Vineyard_Sparkling_Ch.png,images/bottle_Under_The_Wire_Alder_Springs_Vineyard_Spark.png,Mendocino,Under The Wire,"tree fruit, non oak, citrus fruit, oak, red fruit, microbio, earth, spices, floral, tropical fruit, vegetal","Shellfish, Appetizers and snacks, Lean fish, Aperitif","Chardonnay, Pinot Noir"
Laherte Freres Les Grandes Crayères Blanc de Blancs Millésime Extra Brut Champagne 2019,France,95,4.2,images/Laherte_Freres_Les_Grandes_Crayres_Blanc_de_Blancs.png,images/bottle_Laherte_Freres_Les_Grandes_Crayres_Blanc_de.png,Champagne,Laherte Freres,"tree fruit, citrus fruit, non oak, earth, microbio, oak, spices, floral, vegetal, black fruit","Pork, Rich fish (salmon, tuna etc), Shellfish, Mild and soft cheese","Chardonnay, Pinot Noir, Pinot Meunier"
Soter Vineyards Mineral Springs Blanc de Blancs 2013,United States,260,4.3,images/Soter_Vineyards_Mineral_Springs_Blanc_de_Blancs_20.jpg,,Yamhill-Carlton District,Soter Vineyards,"tree fruit, citrus fruit, floral, microbio, non oak, oak, dried fruit, spices, earth","Shellfish, Any junk food will do, Appetizers and snacks, Lean fish, Aperitif",
Marc Kreydenweiss Crémant d'Alsace 2017,France,26,4,images/Marc_Kreydenweiss_Crmant_dAlsace_2017.png,images/bottle_Marc_Kreydenweiss_Crmant_dAlsace_2017.png,Crémant d'Alsace,Marc Kreydenweiss,"citrus fruit, microbio, tree fruit, non oak, earth, oak, vegetal, floral","Shellfish, Poultry, Appetizers and snacks, Lean fish, Aperitif","Chardonnay, Pinot Gris, Pinot Noir, Roussanne, Pinot Blanc, Auxerrois"
Vilmart & Cie Grand Cellier d'Or Brut Champagne Premier Cru 2016,France,109.99,4.3,images/Vilmart_Cie_Grand_Cellier_dOr_Brut_Champagne_Premi.png,images/bottle_Vilmart_Cie_Grand_Cellier_dOr_Brut_Champagn.png,Champagne Premier Cru,Vilmart & Cie,"tree fruit, citrus fruit, oak, non oak, microbio, earth, spices, floral, vegetal, tropical fruit, red fruit, black fruit, dried fruit","Pork, Rich fish (salmon, tuna etc), Shellfish, Mild and soft cheese","Chardonnay, Pinot Noir, Pinot Meunier"
Marenco Pineto Brachetto d'Acqui 2023,Italy,12.99,4,images/Marenco_Pineto_Brachetto_dAcqui_2023.png,images/bottle_Marenco_Pineto_Brachetto_dAcqui_2023.png,Brachetto d'Acqui,Marenco,"red fruit, oak, microbio, non oak, black fruit, earth, citrus fruit, spices, vegetal, dried fruit, floral, tree fruit, tropical fruit","Appetizers and snacks, Aperitif",
Viña Palaciega Cava,Spain,12.98,3.8,images/Via_Palaciega_Cava.jpg,,Cava,Viña Palaciega,citrus fruit,"Shellfish, Appetizers and snacks, Lean fish, Aperitif, Cured Meat","Xarel-lo, Parellada, Trepat, Viura"
Château du Petit Thouars Les Foux Méthode Traditionnelle,France,28.99,3.9,images/Chteau_du_Petit_Thouars_Les_Foux_Mthode_Traditionn.png,images/bottle_Chteau_du_Petit_Thouars_Les_Foux_Mthode_Tra.png,Loire Valley,Château du Petit Thouars,"red fruit, tree fruit, citrus fruit, spices, floral, microbio","Shellfish, Poultry, Appetizers and snacks, Lean fish, Aperitif",
Marguet La Grande Ruelle Champagne Grand Cru 2018,France,124,4.3,images/Marguet_La_Grande_Ruelle_Champagne_Grand_Cru_2018.png,images/bottle_Marguet_La_Grande_Ruelle_Champagne_Grand_Cr.png,Champagne Grand Cru,Marguet,"tree fruit, oak, microbio, earth, citrus fruit, non oak, red fruit, tropical fruit, spices, black fruit, floral, vegetal","Pork, Rich fish (salmon, tuna etc), Shellfish, Mild and soft cheese","Chardonnay, Pinot Noir, Pinot Meunier"
Emilien Feneuil Les Puits Blanc de Noir Champagne 2016,France,150,4,images/Emilien_Feneuil_Les_Puits_Blanc_de_Noir_Champagne_.png,images/bottle_Emilien_Feneuil_Les_Puits_Blanc_de_Noir_Cha.png,Champagne,Emilien Feneuil,"citrus fruit, microbio, spices, oak, red fruit, tree fruit, earth, non oak","Pork, Rich fish (salmon, tuna etc), Shellfish, Mild and soft cheese","Chardonnay, Pinot Noir, Pinot Meunier"
Sokol Blosser Bluebird Cuvée Sparkling 2022,United States,30,3.9,images/Sokol_Blosser_Bluebird_Cuve_Sparkling_2022.png,images/bottle_Sokol_Blosser_Bluebird_Cuve_Sparkling_2022.png,Oregon,Sokol Blosser,"tree fruit, microbio, citrus fruit, earth, tropical fruit, oak, non oak, vegetal, spices, floral, black fruit, red fruit","Shellfish, Any junk food will do, Appetizers and snacks, Lean fish, Aperitif",
Borgo Magredo Prosecco Brut,Italy,14.49,3.6,images/Borgo_Magredo_Prosecco_Brut.png,images/bottle_Borgo_Magredo_Prosecco_Brut.png,Prosecco,Borgo Magredo,"citrus fruit, microbio, tree fruit, spices, earth, non oak, oak","Shellfish, Vegetarian, Appetizers and snacks, Aperitif, Cured Meat",Glera
Joseph Perrier Cuvée Joséphine Brut Champagne 2014,France,230,4.3,images/Joseph_Perrier_Cuve_Josphine_Brut_Champagne_2014.png,images/bottle_Joseph_Perrier_Cuve_Josphine_Brut_Champagne.png,Champagne,Joseph Perrier,"tree fruit, oak, non oak, microbio, citrus fruit, earth, vegetal, spices, floral, tropical fruit, red fruit, dried fruit, black fruit","Pork, Rich fish (salmon, tuna etc), Shellfish, Mild and soft cheese","Chardonnay, Pinot Noir, Pinot Meunier"
Golan Heights Winery Yarden Brut Rosé 2016,Israel,52.99,3.8,images/Golan_Heights_Winery_Yarden_Brut_Ros_2016.png,images/bottle_Golan_Heights_Winery_Yarden_Brut_Ros_2016.png,Galilee,Golan Heights Winery,"red fruit, tree fruit, citrus fruit, microbio, non oak, earth, oak, vegetal, black fruit, spices",,
Sumarroca Gran Brut 2021,Spain,19.99,3.8,images/Sumarroca_Gran_Brut_2021.png,images/bottle_Sumarroca_Gran_Brut_2021.png,Cava,Sumarroca,,"Shellfish, Appetizers and snacks, Lean fish, Aperitif","Xarel-lo, Parellada, Trepat, Viura"
Doyard Clos de l'Abbaye Extra Brut Champagne Premier Cru 2018,France,170,4.3,images/Doyard_Clos_de_lAbbaye_Extra_Brut_Champagne_Premie.png,images/bottle_Doyard_Clos_de_lAbbaye_Extra_Brut_Champagne.png,Champagne Premier Cru,Doyard,"non oak, oak, earth, citrus fruit, tree fruit, microbio, dried fruit, spices, vegetal, black fruit, red fruit, tropical fruit","Pork, Rich fish (salmon, tuna etc), Shellfish, Mild and soft cheese","Chardonnay, Pinot Noir, Pinot Meunier"
Benanti Lamorèmio Brut Rosato 2020,Italy,46.99,4.1,images/Benanti_Lamormio_Brut_Rosato_2020.png,images/bottle_Benanti_Lamormio_Brut_Rosato_2020.png,Etna,Benanti,"red fruit, earth, microbio, citrus fruit, oak, non oak, tree fruit, vegetal","Appetizers and snacks, Aperitif",
Carboniste Corralitos Brut 2019,United States,51,4.2,images/Carboniste_Corralitos_Brut_2019.png,images/bottle_Carboniste_Corralitos_Brut_2019.png,California,Carboniste,"tree fruit, citrus fruit, tropical fruit, microbio, non oak","Shellfish, Appetizers and snacks, Lean fish, Aperitif","Chardonnay, Pinot Noir"
