name,country,price,rating,image_url,bottle_image_url,region,winery,flavor,food_pairing,grapes
Meiomi Pinot Noir,United States,11.99,4.1,images/Meiomi_Pinot_Noir.png,images/bottle_Meiomi_Pinot_Noir.png,California,Meiomi,"oak, red fruit, non oak, spices, black fruit, earth, microbio, dried fruit, vegetal, floral, tree fruit, citrus fruit, tropical fruit","Beef, Veal, Game (deer, venison), Poultry",Pinot Noir
Veuve Clicquot Brut (Carte Jaune) Champagne,France,34.99,4.3,images/Veuve_Clicquot_Brut_Carte_Jaune_Champagne.png,images/bottle_Veuve_Clicquot_Brut_Carte_Jaune_Champagne.png,Champagne,Veuve Clicquot,"tree fruit, citrus fruit, non oak, microbio, oak, earth, vegetal, spices, tropical fruit, red fruit, floral, dried fruit, black fruit","Pork, Rich fish (salmon, tuna etc), Shellfish, Mild and soft cheese","Chardonnay, Pinot Noir, Pinot Meunier"
Louis Jadot Bourgogne Pinot Noir 1997,France,29.27,3.6,images/Louis_Jadot_Bourgogne_Pinot_Noir_1997.png,images/bottle_Louis_Jadot_Bourgogne_Pinot_Noir_1997.png,Bourgogne,Louis Jadot,"red fruit, earth, oak, non oak, black fruit, spices, microbio, floral, vegetal, citrus fruit, dried fruit, tree fruit, tropical fruit","Beef, Veal, Game (deer, venison), Poultry",Pinot Noir
Château de Beaucastel Châteauneuf-du-Pape 1968,France,565,4.4,images/Chteau_de_Beaucastel_Chteauneuf_du_Pape_1968.png,images/bottle_Chteau_de_Beaucastel_Chteauneuf_du_Pape_196.png,Châteauneuf-du-Pape,Château de Beaucastel,"earth, oak, black fruit, red fruit, spices, non oak, dried fruit, microbio, floral, vegetal, citrus fruit, tree fruit, tropical fruit","Lamb, Pork, Poultry","Shiraz/Syrah, Mourvedre, Counoise, Cinsaut, Vaccareze, Muscardin"
Ogier L'Oratoire des Papes Châteauneuf-du-Pape 1978,France,275,4.2,images/Ogier_LOratoire_des_Papes_Chteauneuf_du_Pape_1978.png,images/bottle_Ogier_LOratoire_des_Papes_Chteauneuf_du_Pap.png,Châteauneuf-du-Pape,Ogier,"oak, red fruit, black fruit, spices, earth, non oak, microbio, dried fruit, floral, vegetal, tree fruit, citrus fruit, tropical fruit","Lamb, Pork, Poultry","Shiraz/Syrah, Mourvedre, Counoise, Cinsaut, Vaccareze, Muscardin"
Laurent-Perrier Cuvée Rosé,France,89.99,4.4,images/Laurent_Perrier_Cuve_Ros.png,images/bottle_Laurent_Perrier_Cuve_Ros.png,Champagne,Laurent-Perrier,"red fruit, microbio, citrus fruit, non oak, oak, tree fruit, earth, vegetal, spices, black fruit, floral, tropical fruit, dried fruit","Pork, Rich fish (salmon, tuna etc), Shellfish, Mild and soft cheese","Chardonnay, Pinot Noir, Pinot Meunier"
Domaine du Vieux Télégraphe Châteauneuf-du-Pape (La Crau) 1980,France,292,4.3,images/Domaine_du_Vieux_Tlgraphe_Chteauneuf_du_Pape_La_Cr.png,images/bottle_Domaine_du_Vieux_Tlgraphe_Chteauneuf_du_Pap.png,Châteauneuf-du-Pape,Domaine du Vieux Télégraphe,"earth, oak, red fruit, black fruit, spices, non oak, dried fruit, microbio, floral, vegetal, citrus fruit, tree fruit, tropical fruit","Lamb, Pork, Poultry","Shiraz/Syrah, Mourvedre, Counoise, Cinsaut, Vaccareze, Muscardin"
Belle Glos Dairyman Vineyard Pinot Noir 2023,United States,33.99,4.4,images/Belle_Glos_Dairyman_Vineyard_Pinot_Noir_2023.png,images/bottle_Belle_Glos_Dairyman_Vineyard_Pinot_Noir_202.png,Russian River Valley,Belle Glos,"oak, red fruit, non oak, spices, black fruit, earth, microbio, dried fruit, floral, vegetal, tree fruit, citrus fruit, tropical fruit","Veal, Pork, Poultry, Mushrooms",Pinot Noir
Moët & Chandon Nectar Impérial (Demi-Sec) Champagne,France,52.99,4.2,images/Mot_Chandon_Nectar_Imprial_Demi_Sec_Champagne.png,images/bottle_Mot_Chandon_Nectar_Imprial_Demi_Sec_Champag.png,Champagne,Moët & Chandon,"tree fruit, earth, microbio, citrus fruit, non oak, oak, tropical fruit, spices, red fruit, vegetal, floral, black fruit, dried fruit","Pork, Rich fish (salmon, tuna etc), Shellfish, Mild and soft cheese","Chardonnay, Pinot Noir, Pinot Meunier"
Willamette Valley Vineyards Whole Cluster Pinot Noir 2008,United States,32.84,4.1,images/Willamette_Valley_Vineyards_Whole_Cluster_Pinot_No.png,images/bottle_Willamette_Valley_Vineyards_Whole_Cluster_P.png,Willamette Valley,Willamette Valley Vineyards,"red fruit, oak, earth, non oak, spices, black fruit, microbio, dried fruit, vegetal, floral, citrus fruit, tree fruit, tropical fruit","Beef, Veal, Game (deer, venison), Poultry",Pinot Noir
Piper-Heidsieck Brut Champagne,France,43.99,3.9,images/Piper_Heidsieck_Brut_Champagne.png,images/bottle_Piper_Heidsieck_Brut_Champagne.png,Champagne,Piper-Heidsieck,"tree fruit, non oak, citrus fruit, microbio, oak, earth, vegetal, spices, red fruit, tropical fruit, floral, dried fruit, black fruit","Pork, Rich fish (salmon, tuna etc), Shellfish, Mild and soft cheese","Chardonnay, Pinot Noir, Pinot Meunier"
Henriot Souverain Brut Champagne,France,52.99,4,images/Henriot_Souverain_Brut_Champagne.png,images/bottle_Henriot_Souverain_Brut_Champagne.png,Champagne,Henriot,"tree fruit, non oak, citrus fruit, microbio, oak, earth, vegetal, spices, red fruit, tropical fruit, floral, black fruit, dried fruit","Pork, Rich fish (salmon, tuna etc), Shellfish, Mild and soft cheese","Chardonnay, Pinot Noir, Pinot Meunier"
Terre del Barolo Barolo 1985,Italy,155,3.8,images/Terre_del_Barolo_Barolo_1985.png,images/bottle_Terre_del_Barolo_Barolo_1985.png,Barolo,Terre del Barolo,"oak, earth, red fruit, non oak, spices, black fruit, microbio, floral, dried fruit, citrus fruit, vegetal, tree fruit","Beef, Pasta, Lamb, Game (deer, venison)",Nebbiolo
Drappier Pinot Noir Brut Nature Champagne,France,50.51,4.1,images/Drappier_Pinot_Noir_Brut_Nature_Champagne.png,images/bottle_Drappier_Pinot_Noir_Brut_Nature_Champagne.png,Champagne,Drappier,"tree fruit, citrus fruit, non oak, oak, microbio, earth, red fruit, vegetal, spices, floral, black fruit, tropical fruit, dried fruit","Pork, Rich fish (salmon, tuna etc), Shellfish, Mild and soft cheese","Chardonnay, Pinot Noir, Pinot Meunier"
Bread & Butter Pinot Noir 2021,United States,13.99,4,images/Bread_Butter_Pinot_Noir_2021.png,images/bottle_Bread_Butter_Pinot_Noir_2021.png,Napa Valley,Bread & Butter,"oak, non oak, red fruit, spices, microbio, earth, black fruit, dried fruit, vegetal, floral, citrus fruit, tree fruit, tropical fruit","Beef, Veal, Game (deer, venison), Poultry",Pinot Noir
Paolo Scavino Barolo 1990,Italy,186,4.1,images/Paolo_Scavino_Barolo_1990.png,images/bottle_Paolo_Scavino_Barolo_1990.png,Barolo,Paolo Scavino,"oak, red fruit, earth, non oak, spices, black fruit, floral, microbio, vegetal, dried fruit, citrus fruit, tree fruit, tropical fruit","Beef, Pasta, Lamb, Game (deer, venison)",Nebbiolo
Ceretto Barolo 1964,Italy,489,4.1,images/Ceretto_Barolo_1964.png,images/bottle_Ceretto_Barolo_1964.png,Barolo,Ceretto,"oak, earth, red fruit, non oak, spices, black fruit, microbio, floral, dried fruit, vegetal, citrus fruit, tree fruit, tropical fruit","Beef, Pasta, Lamb, Game (deer, venison)",Nebbiolo
Elk Cove Estate Pinot Noir 2006,United States,45.7,4,images/Elk_Cove_Estate_Pinot_Noir_2006.png,images/bottle_Elk_Cove_Estate_Pinot_Noir_2006.png,Willamette Valley,Elk Cove,"red fruit, oak, earth, non oak, spices, black fruit, microbio, floral, tree fruit, citrus fruit, vegetal, dried fruit, tropical fruit","Beef, Veal, Game (deer, venison), Poultry",Pinot Noir
Notorious Wines Notorious Pink Grenache 2024,France,15.99,4.2,images/Notorious_Wines_Notorious_Pink_Grenache_2024.png,images/bottle_Notorious_Wines_Notorious_Pink_Grenache_202.png,Vin de France,Notorious Wines,"red fruit, citrus fruit, tree fruit, earth, floral, microbio, oak, vegetal, tropical fruit, spices, non oak, black fruit, dried fruit","Rich fish (salmon, tuna etc), Shellfish, Vegetarian, Lean fish, Mild and soft cheese",
Batasiolo Barbaresco 1995,Italy,109,3.8,images/Batasiolo_Barbaresco_1995.png,images/bottle_Batasiolo_Barbaresco_1995.png,Barbaresco,Batasiolo,"red fruit, earth, oak, non oak, spices, black fruit, microbio, floral, vegetal, dried fruit, citrus fruit, tree fruit","Beef, Pasta, Lamb, Game (deer, venison)",Nebbiolo
Domaine de Beaurenard Châteauneuf-du-Pape 1979,France,165,4.1,images/Domaine_de_Beaurenard_Chteauneuf_du_Pape_1979.png,images/bottle_Domaine_de_Beaurenard_Chteauneuf_du_Pape_19.png,Châteauneuf-du-Pape,Domaine de Beaurenard,"oak, earth, black fruit, red fruit, non oak, spices, dried fruit, microbio, floral, tree fruit, vegetal, citrus fruit, tropical fruit","Lamb, Pork, Poultry","Shiraz/Syrah, Mourvedre, Counoise, Cinsaut, Vaccareze, Muscardin"
Le Vieux Donjon Châteauneuf-du-Pape 1990,France,277,4.2,images/Le_Vieux_Donjon_Chteauneuf_du_Pape_1990.png,images/bottle_Le_Vieux_Donjon_Chteauneuf_du_Pape_1990.png,Châteauneuf-du-Pape,Le Vieux Donjon,"oak, earth, black fruit, spices, red fruit, non oak, microbio, dried fruit, floral, vegetal, citrus fruit, tree fruit","Lamb, Pork, Poultry","Shiraz/Syrah, Mourvedre, Counoise, Cinsaut, Vaccareze, Muscardin"
Kosta Browne Russian River Valley Pinot Noir 2023,United States,118,4.6,images/Kosta_Browne_Russian_River_Valley_Pinot_Noir_2023.png,images/bottle_Kosta_Browne_Russian_River_Valley_Pinot_Noi.png,Russian River Valley,Kosta Browne,"red fruit, oak, non oak, spices, black fruit, earth, microbio, vegetal, dried fruit, citrus fruit, floral, tree fruit, tropical fruit","Veal, Pork, Poultry, Mushrooms",Pinot Noir
Bosquet des Papes Châteauneuf-du-Pape (Cuvée Tradition) 1986,France,118,4.1,images/Bosquet_des_Papes_Chteauneuf_du_Pape_Cuve_Traditio.png,images/bottle_Bosquet_des_Papes_Chteauneuf_du_Pape_Cuve_T.png,Châteauneuf-du-Pape,Bosquet des Papes,"oak, earth, red fruit, non oak, spices, black fruit, microbio, dried fruit, floral, vegetal, citrus fruit, tree fruit, tropical fruit","Lamb, Pork, Poultry","Shiraz/Syrah, Mourvedre, Counoise, Cinsaut, Vaccareze, Muscardin"
Olema Pinot Noir 2023,United States,20,3.8,images/Olema_Pinot_Noir_2023.png,images/bottle_Olema_Pinot_Noir_2023.png,Sonoma County,Olema,"red fruit, oak, non oak, earth, spices, black fruit, microbio, floral, dried fruit, vegetal, tree fruit, citrus fruit, tropical fruit","Beef, Veal, Game (deer, venison), Poultry",Pinot Noir
Giacomo Conterno Barolo Cascina Francia 2021,Italy,315,4.5,images/Giacomo_Conterno_Barolo_Cascina_Francia_2021.png,images/bottle_Giacomo_Conterno_Barolo_Cascina_Francia_202.png,Barolo,Giacomo Conterno,"earth, oak, red fruit, spices, non oak, black fruit, microbio, floral, vegetal, citrus fruit, dried fruit, tropical fruit, tree fruit","Beef, Pasta, Lamb, Game (deer, venison)",Nebbiolo
Mumm Napa Brut Rosé,United States,21.49,3.9,images/Mumm_Napa_Brut_Ros.png,images/bottle_Mumm_Napa_Brut_Ros.png,Napa Valley,Mumm Napa,"red fruit, citrus fruit, microbio, tree fruit, non oak, earth, oak, black fruit, vegetal, floral, spices, tropical fruit, dried fruit","Shellfish, Appetizers and snacks, Lean fish, Aperitif","Chardonnay, Pinot Noir"
Marguet Shaman Champagne Grand Cru,France,74.95,4.2,images/Marguet_Shaman_Champagne_Grand_Cru.png,images/bottle_Marguet_Shaman_Champagne_Grand_Cru.png,Champagne Grand Cru,Marguet,"tree fruit, non oak, oak, microbio, citrus fruit, earth, red fruit, vegetal, spices, floral, black fruit, tropical fruit, dried fruit","Pork, Rich fish (salmon, tuna etc), Shellfish, Mild and soft cheese","Chardonnay, Pinot Noir, Pinot Meunier"
Belle Glos Clark & Telephone Vineyard Pinot Noir 2018,United States,57.99,4.4,images/Belle_Glos_Clark_Telephone_Vineyard_Pinot_Noir_201.png,images/bottle_Belle_Glos_Clark_Telephone_Vineyard_Pinot_N.png,Santa Maria Valley,Belle Glos,"oak, red fruit, non oak, black fruit, spices, earth, microbio, dried fruit, floral, vegetal, citrus fruit, tree fruit, tropical fruit","Veal, Pork, Poultry, Mushrooms",Pinot Noir
Marchesi di Gresy Barbaresco Martinenga 1990,Italy,260,4.2,images/Marchesi_di_Gresy_Barbaresco_Martinenga_1990.png,images/bottle_Marchesi_di_Gresy_Barbaresco_Martinenga_199.png,Barbaresco,Marchesi di Gresy,"earth, oak, red fruit, non oak, spices, black fruit, floral, microbio, citrus fruit, dried fruit, vegetal, tree fruit, tropical fruit","Beef, Pasta, Lamb, Game (deer, venison)",Nebbiolo
Moulin Touchais Côteaux du Layon 2010,France,49.99,4.2,images/Moulin_Touchais_Cteaux_du_Layon_2010.png,images/bottle_Moulin_Touchais_Cteaux_du_Layon_2010.png,Côteaux du Layon,Moulin Touchais,"earth, tree fruit, citrus fruit, oak, non oak, microbio, dried fruit, tropical fruit, vegetal, spices, floral, black fruit, red fruit","Mature and hard cheese, Fruity desserts, Blue cheese",Chenin Blanc
Elio Altare Barolo 2021,Italy,92,4.3,images/Elio_Altare_Barolo_2021.png,images/bottle_Elio_Altare_Barolo_2021.png,Barolo,Elio Altare,"earth, oak, red fruit, spices, non oak, black fruit, microbio, floral, dried fruit, vegetal, citrus fruit, tropical fruit, tree fruit","Beef, Pasta, Lamb, Game (deer, venison)",Nebbiolo
Château Pigoudet Première Rosé 2024,France,17.99,3.9,images/Chteau_Pigoudet_Premire_Ros_2024.png,images/bottle_Chteau_Pigoudet_Premire_Ros_2024.png,Coteaux d'Aix-en-Provence,Château Pigoudet,"red fruit, tree fruit, citrus fruit, earth, microbio, vegetal, oak, floral, spices, tropical fruit, non oak, black fruit, dried fruit","Pork, Shellfish, Vegetarian, Poultry","Shiraz/Syrah, Grenache, Cinsault"
Planet Oregon Pinot Noir 2023,United States,24,3.9,images/Planet_Oregon_Pinot_Noir_2023.png,images/bottle_Planet_Oregon_Pinot_Noir_2023.png,Oregon,Planet Oregon,"red fruit, oak, earth, non oak, spices, black fruit, microbio, vegetal, floral, dried fruit, citrus fruit, tree fruit, tropical fruit","Beef, Veal, Game (deer, venison), Poultry",Pinot Noir
Elouan Pinot Noir 2017,United States,17.99,4,images/Elouan_Pinot_Noir_2017.png,images/bottle_Elouan_Pinot_Noir_2017.png,Oregon,Elouan,"red fruit, oak, earth, non oak, spices, black fruit, microbio, dried fruit, vegetal, floral, citrus fruit, tree fruit, tropical fruit","Beef, Veal, Game (deer, venison), Poultry",Pinot Noir
Bartolo Mascarello Barolo 2021,Italy,350,4.4,images/Bartolo_Mascarello_Barolo_2021.png,images/bottle_Bartolo_Mascarello_Barolo_2021.png,Barolo,Bartolo Mascarello,"earth, red fruit, oak, spices, non oak, floral, black fruit, microbio, dried fruit, citrus fruit, vegetal, tree fruit, tropical fruit","Beef, Pasta, Lamb, Game (deer, venison)",Nebbiolo
Domaine du Clos de Tart Clos de Tart Grand Cru Monopole 2021,France,839,4.5,images/Domaine_du_Clos_de_Tart_Clos_de_Tart_Grand_Cru_Mon.png,images/bottle_Domaine_du_Clos_de_Tart_Clos_de_Tart_Grand_.png,Clos de Tart Grand Cru,Domaine du Clos de Tart,"red fruit, earth, oak, black fruit, non oak, spices, floral, microbio, dried fruit, citrus fruit, vegetal, tropical fruit","Beef, Veal, Game (deer, venison), Poultry",Pinot Noir
Copain Tous Ensemble Pinot Noir 2021,United States,55,4.1,images/Copain_Tous_Ensemble_Pinot_Noir_2021.png,images/bottle_Copain_Tous_Ensemble_Pinot_Noir_2021.png,Anderson Valley,Copain,"red fruit, oak, earth, non oak, spices, black fruit, microbio, vegetal, citrus fruit, tree fruit, floral, dried fruit, tropical fruit","Veal, Pork, Poultry, Mushrooms",Pinot Noir
Joseph Drouhin Beaune 1er Cru 'Clos des Mouches' 1981,France,385,4.3,images/Joseph_Drouhin_Beaune_1er_Cru_Clos_des_Mouches_198.png,images/bottle_Joseph_Drouhin_Beaune_1er_Cru_Clos_des_Mouc.png,Beaune 1er Cru 'Le Clos des Mouches',Joseph Drouhin,"red fruit, earth, oak, non oak, spices, black fruit, microbio, citrus fruit, vegetal, floral, dried fruit, tree fruit, tropical fruit","Beef, Veal, Game (deer, venison), Poultry",Pinot Noir
Firesteed Pinot Noir Willamette Valley 2022,United States,12.99,3.7,images/Firesteed_Pinot_Noir_Willamette_Valley_2022.png,images/bottle_Firesteed_Pinot_Noir_Willamette_Valley_2022.png,Willamette Valley,Firesteed,"red fruit, oak, earth, non oak, spices, black fruit, microbio, tree fruit, dried fruit, vegetal, floral, citrus fruit, tropical fruit","Beef, Veal, Game (deer, venison), Poultry",Pinot Noir
Sterling Vineyards Vintner's Collection Pinot Noir 2023,United States,11.99,3.6,images/Sterling_Vineyards_Vintners_Collection_Pinot_Noir_.png,images/bottle_Sterling_Vineyards_Vintners_Collection_Pino.png,California,Sterling Vineyards,"red fruit, oak, earth, non oak, spices, black fruit, microbio, dried fruit, tree fruit, vegetal, citrus fruit, floral","Beef, Veal, Game (deer, venison), Poultry",Pinot Noir
Olema Côtes de Provence 2024,France,13.99,3.9,images/Olema_Ctes_de_Provence_2024.png,images/bottle_Olema_Ctes_de_Provence_2024.png,Côtes de Provence,Olema,"red fruit, tree fruit, citrus fruit, earth, microbio, floral, vegetal, spices, oak, tropical fruit, non oak, black fruit, dried fruit","Pork, Shellfish, Vegetarian, Poultry","Shiraz/Syrah, Grenache, Cinsault"
Domaine Drouhin Lauréne Pinot Noir 2003,United States,139,4.3,images/Domaine_Drouhin_Laurne_Pinot_Noir_2003.png,images/bottle_Domaine_Drouhin_Laurne_Pinot_Noir_2003.png,Dundee Hills,Domaine Drouhin,"red fruit, oak, earth, non oak, spices, black fruit, microbio, floral, vegetal, dried fruit, citrus fruit, tree fruit, tropical fruit","Beef, Veal, Game (deer, venison), Poultry",Pinot Noir
Tarlant Zero Brut Nature Champagne,France,66.99,4.1,images/Tarlant_Zero_Brut_Nature_Champagne.png,images/bottle_Tarlant_Zero_Brut_Nature_Champagne.png,Champagne,Tarlant,"citrus fruit, tree fruit, non oak, earth, microbio, oak, vegetal, red fruit, spices, dried fruit, tropical fruit, floral, black fruit","Pork, Rich fish (salmon, tuna etc), Shellfish, Mild and soft cheese","Chardonnay, Pinot Noir, Pinot Meunier"
Fleury Blanc de Noirs Brut Champagne,France,43.99,4,images/Fleury_Blanc_de_Noirs_Brut_Champagne.png,images/bottle_Fleury_Blanc_de_Noirs_Brut_Champagne.png,Champagne,Fleury,"tree fruit, non oak, citrus fruit, microbio, oak, earth, red fruit, vegetal, spices, floral, dried fruit, black fruit, tropical fruit","Pork, Rich fish (salmon, tuna etc), Shellfish, Mild and soft cheese","Chardonnay, Pinot Noir, Pinot Meunier"
Meiomi Pinot Noir 2022,United States,19.99,3.8,images/Meiomi_Pinot_Noir_2022.png,images/bottle_Meiomi_Pinot_Noir_2022.png,California,Meiomi,"oak, red fruit, non oak, spices, black fruit, earth, microbio, dried fruit, vegetal, floral, tree fruit, citrus fruit, tropical fruit","Beef, Veal, Game (deer, venison), Poultry",Pinot Noir
Maison Noir O.P.P. Pinot Noir 2023,United States,18.99,3.8,images/Maison_Noir_OPP_Pinot_Noir_2023.png,images/bottle_Maison_Noir_OPP_Pinot_Noir_2023.png,Willamette Valley,Maison Noir,"red fruit, earth, oak, non oak, spices, black fruit, microbio, floral, vegetal, dried fruit, tree fruit, citrus fruit, tropical fruit","Beef, Veal, Game (deer, venison), Poultry",Pinot Noir
Charles Heidsieck Rosé Réserve,France,79.99,4.2,images/Charles_Heidsieck_Ros_Rserve.png,images/bottle_Charles_Heidsieck_Ros_Rserve.png,Champagne,Charles Heidsieck,"red fruit, non oak, microbio, oak, citrus fruit, tree fruit, earth, spices, vegetal, black fruit, dried fruit, tropical fruit, floral","Pork, Rich fish (salmon, tuna etc), Shellfish, Mild and soft cheese","Chardonnay, Pinot Noir, Pinot Meunier"
Lucien Albrecht Cremant d'Alsace Brut Rosé,France,19.99,4.1,images/Lucien_Albrecht_Cremant_dAlsace_Brut_Ros.png,images/bottle_Lucien_Albrecht_Cremant_dAlsace_Brut_Ros.png,Crémant d'Alsace,Lucien Albrecht,"red fruit, microbio, tree fruit, citrus fruit, earth, non oak, oak, vegetal, tropical fruit, spices, floral, black fruit, dried fruit","Shellfish, Poultry, Appetizers and snacks, Lean fish, Aperitif","Chardonnay, Pinot Gris, Pinot Noir, Roussanne, Pinot Blanc, Auxerrois"
Produttori del Barbaresco Barbaresco Riserva Ovello 2020,Italy,69.99,4.2,images/Produttori_del_Barbaresco_Barbaresco_Riserva_Ovell.png,images/bottle_Produttori_del_Barbaresco_Barbaresco_Riserv.png,Barbaresco,Produttori del Barbaresco,"earth, red fruit, oak, non oak, spices, black fruit, floral, microbio, dried fruit, citrus fruit, vegetal, tree fruit, tropical fruit","Beef, Pasta, Lamb, Game (deer, venison)",Nebbiolo
Schramsberg Blanc de Noirs Brut 1997,United States,145,4.1,images/Schramsberg_Blanc_de_Noirs_Brut_1997.png,images/bottle_Schramsberg_Blanc_de_Noirs_Brut_1997.png,North Coast,Schramsberg,"tree fruit, microbio, non oak, citrus fruit, oak, earth, vegetal, red fruit, tropical fruit, spices, floral, black fruit, dried fruit","Shellfish, Appetizers and snacks, Lean fish, Aperitif","Chardonnay, Pinot Noir"
Gaja Sorì Tildìn (Barbaresco) Langhe 1981,Italy,570,4.6,images/Gaja_Sor_Tildn_Barbaresco_Langhe_1981.png,images/bottle_Gaja_Sor_Tildn_Barbaresco_Langhe_1981.png,Barbaresco,Gaja,"earth, oak, non oak, red fruit, spices, black fruit, microbio, floral, dried fruit, vegetal, citrus fruit, tree fruit, tropical fruit","Beef, Pasta, Lamb, Game (deer, venison)",Nebbiolo
Produttori del Barbaresco Barbaresco Riserva Rabajà 2020,Italy,85.99,4.2,images/Produttori_del_Barbaresco_Barbaresco_Riserva_Rabaj.png,images/bottle_Produttori_del_Barbaresco_Barbaresco_Riserv.png,Barbaresco,Produttori del Barbaresco,"earth, red fruit, oak, spices, non oak, black fruit, floral, microbio, dried fruit, vegetal, citrus fruit, tree fruit, tropical fruit","Beef, Pasta, Lamb, Game (deer, venison)",Nebbiolo
Cakebread Pinot Noir Two Creeks Vineyards 2023,United States,59.99,4.3,images/Cakebread_Pinot_Noir_Two_Creeks_Vineyards_2023.png,images/bottle_Cakebread_Pinot_Noir_Two_Creeks_Vineyards_2.png,Anderson Valley,Cakebread,"red fruit, oak, earth, non oak, black fruit, spices, microbio, vegetal, tree fruit, floral, dried fruit, citrus fruit, tropical fruit","Veal, Pork, Poultry, Mushrooms",Pinot Noir
San Gregorio Tres Ojos Garnacha 2022,Spain,11.98,3.8,images/San_Gregorio_Tres_Ojos_Garnacha_2022.png,images/bottle_San_Gregorio_Tres_Ojos_Garnacha_2022.png,Calatayud,San Gregorio,"red fruit, earth, oak, black fruit, spices, non oak, microbio, dried fruit, vegetal, tree fruit, floral","Beef, Pasta, Lamb, Game (deer, venison), Poultry",Grenache
Egly-Ouriet Blanc de Noirs Brut Champagne Grand Cru 'Les Crayeres' Ambonnay,France,499.99,4.5,images/Egly_Ouriet_Blanc_de_Noirs_Brut_Champagne_Grand_Cr.png,images/bottle_Egly_Ouriet_Blanc_de_Noirs_Brut_Champagne_G.png,Champagne Grand Cru 'Ambonnay',Egly-Ouriet,"non oak, earth, oak, microbio, tree fruit, citrus fruit, vegetal, spices, red fruit, black fruit, floral, tropical fruit, dried fruit","Pork, Rich fish (salmon, tuna etc), Shellfish, Mild and soft cheese","Chardonnay, Pinot Noir, Pinot Meunier"
Cal Pla Priorat 2004,Spain,63,4,images/Cal_Pla_Priorat_2004.png,images/bottle_Cal_Pla_Priorat_2004.png,Priorat,Cal Pla,"oak, black fruit, earth, non oak, spices, red fruit, microbio, dried fruit, tree fruit, floral, citrus fruit, vegetal, tropical fruit","Beef, Lamb, Game (deer, venison), Poultry","Shiraz/Syrah, Cabernet Sauvignon, Grenache, Carignan"
La Crema Sonoma Coast Pinot Noir 2015,United States,37.84,4,images/La_Crema_Sonoma_Coast_Pinot_Noir_2015.png,images/bottle_La_Crema_Sonoma_Coast_Pinot_Noir_2015.png,Sonoma Coast,La Crema,"red fruit, oak, non oak, earth, spices, black fruit, microbio, vegetal, citrus fruit, dried fruit, floral, tree fruit, tropical fruit","Veal, Pork, Poultry, Mushrooms",Pinot Noir
North Valley Pinot Noir 2022,United States,29.99,4,images/North_Valley_Pinot_Noir_2022.png,images/bottle_North_Valley_Pinot_Noir_2022.png,Willamette Valley,North Valley,"red fruit, oak, earth, spices, black fruit, non oak, microbio, floral, vegetal, citrus fruit, dried fruit, tree fruit, tropical fruit","Beef, Veal, Game (deer, venison), Poultry",Pinot Noir
Drappier Rosé de Saignée Brut Champagne,France,69.99,4,images/Drappier_Ros_de_Saigne_Brut_Champagne.png,images/bottle_Drappier_Ros_de_Saigne_Brut_Champagne.png,Champagne,Drappier,"red fruit, microbio, non oak, citrus fruit, earth, tree fruit, oak, vegetal, floral, spices, black fruit, tropical fruit, dried fruit","Pork, Rich fish (salmon, tuna etc), Shellfish, Mild and soft cheese","Chardonnay, Pinot Noir, Pinot Meunier"
Marchesi di Barolo Barolo Riserva 1945,Italy,850,4.1,images/Marchesi_di_Barolo_Barolo_Riserva_1945.png,images/bottle_Marchesi_di_Barolo_Barolo_Riserva_1945.png,Barolo,Marchesi di Barolo,"oak, earth, red fruit, non oak, black fruit, spices, microbio, floral, citrus fruit, dried fruit, vegetal, tree fruit","Beef, Pasta, Lamb, Game (deer, venison)",Nebbiolo
Domenico Clerico Barolo Ciabot Mentin Ginestra 1988,Italy,413,4.3,images/Domenico_Clerico_Barolo_Ciabot_Mentin_Ginestra_198.png,images/bottle_Domenico_Clerico_Barolo_Ciabot_Mentin_Gines.png,Barolo,Domenico Clerico,"earth, oak, red fruit, black fruit, non oak, spices, floral, dried fruit, microbio, citrus fruit, vegetal, tree fruit, tropical fruit","Beef, Pasta, Lamb, Game (deer, venison)",Nebbiolo
Fontanafredda Barolo Serralunga d'Alba 2014,Italy,53.99,4,images/Fontanafredda_Barolo_Serralunga_dAlba_2014.png,images/bottle_Fontanafredda_Barolo_Serralunga_dAlba_2014.png,Barolo,Fontanafredda,"oak, earth, red fruit, non oak, spices, black fruit, microbio, floral, dried fruit, citrus fruit, vegetal, tree fruit, tropical fruit","Beef, Pasta, Lamb, Game (deer, venison)",Nebbiolo
Ulysse Collin Les Maillons Blanc de Noirs Extra Brut Champagne,France,449.99,4.4,images/Ulysse_Collin_Les_Maillons_Blanc_de_Noirs_Extra_Br.png,images/bottle_Ulysse_Collin_Les_Maillons_Blanc_de_Noirs_E.png,Champagne,Ulysse Collin,"earth, non oak, oak, tree fruit, microbio, citrus fruit, red fruit, vegetal, spices, tropical fruit, floral, dried fruit, black fruit","Pork, Rich fish (salmon, tuna etc), Shellfish, Mild and soft cheese","Chardonnay, Pinot Noir, Pinot Meunier"
Domaine du Cayron Gigondas 1990,France,135,4,images/Domaine_du_Cayron_Gigondas_1990.png,images/bottle_Domaine_du_Cayron_Gigondas_1990.png,Gigondas,Domaine du Cayron,"black fruit, oak, earth, red fruit, spices, non oak, dried fruit, floral, vegetal, microbio, tree fruit, citrus fruit, tropical fruit","Beef, Lamb, Game (deer, venison)","Shiraz/Syrah, Grenache, Mourvedre"
Domaine Marquis d'Angerville Volnay Champans 1er Cru 2022,France,215,4.3,images/Domaine_Marquis_dAngerville_Volnay_Champans_1er_Cr.png,images/bottle_Domaine_Marquis_dAngerville_Volnay_Champans.png,Volnay 1er Cru 'Champans',Domaine Marquis d'Angerville,"red fruit, earth, oak, spices, non oak, black fruit, microbio, floral, vegetal, citrus fruit, dried fruit, tree fruit, tropical fruit","Beef, Veal, Game (deer, venison), Poultry",Pinot Noir
E. Pira & Figli Chiara Boschis Cannubi Barolo 2021,Italy,169.99,4.4,images/E_Pira_Figli_Chiara_Boschis_Cannubi_Barolo_2021.png,images/bottle_E_Pira_Figli_Chiara_Boschis_Cannubi_Barolo_.png,Barolo,E. Pira & Figli Chiara Boschis,"earth, oak, red fruit, spices, non oak, black fruit, microbio, floral, citrus fruit, vegetal, dried fruit, tree fruit","Beef, Pasta, Lamb, Game (deer, venison)",Nebbiolo
Domaine Comte Georges de Vogüé Chambolle-Musigny 2021,France,394.99,4.3,images/Domaine_Comte_Georges_de_Vog_Chambolle_Musigny_202.png,images/bottle_Domaine_Comte_Georges_de_Vog_Chambolle_Musi.png,Chambolle-Musigny,Domaine Comte Georges de Vogüé,"red fruit, earth, oak, black fruit, spices, non oak, microbio, floral, vegetal, dried fruit, citrus fruit, tree fruit","Beef, Veal, Game (deer, venison), Poultry",Pinot Noir
Domaine Jean Grivot Vosne-Romanée 2022,France,159.99,4.2,images/Domaine_Jean_Grivot_Vosne_Romane_2022.png,images/bottle_Domaine_Jean_Grivot_Vosne_Romane_2022.png,Vosne-Romanée,Domaine Jean Grivot,"red fruit, earth, oak, spices, non oak, black fruit, microbio, floral, vegetal, dried fruit, citrus fruit, tree fruit","Beef, Veal, Game (deer, venison), Poultry",Pinot Noir
Lingua Franca Avni Pinot Noir 2023,United States,37.99,4.2,images/Lingua_Franca_Avni_Pinot_Noir_2023.png,images/bottle_Lingua_Franca_Avni_Pinot_Noir_2023.png,Eola-Amity Hills,Lingua Franca,"red fruit, earth, oak, non oak, spices, black fruit, microbio, floral, dried fruit, vegetal, citrus fruit, tropical fruit, tree fruit","Beef, Veal, Game (deer, venison), Poultry",Pinot Noir
PAITIN Barbaresco Sori' Paitin 1995,Italy,125,4.1,images/PAITIN_Barbaresco_Sori_Paitin_1995.png,images/bottle_PAITIN_Barbaresco_Sori_Paitin_1995.png,Barbaresco,PAITIN,"earth, red fruit, oak, non oak, spices, black fruit, floral, microbio, dried fruit, vegetal, citrus fruit, tree fruit, tropical fruit","Beef, Pasta, Lamb, Game (deer, venison)",Nebbiolo
Domaine des Comtes Lafon Volnay Santenots-Du-Milieu Premier Cru 1985,France,698,4.3,images/Domaine_des_Comtes_Lafon_Volnay_Santenots_Du_Milie.png,images/bottle_Domaine_des_Comtes_Lafon_Volnay_Santenots_D.png,Volnay Premier Cru,Domaine des Comtes Lafon,"red fruit, earth, oak, black fruit, non oak, spices, floral, microbio, dried fruit, vegetal, citrus fruit, tree fruit","Beef, Veal, Game (deer, venison), Poultry",Pinot Noir
Michel Gros Vosne-Romanée 1er Cru 'Clos des Réas' 2022,France,195,4.3,images/Michel_Gros_Vosne_Romane_1er_Cru_Clos_des_Ras_2022.png,images/bottle_Michel_Gros_Vosne_Romane_1er_Cru_Clos_des_R.png,Vosne-Romanée 1er Cru 'Clos des Reas',Michel Gros,"red fruit, earth, oak, spices, non oak, black fruit, microbio, floral, vegetal, dried fruit, citrus fruit, tropical fruit","Beef, Veal, Game (deer, venison), Poultry",Pinot Noir
Laherte Freres Ultradition Extra-Brut Champagne,France,53,4.1,images/Laherte_Freres_Ultradition_Extra_Brut_Champagne.png,images/bottle_Laherte_Freres_Ultradition_Extra_Brut_Champ.png,Champagne,Laherte Freres,"tree fruit, non oak, oak, citrus fruit, microbio, earth, vegetal, red fruit, spices, floral, tropical fruit, dried fruit, black fruit","Pork, Rich fish (salmon, tuna etc), Shellfish, Mild and soft cheese","Chardonnay, Pinot Noir, Pinot Meunier"
Malma - NQN Pinot Noir Finca La Papay 2024,Argentina,10.99,3.7,images/Malma_NQN_Pinot_Noir_Finca_La_Papay_2024.png,images/bottle_Malma_NQN_Pinot_Noir_Finca_La_Papay_2024.png,Patagonia,Malma - NQN,"red fruit, oak, earth, non oak, microbio, spices, black fruit, tropical fruit, vegetal, tree fruit, citrus fruit","Beef, Veal, Game (deer, venison), Poultry",Pinot Noir
Luigi Baudana Barolo Serralunga 2021,Italy,119,4.2,images/Luigi_Baudana_Barolo_Serralunga_2021.png,images/bottle_Luigi_Baudana_Barolo_Serralunga_2021.png,Barolo,Luigi Baudana,"earth, oak, red fruit, non oak, spices, black fruit, floral, microbio, dried fruit, vegetal, citrus fruit, tree fruit, tropical fruit","Beef, Pasta, Lamb, Game (deer, venison)",Nebbiolo
Amici Russian River Valley Pinot Noir 2023,United States,40,4.2,images/Amici_Russian_River_Valley_Pinot_Noir_2023.png,images/bottle_Amici_Russian_River_Valley_Pinot_Noir_2023.png,Russian River Valley,Amici,"red fruit, oak, earth, non oak, spices, black fruit, microbio, dried fruit, vegetal, floral, citrus fruit, tree fruit, tropical fruit","Veal, Pork, Poultry, Mushrooms",Pinot Noir
Maison l'Envoye Two Messengers Pinot Noir 2022,United States,29.99,4,images/Maison_lEnvoye_Two_Messengers_Pinot_Noir_2022.png,images/bottle_Maison_lEnvoye_Two_Messengers_Pinot_Noir_20.png,Willamette Valley,Maison l'Envoye,"red fruit, earth, oak, non oak, spices, black fruit, microbio, vegetal, floral, dried fruit, citrus fruit, tree fruit","Beef, Veal, Game (deer, venison), Poultry",Pinot Noir
Famille Bougrier Roche Fleurie Chenin Blanc Vouvray 2023,France,16.97,3.8,images/Famille_Bougrier_Roche_Fleurie_Chenin_Blanc_Vouvra.png,images/bottle_Famille_Bougrier_Roche_Fleurie_Chenin_Blanc.png,Vouvray,Famille Bougrier,"tree fruit, earth, citrus fruit, microbio, oak, tropical fruit, non oak, spices, floral, vegetal, red fruit, dried fruit, black fruit","Rich fish (salmon, tuna etc), Vegetarian, Poultry, Mild and soft cheese",Chenin Blanc
Domaine Font de Michelle Châteauneuf-du-Pape 1990,France,186,4.1,images/Domaine_Font_de_Michelle_Chteauneuf_du_Pape_1990.png,images/bottle_Domaine_Font_de_Michelle_Chteauneuf_du_Pape.png,Châteauneuf-du-Pape,Domaine Font de Michelle,"oak, black fruit, earth, red fruit, spices, non oak, microbio, dried fruit, tree fruit, floral, vegetal, citrus fruit, tropical fruit","Lamb, Pork, Poultry","Shiraz/Syrah, Mourvedre, Counoise, Cinsaut, Vaccareze, Muscardin"
Gaja Costa Russi (Barbaresco) Langhe 2021,Italy,899.99,4.6,images/Gaja_Costa_Russi_Barbaresco_Langhe_2021.png,images/bottle_Gaja_Costa_Russi_Barbaresco_Langhe_2021.png,Barbaresco,Gaja,"earth, oak, black fruit, red fruit, non oak, spices, microbio, floral, vegetal, dried fruit, citrus fruit, tree fruit","Beef, Pasta, Lamb, Game (deer, venison)",Nebbiolo
Burn Cottage Moonlight Race Pinot Noir 2023,New Zealand,46.99,4.1,images/Burn_Cottage_Moonlight_Race_Pinot_Noir_2023.png,images/bottle_Burn_Cottage_Moonlight_Race_Pinot_Noir_2023.png,Central Otago,Burn Cottage,"red fruit, earth, oak, non oak, spices, black fruit, microbio, floral, vegetal, dried fruit, citrus fruit, tropical fruit, tree fruit","Beef, Veal, Game (deer, venison), Mushrooms",Pinot Noir
Domaine Faiveley Corton Clos des Cortons Faiveley Grand Cru (Monopole) 1991,France,480,4.2,images/Domaine_Faiveley_Corton_Clos_des_Cortons_Faiveley_.png,images/bottle_Domaine_Faiveley_Corton_Clos_des_Cortons_Fa.png,Corton Grand Cru,Domaine Faiveley,"earth, red fruit, oak, spices, black fruit, non oak, microbio, floral, dried fruit, vegetal, citrus fruit, tropical fruit, tree fruit","Beef, Veal, Game (deer, venison), Poultry",Pinot Noir
Bouchard Père & Fils Volnay Premier Cru Caillerets Ancienne Cuvée Carnot 2021,France,160,4.2,images/Bouchard_Pre_Fils_Volnay_Premier_Cru_Caillerets_An.png,images/bottle_Bouchard_Pre_Fils_Volnay_Premier_Cru_Caille.png,Volnay Premier Cru,Bouchard Père & Fils,"red fruit, earth, oak, non oak, spices, black fruit, microbio, floral, vegetal, dried fruit, citrus fruit, tree fruit, tropical fruit","Beef, Veal, Game (deer, venison), Poultry",Pinot Noir
Joseph Drouhin Vosne-Romanée 2022,France,147,4.2,images/Joseph_Drouhin_Vosne_Romane_2022.png,images/bottle_Joseph_Drouhin_Vosne_Romane_2022.png,Vosne-Romanée,Joseph Drouhin,"red fruit, earth, oak, non oak, spices, microbio, black fruit, floral, dried fruit, citrus fruit, vegetal, tree fruit","Beef, Veal, Game (deer, venison), Poultry",Pinot Noir
G.H. Mumm (Cordon Rouge) Le Rosé Brut Champagne,France,59.99,3.9,images/GH_Mumm_Cordon_Rouge_Le_Ros_Brut_Champagne.png,images/bottle_GH_Mumm_Cordon_Rouge_Le_Ros_Brut_Champagne.png,Champagne,G.H. Mumm,"red fruit, citrus fruit, microbio, non oak, oak, tree fruit, earth, spices, vegetal, floral, tropical fruit, black fruit, dried fruit","Pork, Rich fish (salmon, tuna etc), Shellfish, Mild and soft cheese","Chardonnay, Pinot Noir, Pinot Meunier"
Mongeard-Mugneret Vosne-Romanée 2022,France,156.99,4.2,images/Mongeard_Mugneret_Vosne_Romane_2022.png,images/bottle_Mongeard_Mugneret_Vosne_Romane_2022.png,Vosne-Romanée,Mongeard-Mugneret,"red fruit, oak, earth, non oak, black fruit, spices, microbio, floral, vegetal, citrus fruit, dried fruit, tropical fruit, tree fruit","Beef, Veal, Game (deer, venison), Poultry",Pinot Noir
Cloudline Pinot Noir 2018,United States,27.01,3.8,images/Cloudline_Pinot_Noir_2018.png,images/bottle_Cloudline_Pinot_Noir_2018.png,Willamette Valley,Cloudline,"red fruit, earth, oak, non oak, spices, black fruit, microbio, vegetal, floral, dried fruit, citrus fruit, tree fruit, tropical fruit","Beef, Veal, Game (deer, venison), Poultry",Pinot Noir
Erath Pinot Noir 2016,United States,15.99,3.7,images/Erath_Pinot_Noir_2016.png,images/bottle_Erath_Pinot_Noir_2016.png,Oregon,Erath,"red fruit, earth, oak, non oak, spices, black fruit, microbio, vegetal, citrus fruit, dried fruit, floral, tree fruit, tropical fruit","Beef, Veal, Game (deer, venison), Poultry",Pinot Noir
Domaine Comte Georges de Vogüé Bonnes-Mares Grand Cru 1987,France,740,4.5,images/Domaine_Comte_Georges_de_Vog_Bonnes_Mares_Grand_Cr.png,images/bottle_Domaine_Comte_Georges_de_Vog_Bonnes_Mares_G.png,Bonnes-Mares Grand Cru,Domaine Comte Georges de Vogüé,"earth, red fruit, oak, black fruit, non oak, spices, microbio, floral, dried fruit, vegetal, citrus fruit, tree fruit, tropical fruit","Beef, Veal, Game (deer, venison), Poultry",Pinot Noir
Schug Pinot Noir 2023,United States,16.99,3.8,images/Schug_Pinot_Noir_2023.png,images/bottle_Schug_Pinot_Noir_2023.png,Sonoma Coast,Schug,"red fruit, oak, earth, non oak, spices, black fruit, microbio, floral, vegetal, dried fruit, tree fruit, citrus fruit, tropical fruit","Veal, Pork, Poultry, Mushrooms",Pinot Noir
Louis Jadot Clos Vougeot Grand Cru 1991,France,378,4.3,images/Louis_Jadot_Clos_Vougeot_Grand_Cru_1991.png,images/bottle_Louis_Jadot_Clos_Vougeot_Grand_Cru_1991.png,Clos Vougeot Grand Cru,Louis Jadot,"red fruit, earth, oak, non oak, black fruit, microbio, spices, floral, dried fruit, vegetal, citrus fruit, tree fruit, tropical fruit","Beef, Veal, Game (deer, venison), Poultry",Pinot Noir
Pali Wine Co. Huntington Pinot Noir 2022,United States,26.99,3.9,images/Pali_Wine_Co_Huntington_Pinot_Noir_2022.png,images/bottle_Pali_Wine_Co_Huntington_Pinot_Noir_2022.png,Santa Barbara County,Pali Wine Co.,"red fruit, oak, earth, non oak, black fruit, spices, microbio, dried fruit, vegetal, tree fruit, floral, citrus fruit, tropical fruit","Beef, Veal, Game (deer, venison), Poultry",Pinot Noir
Domaine Pavelot - Jean-Marc et Hughes Savigny-les-Beaune Rouge 2002,France,68,3.9,images/Domaine_Pavelot_Jean_Marc_et_Hughes_Savigny_les_Be.png,images/bottle_Domaine_Pavelot_Jean_Marc_et_Hughes_Savigny.png,Savigny-lès-Beaune,Domaine Pavelot - Jean-Marc et Hughes,"red fruit, earth, oak, spices, non oak, black fruit, microbio, floral, dried fruit, tree fruit, citrus fruit, vegetal","Beef, Veal, Game (deer, venison), Poultry",Pinot Noir
Elio Altare Arborina Barolo 2021,Italy,125,4.4,images/Elio_Altare_Arborina_Barolo_2021.png,images/bottle_Elio_Altare_Arborina_Barolo_2021.png,Barolo,Elio Altare,"earth, oak, red fruit, spices, black fruit, non oak, floral, microbio, vegetal, dried fruit, citrus fruit, tree fruit","Beef, Pasta, Lamb, Game (deer, venison)",Nebbiolo
Domaine Trapet Chambertin Grand Cru 2020,France,975,4.4,images/Domaine_Trapet_Chambertin_Grand_Cru_2020.png,images/bottle_Domaine_Trapet_Chambertin_Grand_Cru_2020.png,Chambertin Grand Cru,Domaine Trapet,"earth, oak, red fruit, black fruit, non oak, microbio, spices, floral, dried fruit, vegetal, tree fruit, citrus fruit","Beef, Veal, Game (deer, venison), Poultry",Pinot Noir
Calera Pinot Noir Jensen Vineyard 2002,United States,199,4.3,images/Calera_Pinot_Noir_Jensen_Vineyard_2002.png,images/bottle_Calera_Pinot_Noir_Jensen_Vineyard_2002.png,Mount Harlan,Calera,"red fruit, earth, oak, black fruit, non oak, spices, floral, microbio, vegetal, dried fruit, citrus fruit, tree fruit, tropical fruit","Beef, Veal, Game (deer, venison), Poultry",Pinot Noir
Travaglini Gattinara 2018,Italy,37.99,4.1,images/Travaglini_Gattinara_2018.png,images/bottle_Travaglini_Gattinara_2018.png,Gattinara,Travaglini,"red fruit, earth, oak, non oak, spices, black fruit, microbio, floral, dried fruit, vegetal, citrus fruit, tree fruit, tropical fruit","Beef, Lamb, Game (deer, venison), Poultry",Nebbiolo
Ghislaine Barthod Chambolle-Musigny 2022,France,138,4.2,images/Ghislaine_Barthod_Chambolle_Musigny_2022.png,images/bottle_Ghislaine_Barthod_Chambolle_Musigny_2022.png,Chambolle-Musigny,Ghislaine Barthod,"red fruit, earth, oak, non oak, spices, black fruit, floral, microbio, vegetal, citrus fruit, tree fruit, dried fruit, tropical fruit","Beef, Veal, Game (deer, venison), Poultry",Pinot Noir
Alexana Terroir Series Pinot Noir 2023,United States,36.99,4.2,images/Alexana_Terroir_Series_Pinot_Noir_2023.png,images/bottle_Alexana_Terroir_Series_Pinot_Noir_2023.png,Willamette Valley,Alexana,"red fruit, oak, non oak, earth, spices, black fruit, microbio, citrus fruit, dried fruit, floral, vegetal, tree fruit, tropical fruit","Beef, Veal, Game (deer, venison), Poultry",Pinot Noir
Paul Bara Grand Rosé Brut Champagne Grand Cru 'Bouzy',France,76,4.1,images/Paul_Bara_Grand_Ros_Brut_Champagne_Grand_Cru_Bouzy.png,images/bottle_Paul_Bara_Grand_Ros_Brut_Champagne_Grand_Cr.png,Champagne Grand Cru 'Bouzy',Paul Bara,"red fruit, citrus fruit, tree fruit, microbio, non oak, oak, earth, vegetal, spices, floral, tropical fruit, black fruit, dried fruit","Pork, Rich fish (salmon, tuna etc), Shellfish, Mild and soft cheese","Chardonnay, Pinot Noir, Pinot Meunier"
Bench Pinot Noir 2023,United States,19.99,3.8,images/Bench_Pinot_Noir_2023.png,images/bottle_Bench_Pinot_Noir_2023.png,Knights Valley,Bench,"red fruit, oak, non oak, earth, black fruit, spices, microbio, dried fruit, floral, vegetal, tree fruit, citrus fruit, tropical fruit","Beef, Veal, Game (deer, venison), Poultry",Pinot Noir
Ponzi Pinot Noir 2021,United States,43,4,images/Ponzi_Pinot_Noir_2021.png,images/bottle_Ponzi_Pinot_Noir_2021.png,Willamette Valley,Ponzi,"red fruit, oak, earth, non oak, spices, black fruit, microbio, dried fruit, tree fruit, floral, vegetal, citrus fruit, tropical fruit","Beef, Veal, Game (deer, venison), Poultry",Pinot Noir
Mouzon Leroux l'Atavique Tradition Champagne Grand Cru 'Verzy',France,70,4.1,images/Mouzon_Leroux_lAtavique_Tradition_Champagne_Grand_.png,images/bottle_Mouzon_Leroux_lAtavique_Tradition_Champagne.png,Champagne Grand Cru 'Verzy',Mouzon Leroux,"tree fruit, citrus fruit, microbio, non oak, oak, earth, vegetal, spices, floral, black fruit, red fruit, dried fruit, tropical fruit","Pork, Rich fish (salmon, tuna etc), Shellfish, Mild and soft cheese","Chardonnay, Pinot Noir, Pinot Meunier"
Vouette et Sorbée Fidèle Champagne Brut Nature,France,215,4.3,images/Vouette_et_Sorbe_Fidle_Champagne_Brut_Nature.png,images/bottle_Vouette_et_Sorbe_Fidle_Champagne_Brut_Natur.png,Champagne,Vouette et Sorbée,"tree fruit, non oak, oak, earth, microbio, citrus fruit, red fruit, vegetal, spices, floral, black fruit, tropical fruit, dried fruit","Pork, Rich fish (salmon, tuna etc), Shellfish, Mild and soft cheese","Chardonnay, Pinot Noir, Pinot Meunier"
Bollinger PN VZ Brut Champagne,France,142,4.4,images/Bollinger_PN_VZ_Brut_Champagne.png,images/bottle_Bollinger_PN_VZ_Brut_Champagne.png,Champagne,Bollinger,"tree fruit, non oak, oak, microbio, citrus fruit, earth, red fruit, vegetal, spices, floral, black fruit, dried fruit, tropical fruit","Pork, Rich fish (salmon, tuna etc), Shellfish, Mild and soft cheese","Chardonnay, Pinot Noir, Pinot Meunier"
Giacomo Fenocchio Barolo Villero 2021,Italy,116.99,4.2,images/Giacomo_Fenocchio_Barolo_Villero_2021.png,images/bottle_Giacomo_Fenocchio_Barolo_Villero_2021.png,Barolo,Giacomo Fenocchio,"earth, red fruit, oak, non oak, spices, black fruit, floral, microbio, dried fruit, vegetal, citrus fruit, tree fruit, tropical fruit","Beef, Pasta, Lamb, Game (deer, venison)",Nebbiolo
Dom Pérignon Brut Rosé Champagne 2006,France,399.99,4.6,images/Dom_Prignon_Brut_Ros_Champagne_2006.png,images/bottle_Dom_Prignon_Brut_Ros_Champagne_2006.png,Champagne,Dom Pérignon,"red fruit, non oak, microbio, earth, oak, citrus fruit, tree fruit, spices, vegetal, dried fruit, black fruit, floral, tropical fruit","Pork, Rich fish (salmon, tuna etc), Shellfish, Mild and soft cheese","Chardonnay, Pinot Noir, Pinot Meunier"
Bodega Marañones Marañones Garnacha 2022,Spain,35.99,3.7,images/Bodega_Maraones_Maraones_Garnacha_2022.png,images/bottle_Bodega_Maraones_Maraones_Garnacha_2022.png,Madrid,Bodega Marañones,"red fruit, oak, spices, earth, non oak, black fruit, floral, microbio, vegetal, dried fruit, tropical fruit, tree fruit","Beef, Pasta, Lamb, Game (deer, venison), Poultry",Grenache
Famille Moutard Grande Cuvée Brut Champagne,France,39.99,3.9,images/Famille_Moutard_Grande_Cuve_Brut_Champagne.png,images/bottle_Famille_Moutard_Grande_Cuve_Brut_Champagne.png,Champagne,Famille Moutard,"tree fruit, non oak, microbio, oak, citrus fruit, earth, vegetal, red fruit, tropical fruit, spices, black fruit, floral, dried fruit","Pork, Rich fish (salmon, tuna etc), Shellfish, Mild and soft cheese","Chardonnay, Pinot Noir, Pinot Meunier"
Bacchus Ginger's Cuvée Pinot Noir 2023,United States,16,3.8,images/Bacchus_Gingers_Cuve_Pinot_Noir_2023.png,images/bottle_Bacchus_Gingers_Cuve_Pinot_Noir_2023.png,California,Bacchus,"red fruit, oak, earth, non oak, spices, black fruit, microbio, dried fruit, vegetal, floral, tree fruit, citrus fruit","Beef, Veal, Game (deer, venison), Poultry",Pinot Noir
Lola California Pinot Noir 2022,United States,29.99,4.1,images/Lola_California_Pinot_Noir_2022.png,images/bottle_Lola_California_Pinot_Noir_2022.png,California,Lola,"oak, red fruit, non oak, spices, black fruit, earth, microbio, dried fruit, floral, tree fruit, citrus fruit, vegetal, tropical fruit","Beef, Veal, Game (deer, venison), Poultry",Pinot Noir
Produttori del Barbaresco Barbaresco Riserva Asili 1990,Italy,395,4.2,images/Produttori_del_Barbaresco_Barbaresco_Riserva_Asili.png,images/bottle_Produttori_del_Barbaresco_Barbaresco_Riserv.png,Barbaresco,Produttori del Barbaresco,"earth, red fruit, oak, non oak, spices, black fruit, microbio, floral, citrus fruit, dried fruit, vegetal, tree fruit","Beef, Pasta, Lamb, Game (deer, venison)",Nebbiolo
Domaine de la Côte Blooms Field Pinot Noir 2023,United States,109.99,4.3,images/Domaine_de_la_Cte_Blooms_Field_Pinot_Noir_2023.png,images/bottle_Domaine_de_la_Cte_Blooms_Field_Pinot_Noir_2.png,Sta. Rita Hills,Domaine de la Côte,"red fruit, earth, oak, spices, non oak, microbio, black fruit, floral, vegetal, citrus fruit, dried fruit, tree fruit, tropical fruit","Veal, Pork, Poultry, Mushrooms",Pinot Noir
Juggernaut Pinot Noir 2020,United States,16.99,4.1,images/Juggernaut_Pinot_Noir_2020.png,images/bottle_Juggernaut_Pinot_Noir_2020.png,Russian River Valley,Juggernaut,"red fruit, oak, earth, non oak, spices, black fruit, microbio, vegetal, floral, dried fruit, citrus fruit, tree fruit, tropical fruit","Veal, Pork, Poultry, Mushrooms",Pinot Noir
Comm. G.B. Burlotto Barolo 2021,Italy,99,4.1,images/Comm_GB_Burlotto_Barolo_2021.png,images/bottle_Comm_GB_Burlotto_Barolo_2021.png,Barolo,Comm. G.B. Burlotto,"red fruit, oak, earth, non oak, spices, black fruit, microbio, floral, dried fruit, citrus fruit, vegetal, tree fruit, tropical fruit","Beef, Pasta, Lamb, Game (deer, venison)",Nebbiolo
De Forville Barbaresco 2022,Italy,39.99,4,images/De_Forville_Barbaresco_2022.png,images/bottle_De_Forville_Barbaresco_2022.png,Barbaresco,De Forville,"earth, red fruit, oak, non oak, black fruit, spices, floral, microbio, vegetal, dried fruit, tree fruit, citrus fruit","Beef, Pasta, Lamb, Game (deer, venison)",Nebbiolo
Batasiolo Barolo 2009,Italy,29.37,3.9,images/Batasiolo_Barolo_2009.png,images/bottle_Batasiolo_Barolo_2009.png,Barolo,Batasiolo,"oak, earth, red fruit, non oak, black fruit, spices, microbio, floral, dried fruit, vegetal, citrus fruit, tree fruit, tropical fruit","Beef, Pasta, Lamb, Game (deer, venison)",Nebbiolo
Oddero Barbaresco Gallina 1967,Italy,299.99,4.1,images/Oddero_Barbaresco_Gallina_1967.png,images/bottle_Oddero_Barbaresco_Gallina_1967.png,Barbaresco,Oddero,"red fruit, oak, earth, non oak, spices, floral, black fruit, microbio, dried fruit, vegetal, citrus fruit","Beef, Pasta, Lamb, Game (deer, venison)",Nebbiolo
Roagna Pajè Barbaresco 2019,Italy,200,4.4,images/Roagna_Paj_Barbaresco_2019.png,images/bottle_Roagna_Paj_Barbaresco_2019.png,Barbaresco,Roagna,"earth, oak, red fruit, non oak, spices, floral, black fruit, microbio, dried fruit, vegetal, citrus fruit","Beef, Pasta, Lamb, Game (deer, venison)",Nebbiolo
Domaine des Héritiers Louis Jadot Beaune 1er Cru Clos des Ursules 1969,France,440,4.1,images/Domaine_des_Hritiers_Louis_Jadot_Beaune_1er_Cru_Cl.png,images/bottle_Domaine_des_Hritiers_Louis_Jadot_Beaune_1er.png,Beaune Premier Cru,Domaine des Héritiers Louis Jadot,"red fruit, earth, oak, non oak, spices, black fruit, microbio, floral, citrus fruit, vegetal, tree fruit, dried fruit, tropical fruit","Beef, Veal, Game (deer, venison), Poultry",Pinot Noir
Le Colline Limited Edition Pinot Noir 2023,Italy,11.97,3.6,images/Le_Colline_Limited_Edition_Pinot_Noir_2023.png,images/bottle_Le_Colline_Limited_Edition_Pinot_Noir_2023.png,delle Venezie,Le Colline,"red fruit, oak, black fruit, earth, non oak, spices, microbio, citrus fruit, dried fruit, floral, vegetal, tree fruit","Beef, Veal, Game (deer, venison), Poultry",Pinot Noir
Big Table Farm Pinot Noir 2023,United States,54.99,4.3,images/Big_Table_Farm_Pinot_Noir_2023.png,images/bottle_Big_Table_Farm_Pinot_Noir_2023.png,Willamette Valley,Big Table Farm,"red fruit, earth, oak, non oak, spices, black fruit, microbio, floral, citrus fruit, dried fruit, vegetal, tree fruit, tropical fruit","Beef, Veal, Game (deer, venison), Poultry",Pinot Noir
Château Rayas Pignan Châteauneuf-du-Pape Réserve Rouge 1994,France,400,4.6,images/Chteau_Rayas_Pignan_Chteauneuf_du_Pape_Rserve_Roug.png,images/bottle_Chteau_Rayas_Pignan_Chteauneuf_du_Pape_Rser.png,Châteauneuf-du-Pape,Château Rayas,"red fruit, earth, spices, oak, black fruit, non oak, dried fruit, microbio, floral, citrus fruit, vegetal, tropical fruit","Lamb, Pork, Poultry","Shiraz/Syrah, Mourvedre, Counoise, Cinsaut, Vaccareze, Muscardin"
Belle Glos Las Alturas Vineyard Pinot Noir 2021,United States,44.99,4.3,images/Belle_Glos_Las_Alturas_Vineyard_Pinot_Noir_2021.png,images/bottle_Belle_Glos_Las_Alturas_Vineyard_Pinot_Noir_.png,Santa Lucia Highlands,Belle Glos,"oak, red fruit, black fruit, non oak, spices, earth, microbio, dried fruit, floral, vegetal, citrus fruit, tree fruit, tropical fruit","Veal, Pork, Poultry, Mushrooms",Pinot Noir
Pegau Châteauneuf-du-Pape Cuvée Laurence 1990,France,930,4.3,images/Pegau_Chteauneuf_du_Pape_Cuve_Laurence_1990.png,images/bottle_Pegau_Chteauneuf_du_Pape_Cuve_Laurence_1990.png,Châteauneuf-du-Pape,Pegau,"earth, oak, black fruit, spices, non oak, red fruit, floral, dried fruit, microbio, vegetal, citrus fruit, tree fruit, tropical fruit","Lamb, Pork, Poultry","Shiraz/Syrah, Mourvedre, Counoise, Cinsaut, Vaccareze, Muscardin"
Produttori del Barbaresco Barbaresco Riserva Montefico 2020,Italy,76,4.2,images/Produttori_del_Barbaresco_Barbaresco_Riserva_Monte.png,images/bottle_Produttori_del_Barbaresco_Barbaresco_Riserv.png,Barbaresco,Produttori del Barbaresco,"earth, red fruit, oak, spices, non oak, black fruit, floral, dried fruit, microbio, vegetal, citrus fruit, tree fruit","Beef, Pasta, Lamb, Game (deer, venison)",Nebbiolo
Álvaro Palacios Camins del Priorat 2022,Spain,32,4.1,images/lvaro_Palacios_Camins_del_Priorat_2022.png,images/bottle_lvaro_Palacios_Camins_del_Priorat_2022.png,Priorat,Álvaro Palacios,"oak, black fruit, red fruit, earth, non oak, spices, floral, dried fruit, microbio, vegetal, citrus fruit, tree fruit, tropical fruit","Beef, Lamb, Game (deer, venison), Poultry","Shiraz/Syrah, Cabernet Sauvignon, Grenache, Carignan"
Kosta Browne Gap's Crown Vineyard Pinot Noir 2022,United States,139.99,4.6,images/Kosta_Browne_Gaps_Crown_Vineyard_Pinot_Noir_2022.png,images/bottle_Kosta_Browne_Gaps_Crown_Vineyard_Pinot_Noir.png,Sonoma Coast,Kosta Browne,"red fruit, oak, non oak, black fruit, spices, earth, dried fruit, floral, microbio, vegetal, citrus fruit, tree fruit, tropical fruit","Veal, Pork, Poultry, Mushrooms",Pinot Noir
Vietti Perbacco Nebbiolo 2020,Italy,74,4,images/Vietti_Perbacco_Nebbiolo_2020.png,images/bottle_Vietti_Perbacco_Nebbiolo_2020.png,Langhe,Vietti,"red fruit, earth, oak, spices, non oak, black fruit, floral, microbio, vegetal, dried fruit, citrus fruit, tree fruit, tropical fruit","Beef, Lamb, Game (deer, venison), Poultry",Nebbiolo
Renato Ratti Barolo Marcenasco 2018,Italy,84.99,4.2,images/Renato_Ratti_Barolo_Marcenasco_2018.png,images/bottle_Renato_Ratti_Barolo_Marcenasco_2018.png,Barolo,Renato Ratti,"oak, earth, red fruit, non oak, spices, black fruit, floral, microbio, dried fruit, vegetal, citrus fruit, tree fruit, tropical fruit","Beef, Pasta, Lamb, Game (deer, venison)",Nebbiolo
Domaine Jean Grivot Clos de Vougeot Grand Cru 2020,France,599.97,4.3,images/Domaine_Jean_Grivot_Clos_de_Vougeot_Grand_Cru_2020.png,images/bottle_Domaine_Jean_Grivot_Clos_de_Vougeot_Grand_C.png,Clos Vougeot Grand Cru,Domaine Jean Grivot,"earth, red fruit, oak, non oak, black fruit, spices, floral, microbio, dried fruit, citrus fruit, vegetal, tree fruit","Beef, Veal, Game (deer, venison), Poultry",Pinot Noir
Domaine des Héritiers Louis Jadot Corton-Pougets Grand Cru Rouge 1969,France,645,4.2,images/Domaine_des_Hritiers_Louis_Jadot_Corton_Pougets_Gr.png,images/bottle_Domaine_des_Hritiers_Louis_Jadot_Corton_Pou.png,Corton Grand Cru 'Les Pougets',Domaine des Héritiers Louis Jadot,"earth, red fruit, oak, microbio, spices, non oak, black fruit, dried fruit, floral, vegetal, tree fruit, citrus fruit","Beef, Veal, Game (deer, venison), Poultry",Pinot Noir
Domaine Marquis d'Angerville Volnay 1er Cru 'Clos des Ducs' Monopole 1989,France,659,4.3,images/Domaine_Marquis_dAngerville_Volnay_1er_Cru_Clos_de.png,images/bottle_Domaine_Marquis_dAngerville_Volnay_1er_Cru_.png,Volnay 1er Cru 'Clos des Ducs',Domaine Marquis d'Angerville,"red fruit, earth, oak, non oak, spices, black fruit, microbio, floral, vegetal, dried fruit, citrus fruit, tree fruit","Beef, Veal, Game (deer, venison), Poultry",Pinot Noir
Paolo Scavino Barolo Cannubi 1990,Italy,365,4.3,images/Paolo_Scavino_Barolo_Cannubi_1990.png,images/bottle_Paolo_Scavino_Barolo_Cannubi_1990.png,Barolo,Paolo Scavino,"earth, oak, red fruit, non oak, black fruit, spices, floral, microbio, dried fruit, vegetal, citrus fruit","Beef, Pasta, Lamb, Game (deer, venison)",Nebbiolo
Geoffroy Rosé de Saignée Brut Champagne Premier Cru,France,49.99,4.1,images/Geoffroy_Ros_de_Saigne_Brut_Champagne_Premier_Cru.png,images/bottle_Geoffroy_Ros_de_Saigne_Brut_Champagne_Premi.png,Champagne Premier Cru,Geoffroy,"red fruit, citrus fruit, microbio, earth, non oak, oak, tree fruit, spices, vegetal, black fruit, floral, tropical fruit, dried fruit","Pork, Rich fish (salmon, tuna etc), Shellfish, Mild and soft cheese","Chardonnay, Pinot Noir, Pinot Meunier"
Serafin Père & Fils Gevrey-Chambertin 2022,France,139.99,4.1,images/Serafin_Pre_Fils_Gevrey_Chambertin_2022.png,images/bottle_Serafin_Pre_Fils_Gevrey_Chambertin_2022.png,Gevrey-Chambertin,Serafin Père & Fils,"red fruit, oak, earth, non oak, spices, black fruit, microbio, floral, vegetal, citrus fruit, dried fruit, tree fruit, tropical fruit","Beef, Veal, Game (deer, venison), Poultry",Pinot Noir
DuMOL Wester Reach Pinot Noir 2023,United States,79.99,4.5,images/DuMOL_Wester_Reach_Pinot_Noir_2023.png,images/bottle_DuMOL_Wester_Reach_Pinot_Noir_2023.png,Russian River Valley,DuMOL,"red fruit, oak, non oak, earth, spices, black fruit, citrus fruit, microbio, tree fruit, floral, dried fruit, vegetal","Veal, Pork, Poultry, Mushrooms",Pinot Noir
Château de Meursault Pommard Premier Cru Clos Des Epenots 1978,France,395,4.3,images/Chteau_de_Meursault_Pommard_Premier_Cru_Clos_Des_E.png,images/bottle_Chteau_de_Meursault_Pommard_Premier_Cru_Clo.png,Pommard Premier Cru,Château de Meursault,"red fruit, oak, earth, non oak, spices, black fruit, microbio, dried fruit, vegetal, tree fruit, floral","Beef, Veal, Game (deer, venison), Poultry",Pinot Noir
Domaine Faiveley Mercurey 1er Cru Clos du Roy 1990,France,290,4,images/Domaine_Faiveley_Mercurey_1er_Cru_Clos_du_Roy_1990.png,images/bottle_Domaine_Faiveley_Mercurey_1er_Cru_Clos_du_R.png,Mercurey,Domaine Faiveley,"red fruit, oak, earth, non oak, spices, black fruit, microbio, floral, vegetal, citrus fruit, dried fruit, tree fruit","Beef, Veal, Game (deer, venison), Poultry",Pinot Noir
Purple Hands Lone Oak Ranch Pinot Noir 2023,United States,34.99,4,images/Purple_Hands_Lone_Oak_Ranch_Pinot_Noir_2023.png,images/bottle_Purple_Hands_Lone_Oak_Ranch_Pinot_Noir_2023.png,Willamette Valley,Purple Hands,"red fruit, oak, earth, non oak, spices, black fruit, microbio, floral, dried fruit, vegetal, citrus fruit, tree fruit","Beef, Veal, Game (deer, venison), Poultry",Pinot Noir
Joseph Drouhin Chambolle-Musigny Premier Cru 1996,France,285,4.3,images/Joseph_Drouhin_Chambolle_Musigny_Premier_Cru_1996.png,images/bottle_Joseph_Drouhin_Chambolle_Musigny_Premier_Cr.png,Chambolle-Musigny Premier Cru,Joseph Drouhin,"red fruit, earth, oak, non oak, microbio, black fruit, spices, floral, dried fruit, vegetal, citrus fruit","Beef, Veal, Game (deer, venison), Poultry",Pinot Noir
Billecart-Salmon Extra Brut Champagne,France,147,4.1,images/Billecart_Salmon_Extra_Brut_Champagne.png,images/bottle_Billecart_Salmon_Extra_Brut_Champagne.png,Champagne,Billecart-Salmon,"citrus fruit, tree fruit, non oak, microbio, earth, oak, vegetal, spices, floral, tropical fruit, red fruit, dried fruit, black fruit","Pork, Rich fish (salmon, tuna etc), Shellfish, Mild and soft cheese","Chardonnay, Pinot Noir, Pinot Meunier"
Manzone Le Gramolere Barolo 1990,Italy,168,4.1,images/Manzone_Le_Gramolere_Barolo_1990.png,images/bottle_Manzone_Le_Gramolere_Barolo_1990.png,Barolo,Manzone,"earth, oak, red fruit, spices, non oak, black fruit, floral, microbio, vegetal, citrus fruit, dried fruit, tree fruit","Beef, Pasta, Lamb, Game (deer, venison)",Nebbiolo
E. Pira & Figli Chiara Boschis Mosconi Barolo 2021,Italy,129.99,4.3,images/E_Pira_Figli_Chiara_Boschis_Mosconi_Barolo_2021.png,images/bottle_E_Pira_Figli_Chiara_Boschis_Mosconi_Barolo_.png,Barolo,E. Pira & Figli Chiara Boschis,"earth, oak, red fruit, spices, non oak, black fruit, floral, microbio, dried fruit, vegetal, citrus fruit, tropical fruit","Beef, Pasta, Lamb, Game (deer, venison)",Nebbiolo
R. Parr & S. Moorman Salem Wine Co.  Pinot Noir 2024,United States,25.99,4,images/R_Parr_S_Moorman_Salem_Wine_Co_Pinot_Noir_2024.png,images/bottle_R_Parr_S_Moorman_Salem_Wine_Co_Pinot_Noir_2.png,Eola-Amity Hills,R. Parr & S. Moorman,"red fruit, earth, oak, non oak, black fruit, spices, microbio, floral, vegetal, dried fruit, tree fruit, citrus fruit","Beef, Veal, Game (deer, venison), Poultry",Pinot Noir
E. Pira & Figli Chiara Boschis Via Nuova Barolo 2021,Italy,119.99,4.3,images/E_Pira_Figli_Chiara_Boschis_Via_Nuova_Barolo_2021.png,images/bottle_E_Pira_Figli_Chiara_Boschis_Via_Nuova_Barol.png,Barolo,E. Pira & Figli Chiara Boschis,"earth, oak, red fruit, non oak, spices, black fruit, microbio, floral, dried fruit, vegetal, citrus fruit, tree fruit","Beef, Pasta, Lamb, Game (deer, venison)",Nebbiolo
Tenuta Carretta Barolo Poderi in Cannubi 1990,Italy,145,4.2,images/Tenuta_Carretta_Barolo_Poderi_in_Cannubi_1990.png,images/bottle_Tenuta_Carretta_Barolo_Poderi_in_Cannubi_19.png,Barolo,Tenuta Carretta,"earth, oak, red fruit, non oak, black fruit, spices, floral, microbio, dried fruit, citrus fruit, vegetal, tree fruit","Beef, Pasta, Lamb, Game (deer, venison)",Nebbiolo
Bouchaine Pinot Noir 1985,United States,114,3.9,images/Bouchaine_Pinot_Noir_1985.png,images/bottle_Bouchaine_Pinot_Noir_1985.png,Los Carneros,Bouchaine,"red fruit, oak, earth, non oak, spices, black fruit, microbio, vegetal, floral, dried fruit, citrus fruit, tree fruit, tropical fruit","Veal, Pork, Poultry, Mushrooms",Pinot Noir
Domaine Arnaud Lambert Saumur 'Clos de Midi' 2023,France,28.99,3.9,images/Domaine_Arnaud_Lambert_Saumur_Clos_de_Midi_2023.png,images/bottle_Domaine_Arnaud_Lambert_Saumur_Clos_de_Midi_.png,Saumur,Domaine Arnaud Lambert,"tree fruit, earth, citrus fruit, microbio, oak, non oak, vegetal, tropical fruit, floral, spices, red fruit","Rich fish (salmon, tuna etc), Vegetarian, Poultry, Mild and soft cheese",Chenin Blanc
Louis Jadot Pernand-Vergelesses Premier Cru Clos De La Croix De Pierre 1995,France,160,4,images/Louis_Jadot_Pernand_Vergelesses_Premier_Cru_Clos_D.png,images/bottle_Louis_Jadot_Pernand_Vergelesses_Premier_Cru.png,Pernand-Vergelesses Premier Cru,Louis Jadot,"red fruit, oak, earth, non oak, spices, microbio, black fruit, citrus fruit, vegetal, floral, tropical fruit, dried fruit, tree fruit","Beef, Veal, Game (deer, venison), Poultry",Pinot Noir
Freixenet Cuvée Especial Ice Rosé,Spain,14.99,3.8,images/Freixenet_Cuve_Especial_Ice_Ros.png,images/bottle_Freixenet_Cuve_Especial_Ice_Ros.png,Cava,Freixenet,"red fruit, tree fruit, citrus fruit, black fruit, tropical fruit, earth, microbio, spices, floral, dried fruit, vegetal, non oak","Shellfish, Appetizers and snacks, Lean fish, Aperitif, Cured Meat","Xarel-lo, Parellada, Trepat, Viura"
Evening Land La Source Seven Springs Vineyard Pinot Noir 2022,United States,80,4.3,images/Evening_Land_La_Source_Seven_Springs_Vineyard_Pino.png,images/bottle_Evening_Land_La_Source_Seven_Springs_Vineya.png,Eola-Amity Hills,Evening Land,"red fruit, earth, oak, spices, non oak, black fruit, microbio, floral, vegetal, dried fruit, citrus fruit, tree fruit","Beef, Veal, Game (deer, venison), Poultry",Pinot Noir
Roberto Voerzio Cerequio Barolo 2020,Italy,399.99,4.4,images/Roberto_Voerzio_Cerequio_Barolo_2020.png,images/bottle_Roberto_Voerzio_Cerequio_Barolo_2020.png,Barolo,Roberto Voerzio,"earth, oak, red fruit, black fruit, non oak, spices, floral, microbio, dried fruit, citrus fruit, vegetal, tropical fruit, tree fruit","Beef, Pasta, Lamb, Game (deer, venison)",Nebbiolo
JCB (Jean-Charles Boisset) JCB No. 69 Rosé Burgundy,France,34.99,4.1,images/JCB_Jean_Charles_Boisset_JCB_No_69_Ros_Burgundy.png,images/bottle_JCB_Jean_Charles_Boisset_JCB_No_69_Ros_Burg.png,Crémant de Bourgogne,JCB (Jean-Charles Boisset),"red fruit, microbio, citrus fruit, tree fruit, non oak, earth, oak, spices, vegetal, floral, black fruit, tropical fruit, dried fruit","Shellfish, Poultry, Appetizers and snacks, Lean fish, Aperitif","Chardonnay, Pinot Gris, Pinot Noir, Roussanne, Pinot Blanc, Auxerrois"
Domaine Faiveley Gevrey-Chambertin 1er Cru 'Les Cazetiers' 2022,France,269.99,4.2,images/Domaine_Faiveley_Gevrey_Chambertin_1er_Cru_Les_Caz.png,images/bottle_Domaine_Faiveley_Gevrey_Chambertin_1er_Cru_.png,Gevrey-Chambertin 1er Cru 'Les Cazetiers',Domaine Faiveley,"red fruit, earth, oak, non oak, spices, black fruit, microbio, floral, dried fruit, vegetal, citrus fruit, tree fruit","Beef, Veal, Game (deer, venison), Poultry",Pinot Noir
Pierre Sparr Crémant d'Alsace Brut Rosé,France,18.99,4,images/Pierre_Sparr_Crmant_dAlsace_Brut_Ros.png,images/bottle_Pierre_Sparr_Crmant_dAlsace_Brut_Ros.png,Crémant d'Alsace,Pierre Sparr,"red fruit, microbio, citrus fruit, tree fruit, earth, non oak, oak, spices, vegetal, floral, black fruit, dried fruit","Shellfish, Poultry, Appetizers and snacks, Lean fish, Aperitif","Chardonnay, Pinot Gris, Pinot Noir, Roussanne, Pinot Blanc, Auxerrois"
Domaine G. Roumier Chambolle-Musigny 1er Cru 'Les Cras' 2021,France,689.99,4.4,images/Domaine_G_Roumier_Chambolle_Musigny_1er_Cru_Les_Cr.png,images/bottle_Domaine_G_Roumier_Chambolle_Musigny_1er_Cru.png,Chambolle-Musigny 1er Cru 'Les Cras',Domaine G. Roumier,"red fruit, earth, oak, black fruit, non oak, spices, floral, microbio, vegetal, dried fruit, tree fruit, citrus fruit","Beef, Veal, Game (deer, venison), Poultry",Pinot Noir
Sella & Mosca Riserva Cannonau di Sardegna 2020,Italy,16.99,3.8,images/Sella_Mosca_Riserva_Cannonau_di_Sardegna_2020.png,images/bottle_Sella_Mosca_Riserva_Cannonau_di_Sardegna_20.png,Cannonau di Sardegna,Sella & Mosca,"earth, oak, red fruit, black fruit, non oak, spices, microbio, dried fruit, floral, vegetal, citrus fruit, tree fruit, tropical fruit","Beef, Pasta, Lamb, Game (deer, venison), Poultry",Grenache
Sharecropper’s Pinot Noir 2022,United States,17.99,3.7,images/Sharecroppers_Pinot_Noir_2022.png,images/bottle_Sharecroppers_Pinot_Noir_2022.png,Willamette Valley,Sharecropper’s,"red fruit, oak, earth, non oak, black fruit, spices, microbio, vegetal, dried fruit, citrus fruit, floral, tree fruit","Beef, Veal, Game (deer, venison), Poultry",Pinot Noir
Banshee Wines Pinot Noir 2021,United States,19.99,4,images/Banshee_Wines_Pinot_Noir_2021.png,images/bottle_Banshee_Wines_Pinot_Noir_2021.png,Sonoma County,Banshee Wines,"red fruit, oak, earth, non oak, spices, black fruit, microbio, vegetal, floral, dried fruit, citrus fruit, tree fruit, tropical fruit","Beef, Veal, Game (deer, venison), Poultry",Pinot Noir
Domaine Faiveley Nuits-Saint-Georges 1er Cru Les Poréts 1978,France,569,4.1,images/Domaine_Faiveley_Nuits_Saint_Georges_1er_Cru_Les_P.png,images/bottle_Domaine_Faiveley_Nuits_Saint_Georges_1er_Cr.png,Nuits-Saint-Georges,Domaine Faiveley,"red fruit, oak, earth, non oak, spices, black fruit, microbio, floral, vegetal, dried fruit, tree fruit, citrus fruit","Beef, Veal, Game (deer, venison), Poultry",Pinot Noir
Mount Eden Vineyards Estate Pinot Noir 1973,United States,465,4.3,images/Mount_Eden_Vineyards_Estate_Pinot_Noir_1973.png,images/bottle_Mount_Eden_Vineyards_Estate_Pinot_Noir_1973.png,Santa Cruz Mountains,Mount Eden Vineyards,"red fruit, earth, oak, spices, non oak, black fruit, microbio, floral, vegetal, dried fruit, tree fruit, citrus fruit","Beef, Veal, Game (deer, venison), Poultry",Pinot Noir
Chandon de Briailles Île des Vergelesses Pernand-Vergelesses 1er Cru Rouge 2021,France,145,4.1,images/Chandon_de_Briailles_le_des_Vergelesses_Pernand_Ve.png,images/bottle_Chandon_de_Briailles_le_des_Vergelesses_Per.png,Pernand-Vergelesses Premier Cru,Chandon de Briailles,"red fruit, earth, oak, spices, black fruit, microbio, non oak, floral, vegetal, tree fruit, citrus fruit, dried fruit, tropical fruit","Beef, Veal, Game (deer, venison), Poultry",Pinot Noir
Wairau River Pinot Noir 2010,New Zealand,18.99,3.8,images/Wairau_River_Pinot_Noir_2010.png,images/bottle_Wairau_River_Pinot_Noir_2010.png,Marlborough,Wairau River,"red fruit, oak, earth, non oak, spices, black fruit, microbio, tree fruit, citrus fruit, vegetal, dried fruit, tropical fruit, floral","Beef, Veal, Game (deer, venison), Poultry",Pinot Noir
Domaine Drouhin Pinot Noir 2018,United States,175,4.2,images/Domaine_Drouhin_Pinot_Noir_2018.png,images/bottle_Domaine_Drouhin_Pinot_Noir_2018.png,Dundee Hills,Domaine Drouhin,"red fruit, oak, earth, non oak, spices, black fruit, microbio, floral, vegetal, dried fruit, citrus fruit, tree fruit, tropical fruit","Beef, Veal, Game (deer, venison), Poultry",Pinot Noir
Nicolas Jay Pinot Noir 2022,United States,57.99,4.2,images/Nicolas_Jay_Pinot_Noir_2022.png,images/bottle_Nicolas_Jay_Pinot_Noir_2022.png,Willamette Valley,Nicolas Jay,"red fruit, oak, earth, non oak, spices, black fruit, microbio, floral, vegetal, dried fruit, citrus fruit, tree fruit, tropical fruit","Beef, Veal, Game (deer, venison), Poultry",Pinot Noir
Gruet Blanc de Noirs,United States,14.99,3.8,images/Gruet_Blanc_de_Noirs.png,images/bottle_Gruet_Blanc_de_Noirs.png,New Mexico,Gruet,"tree fruit, microbio, non oak, citrus fruit, oak, red fruit, earth, vegetal, spices, tropical fruit, floral, black fruit, dried fruit","Shellfish, Any junk food will do, Appetizers and snacks, Lean fish, Aperitif",
Domaine Robert Chevillon Les Chaignots Nuits-Saint-Georges 1er Cru 2022,France,195,4.2,images/Domaine_Robert_Chevillon_Les_Chaignots_Nuits_Saint.png,images/bottle_Domaine_Robert_Chevillon_Les_Chaignots_Nuit.png,Nuits-Saint-Georges,Domaine Robert Chevillon,"earth, red fruit, oak, microbio, spices, black fruit, non oak, floral, vegetal, citrus fruit, dried fruit, tree fruit","Beef, Veal, Game (deer, venison), Poultry",Pinot Noir
Merry Edwards Meredith Estate Pinot Noir 2022,United States,100,4.4,images/Merry_Edwards_Meredith_Estate_Pinot_Noir_2022.png,images/bottle_Merry_Edwards_Meredith_Estate_Pinot_Noir_20.png,Russian River Valley,Merry Edwards,"red fruit, oak, black fruit, earth, non oak, spices, microbio, floral, vegetal, dried fruit, citrus fruit, tree fruit, tropical fruit","Veal, Pork, Poultry, Mushrooms",Pinot Noir
Henriot Rosé Brut Champagne,France,72.99,4,images/Henriot_Ros_Brut_Champagne.png,images/bottle_Henriot_Ros_Brut_Champagne.png,Champagne,Henriot,"red fruit, non oak, citrus fruit, microbio, oak, tree fruit, earth, spices, black fruit, vegetal, floral, dried fruit, tropical fruit","Pork, Rich fish (salmon, tuna etc), Shellfish, Mild and soft cheese","Chardonnay, Pinot Noir, Pinot Meunier"
Domaine Dujac Clos de la Roche Grand Cru 2022,France,744.99,4.5,images/Domaine_Dujac_Clos_de_la_Roche_Grand_Cru_2022.png,images/bottle_Domaine_Dujac_Clos_de_la_Roche_Grand_Cru_20.png,Clos de la Roche Grand Cru,Domaine Dujac,"red fruit, oak, earth, black fruit, non oak, spices, floral, microbio, vegetal, dried fruit, citrus fruit, tree fruit","Beef, Veal, Game (deer, venison), Poultry",Pinot Noir
Soter Vineyards Mineral Springs Ranch Pinot Noir 2022,United States,80,4.3,images/Soter_Vineyards_Mineral_Springs_Ranch_Pinot_Noir_2.png,images/bottle_Soter_Vineyards_Mineral_Springs_Ranch_Pinot.png,Yamhill-Carlton District,Soter Vineyards,"red fruit, oak, earth, spices, black fruit, non oak, microbio, floral, vegetal, dried fruit, citrus fruit, tree fruit, tropical fruit","Beef, Veal, Game (deer, venison), Poultry",Pinot Noir
Goldeneye Anderson Valley Pinot Noir 2017,United States,83.56,4.4,images/Goldeneye_Anderson_Valley_Pinot_Noir_2017.png,images/bottle_Goldeneye_Anderson_Valley_Pinot_Noir_2017.png,Anderson Valley,Goldeneye,"red fruit, oak, earth, non oak, spices, black fruit, microbio, dried fruit, floral, vegetal, tree fruit, citrus fruit, tropical fruit","Veal, Pork, Poultry, Mushrooms",Pinot Noir
Argyle Reserve Pinot Noir 2023,United States,29.99,4,images/Argyle_Reserve_Pinot_Noir_2023.png,images/bottle_Argyle_Reserve_Pinot_Noir_2023.png,Willamette Valley,Argyle,"red fruit, oak, earth, non oak, spices, black fruit, microbio, floral, vegetal, tree fruit, dried fruit, citrus fruit","Beef, Veal, Game (deer, venison), Poultry",Pinot Noir
Foxen Santa Maria Valley Pinot Noir 2022,United States,38,4,images/Foxen_Santa_Maria_Valley_Pinot_Noir_2022.png,images/bottle_Foxen_Santa_Maria_Valley_Pinot_Noir_2022.png,Santa Maria Valley,Foxen,"red fruit, earth, oak, non oak, spices, black fruit, microbio, vegetal, dried fruit, floral, citrus fruit, tree fruit, tropical fruit","Veal, Pork, Poultry, Mushrooms",Pinot Noir
Domaine Michel Lafarge Volnay 2022,France,96,4.1,images/Domaine_Michel_Lafarge_Volnay_2022.png,images/bottle_Domaine_Michel_Lafarge_Volnay_2022.png,Volnay,Domaine Michel Lafarge,"red fruit, earth, oak, spices, non oak, microbio, black fruit, floral, dried fruit, citrus fruit, vegetal, tree fruit","Beef, Veal, Game (deer, venison), Poultry",Pinot Noir
Domaine Faiveley Chambolle-Musigny 2005,France,190,4.1,images/Domaine_Faiveley_Chambolle_Musigny_2005.png,images/bottle_Domaine_Faiveley_Chambolle_Musigny_2005.png,Chambolle-Musigny,Domaine Faiveley,"red fruit, oak, earth, non oak, spices, microbio, black fruit, floral, dried fruit, vegetal, tree fruit, citrus fruit, tropical fruit","Beef, Veal, Game (deer, venison), Poultry",Pinot Noir
Flowers Pinot Noir 2018,United States,49.99,4.3,images/Flowers_Pinot_Noir_2018.png,images/bottle_Flowers_Pinot_Noir_2018.png,Sonoma Coast,Flowers,"red fruit, oak, earth, non oak, spices, black fruit, microbio, floral, dried fruit, vegetal, citrus fruit, tree fruit, tropical fruit","Veal, Pork, Poultry, Mushrooms",Pinot Noir
Aldo Conterno Barolo Bussia Romirasco 2019,Italy,399.99,4.5,images/Aldo_Conterno_Barolo_Bussia_Romirasco_2019.png,images/bottle_Aldo_Conterno_Barolo_Bussia_Romirasco_2019.png,Barolo,Aldo Conterno,"oak, earth, red fruit, non oak, spices, black fruit, floral, microbio, dried fruit, citrus fruit, vegetal, tree fruit","Beef, Pasta, Lamb, Game (deer, venison)",Nebbiolo
Mark West California Pinot Noir 2021,United States,10.99,3.7,images/Mark_West_California_Pinot_Noir_2021.png,images/bottle_Mark_West_California_Pinot_Noir_2021.png,California,Mark West,"red fruit, oak, black fruit, non oak, earth, spices, microbio, vegetal, dried fruit, floral, citrus fruit, tree fruit, tropical fruit","Beef, Veal, Game (deer, venison), Poultry",Pinot Noir
Georges Noëllat Vosne-Romanée 2022,France,179.99,4.2,images/Georges_Nollat_Vosne_Romane_2022.png,images/bottle_Georges_Nollat_Vosne_Romane_2022.png,Vosne-Romanée,Georges Noëllat,"red fruit, oak, earth, spices, non oak, microbio, black fruit, floral, vegetal, dried fruit, tree fruit, citrus fruit, tropical fruit","Beef, Veal, Game (deer, venison), Poultry",Pinot Noir
Domaine de Montille Volnay 1er Cru 'Les Taillepieds' 2021,France,265,4.2,images/Domaine_de_Montille_Volnay_1er_Cru_Les_Taillepieds.png,images/bottle_Domaine_de_Montille_Volnay_1er_Cru_Les_Tail.png,Volnay Premier Cru,Domaine de Montille,"red fruit, earth, oak, non oak, spices, black fruit, microbio, floral, vegetal, citrus fruit, tree fruit, dried fruit, tropical fruit","Beef, Veal, Game (deer, venison), Poultry",Pinot Noir
Decoy Pinot Noir 2021,United States,21.99,3.8,images/Decoy_Pinot_Noir_2021.png,images/bottle_Decoy_Pinot_Noir_2021.png,California,Decoy,"red fruit, oak, earth, non oak, spices, black fruit, microbio, floral, vegetal, dried fruit, citrus fruit, tree fruit, tropical fruit","Beef, Veal, Game (deer, venison), Poultry",Pinot Noir
Bouchard Père & Fils Chambolle-Musigny 1998,France,129,4.1,images/Bouchard_Pre_Fils_Chambolle_Musigny_1998.png,images/bottle_Bouchard_Pre_Fils_Chambolle_Musigny_1998.png,Chambolle-Musigny,Bouchard Père & Fils,"red fruit, earth, oak, spices, non oak, floral, black fruit, microbio, dried fruit, vegetal, citrus fruit","Beef, Veal, Game (deer, venison), Poultry",Pinot Noir
Franco Amoroso Barolo 2020,Italy,31.99,3.8,images/Franco_Amoroso_Barolo_2020.png,images/bottle_Franco_Amoroso_Barolo_2020.png,Barolo,Franco Amoroso,"red fruit, earth, oak, black fruit, spices, non oak, floral, microbio, citrus fruit, dried fruit, tree fruit, vegetal, tropical fruit","Beef, Pasta, Lamb, Game (deer, venison)",Nebbiolo
Stoller Family Estate Pinot Noir Rosé 2024,United States,21.99,3.9,images/Stoller_Family_Estate_Pinot_Noir_Ros_2024.png,images/bottle_Stoller_Family_Estate_Pinot_Noir_Ros_2024.png,Willamette Valley,Stoller Family Estate,"red fruit, citrus fruit, earth, tree fruit, oak, spices, microbio, tropical fruit, non oak, vegetal, floral, black fruit, dried fruit",,Pinot Noir
Piero Busso San Stunet S. Stefanetto Barbaresco 2021,Italy,90,4.3,images/Piero_Busso_San_Stunet_S_Stefanetto_Barbaresco_202.png,images/bottle_Piero_Busso_San_Stunet_S_Stefanetto_Barbare.png,Barbaresco,Piero Busso,"red fruit, earth, oak, spices, non oak, black fruit, microbio, floral, vegetal, dried fruit, citrus fruit, tree fruit","Beef, Pasta, Lamb, Game (deer, venison)",Nebbiolo
Samuel Robert Conscious Pinot Noir 2023,United States,17.97,3.9,images/Samuel_Robert_Conscious_Pinot_Noir_2023.png,images/bottle_Samuel_Robert_Conscious_Pinot_Noir_2023.png,Willamette Valley,Samuel Robert,"red fruit, oak, earth, non oak, black fruit, spices, dried fruit, microbio, tree fruit, citrus fruit","Beef, Veal, Game (deer, venison), Poultry",Pinot Noir
Langlois Crémant de Loire Rosé Brut,France,17.99,3.9,images/Langlois_Crmant_de_Loire_Ros_Brut.png,images/bottle_Langlois_Crmant_de_Loire_Ros_Brut.png,Crémant de Loire,Langlois,,"Shellfish, Poultry, Appetizers and snacks, Lean fish, Aperitif","Chardonnay, Pinot Gris, Pinot Noir, Roussanne, Pinot Blanc, Auxerrois"
Angeline Pinot Noir 2017,United States,10.56,3.6,images/Angeline_Pinot_Noir_2017.png,images/bottle_Angeline_Pinot_Noir_2017.png,California,Angeline,"red fruit, oak, non oak, black fruit, earth, spices, microbio, dried fruit, citrus fruit, tree fruit, vegetal, floral, tropical fruit","Beef, Veal, Game (deer, venison), Poultry",Pinot Noir
Domaine Faiveley Clos de Vougeot Grand Cru 2020,France,250,4.3,images/Domaine_Faiveley_Clos_de_Vougeot_Grand_Cru_2020.png,images/bottle_Domaine_Faiveley_Clos_de_Vougeot_Grand_Cru_.png,Clos Vougeot Grand Cru,Domaine Faiveley,"red fruit, earth, oak, spices, black fruit, non oak, microbio, floral, dried fruit, vegetal, tree fruit, citrus fruit, tropical fruit","Beef, Veal, Game (deer, venison), Poultry",Pinot Noir
Domaine Denis Bachelet Vieilles Vignes Gevrey-Chambertin 1990,France,539,4.2,images/Domaine_Denis_Bachelet_Vieilles_Vignes_Gevrey_Cham.png,images/bottle_Domaine_Denis_Bachelet_Vieilles_Vignes_Gevr.png,Gevrey-Chambertin,Domaine Denis Bachelet,"red fruit, earth, oak, black fruit, non oak, spices, microbio, floral, vegetal, dried fruit, tree fruit, citrus fruit","Beef, Veal, Game (deer, venison), Poultry",Pinot Noir
Bruno Paillard Première Cuvée Rosé Extra Brut Champagne,France,69.97,4.1,images/Bruno_Paillard_Premire_Cuve_Ros_Extra_Brut_Champag.png,images/bottle_Bruno_Paillard_Premire_Cuve_Ros_Extra_Brut_.png,Champagne,Bruno Paillard,"red fruit, citrus fruit, microbio, earth, non oak, tree fruit, oak, floral, spices, vegetal, tropical fruit, black fruit, dried fruit","Pork, Rich fish (salmon, tuna etc), Shellfish, Mild and soft cheese","Chardonnay, Pinot Noir, Pinot Meunier"
SIMI Pinot Noir 2022,United States,16.99,3.8,images/SIMI_Pinot_Noir_2022.png,images/bottle_SIMI_Pinot_Noir_2022.png,Sonoma County,SIMI,"red fruit, oak, non oak, earth, black fruit, spices, microbio, dried fruit, vegetal, citrus fruit, floral, tropical fruit","Beef, Veal, Game (deer, venison), Poultry",Pinot Noir
Krug Vintage 2000,France,850,4.6,images/Krug_Vintage_2000.png,images/bottle_Krug_Vintage_2000.png,Champagne,Krug,"non oak, oak, microbio, earth, tree fruit, citrus fruit, vegetal, spices, tropical fruit, floral, dried fruit, red fruit, black fruit","Pork, Rich fish (salmon, tuna etc), Shellfish, Mild and soft cheese","Chardonnay, Pinot Noir, Pinot Meunier"
Giulia Negri Serradenari Barolo 2021,Italy,99,4.2,images/Giulia_Negri_Serradenari_Barolo_2021.png,images/bottle_Giulia_Negri_Serradenari_Barolo_2021.png,Barolo,Giulia Negri,"earth, oak, non oak, black fruit, red fruit, spices, microbio, dried fruit, floral, vegetal, citrus fruit, tree fruit","Beef, Pasta, Lamb, Game (deer, venison)",Nebbiolo
Frédéric Magnien Chambolle-Musigny Vieilles Vignes 2022,France,142,4.1,images/Frdric_Magnien_Chambolle_Musigny_Vieilles_Vignes_2.png,images/bottle_Frdric_Magnien_Chambolle_Musigny_Vieilles_V.png,Chambolle-Musigny,Frédéric Magnien,"red fruit, earth, oak, black fruit, non oak, spices, microbio, floral, dried fruit, citrus fruit, vegetal, tree fruit","Beef, Veal, Game (deer, venison), Poultry",Pinot Noir
Roberto Voerzio La Serra Barolo 2020,Italy,399.99,4.4,images/Roberto_Voerzio_La_Serra_Barolo_2020.png,images/bottle_Roberto_Voerzio_La_Serra_Barolo_2020.png,Barolo,Roberto Voerzio,"oak, earth, red fruit, black fruit, non oak, spices, microbio, floral, dried fruit, citrus fruit, vegetal","Beef, Pasta, Lamb, Game (deer, venison)",Nebbiolo
Laurent Miquel Solas Pinot Noir 2023,France,15.99,3.5,images/Laurent_Miquel_Solas_Pinot_Noir_2023.png,images/bottle_Laurent_Miquel_Solas_Pinot_Noir_2023.png,Pays d'Oc,Laurent Miquel,"red fruit, oak, earth, black fruit, non oak, spices, microbio, floral, vegetal, dried fruit, citrus fruit, tree fruit","Beef, Pasta, Veal","Shiraz/Syrah, Grenache, Mourvedre"
R. López de Heredia Viña Tondonia Gran Reserva 1978,Spain,549.99,4.4,images/R_Lpez_de_Heredia_Via_Tondonia_Gran_Reserva_1978.png,images/bottle_R_Lpez_de_Heredia_Via_Tondonia_Gran_Reserva.png,Rioja,R. López de Heredia,"oak, earth, non oak, red fruit, spices, black fruit, microbio, dried fruit, citrus fruit, floral, vegetal, tree fruit, tropical fruit","Beef, Lamb, Veal, Poultry","Tempranillo, Graciano, Garnacha"
Decoy Limited Pinot Noir 2019,United States,25.99,4,images/Decoy_Limited_Pinot_Noir_2019.png,images/bottle_Decoy_Limited_Pinot_Noir_2019.png,Sonoma Coast,Decoy,"red fruit, oak, non oak, spices, black fruit, earth, microbio, floral, vegetal, dried fruit, citrus fruit","Veal, Pork, Poultry, Mushrooms",Pinot Noir
Marchesi di Barolo Barolo (Tradizione) 2018,Italy,49.99,4.2,images/Marchesi_di_Barolo_Barolo_Tradizione_2018.png,images/bottle_Marchesi_di_Barolo_Barolo_Tradizione_2018.png,Barolo,Marchesi di Barolo,"oak, earth, red fruit, non oak, spices, black fruit, microbio, dried fruit, floral, vegetal, citrus fruit, tree fruit, tropical fruit","Beef, Pasta, Lamb, Game (deer, venison)",Nebbiolo
Bodegas Roda Roda Reserva Rioja 2019,Spain,59.99,4.2,images/Bodegas_Roda_Roda_Reserva_Rioja_2019.png,images/bottle_Bodegas_Roda_Roda_Reserva_Rioja_2019.png,Rioja,Bodegas Roda,"oak, non oak, earth, black fruit, red fruit, spices, microbio, dried fruit, floral, vegetal, citrus fruit, tree fruit","Beef, Lamb, Veal, Poultry","Tempranillo, Graciano, Garnacha"
Damilano Barolo Riserva 2004,Italy,41.11,4.1,images/Damilano_Barolo_Riserva_2004.png,images/bottle_Damilano_Barolo_Riserva_2004.png,Barolo,Damilano,"earth, oak, red fruit, non oak, black fruit, spices, microbio, dried fruit, floral, citrus fruit, vegetal, tree fruit, tropical fruit","Beef, Pasta, Lamb, Game (deer, venison)",Nebbiolo
Drappier Pinot Noir Brut Nature Rosé Champagne,France,74.99,4,images/Drappier_Pinot_Noir_Brut_Nature_Ros_Champagne.png,images/bottle_Drappier_Pinot_Noir_Brut_Nature_Ros_Champag.png,Champagne,Drappier,"red fruit, citrus fruit, tree fruit, microbio, earth, non oak, oak, spices, vegetal, black fruit, tropical fruit, dried fruit, floral","Pork, Rich fish (salmon, tuna etc), Shellfish, Mild and soft cheese","Chardonnay, Pinot Noir, Pinot Meunier"
Pio Cesare Barolo 2012,Italy,114.99,4.2,images/Pio_Cesare_Barolo_2012.png,images/bottle_Pio_Cesare_Barolo_2012.png,Barolo,Pio Cesare,"earth, oak, red fruit, non oak, spices, black fruit, microbio, floral, dried fruit, vegetal, citrus fruit, tree fruit, tropical fruit","Beef, Pasta, Lamb, Game (deer, venison)",Nebbiolo
Henri Giraud Dame-Jane Rosé Champagne,France,119.99,4.2,images/Henri_Giraud_Dame_Jane_Ros_Champagne.png,images/bottle_Henri_Giraud_Dame_Jane_Ros_Champagne.png,Champagne,Henri Giraud,"red fruit, oak, citrus fruit, non oak, microbio, earth, tree fruit, spices, vegetal, floral, black fruit, dried fruit, tropical fruit","Pork, Rich fish (salmon, tuna etc), Shellfish, Mild and soft cheese","Chardonnay, Pinot Noir, Pinot Meunier"
Domaine Prieuré Roch Vieilles Vignes Nuits 1er Cru 2022,France,395,4.3,images/Domaine_Prieur_Roch_Vieilles_Vignes_Nuits_1er_Cru_.png,images/bottle_Domaine_Prieur_Roch_Vieilles_Vignes_Nuits_1.png,Nuits-Saint-Georges Premier Cru,Domaine Prieuré Roch,"earth, red fruit, oak, spices, floral, non oak, microbio, black fruit, citrus fruit, vegetal, tree fruit, dried fruit, tropical fruit","Beef, Veal, Game (deer, venison), Poultry",Pinot Noir
Donum Russian River Estate Pinot Noir 2022,United States,95,4.4,images/Donum_Russian_River_Estate_Pinot_Noir_2022.png,images/bottle_Donum_Russian_River_Estate_Pinot_Noir_2022.png,Russian River Valley,Donum,"red fruit, oak, black fruit, non oak, earth, spices, microbio, floral, dried fruit, vegetal, citrus fruit, tree fruit","Veal, Pork, Poultry, Mushrooms",Pinot Noir
Domaine Drouhin-Laroze Chambertin Clos de Bèze Grand Cru 1981,France,355,4.3,images/Domaine_Drouhin_Laroze_Chambertin_Clos_de_Bze_Gran.png,images/bottle_Domaine_Drouhin_Laroze_Chambertin_Clos_de_B.png,Chambertin-Clos de Bèze Grand Cru,Domaine Drouhin-Laroze,"red fruit, earth, oak, spices, non oak, black fruit, microbio, floral, vegetal, dried fruit, citrus fruit","Beef, Veal, Game (deer, venison), Poultry",Pinot Noir
Massimo Rattalino Quarantadue 42 Barbaresco 2007,Italy,58,3.9,images/Massimo_Rattalino_Quarantadue_42_Barbaresco_2007.png,images/bottle_Massimo_Rattalino_Quarantadue_42_Barbaresco.png,Barbaresco,Massimo Rattalino,"red fruit, oak, earth, non oak, black fruit, spices, floral, dried fruit, microbio, tree fruit, citrus fruit","Beef, Pasta, Lamb, Game (deer, venison)",Nebbiolo
Sea Sun Pinot Noir 2021,United States,19.99,3.9,images/Sea_Sun_Pinot_Noir_2021.png,images/bottle_Sea_Sun_Pinot_Noir_2021.png,California,Sea Sun,"oak, red fruit, non oak, spices, black fruit, earth, microbio, dried fruit, vegetal, floral, citrus fruit, tree fruit, tropical fruit","Beef, Veal, Game (deer, venison), Poultry",Pinot Noir
Folk Machine Pinot Noir 2023,United States,23,3.8,images/Folk_Machine_Pinot_Noir_2023.png,images/bottle_Folk_Machine_Pinot_Noir_2023.png,Central Coast,Folk Machine,"red fruit, earth, oak, spices, non oak, vegetal, microbio, black fruit, floral, citrus fruit, dried fruit, tree fruit","Beef, Veal, Game (deer, venison), Poultry",Pinot Noir
Calera Pinot Noir Mills Vineyard 1996,United States,258,4.2,images/Calera_Pinot_Noir_Mills_Vineyard_1996.png,images/bottle_Calera_Pinot_Noir_Mills_Vineyard_1996.png,Mount Harlan,Calera,"red fruit, earth, oak, non oak, spices, black fruit, microbio, floral, dried fruit, vegetal, tree fruit, citrus fruit, tropical fruit","Beef, Veal, Game (deer, venison), Poultry",Pinot Noir
Domaine Perrot-Minot Morey-Saint-Denis 'La Rue de Vergy' 1990,France,320,4.3,images/Domaine_Perrot_Minot_Morey_Saint_Denis_La_Rue_de_V.png,images/bottle_Domaine_Perrot_Minot_Morey_Saint_Denis_La_R.png,Morey-Saint-Denis,Domaine Perrot-Minot,"red fruit, earth, oak, non oak, spices, black fruit, microbio, floral, dried fruit, vegetal, citrus fruit, tree fruit","Beef, Veal, Game (deer, venison), Poultry",Pinot Noir
Louis Jadot Gevrey-Chambertin Premier Cru Clos Saint-Jacques 2023,France,225,4.2,images/Louis_Jadot_Gevrey_Chambertin_Premier_Cru_Clos_Sai.png,images/bottle_Louis_Jadot_Gevrey_Chambertin_Premier_Cru_C.png,Gevrey-Chambertin Premier Cru,Louis Jadot,"earth, red fruit, oak, black fruit, spices, non oak, microbio, floral, dried fruit, citrus fruit, vegetal","Beef, Veal, Game (deer, venison), Poultry",Pinot Noir
Gruet Brut Rosé,United States,14.99,3.8,images/Gruet_Brut_Ros.png,images/bottle_Gruet_Brut_Ros.png,New Mexico,Gruet,"red fruit, citrus fruit, microbio, tree fruit, non oak, earth, oak, black fruit, spices, tropical fruit, vegetal, floral, dried fruit","Shellfish, Any junk food will do, Appetizers and snacks, Lean fish, Aperitif",
Borgogno Barolo 2015,Italy,61.08,4.1,images/Borgogno_Barolo_2015.png,images/bottle_Borgogno_Barolo_2015.png,Barolo,Borgogno,"earth, oak, red fruit, non oak, black fruit, spices, microbio, floral, dried fruit, vegetal, citrus fruit, tree fruit, tropical fruit","Beef, Pasta, Lamb, Game (deer, venison)",Nebbiolo
G.D. Vajra Langhe Nebbiolo 2023,Italy,24.99,4,images/GD_Vajra_Langhe_Nebbiolo_2023.png,images/bottle_GD_Vajra_Langhe_Nebbiolo_2023.png,Langhe,G.D. Vajra,"red fruit, earth, oak, spices, non oak, black fruit, floral, microbio, vegetal, dried fruit, citrus fruit, tree fruit, tropical fruit","Beef, Lamb, Game (deer, venison), Poultry",Nebbiolo
Domaine Faiveley Chambertin Clos de Bèze Grand Cru 1989,France,985,4.3,images/Domaine_Faiveley_Chambertin_Clos_de_Bze_Grand_Cru_.png,images/bottle_Domaine_Faiveley_Chambertin_Clos_de_Bze_Gra.png,Chambertin-Clos de Bèze Grand Cru,Domaine Faiveley,"earth, red fruit, oak, non oak, black fruit, spices, microbio, floral, dried fruit, citrus fruit, vegetal, tree fruit","Beef, Veal, Game (deer, venison), Poultry",Pinot Noir
Louis Jadot Marsannay 1997,France,30,3.8,images/Louis_Jadot_Marsannay_1997.png,images/bottle_Louis_Jadot_Marsannay_1997.png,Marsannay,Louis Jadot,"red fruit, earth, oak, microbio, tree fruit, black fruit, spices, non oak, citrus fruit, dried fruit, floral, vegetal, tropical fruit","Beef, Veal, Game (deer, venison), Poultry",Pinot Noir
Produttori del Barbaresco Barbaresco 2020,Italy,39.99,4.1,images/Produttori_del_Barbaresco_Barbaresco_2020.png,images/bottle_Produttori_del_Barbaresco_Barbaresco_2020.png,Barbaresco,Produttori del Barbaresco,"red fruit, earth, oak, non oak, spices, black fruit, floral, microbio, dried fruit, vegetal, citrus fruit, tree fruit, tropical fruit","Beef, Pasta, Lamb, Game (deer, venison)",Nebbiolo
Domaine Marc Roy Clos Prieur Gevrey-Chambertin 2022,France,123.99,4.3,images/Domaine_Marc_Roy_Clos_Prieur_Gevrey_Chambertin_202.png,images/bottle_Domaine_Marc_Roy_Clos_Prieur_Gevrey_Chamber.png,Gevrey-Chambertin,Domaine Marc Roy,"red fruit, earth, oak, black fruit, non oak, spices, microbio, floral, dried fruit, vegetal","Beef, Veal, Game (deer, venison), Poultry",Pinot Noir
Roberto Voerzio Brunate  Barolo 2018,Italy,399.99,4.5,images/Roberto_Voerzio_Brunate_Barolo_2018.png,images/bottle_Roberto_Voerzio_Brunate_Barolo_2018.png,Barolo,Roberto Voerzio,"earth, oak, red fruit, spices, non oak, black fruit, microbio, floral, dried fruit, vegetal, citrus fruit, tree fruit","Beef, Pasta, Lamb, Game (deer, venison)",Nebbiolo
Domaine Robert Chevillon Les Vaucrains Nuits Saint Georges 1er Cru 1990,France,447,4.2,images/Domaine_Robert_Chevillon_Les_Vaucrains_Nuits_Saint.png,images/bottle_Domaine_Robert_Chevillon_Les_Vaucrains_Nuit.png,Nuits-Saint-Georges,Domaine Robert Chevillon,"earth, red fruit, oak, black fruit, spices, non oak, microbio, floral, dried fruit, vegetal, citrus fruit","Beef, Veal, Game (deer, venison), Poultry",Pinot Noir
Diora La Petite Grace Pinot Noir 2019,United States,19.99,4.1,images/Diora_La_Petite_Grace_Pinot_Noir_2019.png,images/bottle_Diora_La_Petite_Grace_Pinot_Noir_2019.png,Monterey,Diora,"oak, red fruit, non oak, black fruit, spices, earth, microbio, dried fruit, vegetal, floral, tree fruit, citrus fruit, tropical fruit","Beef, Veal, Game (deer, venison), Poultry",Pinot Noir
Paul Hobbs Katherine Lindsay Estate Pinot Noir 2022,United States,118,4.5,images/Paul_Hobbs_Katherine_Lindsay_Estate_Pinot_Noir_202.png,images/bottle_Paul_Hobbs_Katherine_Lindsay_Estate_Pinot_N.png,Russian River Valley,Paul Hobbs,"red fruit, oak, non oak, earth, spices, black fruit, microbio, floral, dried fruit, vegetal, tree fruit, tropical fruit, citrus fruit","Veal, Pork, Poultry, Mushrooms",Pinot Noir
Domaine Faiveley Latricières-Chambertin Grand Cru 1993,France,220,4.2,images/Domaine_Faiveley_Latricires_Chambertin_Grand_Cru_1.png,images/bottle_Domaine_Faiveley_Latricires_Chambertin_Gran.png,Latricières-Chambertin Grand Cru,Domaine Faiveley,"earth, red fruit, oak, spices, black fruit, microbio, non oak, floral, citrus fruit, vegetal","Beef, Veal, Game (deer, venison), Poultry",Pinot Noir
Cantina del Nebbiolo Barbaresco 2021,Italy,18.99,3.8,images/Cantina_del_Nebbiolo_Barbaresco_2021.png,images/bottle_Cantina_del_Nebbiolo_Barbaresco_2021.png,Barbaresco,Cantina del Nebbiolo,"red fruit, earth, oak, spices, microbio, non oak, black fruit, floral, dried fruit, citrus fruit, vegetal, tree fruit","Beef, Pasta, Lamb, Game (deer, venison)",Nebbiolo
Domaine de Paris Côtes de Provence 2024,France,17.99,3.8,images/Domaine_de_Paris_Ctes_de_Provence_2024.png,images/bottle_Domaine_de_Paris_Ctes_de_Provence_2024.png,Côtes de Provence,Domaine de Paris,"red fruit, tree fruit, citrus fruit, earth, microbio, spices, vegetal, oak, tropical fruit, non oak, floral","Pork, Shellfish, Vegetarian, Poultry","Shiraz/Syrah, Grenache, Cinsault"
Argyle Nuthouse Pinot Noir 2022,United States,65,4.1,images/Argyle_Nuthouse_Pinot_Noir_2022.png,images/bottle_Argyle_Nuthouse_Pinot_Noir_2022.png,Eola-Amity Hills,Argyle,"red fruit, oak, earth, non oak, spices, black fruit, microbio, floral, vegetal, tree fruit, citrus fruit","Beef, Veal, Game (deer, venison), Poultry",Pinot Noir
Muirwood Pinot Noir 2023,United States,19.97,3.7,images/Muirwood_Pinot_Noir_2023.png,images/bottle_Muirwood_Pinot_Noir_2023.png,Arroyo Seco,Muirwood,"oak, red fruit, non oak, earth, spices, black fruit, microbio, vegetal, dried fruit, tree fruit, citrus fruit, floral","Beef, Veal, Game (deer, venison), Poultry",Pinot Noir
Domaine Trapet Latricières-Chambertin Grand Cru 2019,France,469,4.4,images/Domaine_Trapet_Latricires_Chambertin_Grand_Cru_201.png,images/bottle_Domaine_Trapet_Latricires_Chambertin_Grand_.png,Latricières-Chambertin Grand Cru,Domaine Trapet,"earth, red fruit, oak, microbio, non oak, spices, black fruit, citrus fruit, dried fruit, floral, vegetal, tree fruit","Beef, Veal, Game (deer, venison), Poultry",Pinot Noir
Santo Tomás Grenache Rosado ST 2023,Mexico,24.99,3.6,images/Santo_Toms_Grenache_Rosado_ST_2023.png,images/bottle_Santo_Toms_Grenache_Rosado_ST_2023.png,Baja California,Santo Tomás,"red fruit, tree fruit, tropical fruit, citrus fruit, earth, microbio, floral, non oak, oak, spices, vegetal",,
Giacomo Fenocchio Barolo Bussia 2013,Italy,49.34,4.2,images/Giacomo_Fenocchio_Barolo_Bussia_2013.png,images/bottle_Giacomo_Fenocchio_Barolo_Bussia_2013.png,Barolo,Giacomo Fenocchio,"earth, oak, red fruit, non oak, spices, black fruit, floral, microbio, dried fruit, vegetal, citrus fruit, tree fruit, tropical fruit","Beef, Pasta, Lamb, Game (deer, venison)",Nebbiolo
Pierre Girardin Éclat de Calcaire Bourgogne Pinot Noir 2022,France,48,4.1,images/Pierre_Girardin_clat_de_Calcaire_Bourgogne_Pinot_N.png,images/bottle_Pierre_Girardin_clat_de_Calcaire_Bourgogne_.png,Bourgogne,Pierre Girardin,"red fruit, earth, oak, black fruit, microbio, non oak, spices, floral, vegetal, dried fruit, tree fruit, citrus fruit","Beef, Veal, Game (deer, venison), Poultry",Pinot Noir
Domaine Anne Gros Clos-Vougeot Grand Cru Le Grand Maupertui 1992,France,965,4.4,images/Domaine_Anne_Gros_Clos_Vougeot_Grand_Cru_Le_Grand_.png,images/bottle_Domaine_Anne_Gros_Clos_Vougeot_Grand_Cru_Le.png,Clos Vougeot Grand Cru,Domaine Anne Gros,"red fruit, earth, oak, black fruit, spices, non oak, floral, microbio, vegetal, dried fruit, citrus fruit, tropical fruit","Beef, Veal, Game (deer, venison), Poultry",Pinot Noir
Piero Busso Albesani Vigna Borgese Barbaresco 2021,Italy,90,4.3,images/Piero_Busso_Albesani_Vigna_Borgese_Barbaresco_2021.png,images/bottle_Piero_Busso_Albesani_Vigna_Borgese_Barbares.png,Barbaresco,Piero Busso,"earth, red fruit, oak, non oak, black fruit, spices, dried fruit, microbio, floral, citrus fruit, vegetal, tree fruit","Beef, Pasta, Lamb, Game (deer, venison)",Nebbiolo
Telmo Rodriguez Pegaso Barrancos de Pizarra 2021,Spain,69.99,3.9,images/Telmo_Rodriguez_Pegaso_Barrancos_de_Pizarra_2021.png,images/bottle_Telmo_Rodriguez_Pegaso_Barrancos_de_Pizarra.png,Castilla y León,Telmo Rodriguez,"oak, red fruit, earth, non oak, spices, black fruit, floral, microbio, dried fruit, vegetal, tree fruit, citrus fruit","Beef, Pasta, Lamb, Game (deer, venison), Poultry",Grenache
Borsao Bodegas Tres Picos Garnacha 2021,Spain,19.99,4,images/Borsao_Bodegas_Tres_Picos_Garnacha_2021.png,images/bottle_Borsao_Bodegas_Tres_Picos_Garnacha_2021.png,Campo de Borja,Borsao Bodegas,"oak, black fruit, red fruit, non oak, spices, earth, microbio, dried fruit, floral, vegetal, citrus fruit, tree fruit, tropical fruit","Beef, Pasta, Lamb, Game (deer, venison), Poultry",Grenache
Lucien Boillot & Fils Gevrey-Chambertin 2022,France,110,4,images/Lucien_Boillot_Fils_Gevrey_Chambertin_2022.png,images/bottle_Lucien_Boillot_Fils_Gevrey_Chambertin_2022.png,Gevrey-Chambertin,Lucien Boillot & Fils,"red fruit, earth, oak, spices, non oak, black fruit, microbio, vegetal, floral, dried fruit, tropical fruit, tree fruit","Beef, Veal, Game (deer, venison), Poultry",Pinot Noir
Kelley Fox Mirabai Pinot Noir 2023,United States,45,4.1,images/Kelley_Fox_Mirabai_Pinot_Noir_2023.png,images/bottle_Kelley_Fox_Mirabai_Pinot_Noir_2023.png,Dundee Hills,Kelley Fox,"red fruit, earth, oak, spices, non oak, black fruit, microbio, floral, vegetal, citrus fruit, tree fruit, dried fruit","Beef, Veal, Game (deer, venison), Poultry",Pinot Noir
Hanzell Pinot Noir 1970,United States,590,4.3,images/Hanzell_Pinot_Noir_1970.png,images/bottle_Hanzell_Pinot_Noir_1970.png,Sonoma Valley,Hanzell,"red fruit, oak, earth, non oak, spices, black fruit, floral, vegetal, microbio, citrus fruit, tree fruit, dried fruit, tropical fruit","Beef, Veal, Game (deer, venison), Poultry",Pinot Noir
Comm. G.B. Burlotto Barolo Vigneto Cannubi 2021,Italy,395,4.3,images/Comm_GB_Burlotto_Barolo_Vigneto_Cannubi_2021.png,images/bottle_Comm_GB_Burlotto_Barolo_Vigneto_Cannubi_202.png,Barolo,Comm. G.B. Burlotto,"earth, red fruit, oak, non oak, black fruit, spices, floral, microbio, vegetal, dried fruit, citrus fruit","Beef, Pasta, Lamb, Game (deer, venison)",Nebbiolo
Domaine Arlaud Charmes-Chambertin Grand Cru 2021,France,329.99,4.4,images/Domaine_Arlaud_Charmes_Chambertin_Grand_Cru_2021.png,images/bottle_Domaine_Arlaud_Charmes_Chambertin_Grand_Cru.png,Charmes-Chambertin Grand Cru,Domaine Arlaud,"red fruit, oak, earth, non oak, spices, black fruit, microbio, floral, dried fruit, vegetal, tree fruit","Beef, Veal, Game (deer, venison), Poultry",Pinot Noir
Joseph Drouhin Volnay 2022,France,99.99,4,images/Joseph_Drouhin_Volnay_2022.png,images/bottle_Joseph_Drouhin_Volnay_2022.png,Volnay,Joseph Drouhin,"red fruit, oak, earth, spices, non oak, black fruit, microbio, floral, dried fruit, citrus fruit, tree fruit, vegetal","Beef, Veal, Game (deer, venison), Poultry",Pinot Noir
The Prisoner Pinot Noir 2021,United States,49.99,4.2,images/The_Prisoner_Pinot_Noir_2021.png,images/bottle_The_Prisoner_Pinot_Noir_2021.png,Sonoma Coast,The Prisoner,"red fruit, oak, non oak, spices, black fruit, earth, microbio, dried fruit, vegetal, citrus fruit, floral, tree fruit","Veal, Pork, Poultry, Mushrooms",Pinot Noir
Roberto Voerzio Rocche dell'Annunziata Torriglione Barolo 2017,Italy,625,4.5,images/Roberto_Voerzio_Rocche_dellAnnunziata_Torriglione_.png,images/bottle_Roberto_Voerzio_Rocche_dellAnnunziata_Torri.png,Barolo,Roberto Voerzio,"oak, earth, red fruit, spices, black fruit, non oak, floral, dried fruit, microbio, vegetal, citrus fruit, tree fruit","Beef, Pasta, Lamb, Game (deer, venison)",Nebbiolo
Lieu Dit Chenin Blanc 2023,United States,24.99,4,images/Lieu_Dit_Chenin_Blanc_2023.png,images/bottle_Lieu_Dit_Chenin_Blanc_2023.png,Santa Ynez Valley,Lieu Dit,"tree fruit, citrus fruit, earth, oak, microbio, vegetal, non oak, tropical fruit, spices, floral, red fruit","Shellfish, Spicy food, Lean fish, Mild and soft cheese",Chenin Blanc
Dobbes Family Estate Grand Assemblage Pinot Noir 2022,United States,35,3.9,images/Dobbes_Family_Estate_Grand_Assemblage_Pinot_Noir_2.png,images/bottle_Dobbes_Family_Estate_Grand_Assemblage_Pinot.png,Willamette Valley,Dobbes Family Estate,"red fruit, oak, earth, non oak, spices, black fruit, microbio, dried fruit, floral, vegetal, citrus fruit, tree fruit","Beef, Veal, Game (deer, venison), Poultry",Pinot Noir
J.K. Carriere Vespidae Pinot Noir 2022,United States,53,4.2,images/JK_Carriere_Vespidae_Pinot_Noir_2022.png,images/bottle_JK_Carriere_Vespidae_Pinot_Noir_2022.png,Willamette Valley,J.K. Carriere,"red fruit, earth, oak, non oak, spices, black fruit, microbio, floral, tree fruit, vegetal, dried fruit, citrus fruit","Beef, Veal, Game (deer, venison), Poultry",Pinot Noir
Lignier-Michelot Vieilles Vignes Chambolle-Musigny 2022,France,118,4.2,images/Lignier_Michelot_Vieilles_Vignes_Chambolle_Musigny.png,images/bottle_Lignier_Michelot_Vieilles_Vignes_Chambolle_.png,Chambolle-Musigny,Lignier-Michelot,"red fruit, earth, oak, black fruit, non oak, microbio, spices, floral, dried fruit, vegetal, tropical fruit","Beef, Veal, Game (deer, venison), Poultry",Pinot Noir
Domaine Tollot-Beaut Corton-Bressandes Grand Cru 1978,France,368,4.3,images/Domaine_Tollot_Beaut_Corton_Bressandes_Grand_Cru_1.png,images/bottle_Domaine_Tollot_Beaut_Corton_Bressandes_Gran.png,Corton Grand Cru,Domaine Tollot-Beaut,"red fruit, oak, earth, spices, non oak, black fruit, microbio, floral, vegetal, citrus fruit, tree fruit, dried fruit","Beef, Veal, Game (deer, venison), Poultry",Pinot Noir
Pas de Problème Pinot Noir 2023,France,10.99,3.8,images/Pas_de_Problme_Pinot_Noir_2023.png,images/bottle_Pas_de_Problme_Pinot_Noir_2023.png,Vin de France,Pas de Problème,"red fruit, oak, earth, non oak, black fruit, spices, dried fruit, floral, vegetal, microbio, tree fruit, citrus fruit",,
Mascarello Michele Barolo 1970,Italy,220,4.1,images/Mascarello_Michele_Barolo_1970.png,images/bottle_Mascarello_Michele_Barolo_1970.png,Barolo,Mascarello Michele,"earth, oak, non oak, red fruit, spices, black fruit, microbio, floral, dried fruit, vegetal, citrus fruit","Beef, Pasta, Lamb, Game (deer, venison)",Nebbiolo
Kudos Reserve Pinot Noir 2023,United States,28.97,3.6,images/Kudos_Reserve_Pinot_Noir_2023.png,images/bottle_Kudos_Reserve_Pinot_Noir_2023.png,Yamhill-Carlton District,Kudos,"red fruit, oak, earth, black fruit, spices, non oak, floral, microbio, vegetal, dried fruit, tree fruit, citrus fruit","Beef, Veal, Game (deer, venison), Poultry",Pinot Noir
Simon Bize & Fils Bourgogne 'Les Perrières' Rouge 2022,France,69.99,4,images/Simon_Bize_Fils_Bourgogne_Les_Perrires_Rouge_2022.png,images/bottle_Simon_Bize_Fils_Bourgogne_Les_Perrires_Roug.png,Bourgogne,Simon Bize & Fils,"red fruit, earth, oak, spices, non oak, black fruit, floral, microbio, citrus fruit, tree fruit, vegetal, tropical fruit, dried fruit","Beef, Veal, Game (deer, venison), Poultry",Pinot Noir
Domaine Faiveley Gevrey-Chambertin 2021,France,97.99,4,images/Domaine_Faiveley_Gevrey_Chambertin_2021.png,images/bottle_Domaine_Faiveley_Gevrey_Chambertin_2021.png,Gevrey-Chambertin,Domaine Faiveley,"red fruit, earth, oak, spices, non oak, black fruit, microbio, vegetal, dried fruit, floral, citrus fruit","Beef, Veal, Game (deer, venison), Poultry",Pinot Noir
Enzo Boglietti Fossati Barolo 2018,Italy,109.99,4.3,images/Enzo_Boglietti_Fossati_Barolo_2018.png,images/bottle_Enzo_Boglietti_Fossati_Barolo_2018.png,Barolo,Enzo Boglietti,"earth, oak, red fruit, non oak, black fruit, spices, floral, microbio, dried fruit, citrus fruit, vegetal, tree fruit","Beef, Pasta, Lamb, Game (deer, venison)",Nebbiolo
Domaine des Héritiers Louis Jadot Beaune 1er Cru Clos des Couchereaux 1995,France,179,4,images/Domaine_des_Hritiers_Louis_Jadot_Beaune_1er_Cru_Cl.png,images/bottle_Domaine_des_Hritiers_Louis_Jadot_Beaune_1er.png,Beaune Premier Cru,Domaine des Héritiers Louis Jadot,"red fruit, oak, earth, non oak, spices, microbio, black fruit, floral, dried fruit, vegetal, citrus fruit","Beef, Veal, Game (deer, venison), Poultry",Pinot Noir
Simonsig Chenin Blanc 2019,South Africa,15.99,3.8,images/Simonsig_Chenin_Blanc_2019.png,images/bottle_Simonsig_Chenin_Blanc_2019.png,Stellenbosch,Simonsig,"tree fruit, citrus fruit, tropical fruit, earth, vegetal, microbio, oak, floral, spices, non oak, dried fruit, red fruit","Shellfish, Spicy food, Lean fish, Mild and soft cheese",Chenin Blanc
Lorenzon Mercurey 1er Cru 'Champs Martin' Rouge 2022,France,83.99,4,images/Lorenzon_Mercurey_1er_Cru_Champs_Martin_Rouge_2022.png,images/bottle_Lorenzon_Mercurey_1er_Cru_Champs_Martin_Rou.png,Mercurey 1er Cru 'Les Champs Martin',Lorenzon,"red fruit, oak, earth, non oak, spices, black fruit, floral, microbio, dried fruit, tropical fruit, citrus fruit, vegetal","Beef, Veal, Game (deer, venison), Poultry",Pinot Noir
Gnarly Head Pinot Noir 2018,United States,12.84,3.6,images/Gnarly_Head_Pinot_Noir_2018.png,images/bottle_Gnarly_Head_Pinot_Noir_2018.png,California,Gnarly Head,"red fruit, oak, non oak, spices, black fruit, earth, microbio, dried fruit, floral, citrus fruit, vegetal, tree fruit, tropical fruit","Beef, Veal, Game (deer, venison), Poultry",Pinot Noir
Malvirà Trinità Roero Riserva 2017,Italy,38.99,4.1,images/Malvir_Trinit_Roero_Riserva_2017.png,images/bottle_Malvir_Trinit_Roero_Riserva_2017.png,Roero,Malvirà,"oak, earth, red fruit, non oak, spices, black fruit, floral, citrus fruit, microbio, dried fruit, vegetal, tree fruit, tropical fruit","Beef, Lamb, Game (deer, venison), Poultry",Nebbiolo
Domaine de Montille Pommard 1er Cru 'Les Pézerolles' 2020,France,230,4.3,images/Domaine_de_Montille_Pommard_1er_Cru_Les_Pzerolles_.png,images/bottle_Domaine_de_Montille_Pommard_1er_Cru_Les_Pze.png,Pommard Premier Cru,Domaine de Montille,"red fruit, earth, oak, non oak, black fruit, spices, microbio, floral, vegetal, dried fruit, citrus fruit, tree fruit","Beef, Veal, Game (deer, venison), Poultry",Pinot Noir
Bouchard Père & Fils Vosne-Romanée 2021,France,113.99,4.1,images/Bouchard_Pre_Fils_Vosne_Romane_2021.png,images/bottle_Bouchard_Pre_Fils_Vosne_Romane_2021.png,Vosne-Romanée,Bouchard Père & Fils,"red fruit, oak, earth, non oak, spices, black fruit, microbio, floral, dried fruit, citrus fruit, vegetal, tree fruit","Beef, Veal, Game (deer, venison), Poultry",Pinot Noir
EnRoute Les Pommiers Pinot Noir 2016,United States,79.27,4.4,images/EnRoute_Les_Pommiers_Pinot_Noir_2016.png,images/bottle_EnRoute_Les_Pommiers_Pinot_Noir_2016.png,Russian River Valley,EnRoute,"red fruit, oak, black fruit, earth, non oak, spices, microbio, tree fruit, floral, vegetal, dried fruit, citrus fruit, tropical fruit","Veal, Pork, Poultry, Mushrooms",Pinot Noir
Familia Torres San Valentín Garnacha 2015,Spain,31.99,3.8,images/Familia_Torres_San_Valentn_Garnacha_2015.png,images/bottle_Familia_Torres_San_Valentn_Garnacha_2015.png,Catalunya,Familia Torres,"red fruit, oak, black fruit, spices, non oak, earth, microbio, floral, dried fruit, tree fruit, vegetal, citrus fruit, tropical fruit","Beef, Pasta, Lamb, Game (deer, venison), Poultry",Grenache
Chalone Vineyard Monterey Pinot Noir 1969,United States,635,3.4,images/Chalone_Vineyard_Monterey_Pinot_Noir_1969.png,images/bottle_Chalone_Vineyard_Monterey_Pinot_Noir_1969.png,Monterey County,Chalone Vineyard,"oak, red fruit, earth, non oak, black fruit, spices, microbio, tree fruit, dried fruit, tropical fruit, citrus fruit, vegetal","Beef, Veal, Game (deer, venison), Poultry",Pinot Noir
Batasiolo Barolo Boscareto 2000,Italy,57.56,4.2,images/Batasiolo_Barolo_Boscareto_2000.png,images/bottle_Batasiolo_Barolo_Boscareto_2000.png,Barolo,Batasiolo,"earth, oak, red fruit, non oak, spices, black fruit, floral, microbio, dried fruit, citrus fruit, vegetal","Beef, Pasta, Lamb, Game (deer, venison)",Nebbiolo
Gérard Raphet Morey-Saint-Denis 2022,France,89.99,4,images/Grard_Raphet_Morey_Saint_Denis_2022.png,images/bottle_Grard_Raphet_Morey_Saint_Denis_2022.png,Morey-Saint-Denis,Gérard Raphet,"red fruit, earth, oak, non oak, black fruit, spices, microbio, vegetal, dried fruit, floral, tropical fruit, citrus fruit","Beef, Veal, Game (deer, venison), Poultry",Pinot Noir
Fess Parker Ashley's Pinot Noir 2023,United States,54.99,4.2,images/Fess_Parker_Ashleys_Pinot_Noir_2023.png,images/bottle_Fess_Parker_Ashleys_Pinot_Noir_2023.png,Sta. Rita Hills,Fess Parker,"red fruit, oak, earth, non oak, black fruit, spices, microbio, dried fruit, vegetal, floral, tropical fruit, tree fruit","Veal, Pork, Poultry, Mushrooms",Pinot Noir
Maison Saint Aix AIX Rosé 2023,France,17.99,4,images/Maison_Saint_Aix_AIX_Ros_2023.png,images/bottle_Maison_Saint_Aix_AIX_Ros_2023.png,Coteaux d'Aix-en-Provence,Maison Saint Aix,"red fruit, citrus fruit, tree fruit, earth, microbio, spices, floral, tropical fruit, oak, vegetal, non oak, black fruit, dried fruit","Pork, Shellfish, Vegetarian, Poultry","Shiraz/Syrah, Grenache, Cinsault"
Fürst Centgrafenberg GG Spätburgunder 2022,Germany,165,4.1,images/Frst_Centgrafenberg_GG_Sptburgunder_2022.png,images/bottle_Frst_Centgrafenberg_GG_Sptburgunder_2022.png,Franken,Fürst,"red fruit, oak, earth, non oak, spices, black fruit, microbio, floral, vegetal, citrus fruit, dried fruit, tree fruit","Beef, Veal, Game (deer, venison), Poultry",Pinot Noir
Domaine Denis Mortet Gevrey-Chambertin 1er Cru 2019,France,180,4.3,images/Domaine_Denis_Mortet_Gevrey_Chambertin_1er_Cru_201.png,images/bottle_Domaine_Denis_Mortet_Gevrey_Chambertin_1er_.png,Gevrey-Chambertin Premier Cru,Domaine Denis Mortet,"oak, red fruit, earth, non oak, microbio, black fruit, spices, dried fruit, floral, tree fruit, vegetal, tropical fruit","Beef, Veal, Game (deer, venison), Poultry",Pinot Noir
Domaine Anne Gros Echezeaux Grand Cru Les Loachausses 2021,France,359.99,4.4,images/Domaine_Anne_Gros_Echezeaux_Grand_Cru_Les_Loachaus.png,images/bottle_Domaine_Anne_Gros_Echezeaux_Grand_Cru_Les_L.png,Échezeaux Grand Cru,Domaine Anne Gros,"red fruit, earth, oak, spices, black fruit, non oak, microbio, floral, citrus fruit, vegetal, dried fruit","Beef, Veal, Game (deer, venison), Poultry",Pinot Noir
Chandon de Briailles Corton Grand Cru 'Les Bressandes' 2021,France,360,4.2,images/Chandon_de_Briailles_Corton_Grand_Cru_Les_Bressand.png,images/bottle_Chandon_de_Briailles_Corton_Grand_Cru_Les_B.png,Corton Grand Cru 'Les Bressandes',Chandon de Briailles,"red fruit, earth, oak, non oak, spices, microbio, floral, black fruit, vegetal, dried fruit, citrus fruit, tree fruit, tropical fruit","Beef, Veal, Game (deer, venison), Poultry",Pinot Noir
Merry Edwards Olivet Lane Pinot Noir 2023,United States,77,4.4,images/Merry_Edwards_Olivet_Lane_Pinot_Noir_2023.png,images/bottle_Merry_Edwards_Olivet_Lane_Pinot_Noir_2023.png,Russian River Valley,Merry Edwards,"red fruit, oak, black fruit, earth, non oak, spices, microbio, floral, vegetal, dried fruit, citrus fruit, tree fruit","Veal, Pork, Poultry, Mushrooms",Pinot Noir
Vincent & Sophie Morey Vieilles Vignes Chassagne-Montrachet Rouge 2023,France,99.99,4.2,images/Vincent_Sophie_Morey_Vieilles_Vignes_Chassagne_Mon.png,images/bottle_Vincent_Sophie_Morey_Vieilles_Vignes_Chassa.png,Chassagne-Montrachet,Vincent & Sophie Morey,"earth, oak, red fruit, microbio, non oak, spices, black fruit, tree fruit, citrus fruit, tropical fruit, floral, vegetal","Beef, Veal, Game (deer, venison), Poultry",Pinot Noir
Domaine Faiveley Pinot Noir Bourgogne 2021,France,39.99,4,images/Domaine_Faiveley_Pinot_Noir_Bourgogne_2021.png,images/bottle_Domaine_Faiveley_Pinot_Noir_Bourgogne_2021.png,Bourgogne,Domaine Faiveley,"red fruit, earth, oak, non oak, spices, microbio, black fruit, floral, vegetal, dried fruit, citrus fruit, tree fruit, tropical fruit","Beef, Veal, Game (deer, venison), Poultry",Pinot Noir
Domaine Michel & Sylvie Esmonin Gevrey-Chambertin 1er Cru 'Clos St Jacques' 1990,France,399,4.3,images/Domaine_Michel_Sylvie_Esmonin_Gevrey_Chambertin_1e.png,images/bottle_Domaine_Michel_Sylvie_Esmonin_Gevrey_Chambe.png,Gevrey-Chambertin 1er Cru 'Clos St Jacques',Domaine Michel & Sylvie Esmonin,"red fruit, earth, oak, black fruit, non oak, spices, floral, microbio, dried fruit, citrus fruit, vegetal, tree fruit","Beef, Veal, Game (deer, venison), Poultry",Pinot Noir
Rivers-Marie Pinot Noir 2023,United States,49.99,4.2,images/Rivers_Marie_Pinot_Noir_2023.png,images/bottle_Rivers_Marie_Pinot_Noir_2023.png,Sonoma Coast,Rivers-Marie,"red fruit, oak, non oak, black fruit, earth, spices, citrus fruit, microbio, floral, vegetal, tropical fruit, tree fruit, dried fruit","Veal, Pork, Poultry, Mushrooms",Pinot Noir
Méo-Camuzet Nuits-Saint-Georges 1er Cru 'Aux Boudots' 2022,France,263,4.4,images/Mo_Camuzet_Nuits_Saint_Georges_1er_Cru_Aux_Boudots.png,images/bottle_Mo_Camuzet_Nuits_Saint_Georges_1er_Cru_Aux_.png,Nuits-Saint-Georges 1er Cru 'Aux Boudots',Méo-Camuzet,"red fruit, earth, oak, black fruit, non oak, spices, microbio, floral, dried fruit, vegetal, tree fruit, citrus fruit","Beef, Veal, Game (deer, venison), Poultry",Pinot Noir
Ken Wright Cellars Canary Hill Vineyard Pinot Noir 2022,United States,67.99,4.1,images/Ken_Wright_Cellars_Canary_Hill_Vineyard_Pinot_Noir.png,images/bottle_Ken_Wright_Cellars_Canary_Hill_Vineyard_Pin.png,Eola-Amity Hills,Ken Wright Cellars,"red fruit, oak, earth, non oak, black fruit, spices, microbio, citrus fruit, vegetal, floral, dried fruit, tree fruit","Beef, Veal, Game (deer, venison), Poultry",Pinot Noir
Gaja Dagromis Barolo 2018,Italy,94.99,4.4,images/Gaja_Dagromis_Barolo_2018.png,images/bottle_Gaja_Dagromis_Barolo_2018.png,Barolo,Gaja,"earth, oak, red fruit, non oak, spices, black fruit, microbio, floral, dried fruit, citrus fruit, vegetal, tree fruit, tropical fruit","Beef, Pasta, Lamb, Game (deer, venison)",Nebbiolo
Domaine Jean Grivot Echezeaux Grand Cru 2021,France,699.99,4.4,images/Domaine_Jean_Grivot_Echezeaux_Grand_Cru_2021.png,images/bottle_Domaine_Jean_Grivot_Echezeaux_Grand_Cru_202.png,Grands-Échezeaux Grand Cru,Domaine Jean Grivot,"red fruit, earth, oak, black fruit, non oak, spices, microbio, floral, vegetal, dried fruit, tropical fruit, citrus fruit, tree fruit","Beef, Veal, Game (deer, venison), Poultry",Pinot Noir
Marc Brédif Vouvray Blanc 2023,France,23,4,images/Marc_Brdif_Vouvray_Blanc_2023.png,images/bottle_Marc_Brdif_Vouvray_Blanc_2023.png,Vouvray,Marc Brédif,"earth, tree fruit, citrus fruit, microbio, oak, tropical fruit, floral, non oak, spices, vegetal, dried fruit, black fruit","Rich fish (salmon, tuna etc), Vegetarian, Poultry, Mild and soft cheese",Chenin Blanc
Telmo Rodriguez Pegaso Granito 2021,Spain,69.99,3.9,images/Telmo_Rodriguez_Pegaso_Granito_2021.png,images/bottle_Telmo_Rodriguez_Pegaso_Granito_2021.png,Castilla y León,Telmo Rodriguez,"oak, earth, red fruit, spices, non oak, black fruit, floral, dried fruit, microbio, vegetal, tree fruit","Beef, Pasta, Lamb, Game (deer, venison), Poultry",Grenache
Didier Fornerol Côte de Nuits-Villages Rouge 2022,France,59,4,images/Didier_Fornerol_Cte_de_Nuits_Villages_Rouge_2022.png,images/bottle_Didier_Fornerol_Cte_de_Nuits_Villages_Rouge.png,Côte de Nuits Villages,Didier Fornerol,"red fruit, earth, oak, spices, non oak, black fruit, floral, microbio, vegetal, tree fruit, citrus fruit, dried fruit","Beef, Veal, Game (deer, venison), Poultry",Pinot Noir
Soter Vineyards Mineral Springs Pinot Noir 2022,United States,79.99,4.4,images/Soter_Vineyards_Mineral_Springs_Pinot_Noir_2022.png,images/bottle_Soter_Vineyards_Mineral_Springs_Pinot_Noir_.png,Yamhill-Carlton District,Soter Vineyards,"red fruit, earth, oak, black fruit, non oak, spices, microbio, dried fruit, floral, vegetal, tree fruit, citrus fruit","Beef, Veal, Game (deer, venison), Poultry",Pinot Noir
Domaine Huet Vouvray Clos du Bourg Moelleux 2023,France,65,4.2,images/Domaine_Huet_Vouvray_Clos_du_Bourg_Moelleux_2023.png,images/bottle_Domaine_Huet_Vouvray_Clos_du_Bourg_Moelleux.png,Vouvray,Domaine Huet,"earth, tree fruit, citrus fruit, oak, microbio, non oak, spices, floral, tropical fruit, dried fruit, vegetal, black fruit, red fruit","Mature and hard cheese, Fruity desserts, Blue cheese",Chenin Blanc
Domaine Bruno Clair Marsannay 'Les Longeroies' 2022,France,99.99,4,images/Domaine_Bruno_Clair_Marsannay_Les_Longeroies_2022.png,images/bottle_Domaine_Bruno_Clair_Marsannay_Les_Longeroie.png,Marsannay,Domaine Bruno Clair,"red fruit, earth, oak, non oak, black fruit, spices, microbio, floral, citrus fruit, tree fruit, vegetal, tropical fruit, dried fruit","Beef, Veal, Game (deer, venison), Poultry",Pinot Noir
Álvaro Palacios Les Terrasses Laderas de Pizarra 2021,Spain,44.99,4.2,images/lvaro_Palacios_Les_Terrasses_Laderas_de_Pizarra_20.png,images/bottle_lvaro_Palacios_Les_Terrasses_Laderas_de_Piz.png,Priorat,Álvaro Palacios,"oak, black fruit, red fruit, earth, non oak, spices, floral, dried fruit, microbio, vegetal, citrus fruit, tree fruit, tropical fruit","Beef, Lamb, Game (deer, venison), Poultry","Shiraz/Syrah, Cabernet Sauvignon, Grenache, Carignan"
Ken Wright Cellars Willamette Valley Pinot Noir 2018,United States,35.23,4.1,images/Ken_Wright_Cellars_Willamette_Valley_Pinot_Noir_20.png,images/bottle_Ken_Wright_Cellars_Willamette_Valley_Pinot_.png,Willamette Valley,Ken Wright Cellars,"red fruit, oak, earth, non oak, spices, black fruit, microbio, floral, vegetal, dried fruit, citrus fruit, tree fruit, tropical fruit","Beef, Veal, Game (deer, venison), Poultry",Pinot Noir
J Vineyards Pinot Noir (Monterey/Sonoma/Santa Barbara) 2022,United States,19.99,4,images/J_Vineyards_Pinot_Noir_MontereySonomaSanta_Barbara.png,images/bottle_J_Vineyards_Pinot_Noir_MontereySonomaSanta_.png,California,J Vineyards,"red fruit, oak, non oak, spices, black fruit, earth, microbio, floral, dried fruit, citrus fruit, vegetal, tree fruit, tropical fruit","Beef, Veal, Game (deer, venison), Poultry",Pinot Noir
Domaine de La Bastide - Vincent & Stéphanie Boyer Côtes-du-Rhône Rouge 2022,France,15.99,3.7,images/Domaine_de_La_Bastide_Vincent_Stphanie_Boyer_Ctes_.png,images/bottle_Domaine_de_La_Bastide_Vincent_Stphanie_Boye.png,Côtes-du-Rhône,Domaine de La Bastide - Vincent & Stéphanie Boyer,"red fruit, earth, black fruit, oak, non oak, spices, microbio, tree fruit, citrus fruit, dried fruit, floral, vegetal, tropical fruit","Beef, Lamb, Game (deer, venison)","Shiraz/Syrah, Grenache, Mourvedre"
Domaine Faiveley Nuits-Saint-Georges 1er Cru Clos de La Maréchale 1993,France,263,4,images/Domaine_Faiveley_Nuits_Saint_Georges_1er_Cru_Clos_.png,images/bottle_Domaine_Faiveley_Nuits_Saint_Georges_1er_Cr.png,Nuits-Saint-Georges,Domaine Faiveley,"earth, red fruit, oak, spices, microbio, non oak, black fruit, dried fruit, floral, vegetal, citrus fruit","Beef, Veal, Game (deer, venison), Poultry",Pinot Noir
Domaine Pavelot - Jean-Marc et Hughes Savigny-les-Beaune 1er Cru 'La Dominode' 2022,France,58,4,images/Domaine_Pavelot_Jean_Marc_et_Hughes_Savigny_les_Be.png,images/bottle_Domaine_Pavelot_Jean_Marc_et_Hughes_Savigny.png,Savigny-lès-Beaune 1er Cru 'La Dominode',Domaine Pavelot - Jean-Marc et Hughes,"red fruit, earth, oak, microbio, non oak, spices, black fruit, vegetal, floral, dried fruit, citrus fruit, tree fruit","Beef, Veal, Game (deer, venison), Poultry",Pinot Noir
Stephen Vincent Pinot Noir 2022,United States,15.99,3.7,images/Stephen_Vincent_Pinot_Noir_2022.png,images/bottle_Stephen_Vincent_Pinot_Noir_2022.png,North Coast,Stephen Vincent,"red fruit, oak, non oak, spices, black fruit, earth, microbio, dried fruit, tree fruit, citrus fruit, vegetal","Beef, Veal, Game (deer, venison), Poultry",Pinot Noir
Domaine Drouhin Louise Pinot Noir 2006,United States,174,4.2,images/Domaine_Drouhin_Louise_Pinot_Noir_2006.png,images/bottle_Domaine_Drouhin_Louise_Pinot_Noir_2006.png,Dundee Hills,Domaine Drouhin,"red fruit, oak, earth, non oak, spices, microbio, black fruit, citrus fruit, dried fruit, floral, vegetal","Beef, Veal, Game (deer, venison), Poultry",Pinot Noir
Hospices de Beaune Mazis-Chambertin Grand Cru Cuvée Madeleine Collignon 1985,France,989,4.4,images/Hospices_de_Beaune_Mazis_Chambertin_Grand_Cru_Cuve.png,images/bottle_Hospices_de_Beaune_Mazis_Chambertin_Grand_C.png,Mazis-Chambertin Grand Cru,Hospices de Beaune,"earth, oak, red fruit, non oak, black fruit, spices, microbio, floral, dried fruit, citrus fruit, tropical fruit","Beef, Veal, Game (deer, venison), Poultry",Pinot Noir
Mascarello Giuseppe e Figlio Barolo Villero 1978,Italy,659,4.2,images/Mascarello_Giuseppe_e_Figlio_Barolo_Villero_1978.png,images/bottle_Mascarello_Giuseppe_e_Figlio_Barolo_Villero.png,Barolo,Mascarello Giuseppe e Figlio,"earth, red fruit, oak, non oak, spices, black fruit, floral, microbio, dried fruit, citrus fruit, vegetal","Beef, Pasta, Lamb, Game (deer, venison)",Nebbiolo
Domaine Denis Bachelet Côte de Nuits-Villages 2022,France,115,4,images/Domaine_Denis_Bachelet_Cte_de_Nuits_Villages_2022.png,images/bottle_Domaine_Denis_Bachelet_Cte_de_Nuits_Village.png,Côte de Nuits Villages,Domaine Denis Bachelet,"red fruit, earth, oak, non oak, black fruit, spices, microbio, floral, vegetal, citrus fruit, dried fruit, tree fruit","Beef, Veal, Game (deer, venison), Poultry",Pinot Noir
Domaine Taupenot-Merme Morey Saint Denis 2022,France,129,4.1,images/Domaine_Taupenot_Merme_Morey_Saint_Denis_2022.png,images/bottle_Domaine_Taupenot_Merme_Morey_Saint_Denis_20.png,Morey-Saint-Denis,Domaine Taupenot-Merme,"red fruit, earth, oak, microbio, black fruit, spices, non oak, floral, vegetal, citrus fruit, tropical fruit, tree fruit","Beef, Veal, Game (deer, venison), Poultry",Pinot Noir
Bodegas Ponce Gulp Hablo Garnacha 2023,Spain,10.99,3.7,images/Bodegas_Ponce_Gulp_Hablo_Garnacha_2023.png,images/bottle_Bodegas_Ponce_Gulp_Hablo_Garnacha_2023.png,La Mancha,Bodegas Ponce,"red fruit, black fruit, citrus fruit, oak, earth, spices, vegetal, dried fruit, floral, non oak, tropical fruit, microbio","Beef, Pasta, Lamb, Game (deer, venison), Poultry",Grenache
Terre da Vino Barolo 2010,Italy,62,3.5,images/Terre_da_Vino_Barolo_2010.png,images/bottle_Terre_da_Vino_Barolo_2010.png,Barolo,Terre da Vino,"oak, red fruit, earth, non oak, black fruit, spices, microbio, floral, dried fruit, citrus fruit, vegetal, tree fruit, tropical fruit","Beef, Pasta, Lamb, Game (deer, venison)",Nebbiolo
Böen Pinot Noir 2019,United States,20,4,images/Ben_Pinot_Noir_2019.png,images/bottle_Ben_Pinot_Noir_2019.png,California,Böen,"red fruit, oak, non oak, black fruit, spices, earth, dried fruit, microbio, vegetal, tree fruit, citrus fruit, floral, tropical fruit","Beef, Veal, Game (deer, venison), Poultry",Pinot Noir
Clos Pegase Pinot Noir Mitsuko's Vineyard 2022,United States,58,4,images/Clos_Pegase_Pinot_Noir_Mitsukos_Vineyard_2022.png,images/bottle_Clos_Pegase_Pinot_Noir_Mitsukos_Vineyard_20.png,Los Carneros,Clos Pegase,"red fruit, oak, earth, non oak, spices, black fruit, microbio, vegetal, citrus fruit, dried fruit, floral, tree fruit, tropical fruit","Veal, Pork, Poultry, Mushrooms",Pinot Noir
Terroir Al Límit Soc. Lda Historic Tinto 2018,Spain,31.99,3.9,images/Terroir_Al_Lmit_Soc_Lda_Historic_Tinto_2018.png,images/bottle_Terroir_Al_Lmit_Soc_Lda_Historic_Tinto_2018.png,Priorat,Terroir Al Límit Soc. Lda,"red fruit, earth, oak, spices, black fruit, non oak, microbio, floral, vegetal, tree fruit, citrus fruit, dried fruit","Beef, Lamb, Game (deer, venison), Poultry","Shiraz/Syrah, Cabernet Sauvignon, Grenache, Carignan"
Evesham Wood Le Puits Sec Pinot Noir 2021,United States,44.99,3.9,images/Evesham_Wood_Le_Puits_Sec_Pinot_Noir_2021.png,images/bottle_Evesham_Wood_Le_Puits_Sec_Pinot_Noir_2021.png,Eola-Amity Hills,Evesham Wood,"red fruit, earth, oak, non oak, spices, black fruit, microbio, floral, vegetal, citrus fruit, tree fruit, dried fruit","Beef, Veal, Game (deer, venison), Poultry",Pinot Noir
San Simeon Wines Pinot Noir 2023,United States,22.95,3.7,images/San_Simeon_Wines_Pinot_Noir_2023.png,images/bottle_San_Simeon_Wines_Pinot_Noir_2023.png,Monterey,San Simeon Wines,"oak, red fruit, earth, spices, non oak, black fruit, vegetal, microbio, citrus fruit, floral, dried fruit, tree fruit, tropical fruit","Beef, Veal, Game (deer, venison), Poultry",Pinot Noir
Domaine Vacheron Sancerre Belle Dame 2022,France,88.99,4.1,images/Domaine_Vacheron_Sancerre_Belle_Dame_2022.png,images/bottle_Domaine_Vacheron_Sancerre_Belle_Dame_2022.png,Sancerre,Domaine Vacheron,"red fruit, earth, oak, non oak, spices, black fruit, microbio, citrus fruit, floral, vegetal, dried fruit, tree fruit","Veal, Game (deer, venison), Poultry","Cabernet Franc, Pinot Noir, Gamay, Grolleau"
Corino Arborina Barolo 2019,Italy,89.99,4.2,images/Corino_Arborina_Barolo_2019.png,images/bottle_Corino_Arborina_Barolo_2019.png,Barolo,Corino,"oak, earth, non oak, red fruit, black fruit, spices, floral, microbio, dried fruit, tree fruit, tropical fruit, vegetal","Beef, Pasta, Lamb, Game (deer, venison)",Nebbiolo
El Molino Pinot Noir 2019,United States,97,4.5,images/El_Molino_Pinot_Noir_2019.png,images/bottle_El_Molino_Pinot_Noir_2019.png,Rutherford,El Molino,"red fruit, oak, earth, non oak, black fruit, spices, microbio, dried fruit, floral, vegetal, tree fruit","Beef, Veal, Game (deer, venison), Poultry",Pinot Noir
Domaine Taupenot-Merme Morey Saint Denis Premier Cru La Riotte 2022,France,203,4.2,images/Domaine_Taupenot_Merme_Morey_Saint_Denis_Premier_C.png,images/bottle_Domaine_Taupenot_Merme_Morey_Saint_Denis_Pr.png,Morey-Saint-Denis Premier Cru,Domaine Taupenot-Merme,"earth, red fruit, oak, microbio, non oak, black fruit, spices, floral, dried fruit, vegetal, tropical fruit, citrus fruit","Beef, Veal, Game (deer, venison), Poultry",Pinot Noir
Vallana Spanna Colline Novaresi 2021,Italy,33,3.8,images/Vallana_Spanna_Colline_Novaresi_2021.png,images/bottle_Vallana_Spanna_Colline_Novaresi_2021.png,Piemonte,Vallana,"earth, red fruit, oak, non oak, black fruit, spices, microbio, floral, dried fruit, vegetal, tropical fruit, citrus fruit","Beef, Lamb, Game (deer, venison), Poultry",Nebbiolo
Hospices de Beaune Beaune Premier Cru Cuvée Maurice Drouhin (Joseph Drouhin) 1961,France,640,4.3,images/Hospices_de_Beaune_Beaune_Premier_Cru_Cuve_Maurice.png,images/bottle_Hospices_de_Beaune_Beaune_Premier_Cru_Cuve_.png,Beaune Premier Cru,Hospices de Beaune,"earth, red fruit, oak, black fruit, microbio, non oak, spices, floral, dried fruit, vegetal, tree fruit, citrus fruit","Beef, Veal, Game (deer, venison), Poultry",Pinot Noir
Frédéric Magnien Chambolle-Musigny Premier Cru 'Borniques' 2022,France,250,4.2,images/Frdric_Magnien_Chambolle_Musigny_Premier_Cru_Borni.png,images/bottle_Frdric_Magnien_Chambolle_Musigny_Premier_Cr.png,Chambolle-Musigny 1er Cru 'Les Borniques',Frédéric Magnien,"red fruit, oak, earth, non oak, black fruit, microbio, spices, floral, dried fruit, vegetal","Beef, Veal, Game (deer, venison), Poultry",Pinot Noir
Nervi Gattinara 2016,Italy,139,4.2,images/Nervi_Gattinara_2016.png,images/bottle_Nervi_Gattinara_2016.png,Gattinara,Nervi,"red fruit, earth, oak, spices, non oak, black fruit, floral, microbio, dried fruit, vegetal, citrus fruit, tree fruit, tropical fruit","Beef, Lamb, Game (deer, venison), Poultry",Nebbiolo
Tintero Elvio Langhe Nebbiolo 2023,Italy,18.99,3.8,images/Tintero_Elvio_Langhe_Nebbiolo_2023.png,images/bottle_Tintero_Elvio_Langhe_Nebbiolo_2023.png,Langhe,Tintero Elvio,"red fruit, oak, earth, non oak, spices, black fruit, floral, microbio, vegetal, dried fruit, tree fruit, citrus fruit","Beef, Lamb, Game (deer, venison), Poultry",Nebbiolo
Michel Sarrazin Givry 'Sous La Roche' 2022,France,31.99,3.9,images/Michel_Sarrazin_Givry_Sous_La_Roche_2022.png,images/bottle_Michel_Sarrazin_Givry_Sous_La_Roche_2022.png,Givry,Michel Sarrazin,"red fruit, earth, oak, black fruit, non oak, microbio, spices, floral, dried fruit, tree fruit, citrus fruit","Beef, Veal, Game (deer, venison), Poultry",Pinot Noir
Alain de la Treille Pinot Noir 2024,France,11.98,3.6,images/Alain_de_la_Treille_Pinot_Noir_2024.png,images/bottle_Alain_de_la_Treille_Pinot_Noir_2024.png,Vin de France,Alain de la Treille,"red fruit, earth, black fruit, oak, spices, microbio, non oak, tree fruit, citrus fruit, vegetal, dried fruit, floral",,
Noble Vines 667 Pinot Noir 2021,United States,11.99,3.8,images/Noble_Vines_667_Pinot_Noir_2021.png,images/bottle_Noble_Vines_667_Pinot_Noir_2021.png,Monterey,Noble Vines,"red fruit, oak, earth, spices, non oak, black fruit, microbio, dried fruit, floral, vegetal, tree fruit, citrus fruit, tropical fruit","Beef, Veal, Game (deer, venison), Poultry",Pinot Noir
Renato Ratti Ochetti Nebbiolo 2022,Italy,24.99,4,images/Renato_Ratti_Ochetti_Nebbiolo_2022.png,images/bottle_Renato_Ratti_Ochetti_Nebbiolo_2022.png,Langhe,Renato Ratti,"red fruit, oak, earth, non oak, spices, black fruit, floral, microbio, vegetal, dried fruit, citrus fruit, tree fruit, tropical fruit","Beef, Lamb, Game (deer, venison), Poultry",Nebbiolo
Comte Lafond Sancerre Grande Cuvée Rouge 2023,France,65,4.3,images/Comte_Lafond_Sancerre_Grande_Cuve_Rouge_2023.png,images/bottle_Comte_Lafond_Sancerre_Grande_Cuve_Rouge_202.png,Sancerre,Comte Lafond,"black fruit, oak, red fruit, earth, spices, non oak, citrus fruit, vegetal, tree fruit","Veal, Game (deer, venison), Poultry","Cabernet Franc, Pinot Noir, Gamay, Grolleau"
McKinlay Pinot Noir 2023,United States,27,3.8,images/McKinlay_Pinot_Noir_2023.png,images/bottle_McKinlay_Pinot_Noir_2023.png,Willamette Valley,McKinlay,"red fruit, oak, earth, non oak, spices, black fruit, microbio, vegetal, citrus fruit, dried fruit, floral, tropical fruit","Beef, Veal, Game (deer, venison), Poultry",Pinot Noir
Domaine Fourrier Vieille Vigne Gevrey-Chambertin Combe Aux Moines 1er Cru 2021,France,230,4.3,images/Domaine_Fourrier_Vieille_Vigne_Gevrey_Chambertin_C.png,images/bottle_Domaine_Fourrier_Vieille_Vigne_Gevrey_Chamb.png,Gevrey-Chambertin Premier Cru,Domaine Fourrier,"red fruit, earth, oak, non oak, black fruit, floral, microbio, spices, vegetal, dried fruit, tree fruit, citrus fruit","Beef, Veal, Game (deer, venison), Poultry",Pinot Noir
Hospices de Beaune Cuvée Général Muteau Volnay Premier Cru 1992,France,176,4.3,images/Hospices_de_Beaune_Cuve_Gnral_Muteau_Volnay_Premie.png,images/bottle_Hospices_de_Beaune_Cuve_Gnral_Muteau_Volnay.png,Volnay Premier Cru,Hospices de Beaune,"red fruit, oak, earth, black fruit, non oak, spices, microbio, dried fruit, tree fruit, floral, vegetal","Beef, Veal, Game (deer, venison), Poultry",Pinot Noir
Anthill Farms Campbell Ranch Pinot Noir 2022,United States,55.99,4.3,images/Anthill_Farms_Campbell_Ranch_Pinot_Noir_2022.png,images/bottle_Anthill_Farms_Campbell_Ranch_Pinot_Noir_202.png,Sonoma Coast,Anthill Farms,"red fruit, oak, spices, non oak, earth, black fruit, microbio, dried fruit, citrus fruit, floral, vegetal, tree fruit","Veal, Pork, Poultry, Mushrooms",Pinot Noir
Louis Latour Domaine de Valmoissine Pinot Noir 2021,France,15.99,3.8,images/Louis_Latour_Domaine_de_Valmoissine_Pinot_Noir_202.png,images/bottle_Louis_Latour_Domaine_de_Valmoissine_Pinot_N.png,Var,Louis Latour,"red fruit, earth, oak, non oak, spices, black fruit, microbio, vegetal, floral, dried fruit, citrus fruit, tree fruit, tropical fruit","Beef, Lamb, Game (deer, venison)",
Domaine de Marcoux Châteauneuf-du-Pape Vieilles Vignes 1990,France,497,4.4,images/Domaine_de_Marcoux_Chteauneuf_du_Pape_Vieilles_Vig.png,images/bottle_Domaine_de_Marcoux_Chteauneuf_du_Pape_Vieil.png,Châteauneuf-du-Pape,Domaine de Marcoux,"earth, oak, black fruit, non oak, red fruit, spices, dried fruit, floral, microbio, citrus fruit, vegetal, tree fruit, tropical fruit","Lamb, Pork, Poultry","Shiraz/Syrah, Mourvedre, Counoise, Cinsaut, Vaccareze, Muscardin"
Voerzio Alberto La Serra Barolo 2000,Italy,229.07,4.2,images/Voerzio_Alberto_La_Serra_Barolo_2000.png,images/bottle_Voerzio_Alberto_La_Serra_Barolo_2000.png,Barolo,Voerzio Alberto,"oak, red fruit, spices, non oak, earth, microbio, black fruit, vegetal, floral, dried fruit, citrus fruit","Beef, Pasta, Lamb, Game (deer, venison)",Nebbiolo
Château de Meursault Beaune Premier Cru Cent-Vignes 1979,France,165,4.1,images/Chteau_de_Meursault_Beaune_Premier_Cru_Cent_Vignes.png,images/bottle_Chteau_de_Meursault_Beaune_Premier_Cru_Cent.png,Beaune Premier Cru,Château de Meursault,"red fruit, oak, non oak, spices, earth, black fruit, dried fruit, microbio, floral, citrus fruit, vegetal, tree fruit","Beef, Veal, Game (deer, venison), Poultry",Pinot Noir
Bovio Firagnetti Langhe Nebbiolo 2023,Italy,24.99,3.8,images/Bovio_Firagnetti_Langhe_Nebbiolo_2023.png,images/bottle_Bovio_Firagnetti_Langhe_Nebbiolo_2023.png,Langhe,Bovio,"red fruit, earth, oak, non oak, black fruit, spices, floral, microbio, citrus fruit, vegetal","Beef, Lamb, Game (deer, venison), Poultry",Nebbiolo
Marchesi di Barolo Cannubi Barolo 2014,Italy,149.99,4.3,images/Marchesi_di_Barolo_Cannubi_Barolo_2014.png,images/bottle_Marchesi_di_Barolo_Cannubi_Barolo_2014.png,Barolo,Marchesi di Barolo,"oak, earth, red fruit, non oak, spices, black fruit, microbio, floral, dried fruit, citrus fruit, vegetal, tree fruit, tropical fruit","Beef, Pasta, Lamb, Game (deer, venison)",Nebbiolo
Louis Roederer Rosé Brut Champagne (Vintage) 2016,France,99.99,4.3,images/Louis_Roederer_Ros_Brut_Champagne_Vintage_2016.png,images/bottle_Louis_Roederer_Ros_Brut_Champagne_Vintage_2.png,Champagne,Louis Roederer,"red fruit, non oak, citrus fruit, microbio, oak, earth, tree fruit, vegetal, spices, floral, black fruit, tropical fruit, dried fruit","Pork, Rich fish (salmon, tuna etc), Shellfish, Mild and soft cheese","Chardonnay, Pinot Noir, Pinot Meunier"
King Estate Inscription Pinot Noir 2018,United States,20.99,3.9,images/King_Estate_Inscription_Pinot_Noir_2018.png,images/bottle_King_Estate_Inscription_Pinot_Noir_2018.png,Willamette Valley,King Estate,"red fruit, oak, earth, non oak, spices, black fruit, microbio, dried fruit, citrus fruit, vegetal, floral, tree fruit, tropical fruit","Beef, Veal, Game (deer, venison), Poultry",Pinot Noir
Banyan Gewürztraminer 2023,United States,15,3.7,images/Banyan_Gewrztraminer_2023.png,images/bottle_Banyan_Gewrztraminer_2023.png,Monterey County,Banyan,"tree fruit, earth, citrus fruit, tropical fruit, floral, spices, microbio, oak, vegetal, non oak, dried fruit, red fruit, black fruit","Pork, Rich fish (salmon, tuna etc), Spicy food, Poultry, Mild and soft cheese",Gewürztraminer
Foxen Block 8 Pinot Noir (Bien Nacido Vineyard) 2020,United States,68,4.3,images/Foxen_Block_8_Pinot_Noir_Bien_Nacido_Vineyard_2020.png,images/bottle_Foxen_Block_8_Pinot_Noir_Bien_Nacido_Vineya.png,Santa Maria Valley,Foxen,"red fruit, oak, earth, spices, non oak, black fruit, microbio, vegetal, floral, dried fruit, tree fruit, citrus fruit","Veal, Pork, Poultry, Mushrooms",Pinot Noir
Louis Jadot Savigny-lès-Beaune 1er Cru 'La Dominode' 2002,France,99,4,images/Louis_Jadot_Savigny_ls_Beaune_1er_Cru_La_Dominode_.png,images/bottle_Louis_Jadot_Savigny_ls_Beaune_1er_Cru_La_Do.png,Savigny-lès-Beaune 1er Cru 'La Dominode',Louis Jadot,"red fruit, earth, oak, non oak, microbio, black fruit, spices, floral, vegetal, dried fruit, citrus fruit","Beef, Veal, Game (deer, venison), Poultry",Pinot Noir
Ogier Oratorio Gigondas 2019,France,24.99,3.8,images/Ogier_Oratorio_Gigondas_2019.png,images/bottle_Ogier_Oratorio_Gigondas_2019.png,Gigondas,Ogier,"black fruit, oak, earth, spices, red fruit, non oak, tree fruit, dried fruit, citrus fruit, floral, vegetal, microbio","Beef, Lamb, Game (deer, venison)","Shiraz/Syrah, Grenache, Mourvedre"
Ceretto Barbaresco Asili 1985,Italy,244,4.4,images/Ceretto_Barbaresco_Asili_1985.png,images/bottle_Ceretto_Barbaresco_Asili_1985.png,Barbaresco,Ceretto,"oak, earth, red fruit, non oak, spices, floral, microbio, black fruit, dried fruit, citrus fruit, vegetal, tree fruit","Beef, Pasta, Lamb, Game (deer, venison)",Nebbiolo
Domaine Trapet Chapelle-Chambertin Grand Cru 2019,France,495,4.4,images/Domaine_Trapet_Chapelle_Chambertin_Grand_Cru_2019.png,images/bottle_Domaine_Trapet_Chapelle_Chambertin_Grand_Cr.png,Chapelle-Chambertin Grand Cru,Domaine Trapet,"earth, red fruit, oak, spices, floral, microbio, non oak, black fruit, vegetal, dried fruit, tree fruit, citrus fruit","Beef, Veal, Game (deer, venison), Poultry",Pinot Noir
Domaine de la Côte Memorious Pinot Noir 2022,United States,104.99,4.2,images/Domaine_de_la_Cte_Memorious_Pinot_Noir_2022.png,images/bottle_Domaine_de_la_Cte_Memorious_Pinot_Noir_2022.png,Sta. Rita Hills,Domaine de la Côte,"red fruit, earth, oak, spices, non oak, black fruit, microbio, floral, vegetal, dried fruit, citrus fruit, tree fruit, tropical fruit","Veal, Pork, Poultry, Mushrooms",Pinot Noir
Ken Wright Cellars Guadalupe Vineyard Pinot Noir 2022,United States,65,4.2,images/Ken_Wright_Cellars_Guadalupe_Vineyard_Pinot_Noir_2.png,images/bottle_Ken_Wright_Cellars_Guadalupe_Vineyard_Pinot.png,Willamette Valley,Ken Wright Cellars,"red fruit, earth, oak, non oak, black fruit, spices, microbio, floral, vegetal, citrus fruit, dried fruit, tree fruit, tropical fruit","Beef, Veal, Game (deer, venison), Poultry",Pinot Noir
Robert Ampeau et Fils Volnay-Santenots 1er Cru 2004,France,115,4.1,images/Robert_Ampeau_et_Fils_Volnay_Santenots_1er_Cru_200.png,images/bottle_Robert_Ampeau_et_Fils_Volnay_Santenots_1er_.png,Volnay 1er Cru 'Santenots',Robert Ampeau et Fils,"earth, red fruit, oak, non oak, microbio, black fruit, spices, dried fruit, floral, vegetal, tree fruit, citrus fruit","Beef, Veal, Game (deer, venison), Poultry",Pinot Noir
Patz & Hall Sonoma Coast Pinot Noir 2017,United States,62.25,4.2,images/Patz_Hall_Sonoma_Coast_Pinot_Noir_2017.png,images/bottle_Patz_Hall_Sonoma_Coast_Pinot_Noir_2017.png,Sonoma Coast,Patz & Hall,"red fruit, oak, non oak, earth, spices, black fruit, microbio, floral, dried fruit, vegetal, citrus fruit, tree fruit, tropical fruit","Veal, Pork, Poultry, Mushrooms",Pinot Noir
Louis Latour Beaune 1er Cru 'Les Vignes Franches' 2019,France,89.88,4,images/Louis_Latour_Beaune_1er_Cru_Les_Vignes_Franches_20.png,images/bottle_Louis_Latour_Beaune_1er_Cru_Les_Vignes_Fran.png,Beaune 1er Cru 'Les Vignes Franches',Louis Latour,"red fruit, earth, oak, spices, non oak, microbio, black fruit, vegetal, floral, dried fruit, citrus fruit, tropical fruit","Beef, Veal, Game (deer, venison), Poultry",Pinot Noir
Trimbach Gewürztraminer Alsace 2019,France,29.99,3.9,images/Trimbach_Gewrztraminer_Alsace_2019.png,images/bottle_Trimbach_Gewrztraminer_Alsace_2019.png,Alsace,Trimbach,"tropical fruit, tree fruit, earth, citrus fruit, spices, floral, microbio, oak, non oak, vegetal, dried fruit, red fruit, black fruit","Pork, Rich fish (salmon, tuna etc), Spicy food, Poultry, Mild and soft cheese",Gewürztraminer
Domaine de l'Arlot Nuits-Saint-Georges Premier Cru Clos de l'Arlot Monopole 2002,France,245,4.2,images/Domaine_de_lArlot_Nuits_Saint_Georges_Premier_Cru_.png,images/bottle_Domaine_de_lArlot_Nuits_Saint_Georges_Premi.png,Nuits-Saint-Georges Premier Cru,Domaine de l'Arlot,"earth, oak, red fruit, non oak, microbio, spices, floral, black fruit, citrus fruit, vegetal, tree fruit, dried fruit, tropical fruit","Beef, Veal, Game (deer, venison), Poultry",Pinot Noir
St. Innocent Shea Vineyard Pinot Noir 2019,United States,78.99,4.3,images/St_Innocent_Shea_Vineyard_Pinot_Noir_2019.png,images/bottle_St_Innocent_Shea_Vineyard_Pinot_Noir_2019.png,Willamette Valley,St. Innocent,"red fruit, oak, earth, non oak, spices, black fruit, microbio, floral, dried fruit, vegetal, tree fruit","Beef, Veal, Game (deer, venison), Poultry",Pinot Noir
Méo-Camuzet Nuits-Saint-Georges 1er Cru 'Aux Murgers' 1997,France,579,4.3,images/Mo_Camuzet_Nuits_Saint_Georges_1er_Cru_Aux_Murgers.png,images/bottle_Mo_Camuzet_Nuits_Saint_Georges_1er_Cru_Aux_.png,Nuits-Saint-Georges 1er Cru 'Aux Murgers',Méo-Camuzet,"red fruit, earth, oak, black fruit, spices, non oak, floral, microbio, dried fruit, vegetal, citrus fruit, tropical fruit","Beef, Veal, Game (deer, venison), Poultry",Pinot Noir
Armand de Brignac Brut Rosé Champagne,France,499.99,4.4,images/Armand_de_Brignac_Brut_Ros_Champagne.png,images/bottle_Armand_de_Brignac_Brut_Ros_Champagne.png,Champagne,Armand de Brignac,"red fruit, microbio, non oak, oak, citrus fruit, earth, tree fruit, black fruit, spices, vegetal, floral, dried fruit, tropical fruit","Pork, Rich fish (salmon, tuna etc), Shellfish, Mild and soft cheese","Chardonnay, Pinot Noir, Pinot Meunier"
Giacomo Conterno Barolo Cerretta 2020,Italy,280,4.6,images/Giacomo_Conterno_Barolo_Cerretta_2020.png,images/bottle_Giacomo_Conterno_Barolo_Cerretta_2020.png,Barolo,Giacomo Conterno,"earth, red fruit, oak, microbio, black fruit, spices, non oak, dried fruit, citrus fruit, vegetal, floral","Beef, Pasta, Lamb, Game (deer, venison)",Nebbiolo
Domaine de la Vougeraie Pommard Les Petits Noizons 1999,France,180,4.3,images/Domaine_de_la_Vougeraie_Pommard_Les_Petits_Noizons.png,images/bottle_Domaine_de_la_Vougeraie_Pommard_Les_Petits_.png,Pommard,Domaine de la Vougeraie,"red fruit, earth, oak, black fruit, spices, non oak, microbio, dried fruit, citrus fruit, floral, vegetal","Beef, Veal, Game (deer, venison), Poultry",Pinot Noir
Clos des Papes (Paul Avril) Châteauneuf-du-Pape 2006,France,145,4.4,images/Clos_des_Papes_Paul_Avril_Chteauneuf_du_Pape_2006.png,images/bottle_Clos_des_Papes_Paul_Avril_Chteauneuf_du_Pap.png,Châteauneuf-du-Pape,Clos des Papes (Paul Avril),"oak, red fruit, black fruit, earth, spices, non oak, dried fruit, microbio, floral, vegetal, citrus fruit, tree fruit, tropical fruit","Lamb, Pork, Poultry","Shiraz/Syrah, Mourvedre, Counoise, Cinsaut, Vaccareze, Muscardin"
Campo Viejo Garnacha 2021,Spain,11.99,3.7,images/Campo_Viejo_Garnacha_2021.png,images/bottle_Campo_Viejo_Garnacha_2021.png,Rioja,Campo Viejo,"red fruit, oak, black fruit, non oak, spices, earth, microbio, dried fruit, vegetal, floral, citrus fruit, tree fruit, tropical fruit","Beef, Lamb, Veal, Poultry","Tempranillo, Graciano, Garnacha"
Itsasmendi Eklipse 2012,Spain,40,3.9,images/Itsasmendi_Eklipse_2012.png,images/bottle_Itsasmendi_Eklipse_2012.png,Bizkaiko Txakolina,Itsasmendi,"earth, oak, red fruit, non oak, spices, black fruit, dried fruit, microbio, vegetal, tropical fruit, floral","Beef, Pasta, Veal, Poultry","Grenache, Tempranillo"
Fleurs de Prairie Côtes de Provence 2022,France,16.99,4,images/Fleurs_de_Prairie_Ctes_de_Provence_2022.png,images/bottle_Fleurs_de_Prairie_Ctes_de_Provence_2022.png,Côtes de Provence,Fleurs de Prairie,"red fruit, citrus fruit, tree fruit, earth, floral, microbio, vegetal, oak, spices, tropical fruit, non oak, black fruit, dried fruit","Pork, Shellfish, Vegetarian, Poultry","Shiraz/Syrah, Grenache, Cinsault"
Comando G La Bruja Avería 2021,Spain,39.99,3.3,images/Comando_G_La_Bruja_Avera_2021.png,images/bottle_Comando_G_La_Bruja_Avera_2021.png,Madrid,Comando G,"red fruit, spices, earth, oak, non oak, microbio, black fruit, dried fruit, citrus fruit, floral","Beef, Pasta, Lamb, Game (deer, venison), Poultry",Grenache
La Pousse d'Or Volnay 1er Cru 'Clos d'Audignac' (Monopole) 2019,France,80,4.3,images/La_Pousse_dOr_Volnay_1er_Cru_Clos_dAudignac_Monopo.png,images/bottle_La_Pousse_dOr_Volnay_1er_Cru_Clos_dAudignac.png,Volnay 1er Cru 'Clos de l'Audignac',La Pousse d'Or,"red fruit, earth, oak, non oak, spices, microbio, black fruit, floral, tropical fruit, dried fruit, citrus fruit, vegetal","Beef, Veal, Game (deer, venison), Poultry",Pinot Noir
Parusso Barolo Bussia Vigna Rocche 2013,Italy,335,4.2,images/Parusso_Barolo_Bussia_Vigna_Rocche_2013.png,images/bottle_Parusso_Barolo_Bussia_Vigna_Rocche_2013.png,Barolo,Parusso,"oak, earth, red fruit, black fruit, spices, non oak, microbio, dried fruit, floral, vegetal, tree fruit, citrus fruit","Beef, Pasta, Lamb, Game (deer, venison)",Nebbiolo
Domaine Michel Lafarge Volnay 1er Cru 'Clos des Chênes' 1999,France,375,4.2,images/Domaine_Michel_Lafarge_Volnay_1er_Cru_Clos_des_Chn.png,images/bottle_Domaine_Michel_Lafarge_Volnay_1er_Cru_Clos_.png,Volnay 1er Cru 'Clos des Chênes',Domaine Michel Lafarge,"red fruit, earth, oak, spices, black fruit, non oak, floral, microbio, vegetal, dried fruit, citrus fruit","Beef, Veal, Game (deer, venison), Poultry",Pinot Noir
DuMOL Jentoft Vineyard Ryan Pinot Noir 2022,United States,106,4.5,images/DuMOL_Jentoft_Vineyard_Ryan_Pinot_Noir_2022.png,images/bottle_DuMOL_Jentoft_Vineyard_Ryan_Pinot_Noir_2022.png,Russian River Valley,DuMOL,"red fruit, oak, earth, black fruit, non oak, spices, microbio, dried fruit, vegetal, floral, tree fruit, tropical fruit, citrus fruit","Veal, Pork, Poultry, Mushrooms",Pinot Noir
Brewer-Clifton Sta. Rita Hills Pinot Noir 2016,United States,52.85,4.1,images/Brewer_Clifton_Sta_Rita_Hills_Pinot_Noir_2016.png,images/bottle_Brewer_Clifton_Sta_Rita_Hills_Pinot_Noir_20.png,Sta. Rita Hills,Brewer-Clifton,"red fruit, earth, oak, spices, non oak, black fruit, microbio, floral, vegetal, dried fruit, tree fruit, citrus fruit, tropical fruit","Veal, Pork, Poultry, Mushrooms",Pinot Noir
Louis Jadot - Domaine Gagey Beaune Theurons 2022,France,74,3.9,images/Louis_Jadot_Domaine_Gagey_Beaune_Theurons_2022.png,images/bottle_Louis_Jadot_Domaine_Gagey_Beaune_Theurons_2.png,Beaune Premier Cru,Louis Jadot - Domaine Gagey,"red fruit, oak, earth, non oak, spices, black fruit, microbio, floral, vegetal, tree fruit, citrus fruit","Beef, Veal, Game (deer, venison), Poultry",Pinot Noir
Remoissenet Père & Fils Bourgogne Renommée Rouge 2022,France,49.99,3.8,images/Remoissenet_Pre_Fils_Bourgogne_Renomme_Rouge_2022.png,images/bottle_Remoissenet_Pre_Fils_Bourgogne_Renomme_Roug.png,Bourgogne,Remoissenet Père & Fils,"red fruit, oak, earth, microbio, spices, non oak, black fruit, tree fruit","Beef, Veal, Game (deer, venison), Poultry",Pinot Noir
Domaine Fourrier Vieille Vigne Gevrey-Chambertin Clos St. Jacques 1er Cru 2015,France,650,4.4,images/Domaine_Fourrier_Vieille_Vigne_Gevrey_Chambertin_C.png,images/bottle_Domaine_Fourrier_Vieille_Vigne_Gevrey_Chamb.png,Gevrey-Chambertin 1er Cru 'Clos St Jacques',Domaine Fourrier,"red fruit, oak, earth, black fruit, non oak, floral, spices, microbio, dried fruit, citrus fruit, tree fruit, vegetal","Beef, Veal, Game (deer, venison), Poultry",Pinot Noir
Georges Lignier et Fils Clos-Saint-Denis Grand Cru 1990,France,749,4.2,images/Georges_Lignier_et_Fils_Clos_Saint_Denis_Grand_Cru.png,images/bottle_Georges_Lignier_et_Fils_Clos_Saint_Denis_Gr.png,Clos Saint-Denis Grand Cru,Georges Lignier et Fils,"red fruit, earth, oak, non oak, spices, black fruit, floral, microbio, citrus fruit, vegetal, tree fruit, tropical fruit, dried fruit","Beef, Veal, Game (deer, venison), Poultry",Pinot Noir
Bouchard Père & Fils Clos Vougeot Grand Cru 1953,France,980,4.4,images/Bouchard_Pre_Fils_Clos_Vougeot_Grand_Cru_1953.png,images/bottle_Bouchard_Pre_Fils_Clos_Vougeot_Grand_Cru_19.png,Clos Vougeot Grand Cru,Bouchard Père & Fils,"oak, earth, red fruit, non oak, black fruit, microbio, spices, floral, vegetal, dried fruit, tropical fruit, citrus fruit","Beef, Veal, Game (deer, venison), Poultry",Pinot Noir
Domaine Coche-Dury Bourgogne Pinot Noir 2022,France,190,4.2,images/Domaine_Coche_Dury_Bourgogne_Pinot_Noir_2022.png,images/bottle_Domaine_Coche_Dury_Bourgogne_Pinot_Noir_202.png,Bourgogne,Domaine Coche-Dury,"earth, red fruit, oak, non oak, black fruit, spices, microbio, floral, citrus fruit, tree fruit, dried fruit, tropical fruit","Beef, Veal, Game (deer, venison), Poultry",Pinot Noir
JAX Vineyards Pinot Noir Y3 2022,United States,27.99,3.9,images/JAX_Vineyards_Pinot_Noir_Y3_2022.png,images/bottle_JAX_Vineyards_Pinot_Noir_Y3_2022.png,Russian River Valley,JAX Vineyards,"red fruit, oak, earth, black fruit, non oak, spices, vegetal, floral, microbio, dried fruit, citrus fruit","Veal, Pork, Poultry, Mushrooms",Pinot Noir
Pierre Sparr Gewurztraminer 2022,France,16.99,3.6,images/Pierre_Sparr_Gewurztraminer_2022.png,images/bottle_Pierre_Sparr_Gewurztraminer_2022.png,Alsace,Pierre Sparr,"tropical fruit, tree fruit, earth, citrus fruit, floral, spices, oak, microbio, non oak, vegetal, dried fruit, red fruit, black fruit","Pork, Rich fish (salmon, tuna etc), Spicy food, Poultry, Mild and soft cheese",Gewürztraminer
J Vineyards Brut Rosé,United States,39.99,4.1,images/J_Vineyards_Brut_Ros.png,images/bottle_J_Vineyards_Brut_Ros.png,Russian River Valley,J Vineyards,"red fruit, microbio, citrus fruit, tree fruit, non oak, earth, oak, vegetal, floral, spices, tropical fruit, black fruit, dried fruit","Shellfish, Appetizers and snacks, Lean fish, Aperitif","Chardonnay, Pinot Noir"
Chalone Vineyard Estate Pinot Noir 2022,United States,30,3.9,images/Chalone_Vineyard_Estate_Pinot_Noir_2022.png,images/bottle_Chalone_Vineyard_Estate_Pinot_Noir_2022.png,Chalone,Chalone Vineyard,"red fruit, oak, black fruit, non oak, earth, spices, microbio, vegetal, floral, dried fruit","Beef, Veal, Game (deer, venison), Poultry",Pinot Noir
Moët & Chandon Grand Vintage Rosé Brut Champagne 2008,France,89.99,4.1,images/Mot_Chandon_Grand_Vintage_Ros_Brut_Champagne_2008.png,images/bottle_Mot_Chandon_Grand_Vintage_Ros_Brut_Champagn.png,Champagne,Moët & Chandon,"red fruit, non oak, microbio, oak, citrus fruit, earth, tree fruit, vegetal, black fruit, spices, floral, dried fruit, tropical fruit","Pork, Rich fish (salmon, tuna etc), Shellfish, Mild and soft cheese","Chardonnay, Pinot Noir, Pinot Meunier"
Jacques Selosse Lieux-dits Mareuil Sur Ay Sous le Mont Extra Brut Champagne Premier Cru,France,649,4.6,images/Jacques_Selosse_Lieux_dits_Mareuil_Sur_Ay_Sous_le_.png,images/bottle_Jacques_Selosse_Lieux_dits_Mareuil_Sur_Ay_S.png,Champagne Premier Cru,Jacques Selosse,"non oak, oak, earth, microbio, tree fruit, citrus fruit, vegetal, red fruit, spices, floral, black fruit, tropical fruit, dried fruit","Pork, Rich fish (salmon, tuna etc), Shellfish, Mild and soft cheese","Chardonnay, Pinot Noir, Pinot Meunier"
Domaine Fourrier Clos Solon Vieilles Vigne Morey St. Denis 2023,France,115,4.3,images/Domaine_Fourrier_Clos_Solon_Vieilles_Vigne_Morey_S.png,images/bottle_Domaine_Fourrier_Clos_Solon_Vieilles_Vigne_.png,Morey-Saint-Denis,Domaine Fourrier,"red fruit, earth, oak, spices, non oak, black fruit, microbio, floral, vegetal","Beef, Veal, Game (deer, venison), Poultry",Pinot Noir
Domaine Coillot La Charme aux Prêtres Marsannay 2021,France,36.99,3.9,images/Domaine_Coillot_La_Charme_aux_Prtres_Marsannay_202.png,images/bottle_Domaine_Coillot_La_Charme_aux_Prtres_Marsan.png,Marsannay,Domaine Coillot,"red fruit, oak, earth, non oak, spices, microbio, black fruit, vegetal, tree fruit, dried fruit, citrus fruit, floral","Beef, Veal, Game (deer, venison), Poultry",Pinot Noir
Domaine Dujac Vosne-Romanée 1er Cru 'Les Beaux Monts' 2019,France,950,4.4,images/Domaine_Dujac_Vosne_Romane_1er_Cru_Les_Beaux_Monts.png,images/bottle_Domaine_Dujac_Vosne_Romane_1er_Cru_Les_Beau.png,Vosne-Romanée 1er Cru 'Les Beaux Monts',Domaine Dujac,"red fruit, oak, earth, non oak, floral, black fruit, spices, microbio, citrus fruit, vegetal, dried fruit, tropical fruit","Beef, Veal, Game (deer, venison), Poultry",Pinot Noir
Domaine Forey Père & Fils Bourgogne Rouge (Pinot Noir) 2022,France,32,3.8,images/Domaine_Forey_Pre_Fils_Bourgogne_Rouge_Pinot_Noir_.png,images/bottle_Domaine_Forey_Pre_Fils_Bourgogne_Rouge_Pino.png,Bourgogne,Domaine Forey Père & Fils,"red fruit, earth, oak, black fruit, spices, microbio, non oak, dried fruit, vegetal","Beef, Veal, Game (deer, venison), Poultry",Pinot Noir
Trinity Hill Pinot Noir 2023,New Zealand,34,3.5,images/Trinity_Hill_Pinot_Noir_2023.png,images/bottle_Trinity_Hill_Pinot_Noir_2023.png,Hawke's Bay,Trinity Hill,"red fruit, oak, earth, spices, non oak, black fruit, microbio, vegetal, citrus fruit, floral, dried fruit, tropical fruit","Beef, Veal, Game (deer, venison), Poultry",Pinot Noir
Pol Roger Brut Vintage Champagne 2016,France,149.99,4.3,images/Pol_Roger_Brut_Vintage_Champagne_2016.png,images/bottle_Pol_Roger_Brut_Vintage_Champagne_2016.png,Champagne,Pol Roger,"non oak, tree fruit, oak, microbio, citrus fruit, earth, vegetal, spices, red fruit, tropical fruit, floral, dried fruit, black fruit","Pork, Rich fish (salmon, tuna etc), Shellfish, Mild and soft cheese","Chardonnay, Pinot Noir, Pinot Meunier"
Jayer Gilles Échezeaux du Dessus Grand Cru 1991,France,665,4.3,images/Jayer_Gilles_chezeaux_du_Dessus_Grand_Cru_1991.png,images/bottle_Jayer_Gilles_chezeaux_du_Dessus_Grand_Cru_1.png,Échezeaux Grand Cru,Jayer Gilles,"oak, black fruit, red fruit, earth, non oak, microbio, spices, dried fruit, floral","Beef, Veal, Game (deer, venison), Poultry",Pinot Noir
The Hilt Pinot Noir 2022,United States,39.99,4,images/The_Hilt_Pinot_Noir_2022.png,images/bottle_The_Hilt_Pinot_Noir_2022.png,Sta. Rita Hills,The Hilt,"red fruit, earth, oak, spices, black fruit, non oak, floral, microbio, citrus fruit, vegetal, dried fruit","Veal, Pork, Poultry, Mushrooms",Pinot Noir
Domaine Arnoux-Lachaux Les Hautes Maizieres Vosne-Romanée 1995,France,278,4.1,images/Domaine_Arnoux_Lachaux_Les_Hautes_Maizieres_Vosne_.png,images/bottle_Domaine_Arnoux_Lachaux_Les_Hautes_Maizieres.png,Vosne-Romanée,Domaine Arnoux-Lachaux,"earth, oak, red fruit, non oak, black fruit, spices, microbio, floral, vegetal, tree fruit","Beef, Veal, Game (deer, venison), Poultry",Pinot Noir
Lucien Crochet Sancerre Pinot Rosé 2024,France,38.99,4.1,images/Lucien_Crochet_Sancerre_Pinot_Ros_2024.png,images/bottle_Lucien_Crochet_Sancerre_Pinot_Ros_2024.png,Sancerre,Lucien Crochet,"red fruit, earth, citrus fruit, tree fruit, microbio, oak, vegetal, non oak, tropical fruit, spices, floral","Lamb, Rich fish (salmon, tuna etc), Poultry, Mild and soft cheese, Cured Meat",
Pol Roger Sir Winston Churchill Brut Champagne 2013,France,339.99,4.6,images/Pol_Roger_Sir_Winston_Churchill_Brut_Champagne_201.png,images/bottle_Pol_Roger_Sir_Winston_Churchill_Brut_Champa.png,Champagne,Pol Roger,"non oak, oak, microbio, tree fruit, citrus fruit, earth, vegetal, spices, red fruit, floral, tropical fruit, dried fruit, black fruit","Pork, Rich fish (salmon, tuna etc), Shellfish, Mild and soft cheese","Chardonnay, Pinot Noir, Pinot Meunier"
Domaine Henri Gouges Les Saint Georges Nuits-Saint-Georges 1er Cru 2020,France,499.99,4.2,images/Domaine_Henri_Gouges_Les_Saint_Georges_Nuits_Saint.png,images/bottle_Domaine_Henri_Gouges_Les_Saint_Georges_Nuit.png,Nuits-Saint-Georges Premier Cru,Domaine Henri Gouges,"earth, red fruit, oak, black fruit, non oak, spices, microbio, floral, vegetal, dried fruit, citrus fruit","Beef, Veal, Game (deer, venison), Poultry",Pinot Noir
Highway 12 Carneros Highway Pinot Noir 2023,United States,14.99,3.8,images/Highway_12_Carneros_Highway_Pinot_Noir_2023.png,images/bottle_Highway_12_Carneros_Highway_Pinot_Noir_2023.png,Los Carneros,Highway 12,"oak, red fruit, non oak, spices, black fruit, earth, vegetal, dried fruit, microbio, tropical fruit, tree fruit, floral","Veal, Pork, Poultry, Mushrooms",Pinot Noir
Calera Pinot Noir Selleck Vineyard 1997,United States,258,4.3,images/Calera_Pinot_Noir_Selleck_Vineyard_1997.png,images/bottle_Calera_Pinot_Noir_Selleck_Vineyard_1997.png,Mount Harlan,Calera,"red fruit, black fruit, oak, earth, non oak, spices, dried fruit, microbio, floral, citrus fruit, vegetal","Beef, Veal, Game (deer, venison), Poultry",Pinot Noir
Hudelot-Noëllat Romanée-Saint-Vivant Grand Cru 2022,France,975,4.4,images/Hudelot_Nollat_Romane_Saint_Vivant_Grand_Cru_2022.png,images/bottle_Hudelot_Nollat_Romane_Saint_Vivant_Grand_Cr.png,Romanée-Saint-Vivant Grand Cru,Hudelot-Noëllat,"red fruit, earth, oak, black fruit, non oak, spices, floral, microbio, dried fruit, citrus fruit, vegetal, tree fruit, tropical fruit","Beef, Veal, Game (deer, venison), Poultry",Pinot Noir
Fratelli Revello Barolo Rocche dell'Annunziata 2000,Italy,76.36,4.3,images/Fratelli_Revello_Barolo_Rocche_dellAnnunziata_2000.png,images/bottle_Fratelli_Revello_Barolo_Rocche_dellAnnunzia.png,Barolo,Fratelli Revello,"oak, spices, earth, red fruit, non oak, black fruit, floral, dried fruit, citrus fruit, vegetal, microbio","Beef, Pasta, Lamb, Game (deer, venison)",Nebbiolo
Isaac Fernandez Biutiful Cava Brut Rosé,Spain,13.99,3.9,images/Isaac_Fernandez_Biutiful_Cava_Brut_Ros.png,images/bottle_Isaac_Fernandez_Biutiful_Cava_Brut_Ros.png,Cava,Isaac Fernandez,"red fruit, citrus fruit, tree fruit, microbio, non oak, earth, oak, tropical fruit, vegetal, floral, black fruit, spices, dried fruit","Shellfish, Appetizers and snacks, Lean fish, Aperitif, Cured Meat","Xarel-lo, Parellada, Trepat, Viura"
Domaine Robert Chevillon Les Pruliers Nuits-Saint-Georges 1er Cru 1987,France,220,4.2,images/Domaine_Robert_Chevillon_Les_Pruliers_Nuits_Saint_.png,images/bottle_Domaine_Robert_Chevillon_Les_Pruliers_Nuits.png,Nuits-Saint-Georges Premier Cru,Domaine Robert Chevillon,"earth, red fruit, oak, non oak, black fruit, spices, microbio, floral, vegetal, dried fruit, tree fruit, citrus fruit","Beef, Veal, Game (deer, venison), Poultry",Pinot Noir
Hospices de Beaune Beaune Premier Cru Cuvée Clos Des Avaux 2007,France,128,4.2,images/Hospices_de_Beaune_Beaune_Premier_Cru_Cuve_Clos_De.png,images/bottle_Hospices_de_Beaune_Beaune_Premier_Cru_Cuve_.png,Beaune Premier Cru,Hospices de Beaune,"red fruit, earth, oak, black fruit, spices, microbio, non oak, dried fruit, citrus fruit, floral, vegetal","Beef, Veal, Game (deer, venison), Poultry",Pinot Noir
Hospices de Beaune Pommard Cuvée Billardet 1962,France,475,4.3,images/Hospices_de_Beaune_Pommard_Cuve_Billardet_1962.png,images/bottle_Hospices_de_Beaune_Pommard_Cuve_Billardet_1.png,Pommard,Hospices de Beaune,"earth, oak, red fruit, spices, non oak, microbio, black fruit, floral, dried fruit, tree fruit, citrus fruit","Beef, Veal, Game (deer, venison), Poultry",Pinot Noir
Remoissenet Père & Fils Vosne-Romanée 2022,France,160,4.3,images/Remoissenet_Pre_Fils_Vosne_Romane_2022.png,images/bottle_Remoissenet_Pre_Fils_Vosne_Romane_2022.png,Vosne-Romanée,Remoissenet Père & Fils,"red fruit, earth, oak, non oak, spices, black fruit, microbio, dried fruit, floral","Beef, Veal, Game (deer, venison), Poultry",Pinot Noir
Domaine Michel Gaunoux Pommard Grands Epenots Premier Cru 1990,France,440,4.1,images/Domaine_Michel_Gaunoux_Pommard_Grands_Epenots_Prem.png,images/bottle_Domaine_Michel_Gaunoux_Pommard_Grands_Epeno.png,Pommard 1er Cru 'Les Grands Epenots',Domaine Michel Gaunoux,"earth, red fruit, oak, black fruit, non oak, spices, microbio, dried fruit, floral, vegetal, tree fruit, citrus fruit","Beef, Veal, Game (deer, venison), Poultry",Pinot Noir
Domaine des Roches Neuves L'Échelier Saumur Blanc 2021,France,71,4,images/Domaine_des_Roches_Neuves_Lchelier_Saumur_Blanc_20.png,images/bottle_Domaine_des_Roches_Neuves_Lchelier_Saumur_B.png,Saumur,Domaine des Roches Neuves,"tree fruit, earth, citrus fruit, microbio, oak, floral, tropical fruit, non oak, vegetal, black fruit, spices","Rich fish (salmon, tuna etc), Vegetarian, Poultry, Mild and soft cheese",Chenin Blanc
Joseph Drouhin Grands-Echezeaux Grand Cru 2020,France,885,4.4,images/Joseph_Drouhin_Grands_Echezeaux_Grand_Cru_2020.png,images/bottle_Joseph_Drouhin_Grands_Echezeaux_Grand_Cru_2.png,Grands-Échezeaux Grand Cru,Joseph Drouhin,"red fruit, oak, earth, black fruit, non oak, microbio, spices, dried fruit, floral, tree fruit, citrus fruit, vegetal","Beef, Veal, Game (deer, venison), Poultry",Pinot Noir
Bouchard Père & Fils Chambertin-Clos-de-Beze Grand Cru 2018,France,465,4.4,images/Bouchard_Pre_Fils_Chambertin_Clos_de_Beze_Grand_Cr.png,images/bottle_Bouchard_Pre_Fils_Chambertin_Clos_de_Beze_G.png,Chambertin-Clos de Bèze Grand Cru,Bouchard Père & Fils,"red fruit, earth, oak, non oak, black fruit, spices, floral, vegetal, microbio, tree fruit, dried fruit, citrus fruit","Beef, Veal, Game (deer, venison), Poultry",Pinot Noir
Fontanafredda Barolo 2019,Italy,59.99,3.9,images/Fontanafredda_Barolo_2019.png,images/bottle_Fontanafredda_Barolo_2019.png,Barolo,Fontanafredda,"oak, earth, red fruit, non oak, spices, black fruit, microbio, floral, dried fruit, citrus fruit, vegetal, tree fruit, tropical fruit","Beef, Pasta, Lamb, Game (deer, venison)",Nebbiolo
Domaine de la Côte La Côte Pinot Noir 2023,United States,164.99,4.3,images/Domaine_de_la_Cte_La_Cte_Pinot_Noir_2023.png,images/bottle_Domaine_de_la_Cte_La_Cte_Pinot_Noir_2023.png,Sta. Rita Hills,Domaine de la Côte,"red fruit, earth, oak, non oak, spices, microbio, black fruit, floral, vegetal, citrus fruit, dried fruit, tree fruit, tropical fruit","Veal, Pork, Poultry, Mushrooms",Pinot Noir
Scarpetta Timido Spumante Brut Rosé,Italy,18.78,4,images/Scarpetta_Timido_Spumante_Brut_Ros.png,images/bottle_Scarpetta_Timido_Spumante_Brut_Ros.png,Friuli-Venezia Giulia,Scarpetta,"red fruit, microbio, tree fruit, citrus fruit, earth, non oak, oak, black fruit, floral, spices, vegetal, tropical fruit, dried fruit","Appetizers and snacks, Aperitif",
Sonoma-Loeb Pinot Noir 2021,United States,39.99,3.9,images/Sonoma_Loeb_Pinot_Noir_2021.png,images/bottle_Sonoma_Loeb_Pinot_Noir_2021.png,Sonoma Coast,Sonoma-Loeb,"red fruit, oak, non oak, earth, spices, black fruit, microbio, floral, citrus fruit, dried fruit, vegetal","Veal, Pork, Poultry, Mushrooms",Pinot Noir
Bouchard Père & Fils Chassagne-Montrachet Rouge 1999,France,100,4.2,images/Bouchard_Pre_Fils_Chassagne_Montrachet_Rouge_1999.png,images/bottle_Bouchard_Pre_Fils_Chassagne_Montrachet_Roug.png,Chassagne-Montrachet,Bouchard Père & Fils,"oak, earth, microbio, non oak, tree fruit, citrus fruit, spices, vegetal, red fruit, black fruit, tropical fruit","Beef, Veal, Game (deer, venison), Poultry",Pinot Noir
Gramenon La Papesse 2023,France,54,3.9,images/Gramenon_La_Papesse_2023.jpg,,Vinsobres,Gramenon,"red fruit, oak, black fruit, earth, spices, non oak, dried fruit, floral, tropical fruit, vegetal, microbio","Beef, Lamb, Game (deer, venison)","Shiraz/Syrah, Grenache, Mourvedre"
La Vieille Ferme Rosé 2023,France,19.99,3.7,images/La_Vieille_Ferme_Ros_2023.png,images/bottle_La_Vieille_Ferme_Ros_2023.png,Vin de France,La Vieille Ferme,"red fruit, citrus fruit, tree fruit, earth, microbio, oak, spices, non oak, black fruit, floral, vegetal, tropical fruit, dried fruit","Rich fish (salmon, tuna etc), Shellfish, Vegetarian, Lean fish, Mild and soft cheese",
Gramenon La Mémé Ceps Centenaires 2023,France,77,4.1,images/Gramenon_La_Mm_Ceps_Centenaires_2023.png,images/bottle_Gramenon_La_Mm_Ceps_Centenaires_2023.png,Côtes-du-Rhône,Gramenon,"red fruit, oak, earth, non oak, spices, black fruit, floral, microbio, tree fruit, vegetal, dried fruit, citrus fruit","Beef, Lamb, Game (deer, venison)","Shiraz/Syrah, Grenache, Mourvedre"
Raen Royal St Robert Cuvée Pinot Noir 2017,United States,71.99,4.4,images/Raen_Royal_St_Robert_Cuve_Pinot_Noir_2017.png,images/bottle_Raen_Royal_St_Robert_Cuve_Pinot_Noir_2017.png,Sonoma Coast,Raen,"red fruit, earth, oak, non oak, spices, black fruit, floral, microbio, vegetal, citrus fruit, dried fruit, tree fruit, tropical fruit","Veal, Pork, Poultry, Mushrooms",Pinot Noir
Emmanuel Rouget Nuits-Saint-Georges 2022,France,259.99,4.2,images/Emmanuel_Rouget_Nuits_Saint_Georges_2022.png,images/bottle_Emmanuel_Rouget_Nuits_Saint_Georges_2022.png,Nuits-Saint-Georges,Emmanuel Rouget,"red fruit, oak, earth, spices, non oak, black fruit, microbio, citrus fruit, vegetal, floral","Beef, Veal, Game (deer, venison), Poultry",Pinot Noir
Domaine Robert Chevillon Les Bousselots Nuits-Saint-Georges 1er Cru 2022,France,195,4.2,images/Domaine_Robert_Chevillon_Les_Bousselots_Nuits_Sain.png,images/bottle_Domaine_Robert_Chevillon_Les_Bousselots_Nui.png,Nuits-Saint-Georges Premier Cru,Domaine Robert Chevillon,"earth, red fruit, oak, spices, non oak, black fruit, microbio, dried fruit, floral, citrus fruit, vegetal, tree fruit","Beef, Veal, Game (deer, venison), Poultry",Pinot Noir
Chappellet Signature Chenin Blanc 2023,United States,84.99,4.2,images/Chappellet_Signature_Chenin_Blanc_2023.png,images/bottle_Chappellet_Signature_Chenin_Blanc_2023.png,Napa Valley,Chappellet,"tree fruit, citrus fruit, earth, oak, tropical fruit, microbio, non oak, spices, vegetal, floral","Shellfish, Spicy food, Lean fish, Mild and soft cheese",Chenin Blanc
Domaine Joseph Roty Charmes-Chambertin Grand Cru 2019,France,685,4.3,images/Domaine_Joseph_Roty_Charmes_Chambertin_Grand_Cru_2.png,images/bottle_Domaine_Joseph_Roty_Charmes_Chambertin_Gran.png,Charmes-Chambertin Grand Cru,Domaine Joseph Roty,"earth, red fruit, oak, black fruit, non oak, spices, microbio, dried fruit, floral, vegetal","Beef, Veal, Game (deer, venison), Poultry",Pinot Noir
Belle Glos Glasir Holt Pinot Noir 2022,United States,55,4.2,images/Belle_Glos_Glasir_Holt_Pinot_Noir_2022.png,images/bottle_Belle_Glos_Glasir_Holt_Pinot_Noir_2022.png,Sta. Rita Hills,Belle Glos,,"Veal, Pork, Poultry, Mushrooms",Pinot Noir
Domaine Taupenot-Merme Auxey Duresses Premier Cru 2020,France,76.99,4.1,images/Domaine_Taupenot_Merme_Auxey_Duresses_Premier_Cru_.png,images/bottle_Domaine_Taupenot_Merme_Auxey_Duresses_Premi.png,Auxey-Duresses Premier Cru,Domaine Taupenot-Merme,"red fruit, oak, earth, non oak, microbio, black fruit, spices, floral, tree fruit, vegetal","Beef, Veal, Game (deer, venison), Poultry",Pinot Noir
Domaine Jacques Prieur Volnay-Santenots 1er Cru 1990,France,249,4.3,images/Domaine_Jacques_Prieur_Volnay_Santenots_1er_Cru_19.png,images/bottle_Domaine_Jacques_Prieur_Volnay_Santenots_1er.png,Volnay Premier Cru,Domaine Jacques Prieur,"red fruit, earth, oak, non oak, spices, microbio, vegetal, black fruit, dried fruit, floral, tree fruit","Beef, Veal, Game (deer, venison), Poultry",Pinot Noir
Camus Père & Fils Chambertin Grand Cru 1983,France,855,4.2,images/Camus_Pre_Fils_Chambertin_Grand_Cru_1983.png,images/bottle_Camus_Pre_Fils_Chambertin_Grand_Cru_1983.png,Chambertin Grand Cru,Camus Père & Fils,"red fruit, earth, oak, non oak, microbio, black fruit, spices, floral, vegetal, dried fruit, tree fruit","Beef, Veal, Game (deer, venison), Poultry",Pinot Noir
G.D. Vajra Barolo Bricco Delle Viole 2015,Italy,114.99,4.3,images/GD_Vajra_Barolo_Bricco_Delle_Viole_2015.png,images/bottle_GD_Vajra_Barolo_Bricco_Delle_Viole_2015.png,Barolo,G.D. Vajra,"red fruit, earth, oak, non oak, spices, black fruit, floral, microbio, vegetal, dried fruit, citrus fruit, tree fruit, tropical fruit","Beef, Pasta, Lamb, Game (deer, venison)",Nebbiolo
Penner-Ash Pinot Noir 2018,United States,64.99,4.3,images/Penner_Ash_Pinot_Noir_2018.png,images/bottle_Penner_Ash_Pinot_Noir_2018.png,Willamette Valley,Penner-Ash,"red fruit, oak, earth, non oak, spices, black fruit, microbio, floral, dried fruit, vegetal, tree fruit, citrus fruit, tropical fruit","Beef, Veal, Game (deer, venison), Poultry",Pinot Noir
Domaine Dujac Charmes-Chambertin Grand Cru 2020,France,799.99,4.4,images/Domaine_Dujac_Charmes_Chambertin_Grand_Cru_2020.png,images/bottle_Domaine_Dujac_Charmes_Chambertin_Grand_Cru_.png,Charmes-Chambertin Grand Cru,Domaine Dujac,"earth, oak, red fruit, non oak, black fruit, spices, microbio, floral, vegetal, dried fruit","Beef, Veal, Game (deer, venison), Poultry",Pinot Noir
Roagna Asili Barbaresco Vecchie Viti 2017,Italy,349,4.4,images/Roagna_Asili_Barbaresco_Vecchie_Viti_2017.png,images/bottle_Roagna_Asili_Barbaresco_Vecchie_Viti_2017.png,Barbaresco,Roagna,"earth, red fruit, spices, oak, black fruit, floral, non oak, dried fruit, microbio, vegetal, tree fruit","Beef, Pasta, Lamb, Game (deer, venison)",Nebbiolo
Merry Edwards Coopersmith Pinot Noir 2023,United States,75,4.4,images/Merry_Edwards_Coopersmith_Pinot_Noir_2023.png,images/bottle_Merry_Edwards_Coopersmith_Pinot_Noir_2023.png,Russian River Valley,Merry Edwards,"oak, red fruit, black fruit, earth, non oak, spices, dried fruit, floral, vegetal, tree fruit, microbio, citrus fruit","Veal, Pork, Poultry, Mushrooms",Pinot Noir
RoseRock Pinot Noir 2018,United States,170,4.2,images/RoseRock_Pinot_Noir_2018.png,images/bottle_RoseRock_Pinot_Noir_2018.png,Eola-Amity Hills,RoseRock,"red fruit, oak, earth, non oak, spices, black fruit, microbio, floral, vegetal, citrus fruit, dried fruit, tree fruit, tropical fruit","Beef, Veal, Game (deer, venison), Poultry",Pinot Noir
Louis Jadot Bonnes Mares Grand Cru 1989,France,475,4.3,images/Louis_Jadot_Bonnes_Mares_Grand_Cru_1989.png,images/bottle_Louis_Jadot_Bonnes_Mares_Grand_Cru_1989.png,Bonnes-Mares Grand Cru,Louis Jadot,"earth, red fruit, oak, black fruit, non oak, microbio, spices, floral, dried fruit, citrus fruit, vegetal","Beef, Veal, Game (deer, venison), Poultry",Pinot Noir
Jean-Marc Millot Echézeaux Grand Cru 2021,France,395,4.4,images/Jean_Marc_Millot_Echzeaux_Grand_Cru_2021.png,images/bottle_Jean_Marc_Millot_Echzeaux_Grand_Cru_2021.png,Échezeaux Grand Cru,Jean-Marc Millot,"red fruit, earth, black fruit, oak, spices, microbio, non oak, vegetal, floral, dried fruit, tropical fruit","Beef, Veal, Game (deer, venison), Poultry",Pinot Noir
David Moreau Santenay Premier Cru 'Clos des Mouches' 2022,France,86.99,4.2,images/David_Moreau_Santenay_Premier_Cru_Clos_des_Mouches.png,images/bottle_David_Moreau_Santenay_Premier_Cru_Clos_des_.png,Santenay 1er Cru 'Clos des Mouches',David Moreau,"red fruit, oak, earth, spices, non oak, black fruit, floral, microbio, dried fruit, vegetal, tree fruit","Beef, Veal, Game (deer, venison), Poultry",Pinot Noir
Belle Glos Balade Pinot Noir 2021,United States,65,4.3,images/Belle_Glos_Balade_Pinot_Noir_2021.png,images/bottle_Belle_Glos_Balade_Pinot_Noir_2021.png,Sta. Rita Hills,Belle Glos,"oak, red fruit, non oak, spices, black fruit, earth, microbio, dried fruit, floral, vegetal, citrus fruit, tree fruit","Veal, Pork, Poultry, Mushrooms",Pinot Noir
La Crema Monterey Pinot Noir 2013,United States,28.56,3.8,images/La_Crema_Monterey_Pinot_Noir_2013.png,images/bottle_La_Crema_Monterey_Pinot_Noir_2013.png,Monterey,La Crema,"red fruit, oak, earth, non oak, black fruit, spices, microbio, citrus fruit, vegetal, tree fruit, dried fruit, floral, tropical fruit","Beef, Veal, Game (deer, venison), Poultry",Pinot Noir
Calera Pinot Noir Reed Vineyard 1984,United States,395,4.2,images/Calera_Pinot_Noir_Reed_Vineyard_1984.png,images/bottle_Calera_Pinot_Noir_Reed_Vineyard_1984.png,Mount Harlan,Calera,"red fruit, oak, earth, spices, non oak, black fruit, microbio, dried fruit, floral, vegetal, citrus fruit","Beef, Veal, Game (deer, venison), Poultry",Pinot Noir
Thibaud Boudignon Clos de la Hutte 2022,France,135,4.3,images/Thibaud_Boudignon_Clos_de_la_Hutte_2022.png,images/bottle_Thibaud_Boudignon_Clos_de_la_Hutte_2022.png,Savennières,Thibaud Boudignon,"tree fruit, citrus fruit, earth, non oak, microbio, spices, oak, vegetal, tropical fruit, red fruit, floral, black fruit, dried fruit","Rich fish (salmon, tuna etc), Vegetarian, Poultry, Mild and soft cheese",Chenin Blanc
Domaine Joseph Roty Les Fontenys Gevrey-Chambertin 1er Cru 1993,France,270,4.2,images/Domaine_Joseph_Roty_Les_Fontenys_Gevrey_Chambertin.png,images/bottle_Domaine_Joseph_Roty_Les_Fontenys_Gevrey_Cha.png,Gevrey-Chambertin 1er Cru 'Fonteny',Domaine Joseph Roty,"red fruit, oak, earth, black fruit, non oak, spices, microbio, floral, vegetal, dried fruit, citrus fruit","Beef, Veal, Game (deer, venison), Poultry",Pinot Noir
Pegau Cuvée Réservée Châteauneuf-du-Pape Rouge 2007,France,390,4.3,images/Pegau_Cuve_Rserve_Chteauneuf_du_Pape_Rouge_2007.png,images/bottle_Pegau_Cuve_Rserve_Chteauneuf_du_Pape_Rouge_.png,Châteauneuf-du-Pape,Pegau,"earth, oak, black fruit, non oak, red fruit, spices, microbio, floral, dried fruit, vegetal, citrus fruit, tree fruit, tropical fruit","Lamb, Pork, Poultry","Shiraz/Syrah, Mourvedre, Counoise, Cinsaut, Vaccareze, Muscardin"
Rickshaw Pinot Noir 2014,United States,15.99,3.6,images/Rickshaw_Pinot_Noir_2014.png,images/bottle_Rickshaw_Pinot_Noir_2014.png,Sonoma County,Rickshaw,"red fruit, oak, earth, non oak, spices, black fruit, microbio, vegetal, floral, citrus fruit, tree fruit, dried fruit, tropical fruit","Beef, Veal, Game (deer, venison), Poultry",Pinot Noir
Domaine des Héritiers Louis Jadot Beaune 1er Cru Bressandes 1990,France,265,4.2,images/Domaine_des_Hritiers_Louis_Jadot_Beaune_1er_Cru_Br.png,images/bottle_Domaine_des_Hritiers_Louis_Jadot_Beaune_1er.png,Beaune Premier Cru,Domaine des Héritiers Louis Jadot,"red fruit, oak, earth, non oak, black fruit, microbio, tree fruit, spices, citrus fruit, dried fruit, vegetal","Beef, Veal, Game (deer, venison), Poultry",Pinot Noir
Domaine Duroché Gevrey-Chambertin 1er Cru 'Lavaut Saint-Jacques' 2022,France,364,4.2,images/Domaine_Duroch_Gevrey_Chambertin_1er_Cru_Lavaut_Sa.png,images/bottle_Domaine_Duroch_Gevrey_Chambertin_1er_Cru_La.png,Gevrey-Chambertin 1er Cru 'Lavaux Saint-Jacques',Domaine Duroché,"red fruit, earth, oak, spices, black fruit, microbio, non oak, floral, vegetal, dried fruit, citrus fruit","Beef, Veal, Game (deer, venison), Poultry",Pinot Noir
Domaine Robert Chevillon Les Perrières Nuits-Saint-Georges 1er Cru 2022,France,195,4.2,images/Domaine_Robert_Chevillon_Les_Perrires_Nuits_Saint_.png,images/bottle_Domaine_Robert_Chevillon_Les_Perrires_Nuits.png,Nuits-Saint-Georges Premier Cru,Domaine Robert Chevillon,"red fruit, earth, oak, non oak, spices, black fruit, microbio, floral, dried fruit, citrus fruit, vegetal","Beef, Veal, Game (deer, venison), Poultry",Pinot Noir
Cordero di Montezemolo Barolo Monfalletto 2018,Italy,56.99,4.3,images/Cordero_di_Montezemolo_Barolo_Monfalletto_2018.png,images/bottle_Cordero_di_Montezemolo_Barolo_Monfalletto_2.png,Barolo,Cordero di Montezemolo,"earth, oak, red fruit, non oak, spices, black fruit, microbio, floral, dried fruit, vegetal, citrus fruit, tropical fruit, tree fruit","Beef, Pasta, Lamb, Game (deer, venison)",Nebbiolo
Domaine des Croix Beaune Les Cents Vignes 1er Cru 2022,France,130,4.2,images/Domaine_des_Croix_Beaune_Les_Cents_Vignes_1er_Cru_.png,images/bottle_Domaine_des_Croix_Beaune_Les_Cents_Vignes_1.png,Beaune 1er Cru 'Les Cent Vignes',Domaine des Croix,"red fruit, earth, oak, non oak, microbio, black fruit, spices, floral, dried fruit, vegetal","Beef, Veal, Game (deer, venison), Poultry",Pinot Noir
Joseph Drouhin Maranges Premier Cru 1990,France,229,3.8,images/Joseph_Drouhin_Maranges_Premier_Cru_1990.png,images/bottle_Joseph_Drouhin_Maranges_Premier_Cru_1990.png,Maranges Premier Cru,Joseph Drouhin,"earth, black fruit, red fruit, oak, microbio, dried fruit, non oak, spices","Beef, Veal, Game (deer, venison), Poultry",Pinot Noir
Domaine Taupenot-Merme Chambolle Musigny 1er Cru La Combe d'Orveau 2022,France,219,4.3,images/Domaine_Taupenot_Merme_Chambolle_Musigny_1er_Cru_L.png,images/bottle_Domaine_Taupenot_Merme_Chambolle_Musigny_1e.png,Chambolle-Musigny Premier Cru,Domaine Taupenot-Merme,"red fruit, earth, oak, spices, non oak, floral, microbio, black fruit, vegetal, citrus fruit, dried fruit, tree fruit","Beef, Veal, Game (deer, venison), Poultry",Pinot Noir
Samuel Robert Pinot Noir 2023,United States,18.97,3.7,images/Samuel_Robert_Pinot_Noir_2023.png,images/bottle_Samuel_Robert_Pinot_Noir_2023.png,Willamette Valley,Samuel Robert,"red fruit, oak, spices, earth, non oak, black fruit, floral, vegetal, dried fruit, tree fruit, citrus fruit, microbio","Beef, Veal, Game (deer, venison), Poultry",Pinot Noir
Roar Garys' Vineyard Pinot Noir 2023,United States,89.99,4.5,images/Roar_Garys_Vineyard_Pinot_Noir_2023.png,images/bottle_Roar_Garys_Vineyard_Pinot_Noir_2023.png,Santa Lucia Highlands,Roar,"red fruit, oak, non oak, earth, spices, black fruit, vegetal, floral, microbio, dried fruit, tropical fruit, citrus fruit","Veal, Pork, Poultry, Mushrooms",Pinot Noir
ARPEPE Sassella Stella Retica 2017,Italy,66.99,4.2,images/ARPEPE_Sassella_Stella_Retica_2017.png,images/bottle_ARPEPE_Sassella_Stella_Retica_2017.png,Valtellina Superiore,ARPEPE,"red fruit, earth, oak, non oak, spices, black fruit, floral, microbio, dried fruit, vegetal, tree fruit, citrus fruit, tropical fruit","Beef, Lamb, Game (deer, venison), Poultry",Nebbiolo
Domaine de Courcel Pommard Premier Cru 'Les Rugiens' 1990,France,470,4.3,images/Domaine_de_Courcel_Pommard_Premier_Cru_Les_Rugiens.png,images/bottle_Domaine_de_Courcel_Pommard_Premier_Cru_Les_.png,Pommard Premier Cru,Domaine de Courcel,"red fruit, earth, oak, spices, non oak, black fruit, dried fruit, floral, vegetal, microbio","Beef, Veal, Game (deer, venison), Poultry",Pinot Noir
Ropiteau Freres Reserve Pinot Noir 2023,France,16.97,3.8,images/Ropiteau_Freres_Reserve_Pinot_Noir_2023.jpg,,Bourgogne,Ropiteau Freres,"red fruit, oak, earth, black fruit, non oak, spices, microbio, floral, dried fruit, citrus fruit, vegetal","Beef, Veal, Game (deer, venison), Poultry",Pinot Noir
Domaines Ott By.Ott Rosé 2023,France,27.99,4.1,images/Domaines_Ott_ByOtt_Ros_2023.png,images/bottle_Domaines_Ott_ByOtt_Ros_2023.png,Côtes de Provence,Domaines Ott,"red fruit, tree fruit, citrus fruit, earth, microbio, floral, spices, oak, tropical fruit, non oak, vegetal, black fruit, dried fruit","Pork, Shellfish, Vegetarian, Poultry","Shiraz/Syrah, Grenache, Cinsault"
Louis Jadot Corton Grand Cru 1995,France,220,4.1,images/Louis_Jadot_Corton_Grand_Cru_1995.png,images/bottle_Louis_Jadot_Corton_Grand_Cru_1995.png,Corton Grand Cru,Louis Jadot,"oak, red fruit, earth, non oak, spices, microbio, black fruit, dried fruit, tree fruit, floral, vegetal, citrus fruit","Beef, Veal, Game (deer, venison), Poultry",Pinot Noir
Thomas Henry Pinot Noir 2024,United States,18.99,3.6,images/Thomas_Henry_Pinot_Noir_2024.png,images/bottle_Thomas_Henry_Pinot_Noir_2024.png,Sonoma County,Thomas Henry,"red fruit, oak, non oak, spices, earth, black fruit, microbio, dried fruit, citrus fruit, vegetal","Beef, Veal, Game (deer, venison), Poultry",Pinot Noir
Chartogne-Taillet Orizeaux Extra Brut 2020,France,120,4.3,images/Chartogne_Taillet_Orizeaux_Extra_Brut_2020.png,images/bottle_Chartogne_Taillet_Orizeaux_Extra_Brut_2020.png,Champagne,Chartogne-Taillet,"earth, tree fruit, microbio, non oak, oak, citrus fruit, red fruit, vegetal, spices, floral, black fruit, tropical fruit, dried fruit","Pork, Rich fish (salmon, tuna etc), Shellfish, Mild and soft cheese","Chardonnay, Pinot Noir, Pinot Meunier"
Taft Street Pinot Noir 2021,United States,29.99,3.9,images/Taft_Street_Pinot_Noir_2021.png,images/bottle_Taft_Street_Pinot_Noir_2021.png,Russian River Valley,Taft Street,"oak, red fruit, earth, non oak, spices, black fruit, dried fruit, tree fruit, citrus fruit, floral","Veal, Pork, Poultry, Mushrooms",Pinot Noir
Louis Jadot Chambertin Clos de Beze Grand Cru 1992,France,380,4.3,images/Louis_Jadot_Chambertin_Clos_de_Beze_Grand_Cru_1992.png,images/bottle_Louis_Jadot_Chambertin_Clos_de_Beze_Grand_C.png,Chambertin-Clos de Bèze Grand Cru,Louis Jadot,"earth, oak, red fruit, non oak, black fruit, microbio, spices, floral, dried fruit, vegetal","Beef, Veal, Game (deer, venison), Poultry",Pinot Noir
Giacomo Grimaldi Sotto Castello di Novello Barolo 2003,Italy,45.99,4.1,images/Giacomo_Grimaldi_Sotto_Castello_di_Novello_Barolo_.png,images/bottle_Giacomo_Grimaldi_Sotto_Castello_di_Novello_.png,Barolo,Giacomo Grimaldi,"earth, oak, red fruit, non oak, black fruit, spices, microbio, dried fruit, vegetal, floral","Beef, Pasta, Lamb, Game (deer, venison)",Nebbiolo
Field Recordings Chenin 2024,United States,25,3.9,images/Field_Recordings_Chenin_2024.png,images/bottle_Field_Recordings_Chenin_2024.png,California,Field Recordings,"tree fruit, earth, citrus fruit, oak, microbio, tropical fruit, non oak, vegetal, spices, floral, red fruit, black fruit","Shellfish, Spicy food, Lean fish, Mild and soft cheese",Chenin Blanc
Conte Priola Pinot Noir delle Venezie 2021,Italy,11.97,3.3,images/Conte_Priola_Pinot_Noir_delle_Venezie_2021.jpg,,delle Venezie,Conte Priola,"red fruit, oak, earth, black fruit, spices, microbio, non oak, tree fruit, citrus fruit, dried fruit, tropical fruit","Beef, Veal, Game (deer, venison), Poultry",Pinot Noir
Domaine de la Solitude - Famille Lancon Côtes du Rhône 2020,France,18.99,3.9,images/Domaine_de_la_Solitude_Famille_Lancon_Ctes_du_Rhne.png,images/bottle_Domaine_de_la_Solitude_Famille_Lancon_Ctes_.png,Côtes-du-Rhône,Domaine de la Solitude - Famille Lancon,"red fruit, earth, black fruit, oak, spices, non oak, tree fruit, citrus fruit, microbio, dried fruit, floral, vegetal, tropical fruit","Beef, Lamb, Game (deer, venison)","Shiraz/Syrah, Grenache, Mourvedre"
Ghostwriter Pinot Noir 2022,United States,32,4.2,images/Ghostwriter_Pinot_Noir_2022.png,images/bottle_Ghostwriter_Pinot_Noir_2022.png,Santa Cruz Mountains,Ghostwriter,"red fruit, earth, oak, non oak, black fruit, spices, microbio, floral, dried fruit, citrus fruit, tree fruit","Beef, Veal, Game (deer, venison), Poultry",Pinot Noir
Domaine Ponsot Chapelle-Chambertin Grand Cru 2010,France,895,4.3,images/Domaine_Ponsot_Chapelle_Chambertin_Grand_Cru_2010.png,images/bottle_Domaine_Ponsot_Chapelle_Chambertin_Grand_Cr.png,Chapelle-Chambertin Grand Cru,Domaine Ponsot,"red fruit, earth, oak, black fruit, non oak, spices, floral, dried fruit, citrus fruit, vegetal, microbio","Beef, Veal, Game (deer, venison), Poultry",Pinot Noir
Domaine Faiveley Nuits-Saint-Georges Les Lavières 2005,France,137,3.9,images/Domaine_Faiveley_Nuits_Saint_Georges_Les_Lavires_2.png,images/bottle_Domaine_Faiveley_Nuits_Saint_Georges_Les_La.png,Nuits-Saint-Georges,Domaine Faiveley,"earth, red fruit, oak, microbio, non oak, spices, black fruit, floral, vegetal","Beef, Veal, Game (deer, venison), Poultry",Pinot Noir
Bouchard Père & Fils Domaines du Chateau de Beaune Le Corton Grand Cru 1990,France,289,4.4,images/Bouchard_Pre_Fils_Domaines_du_Chateau_de_Beaune_Le.jpg,,Corton Grand Cru,Bouchard Père & Fils,"red fruit, earth, oak, spices, non oak, microbio, black fruit, floral, vegetal, dried fruit","Beef, Veal, Game (deer, venison), Poultry",Pinot Noir
Barnaut Rosé Authentique Brut Champagne Grand Cru 'Bouzy',France,65,4.1,images/Barnaut_Ros_Authentique_Brut_Champagne_Grand_Cru_B.png,images/bottle_Barnaut_Ros_Authentique_Brut_Champagne_Gran.png,Champagne Grand Cru 'Bouzy',Barnaut,"red fruit, citrus fruit, earth, microbio, non oak, oak, tree fruit, vegetal, spices, floral","Pork, Rich fish (salmon, tuna etc), Shellfish, Mild and soft cheese","Chardonnay, Pinot Noir, Pinot Meunier"
Lignier-Michelot Morey-Saint-Denis 1er Cru 'Les Faconnières' 2021,France,195,4.2,images/Lignier_Michelot_Morey_Saint_Denis_1er_Cru_Les_Fac.png,images/bottle_Lignier_Michelot_Morey_Saint_Denis_1er_Cru_.png,Morey-Saint-Denis 1er Cru 'Les Faconnières',Lignier-Michelot,"earth, red fruit, oak, black fruit, spices, non oak, microbio, floral, vegetal, dried fruit, tropical fruit","Beef, Veal, Game (deer, venison), Poultry",Pinot Noir
Gérard Millet Sancerre Rouge 2024,France,26.99,4.2,images/Grard_Millet_Sancerre_Rouge_2024.png,images/bottle_Grard_Millet_Sancerre_Rouge_2024.png,Sancerre,Gérard Millet,"tree fruit, red fruit, earth, citrus fruit, vegetal, spices, microbio, oak, black fruit, tropical fruit, floral, non oak","Veal, Game (deer, venison), Poultry","Cabernet Franc, Pinot Noir, Gamay, Grolleau"
Vietti Barolo Castiglione 2020,Italy,41.99,4.2,images/Vietti_Barolo_Castiglione_2020.png,images/bottle_Vietti_Barolo_Castiglione_2020.png,Barolo,Vietti,"red fruit, earth, oak, non oak, spices, black fruit, floral, microbio, dried fruit, citrus fruit, vegetal, tree fruit, tropical fruit","Beef, Pasta, Lamb, Game (deer, venison)",Nebbiolo
Cava Maciel Apogeo Nebbiolo 2016,Mexico,45.99,4.2,images/Cava_Maciel_Apogeo_Nebbiolo_2016.png,images/bottle_Cava_Maciel_Apogeo_Nebbiolo_2016.png,Baja California,Cava Maciel,"oak, black fruit, earth, red fruit, spices, floral, non oak, microbio, dried fruit, tropical fruit","Beef, Lamb, Game (deer, venison), Poultry",Nebbiolo
Château d'Esclans Rock Angel Rosé 2022,France,29.99,4.1,images/Chteau_dEsclans_Rock_Angel_Ros_2022.png,images/bottle_Chteau_dEsclans_Rock_Angel_Ros_2022.png,Côtes de Provence,Château d'Esclans,"red fruit, tree fruit, citrus fruit, earth, oak, microbio, spices, non oak, tropical fruit, vegetal, floral, black fruit, dried fruit","Pork, Shellfish, Vegetarian, Poultry","Shiraz/Syrah, Grenache, Cinsault"
Domaine Henri Boillot Volnay 1er Cru Les Caillerets 1964,France,835,4.3,images/Domaine_Henri_Boillot_Volnay_1er_Cru_Les_Cailleret.png,images/bottle_Domaine_Henri_Boillot_Volnay_1er_Cru_Les_Ca.png,Volnay 1er Cru 'Les Caillerets',Domaine Henri Boillot,"red fruit, earth, spices, oak, microbio, non oak, black fruit, floral, vegetal, citrus fruit, tree fruit","Beef, Veal, Game (deer, venison), Poultry",Pinot Noir
Cep Pinot noir 2023,United States,38.99,4.1,images/Cep_Pinot_noir_2023.png,images/bottle_Cep_Pinot_noir_2023.png,Sonoma Coast,Cep,"red fruit, oak, earth, non oak, spices, black fruit, dried fruit, microbio, citrus fruit, tree fruit","Veal, Pork, Poultry, Mushrooms",Pinot Noir
Siduri Sonoma County Pinot Noir 2021,United States,24.99,4,images/Siduri_Sonoma_County_Pinot_Noir_2021.png,images/bottle_Siduri_Sonoma_County_Pinot_Noir_2021.png,Sonoma County,Siduri,"red fruit, earth, spices, oak, non oak, black fruit, microbio, dried fruit, citrus fruit, vegetal, floral","Beef, Veal, Game (deer, venison), Poultry",Pinot Noir
Domaine Georges Mugneret-Gibourg Échezeaux Grand Cru 2022,France,899.97,4.3,images/Domaine_Georges_Mugneret_Gibourg_chezeaux_Grand_Cr.png,images/bottle_Domaine_Georges_Mugneret_Gibourg_chezeaux_G.png,Échezeaux Grand Cru,Domaine Georges Mugneret-Gibourg,"earth, red fruit, oak, black fruit, non oak, spices, microbio, dried fruit, floral, vegetal","Beef, Veal, Game (deer, venison), Poultry",Pinot Noir
Domaine Taupenot-Merme Gevrey Chambertin Premier Cru Bel Air 2019,France,257,4.2,images/Domaine_Taupenot_Merme_Gevrey_Chambertin_Premier_C.png,images/bottle_Domaine_Taupenot_Merme_Gevrey_Chambertin_Pr.png,Gevrey-Chambertin Premier Cru,Domaine Taupenot-Merme,"red fruit, earth, oak, spices, non oak, black fruit, floral, microbio, citrus fruit, vegetal, dried fruit, tree fruit, tropical fruit","Beef, Veal, Game (deer, venison), Poultry",Pinot Noir
Hubert Lignier Clos de la Roche Grand Cru 2018,France,469,4.4,images/Hubert_Lignier_Clos_de_la_Roche_Grand_Cru_2018.png,images/bottle_Hubert_Lignier_Clos_de_la_Roche_Grand_Cru_2.png,Clos de la Roche Grand Cru,Hubert Lignier,"oak, earth, black fruit, red fruit, non oak, spices, microbio, dried fruit, floral, tropical fruit","Beef, Veal, Game (deer, venison), Poultry",Pinot Noir
Louis Jadot Chapelle-Chambertin Grand Cru 2020,France,265,4.4,images/Louis_Jadot_Chapelle_Chambertin_Grand_Cru_2020.png,images/bottle_Louis_Jadot_Chapelle_Chambertin_Grand_Cru_2.png,Chapelle-Chambertin Grand Cru,Louis Jadot,"red fruit, oak, earth, non oak, spices, black fruit, microbio, floral, citrus fruit, dried fruit, vegetal","Beef, Veal, Game (deer, venison), Poultry",Pinot Noir
Mer Soleil Reserve Pinot Noir 2018,United States,32.99,3.9,images/Mer_Soleil_Reserve_Pinot_Noir_2018.png,images/bottle_Mer_Soleil_Reserve_Pinot_Noir_2018.png,Santa Lucia Highlands,Mer Soleil,"red fruit, oak, earth, non oak, spices, black fruit, microbio, vegetal, dried fruit, floral, citrus fruit, tree fruit, tropical fruit","Veal, Pork, Poultry, Mushrooms",Pinot Noir
Rovellotti Costa del Salmino Ghemme Riserva 2016,Italy,66,4.2,images/Rovellotti_Costa_del_Salmino_Ghemme_Riserva_2016.png,images/bottle_Rovellotti_Costa_del_Salmino_Ghemme_Riserva.png,Ghemme,Rovellotti,"earth, red fruit, oak, black fruit, non oak, spices, floral, dried fruit, microbio, vegetal, citrus fruit","Beef, Lamb, Game (deer, venison), Poultry",Nebbiolo
Sea Smoke Ten Pinot Noir 2018,United States,135.09,4.7,images/Sea_Smoke_Ten_Pinot_Noir_2018.png,images/bottle_Sea_Smoke_Ten_Pinot_Noir_2018.png,Sta. Rita Hills,Sea Smoke,"oak, red fruit, earth, non oak, spices, black fruit, floral, microbio, dried fruit, vegetal, citrus fruit, tree fruit, tropical fruit","Veal, Pork, Poultry, Mushrooms",Pinot Noir
Leo Steen Saini Farms Chenin Blanc 2023,United States,24,3.9,images/Leo_Steen_Saini_Farms_Chenin_Blanc_2023.png,images/bottle_Leo_Steen_Saini_Farms_Chenin_Blanc_2023.png,Dry Creek Valley,Leo Steen,"tree fruit, citrus fruit, earth, oak, microbio, non oak, tropical fruit, floral, spices, vegetal, dried fruit, red fruit","Shellfish, Spicy food, Lean fish, Mild and soft cheese",Chenin Blanc
Ghislaine Barthod Chambolle-Musigny 1er Cru 'Les Cras' 2022,France,258,4.1,images/Ghislaine_Barthod_Chambolle_Musigny_1er_Cru_Les_Cr.png,images/bottle_Ghislaine_Barthod_Chambolle_Musigny_1er_Cru.png,Chambolle-Musigny 1er Cru 'Les Cras',Ghislaine Barthod,"earth, red fruit, oak, non oak, floral, spices, microbio, black fruit, vegetal, dried fruit","Beef, Veal, Game (deer, venison), Poultry",Pinot Noir
Domaine de Montille Volnay 1er Cru 'Champans' 1999,France,125,4.2,images/Domaine_de_Montille_Volnay_1er_Cru_Champans_1999.png,images/bottle_Domaine_de_Montille_Volnay_1er_Cru_Champans.png,Volnay 1er Cru 'Champans',Domaine de Montille,"red fruit, earth, oak, non oak, spices, microbio, black fruit, floral, vegetal, citrus fruit, tree fruit","Beef, Veal, Game (deer, venison), Poultry",Pinot Noir
Cristom Mt. Jefferson Cuvée Pinot Noir 2022,United States,42.99,4.2,images/Cristom_Mt_Jefferson_Cuve_Pinot_Noir_2022.png,images/bottle_Cristom_Mt_Jefferson_Cuve_Pinot_Noir_2022.png,Willamette Valley,Cristom,"red fruit, oak, earth, non oak, spices, black fruit, microbio, floral, vegetal, dried fruit, citrus fruit, tree fruit, tropical fruit","Beef, Veal, Game (deer, venison), Poultry",Pinot Noir
Colene Clemens Adriane Pinot Noir 2021,United States,62.99,4.2,images/Colene_Clemens_Adriane_Pinot_Noir_2021.png,images/bottle_Colene_Clemens_Adriane_Pinot_Noir_2021.png,Chehalem Mountains,Colene Clemens,"red fruit, oak, earth, non oak, spices, black fruit, microbio, vegetal, floral, dried fruit, tree fruit, citrus fruit","Beef, Veal, Game (deer, venison), Poultry",Pinot Noir
Familia Torres Sangre de Toro 2019,Spain,14.99,3.3,images/Familia_Torres_Sangre_de_Toro_2019.png,images/bottle_Familia_Torres_Sangre_de_Toro_2019.png,Catalunya,Familia Torres,"oak, black fruit, red fruit, spices, non oak, earth, microbio, citrus fruit, dried fruit, vegetal, tree fruit, floral, tropical fruit","Beef, Pasta, Lamb, Game (deer, venison), Poultry",Grenache
Domaine de Montille Pommard 1er Cru Les Rugiens-Bas 2021,France,675,4.3,images/Domaine_de_Montille_Pommard_1er_Cru_Les_Rugiens_Ba.png,images/bottle_Domaine_de_Montille_Pommard_1er_Cru_Les_Rug.png,Pommard Premier Cru,Domaine de Montille,"red fruit, earth, oak, black fruit, microbio, spices, non oak, floral, dried fruit, citrus fruit, vegetal","Beef, Veal, Game (deer, venison), Poultry",Pinot Noir
Francis Ford Coppola Winery Diamond Collection Monterey County Pinot Noir 2021,United States,14.99,3.7,images/Francis_Ford_Coppola_Winery_Diamond_Collection_Mon.png,images/bottle_Francis_Ford_Coppola_Winery_Diamond_Collect.png,Monterey County,Francis Ford Coppola Winery,"red fruit, oak, earth, non oak, spices, black fruit, microbio, citrus fruit, floral, tree fruit, vegetal, dried fruit, tropical fruit","Beef, Veal, Game (deer, venison), Poultry",Pinot Noir
Hirsch Vineyards West Ridge Pinot Noir 2021,United States,111,4.3,images/Hirsch_Vineyards_West_Ridge_Pinot_Noir_2021.png,images/bottle_Hirsch_Vineyards_West_Ridge_Pinot_Noir_2021.png,Sonoma Coast,Hirsch Vineyards,"red fruit, earth, oak, non oak, spices, floral, black fruit, vegetal, microbio, citrus fruit","Veal, Pork, Poultry, Mushrooms",Pinot Noir
Trediberri Barolo del Comune di La Morra 2018,Italy,143,4.1,images/Trediberri_Barolo_del_Comune_di_La_Morra_2018.png,images/bottle_Trediberri_Barolo_del_Comune_di_La_Morra_20.png,Barolo,Trediberri,"earth, red fruit, oak, non oak, spices, floral, black fruit, microbio, vegetal, dried fruit","Beef, Pasta, Lamb, Game (deer, venison)",Nebbiolo
Domaine Michel Lafarge Volnay Vendanges Sélectionnées 2022,France,129.99,4.1,images/Domaine_Michel_Lafarge_Volnay_Vendanges_Slectionne.png,images/bottle_Domaine_Michel_Lafarge_Volnay_Vendanges_Sle.png,Volnay,Domaine Michel Lafarge,"red fruit, earth, oak, non oak, black fruit, spices, microbio, floral, citrus fruit, dried fruit, vegetal","Beef, Veal, Game (deer, venison), Poultry",Pinot Noir
Georges Noëllat Nuits-Saint-Georges 2022,France,119.99,4.2,images/Georges_Nollat_Nuits_Saint_Georges_2022.png,images/bottle_Georges_Nollat_Nuits_Saint_Georges_2022.png,Nuits-Saint-Georges,Georges Noëllat,"red fruit, oak, black fruit, earth, non oak, spices, microbio, floral, vegetal, dried fruit, tropical fruit, tree fruit","Beef, Veal, Game (deer, venison), Poultry",Pinot Noir
Benjamin Leroux Volnay 2022,France,138,4.1,images/Benjamin_Leroux_Volnay_2022.png,images/bottle_Benjamin_Leroux_Volnay_2022.png,Volnay,Benjamin Leroux,"red fruit, earth, oak, black fruit, spices, non oak, microbio, floral, dried fruit, vegetal","Beef, Veal, Game (deer, venison), Poultry",Pinot Noir
Domaine Fourrier Vieille Vigne Gevrey-Chambertin 1er Cru 'Cherbaudes' 2020,France,288,4.3,images/Domaine_Fourrier_Vieille_Vigne_Gevrey_Chambertin_1.png,images/bottle_Domaine_Fourrier_Vieille_Vigne_Gevrey_Chamb.png,Gevrey-Chambertin 1er Cru 'Cherbaudes',Domaine Fourrier,"red fruit, earth, oak, non oak, black fruit, floral, spices, dried fruit, microbio, citrus fruit, vegetal","Beef, Veal, Game (deer, venison), Poultry",Pinot Noir
Adelsheim Rosé 2023,United States,28.99,3.8,images/Adelsheim_Ros_2023.png,images/bottle_Adelsheim_Ros_2023.png,Willamette Valley,Adelsheim,"red fruit, tree fruit, citrus fruit, earth, microbio, tropical fruit, vegetal, oak, spices, floral, non oak, black fruit, dried fruit",,Pinot Noir
Ken Wright Cellars Abbott Claim Vineyard Pinot Noir 2021,United States,67.99,4.2,images/Ken_Wright_Cellars_Abbott_Claim_Vineyard_Pinot_Noi.png,images/bottle_Ken_Wright_Cellars_Abbott_Claim_Vineyard_Pi.png,Yamhill-Carlton District,Ken Wright Cellars,"red fruit, earth, oak, black fruit, non oak, spices, microbio, citrus fruit, dried fruit, tree fruit, floral, vegetal","Beef, Veal, Game (deer, venison), Poultry",Pinot Noir
Au Bon Climat Pinot Noir Santa Barbara County 2023,United States,26.99,4,images/Au_Bon_Climat_Pinot_Noir_Santa_Barbara_County_2023.png,images/bottle_Au_Bon_Climat_Pinot_Noir_Santa_Barbara_Coun.png,Santa Barbara County,Au Bon Climat,"red fruit, oak, earth, non oak, spices, black fruit, microbio, floral, vegetal, dried fruit, citrus fruit, tree fruit, tropical fruit","Beef, Veal, Game (deer, venison), Poultry",Pinot Noir
ARPEPE Il Pettirosso 2017,Italy,46.99,4,images/ARPEPE_Il_Pettirosso_2017.png,images/bottle_ARPEPE_Il_Pettirosso_2017.png,Valtellina Superiore,ARPEPE,"red fruit, earth, oak, spices, non oak, floral, microbio, black fruit, citrus fruit, vegetal, dried fruit","Beef, Lamb, Game (deer, venison), Poultry",Nebbiolo
Williams Selyem Terra de Promissio Vineyard Pinot Noir 2022,United States,159.99,4.5,images/Williams_Selyem_Terra_de_Promissio_Vineyard_Pinot_.png,images/bottle_Williams_Selyem_Terra_de_Promissio_Vineyard.png,Sonoma Coast,Williams Selyem,"red fruit, oak, earth, non oak, black fruit, spices, citrus fruit, microbio, floral, dried fruit, vegetal, tree fruit","Veal, Pork, Poultry, Mushrooms",Pinot Noir
Gaja Barbaresco 2019,Italy,329.97,4.5,images/Gaja_Barbaresco_2019.png,images/bottle_Gaja_Barbaresco_2019.png,Barbaresco,Gaja,"earth, oak, red fruit, non oak, spices, black fruit, floral, microbio, dried fruit, vegetal, citrus fruit, tree fruit, tropical fruit","Beef, Pasta, Lamb, Game (deer, venison)",Nebbiolo
Hundred Suns Old Eight Cut Pinot Noir 2023,United States,41.99,4.3,images/Hundred_Suns_Old_Eight_Cut_Pinot_Noir_2023.png,images/bottle_Hundred_Suns_Old_Eight_Cut_Pinot_Noir_2023.png,Willamette Valley,Hundred Suns,"red fruit, black fruit, oak, earth, non oak, spices, microbio, citrus fruit, floral, tropical fruit, tree fruit, vegetal","Beef, Veal, Game (deer, venison), Poultry",Pinot Noir
A to Z Wineworks Bubbles Rosé,United States,15.99,3.8,images/A_to_Z_Wineworks_Bubbles_Ros.png,images/bottle_A_to_Z_Wineworks_Bubbles_Ros.png,Oregon,A to Z Wineworks,"red fruit, tree fruit, citrus fruit, microbio, earth, vegetal, oak, non oak, spices, black fruit, tropical fruit, floral, dried fruit","Shellfish, Any junk food will do, Appetizers and snacks, Lean fish, Aperitif",
Maschio Extra Dry Rosé,Italy,15.26,3.7,images/Maschio_Extra_Dry_Ros.png,images/bottle_Maschio_Extra_Dry_Ros.png,Veneto,Maschio,"red fruit, tree fruit, citrus fruit, microbio, non oak, oak, vegetal, floral","Appetizers and snacks, Aperitif",
Foxen John Sebastiano Vineyard  Pinot Noir 2021,United States,60,4.2,images/Foxen_John_Sebastiano_Vineyard_Pinot_Noir_2021.png,images/bottle_Foxen_John_Sebastiano_Vineyard_Pinot_Noir_2.png,Sta. Rita Hills,Foxen,"red fruit, earth, oak, spices, black fruit, non oak, microbio, vegetal, floral, dried fruit, tree fruit, citrus fruit","Veal, Pork, Poultry, Mushrooms",Pinot Noir
Oddero Barolo 2017,Italy,25.99,4.2,images/Oddero_Barolo_2017.png,images/bottle_Oddero_Barolo_2017.png,Barolo,Oddero,"earth, oak, red fruit, non oak, spices, black fruit, microbio, floral, dried fruit, vegetal, citrus fruit, tree fruit, tropical fruit","Beef, Pasta, Lamb, Game (deer, venison)",Nebbiolo
Domaine Michel Lafarge Volnay 1er Cru 'Clos du Château des Ducs' 2022,France,325,4.3,images/Domaine_Michel_Lafarge_Volnay_1er_Cru_Clos_du_Chte.png,images/bottle_Domaine_Michel_Lafarge_Volnay_1er_Cru_Clos_.png,Volnay 1er Cru 'Clos du Château des Ducs',Domaine Michel Lafarge,"red fruit, earth, oak, microbio, spices, black fruit, non oak, floral, dried fruit, tropical fruit, citrus fruit","Beef, Veal, Game (deer, venison), Poultry",Pinot Noir
Calera Pinot Noir 2022,United States,21.99,4,images/Calera_Pinot_Noir_2022.png,images/bottle_Calera_Pinot_Noir_2022.png,Central Coast,Calera,"red fruit, oak, earth, non oak, spices, black fruit, microbio, floral, dried fruit, vegetal, citrus fruit, tree fruit, tropical fruit","Beef, Veal, Game (deer, venison), Poultry",Pinot Noir
Foxen Ernesto Wickenden Vineyard Old Vines Chenin Blanc 2024,United States,34,3.9,images/Foxen_Ernesto_Wickenden_Vineyard_Old_Vines_Chenin_.png,images/bottle_Foxen_Ernesto_Wickenden_Vineyard_Old_Vines_.png,Santa Maria Valley,Foxen,"tree fruit, citrus fruit, earth, microbio, oak, tropical fruit, non oak, vegetal, spices, floral, black fruit, red fruit, dried fruit","Shellfish, Spicy food, Lean fish, Mild and soft cheese",Chenin Blanc
Michael Pozzan Pinot Noir 2023,United States,17.99,3.8,images/Michael_Pozzan_Pinot_Noir_2023.png,images/bottle_Michael_Pozzan_Pinot_Noir_2023.png,Russian River Valley,Michael Pozzan,"red fruit, earth, oak, black fruit, spices, non oak, citrus fruit, microbio, tree fruit, vegetal","Veal, Pork, Poultry, Mushrooms",Pinot Noir
Domaine Sautereau Sancerre Rouge 2013,France,35.23,3.9,images/Domaine_Sautereau_Sancerre_Rouge_2013.png,images/bottle_Domaine_Sautereau_Sancerre_Rouge_2013.png,Sancerre,Domaine Sautereau,"red fruit, earth, tree fruit, oak, spices, citrus fruit, microbio, black fruit, non oak, dried fruit, floral, vegetal, tropical fruit","Veal, Game (deer, venison), Poultry","Cabernet Franc, Pinot Noir, Gamay, Grolleau"
Daniel Crochet Sancerre Rouge 2022,France,35.99,3.9,images/Daniel_Crochet_Sancerre_Rouge_2022.png,images/bottle_Daniel_Crochet_Sancerre_Rouge_2022.png,Sancerre,Daniel Crochet,"red fruit, earth, oak, citrus fruit, microbio, black fruit, tree fruit, non oak, spices, floral, vegetal","Veal, Game (deer, venison), Poultry","Cabernet Franc, Pinot Noir, Gamay, Grolleau"
Domaine Pierre Gelin Chambertin Clos de Bèze Grand Cru 1990,France,630,4.4,images/Domaine_Pierre_Gelin_Chambertin_Clos_de_Bze_Grand_.png,images/bottle_Domaine_Pierre_Gelin_Chambertin_Clos_de_Bze.png,Chambertin-Clos de Bèze Grand Cru,Domaine Pierre Gelin,"earth, oak, black fruit, red fruit, spices, microbio, non oak, floral, dried fruit, tropical fruit, vegetal","Beef, Veal, Game (deer, venison), Poultry",Pinot Noir
Domaine Marquis d'Angerville Volnay 1er Cru 'Taillepieds' 1995,France,275,4.2,images/Domaine_Marquis_dAngerville_Volnay_1er_Cru_Taillep.png,images/bottle_Domaine_Marquis_dAngerville_Volnay_1er_Cru_.png,Volnay 1er Cru 'Taille Pieds',Domaine Marquis d'Angerville,"earth, red fruit, oak, non oak, spices, microbio, black fruit, dried fruit, floral, citrus fruit","Beef, Veal, Game (deer, venison), Poultry",Pinot Noir
Center of Effort Pinot Noir 2021,United States,40,4.1,images/Center_of_Effort_Pinot_Noir_2021.png,images/bottle_Center_of_Effort_Pinot_Noir_2021.png,Edna Valley,Center of Effort,"red fruit, oak, black fruit, earth, non oak, spices, microbio, floral, dried fruit, citrus fruit, vegetal","Beef, Veal, Game (deer, venison), Poultry",Pinot Noir
Herzog Baron Herzog Chenin Blanc 2022,United States,10.99,3.6,images/Herzog_Baron_Herzog_Chenin_Blanc_2022.png,images/bottle_Herzog_Baron_Herzog_Chenin_Blanc_2022.png,Clarksburg,Herzog,"tree fruit, tropical fruit, earth, citrus fruit, microbio, vegetal, oak, floral, spices, non oak","Shellfish, Spicy food, Lean fish, Mild and soft cheese",Chenin Blanc
Woodbridge by Robert Mondavi Pinot Noir 2016,United States,10.97,3.5,images/Woodbridge_by_Robert_Mondavi_Pinot_Noir_2016.png,images/bottle_Woodbridge_by_Robert_Mondavi_Pinot_Noir_201.png,California,Woodbridge by Robert Mondavi,"oak, red fruit, earth, non oak, black fruit, spices, microbio, dried fruit, citrus fruit, vegetal, tree fruit, floral, tropical fruit","Beef, Veal, Game (deer, venison), Poultry",Pinot Noir
Bow & Arrow Rhinestones 2022,United States,27,3.9,images/Bow_Arrow_Rhinestones_2022.png,images/bottle_Bow_Arrow_Rhinestones_2022.png,Willamette Valley,Bow & Arrow,"red fruit, earth, oak, spices, black fruit, non oak, dried fruit, microbio, vegetal, floral, tropical fruit, tree fruit","Beef, Veal, Game (deer, venison), Poultry",Pinot Noir
Mauro Molino Langhe Nebbiolo 2022,Italy,22.99,3.9,images/Mauro_Molino_Langhe_Nebbiolo_2022.png,images/bottle_Mauro_Molino_Langhe_Nebbiolo_2022.png,Langhe,Mauro Molino,"red fruit, earth, oak, non oak, spices, black fruit, floral, microbio, dried fruit, vegetal, citrus fruit, tree fruit","Beef, Lamb, Game (deer, venison), Poultry",Nebbiolo
Domaine René Leclerc Gevrey-Chambertin Premier Cru Combe aux Moines 1985,France,375,4.2,images/Domaine_Ren_Leclerc_Gevrey_Chambertin_Premier_Cru_.png,images/bottle_Domaine_Ren_Leclerc_Gevrey_Chambertin_Premi.png,Gevrey-Chambertin Premier Cru,Domaine René Leclerc,"earth, red fruit, oak, non oak, black fruit, microbio, dried fruit, spices, floral, vegetal","Beef, Veal, Game (deer, venison), Poultry",Pinot Noir
Méo-Camuzet Corton Grand Cru 'Clos Rognet' 2022,France,569.99,4.4,images/Mo_Camuzet_Corton_Grand_Cru_Clos_Rognet_2022.png,images/bottle_Mo_Camuzet_Corton_Grand_Cru_Clos_Rognet_202.png,Corton Grand Cru,Méo-Camuzet,"red fruit, earth, oak, black fruit, non oak, spices, microbio, floral, vegetal, dried fruit, citrus fruit","Beef, Veal, Game (deer, venison), Poultry",Pinot Noir
Ancien Pinot Noir 2022,United States,50,4.2,images/Ancien_Pinot_Noir_2022.png,images/bottle_Ancien_Pinot_Noir_2022.png,Los Carneros,Ancien,"red fruit, earth, oak, non oak, spices, black fruit, microbio, citrus fruit, floral, vegetal","Veal, Pork, Poultry, Mushrooms",Pinot Noir
Argyle Grower Series Pinot Noir 2021,United States,14,3.8,images/Argyle_Grower_Series_Pinot_Noir_2021.png,images/bottle_Argyle_Grower_Series_Pinot_Noir_2021.png,Willamette Valley,Argyle,"red fruit, oak, earth, non oak, spices, black fruit, microbio, floral, tree fruit, citrus fruit, vegetal, dried fruit, tropical fruit","Beef, Veal, Game (deer, venison), Poultry",Pinot Noir
Louis Jadot Chambolle-Musigny Les Fuées 1997,France,303,4.2,images/Louis_Jadot_Chambolle_Musigny_Les_Fues_1997.png,images/bottle_Louis_Jadot_Chambolle_Musigny_Les_Fues_1997.png,Chambolle-Musigny Premier Cru,Louis Jadot,"red fruit, earth, oak, non oak, spices, floral, black fruit, microbio, dried fruit, vegetal","Beef, Veal, Game (deer, venison), Poultry",Pinot Noir
Familia Torres Secret del Priorat 2019,Spain,29.99,4,images/Familia_Torres_Secret_del_Priorat_2019.png,images/bottle_Familia_Torres_Secret_del_Priorat_2019.png,Priorat,Familia Torres,"black fruit, red fruit, oak, spices, non oak, earth, dried fruit, floral, microbio, vegetal, tree fruit, citrus fruit","Beef, Lamb, Game (deer, venison), Poultry","Shiraz/Syrah, Cabernet Sauvignon, Grenache, Carignan"
Champalou Brut,France,25.99,3.8,images/Champalou_Brut.png,images/bottle_Champalou_Brut.png,Vouvray,Champalou,"tree fruit, citrus fruit, earth, microbio, non oak, oak, vegetal, floral, red fruit, tropical fruit, dried fruit, spices","Shellfish, Poultry, Appetizers and snacks, Lean fish, Aperitif",
Domaine Trapet Clos Prieur Gevrey-Chambertin 1er Cru 2018,France,190,4.3,images/Domaine_Trapet_Clos_Prieur_Gevrey_Chambertin_1er_C.png,images/bottle_Domaine_Trapet_Clos_Prieur_Gevrey_Chamberti.png,Gevrey-Chambertin Premier Cru,Domaine Trapet,"earth, oak, non oak, red fruit, spices, black fruit, microbio, dried fruit, tree fruit, floral, vegetal, citrus fruit","Beef, Veal, Game (deer, venison), Poultry",Pinot Noir
Domaine François Gaunoux Volnay 1er Cru 'Le Clos des Chênes' 1990,France,276,4.1,images/Domaine_Franois_Gaunoux_Volnay_1er_Cru_Le_Clos_des.png,images/bottle_Domaine_Franois_Gaunoux_Volnay_1er_Cru_Le_C.png,Volnay 1er Cru 'Clos des Chênes',Domaine François Gaunoux,"red fruit, earth, oak, spices, microbio, black fruit, floral, non oak, vegetal, dried fruit, citrus fruit","Beef, Veal, Game (deer, venison), Poultry",Pinot Noir
Georges Noëllat Vosne-Romanée 1er Cru 'Les Beaux Monts' 2019,France,339.99,4.2,images/Georges_Nollat_Vosne_Romane_1er_Cru_Les_Beaux_Mont.png,images/bottle_Georges_Nollat_Vosne_Romane_1er_Cru_Les_Bea.png,Vosne-Romanée 1er Cru 'Les Beaux Monts',Georges Noëllat,"red fruit, earth, oak, non oak, spices, black fruit, floral, microbio, dried fruit, vegetal, citrus fruit","Beef, Veal, Game (deer, venison), Poultry",Pinot Noir
Portal del Priorat Clos del Portal Negre de Negres 2018,Spain,42.99,4.2,images/Portal_del_Priorat_Clos_del_Portal_Negre_de_Negres.png,images/bottle_Portal_del_Priorat_Clos_del_Portal_Negre_de.png,Priorat,Portal del Priorat,"oak, black fruit, earth, non oak, red fruit, spices, microbio, floral, dried fruit, vegetal, citrus fruit","Beef, Lamb, Game (deer, venison), Poultry","Shiraz/Syrah, Cabernet Sauvignon, Grenache, Carignan"
Louis Jadot Gevrey Chambertin Lavaux-Saint-Jacques 2005,France,187,4.1,images/Louis_Jadot_Gevrey_Chambertin_Lavaux_Saint_Jacques.png,images/bottle_Louis_Jadot_Gevrey_Chambertin_Lavaux_Saint_.png,Gevrey-Chambertin Premier Cru,Louis Jadot,"earth, red fruit, oak, spices, microbio, black fruit, non oak, dried fruit, tropical fruit, floral","Beef, Veal, Game (deer, venison), Poultry",Pinot Noir
Fairvalley Chenin Blanc 2024,South Africa,12.99,3.5,images/Fairvalley_Chenin_Blanc_2024.png,images/bottle_Fairvalley_Chenin_Blanc_2024.png,Western Cape,Fairvalley,"tree fruit, citrus fruit, tropical fruit, earth, oak, microbio, spices, floral, non oak, vegetal","Shellfish, Spicy food, Lean fish, Mild and soft cheese",Chenin Blanc
Unsorted Pinot Noir 2022,United States,19.99,4,images/Unsorted_Pinot_Noir_2022.png,images/bottle_Unsorted_Pinot_Noir_2022.png,California,Unsorted,"oak, red fruit, non oak, spices, black fruit, earth, dried fruit, citrus fruit, floral, vegetal, microbio","Beef, Veal, Game (deer, venison), Poultry",Pinot Noir
Foxen Julia's Vineyard Pinot Noir 2021,United States,70,4.1,images/Foxen_Julias_Vineyard_Pinot_Noir_2021.png,images/bottle_Foxen_Julias_Vineyard_Pinot_Noir_2021.png,Santa Maria Valley,Foxen,"red fruit, oak, earth, spices, non oak, black fruit, microbio, vegetal, dried fruit, citrus fruit, floral","Veal, Pork, Poultry, Mushrooms",Pinot Noir
Giuseppe Cortese Barbaresco Rabaja 2015,Italy,44.64,4,images/Giuseppe_Cortese_Barbaresco_Rabaja_2015.png,images/bottle_Giuseppe_Cortese_Barbaresco_Rabaja_2015.png,Barbaresco,Giuseppe Cortese,"red fruit, earth, oak, non oak, spices, black fruit, floral, microbio, dried fruit, vegetal, citrus fruit, tree fruit, tropical fruit","Beef, Pasta, Lamb, Game (deer, venison)",Nebbiolo
Migration Sonoma Coast Pinot Noir 2018,United States,34.99,4.2,images/Migration_Sonoma_Coast_Pinot_Noir_2018.png,images/bottle_Migration_Sonoma_Coast_Pinot_Noir_2018.png,Sonoma Coast,Migration,"red fruit, oak, earth, non oak, spices, black fruit, microbio, citrus fruit, vegetal, floral, dried fruit, tree fruit, tropical fruit","Veal, Pork, Poultry, Mushrooms",Pinot Noir
David Hill Estate Pinot Noir 2023,United States,35,3.8,images/David_Hill_Estate_Pinot_Noir_2023.png,images/bottle_David_Hill_Estate_Pinot_Noir_2023.png,Willamette Valley,David Hill,"oak, red fruit, spices, non oak, earth, black fruit, vegetal, microbio, citrus fruit, floral","Beef, Veal, Game (deer, venison), Poultry",Pinot Noir
Ghislaine Barthod Chambolle-Musigny 1er Cru 'Aux Beaux Bruns' 2022,France,231,4.3,images/Ghislaine_Barthod_Chambolle_Musigny_1er_Cru_Aux_Be.png,images/bottle_Ghislaine_Barthod_Chambolle_Musigny_1er_Cru.png,Chambolle-Musigny 1er Cru 'Aux Beaux Bruns',Ghislaine Barthod,"red fruit, earth, oak, non oak, microbio, spices, black fruit, floral, dried fruit, tropical fruit, citrus fruit, vegetal","Beef, Veal, Game (deer, venison), Poultry",Pinot Noir
Samuel Robert Family Reserve Pinot Noir 2023,United States,23.97,3.9,images/Samuel_Robert_Family_Reserve_Pinot_Noir_2023.png,images/bottle_Samuel_Robert_Family_Reserve_Pinot_Noir_202.png,Willamette Valley,Samuel Robert,"red fruit, oak, black fruit, non oak, earth, spices, microbio, dried fruit, vegetal, citrus fruit, floral","Beef, Veal, Game (deer, venison), Poultry",Pinot Noir
Mascarello Giuseppe e Figlio Barolo Monprivato 2010,Italy,225,4.5,images/Mascarello_Giuseppe_e_Figlio_Barolo_Monprivato_201.png,images/bottle_Mascarello_Giuseppe_e_Figlio_Barolo_Monpriv.png,Barolo,Mascarello Giuseppe e Figlio,"red fruit, earth, oak, non oak, spices, floral, black fruit, microbio, dried fruit, citrus fruit, vegetal, tree fruit, tropical fruit","Beef, Pasta, Lamb, Game (deer, venison)",Nebbiolo
Domaine des Croix Beaune Pertuisots 1er Cru 2021,France,146.99,4.1,images/Domaine_des_Croix_Beaune_Pertuisots_1er_Cru_2021.png,images/bottle_Domaine_des_Croix_Beaune_Pertuisots_1er_Cru.png,Beaune 1er Cru 'Pertuisots',Domaine des Croix,"red fruit, earth, oak, black fruit, non oak, spices, floral, dried fruit, vegetal, microbio","Beef, Veal, Game (deer, venison), Poultry",Pinot Noir
Comando G La Bruja de Rozas 2022,Spain,39,4,images/Comando_G_La_Bruja_de_Rozas_2022.png,images/bottle_Comando_G_La_Bruja_de_Rozas_2022.png,Madrid,Comando G,"red fruit, earth, oak, spices, non oak, black fruit, floral, microbio, vegetal, citrus fruit, tree fruit, dried fruit, tropical fruit","Beef, Pasta, Lamb, Game (deer, venison), Poultry",Grenache
Michele Chiarlo Tortoniano Barolo 2017,Italy,59.99,4.2,images/Michele_Chiarlo_Tortoniano_Barolo_2017.png,images/bottle_Michele_Chiarlo_Tortoniano_Barolo_2017.png,Barolo,Michele Chiarlo,"earth, oak, red fruit, non oak, spices, black fruit, floral, microbio, vegetal, dried fruit, citrus fruit, tree fruit, tropical fruit","Beef, Pasta, Lamb, Game (deer, venison)",Nebbiolo
Ken Wright Cellars Bonnie Jean Vineyard Pinot Noir 2022,United States,67.99,4.3,images/Ken_Wright_Cellars_Bonnie_Jean_Vineyard_Pinot_Noir.png,images/bottle_Ken_Wright_Cellars_Bonnie_Jean_Vineyard_Pin.png,Yamhill-Carlton District,Ken Wright Cellars,"red fruit, oak, earth, black fruit, non oak, spices, microbio, dried fruit, citrus fruit, floral, vegetal, tropical fruit, tree fruit","Beef, Veal, Game (deer, venison), Poultry",Pinot Noir
Paul Hobbs CrossBarn Sonoma Coast Pinot Noir 2020,United States,29.99,4.2,images/Paul_Hobbs_CrossBarn_Sonoma_Coast_Pinot_Noir_2020.png,images/bottle_Paul_Hobbs_CrossBarn_Sonoma_Coast_Pinot_Noi.png,Sonoma Coast,Paul Hobbs,"red fruit, oak, non oak, earth, spices, black fruit, microbio, floral, vegetal, dried fruit, citrus fruit, tree fruit, tropical fruit","Veal, Pork, Poultry, Mushrooms",Pinot Noir
Antoniolo Bricco Lorella Rosato 2023,Italy,14,3.6,images/Antoniolo_Bricco_Lorella_Rosato_2023.png,images/bottle_Antoniolo_Bricco_Lorella_Rosato_2023.png,Coste della Sesia,Antoniolo,"red fruit, citrus fruit, earth, tree fruit, spices, vegetal, black fruit, dried fruit, microbio, floral","Shellfish, Mature and hard cheese, Appetizers and snacks, Lean fish, Mild and soft cheese, Cured Meat",
Soléna Estate Domaine Danielle Laurent Pinot Noir 2022,United States,39.99,4.1,images/Solna_Estate_Domaine_Danielle_Laurent_Pinot_Noir_2.png,images/bottle_Solna_Estate_Domaine_Danielle_Laurent_Pinot.png,Willamette Valley,Soléna Estate,"red fruit, earth, oak, spices, non oak, black fruit, microbio, vegetal, dried fruit, citrus fruit, tree fruit, floral","Beef, Veal, Game (deer, venison), Poultry",Pinot Noir
Hubert Lamy Clos des Hâtes Santenay 2022,France,113,4.1,images/Hubert_Lamy_Clos_des_Htes_Santenay_2022.png,images/bottle_Hubert_Lamy_Clos_des_Htes_Santenay_2022.png,Santenay,Hubert Lamy,"red fruit, oak, earth, non oak, black fruit, spices, microbio, floral, citrus fruit","Beef, Veal, Game (deer, venison), Poultry",Pinot Noir
Argyle Spirithouse Pinot Noir 2021,United States,75,4.1,images/Argyle_Spirithouse_Pinot_Noir_2021.png,images/bottle_Argyle_Spirithouse_Pinot_Noir_2021.png,Dundee Hills,Argyle,"red fruit, oak, earth, non oak, black fruit, spices, microbio, floral, tree fruit, citrus fruit, vegetal","Beef, Veal, Game (deer, venison), Poultry",Pinot Noir
Philippe Pacalet Échézeaux Grand Cru 2020,France,699,4.4,images/Philippe_Pacalet_chzeaux_Grand_Cru_2020.png,images/bottle_Philippe_Pacalet_chzeaux_Grand_Cru_2020.png,Échezeaux Grand Cru,Philippe Pacalet,"red fruit, earth, oak, black fruit, floral, spices, non oak, vegetal, dried fruit, citrus fruit, microbio","Beef, Veal, Game (deer, venison), Poultry",Pinot Noir
Domaine Georges Mugneret-Gibourg Ruchottes-Chambertin Grand Cru 1996,France,850,4.5,images/Domaine_Georges_Mugneret_Gibourg_Ruchottes_Chamber.png,images/bottle_Domaine_Georges_Mugneret_Gibourg_Ruchottes_.png,Ruchottes-Chambertin Grand Cru,Domaine Georges Mugneret-Gibourg,"red fruit, oak, earth, non oak, black fruit, spices, microbio, floral, dried fruit, citrus fruit","Beef, Veal, Game (deer, venison), Poultry",Pinot Noir
Laherte Freres Les Longues Voyes Blanc de Noirs Extra-Brut Champagne Premier Cru 2019,France,79.99,4.2,images/Laherte_Freres_Les_Longues_Voyes_Blanc_de_Noirs_Ex.png,images/bottle_Laherte_Freres_Les_Longues_Voyes_Blanc_de_N.png,Champagne Premier Cru,Laherte Freres,"tree fruit, oak, non oak, microbio, earth, citrus fruit, red fruit, vegetal, spices, black fruit, dried fruit, tropical fruit","Pork, Rich fish (salmon, tuna etc), Shellfish, Mild and soft cheese","Chardonnay, Pinot Noir, Pinot Meunier"
François Bertheau Bonnes Mares Grand Cru 2001,France,489,4.2,images/Franois_Bertheau_Bonnes_Mares_Grand_Cru_2001.png,images/bottle_Franois_Bertheau_Bonnes_Mares_Grand_Cru_200.png,Bonnes-Mares Grand Cru,François Bertheau,"earth, red fruit, oak, microbio, black fruit, citrus fruit, spices, floral, non oak, vegetal","Beef, Veal, Game (deer, venison), Poultry",Pinot Noir
Elk Cove Clay Court Pinot Noir 2023,United States,58.99,4.2,images/Elk_Cove_Clay_Court_Pinot_Noir_2023.png,images/bottle_Elk_Cove_Clay_Court_Pinot_Noir_2023.png,Chehalem Mountains,Elk Cove,"red fruit, oak, earth, non oak, black fruit, spices, microbio, floral, dried fruit, citrus fruit","Beef, Veal, Game (deer, venison), Poultry",Pinot Noir
François Cotat Chavignol Sancerre Rosé 2023,France,74,4.1,images/Franois_Cotat_Chavignol_Sancerre_Ros_2023.png,images/bottle_Franois_Cotat_Chavignol_Sancerre_Ros_2023.png,Sancerre,François Cotat,"red fruit, citrus fruit, tree fruit, non oak, earth, vegetal, tropical fruit, microbio, oak, dried fruit, spices, floral","Lamb, Rich fish (salmon, tuna etc), Poultry, Mild and soft cheese, Cured Meat",
Louis Jadot Beaune Premier Cru 2012,France,147,3.9,images/Louis_Jadot_Beaune_Premier_Cru_2012.png,images/bottle_Louis_Jadot_Beaune_Premier_Cru_2012.png,Beaune Premier Cru,Louis Jadot,"red fruit, oak, earth, non oak, spices, black fruit, microbio, tree fruit, citrus fruit, floral, dried fruit, vegetal, tropical fruit","Beef, Veal, Game (deer, venison), Poultry",Pinot Noir
Louis Latour Chambolle-Musigny 2003,France,88,4.1,images/Louis_Latour_Chambolle_Musigny_2003.png,images/bottle_Louis_Latour_Chambolle_Musigny_2003.png,Chambolle-Musigny,Louis Latour,"red fruit, earth, oak, spices, non oak, microbio, black fruit, floral, dried fruit, citrus fruit","Beef, Veal, Game (deer, venison), Poultry",Pinot Noir
Méo-Camuzet Echezeaux Grand Cru 'Les Rouges du Bas' 2020,France,699.99,4.5,images/Mo_Camuzet_Echezeaux_Grand_Cru_Les_Rouges_du_Bas_2.png,images/bottle_Mo_Camuzet_Echezeaux_Grand_Cru_Les_Rouges_d.png,Échezeaux Grand Cru,Méo-Camuzet,"red fruit, oak, earth, spices, non oak, microbio, black fruit, floral, tree fruit, vegetal","Beef, Veal, Game (deer, venison), Poultry",Pinot Noir
Domaine Blain-Gagnard Chassagne-Montrachet Premier Cru 1990,France,180,4.3,images/Domaine_Blain_Gagnard_Chassagne_Montrachet_Premier.png,images/bottle_Domaine_Blain_Gagnard_Chassagne_Montrachet_.png,Chassagne-Montrachet Premier Cru,Domaine Blain-Gagnard,"oak, earth, microbio, non oak, spices, red fruit, black fruit, tree fruit, citrus fruit, dried fruit, tropical fruit, vegetal","Beef, Veal, Game (deer, venison), Poultry",Pinot Noir
Williams Selyem Calegari Vineyard Pinot Noir 2022,United States,158,4.5,images/Williams_Selyem_Calegari_Vineyard_Pinot_Noir_2022.png,images/bottle_Williams_Selyem_Calegari_Vineyard_Pinot_Noi.png,Russian River Valley,Williams Selyem,"red fruit, oak, non oak, earth, spices, black fruit, floral, microbio, citrus fruit, vegetal, tropical fruit, dried fruit","Veal, Pork, Poultry, Mushrooms",Pinot Noir
The Prisoner Blindfold Blanc de Noir White Pinot Noir 2021,United States,32.99,4.1,images/The_Prisoner_Blindfold_Blanc_de_Noir_White_Pinot_N.png,images/bottle_The_Prisoner_Blindfold_Blanc_de_Noir_White_.png,California,The Prisoner,"citrus fruit, tree fruit, earth, floral, red fruit, oak, non oak, tropical fruit, vegetal, microbio, spices, black fruit","Pasta, Rich fish (salmon, tuna etc), Shellfish, Vegetarian, Poultry, Lean fish",
River's Edge Elkton Cuvée Pinot Noir 2020,United States,24,4.1,images/Rivers_Edge_Elkton_Cuve_Pinot_Noir_2020.png,images/bottle_Rivers_Edge_Elkton_Cuve_Pinot_Noir_2020.png,Elkton Oregon,River's Edge,"red fruit, oak, non oak, earth, black fruit, spices, microbio, dried fruit, floral, vegetal, citrus fruit","Beef, Veal, Game (deer, venison), Poultry",Pinot Noir
Prieur-Brunet Chassagne Montrachet Morgeot 1er Cru 1986,France,170,4,images/Prieur_Brunet_Chassagne_Montrachet_Morgeot_1er_Cru.png,images/bottle_Prieur_Brunet_Chassagne_Montrachet_Morgeot_.png,Chassagne-Montrachet 1er Cru 'Morgeot',Prieur-Brunet,"red fruit, earth, oak, spices, vegetal, non oak, black fruit, citrus fruit, microbio, tree fruit, floral","Beef, Veal, Game (deer, venison), Poultry",Pinot Noir
Michel Magnien Clos de la Roche Grand Cru 1990,France,979,4.3,images/Michel_Magnien_Clos_de_la_Roche_Grand_Cru_1990.png,images/bottle_Michel_Magnien_Clos_de_la_Roche_Grand_Cru_1.png,Clos de la Roche Grand Cru,Michel Magnien,"red fruit, oak, earth, non oak, spices, black fruit, microbio, dried fruit, tree fruit","Beef, Veal, Game (deer, venison), Poultry",Pinot Noir
Adelsheim Pinot Noir 2021,United States,33.99,4,images/Adelsheim_Pinot_Noir_2021.png,images/bottle_Adelsheim_Pinot_Noir_2021.png,Willamette Valley,Adelsheim,"red fruit, oak, earth, non oak, spices, black fruit, microbio, floral, vegetal, dried fruit, citrus fruit, tree fruit, tropical fruit","Beef, Veal, Game (deer, venison), Poultry",Pinot Noir
Produttori del Barbaresco Nebbiolo Langhe 2023,Italy,27.99,4,images/Produttori_del_Barbaresco_Nebbiolo_Langhe_2023.png,images/bottle_Produttori_del_Barbaresco_Nebbiolo_Langhe_2.png,Langhe,Produttori del Barbaresco,"red fruit, earth, oak, spices, non oak, black fruit, floral, microbio, dried fruit, vegetal, citrus fruit, tree fruit, tropical fruit","Beef, Lamb, Game (deer, venison), Poultry",Nebbiolo
Lignier-Michelot Clos de la Roche Grand Cru 2020,France,470,4.4,images/Lignier_Michelot_Clos_de_la_Roche_Grand_Cru_2020.png,images/bottle_Lignier_Michelot_Clos_de_la_Roche_Grand_Cru.png,Clos de la Roche Grand Cru,Lignier-Michelot,"earth, red fruit, oak, microbio, floral, non oak, black fruit, spices, vegetal, dried fruit, tropical fruit","Beef, Veal, Game (deer, venison), Poultry",Pinot Noir
Produttori del Barbaresco Barbaresco Riserva Rio Sordo 2009,Italy,135,4.1,images/Produttori_del_Barbaresco_Barbaresco_Riserva_Rio_S.png,images/bottle_Produttori_del_Barbaresco_Barbaresco_Riserv.png,Barbaresco,Produttori del Barbaresco,"earth, oak, red fruit, spices, non oak, black fruit, floral, microbio, dried fruit, vegetal, citrus fruit","Beef, Pasta, Lamb, Game (deer, venison)",Nebbiolo
Domaine Trapet Gevrey-Chambertin 2019,France,90,4.3,images/Domaine_Trapet_Gevrey_Chambertin_2019.png,images/bottle_Domaine_Trapet_Gevrey_Chambertin_2019.png,Gevrey-Chambertin,Domaine Trapet,"red fruit, earth, oak, non oak, spices, microbio, black fruit, floral, vegetal, dried fruit, citrus fruit, tree fruit, tropical fruit","Beef, Veal, Game (deer, venison), Poultry",Pinot Noir
Domaine Cecile Tremblay Chambolle-Musigny Les Cabottes 2020,France,900,4.4,images/Domaine_Cecile_Tremblay_Chambolle_Musigny_Les_Cabo.png,images/bottle_Domaine_Cecile_Tremblay_Chambolle_Musigny_L.png,Chambolle-Musigny,Domaine Cecile Tremblay,"red fruit, oak, black fruit, earth, floral, non oak, spices, vegetal","Beef, Veal, Game (deer, venison), Poultry",Pinot Noir
Bennett Valley Cellars BIN 6410 Pinot Noir 2022,United States,19.99,4,images/Bennett_Valley_Cellars_BIN_6410_Pinot_Noir_2022.png,images/bottle_Bennett_Valley_Cellars_BIN_6410_Pinot_Noir_.png,Bennett Valley,Bennett Valley Cellars,"red fruit, oak, earth, non oak, spices, black fruit, tree fruit, floral, microbio, dried fruit","Beef, Veal, Game (deer, venison), Poultry",Pinot Noir
Mirafiore Barolo Riserva 2007,Italy,84.58,4.4,images/Mirafiore_Barolo_Riserva_2007.png,images/bottle_Mirafiore_Barolo_Riserva_2007.png,Barolo,Mirafiore,"earth, oak, black fruit, red fruit, non oak, spices, microbio, floral, citrus fruit, dried fruit, vegetal","Beef, Pasta, Lamb, Game (deer, venison)",Nebbiolo
Ovum Ezy Tgr Pinot Noir 2023,United States,24.99,3.8,images/Ovum_Ezy_Tgr_Pinot_Noir_2023.png,images/bottle_Ovum_Ezy_Tgr_Pinot_Noir_2023.png,Willamette Valley,Ovum,"red fruit, oak, black fruit, spices, non oak, earth, dried fruit, microbio, tree fruit, vegetal","Beef, Veal, Game (deer, venison), Poultry",Pinot Noir
Capiaux Cellars Pisoni Vineyard Pinot Noir 2022,United States,69.99,4.2,images/Capiaux_Cellars_Pisoni_Vineyard_Pinot_Noir_2022.png,images/bottle_Capiaux_Cellars_Pisoni_Vineyard_Pinot_Noir_.png,Santa Lucia Highlands,Capiaux Cellars,"red fruit, earth, oak, black fruit, non oak, spices, microbio, dried fruit, tree fruit, floral","Veal, Pork, Poultry, Mushrooms",Pinot Noir
Josh Cellars Pinot Noir 2022,United States,14.99,3.7,images/Josh_Cellars_Pinot_Noir_2022.png,images/bottle_Josh_Cellars_Pinot_Noir_2022.png,Central Coast,Josh Cellars,"red fruit, oak, earth, non oak, black fruit, spices, microbio, dried fruit, tree fruit, citrus fruit, vegetal, floral, tropical fruit","Beef, Veal, Game (deer, venison), Poultry",Pinot Noir
Giacomo Conterno Barolo Arione 2020,Italy,315,4.6,images/Giacomo_Conterno_Barolo_Arione_2020.png,images/bottle_Giacomo_Conterno_Barolo_Arione_2020.png,Barolo,Giacomo Conterno,"red fruit, earth, black fruit, oak, spices, vegetal, non oak, microbio, floral, dried fruit","Beef, Pasta, Lamb, Game (deer, venison)",Nebbiolo
Maritana Le Russe Pinot Noir 2021,United States,49.99,4.2,images/Maritana_Le_Russe_Pinot_Noir_2021.png,images/bottle_Maritana_Le_Russe_Pinot_Noir_2021.png,Russian River Valley,Maritana,"red fruit, oak, non oak, spices, black fruit, earth, floral, microbio, tree fruit, vegetal, dried fruit","Veal, Pork, Poultry, Mushrooms",Pinot Noir
Lifevine Pinot Noir 2023,United States,13.99,3.6,images/Lifevine_Pinot_Noir_2023.png,images/bottle_Lifevine_Pinot_Noir_2023.png,Willamette Valley,Lifevine,"red fruit, oak, earth, non oak, black fruit, spices, microbio, tree fruit, floral, dried fruit, citrus fruit, vegetal","Beef, Veal, Game (deer, venison), Poultry",Pinot Noir
Pascal Cotat Chavignol Sancerre Rosé 2023,France,99.99,4,images/Pascal_Cotat_Chavignol_Sancerre_Ros_2023.png,images/bottle_Pascal_Cotat_Chavignol_Sancerre_Ros_2023.png,Sancerre,Pascal Cotat,"red fruit, earth, citrus fruit, tree fruit, oak, floral, spices, vegetal, non oak, microbio, dried fruit","Lamb, Rich fish (salmon, tuna etc), Poultry, Mild and soft cheese, Cured Meat",
Domaine Dujac Bonnes-Mares Grand Cru 2022,France,995,4.5,images/Domaine_Dujac_Bonnes_Mares_Grand_Cru_2022.png,images/bottle_Domaine_Dujac_Bonnes_Mares_Grand_Cru_2022.png,Bonnes-Mares Grand Cru,Domaine Dujac,"earth, oak, red fruit, black fruit, microbio, non oak, spices, dried fruit, floral, citrus fruit","Beef, Veal, Game (deer, venison), Poultry",Pinot Noir
Wyatt Pinot Noir 2023,United States,15.99,3.6,images/Wyatt_Pinot_Noir_2023.png,images/bottle_Wyatt_Pinot_Noir_2023.png,California,Wyatt,"red fruit, oak, earth, non oak, spices, black fruit, microbio, tree fruit, floral, vegetal","Beef, Veal, Game (deer, venison), Poultry",Pinot Noir
Gran Moraine Pinot Noir 2018,United States,49.99,4.2,images/Gran_Moraine_Pinot_Noir_2018.png,images/bottle_Gran_Moraine_Pinot_Noir_2018.png,Yamhill-Carlton District,Gran Moraine,"red fruit, earth, oak, non oak, spices, black fruit, microbio, floral, citrus fruit, vegetal, dried fruit, tree fruit, tropical fruit","Beef, Veal, Game (deer, venison), Poultry",Pinot Noir
Thibault Liger-Belair Vosne Romanée 'Aux Réas' 2021,France,170,4.2,images/Thibault_Liger_Belair_Vosne_Romane_Aux_Ras_2021.png,images/bottle_Thibault_Liger_Belair_Vosne_Romane_Aux_Ras_.png,Vosne-Romanée,Thibault Liger-Belair,"red fruit, earth, oak, non oak, black fruit, spices, microbio, floral, citrus fruit, dried fruit, tree fruit","Beef, Veal, Game (deer, venison), Poultry",Pinot Noir
Louis Jadot Gevrey Chambertin Estournelles Saint Jacques 1999,France,85,4.2,images/Louis_Jadot_Gevrey_Chambertin_Estournelles_Saint_J.png,images/bottle_Louis_Jadot_Gevrey_Chambertin_Estournelles_.png,Gevrey-Chambertin 1er Cru 'Estournelles St Jacques',Louis Jadot,"red fruit, oak, earth, black fruit, non oak, microbio, floral, spices, vegetal","Beef, Veal, Game (deer, venison), Poultry",Pinot Noir
Cass Grenache 2022,United States,42,4,images/Cass_Grenache_2022.png,images/bottle_Cass_Grenache_2022.png,Paso Robles,Cass,"red fruit, oak, spices, non oak, earth, black fruit, vegetal, floral, microbio, dried fruit, citrus fruit, tree fruit","Beef, Lamb, Spicy food, Vegetarian, Poultry",Grenache
McManis Pinot Noir 2018,United States,10.99,3.7,images/McManis_Pinot_Noir_2018.png,images/bottle_McManis_Pinot_Noir_2018.png,Lodi,McManis,"oak, red fruit, non oak, spices, earth, black fruit, microbio, citrus fruit, dried fruit, tree fruit, floral, vegetal, tropical fruit","Beef, Veal, Game (deer, venison), Poultry",Pinot Noir
Maison En Belles Lies Maranges 2022,France,74.99,4,images/Maison_En_Belles_Lies_Maranges_2022.png,images/bottle_Maison_En_Belles_Lies_Maranges_2022.png,Maranges,Maison En Belles Lies,"red fruit, earth, black fruit, oak, spices, microbio, floral, vegetal, non oak","Beef, Veal, Game (deer, venison), Poultry",Pinot Noir
Domaine de la Solitude - Famille Lancon Châteauneuf-du-Pape Cornelia Constanza 2021,France,129.99,4.3,images/Domaine_de_la_Solitude_Famille_Lancon_Chteauneuf_d.png,images/bottle_Domaine_de_la_Solitude_Famille_Lancon_Chtea.png,Châteauneuf-du-Pape,Domaine de la Solitude - Famille Lancon,"red fruit, spices, oak, earth, black fruit, non oak, dried fruit, tree fruit, floral, microbio","Lamb, Pork, Poultry","Shiraz/Syrah, Mourvedre, Counoise, Cinsaut, Vaccareze, Muscardin"
Philipponnat Clos des Goisses Champagne 2007,France,473,4.5,images/Philipponnat_Clos_des_Goisses_Champagne_2007.png,images/bottle_Philipponnat_Clos_des_Goisses_Champagne_200.png,Champagne,Philipponnat,"earth, non oak, oak, tree fruit, microbio, citrus fruit, vegetal, spices, red fruit, dried fruit, tropical fruit, floral, black fruit","Pork, Rich fish (salmon, tuna etc), Shellfish, Mild and soft cheese","Chardonnay, Pinot Noir, Pinot Meunier"
Michel & Marc Rossignol Volnay 1er Cru 'Les Pitures' 2022,France,475,4,images/Michel_Marc_Rossignol_Volnay_1er_Cru_Les_Pitures_2.png,images/bottle_Michel_Marc_Rossignol_Volnay_1er_Cru_Les_Pi.png,Volnay Premier Cru,Michel & Marc Rossignol,"red fruit, earth, oak, spices, non oak, black fruit, microbio, dried fruit, floral, vegetal","Beef, Veal, Game (deer, venison), Poultry",Pinot Noir
Porter Creek Pinot Noir 2020,United States,47.99,4.2,images/Porter_Creek_Pinot_Noir_2020.png,images/bottle_Porter_Creek_Pinot_Noir_2020.png,Russian River Valley,Porter Creek,"red fruit, earth, oak, black fruit, non oak, microbio, spices, floral, citrus fruit, tree fruit","Veal, Pork, Poultry, Mushrooms",Pinot Noir
Domaine François Buffet Volnay 2022,France,88.99,3.9,images/Domaine_Franois_Buffet_Volnay_2022.png,images/bottle_Domaine_Franois_Buffet_Volnay_2022.png,Volnay,Domaine François Buffet,"red fruit, oak, earth, non oak, black fruit, spices, microbio, floral, vegetal, dried fruit","Beef, Veal, Game (deer, venison), Poultry",Pinot Noir
Joseph Drouhin Santenay Premier Cru Beaurepaire 1990,France,229,3.9,images/Joseph_Drouhin_Santenay_Premier_Cru_Beaurepaire_19.png,images/bottle_Joseph_Drouhin_Santenay_Premier_Cru_Beaurep.png,Santenay Premier Cru,Joseph Drouhin,"red fruit, earth, oak, black fruit, spices, microbio, non oak, citrus fruit, floral","Beef, Veal, Game (deer, venison), Poultry",Pinot Noir
Chandon de Briailles Savigny-lès-Beaune 1er Cru 'Aux Fournaux' 2022,France,99.99,4.1,images/Chandon_de_Briailles_Savigny_ls_Beaune_1er_Cru_Aux.png,images/bottle_Chandon_de_Briailles_Savigny_ls_Beaune_1er_.png,Savigny-lès-Beaune 1er Cru 'Aux Fourneaux',Chandon de Briailles,"red fruit, earth, spices, microbio, black fruit, oak, floral, non oak, vegetal, citrus fruit, tropical fruit, tree fruit, dried fruit","Beef, Veal, Game (deer, venison), Poultry",Pinot Noir
Purple Hands Latchkey Vineyard Pinot Noir 2022,United States,69.99,4.2,images/Purple_Hands_Latchkey_Vineyard_Pinot_Noir_2022.png,images/bottle_Purple_Hands_Latchkey_Vineyard_Pinot_Noir_2.png,Dundee Hills,Purple Hands,"red fruit, earth, oak, non oak, black fruit, spices, floral, microbio, citrus fruit, vegetal, dried fruit, tropical fruit","Beef, Veal, Game (deer, venison), Poultry",Pinot Noir
Domaine Edmond Cornu & Fils Les Barrigards Bourgogne 2023,France,35,3.9,images/Domaine_Edmond_Cornu_Fils_Les_Barrigards_Bourgogne.png,images/bottle_Domaine_Edmond_Cornu_Fils_Les_Barrigards_Bo.png,Bourgogne,Domaine Edmond Cornu & Fils,"red fruit, earth, oak, microbio, non oak, spices, black fruit, floral, tree fruit, vegetal","Beef, Veal, Game (deer, venison), Poultry",Pinot Noir
Domaine des Lambrays Clos des Lambrays Grand Cru 2009,France,320,4.4,images/Domaine_des_Lambrays_Clos_des_Lambrays_Grand_Cru_2.png,images/bottle_Domaine_des_Lambrays_Clos_des_Lambrays_Gran.png,Clos de Lambrays Grand Cru,Domaine des Lambrays,"red fruit, earth, oak, non oak, black fruit, spices, microbio, floral, dried fruit, vegetal, citrus fruit, tree fruit, tropical fruit","Beef, Veal, Game (deer, venison), Poultry",Pinot Noir
Williams Selyem Bucher Vineyard Pinot Noir 2021,United States,159.99,4.4,images/Williams_Selyem_Bucher_Vineyard_Pinot_Noir_2021.png,images/bottle_Williams_Selyem_Bucher_Vineyard_Pinot_Noir_.png,Russian River Valley,Williams Selyem,"red fruit, oak, earth, non oak, spices, black fruit, microbio, citrus fruit, vegetal, tropical fruit, floral, dried fruit","Veal, Pork, Poultry, Mushrooms",Pinot Noir
Chacra Nacha Pinot Noir Rosé 2023,Argentina,29.99,4.1,images/Chacra_Nacha_Pinot_Noir_Ros_2023.png,images/bottle_Chacra_Nacha_Pinot_Noir_Ros_2023.png,Patagonia,Chacra,"red fruit, citrus fruit, earth, microbio, oak, floral, vegetal","Pork, Shellfish, Vegetarian, Poultry, Mild and soft cheese, Aperitif",
Adriano Marco e Vittorio Basarin Barbaresco 2015,Italy,29.37,4,images/Adriano_Marco_e_Vittorio_Basarin_Barbaresco_2015.png,images/bottle_Adriano_Marco_e_Vittorio_Basarin_Barbaresco.png,Barbaresco,Adriano Marco e Vittorio,"red fruit, oak, earth, spices, non oak, black fruit, floral, microbio, dried fruit, tree fruit, vegetal, citrus fruit","Beef, Pasta, Lamb, Game (deer, venison)",Nebbiolo
Domaine Michel Lafarge Beaune 1er Cru 'Les Aigrots' Rouge 2022,France,90,4.2,images/Domaine_Michel_Lafarge_Beaune_1er_Cru_Les_Aigrots_.png,images/bottle_Domaine_Michel_Lafarge_Beaune_1er_Cru_Les_A.png,Beaune 1er Cru 'Les Aigrots',Domaine Michel Lafarge,"red fruit, oak, earth, black fruit, spices, non oak, dried fruit, microbio, floral, vegetal","Beef, Veal, Game (deer, venison), Poultry",Pinot Noir
Rodney Strong Pinot Noir 2023,United States,26.99,3.8,images/Rodney_Strong_Pinot_Noir_2023.png,images/bottle_Rodney_Strong_Pinot_Noir_2023.png,Russian River Valley,Rodney Strong,"red fruit, oak, earth, non oak, spices, black fruit, microbio, dried fruit, floral","Veal, Pork, Poultry, Mushrooms",Pinot Noir
La Crema Russian River Valley Pinot Noir 2014,United States,34.99,4.1,images/La_Crema_Russian_River_Valley_Pinot_Noir_2014.png,images/bottle_La_Crema_Russian_River_Valley_Pinot_Noir_20.png,Russian River Valley,La Crema,"red fruit, oak, black fruit, earth, non oak, spices, microbio, floral, vegetal, dried fruit, citrus fruit, tree fruit, tropical fruit","Veal, Pork, Poultry, Mushrooms",Pinot Noir
Sylvain Pataille Marsannay 2022,France,69.99,4.1,images/Sylvain_Pataille_Marsannay_2022.png,images/bottle_Sylvain_Pataille_Marsannay_2022.png,Marsannay,Sylvain Pataille,"red fruit, earth, oak, non oak, spices, black fruit, microbio, floral, vegetal, citrus fruit, dried fruit, tree fruit, tropical fruit","Beef, Veal, Game (deer, venison), Poultry",Pinot Noir
Hirsch Vineyards San Andreas Fault Pinot Noir 2020,United States,46.99,4.4,images/Hirsch_Vineyards_San_Andreas_Fault_Pinot_Noir_2020.png,images/bottle_Hirsch_Vineyards_San_Andreas_Fault_Pinot_No.png,Sonoma Coast,Hirsch Vineyards,"red fruit, oak, earth, non oak, spices, black fruit, floral, microbio, vegetal, dried fruit, citrus fruit, tree fruit, tropical fruit","Veal, Pork, Poultry, Mushrooms",Pinot Noir
Domaine Serene Yamhill Cuvée Pinot Noir 2019,United States,49.99,4.3,images/Domaine_Serene_Yamhill_Cuve_Pinot_Noir_2019.png,images/bottle_Domaine_Serene_Yamhill_Cuve_Pinot_Noir_2019.png,Willamette Valley,Domaine Serene,"red fruit, oak, earth, non oak, spices, black fruit, microbio, floral, vegetal, dried fruit, citrus fruit, tree fruit, tropical fruit","Beef, Veal, Game (deer, venison), Poultry",Pinot Noir
RR Wines Ridgecrest Vineyards Pinot Noir 2021,United States,59.99,4.1,images/RR_Wines_Ridgecrest_Vineyards_Pinot_Noir_2021.png,images/bottle_RR_Wines_Ridgecrest_Vineyards_Pinot_Noir_20.png,Ribbon Ridge,RR Wines,"red fruit, oak, earth, spices, non oak, black fruit, microbio, dried fruit, citrus fruit, floral, tree fruit","Beef, Veal, Game (deer, venison), Poultry",Pinot Noir
Morlet Family Vineyards Pinot Noir Coteaux Nobles 2020,United States,119.99,4.4,images/Morlet_Family_Vineyards_Pinot_Noir_Coteaux_Nobles_.png,images/bottle_Morlet_Family_Vineyards_Pinot_Noir_Coteaux_.png,Sonoma Coast,Morlet Family Vineyards,"red fruit, oak, earth, non oak, black fruit, spices, floral, microbio, dried fruit, citrus fruit, vegetal, tree fruit, tropical fruit","Veal, Pork, Poultry, Mushrooms",Pinot Noir
Domaine Denis Bachelet Vieilles Vignes Gevrey-Chambertin 1er Cru Les Corbeaux 1990,France,930,4.2,images/Domaine_Denis_Bachelet_Vieilles_Vignes_Gevrey_Cham.png,images/bottle_Domaine_Denis_Bachelet_Vieilles_Vignes_Gevr.png,Gevrey-Chambertin Premier Cru,Domaine Denis Bachelet,"earth, red fruit, oak, spices, black fruit, non oak, floral, microbio, vegetal, citrus fruit, dried fruit, tree fruit","Beef, Veal, Game (deer, venison), Poultry",Pinot Noir
Merry Edwards Pinot Noir 2019,United States,61.99,4.4,images/Merry_Edwards_Pinot_Noir_2019.png,images/bottle_Merry_Edwards_Pinot_Noir_2019.png,Russian River Valley,Merry Edwards,"red fruit, oak, earth, non oak, spices, black fruit, microbio, floral, vegetal, dried fruit, citrus fruit, tree fruit","Veal, Pork, Poultry, Mushrooms",Pinot Noir
Domaine Rossignol-Trapet Gevrey-Chambertin 1er Cru Clos Prieur 2021,France,263,4.2,images/Domaine_Rossignol_Trapet_Gevrey_Chambertin_1er_Cru.png,images/bottle_Domaine_Rossignol_Trapet_Gevrey_Chambertin_.png,Gevrey-Chambertin 1er Cru 'Clos Prieur',Domaine Rossignol-Trapet,"red fruit, earth, oak, non oak, black fruit, spices, floral, microbio, vegetal, dried fruit, citrus fruit","Beef, Veal, Game (deer, venison), Poultry",Pinot Noir
E. Guigal Châteauneuf-du-Pape 2019,France,51.99,4.1,images/E_Guigal_Chteauneuf_du_Pape_2019.png,images/bottle_E_Guigal_Chteauneuf_du_Pape_2019.png,Châteauneuf-du-Pape,E. Guigal,"oak, earth, black fruit, red fruit, non oak, spices, microbio, dried fruit, floral, vegetal, citrus fruit, tree fruit, tropical fruit","Lamb, Pork, Poultry","Shiraz/Syrah, Mourvedre, Counoise, Cinsaut, Vaccareze, Muscardin"
Albert Bichot Chambolle-Musigny 1985,France,238,4.1,images/Albert_Bichot_Chambolle_Musigny_1985.png,images/bottle_Albert_Bichot_Chambolle_Musigny_1985.png,Chambolle-Musigny,Albert Bichot,"red fruit, earth, oak, non oak, floral, microbio, black fruit, spices, dried fruit, vegetal","Beef, Veal, Game (deer, venison), Poultry",Pinot Noir
Brea Pinot Noir 2022,United States,34.99,3.9,images/Brea_Pinot_Noir_2022.png,images/bottle_Brea_Pinot_Noir_2022.png,Monterey,Brea,"red fruit, oak, spices, non oak, earth, black fruit, microbio, dried fruit, citrus fruit, floral, vegetal","Beef, Veal, Game (deer, venison), Poultry",Pinot Noir
Bachelet-Monnot Les Prarons Dessus Santenay 2022,France,57,4.2,images/Bachelet_Monnot_Les_Prarons_Dessus_Santenay_2022.png,images/bottle_Bachelet_Monnot_Les_Prarons_Dessus_Santenay.png,Santenay,Bachelet-Monnot,"red fruit, oak, earth, non oak, spices, black fruit, microbio, tree fruit, floral, vegetal","Beef, Veal, Game (deer, venison), Poultry",Pinot Noir
J Vineyards Russian River Valley Pinot Noir 2018,United States,34.99,4.2,images/J_Vineyards_Russian_River_Valley_Pinot_Noir_2018.png,images/bottle_J_Vineyards_Russian_River_Valley_Pinot_Noir.png,Russian River Valley,J Vineyards,"red fruit, oak, earth, non oak, spices, black fruit, microbio, tree fruit, vegetal, dried fruit, floral, citrus fruit, tropical fruit","Veal, Pork, Poultry, Mushrooms",Pinot Noir
The Prisoner Unshackled Pinot Noir 2021,United States,17.99,4,images/The_Prisoner_Unshackled_Pinot_Noir_2021.png,images/bottle_The_Prisoner_Unshackled_Pinot_Noir_2021.png,Napa Valley,The Prisoner,"red fruit, oak, non oak, spices, black fruit, microbio, earth, vegetal, dried fruit, citrus fruit","Beef, Veal, Game (deer, venison), Poultry",Pinot Noir
Domaine Potinet-Ampeau Monthelie Rouge 1971,France,235,3.9,images/Domaine_Potinet_Ampeau_Monthelie_Rouge_1971.png,images/bottle_Domaine_Potinet_Ampeau_Monthelie_Rouge_1971.png,Monthélie,Domaine Potinet-Ampeau,"earth, red fruit, oak, spices, floral, microbio, non oak, black fruit, citrus fruit, vegetal, tropical fruit, tree fruit","Beef, Veal, Game (deer, venison), Poultry",Pinot Noir
A Tribute to Grace Santa Barbara Highlands Vineyard Rosé of Grenache 2024,United States,24,4.1,images/A_Tribute_to_Grace_Santa_Barbara_Highlands_Vineyar.png,images/bottle_A_Tribute_to_Grace_Santa_Barbara_Highlands_.png,Santa Barbara County,A Tribute to Grace,"red fruit, tree fruit, earth, citrus fruit, floral, microbio, oak, spices, vegetal, tropical fruit, non oak","Shellfish, Spicy food, Appetizers and snacks, Fruity desserts, Aperitif","Shiraz/Syrah, Cabernet Sauvignon, Pinot Noir, Sangiovese, Zinfandel, Barbera"
Ascheri Barolo 2020,Italy,49.99,4,images/Ascheri_Barolo_2020.png,images/bottle_Ascheri_Barolo_2020.png,Barolo,Ascheri,"earth, oak, red fruit, non oak, spices, black fruit, microbio, floral, vegetal, citrus fruit, dried fruit, tree fruit, tropical fruit","Beef, Pasta, Lamb, Game (deer, venison)",Nebbiolo
Méo-Camuzet Corton Grand Cru 'Les Perrières' 2020,France,399.99,4.4,images/Mo_Camuzet_Corton_Grand_Cru_Les_Perrires_2020.png,images/bottle_Mo_Camuzet_Corton_Grand_Cru_Les_Perrires_20.png,Corton Grand Cru,Méo-Camuzet,"red fruit, earth, oak, black fruit, floral, non oak, microbio, dried fruit, spices, vegetal, citrus fruit","Beef, Veal, Game (deer, venison), Poultry",Pinot Noir
Morca Touran 2022,Spain,140,4.5,images/Morca_Touran_2022.png,images/bottle_Morca_Touran_2022.png,Campo de Borja,Morca,"oak, non oak, spices, red fruit, earth, black fruit, dried fruit, citrus fruit, floral, microbio","Beef, Pasta, Lamb, Game (deer, venison), Poultry",Grenache
Marchesi di Barolo Barolo del Comune di Barolo 2016,Italy,59.99,4.2,images/Marchesi_di_Barolo_Barolo_del_Comune_di_Barolo_201.png,images/bottle_Marchesi_di_Barolo_Barolo_del_Comune_di_Bar.png,Barolo,Marchesi di Barolo,"earth, oak, red fruit, non oak, black fruit, spices, microbio, floral, dried fruit, vegetal, citrus fruit, tree fruit","Beef, Pasta, Lamb, Game (deer, venison)",Nebbiolo
Domaine de la Charbonnière Châteauneuf-du-Pape 2016,France,75.17,4.1,images/Domaine_de_la_Charbonnire_Chteauneuf_du_Pape_2016.png,images/bottle_Domaine_de_la_Charbonnire_Chteauneuf_du_Pap.png,Châteauneuf-du-Pape,Domaine de la Charbonnière,"oak, black fruit, red fruit, earth, non oak, spices, microbio, dried fruit, floral, tree fruit, vegetal, citrus fruit, tropical fruit","Lamb, Pork, Poultry","Shiraz/Syrah, Mourvedre, Counoise, Cinsaut, Vaccareze, Muscardin"
Gerard Quivy Gevrey-Chambertin Les Journeaux 2022,France,98,4.1,images/Gerard_Quivy_Gevrey_Chambertin_Les_Journeaux_2022.jpg,,Gevrey-Chambertin,Gerard Quivy,"red fruit, oak, spices, earth, black fruit, microbio, non oak, floral, dried fruit, vegetal","Beef, Veal, Game (deer, venison), Poultry",Pinot Noir
Domaine Huet Vouvray Le Haut-Lieu Sec 2022,France,28.99,4.2,images/Domaine_Huet_Vouvray_Le_Haut_Lieu_Sec_2022.png,images/bottle_Domaine_Huet_Vouvray_Le_Haut_Lieu_Sec_2022.png,Vouvray,Domaine Huet,"tree fruit, earth, citrus fruit, microbio, oak, non oak, floral, tropical fruit, vegetal, spices, dried fruit, black fruit, red fruit","Rich fish (salmon, tuna etc), Vegetarian, Poultry, Mild and soft cheese",Chenin Blanc
Chalk Hill Pinot Noir 2018,United States,19.99,3.5,images/Chalk_Hill_Pinot_Noir_2018.png,images/bottle_Chalk_Hill_Pinot_Noir_2018.png,Sonoma Coast,Chalk Hill,"red fruit, oak, earth, non oak, spices, black fruit, microbio, vegetal, floral, dried fruit, citrus fruit, tree fruit, tropical fruit","Veal, Pork, Poultry, Mushrooms",Pinot Noir
Domaine de la Solitude - Famille Lancon Châteauneuf-du-Pape Réserve Secrète 2021,France,212,4.5,images/Domaine_de_la_Solitude_Famille_Lancon_Chteauneuf_d.png,images/bottle_Domaine_de_la_Solitude_Famille_Lancon_Chtea.png,Châteauneuf-du-Pape,Domaine de la Solitude - Famille Lancon,"black fruit, oak, earth, spices, non oak, red fruit, dried fruit, microbio, citrus fruit, floral","Lamb, Pork, Poultry","Shiraz/Syrah, Mourvedre, Counoise, Cinsaut, Vaccareze, Muscardin"
Underwood Pinot Noir 2021,United States,13.99,3.6,images/Underwood_Pinot_Noir_2021.png,images/bottle_Underwood_Pinot_Noir_2021.png,Oregon,Underwood,"red fruit, oak, earth, non oak, black fruit, spices, microbio, dried fruit, floral, vegetal, tree fruit, citrus fruit, tropical fruit","Beef, Veal, Game (deer, venison), Poultry",Pinot Noir
Domaine Faiveley Charmes-Chambertin Grand Cru 1988,France,270,4.3,images/Domaine_Faiveley_Charmes_Chambertin_Grand_Cru_1988.png,images/bottle_Domaine_Faiveley_Charmes_Chambertin_Grand_C.png,Charmes-Chambertin Grand Cru,Domaine Faiveley,"earth, red fruit, oak, black fruit, spices, non oak, floral, microbio, dried fruit, tree fruit, citrus fruit, vegetal","Beef, Veal, Game (deer, venison), Poultry",Pinot Noir
Michel Magnien Gevrey-Chambertin Premier Cru 'Cazetiers' 2021,France,130,4.2,images/Michel_Magnien_Gevrey_Chambertin_Premier_Cru_Cazet.png,images/bottle_Michel_Magnien_Gevrey_Chambertin_Premier_Cr.png,Gevrey-Chambertin 1er Cru 'Les Cazetiers',Michel Magnien,"red fruit, earth, oak, black fruit, non oak, spices, microbio, floral, vegetal, dried fruit","Beef, Veal, Game (deer, venison), Poultry",Pinot Noir
Domaine Georges Mugneret-Gibourg Chambolle-Musigny 1er Cru 'Les Feusselottes' 2021,France,599.97,4.4,images/Domaine_Georges_Mugneret_Gibourg_Chambolle_Musigny.png,images/bottle_Domaine_Georges_Mugneret_Gibourg_Chambolle_.png,Chambolle-Musigny 1er Cru 'Les Feusselottes',Domaine Georges Mugneret-Gibourg,"red fruit, oak, earth, non oak, black fruit, spices, microbio, floral, citrus fruit, vegetal, dried fruit","Beef, Veal, Game (deer, venison), Poultry",Pinot Noir
Louis Jadot Clos de la Roche Grand Cru 1996,France,436,4.2,images/Louis_Jadot_Clos_de_la_Roche_Grand_Cru_1996.png,images/bottle_Louis_Jadot_Clos_de_la_Roche_Grand_Cru_1996.png,Clos de la Roche Grand Cru,Louis Jadot,"red fruit, earth, oak, black fruit, spices, non oak, microbio, dried fruit, citrus fruit, floral, vegetal","Beef, Veal, Game (deer, venison), Poultry",Pinot Noir
Donum Anderson Valley Estate Pinot Noir 2020,United States,210,4.5,images/Donum_Anderson_Valley_Estate_Pinot_Noir_2020.png,images/bottle_Donum_Anderson_Valley_Estate_Pinot_Noir_202.png,Anderson Valley,Donum,"red fruit, oak, spices, non oak, black fruit, earth, floral, microbio, vegetal, dried fruit, tree fruit","Veal, Pork, Poultry, Mushrooms",Pinot Noir
Domaine Boris Champy Altitude Bourgogne Hautes-Côtes de Beaune 2021,France,62,4,images/Domaine_Boris_Champy_Altitude_Bourgogne_Hautes_Cte.png,images/bottle_Domaine_Boris_Champy_Altitude_Bourgogne_Hau.png,Bourgogne Hautes-Côtes de Beaune,Domaine Boris Champy,"red fruit, spices, earth, oak, floral, vegetal, black fruit, microbio, non oak, dried fruit","Beef, Veal, Game (deer, venison), Poultry",Pinot Noir
A.F. Gros Échezeaux Grand Cru 2021,France,665,4.4,images/AF_Gros_chezeaux_Grand_Cru_2021.png,images/bottle_AF_Gros_chezeaux_Grand_Cru_2021.png,Échezeaux Grand Cru,A.F. Gros,"red fruit, earth, spices, black fruit, oak, non oak, microbio, dried fruit, citrus fruit, floral, vegetal","Beef, Veal, Game (deer, venison), Poultry",Pinot Noir
Domaine Charvin Côtes du Rhône Le Poutet 2022,France,28.99,3.9,images/Domaine_Charvin_Ctes_du_Rhne_Le_Poutet_2022.png,images/bottle_Domaine_Charvin_Ctes_du_Rhne_Le_Poutet_2022.png,Côtes-du-Rhône,Domaine Charvin,"spices, red fruit, earth, black fruit, oak, tree fruit, non oak, floral, microbio, vegetal","Beef, Lamb, Game (deer, venison)","Shiraz/Syrah, Grenache, Mourvedre"
Camille Giroud Charmes-Chambertin Grand Cru 1978,France,660,4.4,images/Camille_Giroud_Charmes_Chambertin_Grand_Cru_1978.png,images/bottle_Camille_Giroud_Charmes_Chambertin_Grand_Cru.png,Charmes-Chambertin Grand Cru,Camille Giroud,"red fruit, oak, earth, non oak, spices, microbio, black fruit, floral","Beef, Veal, Game (deer, venison), Poultry",Pinot Noir
Hubert Lignier Charmes-Chambertin Grand Cru 2020,France,499.99,4.4,images/Hubert_Lignier_Charmes_Chambertin_Grand_Cru_2020.png,images/bottle_Hubert_Lignier_Charmes_Chambertin_Grand_Cru.png,Charmes-Chambertin Grand Cru,Hubert Lignier,"red fruit, earth, oak, non oak, black fruit, spices, floral, microbio, dried fruit, tropical fruit, citrus fruit, vegetal","Beef, Veal, Game (deer, venison), Poultry",Pinot Noir
Piper Sonoma Brut Rosé,United States,19.99,3.7,images/Piper_Sonoma_Brut_Ros.png,images/bottle_Piper_Sonoma_Brut_Ros.png,Sonoma County,Piper Sonoma,"red fruit, citrus fruit, microbio, tree fruit, earth, non oak, oak, spices, tropical fruit, dried fruit, black fruit","Shellfish, Appetizers and snacks, Lean fish, Aperitif","Chardonnay, Pinot Noir"
Domaine Sylvain Cathiard Bourgogne 2022,France,129.99,4,images/Domaine_Sylvain_Cathiard_Bourgogne_2022.png,images/bottle_Domaine_Sylvain_Cathiard_Bourgogne_2022.png,Bourgogne,Domaine Sylvain Cathiard,"red fruit, oak, black fruit, earth, floral, non oak, spices, vegetal, citrus fruit","Beef, Veal, Game (deer, venison), Poultry",Pinot Noir
Kosta Browne Sonoma Coast Pinot Noir 2019,United States,55.99,4.5,images/Kosta_Browne_Sonoma_Coast_Pinot_Noir_2019.png,images/bottle_Kosta_Browne_Sonoma_Coast_Pinot_Noir_2019.png,Sonoma Coast,Kosta Browne,"red fruit, oak, non oak, black fruit, spices, earth, floral, microbio, dried fruit, vegetal, citrus fruit, tree fruit, tropical fruit","Veal, Pork, Poultry, Mushrooms",Pinot Noir
Domaine Denis Mortet Clos de Vougeot Grand Cru 2013,France,495,4.5,images/Domaine_Denis_Mortet_Clos_de_Vougeot_Grand_Cru_201.png,images/bottle_Domaine_Denis_Mortet_Clos_de_Vougeot_Grand_.png,Clos Vougeot Grand Cru,Domaine Denis Mortet,"earth, oak, red fruit, black fruit, microbio, non oak, dried fruit, spices, floral, vegetal","Beef, Veal, Game (deer, venison), Poultry",Pinot Noir
Domaine Cecile Tremblay Morey-Saint-Denis Tres Girard 2020,France,500,4.4,images/Domaine_Cecile_Tremblay_Morey_Saint_Denis_Tres_Gir.png,images/bottle_Domaine_Cecile_Tremblay_Morey_Saint_Denis_T.png,Morey-Saint-Denis,Domaine Cecile Tremblay,"oak, red fruit, earth, black fruit, non oak, microbio, spices, dried fruit, floral, vegetal","Beef, Veal, Game (deer, venison), Poultry",Pinot Noir
Domaine Pillot et Laurent Romain - Jean Michel et Laurent Pillot Bourgogne Rouge 2023,France,34.99,3.8,images/Domaine_Pillot_et_Laurent_Romain_Jean_Michel_et_La.png,images/bottle_Domaine_Pillot_et_Laurent_Romain_Jean_Miche.png,Bourgogne,Domaine Pillot et Laurent Romain - Jean Michel et Laurent Pillot,"red fruit, earth, spices, oak, microbio, citrus fruit, tree fruit, non oak, black fruit, floral, vegetal","Beef, Veal, Game (deer, venison), Poultry",Pinot Noir
Sea Smoke Southing Pinot Noir 2009,United States,126,4.4,images/Sea_Smoke_Southing_Pinot_Noir_2009.png,images/bottle_Sea_Smoke_Southing_Pinot_Noir_2009.png,Sta. Rita Hills,Sea Smoke,"red fruit, oak, earth, non oak, black fruit, spices, floral, microbio, dried fruit, vegetal, citrus fruit, tree fruit, tropical fruit","Veal, Pork, Poultry, Mushrooms",Pinot Noir
PAITIN Starda Langhe 2020,Italy,25,3.9,images/PAITIN_Starda_Langhe_2020.png,images/bottle_PAITIN_Starda_Langhe_2020.png,Langhe,PAITIN,"red fruit, earth, oak, spices, non oak, floral, black fruit, microbio, tree fruit, citrus fruit, vegetal, tropical fruit, dried fruit","Beef, Lamb, Game (deer, venison), Poultry",Nebbiolo
Georges Noëllat Nuits-Saint-Georges 1er Cru 'Les Boudots' 2022,France,290,4.2,images/Georges_Nollat_Nuits_Saint_Georges_1er_Cru_Les_Bou.png,images/bottle_Georges_Nollat_Nuits_Saint_Georges_1er_Cru_.png,Nuits-Saint-Georges 1er Cru 'Aux Boudots',Georges Noëllat,"oak, earth, red fruit, black fruit, spices, non oak, microbio, dried fruit, floral, tree fruit, citrus fruit, vegetal","Beef, Veal, Game (deer, venison), Poultry",Pinot Noir
Liquid Farm Pinot Noir SBC 2023,United States,57.99,4.3,images/Liquid_Farm_Pinot_Noir_SBC_2023.png,images/bottle_Liquid_Farm_Pinot_Noir_SBC_2023.png,Santa Barbara County,Liquid Farm,"red fruit, oak, spices, non oak, earth, black fruit, floral, vegetal, citrus fruit, microbio, dried fruit","Beef, Veal, Game (deer, venison), Poultry",Pinot Noir
Au Bon Climat Pinot Noir Isabelle 2018,United States,149.99,4.4,images/Au_Bon_Climat_Pinot_Noir_Isabelle_2018.png,images/bottle_Au_Bon_Climat_Pinot_Noir_Isabelle_2018.png,California,Au Bon Climat,"red fruit, oak, earth, non oak, spices, microbio, black fruit, floral, vegetal, citrus fruit, dried fruit, tree fruit","Beef, Veal, Game (deer, venison), Poultry",Pinot Noir
Damilano Barolo Lecinquevigne 2019,Italy,29.99,4.1,images/Damilano_Barolo_Lecinquevigne_2019.png,images/bottle_Damilano_Barolo_Lecinquevigne_2019.png,Barolo,Damilano,"earth, oak, red fruit, non oak, spices, black fruit, floral, microbio, citrus fruit, dried fruit, vegetal, tree fruit, tropical fruit","Beef, Pasta, Lamb, Game (deer, venison)",Nebbiolo
Bitouzet-Prieur Bourgogne Pinot Noir 2022,France,32,4,images/Bitouzet_Prieur_Bourgogne_Pinot_Noir_2022.png,images/bottle_Bitouzet_Prieur_Bourgogne_Pinot_Noir_2022.png,Bourgogne,Bitouzet-Prieur,"red fruit, earth, oak, non oak, spices, black fruit, microbio, tree fruit, dried fruit, floral, citrus fruit, vegetal","Beef, Veal, Game (deer, venison), Poultry",Pinot Noir
Trediberri Berri Barolo 2019,Italy,139,4.2,images/Trediberri_Berri_Barolo_2019.jpg,,Barolo,Trediberri,,"Beef, Pasta, Lamb, Game (deer, venison)",Nebbiolo
Melville Pinot Noir Block M 2019,United States,60,4.2,images/Melville_Pinot_Noir_Block_M_2019.png,images/bottle_Melville_Pinot_Noir_Block_M_2019.png,Sta. Rita Hills,Melville,"red fruit, earth, spices, oak, black fruit, non oak, floral, vegetal, microbio, dried fruit, citrus fruit, tree fruit","Veal, Pork, Poultry, Mushrooms",Pinot Noir
Domaine Coche-Dury Monthélie 2000,France,419,4.3,images/Domaine_Coche_Dury_Monthlie_2000.png,images/bottle_Domaine_Coche_Dury_Monthlie_2000.png,Monthélie,Domaine Coche-Dury,"red fruit, earth, oak, black fruit, floral, spices, non oak, dried fruit, tree fruit, citrus fruit","Beef, Veal, Game (deer, venison), Poultry",Pinot Noir
Domaine de la Janasse Côtes du Rhône Réserve 2021,France,21.99,3.9,images/Domaine_de_la_Janasse_Ctes_du_Rhne_Rserve_2021.png,images/bottle_Domaine_de_la_Janasse_Ctes_du_Rhne_Rserve_2.png,Côtes-du-Rhône,Domaine de la Janasse,"red fruit, oak, black fruit, earth, spices, non oak, dried fruit, citrus fruit, floral, vegetal, microbio","Beef, Lamb, Game (deer, venison)","Shiraz/Syrah, Grenache, Mourvedre"
Massimo Rattalino Trentacinque 35 Barolo 2005,Italy,62,4.1,images/Massimo_Rattalino_Trentacinque_35_Barolo_2005.jpg,,Barolo,Massimo Rattalino,"red fruit, earth, microbio, oak, black fruit, spices, non oak, floral, vegetal","Beef, Pasta, Lamb, Game (deer, venison)",Nebbiolo
Domaine Duroché Gevrey-Chambertin 'Champ' 2022,France,127,4.1,images/Domaine_Duroch_Gevrey_Chambertin_Champ_2022.png,images/bottle_Domaine_Duroch_Gevrey_Chambertin_Champ_2022.png,Gevrey-Chambertin,Domaine Duroché,"red fruit, earth, oak, spices, black fruit, microbio, non oak, floral, dried fruit, vegetal, tree fruit, citrus fruit","Beef, Veal, Game (deer, venison), Poultry",Pinot Noir
Bruno Colin Maranges Premier Cru 'La Fussière' 2022,France,84.99,4.1,images/Bruno_Colin_Maranges_Premier_Cru_La_Fussire_2022.png,images/bottle_Bruno_Colin_Maranges_Premier_Cru_La_Fussire.png,Maranges 1er Cru 'La Fussière',Bruno Colin,"red fruit, earth, oak, black fruit, spices, microbio, non oak, floral, citrus fruit, vegetal","Beef, Veal, Game (deer, venison), Poultry",Pinot Noir
Schäfer-Fröhlich Blanc de Noir Trocken 2024,Germany,34.99,4.1,images/Schfer_Frhlich_Blanc_de_Noir_Trocken_2024.png,images/bottle_Schfer_Frhlich_Blanc_de_Noir_Trocken_2024.png,Nahe,Schäfer-Fröhlich,"tree fruit, earth, citrus fruit, red fruit, microbio, tropical fruit, vegetal, oak, dried fruit, spices","Shellfish, Vegetarian, Lean fish, Mushrooms",Pinot Noir
Badger Mountain Pinot Noir (N.S.A Organic) 2023,United States,18.99,3.3,images/Badger_Mountain_Pinot_Noir_NSA_Organic_2023.png,images/bottle_Badger_Mountain_Pinot_Noir_NSA_Organic_2023.png,Oregon,Badger Mountain,"oak, black fruit, non oak, earth, red fruit, spices, microbio, vegetal, dried fruit, tree fruit, citrus fruit, floral","Beef, Veal, Game (deer, venison), Poultry",Pinot Noir
Borgogno No Name 2021,Italy,47.99,4.1,images/Borgogno_No_Name_2021.png,images/bottle_Borgogno_No_Name_2021.png,Barolo,Borgogno,"red fruit, earth, oak, non oak, spices, black fruit, floral, microbio, dried fruit, vegetal, citrus fruit, tree fruit, tropical fruit","Beef, Pasta, Lamb, Game (deer, venison)",Nebbiolo
Zena Crown Conifer Pinot Noir 2021,United States,99.99,4.4,images/Zena_Crown_Conifer_Pinot_Noir_2021.png,images/bottle_Zena_Crown_Conifer_Pinot_Noir_2021.png,Eola-Amity Hills,Zena Crown,"red fruit, oak, black fruit, earth, non oak, spices, microbio, dried fruit, tree fruit","Beef, Veal, Game (deer, venison), Poultry",Pinot Noir
Patrice Rion Chambolle-Musigny 1er Cru 'Les Charmes' 2002,France,169,4.2,images/Patrice_Rion_Chambolle_Musigny_1er_Cru_Les_Charmes.png,images/bottle_Patrice_Rion_Chambolle_Musigny_1er_Cru_Les_.png,Chambolle-Musigny 1er Cru 'Les Charmes',Patrice Rion,"red fruit, earth, oak, non oak, black fruit, microbio, floral, dried fruit, spices, citrus fruit, vegetal","Beef, Veal, Game (deer, venison), Poultry",Pinot Noir
Louis Latour Château Corton Grancey Grand Cru 2005,France,194,4.3,images/Louis_Latour_Chteau_Corton_Grancey_Grand_Cru_2005.png,images/bottle_Louis_Latour_Chteau_Corton_Grancey_Grand_Cr.png,Corton Grand Cru,Louis Latour,"red fruit, earth, oak, non oak, spices, black fruit, microbio, floral, dried fruit, vegetal, citrus fruit, tree fruit, tropical fruit","Beef, Veal, Game (deer, venison), Poultry",Pinot Noir
Lingua Franca Mimi's Mind Pinot Noir 2021,United States,99,4.3,images/Lingua_Franca_Mimis_Mind_Pinot_Noir_2021.png,images/bottle_Lingua_Franca_Mimis_Mind_Pinot_Noir_2021.png,Eola-Amity Hills,Lingua Franca,"red fruit, earth, oak, black fruit, microbio, non oak, spices, floral, citrus fruit, vegetal, tropical fruit, tree fruit","Beef, Veal, Game (deer, venison), Poultry",Pinot Noir
Domaine Rossignol-Trapet Vieilles Vignes Gevrey-Chambertin 2015,France,122,4,images/Domaine_Rossignol_Trapet_Vieilles_Vignes_Gevrey_Ch.png,images/bottle_Domaine_Rossignol_Trapet_Vieilles_Vignes_Ge.png,Gevrey-Chambertin,Domaine Rossignol-Trapet,"red fruit, earth, oak, non oak, spices, black fruit, microbio, floral, vegetal, dried fruit, citrus fruit, tree fruit","Beef, Veal, Game (deer, venison), Poultry",Pinot Noir
Domaine Chantepierre Tavel Rosé 2022,France,23.99,3.7,images/Domaine_Chantepierre_Tavel_Ros_2022.png,images/bottle_Domaine_Chantepierre_Tavel_Ros_2022.png,Tavel,Domaine Chantepierre,"red fruit, earth, citrus fruit, tree fruit, spices, vegetal, microbio, oak, black fruit, floral, dried fruit, non oak, tropical fruit","Pork, Rich fish (salmon, tuna etc), Shellfish, Poultry","Shiraz/Syrah, Grenache, Mourvedre"
Elqui Pinot Noir 2017,Chile,27.99,3.9,images/Elqui_Pinot_Noir_2017.png,images/bottle_Elqui_Pinot_Noir_2017.png,Elqui Valley,Elqui,"earth, red fruit, black fruit, oak, non oak, spices, microbio","Beef, Veal, Game (deer, venison), Poultry",Pinot Noir
Thibaud Boudignon Clos de Frémine Savennières 2023,France,119,4.3,images/Thibaud_Boudignon_Clos_de_Frmine_Savennires_2023.png,images/bottle_Thibaud_Boudignon_Clos_de_Frmine_Savennires.png,Savennières,Thibaud Boudignon,"earth, tree fruit, citrus fruit, microbio, oak, non oak, spices, vegetal, tropical fruit, floral","Rich fish (salmon, tuna etc), Vegetarian, Poultry, Mild and soft cheese",Chenin Blanc
Michel Magnien Charmes-Chambertin Grand Cru 2005,France,150,4.4,images/Michel_Magnien_Charmes_Chambertin_Grand_Cru_2005.png,images/bottle_Michel_Magnien_Charmes_Chambertin_Grand_Cru.png,Charmes-Chambertin Grand Cru,Michel Magnien,"red fruit, earth, oak, spices, microbio, non oak, floral, black fruit, dried fruit, vegetal","Beef, Veal, Game (deer, venison), Poultry",Pinot Noir
François Bertheau Chambolle-Musigny Premier Cru 'Les Amoureuses' 2006,France,739,4.4,images/Franois_Bertheau_Chambolle_Musigny_Premier_Cru_Les.png,images/bottle_Franois_Bertheau_Chambolle_Musigny_Premier_.png,Chambolle-Musigny 1er Cru 'Les Amoureuses',François Bertheau,"red fruit, earth, oak, microbio, non oak, black fruit, citrus fruit, floral, tree fruit, spices, vegetal","Beef, Veal, Game (deer, venison), Poultry",Pinot Noir
Domaine Perrot-Minot Les Murgers des Cras Nuits-Saint-Georges 2009,France,475,4.3,images/Domaine_Perrot_Minot_Les_Murgers_des_Cras_Nuits_Sa.png,images/bottle_Domaine_Perrot_Minot_Les_Murgers_des_Cras_N.png,Nuits-Saint-Georges,Domaine Perrot-Minot,"red fruit, earth, oak, spices, black fruit, dried fruit, floral, non oak, citrus fruit, vegetal, microbio","Beef, Veal, Game (deer, venison), Poultry",Pinot Noir
Dragonette Radian Vineyard Pinot Noir 2022,United States,84.99,4.4,images/Dragonette_Radian_Vineyard_Pinot_Noir_2022.jpg,,Sta. Rita Hills,Dragonette,"earth, red fruit, oak, non oak, black fruit, spices, microbio, dried fruit, citrus fruit, floral, vegetal","Veal, Pork, Poultry, Mushrooms",Pinot Noir
ARPEPE Rosso di Valtellina 2022,Italy,36.99,4,images/ARPEPE_Rosso_di_Valtellina_2022.png,images/bottle_ARPEPE_Rosso_di_Valtellina_2022.png,Valtellina,ARPEPE,"red fruit, earth, oak, spices, non oak, floral, microbio, black fruit, vegetal, dried fruit, citrus fruit, tree fruit, tropical fruit","Beef, Lamb, Game (deer, venison), Poultry",Nebbiolo
Bouchard Père & Fils Volnay Premier Cru Taillepieds 2021,France,138,4.1,images/Bouchard_Pre_Fils_Volnay_Premier_Cru_Taillepieds_2.png,images/bottle_Bouchard_Pre_Fils_Volnay_Premier_Cru_Taille.png,Volnay Premier Cru,Bouchard Père & Fils,"red fruit, earth, spices, oak, black fruit, microbio, non oak, floral, vegetal","Beef, Veal, Game (deer, venison), Poultry",Pinot Noir
Domaine Coche-Dury Volnay Premier Cru 2020,France,1000,4.4,images/Domaine_Coche_Dury_Volnay_Premier_Cru_2020.png,images/bottle_Domaine_Coche_Dury_Volnay_Premier_Cru_2020.png,Volnay Premier Cru,Domaine Coche-Dury,"red fruit, oak, black fruit, spices, floral, earth, microbio, non oak, citrus fruit","Beef, Veal, Game (deer, venison), Poultry",Pinot Noir
Domaine des Comtes Lafon Volnay 2020,France,136,4.2,images/Domaine_des_Comtes_Lafon_Volnay_2020.png,images/bottle_Domaine_des_Comtes_Lafon_Volnay_2020.png,Volnay,Domaine des Comtes Lafon,"red fruit, earth, black fruit, oak, non oak, spices, microbio, floral, vegetal, dried fruit","Beef, Veal, Game (deer, venison), Poultry",Pinot Noir
19 Crimes The Punishment Pinot Noir 2021,Australia,10.99,3.8,images/19_Crimes_The_Punishment_Pinot_Noir_2021.png,images/bottle_19_Crimes_The_Punishment_Pinot_Noir_2021.png,South Eastern Australia,19 Crimes,"oak, red fruit, non oak, spices, black fruit, earth, microbio, dried fruit, citrus fruit, floral, vegetal, tree fruit, tropical fruit","Beef, Veal, Game (deer, venison), Poultry",Pinot Noir
Elena Walch Gewürztraminer 2022,Italy,22.99,4.1,images/Elena_Walch_Gewrztraminer_2022.png,images/bottle_Elena_Walch_Gewrztraminer_2022.png,Südtirol - Alto Adige,Elena Walch,"earth, tree fruit, tropical fruit, citrus fruit, floral, spices, microbio, oak, non oak, vegetal, red fruit","Pork, Rich fish (salmon, tuna etc), Spicy food, Poultry, Mild and soft cheese",Gewürztraminer
Coeur de Terre Vineyard Héritage Reserve Estate Pinot Noir 2023,United States,42,4.1,images/Coeur_de_Terre_Vineyard_Hritage_Reserve_Estate_Pin.jpg,,McMinnville,Coeur de Terre Vineyard,"red fruit, earth, oak, black fruit, non oak, spices, vegetal, microbio, citrus fruit, floral, dried fruit, tree fruit","Beef, Veal, Game (deer, venison), Poultry",Pinot Noir
Le Machin Pinot Noir 2023,United States,29,4.1,images/Le_Machin_Pinot_Noir_2023.png,images/bottle_Le_Machin_Pinot_Noir_2023.png,Sta. Rita Hills,Le Machin,"red fruit, spices, black fruit, earth, oak, non oak, tree fruit, microbio, floral, dried fruit, vegetal","Veal, Pork, Poultry, Mushrooms",Pinot Noir
Paolo Scavino Bric Dël Fiasc Barolo 2015,Italy,109.99,4.3,images/Paolo_Scavino_Bric_Dl_Fiasc_Barolo_2015.png,images/bottle_Paolo_Scavino_Bric_Dl_Fiasc_Barolo_2015.png,Barolo,Paolo Scavino,"earth, oak, red fruit, non oak, spices, black fruit, floral, microbio, dried fruit, vegetal, citrus fruit, tree fruit, tropical fruit","Beef, Pasta, Lamb, Game (deer, venison)",Nebbiolo
Lulumi Pinot Noir 2023,France,14.99,3.8,images/Lulumi_Pinot_Noir_2023.png,images/bottle_Lulumi_Pinot_Noir_2023.png,Pays d'Oc,Lulumi,"red fruit, earth, black fruit, oak, non oak, dried fruit, spices, microbio, citrus fruit, tropical fruit, tree fruit","Beef, Pasta, Veal","Shiraz/Syrah, Grenache, Mourvedre"
Domaine des Baumard Savennières Trie Spéciale 1990,France,160,4.1,images/Domaine_des_Baumard_Savennires_Trie_Spciale_1990.png,images/bottle_Domaine_des_Baumard_Savennires_Trie_Spciale.png,Savennières,Domaine des Baumard,"earth, oak, tree fruit, microbio, non oak, citrus fruit, spices, tropical fruit, vegetal, floral, dried fruit","Rich fish (salmon, tuna etc), Vegetarian, Poultry, Mild and soft cheese",Chenin Blanc
Wines from Hahn Estate Pinot Noir 2022,United States,13.99,3.7,images/Wines_from_Hahn_Estate_Pinot_Noir_2022.png,images/bottle_Wines_from_Hahn_Estate_Pinot_Noir_2022.png,Monterey County,Wines from Hahn Estate,"red fruit, oak, black fruit, non oak, earth, spices, microbio, dried fruit, vegetal, floral, citrus fruit, tree fruit, tropical fruit","Beef, Veal, Game (deer, venison), Poultry",Pinot Noir
Heart & Hands Pinot Noir 2022,United States,35,3.9,images/Heart_Hands_Pinot_Noir_2022.png,images/bottle_Heart_Hands_Pinot_Noir_2022.png,Finger Lakes,Heart & Hands,"red fruit, oak, earth, non oak, black fruit, spices, microbio, dried fruit, citrus fruit, floral, vegetal","Veal, Pork, Game (deer, venison), Poultry, Mushrooms",Pinot Noir
Roux Père & Fils Chambolle-Musigny Premier Cru Les Charmes 1998,France,179,3.9,images/Roux_Pre_Fils_Chambolle_Musigny_Premier_Cru_Les_Ch.png,images/bottle_Roux_Pre_Fils_Chambolle_Musigny_Premier_Cru.png,Chambolle-Musigny Premier Cru,Roux Père & Fils,"oak, red fruit, earth, black fruit, microbio, non oak, spices, floral, tree fruit, vegetal","Beef, Veal, Game (deer, venison), Poultry",Pinot Noir
Dry Creek Vineyard Dry Chenin Blanc (Wilson Ranch) 2016,United States,17.99,3.8,images/Dry_Creek_Vineyard_Dry_Chenin_Blanc_Wilson_Ranch_2.png,images/bottle_Dry_Creek_Vineyard_Dry_Chenin_Blanc_Wilson_.png,Clarksburg,Dry Creek Vineyard,"tree fruit, citrus fruit, tropical fruit, earth, microbio, oak, vegetal, floral, spices, non oak, dried fruit, red fruit, black fruit","Shellfish, Spicy food, Lean fish, Mild and soft cheese",Chenin Blanc
Hartford Court Fog Dance Vineyards Pinot Noir 2023,United States,78,4.3,images/Hartford_Court_Fog_Dance_Vineyards_Pinot_Noir_2023.png,images/bottle_Hartford_Court_Fog_Dance_Vineyards_Pinot_No.png,Green Valley of Russian River Valley,Hartford Court,"red fruit, oak, earth, non oak, black fruit, spices, citrus fruit, microbio, vegetal, dried fruit, floral","Veal, Pork, Poultry, Mushrooms",Pinot Noir
Hartford Court Far Coast Vineyard Pinot Noir 2023,United States,85,4.4,images/Hartford_Court_Far_Coast_Vineyard_Pinot_Noir_2023.png,images/bottle_Hartford_Court_Far_Coast_Vineyard_Pinot_Noi.png,Sonoma Coast,Hartford Court,"red fruit, black fruit, oak, earth, spices, non oak, floral, citrus fruit, tree fruit, vegetal","Veal, Pork, Poultry, Mushrooms",Pinot Noir
Castello di Neive Barbaresco 2020,Italy,44.97,4.1,images/Castello_di_Neive_Barbaresco_2020.png,images/bottle_Castello_di_Neive_Barbaresco_2020.png,Barbaresco,Castello di Neive,"red fruit, earth, oak, non oak, spices, black fruit, floral, microbio, vegetal, dried fruit, citrus fruit, tree fruit, tropical fruit","Beef, Pasta, Lamb, Game (deer, venison)",Nebbiolo
Michel Magnien Chambolle-Musigny Premier Cru 'Sentiers' 2020,France,112,4.2,images/Michel_Magnien_Chambolle_Musigny_Premier_Cru_Senti.png,images/bottle_Michel_Magnien_Chambolle_Musigny_Premier_Cr.png,Chambolle-Musigny 1er Cru 'Les Sentiers',Michel Magnien,"earth, oak, red fruit, black fruit, non oak, spices, microbio, dried fruit, citrus fruit, floral, vegetal","Beef, Veal, Game (deer, venison), Poultry",Pinot Noir
Virna Barolo 2013,Italy,30,3.8,images/Virna_Barolo_2013.png,images/bottle_Virna_Barolo_2013.png,Barolo,Virna,"earth, oak, red fruit, non oak, spices, black fruit, floral, vegetal, microbio, citrus fruit, dried fruit","Beef, Pasta, Lamb, Game (deer, venison)",Nebbiolo
Domaine Duroché Charmes-Chambertin Grand Cru 2021,France,627,4.2,images/Domaine_Duroch_Charmes_Chambertin_Grand_Cru_2021.png,images/bottle_Domaine_Duroch_Charmes_Chambertin_Grand_Cru.png,Charmes-Chambertin Grand Cru,Domaine Duroché,"red fruit, oak, earth, non oak, black fruit, spices, floral, citrus fruit","Beef, Veal, Game (deer, venison), Poultry",Pinot Noir
Belle Glos Oeil de Perdrix Pinot Noir Blanc Rosé 2019,United States,23.99,4.1,images/Belle_Glos_Oeil_de_Perdrix_Pinot_Noir_Blanc_Ros_20.png,images/bottle_Belle_Glos_Oeil_de_Perdrix_Pinot_Noir_Blanc.png,Yorkville Highlands,Belle Glos,"red fruit, citrus fruit, tree fruit, earth, oak, microbio, spices, non oak, floral, vegetal, tropical fruit, dried fruit, black fruit","Shellfish, Spicy food, Appetizers and snacks, Fruity desserts, Aperitif","Shiraz/Syrah, Cabernet Sauvignon, Pinot Noir, Sangiovese, Zinfandel, Barbera"
Jacques-Frederic Mugnier Nuits-Saint-Georges Premier Cru 'Clos de la Maréchale' 2008,France,339,4.2,images/Jacques_Frederic_Mugnier_Nuits_Saint_Georges_Premi.png,images/bottle_Jacques_Frederic_Mugnier_Nuits_Saint_George.png,Nuits-Saint-Georges Premier Cru,Jacques-Frederic Mugnier,"earth, red fruit, oak, black fruit, non oak, spices, microbio, floral, vegetal, dried fruit, citrus fruit, tree fruit, tropical fruit","Beef, Veal, Game (deer, venison), Poultry",Pinot Noir
Domaine Forey Père & Fils Les Perrières Nuits-Saint-Georges 1er Cru 1983,France,283,4.1,images/Domaine_Forey_Pre_Fils_Les_Perrires_Nuits_Saint_Ge.png,images/bottle_Domaine_Forey_Pre_Fils_Les_Perrires_Nuits_S.png,Nuits-Saint-Georges 1er Cru 'Les Perrières',Domaine Forey Père & Fils,"red fruit, earth, oak, spices, non oak, black fruit, microbio, dried fruit, tropical fruit, citrus fruit, vegetal","Beef, Veal, Game (deer, venison), Poultry",Pinot Noir
Strangeways Pinot Noir 2020,United States,10.99,3.8,images/Strangeways_Pinot_Noir_2020.png,images/bottle_Strangeways_Pinot_Noir_2020.png,California,Strangeways,"red fruit, oak, earth, non oak, black fruit, spices, dried fruit, vegetal, microbio","Beef, Veal, Game (deer, venison), Poultry",Pinot Noir
Morlet Family Vineyards Pinot Noir Joli Coeur 2019,United States,149.99,4.5,images/Morlet_Family_Vineyards_Pinot_Noir_Joli_Coeur_2019.png,images/bottle_Morlet_Family_Vineyards_Pinot_Noir_Joli_Coe.png,Sonoma Coast,Morlet Family Vineyards,"red fruit, oak, black fruit, earth, non oak, spices, microbio, vegetal, dried fruit, tropical fruit, floral","Veal, Pork, Poultry, Mushrooms",Pinot Noir
Belle Glos Eulenloch Pinot Noir 2018,United States,65,4.4,images/Belle_Glos_Eulenloch_Pinot_Noir_2018.png,images/bottle_Belle_Glos_Eulenloch_Pinot_Noir_2018.png,Napa Valley,Belle Glos,"oak, red fruit, black fruit, non oak, spices, earth, microbio, dried fruit, floral, vegetal, citrus fruit, tree fruit, tropical fruit","Beef, Veal, Game (deer, venison), Poultry",Pinot Noir
Domaine Jacques Prieur Chambertin Grand Cru 1978,France,460,4.4,images/Domaine_Jacques_Prieur_Chambertin_Grand_Cru_1978.png,images/bottle_Domaine_Jacques_Prieur_Chambertin_Grand_Cru.png,Chambertin Grand Cru,Domaine Jacques Prieur,"earth, black fruit, red fruit, oak, non oak, spices, floral, microbio, vegetal","Beef, Veal, Game (deer, venison), Poultry",Pinot Noir
Georges Lignier et Fils Clos de la Roche Grand Cru 1990,France,357,4.3,images/Georges_Lignier_et_Fils_Clos_de_la_Roche_Grand_Cru.png,images/bottle_Georges_Lignier_et_Fils_Clos_de_la_Roche_Gr.png,Clos de la Roche Grand Cru,Georges Lignier et Fils,"red fruit, earth, oak, non oak, spices, microbio, floral, black fruit, dried fruit, vegetal, tree fruit, citrus fruit","Beef, Veal, Game (deer, venison), Poultry",Pinot Noir
Domaine Daniel Rion & Fils Vosne-Romanée Premier Cru 'Les Chaumes' 2001,France,189,4.2,images/Domaine_Daniel_Rion_Fils_Vosne_Romane_Premier_Cru_.png,images/bottle_Domaine_Daniel_Rion_Fils_Vosne_Romane_Premi.png,Vosne-Romanée 1er Cru 'Les Chaumes',Domaine Daniel Rion & Fils,"earth, oak, red fruit, non oak, black fruit, dried fruit, spices, floral, vegetal, microbio","Beef, Veal, Game (deer, venison), Poultry",Pinot Noir
Louis Jadot Pommard Rugiens 1971,France,685,4,images/Louis_Jadot_Pommard_Rugiens_1971.png,images/bottle_Louis_Jadot_Pommard_Rugiens_1971.png,Pommard Premier Cru,Louis Jadot,"red fruit, earth, oak, black fruit, spices, non oak, floral, microbio, dried fruit, citrus fruit, vegetal","Beef, Veal, Game (deer, venison), Poultry",Pinot Noir
Dobbes Family Estate Patricia's Cuvée Pinot Noir 2021,United States,55,4.1,images/Dobbes_Family_Estate_Patricias_Cuve_Pinot_Noir_202.png,images/bottle_Dobbes_Family_Estate_Patricias_Cuve_Pinot_N.png,Willamette Valley,Dobbes Family Estate,"red fruit, oak, earth, non oak, spices, black fruit, dried fruit, microbio, tree fruit","Beef, Veal, Game (deer, venison), Poultry",Pinot Noir
Christian Bourmault Cuvée Hermance Brut Champagne,France,32,3.8,images/Christian_Bourmault_Cuve_Hermance_Brut_Champagne.png,images/bottle_Christian_Bourmault_Cuve_Hermance_Brut_Cham.png,Champagne,Christian Bourmault,"citrus fruit, microbio, non oak, tree fruit, earth, oak, red fruit, spices","Pork, Rich fish (salmon, tuna etc), Shellfish, Mild and soft cheese","Chardonnay, Pinot Noir, Pinot Meunier"
Au Bon Climat Pinot Noir Knox Alexander 2018,United States,149.99,4.2,images/Au_Bon_Climat_Pinot_Noir_Knox_Alexander_2018.png,images/bottle_Au_Bon_Climat_Pinot_Noir_Knox_Alexander_201.png,Santa Maria Valley,Au Bon Climat,"red fruit, earth, oak, non oak, spices, black fruit, microbio, floral, vegetal, dried fruit, citrus fruit, tree fruit, tropical fruit","Veal, Pork, Poultry, Mushrooms",Pinot Noir
Louis Jadot Gevrey-Chambertin 1er Cru 'Les Cazetiers' 2010,France,182,4.1,images/Louis_Jadot_Gevrey_Chambertin_1er_Cru_Les_Cazetier.png,images/bottle_Louis_Jadot_Gevrey_Chambertin_1er_Cru_Les_C.png,Gevrey-Chambertin 1er Cru 'Les Cazetiers',Louis Jadot,"red fruit, earth, oak, spices, non oak, microbio, black fruit, dried fruit, citrus fruit, floral, vegetal","Beef, Veal, Game (deer, venison), Poultry",Pinot Noir
Albert Ponnelle Les Tilleuls Bourgogne Pinot Noir 2021,France,42.99,3.7,images/Albert_Ponnelle_Les_Tilleuls_Bourgogne_Pinot_Noir_.png,images/bottle_Albert_Ponnelle_Les_Tilleuls_Bourgogne_Pino.png,Bourgogne,Albert Ponnelle,"red fruit, earth, non oak, black fruit, microbio, vegetal, oak","Beef, Veal, Game (deer, venison), Poultry",Pinot Noir
Claude Dugat Gevrey-Chambertin 1er Cru 2000,France,369,4.2,images/Claude_Dugat_Gevrey_Chambertin_1er_Cru_2000.png,images/bottle_Claude_Dugat_Gevrey_Chambertin_1er_Cru_2000.png,Gevrey-Chambertin Premier Cru,Claude Dugat,"red fruit, earth, oak, black fruit, non oak, microbio, spices, floral, vegetal, dried fruit","Beef, Veal, Game (deer, venison), Poultry",Pinot Noir
Alfaro Family A Pinot Noir 2023,United States,27,3.8,images/Alfaro_Family_A_Pinot_Noir_2023.png,images/bottle_Alfaro_Family_A_Pinot_Noir_2023.png,Santa Cruz Mountains,Alfaro Family,"red fruit, oak, spices, non oak, earth, black fruit, microbio","Beef, Veal, Game (deer, venison), Poultry",Pinot Noir
Storrs Pinot Noir 2022,United States,39,4.1,images/Storrs_Pinot_Noir_2022.png,images/bottle_Storrs_Pinot_Noir_2022.png,Santa Cruz Mountains,Storrs,"red fruit, oak, spices, non oak, earth, black fruit, microbio, dried fruit, citrus fruit","Beef, Veal, Game (deer, venison), Poultry",Pinot Noir
Gérard Mugneret Échézeaux Grand Cru 2017,France,290,4.4,images/Grard_Mugneret_chzeaux_Grand_Cru_2017.png,images/bottle_Grard_Mugneret_chzeaux_Grand_Cru_2017.png,Échezeaux Grand Cru,Gérard Mugneret,"red fruit, black fruit, earth, oak, floral, non oak, spices, vegetal, microbio","Beef, Veal, Game (deer, venison), Poultry",Pinot Noir
Moulin de Gassac Pinot Noir 2022,France,13.99,3.8,images/Moulin_de_Gassac_Pinot_Noir_2022.png,images/bottle_Moulin_de_Gassac_Pinot_Noir_2022.png,Pays d'Oc,Moulin de Gassac,"red fruit, earth, oak, non oak, spices, black fruit, microbio, floral, citrus fruit, vegetal, tree fruit, tropical fruit, dried fruit","Beef, Pasta, Veal","Shiraz/Syrah, Grenache, Mourvedre"
Domaine Faiveley Gevrey-Chambertin 1er Cru 'Lavaux Saint-Jacques' 2022,France,156,4.3,images/Domaine_Faiveley_Gevrey_Chambertin_1er_Cru_Lavaux_.png,images/bottle_Domaine_Faiveley_Gevrey_Chambertin_1er_Cru_.png,Gevrey-Chambertin 1er Cru 'Lavaux Saint-Jacques',Domaine Faiveley,"red fruit, earth, oak, non oak, spices, black fruit, microbio, vegetal, dried fruit, floral","Beef, Veal, Game (deer, venison), Poultry",Pinot Noir
Domaine Drouhin-Laroze Gevrey-Chambertin 1er Cru 'Lavaut St Jacques' 2013,France,165,4.1,images/Domaine_Drouhin_Laroze_Gevrey_Chambertin_1er_Cru_L.png,images/bottle_Domaine_Drouhin_Laroze_Gevrey_Chambertin_1e.png,Gevrey-Chambertin 1er Cru 'Lavaux Saint-Jacques',Domaine Drouhin-Laroze,"earth, red fruit, oak, spices, floral, non oak, black fruit, vegetal, microbio, dried fruit, citrus fruit","Beef, Veal, Game (deer, venison), Poultry",Pinot Noir
Fleur Pinot Noir Rosé 2023,United States,19.99,4,images/Fleur_Pinot_Noir_Ros_2023.png,images/bottle_Fleur_Pinot_Noir_Ros_2023.png,North Coast,Fleur,"red fruit, earth, vegetal, oak, tropical fruit, citrus fruit, microbio, dried fruit, tree fruit, spices","Shellfish, Spicy food, Appetizers and snacks, Fruity desserts, Aperitif","Shiraz/Syrah, Cabernet Sauvignon, Pinot Noir, Sangiovese, Zinfandel, Barbera"
Domaine Marquis d'Angerville Volnay Clos des Angles 1er Cru 2019,France,198,4.3,images/Domaine_Marquis_dAngerville_Volnay_Clos_des_Angles.png,images/bottle_Domaine_Marquis_dAngerville_Volnay_Clos_des.png,Volnay 1er Cru 'Les Angles',Domaine Marquis d'Angerville,"red fruit, earth, spices, oak, non oak, black fruit, floral, microbio, dried fruit, citrus fruit","Beef, Veal, Game (deer, venison), Poultry",Pinot Noir
Domaine Anne et Herve Sigaut Chambolle-Musigny 1er Cru 'Les Fuées' 2021,France,185,4.1,images/Domaine_Anne_et_Herve_Sigaut_Chambolle_Musigny_1er.png,images/bottle_Domaine_Anne_et_Herve_Sigaut_Chambolle_Musi.png,Chambolle-Musigny 1er Cru 'Les Fuées',Domaine Anne et Herve Sigaut,"red fruit, earth, oak, non oak, spices, black fruit, floral, microbio, vegetal, dried fruit, tropical fruit","Beef, Veal, Game (deer, venison), Poultry",Pinot Noir
Domaine Stephane Magnien Chambolle-Musigny 1er Cru 'Les Sentiers' 2010,France,175,4.1,images/Domaine_Stephane_Magnien_Chambolle_Musigny_1er_Cru.png,images/bottle_Domaine_Stephane_Magnien_Chambolle_Musigny_.png,Chambolle-Musigny 1er Cru 'Les Sentiers',Domaine Stephane Magnien,"red fruit, earth, oak, black fruit, microbio, citrus fruit, spices, floral, tree fruit, vegetal, non oak","Beef, Veal, Game (deer, venison), Poultry",Pinot Noir
Domaine Bart Chambertin Clos de Bezé Grand Cru 2019,France,399.99,4.3,images/Domaine_Bart_Chambertin_Clos_de_Bez_Grand_Cru_2019.png,images/bottle_Domaine_Bart_Chambertin_Clos_de_Bez_Grand_C.png,Chambertin-Clos de Bèze Grand Cru,Domaine Bart,"red fruit, earth, oak, non oak, spices, black fruit, microbio, floral, citrus fruit","Beef, Veal, Game (deer, venison), Poultry",Pinot Noir
Rivers-Marie Occidental Ridge Vineyard Pinot Noir 2006,United States,93,4.3,images/Rivers_Marie_Occidental_Ridge_Vineyard_Pinot_Noir_.png,images/bottle_Rivers_Marie_Occidental_Ridge_Vineyard_Pino.png,Sonoma Coast,Rivers-Marie,"red fruit, black fruit, earth, oak, spices, non oak, vegetal, floral, tree fruit, microbio, citrus fruit, tropical fruit, dried fruit","Veal, Pork, Poultry, Mushrooms",Pinot Noir
Álvaro Palacios Les Aubaguetes Priorat 2020,Spain,479.99,4.5,images/lvaro_Palacios_Les_Aubaguetes_Priorat_2020.png,images/bottle_lvaro_Palacios_Les_Aubaguetes_Priorat_2020.png,Priorat,Álvaro Palacios,"black fruit, red fruit, earth, oak, non oak, floral, spices, microbio, dried fruit, citrus fruit","Beef, Lamb, Game (deer, venison), Poultry","Shiraz/Syrah, Cabernet Sauvignon, Grenache, Carignan"
Antoine Lienhardt Côte de Nuits-Villages Les Essards 2023,France,70,4.1,images/Antoine_Lienhardt_Cte_de_Nuits_Villages_Les_Essard.png,images/bottle_Antoine_Lienhardt_Cte_de_Nuits_Villages_Les.png,Côte de Nuits Villages,Antoine Lienhardt,"earth, red fruit, oak, microbio, citrus fruit, spices, black fruit, non oak, tree fruit, floral","Beef, Veal, Game (deer, venison), Poultry",Pinot Noir
Martinelli Zio Tony Ranch Grace Nicole Pinot Noir 2022,United States,89.99,4.3,images/Martinelli_Zio_Tony_Ranch_Grace_Nicole_Pinot_Noir_.png,images/bottle_Martinelli_Zio_Tony_Ranch_Grace_Nicole_Pino.png,Russian River Valley,Martinelli,"red fruit, oak, earth, non oak, black fruit, spices, microbio, vegetal, dried fruit, floral, tropical fruit, tree fruit","Veal, Pork, Poultry, Mushrooms",Pinot Noir
Kendall-Jackson Vintner's Reserve Pinot Noir 2021,United States,19.99,3.8,images/Kendall_Jackson_Vintners_Reserve_Pinot_Noir_2021.png,images/bottle_Kendall_Jackson_Vintners_Reserve_Pinot_Noir.png,California,Kendall-Jackson,"red fruit, oak, non oak, spices, black fruit, earth, microbio, dried fruit, vegetal, citrus fruit, tree fruit, floral, tropical fruit","Beef, Veal, Game (deer, venison), Poultry",Pinot Noir
Hartford Court MacLean's Block Pinot Noir 2023,United States,78,4.4,images/Hartford_Court_MacLeans_Block_Pinot_Noir_2023.png,images/bottle_Hartford_Court_MacLeans_Block_Pinot_Noir_20.png,Russian River Valley,Hartford Court,"red fruit, oak, earth, black fruit, non oak, spices, microbio, dried fruit, citrus fruit, floral","Veal, Pork, Poultry, Mushrooms",Pinot Noir
Lioco Pinot Noir 2021,United States,24.99,4.2,images/Lioco_Pinot_Noir_2021.png,images/bottle_Lioco_Pinot_Noir_2021.png,Mendocino County,Lioco,"red fruit, oak, earth, non oak, black fruit, spices, citrus fruit, microbio, floral, vegetal, dried fruit","Beef, Veal, Game (deer, venison), Poultry",Pinot Noir
Joseph Drouhin Griotte-Chambertin Grand Cru 1983,France,780,4.2,images/Joseph_Drouhin_Griotte_Chambertin_Grand_Cru_1983.png,images/bottle_Joseph_Drouhin_Griotte_Chambertin_Grand_Cru.png,Griotte-Chambertin Grand Cru,Joseph Drouhin,"red fruit, oak, earth, microbio, black fruit, spices, non oak, citrus fruit, vegetal, dried fruit, floral","Beef, Veal, Game (deer, venison), Poultry",Pinot Noir
Jean-Jacques Confuron Vosne-Romanée 1er Cru 'Les Beaux Monts' 2021,France,225,4.2,images/Jean_Jacques_Confuron_Vosne_Romane_1er_Cru_Les_Bea.png,images/bottle_Jean_Jacques_Confuron_Vosne_Romane_1er_Cru_.png,Vosne-Romanée 1er Cru 'Les Beaux Monts',Jean-Jacques Confuron,"red fruit, black fruit, oak, earth, floral, microbio, non oak, dried fruit, spices","Beef, Veal, Game (deer, venison), Poultry",Pinot Noir
Knotty Vines Pinot Noir 2016,United States,13.99,3.6,images/Knotty_Vines_Pinot_Noir_2016.png,images/bottle_Knotty_Vines_Pinot_Noir_2016.png,California,Knotty Vines,"red fruit, oak, earth, non oak, black fruit, spices, dried fruit","Beef, Veal, Game (deer, venison), Poultry",Pinot Noir
Lucien Boillot & Fils Volnay 2022,France,96.99,4.1,images/Lucien_Boillot_Fils_Volnay_2022.png,images/bottle_Lucien_Boillot_Fils_Volnay_2022.png,Volnay,Lucien Boillot & Fils,"red fruit, oak, earth, microbio, black fruit, spices, non oak, dried fruit, citrus fruit, floral","Beef, Veal, Game (deer, venison), Poultry",Pinot Noir
La Spinetta Langhe Nebbiolo 2023,Italy,37.99,4.1,images/La_Spinetta_Langhe_Nebbiolo_2023.png,images/bottle_La_Spinetta_Langhe_Nebbiolo_2023.png,Langhe,La Spinetta,"red fruit, oak, earth, non oak, spices, black fruit, floral, microbio, vegetal, dried fruit, citrus fruit, tree fruit, tropical fruit","Beef, Lamb, Game (deer, venison), Poultry",Nebbiolo
Rollin Père et Fils Aloxe-Corton 2022,France,64.99,4,images/Rollin_Pre_et_Fils_Aloxe_Corton_2022.png,images/bottle_Rollin_Pre_et_Fils_Aloxe_Corton_2022.png,Aloxe-Corton,Rollin Père et Fils,"red fruit, spices, oak, earth, black fruit, non oak, microbio, citrus fruit, vegetal","Beef, Veal, Game (deer, venison), Poultry",Pinot Noir
Hermann J. Wiemer Cuvée Dry Rosé 2023,United States,14,3.8,images/Hermann_J_Wiemer_Cuve_Dry_Ros_2023.png,images/bottle_Hermann_J_Wiemer_Cuve_Dry_Ros_2023.png,Seneca Lake,Hermann J. Wiemer,"red fruit, citrus fruit, earth, tree fruit, non oak, oak, floral, vegetal, microbio, tropical fruit, spices",,
Vitícola Mentridana Las Uvas de la Ira 2021,Spain,44.99,4,images/Vitcola_Mentridana_Las_Uvas_de_la_Ira_2021.png,images/bottle_Vitcola_Mentridana_Las_Uvas_de_la_Ira_2021.png,Méntrida,Vitícola Mentridana,"red fruit, earth, spices, oak, non oak, black fruit, floral, citrus fruit, vegetal, microbio, dried fruit, tree fruit, tropical fruit","Beef, Pasta, Lamb, Game (deer, venison), Poultry",Grenache
Domaine la Borderie Douce Folie Extra Brut Rosé Champagne,France,96,4,images/Domaine_la_Borderie_Douce_Folie_Extra_Brut_Ros_Cha.png,images/bottle_Domaine_la_Borderie_Douce_Folie_Extra_Brut_.png,Champagne,Domaine la Borderie,"red fruit, microbio, earth, non oak, citrus fruit, tree fruit, vegetal, oak, floral, black fruit, spices","Pork, Rich fish (salmon, tuna etc), Shellfish, Mild and soft cheese","Chardonnay, Pinot Noir, Pinot Meunier"
Dugat-Py Bourgogne 2018,France,69.99,3.9,images/Dugat_Py_Bourgogne_2018.png,images/bottle_Dugat_Py_Bourgogne_2018.png,Bourgogne,Dugat-Py,"oak, red fruit, earth, spices, microbio, non oak, black fruit, floral, citrus fruit, tropical fruit, vegetal","Beef, Veal, Game (deer, venison), Poultry",Pinot Noir
Domaine de Saint Pierre Arbois 2023,France,79,4.1,images/Domaine_de_Saint_Pierre_Arbois_2023.png,images/bottle_Domaine_de_Saint_Pierre_Arbois_2023.png,Arbois,Domaine de Saint Pierre,"red fruit, earth, oak, black fruit, microbio, spices, non oak, tropical fruit, citrus fruit","Game (deer, venison), Appetizers and snacks, Mushrooms, Mild and soft cheese, Cured Meat","Pinot Noir, Trousseau, Poulsard"
Bitouzet-Prieur Volnay 1er Cru 2022,France,106,4.2,images/Bitouzet_Prieur_Volnay_1er_Cru_2022.jpg,,Volnay Premier Cru,Bitouzet-Prieur,"earth, oak, microbio, red fruit, non oak, spices, black fruit, tree fruit, citrus fruit, floral, vegetal","Beef, Veal, Game (deer, venison), Poultry",Pinot Noir
Bitouzet-Prieur Volnay 1er Cru 'Pitures' 2020,France,133,4.1,images/Bitouzet_Prieur_Volnay_1er_Cru_Pitures_2020.png,images/bottle_Bitouzet_Prieur_Volnay_1er_Cru_Pitures_2020.png,Volnay 1er Cru 'Pitures dessus',Bitouzet-Prieur,"red fruit, earth, microbio, non oak, oak, black fruit, spices, dried fruit, tree fruit, vegetal","Beef, Veal, Game (deer, venison), Poultry",Pinot Noir
Cherry Hill Dijon Cuvée Estate Pinot Noir 2023,United States,30,3.7,images/Cherry_Hill_Dijon_Cuve_Estate_Pinot_Noir_2023.png,images/bottle_Cherry_Hill_Dijon_Cuve_Estate_Pinot_Noir_20.png,Eola-Amity Hills,Cherry Hill,"red fruit, earth, oak, black fruit, spices, non oak, vegetal, tropical fruit, citrus fruit","Beef, Veal, Game (deer, venison), Poultry",Pinot Noir
Domaine Vincent Latour Vieilles Vignes Meursault Rouge 2022,France,64.99,4.1,images/Domaine_Vincent_Latour_Vieilles_Vignes_Meursault_R.png,images/bottle_Domaine_Vincent_Latour_Vieilles_Vignes_Meur.png,Meursault,Domaine Vincent Latour,"red fruit, earth, oak, black fruit, spices, non oak, microbio, tree fruit, floral, vegetal","Beef, Veal, Game (deer, venison), Poultry",Pinot Noir
Domaine Denis Bachelet Vieilles Vignes Charmes-Chambertin Grand Cru 2022,France,650,4.5,images/Domaine_Denis_Bachelet_Vieilles_Vignes_Charmes_Cha.png,images/bottle_Domaine_Denis_Bachelet_Vieilles_Vignes_Char.png,Charmes-Chambertin Grand Cru,Domaine Denis Bachelet,"earth, red fruit, oak, non oak, black fruit, microbio, spices, floral, vegetal, tropical fruit, citrus fruit","Beef, Veal, Game (deer, venison), Poultry",Pinot Noir
Résonance Résonance Pinot Noir 2022,United States,39.99,4.1,images/Rsonance_Rsonance_Pinot_Noir_2022.png,images/bottle_Rsonance_Rsonance_Pinot_Noir_2022.png,Willamette Valley,Résonance,"red fruit, oak, earth, non oak, spices, black fruit, microbio, floral, vegetal, dried fruit, citrus fruit, tree fruit, tropical fruit","Beef, Veal, Game (deer, venison), Poultry",Pinot Noir
Dominique Lafon Volnay 2021,France,96,4.1,images/Dominique_Lafon_Volnay_2021.png,images/bottle_Dominique_Lafon_Volnay_2021.png,Volnay,Dominique Lafon,"red fruit, earth, oak, non oak, spices, black fruit, microbio, tropical fruit, dried fruit, floral, vegetal","Beef, Veal, Game (deer, venison), Poultry",Pinot Noir
Paul Pillot Vieilles Vignes Santenay 2022,France,59.99,3.9,images/Paul_Pillot_Vieilles_Vignes_Santenay_2022.png,images/bottle_Paul_Pillot_Vieilles_Vignes_Santenay_2022.png,Santenay,Paul Pillot,"red fruit, oak, non oak, spices, earth, microbio, black fruit","Beef, Veal, Game (deer, venison), Poultry",Pinot Noir
Joseph Drouhin Chambertin Clos de Bèze Grand Cru 2020,France,950,4.4,images/Joseph_Drouhin_Chambertin_Clos_de_Bze_Grand_Cru_20.png,images/bottle_Joseph_Drouhin_Chambertin_Clos_de_Bze_Grand.png,Chambertin-Clos de Bèze Grand Cru,Joseph Drouhin,"red fruit, oak, earth, non oak, black fruit, spices, floral, microbio, vegetal, dried fruit","Beef, Veal, Game (deer, venison), Poultry",Pinot Noir
Domaine Lafage Nicolas Vieilles Vignes Grenache Noir 2020,France,20.99,3.9,images/Domaine_Lafage_Nicolas_Vieilles_Vignes_Grenache_No.png,images/bottle_Domaine_Lafage_Nicolas_Vieilles_Vignes_Gren.png,Côtes Catalanes,Domaine Lafage,"black fruit, red fruit, oak, earth, spices, non oak, dried fruit, microbio, floral, vegetal, citrus fruit, tree fruit, tropical fruit","Beef, Pasta, Lamb, Poultry",Grenache
Lucien le Moine Chambertin-Clos de Beze Grand Cru 2017,France,675,4.4,images/Lucien_le_Moine_Chambertin_Clos_de_Beze_Grand_Cru_.png,images/bottle_Lucien_le_Moine_Chambertin_Clos_de_Beze_Gra.png,Chambertin-Clos de Bèze Grand Cru,Lucien le Moine,"earth, oak, red fruit, spices, non oak, black fruit, microbio, vegetal, citrus fruit, floral","Beef, Veal, Game (deer, venison), Poultry",Pinot Noir
Sumarroca Cava Pinot Noir Brut Rosé 2021,Spain,19.99,3.5,images/Sumarroca_Cava_Pinot_Noir_Brut_Ros_2021.png,images/bottle_Sumarroca_Cava_Pinot_Noir_Brut_Ros_2021.png,Cava,Sumarroca,"red fruit, tree fruit, tropical fruit, microbio, earth, citrus fruit, vegetal, non oak, oak, spices","Shellfish, Appetizers and snacks, Lean fish, Aperitif, Cured Meat","Xarel-lo, Parellada, Trepat, Viura"
Jean-Marc Vincent Santenay 1er Cru 'Le Beaurepaire' Rouge 2022,France,146,4.2,images/Jean_Marc_Vincent_Santenay_1er_Cru_Le_Beaurepaire_.png,images/bottle_Jean_Marc_Vincent_Santenay_1er_Cru_Le_Beaur.png,Santenay 1er Cru 'Beaurepaire',Jean-Marc Vincent,"oak, red fruit, earth, non oak, spices, black fruit, microbio, citrus fruit, vegetal, tree fruit, floral, tropical fruit, dried fruit","Beef, Veal, Game (deer, venison), Poultry",Pinot Noir
Castello di Neive Barbaresco Santo Stefano 2013,Italy,61.08,4.1,images/Castello_di_Neive_Barbaresco_Santo_Stefano_2013.png,images/bottle_Castello_di_Neive_Barbaresco_Santo_Stefano_.png,Barbaresco,Castello di Neive,"earth, oak, red fruit, non oak, spices, black fruit, floral, microbio, dried fruit, citrus fruit, vegetal, tree fruit","Beef, Pasta, Lamb, Game (deer, venison)",Nebbiolo
Château Gaudrelle Vouvray 2023,France,20.99,3.8,images/Chteau_Gaudrelle_Vouvray_2023.png,images/bottle_Chteau_Gaudrelle_Vouvray_2023.png,Vouvray,Château Gaudrelle,"tree fruit, citrus fruit, earth, microbio, oak, non oak, vegetal, spices, floral, tropical fruit, dried fruit","Rich fish (salmon, tuna etc), Vegetarian, Poultry, Mild and soft cheese",Chenin Blanc
Domaine Coquard Loison-Fleurot Clos-Vougeot Grand Cru 2020,France,170,4.2,images/Domaine_Coquard_Loison_Fleurot_Clos_Vougeot_Grand_.png,images/bottle_Domaine_Coquard_Loison_Fleurot_Clos_Vougeot.png,Clos Vougeot Grand Cru,Domaine Coquard Loison-Fleurot,"red fruit, earth, black fruit, spices, microbio, non oak, oak, dried fruit, tree fruit, floral, vegetal","Beef, Veal, Game (deer, venison), Poultry",Pinot Noir
Longoria Fe Ciega Vineyard Pinot Noir 2020,United States,68,4,images/Longoria_Fe_Ciega_Vineyard_Pinot_Noir_2020.png,images/bottle_Longoria_Fe_Ciega_Vineyard_Pinot_Noir_2020.png,Sta. Rita Hills,Longoria,"red fruit, earth, oak, non oak, black fruit, spices, floral, vegetal, citrus fruit, microbio, tree fruit, tropical fruit, dried fruit","Veal, Pork, Poultry, Mushrooms",Pinot Noir
Michel Arcelain Siserpe Beaune 2019,France,42,3.9,images/Michel_Arcelain_Siserpe_Beaune_2019.jpg,,Beaune,Michel Arcelain,"earth, red fruit, black fruit, microbio, oak, spices, non oak, dried fruit, vegetal","Beef, Veal, Game (deer, venison), Poultry",Pinot Noir
Louis Latour Bourgogne Pinot Noir 2022,France,24.69,3.8,images/Louis_Latour_Bourgogne_Pinot_Noir_2022.png,images/bottle_Louis_Latour_Bourgogne_Pinot_Noir_2022.png,Bourgogne,Louis Latour,"red fruit, earth, oak, non oak, spices, black fruit, microbio, floral, vegetal, dried fruit, citrus fruit, tree fruit, tropical fruit","Beef, Veal, Game (deer, venison), Poultry",Pinot Noir
Domaine Taupenot-Merme Auxey Duresses Rouge 2020,France,55,4,images/Domaine_Taupenot_Merme_Auxey_Duresses_Rouge_2020.png,images/bottle_Domaine_Taupenot_Merme_Auxey_Duresses_Rouge.png,Auxey-Duresses,Domaine Taupenot-Merme,"oak, microbio, red fruit, earth, non oak, black fruit, tree fruit, citrus fruit, spices, dried fruit, vegetal","Beef, Veal, Game (deer, venison), Poultry",Pinot Noir
Chacra Sin Azufre Pinot Noir 2021,Argentina,43.99,4.1,images/Chacra_Sin_Azufre_Pinot_Noir_2021.png,images/bottle_Chacra_Sin_Azufre_Pinot_Noir_2021.png,Patagonia,Chacra,"red fruit, oak, non oak, earth, spices, black fruit, floral, microbio, vegetal, dried fruit, citrus fruit, tree fruit, tropical fruit","Beef, Veal, Game (deer, venison), Poultry",Pinot Noir
Elio Grasso Barolo Gavarini Chiniera 2012,Italy,85,4.1,images/Elio_Grasso_Barolo_Gavarini_Chiniera_2012.png,images/bottle_Elio_Grasso_Barolo_Gavarini_Chiniera_2012.png,Barolo,Elio Grasso,"earth, oak, red fruit, non oak, spices, black fruit, floral, microbio, dried fruit, vegetal, citrus fruit","Beef, Pasta, Lamb, Game (deer, venison)",Nebbiolo
Domaine des Varoilles Gevrey-Chambertin 1er Cru 'Clos des Varoilles' Monopole 1969,France,570,4.1,images/Domaine_des_Varoilles_Gevrey_Chambertin_1er_Cru_Cl.png,images/bottle_Domaine_des_Varoilles_Gevrey_Chambertin_1er.png,Gevrey-Chambertin 1er Cru 'Clos des Varoilles',Domaine des Varoilles,"oak, earth, non oak, red fruit, black fruit, spices, floral, vegetal, microbio","Beef, Veal, Game (deer, venison), Poultry",Pinot Noir
Kings Ridge Pinot Noir 2022,United States,14.99,3.7,images/Kings_Ridge_Pinot_Noir_2022.png,images/bottle_Kings_Ridge_Pinot_Noir_2022.png,Willamette Valley,Kings Ridge,"red fruit, oak, earth, non oak, spices, black fruit, microbio, citrus fruit, vegetal, floral, dried fruit, tree fruit, tropical fruit","Beef, Veal, Game (deer, venison), Poultry",Pinot Noir
Domaine Nicolas Rossignol Cuvée l'Héritière Bourgogne 2022,France,49.99,4,images/Domaine_Nicolas_Rossignol_Cuve_lHritire_Bourgogne_.png,images/bottle_Domaine_Nicolas_Rossignol_Cuve_lHritire_Bou.png,Bourgogne,Domaine Nicolas Rossignol,"red fruit, earth, oak, spices, black fruit, microbio, non oak, floral","Beef, Veal, Game (deer, venison), Poultry",Pinot Noir
Paul Blanck Altenbourg Gewürztraminer 2021,France,38.99,3.9,images/Paul_Blanck_Altenbourg_Gewrztraminer_2021.png,images/bottle_Paul_Blanck_Altenbourg_Gewrztraminer_2021.png,Alsace,Paul Blanck,"tree fruit, earth, tropical fruit, floral, citrus fruit, microbio, spices, oak, dried fruit, red fruit, non oak, black fruit","Pork, Rich fish (salmon, tuna etc), Spicy food, Poultry, Mild and soft cheese",Gewürztraminer
Flanagan Pinot Noir 2022,United States,73,4.3,images/Flanagan_Pinot_Noir_2022.png,images/bottle_Flanagan_Pinot_Noir_2022.png,Sonoma Coast,Flanagan,"red fruit, oak, black fruit, earth, spices, non oak, dried fruit, citrus fruit, microbio","Veal, Pork, Poultry, Mushrooms",Pinot Noir
Bodegas Ateca Atteca Garnacha (Old Vines) 2021,Spain,15.99,4.1,images/Bodegas_Ateca_Atteca_Garnacha_Old_Vines_2021.png,images/bottle_Bodegas_Ateca_Atteca_Garnacha_Old_Vines_202.png,Calatayud,Bodegas Ateca,"oak, black fruit, earth, red fruit, non oak, spices, dried fruit, microbio, floral, vegetal, citrus fruit, tree fruit","Beef, Pasta, Lamb, Game (deer, venison), Poultry",Grenache
Domaine Faiveley Pommard 1er Cru 'Les Rugiens' 2020,France,120,4.1,images/Domaine_Faiveley_Pommard_1er_Cru_Les_Rugiens_2020.png,images/bottle_Domaine_Faiveley_Pommard_1er_Cru_Les_Rugien.png,Pommard 1er Cru 'Les Rugiens',Domaine Faiveley,"red fruit, earth, oak, non oak, black fruit, spices, microbio, citrus fruit, floral, vegetal","Beef, Veal, Game (deer, venison), Poultry",Pinot Noir
Domaine Alain Michelot Nuits-Saint-Georges 1er Cru 'Aux Champs Perdrix' 1990,France,265,4.1,images/Domaine_Alain_Michelot_Nuits_Saint_Georges_1er_Cru.png,images/bottle_Domaine_Alain_Michelot_Nuits_Saint_Georges_.png,Nuits-Saint-Georges 1er Cru 'Aux Champs Perdrix',Domaine Alain Michelot,"red fruit, earth, oak, non oak, spices, microbio, black fruit, tree fruit, citrus fruit","Beef, Veal, Game (deer, venison), Poultry",Pinot Noir
Stoller Family Estate JV Estate Pinot Noir 2023,United States,23.99,3.9,images/Stoller_Family_Estate_JV_Estate_Pinot_Noir_2023.png,images/bottle_Stoller_Family_Estate_JV_Estate_Pinot_Noir_.png,Dundee Hills,Stoller Family Estate,"earth, red fruit, oak, spices, black fruit, non oak, microbio, vegetal","Beef, Veal, Game (deer, venison), Poultry",Pinot Noir
Neirano Barolo 2019,Italy,22.99,3.9,images/Neirano_Barolo_2019.png,images/bottle_Neirano_Barolo_2019.png,Barolo,Neirano,"earth, oak, red fruit, black fruit, non oak, spices, dried fruit, floral, microbio, citrus fruit, vegetal, tree fruit","Beef, Pasta, Lamb, Game (deer, venison)",Nebbiolo
Pull Eighty Pinot Noir 2022,United States,20.99,3.8,images/Pull_Eighty_Pinot_Noir_2022.png,images/bottle_Pull_Eighty_Pinot_Noir_2022.png,Willamette Valley,Pull Eighty,"red fruit, earth, oak, non oak, black fruit, spices, microbio, vegetal, dried fruit","Beef, Veal, Game (deer, venison), Poultry",Pinot Noir
Domaine Bruno Clavelier Vieilles Vignes Gevrey-Chambertin 1er Cru 'Les Corbeaux' 2015,France,231,4.1,images/Domaine_Bruno_Clavelier_Vieilles_Vignes_Gevrey_Cha.png,images/bottle_Domaine_Bruno_Clavelier_Vieilles_Vignes_Gev.png,Gevrey-Chambertin 1er Cru 'Les Crobeaux',Domaine Bruno Clavelier,"black fruit, red fruit, non oak, oak, spices, earth, dried fruit, floral, tree fruit, citrus fruit","Beef, Veal, Game (deer, venison), Poultry",Pinot Noir
Domaine Faiveley Mercurey Les Mauvarennes 2020,France,40,4,images/Domaine_Faiveley_Mercurey_Les_Mauvarennes_2020.jpg,,Mercurey,Domaine Faiveley,"red fruit, spices, earth, oak, microbio, non oak, black fruit, dried fruit, tree fruit, citrus fruit, floral, vegetal","Beef, Veal, Game (deer, venison), Poultry",Pinot Noir
Ca' Rome' Barolo Rapet (Gold Label) 2018,Italy,69.99,4.2,images/Ca_Rome_Barolo_Rapet_Gold_Label_2018.png,images/bottle_Ca_Rome_Barolo_Rapet_Gold_Label_2018.png,Barolo,Ca' Rome',"oak, earth, non oak, black fruit, spices, red fruit, dried fruit, microbio, citrus fruit, floral","Beef, Pasta, Lamb, Game (deer, venison)",Nebbiolo
Argot Bastard Tongue Pinot Noir 2021,United States,89.99,4.5,images/Argot_Bastard_Tongue_Pinot_Noir_2021.png,images/bottle_Argot_Bastard_Tongue_Pinot_Noir_2021.png,Sonoma County,Argot,"oak, red fruit, non oak, black fruit, spices, earth, microbio, floral, dried fruit, vegetal","Beef, Veal, Game (deer, venison), Poultry",Pinot Noir
Markovic Reserve Pinot Noir Semi Dry 2023,France,12.99,4,images/Markovic_Reserve_Pinot_Noir_Semi_Dry_2023.png,images/bottle_Markovic_Reserve_Pinot_Noir_Semi_Dry_2023.png,Pays d'Oc,Markovic,"red fruit, oak, microbio, spices, non oak, earth, dried fruit, citrus fruit","Beef, Pasta, Veal","Shiraz/Syrah, Grenache, Mourvedre"
Morlet Family Vineyards Pinot Noir En Famille 2019,United States,139.99,4.4,images/Morlet_Family_Vineyards_Pinot_Noir_En_Famille_2019.png,images/bottle_Morlet_Family_Vineyards_Pinot_Noir_En_Famil.png,Fort Ross-Seaview,Morlet Family Vineyards,"red fruit, oak, earth, microbio, black fruit, non oak, spices, tree fruit, vegetal, citrus fruit, floral","Beef, Veal, Game (deer, venison), Poultry",Pinot Noir
Roberto Voerzio Sarmassa di Barolo 2019,Italy,799.99,4.5,images/Roberto_Voerzio_Sarmassa_di_Barolo_2019.png,images/bottle_Roberto_Voerzio_Sarmassa_di_Barolo_2019.png,Barolo,Roberto Voerzio,"earth, red fruit, black fruit, oak, spices, microbio, non oak, dried fruit, floral","Beef, Pasta, Lamb, Game (deer, venison)",Nebbiolo
Domaine Collotte Marsannay 'Le Clos de Jeu' 2022,France,54.99,3.9,images/Domaine_Collotte_Marsannay_Le_Clos_de_Jeu_2022.png,images/bottle_Domaine_Collotte_Marsannay_Le_Clos_de_Jeu_2.png,Marsannay,Domaine Collotte,"red fruit, earth, oak, non oak, microbio, spices, black fruit, floral, vegetal, tropical fruit, citrus fruit","Beef, Veal, Game (deer, venison), Poultry",Pinot Noir
Pike Road Pinot Noir 2022,United States,21.99,3.8,images/Pike_Road_Pinot_Noir_2022.png,images/bottle_Pike_Road_Pinot_Noir_2022.png,Willamette Valley,Pike Road,"red fruit, oak, earth, non oak, spices, black fruit, microbio, floral, dried fruit, citrus fruit, vegetal, tree fruit, tropical fruit","Beef, Veal, Game (deer, venison), Poultry",Pinot Noir
Caroline Morey Beaune Premier Cru 'Les Grèves' Rouge 2022,France,112,4.3,images/Caroline_Morey_Beaune_Premier_Cru_Les_Grves_Rouge_.png,images/bottle_Caroline_Morey_Beaune_Premier_Cru_Les_Grves.png,Beaune 1er Cru 'Les Grèves',Caroline Morey,"red fruit, spices, oak, earth, non oak, black fruit, dried fruit, tropical fruit, floral, vegetal, microbio","Beef, Veal, Game (deer, venison), Poultry",Pinot Noir
Roagna Pira Barolo 2013,Italy,150,4.4,images/Roagna_Pira_Barolo_2013.png,images/bottle_Roagna_Pira_Barolo_2013.png,Barolo,Roagna,"earth, red fruit, oak, non oak, spices, floral, black fruit, microbio, vegetal, citrus fruit, dried fruit, tree fruit, tropical fruit","Beef, Pasta, Lamb, Game (deer, venison)",Nebbiolo
Domaine Prieuré Roch Les Hautes-Maizières 2020,France,500,4.4,images/Domaine_Prieur_Roch_Les_Hautes_Maizires_2020.png,images/bottle_Domaine_Prieur_Roch_Les_Hautes_Maizires_202.png,Vosne-Romanée,Domaine Prieuré Roch,"red fruit, earth, spices, black fruit, microbio, oak, non oak, floral, vegetal","Beef, Veal, Game (deer, venison), Poultry",Pinot Noir
Ancien Jouissance Pinot Noir 2022,United States,67,4.4,images/Ancien_Jouissance_Pinot_Noir_2022.png,images/bottle_Ancien_Jouissance_Pinot_Noir_2022.png,Russian River Valley,Ancien,"red fruit, oak, earth, non oak, spices, black fruit, microbio, dried fruit, tree fruit, citrus fruit, vegetal","Veal, Pork, Poultry, Mushrooms",Pinot Noir
Spier Signature Chenin Blanc 2024,South Africa,12.97,3.8,images/Spier_Signature_Chenin_Blanc_2024.png,images/bottle_Spier_Signature_Chenin_Blanc_2024.png,Western Cape,Spier,"tree fruit, tropical fruit, citrus fruit, earth, vegetal, oak, microbio, spices, non oak, floral, black fruit, red fruit, dried fruit","Shellfish, Spicy food, Lean fish, Mild and soft cheese",Chenin Blanc
Roberto Voerzio Disanfrancesco Nebbiolo 2021,Italy,57.99,4,images/Roberto_Voerzio_Disanfrancesco_Nebbiolo_2021.png,images/bottle_Roberto_Voerzio_Disanfrancesco_Nebbiolo_202.png,Langhe,Roberto Voerzio,"red fruit, oak, earth, non oak, spices, floral, black fruit, microbio, vegetal, dried fruit, citrus fruit, tree fruit, tropical fruit","Beef, Lamb, Game (deer, venison), Poultry",Nebbiolo
The Eyrie Vineyards Sisters Pinot Noir 2021,United States,69.99,4.2,images/The_Eyrie_Vineyards_Sisters_Pinot_Noir_2021.png,images/bottle_The_Eyrie_Vineyards_Sisters_Pinot_Noir_2021.png,Dundee Hills,The Eyrie Vineyards,"red fruit, earth, oak, non oak, spices, microbio, citrus fruit, floral, black fruit, tree fruit, vegetal","Beef, Veal, Game (deer, venison), Poultry",Pinot Noir
Mindego Ridge Pinot Noir 2022,United States,99.99,4.2,images/Mindego_Ridge_Pinot_Noir_2022.png,images/bottle_Mindego_Ridge_Pinot_Noir_2022.png,Santa Cruz Mountains,Mindego Ridge,"red fruit, earth, black fruit, spices, oak, tree fruit, microbio, non oak, citrus fruit, floral, vegetal","Beef, Veal, Game (deer, venison), Poultry",Pinot Noir
Gran Moraine Brut Rosé,United States,48.99,4.3,images/Gran_Moraine_Brut_Ros.png,images/bottle_Gran_Moraine_Brut_Ros.png,Yamhill-Carlton District,Gran Moraine,"citrus fruit, red fruit, tree fruit, microbio, earth, non oak, oak, dried fruit, vegetal, black fruit, spices, floral","Shellfish, Any junk food will do, Appetizers and snacks, Lean fish, Aperitif",
Rocche dei Manzoni Barolo (Rocche) 2012,Italy,54.04,4.2,images/Rocche_dei_Manzoni_Barolo_Rocche_2012.png,images/bottle_Rocche_dei_Manzoni_Barolo_Rocche_2012.png,Barolo,Rocche dei Manzoni,"oak, earth, non oak, red fruit, black fruit, spices, microbio, floral, dried fruit, citrus fruit, vegetal, tree fruit, tropical fruit","Beef, Pasta, Lamb, Game (deer, venison)",Nebbiolo
Bruno Colin Santenay Premier Cru 'Les Gravières' 2022,France,99.99,4,images/Bruno_Colin_Santenay_Premier_Cru_Les_Gravires_2022.png,images/bottle_Bruno_Colin_Santenay_Premier_Cru_Les_Gravir.png,Santenay 1er Cru 'Les Gravières',Bruno Colin,"red fruit, earth, oak, non oak, spices, microbio, black fruit, floral, citrus fruit","Beef, Veal, Game (deer, venison), Poultry",Pinot Noir
Hartford Court Jennifer's Pinot Noir 2022,United States,85,4.5,images/Hartford_Court_Jennifers_Pinot_Noir_2022.png,images/bottle_Hartford_Court_Jennifers_Pinot_Noir_2022.png,Russian River Valley,Hartford Court,"oak, black fruit, red fruit, non oak, earth, spices, microbio, floral, vegetal","Veal, Pork, Poultry, Mushrooms",Pinot Noir
Bodegas Virgen de la Sierra Lo Brujo Garnacha 2023,Spain,14.99,3.7,images/Bodegas_Virgen_de_la_Sierra_Lo_Brujo_Garnacha_2023.jpg,,Catalunya,Bodegas Virgen de la Sierra,"oak, black fruit, red fruit, earth, non oak, spices, dried fruit, citrus fruit, microbio","Beef, Pasta, Lamb, Game (deer, venison), Poultry",Grenache
James Bryant Hill Pinot Noir 2017,United States,10.99,3.3,images/James_Bryant_Hill_Pinot_Noir_2017.png,images/bottle_James_Bryant_Hill_Pinot_Noir_2017.png,Central Coast,James Bryant Hill,"red fruit, oak, earth, non oak, spices, black fruit, microbio, dried fruit, tree fruit, vegetal, citrus fruit, floral","Beef, Veal, Game (deer, venison), Poultry",Pinot Noir
Aldo Conterno Barolo Bricco Bussia Vigna Colonnello 1999,Italy,299,4.3,images/Aldo_Conterno_Barolo_Bricco_Bussia_Vigna_Colonnell.png,images/bottle_Aldo_Conterno_Barolo_Bricco_Bussia_Vigna_Co.png,Barolo,Aldo Conterno,"earth, oak, red fruit, non oak, spices, microbio, black fruit, dried fruit, floral, citrus fruit","Beef, Pasta, Lamb, Game (deer, venison)",Nebbiolo
Mail Road Mt. Carmel Vineyard Pinot Noir 2021,United States,129.99,4.4,images/Mail_Road_Mt_Carmel_Vineyard_Pinot_Noir_2021.png,images/bottle_Mail_Road_Mt_Carmel_Vineyard_Pinot_Noir_202.png,Sta. Rita Hills,Mail Road,"red fruit, earth, black fruit, oak, floral, non oak, spices, microbio","Veal, Pork, Poultry, Mushrooms",Pinot Noir
Henry Natter Sancerre Rouge 2022,France,39.99,3.8,images/Henry_Natter_Sancerre_Rouge_2022.png,images/bottle_Henry_Natter_Sancerre_Rouge_2022.png,Sancerre,Henry Natter,"red fruit, earth, oak, spices, non oak, vegetal, floral, tropical fruit, tree fruit, citrus fruit, microbio","Veal, Game (deer, venison), Poultry","Cabernet Franc, Pinot Noir, Gamay, Grolleau"
Bouchard Père & Fils Chambertin Grand Cru 1997,France,389,4.3,images/Bouchard_Pre_Fils_Chambertin_Grand_Cru_1997.png,images/bottle_Bouchard_Pre_Fils_Chambertin_Grand_Cru_1997.png,Chambertin Grand Cru,Bouchard Père & Fils,"red fruit, earth, oak, spices, microbio, black fruit, non oak, floral, vegetal, dried fruit","Beef, Veal, Game (deer, venison), Poultry",Pinot Noir
Domaine de Grisy Pinot Noir Bourgogne Côtes d'Auxerre 2023,France,19.99,3.7,images/Domaine_de_Grisy_Pinot_Noir_Bourgogne_Ctes_dAuxerr.png,images/bottle_Domaine_de_Grisy_Pinot_Noir_Bourgogne_Ctes_.png,Bourgogne Côtes d'Auxerre,Domaine de Grisy,"red fruit, earth, oak, spices, vegetal, black fruit, microbio, non oak, citrus fruit, floral, tree fruit","Beef, Veal, Game (deer, venison), Poultry",Pinot Noir
Bernabeleva Camino de Navaherreros 2023,Spain,16.99,3.7,images/Bernabeleva_Camino_de_Navaherreros_2023.png,images/bottle_Bernabeleva_Camino_de_Navaherreros_2023.png,Madrid,Bernabeleva,"red fruit, oak, earth, spices, non oak, black fruit, microbio, citrus fruit, dried fruit, floral, vegetal, tree fruit, tropical fruit","Beef, Pasta, Lamb, Game (deer, venison), Poultry",Grenache
Presqu'ile Pinot Noir 2022,United States,26.99,4,images/Presquile_Pinot_Noir_2022.png,images/bottle_Presquile_Pinot_Noir_2022.png,Santa Barbara County,Presqu'ile,"red fruit, earth, oak, non oak, spices, microbio, black fruit, citrus fruit, floral, vegetal, dried fruit, tree fruit","Beef, Veal, Game (deer, venison), Poultry",Pinot Noir
Jacques Bourguignon Pinot Noir 2023,France,13.99,3.7,images/Jacques_Bourguignon_Pinot_Noir_2023.png,images/bottle_Jacques_Bourguignon_Pinot_Noir_2023.png,Vin de France,Jacques Bourguignon,"red fruit, oak, non oak, earth, spices, black fruit, microbio, dried fruit",,
Badenhorst Chenin Blanc Secateurs 2024,South Africa,16.99,3.8,images/Badenhorst_Chenin_Blanc_Secateurs_2024.png,images/bottle_Badenhorst_Chenin_Blanc_Secateurs_2024.png,Swartland,Badenhorst,"tree fruit, earth, citrus fruit, oak, tropical fruit, microbio, vegetal, non oak, spices, floral, red fruit, dried fruit, black fruit","Shellfish, Spicy food, Lean fish, Mild and soft cheese",Chenin Blanc
Sandhi Santa Rita Hills Pinot Noir 2022,United States,45.99,4.1,images/Sandhi_Santa_Rita_Hills_Pinot_Noir_2022.png,images/bottle_Sandhi_Santa_Rita_Hills_Pinot_Noir_2022.png,Sta. Rita Hills,Sandhi,"red fruit, earth, oak, non oak, spices, black fruit, microbio, vegetal, floral, citrus fruit, dried fruit, tree fruit, tropical fruit","Veal, Pork, Poultry, Mushrooms",Pinot Noir
Domaine Jean-Marc Bouley Volnay 1er Cru 'Clos de la Cave' 2022,France,161,4.1,images/Domaine_Jean_Marc_Bouley_Volnay_1er_Cru_Clos_de_la.png,images/bottle_Domaine_Jean_Marc_Bouley_Volnay_1er_Cru_Clo.png,Volnay 1er Cru 'Clos de la Cave des Ducs',Domaine Jean-Marc Bouley,"red fruit, earth, oak, non oak, spices, black fruit, floral, microbio, vegetal","Beef, Veal, Game (deer, venison), Poultry",Pinot Noir
Mongeard-Mugneret Vosne-Romanée 1er Cru  Les Suchots 2015,France,165,4.3,images/Mongeard_Mugneret_Vosne_Romane_1er_Cru_Les_Suchots.png,images/bottle_Mongeard_Mugneret_Vosne_Romane_1er_Cru_Les_.png,Vosne-Romanée Premier Cru,Mongeard-Mugneret,"oak, red fruit, non oak, spices, earth, black fruit, microbio, dried fruit, vegetal","Beef, Veal, Game (deer, venison), Poultry",Pinot Noir
Chev Pinot Noir 2019,United States,79.99,4.5,images/Chev_Pinot_Noir_2019.png,images/bottle_Chev_Pinot_Noir_2019.png,Russian River Valley,Chev,"red fruit, oak, earth, non oak, spices, black fruit, floral, microbio, dried fruit, tropical fruit, citrus fruit, vegetal","Veal, Pork, Poultry, Mushrooms",Pinot Noir
Domaine Potinet-Ampeau Volnay 1er Cru 'Clos des Chênes' 1971,France,388,3.9,images/Domaine_Potinet_Ampeau_Volnay_1er_Cru_Clos_des_Chn.png,images/bottle_Domaine_Potinet_Ampeau_Volnay_1er_Cru_Clos_.png,Volnay 1er Cru 'Clos des Chênes',Domaine Potinet-Ampeau,"earth, red fruit, microbio, oak, floral, spices, black fruit, non oak, vegetal, citrus fruit, tree fruit, tropical fruit, dried fruit","Beef, Veal, Game (deer, venison), Poultry",Pinot Noir
Prunotto Occhetti Langhe Nebbiolo 2022,Italy,24.99,4.1,images/Prunotto_Occhetti_Langhe_Nebbiolo_2022.png,images/bottle_Prunotto_Occhetti_Langhe_Nebbiolo_2022.png,Langhe,Prunotto,"red fruit, oak, earth, spices, non oak, black fruit, microbio, floral, vegetal, tree fruit, citrus fruit, dried fruit, tropical fruit","Beef, Lamb, Game (deer, venison), Poultry",Nebbiolo
Ferrando Black Label Carema 2019,Italy,124,4.2,images/Ferrando_Black_Label_Carema_2019.png,images/bottle_Ferrando_Black_Label_Carema_2019.png,Carema,Ferrando,"earth, red fruit, oak, black fruit, spices, floral, non oak, dried fruit, microbio","Beef, Lamb, Game (deer, venison), Poultry",Nebbiolo
JAQK High Roller Pinot Noir 2019,United States,21.99,3.6,images/JAQK_High_Roller_Pinot_Noir_2019.png,images/bottle_JAQK_High_Roller_Pinot_Noir_2019.png,Central Coast,JAQK,"red fruit, black fruit, oak, earth, spices, non oak, citrus fruit, microbio","Beef, Veal, Game (deer, venison), Poultry",Pinot Noir
Viñedos del Jorco Las Cabañuelas Cebreros 2020,Spain,16.99,3.8,images/Viedos_del_Jorco_Las_Cabauelas_Cebreros_2020.jpg,,Castilla y León,Viñedos del Jorco,"red fruit, spices, earth, black fruit, non oak, oak, floral, vegetal, microbio, dried fruit, tropical fruit, tree fruit","Beef, Pasta, Lamb, Game (deer, venison), Poultry",Grenache
Evening Land Seven Springs Vineyard Pinot Noir 2022,United States,37.99,4.2,images/Evening_Land_Seven_Springs_Vineyard_Pinot_Noir_202.png,images/bottle_Evening_Land_Seven_Springs_Vineyard_Pinot_N.png,Eola-Amity Hills,Evening Land,"red fruit, earth, oak, non oak, spices, black fruit, microbio, floral, vegetal, citrus fruit, dried fruit, tree fruit","Beef, Veal, Game (deer, venison), Poultry",Pinot Noir
Siduri Santa Barbara Pinot Noir 2018,United States,19.99,3.9,images/Siduri_Santa_Barbara_Pinot_Noir_2018.png,images/bottle_Siduri_Santa_Barbara_Pinot_Noir_2018.png,Santa Barbara County,Siduri,"red fruit, oak, earth, non oak, spices, black fruit, microbio, vegetal, dried fruit, floral, citrus fruit, tree fruit","Beef, Veal, Game (deer, venison), Poultry",Pinot Noir
Fabio Gea Barbaresco Riserva 2016,Italy,159,4.4,images/Fabio_Gea_Barbaresco_Riserva_2016.png,images/bottle_Fabio_Gea_Barbaresco_Riserva_2016.png,Barbaresco,Fabio Gea,"earth, red fruit, oak, floral, non oak, spices, microbio, black fruit, vegetal","Beef, Pasta, Lamb, Game (deer, venison)",Nebbiolo
DeLoach Heritage Reserve Pinot Noir 2022,United States,11.99,3.8,images/DeLoach_Heritage_Reserve_Pinot_Noir_2022.png,images/bottle_DeLoach_Heritage_Reserve_Pinot_Noir_2022.png,California,DeLoach,"red fruit, oak, earth, non oak, spices, black fruit, microbio, vegetal, dried fruit, floral, citrus fruit, tree fruit, tropical fruit","Beef, Veal, Game (deer, venison), Poultry",Pinot Noir
Ghislaine Barthod Chambolle-Musigny 1er Cru 'Les Chatelots' 2022,France,231,4.1,images/Ghislaine_Barthod_Chambolle_Musigny_1er_Cru_Les_Ch.png,images/bottle_Ghislaine_Barthod_Chambolle_Musigny_1er_Cru.png,Chambolle-Musigny 1er Cru 'Les Chatelots',Ghislaine Barthod,"red fruit, earth, oak, non oak, spices, floral, black fruit, microbio, vegetal, citrus fruit","Beef, Veal, Game (deer, venison), Poultry",Pinot Noir
Philipponnat Blanc de Noirs Extra Brut Champagne 2018,France,129.99,4.3,images/Philipponnat_Blanc_de_Noirs_Extra_Brut_Champagne_2.png,images/bottle_Philipponnat_Blanc_de_Noirs_Extra_Brut_Cham.png,Champagne,Philipponnat,"non oak, oak, tree fruit, microbio, citrus fruit, earth, red fruit, vegetal, spices, tropical fruit, floral, black fruit, dried fruit","Pork, Rich fish (salmon, tuna etc), Shellfish, Mild and soft cheese","Chardonnay, Pinot Noir, Pinot Meunier"
Comm. G.B. Burlotto Barolo Monvigliero 2015,Italy,599.99,4.5,images/Comm_GB_Burlotto_Barolo_Monvigliero_2015.png,images/bottle_Comm_GB_Burlotto_Barolo_Monvigliero_2015.png,Barolo,Comm. G.B. Burlotto,"red fruit, earth, oak, spices, non oak, black fruit, floral, microbio, dried fruit, citrus fruit, vegetal, tree fruit","Beef, Pasta, Lamb, Game (deer, venison)",Nebbiolo
Domaine Sylvain Cathiard Bourgogne Hautes-Côtes de Nuits 'Les Dames Huguette' 2022,France,139.99,4.2,images/Domaine_Sylvain_Cathiard_Bourgogne_Hautes_Ctes_de_.png,images/bottle_Domaine_Sylvain_Cathiard_Bourgogne_Hautes_C.png,Bourgogne Hautes-Côtes de Nuits,Domaine Sylvain Cathiard,"red fruit, oak, spices, non oak, earth, black fruit, floral, microbio","Beef, Veal, Game (deer, venison), Poultry",Pinot Noir
Bergström Cumberland Reserve Pinot Noir 2021,United States,59.99,4.3,images/Bergstrm_Cumberland_Reserve_Pinot_Noir_2021.png,images/bottle_Bergstrm_Cumberland_Reserve_Pinot_Noir_2021.png,Willamette Valley,Bergström,"red fruit, earth, oak, spices, non oak, black fruit, microbio, floral, vegetal, dried fruit, citrus fruit, tree fruit, tropical fruit","Beef, Veal, Game (deer, venison), Poultry",Pinot Noir
The Four Graces Pinot Noir 2023,United States,23.99,4,images/The_Four_Graces_Pinot_Noir_2023.png,images/bottle_The_Four_Graces_Pinot_Noir_2023.png,Willamette Valley,The Four Graces,"red fruit, earth, oak, non oak, spices, black fruit, microbio, vegetal, floral, dried fruit, tree fruit, citrus fruit, tropical fruit","Beef, Veal, Game (deer, venison), Poultry",Pinot Noir
Domaine Philippe Gilbert Menetou-Salon Rouge 2020,France,29.99,3.9,images/Domaine_Philippe_Gilbert_Menetou_Salon_Rouge_2020.png,images/bottle_Domaine_Philippe_Gilbert_Menetou_Salon_Roug.png,Menetou-Salon,Domaine Philippe Gilbert,"red fruit, earth, oak, spices, non oak, microbio, tree fruit, black fruit, vegetal, citrus fruit, floral, dried fruit, tropical fruit","Veal, Game (deer, venison), Poultry","Cabernet Franc, Pinot Noir, Gamay, Grolleau"
Giulia Negri Barolo Marassio 2021,Italy,145,4.2,images/Giulia_Negri_Barolo_Marassio_2021.png,images/bottle_Giulia_Negri_Barolo_Marassio_2021.png,Barolo,Giulia Negri,"red fruit, earth, microbio, oak, black fruit, citrus fruit, spices, floral, non oak","Beef, Pasta, Lamb, Game (deer, venison)",Nebbiolo
Mauro Molino Barolo 2020,Italy,40.99,4,images/Mauro_Molino_Barolo_2020.png,images/bottle_Mauro_Molino_Barolo_2020.png,Barolo,Mauro Molino,"oak, red fruit, earth, non oak, spices, black fruit, floral, microbio, dried fruit, citrus fruit, vegetal, tree fruit, tropical fruit","Beef, Pasta, Lamb, Game (deer, venison)",Nebbiolo
Nino Costa Gepin 2019,Italy,28.99,3.9,images/Nino_Costa_Gepin_2019.png,images/bottle_Nino_Costa_Gepin_2019.png,Roero,Nino Costa,"red fruit, earth, oak, non oak, spices, microbio, citrus fruit","Beef, Lamb, Game (deer, venison), Poultry",Nebbiolo
Simple Life Pinot Noir 2020,United States,12.99,3.7,images/Simple_Life_Pinot_Noir_2020.png,images/bottle_Simple_Life_Pinot_Noir_2020.png,California,Simple Life,"oak, red fruit, non oak, earth, spices, black fruit, microbio, dried fruit, vegetal, tree fruit, citrus fruit, floral, tropical fruit","Beef, Veal, Game (deer, venison), Poultry",Pinot Noir
David Duband Louis Auguste Bourgogne Hautes-Côtes de Nuits 2021,France,47.99,4,images/David_Duband_Louis_Auguste_Bourgogne_Hautes_Ctes_d.png,images/bottle_David_Duband_Louis_Auguste_Bourgogne_Hautes.png,Bourgogne Hautes-Côtes de Nuits,David Duband,"red fruit, earth, oak, spices, non oak, black fruit, microbio, dried fruit, floral, citrus fruit, vegetal","Beef, Veal, Game (deer, venison), Poultry",Pinot Noir
Toschi Pinot Noir 2022,United States,11.99,3.6,images/Toschi_Pinot_Noir_2022.png,images/bottle_Toschi_Pinot_Noir_2022.png,California,Toschi,"red fruit, oak, spices, non oak, black fruit, earth, microbio, citrus fruit","Beef, Veal, Game (deer, venison), Poultry",Pinot Noir
Thibault Liger-Belair Vieilles Vignes Chambolle-Musigny 2021,France,170,4.4,images/Thibault_Liger_Belair_Vieilles_Vignes_Chambolle_Mu.png,images/bottle_Thibault_Liger_Belair_Vieilles_Vignes_Chamb.png,Chambolle-Musigny,Thibault Liger-Belair,"red fruit, oak, spices, floral, earth, non oak, microbio, black fruit","Beef, Veal, Game (deer, venison), Poultry",Pinot Noir
Ghislaine Barthod Les Bons Bâtons Bourgogne 2022,France,69,4.1,images/Ghislaine_Barthod_Les_Bons_Btons_Bourgogne_2022.png,images/bottle_Ghislaine_Barthod_Les_Bons_Btons_Bourgogne_.png,Bourgogne,Ghislaine Barthod,"red fruit, oak, earth, spices, non oak, microbio, floral, black fruit, tree fruit, vegetal","Beef, Veal, Game (deer, venison), Poultry",Pinot Noir
Château de Rouanne Vinsobres 2020,France,21.99,3.9,images/Chteau_de_Rouanne_Vinsobres_2020.png,images/bottle_Chteau_de_Rouanne_Vinsobres_2020.png,Vinsobres,Château de Rouanne,"black fruit, oak, spices, red fruit, earth, non oak, floral, microbio, dried fruit, vegetal, citrus fruit, tree fruit","Beef, Lamb, Game (deer, venison)","Shiraz/Syrah, Grenache, Mourvedre"
Bevan Cellars Pinot Noir 2021,United States,89.99,4.5,images/Bevan_Cellars_Pinot_Noir_2021.png,images/bottle_Bevan_Cellars_Pinot_Noir_2021.png,Petaluma Gap,Bevan Cellars,"oak, red fruit, black fruit, non oak, spices, earth, microbio, floral, citrus fruit","Beef, Veal, Game (deer, venison), Poultry",Pinot Noir
Elio Altare Cannubi Barolo 2021,Italy,250,4.5,images/Elio_Altare_Cannubi_Barolo_2021.png,images/bottle_Elio_Altare_Cannubi_Barolo_2021.png,Barolo,Elio Altare,"oak, red fruit, microbio, earth, dried fruit, spices, black fruit","Beef, Pasta, Lamb, Game (deer, venison)",Nebbiolo
Bruno Paillard N.P.U. Extra Brut Champagne (Nec Plus Ultra) 2008,France,349.99,4.5,images/Bruno_Paillard_NPU_Extra_Brut_Champagne_Nec_Plus_U.png,images/bottle_Bruno_Paillard_NPU_Extra_Brut_Champagne_Nec.png,Champagne,Bruno Paillard,"non oak, earth, oak, microbio, tree fruit, citrus fruit, vegetal, spices, dried fruit, floral, black fruit, tropical fruit, red fruit","Pork, Rich fish (salmon, tuna etc), Shellfish, Mild and soft cheese","Chardonnay, Pinot Noir, Pinot Meunier"
Claude Dugat Gevrey-Chambertin 1er Cru 'Lavaux St Jacques' 2005,France,780,4.2,images/Claude_Dugat_Gevrey_Chambertin_1er_Cru_Lavaux_St_J.png,images/bottle_Claude_Dugat_Gevrey_Chambertin_1er_Cru_Lava.png,Gevrey-Chambertin 1er Cru 'Lavaux Saint-Jacques',Claude Dugat,"earth, oak, red fruit, spices, black fruit, non oak, floral, microbio, dried fruit, vegetal","Beef, Veal, Game (deer, venison), Poultry",Pinot Noir
Cavas Valmar Chenin Blanc 2023,Mexico,19.99,3.6,images/Cavas_Valmar_Chenin_Blanc_2023.png,images/bottle_Cavas_Valmar_Chenin_Blanc_2023.png,Valle de Guadalupe,Cavas Valmar,"earth, tropical fruit, citrus fruit, tree fruit, oak, vegetal, red fruit, spices, microbio, non oak",,
Domaine Fourrier Vieille Vigne Gevrey-Chambertin Les Goulots 1er Cru 2018,France,239,4.4,images/Domaine_Fourrier_Vieille_Vigne_Gevrey_Chambertin_L.png,images/bottle_Domaine_Fourrier_Vieille_Vigne_Gevrey_Chamb.png,Gevrey-Chambertin 1er Cru 'Les Goulots',Domaine Fourrier,"red fruit, earth, oak, non oak, spices, black fruit, tree fruit, floral, microbio, vegetal","Beef, Veal, Game (deer, venison), Poultry",Pinot Noir
Domaine Michel Lafarge Volnay 1er Cru 'Les Mitans' 2022,France,226,4.2,images/Domaine_Michel_Lafarge_Volnay_1er_Cru_Les_Mitans_2.png,images/bottle_Domaine_Michel_Lafarge_Volnay_1er_Cru_Les_M.png,Volnay 1er Cru 'Les Mitans',Domaine Michel Lafarge,"red fruit, oak, spices, non oak, floral, earth, microbio, black fruit, vegetal","Beef, Veal, Game (deer, venison), Poultry",Pinot Noir
Imagery Pinot Noir 2021,United States,15.99,3.7,images/Imagery_Pinot_Noir_2021.png,images/bottle_Imagery_Pinot_Noir_2021.png,California,Imagery,"red fruit, oak, non oak, spices, earth, black fruit, microbio, dried fruit, vegetal, floral, citrus fruit, tree fruit, tropical fruit","Beef, Veal, Game (deer, venison), Poultry",Pinot Noir
Failla Estate Vineyard Pinot Noir 2022,United States,89.99,4.3,images/Failla_Estate_Vineyard_Pinot_Noir_2022.jpg,,Fort Ross-Seaview,Failla,"red fruit, earth, oak, spices, black fruit, non oak, vegetal, floral","Beef, Veal, Game (deer, venison), Poultry",Pinot Noir
Le Roi des Pierres Sancerre Rosé 2023,France,29.99,4.1,images/Le_Roi_des_Pierres_Sancerre_Ros_2023.png,images/bottle_Le_Roi_des_Pierres_Sancerre_Ros_2023.png,Sancerre,Le Roi des Pierres,"red fruit, tree fruit, citrus fruit, earth, microbio, non oak, black fruit, spices, floral, oak","Lamb, Rich fish (salmon, tuna etc), Poultry, Mild and soft cheese, Cured Meat",
Joseph Drouhin Chambolle-Musigny Premier Cru Baudes 1990,France,394,4.3,images/Joseph_Drouhin_Chambolle_Musigny_Premier_Cru_Baude.png,images/bottle_Joseph_Drouhin_Chambolle_Musigny_Premier_Cr.png,Chambolle-Musigny Premier Cru,Joseph Drouhin,"red fruit, oak, earth, non oak, black fruit, spices, floral, tree fruit, citrus fruit, vegetal, microbio","Beef, Veal, Game (deer, venison), Poultry",Pinot Noir
The Pinot Project Pinot Noir 2021,United States,12.99,3.6,images/The_Pinot_Project_Pinot_Noir_2021.png,images/bottle_The_Pinot_Project_Pinot_Noir_2021.png,California,The Pinot Project,"red fruit, oak, black fruit, earth, non oak, spices, microbio, citrus fruit, vegetal, dried fruit, tree fruit, floral, tropical fruit","Beef, Veal, Game (deer, venison), Poultry",Pinot Noir
Pertinace Barbaresco 2018,Italy,42.99,4,images/Pertinace_Barbaresco_2018.png,images/bottle_Pertinace_Barbaresco_2018.png,Barbaresco,Pertinace,"earth, oak, red fruit, non oak, black fruit, spices, dried fruit, floral, microbio, vegetal, citrus fruit, tree fruit","Beef, Pasta, Lamb, Game (deer, venison)",Nebbiolo
Harmonique The Noble One Pinot Noir 2011,United States,39,4.1,images/Harmonique_The_Noble_One_Pinot_Noir_2011.png,images/bottle_Harmonique_The_Noble_One_Pinot_Noir_2011.png,Anderson Valley,Harmonique,"red fruit, oak, black fruit, earth, non oak, spices, dried fruit, microbio, floral, vegetal, citrus fruit","Veal, Pork, Poultry, Mushrooms",Pinot Noir
Ancien Shea Vineyard Pinot Noir 2022,United States,75,4.2,images/Ancien_Shea_Vineyard_Pinot_Noir_2022.png,images/bottle_Ancien_Shea_Vineyard_Pinot_Noir_2022.png,Oregon,Ancien,"red fruit, earth, oak, non oak, black fruit, spices, citrus fruit, floral, microbio, dried fruit, tree fruit","Beef, Veal, Game (deer, venison), Poultry",Pinot Noir
Domaine de Montille Vosne-Romanée 1er Cru 'Aux Malconsorts' 2020,France,499.99,4.4,images/Domaine_de_Montille_Vosne_Romane_1er_Cru_Aux_Malco.png,images/bottle_Domaine_de_Montille_Vosne_Romane_1er_Cru_Au.png,Vosne-Romanée 1er Cru 'Malconsorts',Domaine de Montille,"red fruit, earth, oak, black fruit, spices, floral, non oak, microbio, dried fruit","Beef, Veal, Game (deer, venison), Poultry",Pinot Noir
Domaine Trapet Le Meix Fringuet 2022,France,54.99,3.9,images/Domaine_Trapet_Le_Meix_Fringuet_2022.png,images/bottle_Domaine_Trapet_Le_Meix_Fringuet_2022.png,Côte de Nuits Villages,Domaine Trapet,"red fruit, earth, black fruit, oak, microbio, non oak","Beef, Veal, Game (deer, venison), Poultry",Pinot Noir
Patrice Rion Chambolle-Musigny 1er Cru 'Les Cras' 2020,France,99.88,4.1,images/Patrice_Rion_Chambolle_Musigny_1er_Cru_Les_Cras_20.png,images/bottle_Patrice_Rion_Chambolle_Musigny_1er_Cru_Les_.png,Chambolle-Musigny 1er Cru 'Les Cras',Patrice Rion,"red fruit, earth, oak, spices, non oak, floral, black fruit, microbio, vegetal, dried fruit, tree fruit","Beef, Veal, Game (deer, venison), Poultry",Pinot Noir
Produttori del Barbaresco 'Don Fiorino' Barbaresco Riserva 2016,Italy,179,4.3,images/Produttori_del_Barbaresco_Don_Fiorino_Barbaresco_R.jpg,,Barbaresco,Produttori del Barbaresco,"oak, spices, earth, red fruit, non oak, microbio, black fruit, floral, dried fruit","Beef, Pasta, Lamb, Game (deer, venison)",Nebbiolo
Pierre Usseglio Châteauneuf-du-Pape Cuvée de mon Aïeul 2007,France,485,4.4,images/Pierre_Usseglio_Chteauneuf_du_Pape_Cuve_de_mon_Aeu.png,images/bottle_Pierre_Usseglio_Chteauneuf_du_Pape_Cuve_de_.png,Châteauneuf-du-Pape,Pierre Usseglio,"black fruit, earth, oak, red fruit, spices, non oak, dried fruit, microbio, floral, vegetal, citrus fruit, tree fruit, tropical fruit","Lamb, Pork, Poultry","Shiraz/Syrah, Mourvedre, Counoise, Cinsaut, Vaccareze, Muscardin"
Shiloh Privilege 2023,Israel,26.99,3.9,images/Shiloh_Privilege_2023.png,images/bottle_Shiloh_Privilege_2023.png,Judean Hills,Shiloh,"black fruit, oak, red fruit, non oak, spices, earth, microbio, dried fruit, floral","Beef, Lamb, Veal, Game (deer, venison), Poultry",
Calera Pinot Noir De Villiers Vineyard 2017,United States,69.99,4.2,images/Calera_Pinot_Noir_De_Villiers_Vineyard_2017.png,images/bottle_Calera_Pinot_Noir_De_Villiers_Vineyard_2017.png,Mount Harlan,Calera,"red fruit, oak, earth, black fruit, non oak, spices, dried fruit, vegetal, microbio, floral, tree fruit, citrus fruit","Beef, Veal, Game (deer, venison), Poultry",Pinot Noir
Domaine du Gour de Chaule Cuvée Tradition Gigondas 2020,France,40,4.1,images/Domaine_du_Gour_de_Chaule_Cuve_Tradition_Gigondas_.png,images/bottle_Domaine_du_Gour_de_Chaule_Cuve_Tradition_Gi.png,Gigondas,Domaine du Gour de Chaule,"earth, oak, red fruit, black fruit, spices, non oak, floral, microbio, vegetal, dried fruit, tree fruit, citrus fruit, tropical fruit","Beef, Lamb, Game (deer, venison)","Shiraz/Syrah, Grenache, Mourvedre"
Xavier Monnot Pommard 'Les Vignots' 2021,France,94,4,images/Xavier_Monnot_Pommard_Les_Vignots_2021.png,images/bottle_Xavier_Monnot_Pommard_Les_Vignots_2021.png,Pommard,Xavier Monnot,"red fruit, earth, black fruit, oak, spices, non oak, dried fruit, citrus fruit, floral, vegetal, microbio","Beef, Veal, Game (deer, venison), Poultry",Pinot Noir
Bouchard Père & Fils Chapelle-Chambertin Grand Cru 2005,France,608,4.3,images/Bouchard_Pre_Fils_Chapelle_Chambertin_Grand_Cru_20.png,images/bottle_Bouchard_Pre_Fils_Chapelle_Chambertin_Grand.png,Chapelle-Chambertin Grand Cru,Bouchard Père & Fils,"red fruit, earth, oak, non oak, spices, floral, black fruit, microbio, dried fruit, vegetal","Beef, Veal, Game (deer, venison), Poultry",Pinot Noir
Lingua Franca Tongue'n Cheek Pinot Noir 2021,United States,82.99,4.2,images/Lingua_Franca_Tonguen_Cheek_Pinot_Noir_2021.png,images/bottle_Lingua_Franca_Tonguen_Cheek_Pinot_Noir_2021.png,Eola-Amity Hills,Lingua Franca,"red fruit, black fruit, earth, oak, non oak, microbio, spices, dried fruit, floral, vegetal","Beef, Veal, Game (deer, venison), Poultry",Pinot Noir
Georges Noëllat Vosne-Romanée 1er Cru 'Les Petits Monts' 2020,France,299.99,4.3,images/Georges_Nollat_Vosne_Romane_1er_Cru_Les_Petits_Mon.png,images/bottle_Georges_Nollat_Vosne_Romane_1er_Cru_Les_Pet.png,Vosne-Romanée 1er Cru 'Les Petits Monts',Georges Noëllat,"red fruit, oak, earth, non oak, floral, black fruit, microbio, vegetal, citrus fruit, spices","Beef, Veal, Game (deer, venison), Poultry",Pinot Noir
Communal Brands Roman Candle Pinot Noir 2022,United States,18.99,4,images/Communal_Brands_Roman_Candle_Pinot_Noir_2022.png,images/bottle_Communal_Brands_Roman_Candle_Pinot_Noir_202.png,Willamette Valley,Communal Brands,"red fruit, earth, oak, non oak, black fruit, tree fruit, spices, dried fruit, tropical fruit, citrus fruit, microbio","Beef, Veal, Game (deer, venison), Poultry",Pinot Noir
1924 Wines Port Barrel Aged Pinot Noir (Limited Edition) 2022,United States,14.99,3.9,images/1924_Wines_Port_Barrel_Aged_Pinot_Noir_Limited_Edi.png,images/bottle_1924_Wines_Port_Barrel_Aged_Pinot_Noir_Limi.png,California,1924 Wines,"oak, black fruit, red fruit, earth, non oak, spices, dried fruit, microbio, tree fruit, vegetal, citrus fruit","Beef, Veal, Game (deer, venison), Poultry",Pinot Noir
Shibumi Knoll Vineyards Buena Tierra Vineyard Pinot Noir 2022,United States,80,4.3,images/Shibumi_Knoll_Vineyards_Buena_Tierra_Vineyard_Pino.png,images/bottle_Shibumi_Knoll_Vineyards_Buena_Tierra_Vineya.png,Russian River Valley,Shibumi Knoll Vineyards,"red fruit, oak, non oak, spices, earth, black fruit, floral, microbio","Veal, Pork, Poultry, Mushrooms",Pinot Noir
Domaine Coche-Dury Meursault Rouge 2019,France,599,4.4,images/Domaine_Coche_Dury_Meursault_Rouge_2019.png,images/bottle_Domaine_Coche_Dury_Meursault_Rouge_2019.png,Meursault,Domaine Coche-Dury,"red fruit, earth, citrus fruit, spices, microbio, non oak, oak, black fruit, tropical fruit, floral, dried fruit, tree fruit","Beef, Veal, Game (deer, venison), Poultry",Pinot Noir
Domaines Ott Château de Selle Rosé (Coeur de Grain) 2022,France,39.99,4.2,images/Domaines_Ott_Chteau_de_Selle_Ros_Coeur_de_Grain_20.png,images/bottle_Domaines_Ott_Chteau_de_Selle_Ros_Coeur_de_G.png,Côtes de Provence,Domaines Ott,"tree fruit, red fruit, citrus fruit, earth, microbio, floral, oak, spices, non oak, tropical fruit, vegetal, black fruit, dried fruit","Pork, Shellfish, Vegetarian, Poultry","Shiraz/Syrah, Grenache, Cinsault"
Raen Bodega Freestone Occidental Pinot Noir 2022,United States,169.99,4.5,images/Raen_Bodega_Freestone_Occidental_Pinot_Noir_2022.png,images/bottle_Raen_Bodega_Freestone_Occidental_Pinot_Noir.png,Sonoma Coast,Raen,"red fruit, earth, oak, black fruit, non oak, citrus fruit, vegetal, microbio, tropical fruit, tree fruit, spices, floral","Veal, Pork, Poultry, Mushrooms",Pinot Noir
Chandon de Briailles Corton Grand Cru 'Clos du Roi' 2022,France,475,4.2,images/Chandon_de_Briailles_Corton_Grand_Cru_Clos_du_Roi_.png,images/bottle_Chandon_de_Briailles_Corton_Grand_Cru_Clos_.png,Corton Grand Cru 'Clos du Roi',Chandon de Briailles,"earth, oak, red fruit, black fruit, microbio, dried fruit, spices, floral, non oak, citrus fruit","Beef, Veal, Game (deer, venison), Poultry",Pinot Noir
Jean-Marc Vincent Santenay Vieilles Vignes 2022,France,82.99,4.1,images/Jean_Marc_Vincent_Santenay_Vieilles_Vignes_2022.png,images/bottle_Jean_Marc_Vincent_Santenay_Vieilles_Vignes_.png,Santenay,Jean-Marc Vincent,"red fruit, oak, earth, non oak, spices, black fruit, citrus fruit, dried fruit","Beef, Veal, Game (deer, venison), Poultry",Pinot Noir
Batasiolo Barolo Cerequio 2006,Italy,41.11,4.2,images/Batasiolo_Barolo_Cerequio_2006.png,images/bottle_Batasiolo_Barolo_Cerequio_2006.png,Barolo,Batasiolo,"earth, oak, non oak, red fruit, spices, black fruit, microbio, floral, vegetal, dried fruit, citrus fruit, tree fruit","Beef, Pasta, Lamb, Game (deer, venison)",Nebbiolo
Shatter Grenache 2019,France,21.99,4,images/Shatter_Grenache_2019.png,images/bottle_Shatter_Grenache_2019.png,Côtes Catalanes,Shatter,"oak, black fruit, earth, red fruit, non oak, spices, microbio, dried fruit, vegetal, floral, tree fruit, citrus fruit, tropical fruit","Beef, Pasta, Lamb, Poultry",Grenache
Stoller Family Estate Dundee Hills Pinot Noir 2022,United States,26.99,4,images/Stoller_Family_Estate_Dundee_Hills_Pinot_Noir_2022.png,images/bottle_Stoller_Family_Estate_Dundee_Hills_Pinot_No.png,Dundee Hills,Stoller Family Estate,"red fruit, oak, earth, non oak, spices, black fruit, microbio, floral, tree fruit, vegetal, dried fruit, citrus fruit, tropical fruit","Beef, Veal, Game (deer, venison), Poultry",Pinot Noir
G.D. Vajra Albe Barolo 2021,Italy,34.99,4.2,images/GD_Vajra_Albe_Barolo_2021.png,images/bottle_GD_Vajra_Albe_Barolo_2021.png,Barolo,G.D. Vajra,"red fruit, earth, oak, non oak, spices, black fruit, floral, microbio, dried fruit, vegetal, citrus fruit, tree fruit, tropical fruit","Beef, Pasta, Lamb, Game (deer, venison)",Nebbiolo
Flâneur Flanerie Vineyard Pinot Noir 2021,United States,64.99,4.3,images/Flneur_Flanerie_Vineyard_Pinot_Noir_2021.png,images/bottle_Flneur_Flanerie_Vineyard_Pinot_Noir_2021.png,Ribbon Ridge,Flâneur,"red fruit, spices, earth, oak, non oak, black fruit, microbio, dried fruit, citrus fruit, vegetal","Beef, Veal, Game (deer, venison), Poultry",Pinot Noir
Contratto Barolo 1999,Italy,41.11,4.1,images/Contratto_Barolo_1999.jpg,,Barolo,Contratto,"earth, oak, dried fruit, non oak, black fruit, red fruit, microbio, citrus fruit, spices, vegetal, floral","Beef, Pasta, Lamb, Game (deer, venison)",Nebbiolo
Jean-Marc Vincent Santenay Premier Cru 'Le Passetemps' 2021,France,138,4,images/Jean_Marc_Vincent_Santenay_Premier_Cru_Le_Passetem.png,images/bottle_Jean_Marc_Vincent_Santenay_Premier_Cru_Le_P.png,Santenay 1er Cru 'Passetemps',Jean-Marc Vincent,"red fruit, oak, earth, non oak, spices, black fruit, vegetal, tree fruit, floral, microbio","Beef, Veal, Game (deer, venison), Poultry",Pinot Noir
Riverbench Pinot Noir 2022,United States,56,4.1,images/Riverbench_Pinot_Noir_2022.jpg,,Santa Maria Valley,Riverbench,"oak, red fruit, earth, non oak, spices, black fruit, microbio, tree fruit, floral, vegetal, dried fruit","Veal, Pork, Poultry, Mushrooms",Pinot Noir
Ancien Mink Vineyard Pinot Noir 2021,United States,67,4.2,images/Ancien_Mink_Vineyard_Pinot_Noir_2021.png,images/bottle_Ancien_Mink_Vineyard_Pinot_Noir_2021.png,Coombsville,Ancien,"oak, red fruit, non oak, spices, earth, black fruit, dried fruit, tree fruit, citrus fruit, floral","Beef, Veal, Game (deer, venison), Poultry",Pinot Noir
Golan Heights Winery Yarden Gewürztraminer 2017,Israel,21.99,4,images/Golan_Heights_Winery_Yarden_Gewrztraminer_2017.png,images/bottle_Golan_Heights_Winery_Yarden_Gewrztraminer_2.png,Galilee,Golan Heights Winery,"tropical fruit, tree fruit, earth, citrus fruit, microbio, oak, non oak, spices, floral, dried fruit, vegetal, red fruit","Pasta, Vegetarian, Poultry, Appetizers and snacks, Lean fish, Goat's Milk Cheese",
Sine Qua Non Distenta Grenache 2022,United States,200,4.6,images/Sine_Qua_Non_Distenta_Grenache_2022.png,images/bottle_Sine_Qua_Non_Distenta_Grenache_2022.png,Central Coast,Sine Qua Non,"oak, black fruit, non oak, spices, earth, red fruit, tree fruit, floral, microbio","Beef, Lamb, Spicy food, Vegetarian, Poultry",Grenache
Joseph Drouhin Vosne-Romanée Premier Cru 'Petits Monts' 2020,France,540,4.3,images/Joseph_Drouhin_Vosne_Romane_Premier_Cru_Petits_Mon.png,images/bottle_Joseph_Drouhin_Vosne_Romane_Premier_Cru_Pet.png,Vosne-Romanée 1er Cru 'Les Petits Monts',Joseph Drouhin,"red fruit, earth, oak, black fruit, spices, non oak, microbio, citrus fruit, floral, vegetal","Beef, Veal, Game (deer, venison), Poultry",Pinot Noir
Cappellano Piè Franco Barolo 2018,Italy,779,4.5,images/Cappellano_Pi_Franco_Barolo_2018.png,images/bottle_Cappellano_Pi_Franco_Barolo_2018.png,Barolo,Cappellano,"earth, oak, red fruit, spices, floral, citrus fruit, non oak, black fruit, dried fruit, vegetal, microbio","Beef, Pasta, Lamb, Game (deer, venison)",Nebbiolo
The Federalist Pinot Noir 2023,United States,23.99,3.6,images/The_Federalist_Pinot_Noir_2023.jpg,,Central Coast,The Federalist,,"Beef, Veal, Game (deer, venison), Poultry",Pinot Noir
Bitouzet-Prieur Volnay Premier Cru 'Les Aussy' 2022,France,68,4.2,images/Bitouzet_Prieur_Volnay_Premier_Cru_Les_Aussy_2022.jpg,,Volnay Premier Cru,Bitouzet-Prieur,"red fruit, earth, oak, spices, floral, non oak, black fruit, vegetal, microbio, dried fruit","Beef, Veal, Game (deer, venison), Poultry",Pinot Noir
Lucien Boillot & Fils Bourgogne 2022,France,58.99,3.8,images/Lucien_Boillot_Fils_Bourgogne_2022.png,images/bottle_Lucien_Boillot_Fils_Bourgogne_2022.png,Bourgogne,Lucien Boillot & Fils,"red fruit, earth, oak, spices, non oak, black fruit, dried fruit, floral, vegetal, microbio, tree fruit","Beef, Veal, Game (deer, venison), Poultry",Pinot Noir
Belle Glos Taylor Lane Vineyard Pinot Noir 2011,United States,250,4.4,images/Belle_Glos_Taylor_Lane_Vineyard_Pinot_Noir_2011.png,images/bottle_Belle_Glos_Taylor_Lane_Vineyard_Pinot_Noir_.png,Sonoma Coast,Belle Glos,"red fruit, oak, earth, non oak, black fruit, spices, dried fruit, microbio, tree fruit, floral, vegetal, citrus fruit","Veal, Pork, Poultry, Mushrooms",Pinot Noir
Domaine Jean-Marc Bouley Volnay 1er Cru 'Clos des Chênes' 2021,France,259,4.1,images/Domaine_Jean_Marc_Bouley_Volnay_1er_Cru_Clos_des_C.png,images/bottle_Domaine_Jean_Marc_Bouley_Volnay_1er_Cru_Clo.png,Volnay 1er Cru 'Clos des Chênes',Domaine Jean-Marc Bouley,"earth, oak, red fruit, spices, non oak, black fruit, microbio, floral, dried fruit, citrus fruit, vegetal","Beef, Veal, Game (deer, venison), Poultry",Pinot Noir
Doudet Naudin Maranges 1er Cru 'Clos Roussots' 2021,France,35.99,3.9,images/Doudet_Naudin_Maranges_1er_Cru_Clos_Roussots_2021.png,images/bottle_Doudet_Naudin_Maranges_1er_Cru_Clos_Roussot.png,Maranges 1er Cru 'Les Clos Roussots',Doudet Naudin,"red fruit, black fruit, earth, spices, oak, non oak, dried fruit, floral, vegetal, microbio","Beef, Veal, Game (deer, venison), Poultry",Pinot Noir
Kalaris Pinot Noir 2016,United States,26,4.2,images/Kalaris_Pinot_Noir_2016.png,images/bottle_Kalaris_Pinot_Noir_2016.png,Sonoma Coast,Kalaris,"red fruit, earth, oak, non oak, spices, microbio, black fruit, citrus fruit, floral, dried fruit","Veal, Pork, Poultry, Mushrooms",Pinot Noir
Viña Emiliana Primo Nebbiolo 2021,Mexico,45.99,3.9,images/Via_Emiliana_Primo_Nebbiolo_2021.jpg,,Valle de Guadalupe,Viña Emiliana,"earth, oak, non oak, black fruit, red fruit, floral","Beef, Lamb, Game (deer, venison), Poultry",Nebbiolo
Rivella Serafino Montestefano Barbaresco 2014,Italy,70,4.3,images/Rivella_Serafino_Montestefano_Barbaresco_2014.png,images/bottle_Rivella_Serafino_Montestefano_Barbaresco_20.png,Barbaresco,Rivella Serafino,"earth, oak, red fruit, non oak, spices, floral, black fruit, microbio, citrus fruit, vegetal, dried fruit, tree fruit","Beef, Pasta, Lamb, Game (deer, venison)",Nebbiolo
Olivier Bernstein Mazis-Chambertin Grand Cru 2017,France,899.99,4.3,images/Olivier_Bernstein_Mazis_Chambertin_Grand_Cru_2017.png,images/bottle_Olivier_Bernstein_Mazis_Chambertin_Grand_Cr.png,Mazis-Chambertin Grand Cru,Olivier Bernstein,"red fruit, microbio, floral, black fruit, non oak, oak, spices, earth, tree fruit","Beef, Veal, Game (deer, venison), Poultry",Pinot Noir
EIEIO & Company Cuvée E Pinot Noir 2018,United States,50,4.2,images/EIEIO_Company_Cuve_E_Pinot_Noir_2018.jpg,,Willamette Valley,EIEIO & Company,"red fruit, earth, oak, non oak, black fruit, microbio, spices, floral, dried fruit, tree fruit, citrus fruit, vegetal","Beef, Veal, Game (deer, venison), Poultry",Pinot Noir
Brezza Cannubi Barolo 2015,Italy,55.21,4.2,images/Brezza_Cannubi_Barolo_2015.png,images/bottle_Brezza_Cannubi_Barolo_2015.png,Barolo,Brezza,"earth, oak, red fruit, spices, non oak, black fruit, floral, microbio, dried fruit, vegetal, citrus fruit, tree fruit, tropical fruit","Beef, Pasta, Lamb, Game (deer, venison)",Nebbiolo
Domaine des Comtes Lafon Volnay Clos des Chênes Premier Cru 1996,France,268,4.3,images/Domaine_des_Comtes_Lafon_Volnay_Clos_des_Chnes_Pre.png,images/bottle_Domaine_des_Comtes_Lafon_Volnay_Clos_des_Ch.png,Volnay Premier Cru,Domaine des Comtes Lafon,"red fruit, oak, earth, black fruit, non oak, spices, floral, microbio, vegetal, dried fruit","Beef, Veal, Game (deer, venison), Poultry",Pinot Noir
Domaine Anne et Herve Sigaut Vieilles Vignes Chambolle-Musigny 'Les Bussières' 2021,France,132.99,4.1,images/Domaine_Anne_et_Herve_Sigaut_Vieilles_Vignes_Chamb.png,images/bottle_Domaine_Anne_et_Herve_Sigaut_Vieilles_Vigne.png,Chambolle-Musigny,Domaine Anne et Herve Sigaut,"red fruit, earth, oak, spices, non oak, black fruit, microbio, floral, dried fruit, citrus fruit, vegetal","Beef, Veal, Game (deer, venison), Poultry",Pinot Noir
Domaine G. Roumier Chambolle-Musigny 2009,France,475,4.3,images/Domaine_G_Roumier_Chambolle_Musigny_2009.png,images/bottle_Domaine_G_Roumier_Chambolle_Musigny_2009.png,Chambolle-Musigny,Domaine G. Roumier,"red fruit, earth, oak, non oak, black fruit, floral, microbio, spices, citrus fruit, dried fruit, vegetal, tree fruit, tropical fruit","Beef, Veal, Game (deer, venison), Poultry",Pinot Noir
Louis Latour Domaine Latour Corton Grand Cru 2000,France,75,3.9,images/Louis_Latour_Domaine_Latour_Corton_Grand_Cru_2000.png,images/bottle_Louis_Latour_Domaine_Latour_Corton_Grand_Cr.png,Corton Grand Cru,Louis Latour,"red fruit, earth, oak, non oak, spices, microbio, black fruit, vegetal, floral, dried fruit, citrus fruit, tree fruit, tropical fruit","Beef, Veal, Game (deer, venison), Poultry",Pinot Noir
Highlands 41 Pinot Noir 2022,United States,15,3.4,images/Highlands_41_Pinot_Noir_2022.png,images/bottle_Highlands_41_Pinot_Noir_2022.png,Monterey County,Highlands 41,"red fruit, oak, earth, black fruit, non oak, spices, vegetal, microbio, tree fruit, floral","Beef, Veal, Game (deer, venison), Poultry",Pinot Noir
de Lancellotti Famiglia Pinot Noir 2022,United States,55,4.2,images/de_Lancellotti_Famiglia_Pinot_Noir_2022.png,images/bottle_de_Lancellotti_Famiglia_Pinot_Noir_2022.png,Willamette Valley,de Lancellotti,"earth, red fruit, oak, microbio, non oak, black fruit, spices, tree fruit, vegetal, tropical fruit","Beef, Veal, Game (deer, venison), Poultry",Pinot Noir
Domaine Drouhin-Laroze Chambolle-Musigny 2012,France,99,3.9,images/Domaine_Drouhin_Laroze_Chambolle_Musigny_2012.png,images/bottle_Domaine_Drouhin_Laroze_Chambolle_Musigny_20.png,Chambolle-Musigny,Domaine Drouhin-Laroze,"red fruit, earth, oak, non oak, black fruit, spices, floral, dried fruit, citrus fruit, microbio","Beef, Veal, Game (deer, venison), Poultry",Pinot Noir
Esk Valley Chenin Blanc 2023,New Zealand,26.99,3.7,images/Esk_Valley_Chenin_Blanc_2023.png,images/bottle_Esk_Valley_Chenin_Blanc_2023.png,Hawke's Bay,Esk Valley,"earth, tree fruit, citrus fruit, tropical fruit, microbio, oak, vegetal, non oak, black fruit, dried fruit, floral",,
Jean Noël Gagnard L'Estimée 2022,France,74.99,3.9,images/Jean_Nol_Gagnard_LEstime_2022.png,images/bottle_Jean_Nol_Gagnard_LEstime_2022.png,Chassagne-Montrachet,Jean Noël Gagnard,"red fruit, black fruit, spices, floral, earth, vegetal, non oak, dried fruit, oak","Beef, Veal, Game (deer, venison), Poultry",Pinot Noir
Louis Jadot Chambertin Grand Cru 1995,France,415,4.3,images/Louis_Jadot_Chambertin_Grand_Cru_1995.png,images/bottle_Louis_Jadot_Chambertin_Grand_Cru_1995.png,Chambertin Grand Cru,Louis Jadot,"red fruit, oak, earth, black fruit, spices, non oak, microbio, floral","Beef, Veal, Game (deer, venison), Poultry",Pinot Noir
Dominique Lafon Beaune 1er Cru 'Les Épenottes' 2021,France,102,4.1,images/Dominique_Lafon_Beaune_1er_Cru_Les_penottes_2021.png,images/bottle_Dominique_Lafon_Beaune_1er_Cru_Les_penottes.png,Beaune 1er Cru 'Les Épenotes',Dominique Lafon,"oak, spices, red fruit, black fruit, microbio, earth, non oak, floral","Beef, Veal, Game (deer, venison), Poultry",Pinot Noir
Brovia Rocche di Castiglione Barolo 2017,Italy,113,4.4,images/Brovia_Rocche_di_Castiglione_Barolo_2017.png,images/bottle_Brovia_Rocche_di_Castiglione_Barolo_2017.png,Barolo,Brovia,"earth, red fruit, oak, non oak, spices, black fruit, floral, microbio, dried fruit, vegetal, citrus fruit","Beef, Pasta, Lamb, Game (deer, venison)",Nebbiolo
Tyler Mae Estate Pinot Noir 2022,United States,83,4.2,images/Tyler_Mae_Estate_Pinot_Noir_2022.png,images/bottle_Tyler_Mae_Estate_Pinot_Noir_2022.png,Sta. Rita Hills,Tyler,"red fruit, oak, earth, non oak, spices, microbio, citrus fruit, floral, black fruit, dried fruit, tree fruit","Veal, Pork, Poultry, Mushrooms",Pinot Noir
Anthill Farms Hawk Hill Vineyard Pinot Noir 2021,United States,49,4.2,images/Anthill_Farms_Hawk_Hill_Vineyard_Pinot_Noir_2021.png,images/bottle_Anthill_Farms_Hawk_Hill_Vineyard_Pinot_Noir.png,Sonoma Coast,Anthill Farms,"red fruit, earth, oak, spices, non oak, microbio, black fruit","Veal, Pork, Poultry, Mushrooms",Pinot Noir
Chateau Ste. Michelle Gewürztraminer 2022,United States,10.99,3.9,images/Chateau_Ste_Michelle_Gewrztraminer_2022.png,images/bottle_Chateau_Ste_Michelle_Gewrztraminer_2022.png,Columbia Valley,Chateau Ste. Michelle,"tree fruit, citrus fruit, earth, tropical fruit, oak, spices, non oak, microbio, floral, vegetal, red fruit, black fruit, dried fruit","Pork, Rich fish (salmon, tuna etc), Spicy food, Poultry, Mild and soft cheese",Gewürztraminer
Harmonique Delicacé Pinot Noir 2011,United States,46,4.2,images/Harmonique_Delicac_Pinot_Noir_2011.jpg,,Anderson Valley,Harmonique,"red fruit, oak, earth, non oak, black fruit, spices, vegetal, dried fruit, floral, microbio","Veal, Pork, Poultry, Mushrooms",Pinot Noir
Talisman Red Dog Vineyard Pinot Noir 2007,United States,95,4.1,images/Talisman_Red_Dog_Vineyard_Pinot_Noir_2007.png,images/bottle_Talisman_Red_Dog_Vineyard_Pinot_Noir_2007.png,Sonoma Mountain,Talisman,"red fruit, oak, earth, non oak, black fruit, spices, microbio","Beef, Veal, Game (deer, venison), Poultry",Pinot Noir
Bruno Giacosa Nebbiolo d’alba 2021,Italy,53,4.1,images/Bruno_Giacosa_Nebbiolo_dalba_2021.png,images/bottle_Bruno_Giacosa_Nebbiolo_dalba_2021.png,Piemonte,Bruno Giacosa,"red fruit, oak, earth, non oak, spices, black fruit, microbio, floral, vegetal, citrus fruit, dried fruit, tropical fruit, tree fruit","Beef, Lamb, Game (deer, venison), Poultry",Nebbiolo
Marcarini Brunate Barolo 2015,Italy,56.39,4.1,images/Marcarini_Brunate_Barolo_2015.png,images/bottle_Marcarini_Brunate_Barolo_2015.png,Barolo,Marcarini,"earth, oak, red fruit, spices, non oak, black fruit, microbio, floral, dried fruit, citrus fruit, vegetal, tree fruit, tropical fruit","Beef, Pasta, Lamb, Game (deer, venison)",Nebbiolo
Scar Of The Sea Pinot Noir 2024,United States,39,4.1,images/Scar_Of_The_Sea_Pinot_Noir_2024.png,images/bottle_Scar_Of_The_Sea_Pinot_Noir_2024.png,Santa Barbara County,Scar Of The Sea,"red fruit, earth, oak, non oak, spices, vegetal, black fruit, microbio, floral, dried fruit","Beef, Veal, Game (deer, venison), Poultry",Pinot Noir
Ca' Rome' Barolo Vigna Cerretta 2017,Italy,99.99,4.2,images/Ca_Rome_Barolo_Vigna_Cerretta_2017.png,images/bottle_Ca_Rome_Barolo_Vigna_Cerretta_2017.png,Barolo,Ca' Rome',"earth, oak, non oak, red fruit, spices, black fruit, floral, vegetal, microbio, dried fruit","Beef, Pasta, Lamb, Game (deer, venison)",Nebbiolo
Petitot Jean Vieille Vigne Ladoix 2023,France,45.99,3.9,images/Petitot_Jean_Vieille_Vigne_Ladoix_2023.png,images/bottle_Petitot_Jean_Vieille_Vigne_Ladoix_2023.png,Ladoix,Petitot Jean,"red fruit, microbio, oak, earth, spices, non oak, black fruit, tree fruit, vegetal","Beef, Veal, Game (deer, venison), Poultry",Pinot Noir
Mongeard-Mugneret Grands-Echezeaux Grand Cru 2015,France,400,4.6,images/Mongeard_Mugneret_Grands_Echezeaux_Grand_Cru_2015.png,images/bottle_Mongeard_Mugneret_Grands_Echezeaux_Grand_Cr.png,Grands-Échezeaux Grand Cru,Mongeard-Mugneret,"red fruit, oak, earth, non oak, spices, black fruit, microbio, floral, vegetal, dried fruit, tree fruit, tropical fruit, citrus fruit","Beef, Veal, Game (deer, venison), Poultry",Pinot Noir
J. Lohr Vineyards & Wines Estates Falcon's Perch Pinot Noir 2021,United States,16.99,3.8,images/J_Lohr_Vineyards_Wines_Estates_Falcons_Perch_Pinot.png,images/bottle_J_Lohr_Vineyards_Wines_Estates_Falcons_Perc.png,Monterey County,J. Lohr Vineyards & Wines,"red fruit, oak, non oak, spices, black fruit, earth, microbio, dried fruit, floral, citrus fruit, vegetal, tree fruit, tropical fruit","Beef, Veal, Game (deer, venison), Poultry",Pinot Noir
G.D. Vajra Rosabella Rosato 2024,Italy,18.99,4,images/GD_Vajra_Rosabella_Rosato_2024.png,images/bottle_GD_Vajra_Rosabella_Rosato_2024.png,Piemonte,G.D. Vajra,"red fruit, citrus fruit, vegetal, earth, tree fruit, floral, spices, microbio, oak, black fruit, non oak, tropical fruit","Shellfish, Mature and hard cheese, Appetizers and snacks, Lean fish, Mild and soft cheese, Cured Meat",
Poppy Pinot Noir 2021,United States,16.99,3.6,images/Poppy_Pinot_Noir_2021.png,images/bottle_Poppy_Pinot_Noir_2021.png,Monterey County,Poppy,"red fruit, oak, earth, non oak, spices, black fruit, microbio, vegetal, dried fruit, citrus fruit, floral, tree fruit, tropical fruit","Beef, Veal, Game (deer, venison), Poultry",Pinot Noir
Kuentz-Bas Tradition Crémant d'Alsace Brut,France,26.99,3.8,images/Kuentz_Bas_Tradition_Crmant_dAlsace_Brut.png,images/bottle_Kuentz_Bas_Tradition_Crmant_dAlsace_Brut.png,Crémant d'Alsace,Kuentz-Bas,"tree fruit, microbio, earth, citrus fruit, oak, non oak, vegetal, red fruit, tropical fruit, spices","Shellfish, Poultry, Appetizers and snacks, Lean fish, Aperitif","Chardonnay, Pinot Gris, Pinot Noir, Roussanne, Pinot Blanc, Auxerrois"
Guiberteau Saumur Blanc 2020,France,80,3.9,images/Guiberteau_Saumur_Blanc_2020.png,images/bottle_Guiberteau_Saumur_Blanc_2020.png,Saumur,Guiberteau,"earth, tree fruit, citrus fruit, vegetal, microbio, oak, non oak, spices, floral, tropical fruit, red fruit, black fruit","Rich fish (salmon, tuna etc), Vegetarian, Poultry, Mild and soft cheese",Chenin Blanc
Bertrand Ambroise Vosne-Romanée 'Aux Damaudes' 2021,France,89.99,4.1,images/Bertrand_Ambroise_Vosne_Romane_Aux_Damaudes_2021.png,images/bottle_Bertrand_Ambroise_Vosne_Romane_Aux_Damaudes.png,Vosne-Romanée,Bertrand Ambroise,"red fruit, spices, earth, oak, non oak, dried fruit, black fruit, microbio","Beef, Veal, Game (deer, venison), Poultry",Pinot Noir
Elio Altare Unoperuno Barolo 2020,Italy,348.99,4.5,images/Elio_Altare_Unoperuno_Barolo_2020.png,images/bottle_Elio_Altare_Unoperuno_Barolo_2020.png,Barolo,Elio Altare,"red fruit, earth, oak, non oak, dried fruit, microbio","Beef, Pasta, Lamb, Game (deer, venison)",Nebbiolo
Soter Vineyards Estates Pinot Noir 2022,United States,60,4.2,images/Soter_Vineyards_Estates_Pinot_Noir_2022.png,images/bottle_Soter_Vineyards_Estates_Pinot_Noir_2022.png,Willamette Valley,Soter Vineyards,"red fruit, oak, black fruit, earth, non oak, spices, floral, microbio, vegetal, dried fruit","Beef, Veal, Game (deer, venison), Poultry",Pinot Noir
Sandrone Nebbiolo d’Alba Valmaggiore 2021,Italy,59.99,4.1,images/Sandrone_Nebbiolo_dAlba_Valmaggiore_2021.png,images/bottle_Sandrone_Nebbiolo_dAlba_Valmaggiore_2021.png,Nebbiolo d'Alba,Sandrone,"red fruit, earth, oak, non oak, spices, black fruit, floral, microbio, dried fruit, vegetal, citrus fruit, tree fruit, tropical fruit","Beef, Lamb, Game (deer, venison), Poultry",Nebbiolo
B Cellars Manzana Vineyard Pinot Noir 2023,United States,90,4.5,images/B_Cellars_Manzana_Vineyard_Pinot_Noir_2023.jpg,,Russian River Valley,B Cellars,"red fruit, oak, non oak, earth, spices, black fruit, microbio, dried fruit","Veal, Pork, Poultry, Mushrooms",Pinot Noir
Tyler Pinot Noir 2022,United States,32.99,4,images/Tyler_Pinot_Noir_2022.png,images/bottle_Tyler_Pinot_Noir_2022.png,Sta. Rita Hills,Tyler,"red fruit, oak, earth, spices, non oak, black fruit, microbio, vegetal, citrus fruit, tree fruit, floral, dried fruit, tropical fruit","Veal, Pork, Poultry, Mushrooms",Pinot Noir
Gaspard Chenin Blanc 2023,France,16.99,4,images/Gaspard_Chenin_Blanc_2023.jpg,,Loire Valley,Gaspard,"citrus fruit, earth, tree fruit, microbio, oak, non oak, tropical fruit, spices, floral, vegetal","Rich fish (salmon, tuna etc), Vegetarian, Poultry, Mild and soft cheese",Chenin Blanc
Domaine Jean-Marc Bouley Beaune 1er Cru 'Les Reversées' 2021,France,135,4,images/Domaine_Jean_Marc_Bouley_Beaune_1er_Cru_Les_Revers.png,images/bottle_Domaine_Jean_Marc_Bouley_Beaune_1er_Cru_Les.png,Beaune 1er Cru 'Les Reversées',Domaine Jean-Marc Bouley,"oak, red fruit, earth, non oak, spices, black fruit, floral, citrus fruit, microbio","Beef, Veal, Game (deer, venison), Poultry",Pinot Noir
Bethel Heights Casteel Pinot Noir 2022,United States,89.99,4.3,images/Bethel_Heights_Casteel_Pinot_Noir_2022.png,images/bottle_Bethel_Heights_Casteel_Pinot_Noir_2022.png,Eola-Amity Hills,Bethel Heights,"oak, red fruit, earth, black fruit, non oak, spices, vegetal, microbio, citrus fruit, dried fruit, tree fruit, floral","Beef, Veal, Game (deer, venison), Poultry",Pinot Noir
Gérard Mugneret Chambolle-Musigny 1er Cru 'Les Charmes' 2022,France,304,4.3,images/Grard_Mugneret_Chambolle_Musigny_1er_Cru_Les_Charm.png,images/bottle_Grard_Mugneret_Chambolle_Musigny_1er_Cru_Le.png,Chambolle-Musigny 1er Cru 'Les Charmes',Gérard Mugneret,"red fruit, black fruit, earth, oak, spices, floral, non oak","Beef, Veal, Game (deer, venison), Poultry",Pinot Noir
Gaja Gromis Barolo 1971,Italy,690,4.4,images/Gaja_Gromis_Barolo_1971.png,images/bottle_Gaja_Gromis_Barolo_1971.png,Barolo,Gaja,"oak, non oak, red fruit, earth, spices, floral, microbio, black fruit, citrus fruit, vegetal, dried fruit","Beef, Pasta, Lamb, Game (deer, venison)",Nebbiolo
Sandrone Barolo Cannubi Boschis 2004,Italy,240,4.4,images/Sandrone_Barolo_Cannubi_Boschis_2004.png,images/bottle_Sandrone_Barolo_Cannubi_Boschis_2004.png,Barolo,Sandrone,"earth, oak, red fruit, non oak, spices, black fruit, microbio, floral, dried fruit, vegetal, citrus fruit, tropical fruit","Beef, Pasta, Lamb, Game (deer, venison)",Nebbiolo
Guy & Yvan Dufouleur Pommard 'Les Vaumuriens' 2020,France,79.99,4,images/Guy_Yvan_Dufouleur_Pommard_Les_Vaumuriens_2020.png,images/bottle_Guy_Yvan_Dufouleur_Pommard_Les_Vaumuriens_2.png,Pommard,Guy & Yvan Dufouleur,"red fruit, black fruit, spices, earth, oak, microbio, non oak","Beef, Veal, Game (deer, venison), Poultry",Pinot Noir
Domaine Faiveley Mercurey Clos Rond 2020,France,40,3.7,images/Domaine_Faiveley_Mercurey_Clos_Rond_2020.png,images/bottle_Domaine_Faiveley_Mercurey_Clos_Rond_2020.png,Mercurey,Domaine Faiveley,"red fruit, earth, oak, spices, non oak, floral, dried fruit, black fruit, citrus fruit, microbio","Beef, Veal, Game (deer, venison), Poultry",Pinot Noir
Marchand Grillot Gevrey Chambertin 'En Créot' 2018,France,79.99,4,images/Marchand_Grillot_Gevrey_Chambertin_En_Crot_2018.png,images/bottle_Marchand_Grillot_Gevrey_Chambertin_En_Crot_.png,Gevrey-Chambertin,Marchand Grillot,"red fruit, earth, oak, black fruit, spices, microbio, non oak, dried fruit, floral, vegetal","Beef, Veal, Game (deer, venison), Poultry",Pinot Noir
Grapesmith & Crusher Pinot Noir 2022,United States,20.99,3.8,images/Grapesmith_Crusher_Pinot_Noir_2022.png,images/bottle_Grapesmith_Crusher_Pinot_Noir_2022.png,Willamette Valley,Grapesmith & Crusher,"red fruit, earth, black fruit, oak, spices, non oak, dried fruit, citrus fruit, floral, microbio","Beef, Veal, Game (deer, venison), Poultry",Pinot Noir
Ancien Fiddlestix Vineyard Pinot Noir 2022,United States,67,4.2,images/Ancien_Fiddlestix_Vineyard_Pinot_Noir_2022.png,images/bottle_Ancien_Fiddlestix_Vineyard_Pinot_Noir_2022.png,Sta. Rita Hills,Ancien,"red fruit, oak, spices, black fruit, non oak, earth, microbio, citrus fruit, floral","Veal, Pork, Poultry, Mushrooms",Pinot Noir
Emmanuel Rouget Savigny Les Beaune 2018,France,330,4.1,images/Emmanuel_Rouget_Savigny_Les_Beaune_2018.png,images/bottle_Emmanuel_Rouget_Savigny_Les_Beaune_2018.png,Savigny-lès-Beaune,Emmanuel Rouget,"red fruit, oak, floral, non oak, spices, earth, black fruit, microbio","Beef, Veal, Game (deer, venison), Poultry",Pinot Noir
Pira Luigi Barolo Marenca 2015,Italy,62.26,4.3,images/Pira_Luigi_Barolo_Marenca_2015.png,images/bottle_Pira_Luigi_Barolo_Marenca_2015.png,Barolo,Pira Luigi,"oak, earth, red fruit, non oak, spices, black fruit, microbio, dried fruit, vegetal, floral, citrus fruit, tree fruit, tropical fruit","Beef, Pasta, Lamb, Game (deer, venison)",Nebbiolo
Sierra del Mar Vineyard Pinot Noir 2021,United States,60,3.7,images/Sierra_del_Mar_Vineyard_Pinot_Noir_2021.png,images/bottle_Sierra_del_Mar_Vineyard_Pinot_Noir_2021.png,Clarksburg,Sierra del Mar Vineyard,"red fruit, oak, earth, spices, non oak, dried fruit, citrus fruit, black fruit, tree fruit, microbio","Beef, Veal, Game (deer, venison), Poultry",Pinot Noir
Domaine Fourrier Vieille Vigne Gevrey Chambertin 1er Cru Les Champeaux 2016,France,250,4.3,images/Domaine_Fourrier_Vieille_Vigne_Gevrey_Chambertin_1.png,images/bottle_Domaine_Fourrier_Vieille_Vigne_Gevrey_Chamb.png,Gevrey-Chambertin 1er Cru 'Champeaux',Domaine Fourrier,"red fruit, earth, black fruit, oak, non oak, spices, tropical fruit, vegetal, microbio","Beef, Veal, Game (deer, venison), Poultry",Pinot Noir
Borgogno Barbaresco Riserva 1947,Italy,660,4,images/Borgogno_Barbaresco_Riserva_1947.png,images/bottle_Borgogno_Barbaresco_Riserva_1947.png,Barbaresco,Borgogno,"oak, earth, black fruit, non oak, red fruit, dried fruit, microbio, spices, floral, vegetal, tree fruit, citrus fruit","Beef, Pasta, Lamb, Game (deer, venison)",Nebbiolo
Demetria Cuvée Sandra Pinot Noir 2022,United States,85,4.3,images/Demetria_Cuve_Sandra_Pinot_Noir_2022.jpg,,Sta. Rita Hills,Demetria,"red fruit, oak, earth, non oak, spices, black fruit, vegetal, microbio","Veal, Pork, Poultry, Mushrooms",Pinot Noir
Mountford Estate Liaison Pinot Noir 2019,New Zealand,31.99,3.9,images/Mountford_Estate_Liaison_Pinot_Noir_2019.png,images/bottle_Mountford_Estate_Liaison_Pinot_Noir_2019.png,Canterbury,Mountford Estate,"red fruit, oak, earth, non oak, spices, microbio, black fruit, vegetal, dried fruit, floral, citrus fruit, tree fruit, tropical fruit","Beef, Veal, Game (deer, venison), Poultry",Pinot Noir
Prince Florent de Mérode Corton Clos du Roi Grand Cru 1989,France,480,4.3,images/Prince_Florent_de_Mrode_Corton_Clos_du_Roi_Grand_C.png,images/bottle_Prince_Florent_de_Mrode_Corton_Clos_du_Roi_.png,Corton Grand Cru 'Clos du Roi',Prince Florent de Mérode,"earth, non oak, oak, red fruit, spices, microbio, black fruit, dried fruit","Beef, Veal, Game (deer, venison), Poultry",Pinot Noir
B Wise Nobles Vineyard Pinot Noir 2019,United States,195,4.5,images/B_Wise_Nobles_Vineyard_Pinot_Noir_2019.jpg,,Fort Ross-Seaview,B Wise,"red fruit, earth, oak, non oak, black fruit, tree fruit, spices, floral, vegetal","Beef, Veal, Game (deer, venison), Poultry",Pinot Noir
Meyer - Näkel Spätburgunder 2021,Germany,47.99,4,images/Meyer_Nkel_Sptburgunder_2021.png,images/bottle_Meyer_Nkel_Sptburgunder_2021.png,Ahr,Meyer - Näkel,"red fruit, earth, oak, non oak, spices, black fruit, microbio, floral, vegetal, citrus fruit, tree fruit, dried fruit, tropical fruit","Beef, Veal, Game (deer, venison), Poultry",Pinot Noir
Failla Pinot Noir 2022,United States,39,4.1,images/Failla_Pinot_Noir_2022.png,images/bottle_Failla_Pinot_Noir_2022.png,Sonoma Coast,Failla,"red fruit, oak, earth, non oak, spices, black fruit, microbio, vegetal, floral, dried fruit, citrus fruit, tree fruit, tropical fruit","Veal, Pork, Poultry, Mushrooms",Pinot Noir
Capiaux Cellars Widdoes Vineyard Pinot Noir 2022,United States,53.99,4.2,images/Capiaux_Cellars_Widdoes_Vineyard_Pinot_Noir_2022.png,images/bottle_Capiaux_Cellars_Widdoes_Vineyard_Pinot_Noir.png,Russian River Valley,Capiaux Cellars,"red fruit, oak, spices, earth, black fruit, non oak, dried fruit, tropical fruit, floral, vegetal, microbio","Veal, Pork, Poultry, Mushrooms",Pinot Noir
Manincor Mason Pinot Nero 2020,Italy,57.99,4.2,images/Manincor_Mason_Pinot_Nero_2020.png,images/bottle_Manincor_Mason_Pinot_Nero_2020.png,Südtirol - Alto Adige,Manincor,"red fruit, oak, spices, earth, non oak, black fruit, floral, microbio, citrus fruit, dried fruit, vegetal, tree fruit","Beef, Veal, Game (deer, venison), Poultry",Pinot Noir
Elvio Cogno Barolo Ravera 2018,Italy,89.99,4.2,images/Elvio_Cogno_Barolo_Ravera_2018.png,images/bottle_Elvio_Cogno_Barolo_Ravera_2018.png,Barolo,Elvio Cogno,"earth, oak, red fruit, non oak, spices, black fruit, microbio, floral, dried fruit, citrus fruit, vegetal, tree fruit, tropical fruit","Beef, Pasta, Lamb, Game (deer, venison)",Nebbiolo
Ghislaine Barthod Chambolle-Musigny 1er Cru 'Les Charmes' 2021,France,217,4.2,images/Ghislaine_Barthod_Chambolle_Musigny_1er_Cru_Les_Ch.png,images/bottle_Ghislaine_Barthod_Chambolle_Musigny_1er_Cru.png,Chambolle-Musigny 1er Cru 'Les Charmes',Ghislaine Barthod,"red fruit, earth, oak, spices, black fruit, dried fruit, non oak, floral, vegetal","Beef, Veal, Game (deer, venison), Poultry",Pinot Noir
Château d'Esclans The Pale Rosé 2023,France,15.99,3.8,images/Chteau_dEsclans_The_Pale_Ros_2023.png,images/bottle_Chteau_dEsclans_The_Pale_Ros_2023.png,Provence,Château d'Esclans,"red fruit, tree fruit, citrus fruit, earth, microbio, floral, vegetal, non oak, spices, oak, tropical fruit","Pork, Shellfish, Vegetarian, Poultry","Shiraz/Syrah, Grenache, Cinsault"
Elio Grasso Barolo Ginestra Casa Maté 2016,Italy,103.37,4.4,images/Elio_Grasso_Barolo_Ginestra_Casa_Mat_2016.png,images/bottle_Elio_Grasso_Barolo_Ginestra_Casa_Mat_2016.png,Barolo,Elio Grasso,"earth, oak, red fruit, spices, non oak, black fruit, microbio, floral, dried fruit, citrus fruit, vegetal, tropical fruit, tree fruit","Beef, Pasta, Lamb, Game (deer, venison)",Nebbiolo
Withers English Hill Pinot Noir 2019,United States,49.99,4.2,images/Withers_English_Hill_Pinot_Noir_2019.png,images/bottle_Withers_English_Hill_Pinot_Noir_2019.png,Sonoma Coast,Withers,"red fruit, earth, oak, black fruit, non oak, spices, microbio","Veal, Pork, Poultry, Mushrooms",Pinot Noir
L'Usine Pinot Noir 2018,United States,60,4.2,images/LUsine_Pinot_Noir_2018.png,images/bottle_LUsine_Pinot_Noir_2018.png,Sta. Rita Hills,L'Usine,"oak, black fruit, red fruit, non oak, spices, earth, dried fruit, microbio, citrus fruit, floral","Veal, Pork, Poultry, Mushrooms",Pinot Noir
Rocche dei Barbari Alivio Barbaresco Riserva 2009,Italy,246,4.2,images/Rocche_dei_Barbari_Alivio_Barbaresco_Riserva_2009.png,images/bottle_Rocche_dei_Barbari_Alivio_Barbaresco_Riserv.png,Barbaresco,Rocche dei Barbari,"oak, earth, non oak, red fruit, spices, black fruit, microbio, floral, citrus fruit, tropical fruit, vegetal, dried fruit, tree fruit","Beef, Pasta, Lamb, Game (deer, venison)",Nebbiolo
DAOU Discovery Collection Rosé 2021,United States,19.99,4,images/DAOU_Discovery_Collection_Ros_2021.png,images/bottle_DAOU_Discovery_Collection_Ros_2021.png,Paso Robles,DAOU,"tree fruit, red fruit, citrus fruit, earth, tropical fruit, microbio, oak, floral, non oak, vegetal, spices","Shellfish, Spicy food, Appetizers and snacks, Fruity desserts, Aperitif","Shiraz/Syrah, Cabernet Sauvignon, Pinot Noir, Sangiovese, Zinfandel, Barbera"
Domenico Clerico Nebbiolo Langhe Capisme-e 2021,Italy,30.99,4,images/Domenico_Clerico_Nebbiolo_Langhe_Capisme_e_2021.png,images/bottle_Domenico_Clerico_Nebbiolo_Langhe_Capisme_e_.png,Langhe,Domenico Clerico,"red fruit, oak, earth, non oak, black fruit, spices, dried fruit, microbio, floral, vegetal, tree fruit","Beef, Lamb, Game (deer, venison), Poultry",Nebbiolo
Domaine Perrot-Minot Chambertin Grand Cru (Vieilles Vignes) 2014,France,540,4.4,images/Domaine_Perrot_Minot_Chambertin_Grand_Cru_Vieilles.png,images/bottle_Domaine_Perrot_Minot_Chambertin_Grand_Cru_V.png,Chambertin Grand Cru,Domaine Perrot-Minot,"red fruit, earth, oak, non oak, spices, microbio, black fruit, citrus fruit","Beef, Veal, Game (deer, venison), Poultry",Pinot Noir
Martin Woods Hyland Vineyard Pinot Noir 2022,United States,62.99,4.3,images/Martin_Woods_Hyland_Vineyard_Pinot_Noir_2022.png,images/bottle_Martin_Woods_Hyland_Vineyard_Pinot_Noir_202.png,Willamette Valley,Martin Woods,"earth, red fruit, oak, non oak, microbio, black fruit, tree fruit, spices","Beef, Veal, Game (deer, venison), Poultry",Pinot Noir
Domaine Berthaut-Gerbet Vosne-Romanée Premier Cru Les Petits Monts 2022,France,315,4.4,images/Domaine_Berthaut_Gerbet_Vosne_Romane_Premier_Cru_L.png,images/bottle_Domaine_Berthaut_Gerbet_Vosne_Romane_Premie.png,Vosne-Romanée 1er Cru 'Les Petits Monts',Domaine Berthaut-Gerbet,"red fruit, oak, earth, non oak, spices, floral, black fruit, vegetal, microbio","Beef, Veal, Game (deer, venison), Poultry",Pinot Noir
Albert Bichot Charmes-Chambertin Grand Cru 1971,France,700,4.3,images/Albert_Bichot_Charmes_Chambertin_Grand_Cru_1971.png,images/bottle_Albert_Bichot_Charmes_Chambertin_Grand_Cru_.png,Charmes-Chambertin Grand Cru,Albert Bichot,"red fruit, floral, earth, black fruit, spices, oak, dried fruit, tropical fruit, citrus fruit, non oak","Beef, Veal, Game (deer, venison), Poultry",Pinot Noir
Alto Moncayo Garnacha 2021,Spain,49.99,4.3,images/Alto_Moncayo_Garnacha_2021.png,images/bottle_Alto_Moncayo_Garnacha_2021.png,Campo de Borja,Alto Moncayo,"oak, black fruit, non oak, spices, earth, red fruit, dried fruit, microbio, floral, vegetal, citrus fruit, tree fruit, tropical fruit","Beef, Pasta, Lamb, Game (deer, venison), Poultry",Grenache
Segal's Fusion Dry Red 2021,Israel,15.99,3.5,images/Segals_Fusion_Dry_Red_2021.png,images/bottle_Segals_Fusion_Dry_Red_2021.png,Upper Galilee,Segal's,"black fruit, red fruit, spices, oak, non oak, earth, microbio, dried fruit","Beef, Lamb, Veal, Game (deer, venison), Poultry",
Laimburg Gewürztraminer Elyónd 2003,Italy,18.8,3.9,images/Laimburg_Gewrztraminer_Elynd_2003.png,images/bottle_Laimburg_Gewrztraminer_Elynd_2003.png,Südtirol - Alto Adige,Laimburg,"non oak, oak, dried fruit, tropical fruit, citrus fruit, spices, earth, tree fruit, floral, vegetal, microbio","Pork, Rich fish (salmon, tuna etc), Spicy food, Poultry, Mild and soft cheese",Gewürztraminer
Álvaro Palacios Vi de Vila Gratallops 2021,Spain,69.99,4.3,images/lvaro_Palacios_Vi_de_Vila_Gratallops_2021.png,images/bottle_lvaro_Palacios_Vi_de_Vila_Gratallops_2021.png,Priorat,Álvaro Palacios,"oak, earth, black fruit, red fruit, spices, non oak, floral, microbio, dried fruit, vegetal, citrus fruit, tree fruit, tropical fruit","Beef, Lamb, Game (deer, venison), Poultry","Shiraz/Syrah, Cabernet Sauvignon, Grenache, Carignan"
Domaine Sylvain Cathiard Vosne-Romanée 1er Cru 'En Orveaux' 2022,France,729,4.3,images/Domaine_Sylvain_Cathiard_Vosne_Romane_1er_Cru_En_O.png,images/bottle_Domaine_Sylvain_Cathiard_Vosne_Romane_1er_C.png,Vosne-Romanée 1er Cru 'En Orveaux',Domaine Sylvain Cathiard,"red fruit, oak, earth, spices, black fruit, non oak, floral, dried fruit, microbio","Beef, Veal, Game (deer, venison), Poultry",Pinot Noir
Domaine de Fondrèche Ventoux 2022,France,19.99,3.9,images/Domaine_de_Fondrche_Ventoux_2022.png,images/bottle_Domaine_de_Fondrche_Ventoux_2022.png,Ventoux,Domaine de Fondrèche,"black fruit, oak, earth, red fruit, spices, non oak, microbio, citrus fruit, dried fruit, tree fruit, vegetal, floral, tropical fruit","Beef, Lamb, Game (deer, venison)","Shiraz/Syrah, Grenache, Mourvedre"
Álvaro Palacios Finca Dofí 2021,Spain,109.99,4.3,images/lvaro_Palacios_Finca_Dof_2021.png,images/bottle_lvaro_Palacios_Finca_Dof_2021.png,Priorat,Álvaro Palacios,"oak, red fruit, black fruit, non oak, spices, earth, microbio, floral, dried fruit, citrus fruit, vegetal, tree fruit, tropical fruit","Beef, Lamb, Game (deer, venison), Poultry","Shiraz/Syrah, Cabernet Sauvignon, Grenache, Carignan"
Massolino Margheria Barolo 2007,Italy,91.63,4.3,images/Massolino_Margheria_Barolo_2007.png,images/bottle_Massolino_Margheria_Barolo_2007.png,Barolo,Massolino,"earth, oak, red fruit, non oak, spices, black fruit, floral, microbio, dried fruit, citrus fruit, vegetal, tropical fruit, tree fruit","Beef, Pasta, Lamb, Game (deer, venison)",Nebbiolo
Red Stitch Soberanes Vineyard Pinot Noir 2022,United States,70,4.4,images/Red_Stitch_Soberanes_Vineyard_Pinot_Noir_2022.png,images/bottle_Red_Stitch_Soberanes_Vineyard_Pinot_Noir_20.png,Santa Lucia Highlands,Red Stitch,"red fruit, oak, earth, black fruit, non oak, dried fruit, citrus fruit, spices, microbio","Veal, Pork, Poultry, Mushrooms",Pinot Noir
Recaredo Intens Rosat Brut Nature 2018,Spain,39.99,4.1,images/Recaredo_Intens_Rosat_Brut_Nature_2018.png,images/bottle_Recaredo_Intens_Rosat_Brut_Nature_2018.png,Penedès,Recaredo,"red fruit, earth, microbio, non oak, oak, black fruit, tree fruit, citrus fruit, spices, floral, dried fruit, vegetal, tropical fruit","Shellfish, Appetizers and snacks, Lean fish, Aperitif, Cured Meat","Xarel-lo, Parellada, Trepat, Viura"
Hartford Court Russian River Valley Pinot Noir 2022,United States,34.99,4.2,images/Hartford_Court_Russian_River_Valley_Pinot_Noir_202.png,images/bottle_Hartford_Court_Russian_River_Valley_Pinot_N.png,Russian River Valley,Hartford Court,"red fruit, oak, black fruit, earth, non oak, spices, microbio, citrus fruit, dried fruit, floral, vegetal, tree fruit, tropical fruit","Veal, Pork, Poultry, Mushrooms",Pinot Noir
Domaine Laurent Cognard Bourgogne Pinot Noir 2020,France,28.99,3.8,images/Domaine_Laurent_Cognard_Bourgogne_Pinot_Noir_2020.png,images/bottle_Domaine_Laurent_Cognard_Bourgogne_Pinot_Noi.png,Bourgogne,Domaine Laurent Cognard,"red fruit, earth, microbio, black fruit, oak, vegetal, non oak","Beef, Veal, Game (deer, venison), Poultry",Pinot Noir
Lauverjat Sancerre  Rosé 2024,France,29.99,4,images/Lauverjat_Sancerre_Ros_2024.png,images/bottle_Lauverjat_Sancerre_Ros_2024.png,Sancerre,Lauverjat,"citrus fruit, red fruit, tree fruit, tropical fruit, earth, floral, vegetal, microbio, oak","Lamb, Rich fish (salmon, tuna etc), Poultry, Mild and soft cheese, Cured Meat",
Nicolas Jay Bishop Creek Pinot Noir 2022,United States,118,4.3,images/Nicolas_Jay_Bishop_Creek_Pinot_Noir_2022.png,images/bottle_Nicolas_Jay_Bishop_Creek_Pinot_Noir_2022.png,Yamhill-Carlton District,Nicolas Jay,"red fruit, earth, oak, black fruit, spices, non oak, floral, dried fruit, microbio, vegetal","Beef, Veal, Game (deer, venison), Poultry",Pinot Noir
Cavallotto Langhe Nebbiolo 2021,Italy,46.99,4.1,images/Cavallotto_Langhe_Nebbiolo_2021.png,images/bottle_Cavallotto_Langhe_Nebbiolo_2021.png,Langhe,Cavallotto,"red fruit, earth, oak, spices, non oak, black fruit, floral, microbio, vegetal, dried fruit, citrus fruit, tree fruit, tropical fruit","Beef, Lamb, Game (deer, venison), Poultry",Nebbiolo
Gérard Boulay Sibylle Sancerre Rosé 2023,France,29.99,4,images/Grard_Boulay_Sibylle_Sancerre_Ros_2023.png,images/bottle_Grard_Boulay_Sibylle_Sancerre_Ros_2023.png,Sancerre,Gérard Boulay,"red fruit, citrus fruit, tree fruit, tropical fruit, spices, earth, non oak, oak","Lamb, Rich fish (salmon, tuna etc), Poultry, Mild and soft cheese, Cured Meat",
Château de Fosse-Sèche Arcane 2020,France,53.99,4.1,images/Chteau_de_Fosse_Sche_Arcane_2020.png,images/bottle_Chteau_de_Fosse_Sche_Arcane_2020.png,Saumur,Château de Fosse-Sèche,"earth, tree fruit, citrus fruit, microbio, non oak, oak, tropical fruit, vegetal, spices, floral, black fruit, dried fruit, red fruit","Rich fish (salmon, tuna etc), Vegetarian, Poultry, Mild and soft cheese",Chenin Blanc
Chacra Cincuenta y Cinco Pinot Noir 2022,Argentina,64.99,4.2,images/Chacra_Cincuenta_y_Cinco_Pinot_Noir_2022.png,images/bottle_Chacra_Cincuenta_y_Cinco_Pinot_Noir_2022.png,Patagonia,Chacra,"red fruit, oak, earth, non oak, spices, black fruit, microbio, floral, dried fruit, vegetal, citrus fruit, tree fruit, tropical fruit","Beef, Veal, Game (deer, venison), Poultry",Pinot Noir
Sylvain Bailly La Louée Sancerre Rosé 2024,France,27.99,4.1,images/Sylvain_Bailly_La_Loue_Sancerre_Ros_2024.png,images/bottle_Sylvain_Bailly_La_Loue_Sancerre_Ros_2024.png,Sancerre,Sylvain Bailly,"citrus fruit, red fruit, earth, oak, tree fruit, non oak, spices, floral","Lamb, Rich fish (salmon, tuna etc), Poultry, Mild and soft cheese, Cured Meat",
Domaine du Pelican Arbois Clos Saint-Laurent Pinot Noir 2023,France,55,4.2,images/Domaine_du_Pelican_Arbois_Clos_Saint_Laurent_Pinot.png,images/bottle_Domaine_du_Pelican_Arbois_Clos_Saint_Lauren.png,Arbois,Domaine du Pelican,"red fruit, earth, spices, black fruit, microbio, oak, non oak, tree fruit, floral, vegetal","Game (deer, venison), Appetizers and snacks, Mushrooms, Mild and soft cheese, Cured Meat","Pinot Noir, Trousseau, Poulsard"
Block Nine Pinot Noir (Caiden's Vineyards) 2022,United States,12.99,3.8,images/Block_Nine_Pinot_Noir_Caidens_Vineyards_2022.png,images/bottle_Block_Nine_Pinot_Noir_Caidens_Vineyards_202.png,California,Block Nine,"red fruit, oak, earth, non oak, spices, black fruit, microbio, dried fruit, floral, vegetal, citrus fruit, tree fruit, tropical fruit","Beef, Veal, Game (deer, venison), Poultry",Pinot Noir
Haegelen-Jayer Vieilles Vignes Clos de Vougeot Grand Cru 2001,France,795,4.4,images/Haegelen_Jayer_Vieilles_Vignes_Clos_de_Vougeot_Gra.png,images/bottle_Haegelen_Jayer_Vieilles_Vignes_Clos_de_Voug.png,Clos Vougeot Grand Cru,Haegelen-Jayer,"earth, red fruit, oak, spices, floral, non oak, microbio, black fruit, vegetal, dried fruit, citrus fruit","Beef, Veal, Game (deer, venison), Poultry",Pinot Noir
Domaine Collotte Cuvée Vieilles Vignes Fixin 'Les Crais de Chéne' 2022,France,69.99,3.9,images/Domaine_Collotte_Cuve_Vieilles_Vignes_Fixin_Les_Cr.png,images/bottle_Domaine_Collotte_Cuve_Vieilles_Vignes_Fixin.png,Fixin,Domaine Collotte,"red fruit, earth, oak, citrus fruit, microbio, black fruit, dried fruit, floral","Beef, Veal, Game (deer, venison), Poultry",Pinot Noir
Lechuza Pluma Nebbiolo 2021,Mexico,36.99,4.1,images/Lechuza_Pluma_Nebbiolo_2021.jpg,,Valle de Guadalupe,Lechuza,"black fruit, earth, oak, non oak, spices, floral, dried fruit, red fruit, vegetal","Beef, Lamb, Game (deer, venison), Poultry",Nebbiolo
El Pino Club Sea Floored Pinot Noir 2021,United States,40,4.2,images/El_Pino_Club_Sea_Floored_Pinot_Noir_2021.png,images/bottle_El_Pino_Club_Sea_Floored_Pinot_Noir_2021.png,Sta. Rita Hills,El Pino Club,"red fruit, earth, non oak, oak, black fruit, spices","Veal, Pork, Poultry, Mushrooms",Pinot Noir
Nino Costa Cabora Nebbiolo 2023,Italy,19.99,3.7,images/Nino_Costa_Cabora_Nebbiolo_2023.png,images/bottle_Nino_Costa_Cabora_Nebbiolo_2023.png,Langhe,Nino Costa,"earth, black fruit, red fruit, oak, dried fruit","Beef, Lamb, Game (deer, venison), Poultry",Nebbiolo
Arnot-Roberts Peter Martin Ray Vineyard Pinot Noir 2022,United States,85,4.2,images/Arnot_Roberts_Peter_Martin_Ray_Vineyard_Pinot_Noir.png,images/bottle_Arnot_Roberts_Peter_Martin_Ray_Vineyard_Pin.png,Santa Cruz Mountains,Arnot-Roberts,"red fruit, earth, vegetal, oak, spices, non oak, black fruit, floral, microbio, tropical fruit, citrus fruit","Beef, Veal, Game (deer, venison), Poultry",Pinot Noir
Voerzio Martini Barolo 2019,Italy,46.99,4.1,images/Voerzio_Martini_Barolo_2019.png,images/bottle_Voerzio_Martini_Barolo_2019.png,Barolo,Voerzio Martini,"oak, earth, non oak, red fruit, spices, black fruit, tree fruit, floral, microbio","Beef, Pasta, Lamb, Game (deer, venison)",Nebbiolo
Elvio Cogno Barolo Cascina Nuova 2019,Italy,68.99,4.1,images/Elvio_Cogno_Barolo_Cascina_Nuova_2019.png,images/bottle_Elvio_Cogno_Barolo_Cascina_Nuova_2019.png,Barolo,Elvio Cogno,"earth, red fruit, oak, non oak, spices, black fruit, floral, microbio, citrus fruit, dried fruit, vegetal, tree fruit, tropical fruit","Beef, Pasta, Lamb, Game (deer, venison)",Nebbiolo
Domaine Arlaud Bourgogne Roncevie 2022,France,44.99,4.1,images/Domaine_Arlaud_Bourgogne_Roncevie_2022.png,images/bottle_Domaine_Arlaud_Bourgogne_Roncevie_2022.png,Bourgogne,Domaine Arlaud,"red fruit, earth, oak, non oak, spices, black fruit, microbio, floral, vegetal, dried fruit, citrus fruit, tree fruit","Beef, Veal, Game (deer, venison), Poultry",Pinot Noir
Roger Sabon Lirac 2021,France,25,3.9,images/Roger_Sabon_Lirac_2021.png,images/bottle_Roger_Sabon_Lirac_2021.png,Lirac,Roger Sabon,"black fruit, spices, red fruit, oak, earth, non oak, dried fruit, floral, microbio, tropical fruit, tree fruit","Beef, Lamb, Game (deer, venison)","Shiraz/Syrah, Grenache, Mourvedre"
Vincent Girardin Les Vieilles Vignes Chambolle-Musigny 2020,France,99.98,4,images/Vincent_Girardin_Les_Vieilles_Vignes_Chambolle_Mus.png,images/bottle_Vincent_Girardin_Les_Vieilles_Vignes_Chambo.png,Chambolle-Musigny,Vincent Girardin,"earth, red fruit, microbio, oak, black fruit, floral, vegetal, non oak","Beef, Veal, Game (deer, venison), Poultry",Pinot Noir
François Secondé Brut Rosé Champagne Grand Cru 'Sillery',France,54.99,4,images/Franois_Second_Brut_Ros_Champagne_Grand_Cru_Siller.png,images/bottle_Franois_Second_Brut_Ros_Champagne_Grand_Cru.png,Champagne Grand Cru 'Sillery',François Secondé,"red fruit, microbio, earth, non oak, citrus fruit, tree fruit, vegetal, oak","Pork, Rich fish (salmon, tuna etc), Shellfish, Mild and soft cheese","Chardonnay, Pinot Noir, Pinot Meunier"
Las Nubes Nebbiolo 2018,Mexico,48.99,4.1,images/Las_Nubes_Nebbiolo_2018.png,images/bottle_Las_Nubes_Nebbiolo_2018.png,Valle de Guadalupe,Las Nubes,"oak, earth, black fruit, non oak, red fruit, spices, dried fruit, microbio, floral, vegetal, citrus fruit, tree fruit","Beef, Lamb, Game (deer, venison), Poultry",Nebbiolo
Breca El Nacido Garnacha 2022,Spain,14.99,3.9,images/Breca_El_Nacido_Garnacha_2022.png,images/bottle_Breca_El_Nacido_Garnacha_2022.png,Calatayud,Breca,"black fruit, red fruit, oak, spices, earth, non oak","Beef, Pasta, Lamb, Game (deer, venison), Poultry",Grenache
Herzog Lineage Pinot Noir 2021,United States,19.99,3.2,images/Herzog_Lineage_Pinot_Noir_2021.png,images/bottle_Herzog_Lineage_Pinot_Noir_2021.png,Clarksburg,Herzog,"oak, red fruit, black fruit, spices, dried fruit, earth, non oak, microbio, citrus fruit, vegetal","Beef, Veal, Game (deer, venison), Poultry",Pinot Noir
Freelander District One Pinot Noir 2022,United States,14.99,3.8,images/Freelander_District_One_Pinot_Noir_2022.jpg,,California,Freelander,"red fruit, earth, oak, microbio, spices, floral, non oak, vegetal, tropical fruit","Beef, Veal, Game (deer, venison), Poultry",Pinot Noir
Hartford Court Hailey's Block Pinot Noir 2023,United States,85,4.4,images/Hartford_Court_Haileys_Block_Pinot_Noir_2023.png,images/bottle_Hartford_Court_Haileys_Block_Pinot_Noir_202.png,Green Valley of Russian River Valley,Hartford Court,"red fruit, spices, oak, earth, non oak, black fruit, microbio, floral, vegetal","Veal, Pork, Poultry, Mushrooms",Pinot Noir
Domaine Frédéric Esmonin Mazy-Chambertin Grand Cru 2020,France,215,4.1,images/Domaine_Frdric_Esmonin_Mazy_Chambertin_Grand_Cru_2.png,images/bottle_Domaine_Frdric_Esmonin_Mazy_Chambertin_Gran.png,Mazis-Chambertin Grand Cru,Domaine Frédéric Esmonin,"red fruit, earth, oak, non oak, spices, floral, black fruit, microbio, vegetal, citrus fruit","Beef, Veal, Game (deer, venison), Poultry",Pinot Noir
Ca' Rome' Barbaresco Chiaramanti 2018,Italy,69.99,4.3,images/Ca_Rome_Barbaresco_Chiaramanti_2018.png,images/bottle_Ca_Rome_Barbaresco_Chiaramanti_2018.png,Barbaresco,Ca' Rome',"red fruit, earth, spices, oak, non oak, vegetal, microbio, black fruit, citrus fruit, floral","Beef, Pasta, Lamb, Game (deer, venison)",Nebbiolo
Boudier Père & Fils Pernand-Vergelesses 1er Cru 'Les Fichots' 2022,France,69.99,3.9,images/Boudier_Pre_Fils_Pernand_Vergelesses_1er_Cru_Les_F.png,images/bottle_Boudier_Pre_Fils_Pernand_Vergelesses_1er_Cr.png,Pernand-Vergelesses 1er Cru 'Les Fichots',Boudier Père & Fils,"red fruit, earth, floral, oak, black fruit, spices, non oak, tree fruit, vegetal, microbio","Beef, Veal, Game (deer, venison), Poultry",Pinot Noir
SeaGlass Pinot Noir 2011,United States,20.99,3.4,images/SeaGlass_Pinot_Noir_2011.png,images/bottle_SeaGlass_Pinot_Noir_2011.png,Central Coast,SeaGlass,"red fruit, oak, earth, non oak, spices, black fruit, microbio, dried fruit, citrus fruit, tree fruit, floral, vegetal, tropical fruit","Beef, Veal, Game (deer, venison), Poultry",Pinot Noir
Jean Marc Pillot Bourgogne 'Les Grandes Terres' 2022,France,44.99,4,images/Jean_Marc_Pillot_Bourgogne_Les_Grandes_Terres_2022.png,images/bottle_Jean_Marc_Pillot_Bourgogne_Les_Grandes_Terr.png,Bourgogne,Jean Marc Pillot,"red fruit, earth, oak, spices, floral, black fruit, vegetal, non oak, dried fruit, tree fruit, microbio","Beef, Veal, Game (deer, venison), Poultry",Pinot Noir
Tyler La Rinconada Vineyard Pinot Noir 2021,United States,86,4.1,images/Tyler_La_Rinconada_Vineyard_Pinot_Noir_2021.png,images/bottle_Tyler_La_Rinconada_Vineyard_Pinot_Noir_2021.png,Sta. Rita Hills,Tyler,"red fruit, oak, earth, non oak, black fruit, spices, vegetal, floral, dried fruit, citrus fruit, microbio","Veal, Pork, Poultry, Mushrooms",Pinot Noir
Paoloni Nebbiolo de Guadalupe 2019,Mexico,39.99,4.3,images/Paoloni_Nebbiolo_de_Guadalupe_2019.jpg,,Valle de Guadalupe,Paoloni,"oak, black fruit, red fruit, earth, non oak, spices, floral, dried fruit, microbio","Beef, Lamb, Game (deer, venison), Poultry",Nebbiolo
Bernard Baudry Le Domaine Chinon Blanc 2023,France,34,3.9,images/Bernard_Baudry_Le_Domaine_Chinon_Blanc_2023.jpg,,Chinon,Bernard Baudry,"earth, tree fruit, citrus fruit, microbio, oak, floral, non oak, spices, vegetal","Rich fish (salmon, tuna etc), Vegetarian, Poultry, Mild and soft cheese",Chenin Blanc
Aurélien Verdet Nuits-Saint-Georges 1er Cru 'Les Damodes' 2019,France,275,4.2,images/Aurlien_Verdet_Nuits_Saint_Georges_1er_Cru_Les_Dam.png,images/bottle_Aurlien_Verdet_Nuits_Saint_Georges_1er_Cru_.png,Nuits-Saint-Georges 1er Cru 'Les Damodes',Aurélien Verdet,"red fruit, spices, oak, earth, black fruit, microbio, non oak, floral","Beef, Veal, Game (deer, venison), Poultry",Pinot Noir
Domaine G. Roumier Morey-Saint-Denis Premier Cru Clos de La Bussière 2012,France,750,4.4,images/Domaine_G_Roumier_Morey_Saint_Denis_Premier_Cru_Cl.png,images/bottle_Domaine_G_Roumier_Morey_Saint_Denis_Premier.png,Morey-Saint-Denis Premier Cru,Domaine G. Roumier,"red fruit, earth, oak, black fruit, non oak, spices, microbio, floral, dried fruit, vegetal, citrus fruit, tree fruit","Beef, Veal, Game (deer, venison), Poultry",Pinot Noir
Averaen Pinot Noir 2022,United States,25,4.1,images/Averaen_Pinot_Noir_2022.png,images/bottle_Averaen_Pinot_Noir_2022.png,Willamette Valley,Averaen,"red fruit, oak, earth, non oak, spices, black fruit, microbio, floral, vegetal, citrus fruit, tree fruit, dried fruit, tropical fruit","Beef, Veal, Game (deer, venison), Poultry",Pinot Noir
The Eyrie Vineyards Roland Green Pinot Noir 2021,United States,84.99,4.2,images/The_Eyrie_Vineyards_Roland_Green_Pinot_Noir_2021.png,images/bottle_The_Eyrie_Vineyards_Roland_Green_Pinot_Noir.png,Dundee Hills,The Eyrie Vineyards,"red fruit, oak, earth, non oak, spices, black fruit, microbio, vegetal, floral, dried fruit","Beef, Veal, Game (deer, venison), Poultry",Pinot Noir
Aldo Conterno Barolo Bussia Cicala 2015,Italy,174,4.5,images/Aldo_Conterno_Barolo_Bussia_Cicala_2015.png,images/bottle_Aldo_Conterno_Barolo_Bussia_Cicala_2015.png,Barolo,Aldo Conterno,"earth, oak, red fruit, non oak, spices, black fruit, microbio, floral, dried fruit, citrus fruit, vegetal, tree fruit","Beef, Pasta, Lamb, Game (deer, venison)",Nebbiolo
Domaine de la Janasse Châteauneuf-du-Pape Vieilles Vignes 2020,France,128,4.2,images/Domaine_de_la_Janasse_Chteauneuf_du_Pape_Vieilles_.png,images/bottle_Domaine_de_la_Janasse_Chteauneuf_du_Pape_Vi.png,Châteauneuf-du-Pape,Domaine de la Janasse,"black fruit, oak, earth, red fruit, spices, non oak, dried fruit, floral, microbio, vegetal, citrus fruit, tree fruit, tropical fruit","Lamb, Pork, Poultry","Shiraz/Syrah, Mourvedre, Counoise, Cinsaut, Vaccareze, Muscardin"
Picchetti Truchard Vineyard Pinot Noir 2023,United States,59.95,4.1,images/Picchetti_Truchard_Vineyard_Pinot_Noir_2023.jpg,,Napa Valley,Picchetti,"red fruit, oak, spices, non oak, earth, black fruit, citrus fruit, tropical fruit, tree fruit, microbio, dried fruit","Beef, Veal, Game (deer, venison), Poultry",Pinot Noir
Comm. G.B. Burlotto Barolo Acclivi 2018,Italy,299.99,4.2,images/Comm_GB_Burlotto_Barolo_Acclivi_2018.png,images/bottle_Comm_GB_Burlotto_Barolo_Acclivi_2018.png,Barolo,Comm. G.B. Burlotto,"red fruit, oak, earth, spices, non oak, floral, black fruit, microbio, dried fruit, vegetal, citrus fruit","Beef, Pasta, Lamb, Game (deer, venison)",Nebbiolo
Giovanni Canonica Barolo Paiagallo 2016,Italy,339,4.5,images/Giovanni_Canonica_Barolo_Paiagallo_2016.png,images/bottle_Giovanni_Canonica_Barolo_Paiagallo_2016.png,Barolo,Giovanni Canonica,"earth, oak, red fruit, non oak, spices, microbio, black fruit, floral, dried fruit, vegetal, citrus fruit","Beef, Pasta, Lamb, Game (deer, venison)",Nebbiolo
Alto Moncayo Veraton Garnacha 2021,Spain,34.99,4.2,images/Alto_Moncayo_Veraton_Garnacha_2021.png,images/bottle_Alto_Moncayo_Veraton_Garnacha_2021.png,Campo de Borja,Alto Moncayo,"oak, black fruit, non oak, spices, red fruit, earth, microbio, dried fruit, floral, vegetal, citrus fruit, tree fruit, tropical fruit","Beef, Pasta, Lamb, Game (deer, venison), Poultry",Grenache
Guiberteau Brézé Saumur Blanc 2019,France,89.99,4.3,images/Guiberteau_Brz_Saumur_Blanc_2019.png,images/bottle_Guiberteau_Brz_Saumur_Blanc_2019.png,Saumur,Guiberteau,"earth, oak, tree fruit, citrus fruit, non oak, microbio, spices, vegetal, floral, tropical fruit, red fruit, dried fruit, black fruit","Rich fish (salmon, tuna etc), Vegetarian, Poultry, Mild and soft cheese",Chenin Blanc
Day Wines Deep Blue 2022,United States,28.99,4,images/Day_Wines_Deep_Blue_2022.png,images/bottle_Day_Wines_Deep_Blue_2022.png,Willamette Valley,Day Wines,"red fruit, black fruit, oak, non oak, earth, tree fruit, spices, vegetal","Beef, Veal, Game (deer, venison), Poultry",Pinot Noir
Yatir Winery Mt. Amasa 2020,Israel,51.99,4.2,images/Yatir_Winery_Mt_Amasa_2020.png,images/bottle_Yatir_Winery_Mt_Amasa_2020.png,Judean Hills,Yatir Winery,"oak, black fruit, earth, non oak, red fruit, spices, dried fruit, tree fruit, microbio, vegetal, citrus fruit, floral, tropical fruit","Beef, Lamb, Veal, Game (deer, venison), Poultry",
A.F. Gros Pommard Premier Cru 'Les Arvelets' 2022,France,215,4.3,images/AF_Gros_Pommard_Premier_Cru_Les_Arvelets_2022.png,images/bottle_AF_Gros_Pommard_Premier_Cru_Les_Arvelets_20.png,Pommard 1er Cru 'Les Arvelets',A.F. Gros,"earth, oak, black fruit, red fruit, non oak, spices, microbio","Beef, Veal, Game (deer, venison), Poultry",Pinot Noir
Louis Jadot Musigny Grand Cru 1988,France,714,4.4,images/Louis_Jadot_Musigny_Grand_Cru_1988.png,images/bottle_Louis_Jadot_Musigny_Grand_Cru_1988.png,Musigny Grand Cru,Louis Jadot,"earth, oak, black fruit, red fruit, floral, microbio, non oak, dried fruit, spices, citrus fruit, vegetal","Beef, Veal, Game (deer, venison), Poultry",Pinot Noir
Melville Estate Sta. Rita Hills Pinot Noir 2020,United States,44,3.9,images/Melville_Estate_Sta_Rita_Hills_Pinot_Noir_2020.png,images/bottle_Melville_Estate_Sta_Rita_Hills_Pinot_Noir_2.png,Sta. Rita Hills,Melville,"red fruit, earth, oak, non oak, spices, black fruit, microbio, floral, vegetal, citrus fruit, dried fruit, tree fruit, tropical fruit","Veal, Pork, Poultry, Mushrooms",Pinot Noir
August West Rosella's Vineyard Pinot Noir 2021,United States,70,4,images/August_West_Rosellas_Vineyard_Pinot_Noir_2021.png,images/bottle_August_West_Rosellas_Vineyard_Pinot_Noir_20.png,Santa Lucia Highlands,August West,"red fruit, earth, oak, spices, black fruit, non oak, microbio","Veal, Pork, Poultry, Mushrooms",Pinot Noir
Jean Noël Gagnard Santenay 1er Cru 'Clos de Tavannes' 2022,France,118,4.1,images/Jean_Nol_Gagnard_Santenay_1er_Cru_Clos_de_Tavannes.png,images/bottle_Jean_Nol_Gagnard_Santenay_1er_Cru_Clos_de_T.png,Santenay 1er Cru 'Clos de Tavannes',Jean Noël Gagnard,"red fruit, earth, oak, non oak, spices, microbio, black fruit, floral, citrus fruit","Beef, Veal, Game (deer, venison), Poultry",Pinot Noir
Renato Corino Vecchie Vigne Barolo 2000,Italy,99.85,4.2,images/Renato_Corino_Vecchie_Vigne_Barolo_2000.png,images/bottle_Renato_Corino_Vecchie_Vigne_Barolo_2000.png,Barolo,Renato Corino,"earth, microbio, spices, non oak, oak","Beef, Pasta, Lamb, Game (deer, venison)",Nebbiolo
Korbel Blanc de Noirs,United States,13.99,3.7,images/Korbel_Blanc_de_Noirs.png,images/bottle_Korbel_Blanc_de_Noirs.png,California,Korbel,"tree fruit, citrus fruit, microbio, red fruit, non oak, earth, tropical fruit, spices, oak, black fruit, dried fruit","Shellfish, Appetizers and snacks, Lean fish, Aperitif","Chardonnay, Pinot Noir"
Bouchard Aîné & Fils Pommard Premier Cru Les Charmots (Cuvée Signature) 2005,France,110,4,images/Bouchard_An_Fils_Pommard_Premier_Cru_Les_Charmots_.png,images/bottle_Bouchard_An_Fils_Pommard_Premier_Cru_Les_Ch.png,Pommard Premier Cru,Bouchard Aîné & Fils,"earth, red fruit, oak, non oak, black fruit, tree fruit","Beef, Veal, Game (deer, venison), Poultry",Pinot Noir
Giuseppe Rinaldi Cannubi San Lorenzo - Ravera Barolo 2008,Italy,375,4.4,images/Giuseppe_Rinaldi_Cannubi_San_Lorenzo_Ravera_Barolo.png,images/bottle_Giuseppe_Rinaldi_Cannubi_San_Lorenzo_Ravera.png,Barolo,Giuseppe Rinaldi,"earth, oak, red fruit, non oak, spices, floral, black fruit, microbio, vegetal, citrus fruit, dried fruit","Beef, Pasta, Lamb, Game (deer, venison)",Nebbiolo
Poderi Colla Dardi Le Rosé Bussia Barolo 2019,Italy,79.97,4.1,images/Poderi_Colla_Dardi_Le_Ros_Bussia_Barolo_2019.png,images/bottle_Poderi_Colla_Dardi_Le_Ros_Bussia_Barolo_201.png,Barolo,Poderi Colla,"earth, oak, red fruit, non oak, spices, black fruit, microbio, floral, dried fruit, citrus fruit, vegetal","Beef, Pasta, Lamb, Game (deer, venison)",Nebbiolo
Meyer - Näkel Blue Slate Pinot Noir 2021,Germany,99.99,4,images/Meyer_Nkel_Blue_Slate_Pinot_Noir_2021.jpg,,Ahr,Meyer - Näkel,"earth, red fruit, spices, microbio, oak, black fruit, dried fruit, non oak, tropical fruit, tree fruit, floral, vegetal","Beef, Veal, Game (deer, venison), Poultry",Pinot Noir
The Eyrie Vineyards Daphne Pinot Noir 2021,United States,128.99,4.2,images/The_Eyrie_Vineyards_Daphne_Pinot_Noir_2021.png,images/bottle_The_Eyrie_Vineyards_Daphne_Pinot_Noir_2021.png,Dundee Hills,The Eyrie Vineyards,"red fruit, earth, oak, spices, non oak, black fruit, floral, microbio, citrus fruit, vegetal, tree fruit, dried fruit","Beef, Veal, Game (deer, venison), Poultry",Pinot Noir
Talbott Kali Hart Pinot Noir 2022,United States,20.99,3.8,images/Talbott_Kali_Hart_Pinot_Noir_2022.png,images/bottle_Talbott_Kali_Hart_Pinot_Noir_2022.png,Monterey,Talbott,"red fruit, oak, earth, non oak, spices, black fruit, microbio, vegetal, tree fruit, dried fruit, floral, citrus fruit, tropical fruit","Beef, Veal, Game (deer, venison), Poultry",Pinot Noir
Domaine Comte Georges de Vogüé Musigny Grand Cru (Cuveé Vieilles Vignes) 2011,France,999,4.5,images/Domaine_Comte_Georges_de_Vog_Musigny_Grand_Cru_Cuv.png,images/bottle_Domaine_Comte_Georges_de_Vog_Musigny_Grand_.png,Musigny Grand Cru,Domaine Comte Georges de Vogüé,"earth, red fruit, oak, black fruit, non oak, spices, microbio, floral, dried fruit, vegetal, citrus fruit, tree fruit, tropical fruit","Beef, Veal, Game (deer, venison), Poultry",Pinot Noir
Domaine Faiveley Volnay 1er Cru 'Fremiets' 2022,France,90,4.1,images/Domaine_Faiveley_Volnay_1er_Cru_Fremiets_2022.png,images/bottle_Domaine_Faiveley_Volnay_1er_Cru_Fremiets_20.png,Volnay 1er Cru 'Fremiets',Domaine Faiveley,"red fruit, earth, oak, black fruit, spices, non oak, dried fruit, floral, vegetal, microbio","Beef, Veal, Game (deer, venison), Poultry",Pinot Noir
Demetria Cuvée Matia 2022,United States,65,4.1,images/Demetria_Cuve_Matia_2022.jpg,,Santa Ynez Valley,Demetria,"red fruit, oak, spices, black fruit, earth, non oak, tree fruit, citrus fruit, microbio","Beef, Lamb, Spicy food, Vegetarian, Poultry",Grenache
Big Table Farm Sunnyside Vineyard Pinot Noir 2021,United States,83,4.2,images/Big_Table_Farm_Sunnyside_Vineyard_Pinot_Noir_2021.jpg,,Willamette Valley,Big Table Farm,"red fruit, earth, oak, non oak, spices, black fruit, floral, citrus fruit, microbio, vegetal, dried fruit, tree fruit","Beef, Veal, Game (deer, venison), Poultry",Pinot Noir
The Eyrie Vineyards Outcrop Pinot Noir 2020,United States,82.99,4,images/The_Eyrie_Vineyards_Outcrop_Pinot_Noir_2020.png,images/bottle_The_Eyrie_Vineyards_Outcrop_Pinot_Noir_2020.png,Dundee Hills,The Eyrie Vineyards,"earth, red fruit, microbio, black fruit, spices, oak, vegetal, floral, non oak","Beef, Veal, Game (deer, venison), Poultry",Pinot Noir
Teutonic Crow Valley Vineyard Pinot Noir 2023,United States,40,4.1,images/Teutonic_Crow_Valley_Vineyard_Pinot_Noir_2023.png,images/bottle_Teutonic_Crow_Valley_Vineyard_Pinot_Noir_20.png,Willamette Valley,Teutonic,"red fruit, oak, spices, earth, vegetal, non oak, black fruit, tree fruit, floral, microbio","Beef, Veal, Game (deer, venison), Poultry",Pinot Noir
Shadowfax Pinot Noir 2020,Australia,34.99,3.7,images/Shadowfax_Pinot_Noir_2020.png,images/bottle_Shadowfax_Pinot_Noir_2020.png,Geelong,Shadowfax,"red fruit, earth, oak, non oak, black fruit, spices, microbio, vegetal, floral","Beef, Veal, Game (deer, venison), Poultry",Pinot Noir
Conterno Fantino Barolo Sorì Ginestra 2004,Italy,104.55,4.3,images/Conterno_Fantino_Barolo_Sor_Ginestra_2004.png,images/bottle_Conterno_Fantino_Barolo_Sor_Ginestra_2004.png,Barolo,Conterno Fantino,"earth, oak, red fruit, non oak, spices, black fruit, floral, microbio, dried fruit, vegetal, citrus fruit, tropical fruit, tree fruit","Beef, Pasta, Lamb, Game (deer, venison)",Nebbiolo
Domaines Lupier La Dama 2018,Spain,52,4.1,images/Domaines_Lupier_La_Dama_2018.png,images/bottle_Domaines_Lupier_La_Dama_2018.png,Navarra,Domaines Lupier,"black fruit, oak, earth, red fruit, spices, non oak, floral, microbio, dried fruit, vegetal","Beef, Pasta, Lamb, Game (deer, venison), Poultry",Grenache
Brezza Sarmassa Barolo 2015,Italy,61.08,4,images/Brezza_Sarmassa_Barolo_2015.png,images/bottle_Brezza_Sarmassa_Barolo_2015.png,Barolo,Brezza,"earth, red fruit, oak, spices, non oak, black fruit, floral, microbio, dried fruit, citrus fruit, vegetal, tree fruit","Beef, Pasta, Lamb, Game (deer, venison)",Nebbiolo
Hartford Court Sevens Bench Vineyard Pinot Noir 2022,United States,78,4.2,images/Hartford_Court_Sevens_Bench_Vineyard_Pinot_Noir_20.png,images/bottle_Hartford_Court_Sevens_Bench_Vineyard_Pinot_.png,Los Carneros,Hartford Court,"red fruit, oak, earth, non oak, spices, black fruit, citrus fruit, dried fruit, floral, vegetal, microbio","Veal, Pork, Poultry, Mushrooms",Pinot Noir
Hartford Court Seascape Vineyard Pinot Noir 2023,United States,85,4.4,images/Hartford_Court_Seascape_Vineyard_Pinot_Noir_2023.png,images/bottle_Hartford_Court_Seascape_Vineyard_Pinot_Noir.png,Sonoma Coast,Hartford Court,"red fruit, oak, earth, non oak, spices, black fruit, vegetal, citrus fruit, microbio","Veal, Pork, Poultry, Mushrooms",Pinot Noir
Jean-Jacques Girard Pernand-Vergelesses 1er Cru 'Les Vergelesses' 2022,France,58.99,4.1,images/Jean_Jacques_Girard_Pernand_Vergelesses_1er_Cru_Le.png,images/bottle_Jean_Jacques_Girard_Pernand_Vergelesses_1er.png,Pernand-Vergelesses 1er Cru 'Vergelesses',Jean-Jacques Girard,"red fruit, oak, earth, non oak, spices, microbio, tree fruit, citrus fruit","Beef, Veal, Game (deer, venison), Poultry",Pinot Noir
Fess Parker Santa Rita Hills Pinot Noir 2022,United States,32.99,4,images/Fess_Parker_Santa_Rita_Hills_Pinot_Noir_2022.png,images/bottle_Fess_Parker_Santa_Rita_Hills_Pinot_Noir_202.png,Sta. Rita Hills,Fess Parker,"red fruit, oak, earth, non oak, spices, black fruit, microbio, floral, vegetal, dried fruit, citrus fruit, tree fruit, tropical fruit","Veal, Pork, Poultry, Mushrooms",Pinot Noir
Domaine des Rouges Queues Maranges 1er Cru 'Clos Roussots' 2021,France,86.99,4,images/Domaine_des_Rouges_Queues_Maranges_1er_Cru_Clos_Ro.png,images/bottle_Domaine_des_Rouges_Queues_Maranges_1er_Cru_.png,Maranges 1er Cru 'Les Clos Roussots',Domaine des Rouges Queues,"red fruit, earth, oak, black fruit, non oak, spices, floral, vegetal, microbio","Beef, Veal, Game (deer, venison), Poultry",Pinot Noir
RouteStock Pinot Noir (Route 116) 2021,United States,21.99,4,images/RouteStock_Pinot_Noir_Route_116_2021.png,images/bottle_RouteStock_Pinot_Noir_Route_116_2021.png,Sonoma Coast,RouteStock,"red fruit, oak, earth, non oak, spices, black fruit, microbio, floral, vegetal, dried fruit, citrus fruit, tree fruit, tropical fruit","Veal, Pork, Poultry, Mushrooms",Pinot Noir
Florent Cosme La Motte 2022,France,19.99,3.9,images/Florent_Cosme_La_Motte_2022.png,images/bottle_Florent_Cosme_La_Motte_2022.png,Vouvray,Florent Cosme,"tree fruit, earth, microbio, oak, non oak, vegetal, tropical fruit, citrus fruit, spices, floral","Rich fish (salmon, tuna etc), Vegetarian, Poultry, Mild and soft cheese",Chenin Blanc
Comando G Sierra de Gredos Granito del Cadalso Garnacha 2017,Spain,16.99,3.8,images/Comando_G_Sierra_de_Gredos_Granito_del_Cadalso_Gar.png,images/bottle_Comando_G_Sierra_de_Gredos_Granito_del_Cada.png,Madrid,Comando G,"red fruit, earth, oak, black fruit, non oak, spices, floral, microbio, citrus fruit, dried fruit, vegetal","Beef, Pasta, Lamb, Game (deer, venison), Poultry",Grenache
By Farr Farrside Pinot Noir 2021,Australia,85.99,4.4,images/By_Farr_Farrside_Pinot_Noir_2021.png,images/bottle_By_Farr_Farrside_Pinot_Noir_2021.png,Geelong,By Farr,"red fruit, oak, earth, non oak, spices, black fruit, microbio, vegetal, floral, dried fruit, citrus fruit, tree fruit, tropical fruit","Beef, Veal, Game (deer, venison), Poultry",Pinot Noir
Roccheviberti Bricco Boschis Barolo 2020,Italy,115,4.2,images/Roccheviberti_Bricco_Boschis_Barolo_2020.png,images/bottle_Roccheviberti_Bricco_Boschis_Barolo_2020.png,Barolo,Roccheviberti,"red fruit, earth, oak, black fruit, spices, non oak, microbio, floral, citrus fruit, dried fruit, tree fruit, vegetal","Beef, Pasta, Lamb, Game (deer, venison)",Nebbiolo
Travaglini Spanna 1961,Italy,185,4,images/Travaglini_Spanna_1961.png,images/bottle_Travaglini_Spanna_1961.png,Piemonte,Travaglini,"earth, oak, black fruit, microbio, non oak, red fruit, spices","Beef, Lamb, Game (deer, venison), Poultry",Nebbiolo
Gooseneck Vineyards Pinot Noir 2022,United States,22.99,3.7,images/Gooseneck_Vineyards_Pinot_Noir_2022.png,images/bottle_Gooseneck_Vineyards_Pinot_Noir_2022.png,Oregon,Gooseneck Vineyards,"red fruit, oak, black fruit, earth, spices, vegetal","Beef, Veal, Game (deer, venison), Poultry",Pinot Noir
Domaine Drouhin-Laroze Gevrey-Chambertin 1er Cru 'Clos Prieur' 2013,France,125,3.9,images/Domaine_Drouhin_Laroze_Gevrey_Chambertin_1er_Cru_C.png,images/bottle_Domaine_Drouhin_Laroze_Gevrey_Chambertin_1e.png,Gevrey-Chambertin 1er Cru 'Clos Prieur',Domaine Drouhin-Laroze,"red fruit, earth, oak, non oak, spices, black fruit, microbio","Beef, Veal, Game (deer, venison), Poultry",Pinot Noir
La Spinetta Vigneto Bordini Barbaresco 2021,Italy,69.99,4.2,images/La_Spinetta_Vigneto_Bordini_Barbaresco_2021.png,images/bottle_La_Spinetta_Vigneto_Bordini_Barbaresco_2021.png,Barbaresco,La Spinetta,"red fruit, oak, earth, spices, non oak, black fruit, floral, microbio, dried fruit, vegetal, tree fruit, citrus fruit, tropical fruit","Beef, Pasta, Lamb, Game (deer, venison)",Nebbiolo
Paul Prieur & Fils Sancerre Rouge 2020,France,30,4.2,images/Paul_Prieur_Fils_Sancerre_Rouge_2020.png,images/bottle_Paul_Prieur_Fils_Sancerre_Rouge_2020.png,Sancerre,Paul Prieur & Fils,"earth, red fruit, citrus fruit, tree fruit, oak, microbio, spices, black fruit, vegetal, non oak, tropical fruit, floral, dried fruit","Veal, Game (deer, venison), Poultry","Cabernet Franc, Pinot Noir, Gamay, Grolleau"
Mauro Molino Barolo Gallinotto 2019,Italy,69.99,4.1,images/Mauro_Molino_Barolo_Gallinotto_2019.png,images/bottle_Mauro_Molino_Barolo_Gallinotto_2019.png,Barolo,Mauro Molino,"red fruit, oak, earth, spices, non oak, black fruit, floral, microbio, dried fruit, vegetal, citrus fruit, tree fruit, tropical fruit","Beef, Pasta, Lamb, Game (deer, venison)",Nebbiolo
Foxen Solomon Hills Vineyard Pinot Noir 2020,United States,65,4.3,images/Foxen_Solomon_Hills_Vineyard_Pinot_Noir_2020.jpg,,Santa Maria Valley,Foxen,"red fruit, spices, earth, oak, non oak, black fruit, floral, vegetal, dried fruit, citrus fruit, microbio, tree fruit","Veal, Pork, Poultry, Mushrooms",Pinot Noir
Domaine de la Paleine Saumur Blanc 2022,France,24.99,3.7,images/Domaine_de_la_Paleine_Saumur_Blanc_2022.jpg,,Saumur,Domaine de la Paleine,"earth, tropical fruit, tree fruit, floral, oak","Rich fish (salmon, tuna etc), Vegetarian, Poultry, Mild and soft cheese",Chenin Blanc
Joseph Phelps Vineyards Freestone Vineyards Pinot Noir 2021,United States,65.99,4.3,images/Joseph_Phelps_Vineyards_Freestone_Vineyards_Pinot_.png,images/bottle_Joseph_Phelps_Vineyards_Freestone_Vineyards.png,Sonoma Coast,Joseph Phelps Vineyards,"red fruit, oak, earth, non oak, spices, black fruit, microbio, floral, citrus fruit, vegetal, tree fruit, dried fruit, tropical fruit","Veal, Pork, Poultry, Mushrooms",Pinot Noir
Bersano Barolo Riserva Speciale Cremosina 1966,Italy,379,4,images/Bersano_Barolo_Riserva_Speciale_Cremosina_1966.png,images/bottle_Bersano_Barolo_Riserva_Speciale_Cremosina_1.png,Barolo,Bersano,"earth, oak, non oak, spices, black fruit, microbio, dried fruit, red fruit, vegetal","Beef, Pasta, Lamb, Game (deer, venison)",Nebbiolo
Prosper Maufoux Nuits-Saint-Georges 2019,France,119.99,4.2,images/Prosper_Maufoux_Nuits_Saint_Georges_2019.png,images/bottle_Prosper_Maufoux_Nuits_Saint_Georges_2019.png,Nuits-Saint-Georges,Prosper Maufoux,"black fruit, red fruit, oak, dried fruit","Beef, Veal, Game (deer, venison), Poultry",Pinot Noir
Luigi Baudana Barolo Baudana 2008,Italy,43.99,4.2,images/Luigi_Baudana_Barolo_Baudana_2008.png,images/bottle_Luigi_Baudana_Barolo_Baudana_2008.png,Barolo,Luigi Baudana,"red fruit, earth, non oak, oak, dried fruit, spices, black fruit, floral, vegetal","Beef, Pasta, Lamb, Game (deer, venison)",Nebbiolo
Aldo Conterno Il Favot Langhe Nebbiolo 2020,Italy,56.99,4.2,images/Aldo_Conterno_Il_Favot_Langhe_Nebbiolo_2020.png,images/bottle_Aldo_Conterno_Il_Favot_Langhe_Nebbiolo_2020.png,Langhe,Aldo Conterno,"oak, red fruit, earth, non oak, spices, black fruit, floral, microbio, vegetal, dried fruit, citrus fruit, tree fruit, tropical fruit","Beef, Lamb, Game (deer, venison), Poultry",Nebbiolo
Bergström La Spirale Pinot Noir 2020,United States,108,4.3,images/Bergstrm_La_Spirale_Pinot_Noir_2020.png,images/bottle_Bergstrm_La_Spirale_Pinot_Noir_2020.png,Ribbon Ridge,Bergström,"earth, red fruit, oak, non oak, black fruit, spices, vegetal, microbio, floral","Beef, Veal, Game (deer, venison), Poultry",Pinot Noir
Blackwater Lazy Lucy 2023,South Africa,14.99,3.7,images/Blackwater_Lazy_Lucy_2023.png,images/bottle_Blackwater_Lazy_Lucy_2023.png,Swartland,Blackwater,"red fruit, citrus fruit, vegetal, microbio, tree fruit, earth, oak, non oak, dried fruit, tropical fruit, spices, floral","Rich fish (salmon, tuna etc), Shellfish, Appetizers and snacks, Lean fish",
Field Recordings Fiction Grenache Rosé 2022,United States,25,3.7,images/Field_Recordings_Fiction_Grenache_Ros_2022.png,images/bottle_Field_Recordings_Fiction_Grenache_Ros_2022.png,Paso Robles,Field Recordings,"red fruit, citrus fruit, tree fruit, earth, microbio, vegetal, black fruit, tropical fruit, floral, oak, dried fruit, spices","Shellfish, Spicy food, Appetizers and snacks, Fruity desserts, Aperitif","Shiraz/Syrah, Cabernet Sauvignon, Pinot Noir, Sangiovese, Zinfandel, Barbera"
Domaine Vacheron Sancerre Les Marnes 2022,France,109.99,4.2,images/Domaine_Vacheron_Sancerre_Les_Marnes_2022.png,images/bottle_Domaine_Vacheron_Sancerre_Les_Marnes_2022.png,Sancerre,Domaine Vacheron,"tree fruit, citrus fruit, floral, spices, earth, black fruit, vegetal, microbio","Veal, Game (deer, venison), Poultry","Cabernet Franc, Pinot Noir, Gamay, Grolleau"
Gérard Mugneret Cuvée Précolombière Vosne-Romanée 2022,France,154,4.3,images/Grard_Mugneret_Cuve_Prcolombire_Vosne_Romane_2022.jpg,,Vosne-Romanée,Gérard Mugneret,"red fruit, oak, non oak, earth, spices, black fruit","Beef, Veal, Game (deer, venison), Poultry",Pinot Noir
Bouchard Père & Fils Vosne-Romanée Premier Cru Aux Reignots 1988,France,530,4.2,images/Bouchard_Pre_Fils_Vosne_Romane_Premier_Cru_Aux_Rei.png,images/bottle_Bouchard_Pre_Fils_Vosne_Romane_Premier_Cru_.png,Vosne-Romanée Premier Cru,Bouchard Père & Fils,"earth, oak, red fruit, black fruit, microbio, non oak, floral, dried fruit, spices, citrus fruit","Beef, Veal, Game (deer, venison), Poultry",Pinot Noir
G.D. Vajra Barolo Ravera 2015,Italy,114,4.2,images/GD_Vajra_Barolo_Ravera_2015.png,images/bottle_GD_Vajra_Barolo_Ravera_2015.png,Barolo,G.D. Vajra,"red fruit, earth, oak, non oak, black fruit, spices, floral, dried fruit, citrus fruit, microbio, vegetal, tree fruit, tropical fruit","Beef, Pasta, Lamb, Game (deer, venison)",Nebbiolo
Château de Parnay Chemin des Murs Blanc 2020,France,26,4.1,images/Chteau_de_Parnay_Chemin_des_Murs_Blanc_2020.png,images/bottle_Chteau_de_Parnay_Chemin_des_Murs_Blanc_2020.png,Saumur,Château de Parnay,"tree fruit, oak, earth, microbio, non oak, citrus fruit, spices, floral, tropical fruit, vegetal","Rich fish (salmon, tuna etc), Vegetarian, Poultry, Mild and soft cheese",Chenin Blanc
Ioppa Nebbiolo 2022,Italy,19.99,3.6,images/Ioppa_Nebbiolo_2022.png,images/bottle_Ioppa_Nebbiolo_2022.png,Colline Novaresi,Ioppa,"red fruit, earth, oak, spices, non oak, black fruit, microbio, vegetal, floral, dried fruit, citrus fruit, tree fruit","Beef, Lamb, Game (deer, venison), Poultry",Nebbiolo
Domaine Henri Gouges Nuits-Saint-Georges 2019,France,109.99,4.1,images/Domaine_Henri_Gouges_Nuits_Saint_Georges_2019.png,images/bottle_Domaine_Henri_Gouges_Nuits_Saint_Georges_20.png,Nuits-Saint-Georges,Domaine Henri Gouges,"red fruit, earth, oak, non oak, microbio, black fruit, spices, floral, dried fruit, citrus fruit, vegetal, tree fruit","Beef, Veal, Game (deer, venison), Poultry",Pinot Noir
Remoissenet Père & Fils Charmes-Chambertin Grand Cru 2018,France,369.99,4.4,images/Remoissenet_Pre_Fils_Charmes_Chambertin_Grand_Cru_.png,images/bottle_Remoissenet_Pre_Fils_Charmes_Chambertin_Gra.png,Charmes-Chambertin Grand Cru,Remoissenet Père & Fils,"red fruit, black fruit, earth, tree fruit, oak, dried fruit, citrus fruit, spices, non oak","Beef, Veal, Game (deer, venison), Poultry",Pinot Noir
Larson Family Winery Pinot Noir 2021,United States,55,3.9,images/Larson_Family_Winery_Pinot_Noir_2021.jpg,,Los Carneros,Larson Family Winery,"red fruit, oak, black fruit, spices, earth, non oak, microbio, dried fruit, vegetal","Veal, Pork, Poultry, Mushrooms",Pinot Noir
Selby Pinot Noir 2023,United States,43,4.1,images/Selby_Pinot_Noir_2023.png,images/bottle_Selby_Pinot_Noir_2023.png,Russian River Valley,Selby,"red fruit, oak, earth, black fruit, non oak, spices, microbio, dried fruit, tree fruit, floral","Veal, Pork, Poultry, Mushrooms",Pinot Noir
Vitícola Mentridana El Mentridano 2021,Spain,33.99,3.9,images/Vitcola_Mentridana_El_Mentridano_2021.png,images/bottle_Vitcola_Mentridana_El_Mentridano_2021.png,Méntrida,Vitícola Mentridana,"red fruit, oak, black fruit, dried fruit, earth, spices, tree fruit, citrus fruit, floral, microbio, non oak","Beef, Pasta, Lamb, Game (deer, venison), Poultry",Grenache
Giuseppe Rinaldi Tre Tine Barolo 2015,Italy,957,4.6,images/Giuseppe_Rinaldi_Tre_Tine_Barolo_2015.png,images/bottle_Giuseppe_Rinaldi_Tre_Tine_Barolo_2015.png,Barolo,Giuseppe Rinaldi,"earth, red fruit, oak, non oak, spices, black fruit, microbio, floral, vegetal, dried fruit, tree fruit","Beef, Pasta, Lamb, Game (deer, venison)",Nebbiolo
Clos Frantin Clos Frantin Bourgogne Cote d'Or Pinot Noir 2021,France,53.99,4,images/Clos_Frantin_Clos_Frantin_Bourgogne_Cote_dOr_Pinot.jpg,,Bourgogne,Clos Frantin,"red fruit, non oak, oak, spices, earth, black fruit, microbio, dried fruit","Beef, Veal, Game (deer, venison), Poultry",Pinot Noir
Carte Blanche Sun Chase Vineyard Pinot Noir 2022,United States,90,4.3,images/Carte_Blanche_Sun_Chase_Vineyard_Pinot_Noir_2022.png,images/bottle_Carte_Blanche_Sun_Chase_Vineyard_Pinot_Noir.png,Sonoma Coast,Carte Blanche,"red fruit, oak, black fruit, earth, dried fruit, spices, non oak, floral, vegetal, microbio","Veal, Pork, Poultry, Mushrooms",Pinot Noir
Cellier des Dauphins Les Dauphins Côtes du Rhône Réserve Rouge 2022,France,10.49,3.7,images/Cellier_des_Dauphins_Les_Dauphins_Ctes_du_Rhne_Rse.png,images/bottle_Cellier_des_Dauphins_Les_Dauphins_Ctes_du_R.png,Côtes-du-Rhône,Cellier des Dauphins,"red fruit, earth, black fruit, spices, oak, microbio, non oak, tree fruit, citrus fruit, vegetal, floral, tropical fruit, dried fruit","Beef, Lamb, Game (deer, venison)","Shiraz/Syrah, Grenache, Mourvedre"
Domaine des Rouges Queues Maranges 1er Cru 'La Fussière' 2021,France,86.99,4.1,images/Domaine_des_Rouges_Queues_Maranges_1er_Cru_La_Fuss.png,images/bottle_Domaine_des_Rouges_Queues_Maranges_1er_Cru_.png,Maranges 1er Cru 'Clos de la Fussière',Domaine des Rouges Queues,"red fruit, earth, black fruit, spices, microbio, oak, dried fruit, vegetal, non oak","Beef, Veal, Game (deer, venison), Poultry",Pinot Noir
Longoria Lovely Rita Pinot Noir 2023,United States,39,4,images/Longoria_Lovely_Rita_Pinot_Noir_2023.png,images/bottle_Longoria_Lovely_Rita_Pinot_Noir_2023.png,Sta. Rita Hills,Longoria,"red fruit, earth, oak, non oak, microbio, spices, black fruit, tree fruit, vegetal","Veal, Pork, Poultry, Mushrooms",Pinot Noir
Les Pieds Sur Terre Pinot Noir Les Trouillots 2021,France,63,3.7,images/Les_Pieds_Sur_Terre_Pinot_Noir_Les_Trouillots_2021.png,images/bottle_Les_Pieds_Sur_Terre_Pinot_Noir_Les_Trouillo.png,Côtes du Jura,Les Pieds Sur Terre,"earth, red fruit, microbio, vegetal, black fruit, spices","Game (deer, venison), Appetizers and snacks, Mushrooms, Mild and soft cheese, Cured Meat","Pinot Noir, Trousseau, Poulsard"
Louis Jadot Chambolle-Musigny Premier Cru Les Amoureuses 2004,France,588,4.2,images/Louis_Jadot_Chambolle_Musigny_Premier_Cru_Les_Amou.png,images/bottle_Louis_Jadot_Chambolle_Musigny_Premier_Cru_L.png,Chambolle-Musigny Premier Cru,Louis Jadot,"red fruit, oak, earth, black fruit, non oak, spices, microbio, floral","Beef, Veal, Game (deer, venison), Poultry",Pinot Noir
Williams Selyem Sonoma Coast Pinot Noir 2021,United States,135,4.5,images/Williams_Selyem_Sonoma_Coast_Pinot_Noir_2021.png,images/bottle_Williams_Selyem_Sonoma_Coast_Pinot_Noir_202.png,Sonoma Coast,Williams Selyem,"red fruit, oak, non oak, earth, spices, black fruit, vegetal, floral, microbio, dried fruit, citrus fruit, tree fruit, tropical fruit","Veal, Pork, Poultry, Mushrooms",Pinot Noir
Roberto Voerzio Fossati Barolo 2019,Italy,369.99,4.5,images/Roberto_Voerzio_Fossati_Barolo_2019.png,images/bottle_Roberto_Voerzio_Fossati_Barolo_2019.png,Barolo,Roberto Voerzio,"red fruit, earth, oak, microbio, non oak, black fruit, spices, floral, vegetal, tree fruit","Beef, Pasta, Lamb, Game (deer, venison)",Nebbiolo
Hartford Court Muldune Trail Pinot Noir 2022,United States,78,4.2,images/Hartford_Court_Muldune_Trail_Pinot_Noir_2022.png,images/bottle_Hartford_Court_Muldune_Trail_Pinot_Noir_202.png,Anderson Valley,Hartford Court,"earth, red fruit, oak, non oak, black fruit, spices, vegetal","Veal, Pork, Poultry, Mushrooms",Pinot Noir
Lavinea Tualatin Estate Pinot Noir 2018,United States,49.99,4.3,images/Lavinea_Tualatin_Estate_Pinot_Noir_2018.png,images/bottle_Lavinea_Tualatin_Estate_Pinot_Noir_2018.png,Willamette Valley,Lavinea,"earth, red fruit, oak, non oak, microbio, black fruit, spices, citrus fruit, floral, vegetal","Beef, Veal, Game (deer, venison), Poultry",Pinot Noir
Dobbes Family Estate Eola-Amity Cuvée Pinot Noir 2021,United States,45,4.2,images/Dobbes_Family_Estate_Eola_Amity_Cuve_Pinot_Noir_20.png,images/bottle_Dobbes_Family_Estate_Eola_Amity_Cuve_Pinot_.png,Eola-Amity Hills,Dobbes Family Estate,"red fruit, earth, oak, black fruit, spices, non oak, microbio","Beef, Veal, Game (deer, venison), Poultry",Pinot Noir
Borgogno Barolo Liste 2010,Italy,64.61,4.2,images/Borgogno_Barolo_Liste_2010.png,images/bottle_Borgogno_Barolo_Liste_2010.png,Barolo,Borgogno,"earth, red fruit, oak, spices, non oak, black fruit, floral, microbio, dried fruit, vegetal, citrus fruit, tropical fruit","Beef, Pasta, Lamb, Game (deer, venison)",Nebbiolo
Bruno Giacosa Barolo 2018,Italy,276.99,4.4,images/Bruno_Giacosa_Barolo_2018.png,images/bottle_Bruno_Giacosa_Barolo_2018.png,Barolo,Bruno Giacosa,"red fruit, earth, oak, floral, spices, non oak, black fruit, vegetal, microbio, dried fruit","Beef, Pasta, Lamb, Game (deer, venison)",Nebbiolo
Adrien Renoir Lieu Dit Les Epinettes Champagne Grand Cru 'Verzy' 2019,France,152,4.3,images/Adrien_Renoir_Lieu_Dit_Les_Epinettes_Champagne_Gra.png,images/bottle_Adrien_Renoir_Lieu_Dit_Les_Epinettes_Champa.png,Champagne Grand Cru 'Verzy',Adrien Renoir,"tree fruit, non oak, oak, microbio, earth, tropical fruit, citrus fruit, spices, vegetal","Pork, Rich fish (salmon, tuna etc), Shellfish, Mild and soft cheese","Chardonnay, Pinot Noir, Pinot Meunier"
Comando G Navatalgordo 2022,Spain,68,4,images/Comando_G_Navatalgordo_2022.jpg,,Madrid,Comando G,,"Beef, Pasta, Lamb, Game (deer, venison), Poultry",Grenache
Giuseppe Rinaldi Brunate Barolo 2015,Italy,515,4.5,images/Giuseppe_Rinaldi_Brunate_Barolo_2015.png,images/bottle_Giuseppe_Rinaldi_Brunate_Barolo_2015.png,Barolo,Giuseppe Rinaldi,"earth, red fruit, oak, non oak, black fruit, spices, floral, microbio, vegetal, tree fruit, citrus fruit, dried fruit","Beef, Pasta, Lamb, Game (deer, venison)",Nebbiolo
Nino Negri Vigna Fracia Valtellina Superiore Valgella 2019,Italy,74.99,4.2,images/Nino_Negri_Vigna_Fracia_Valtellina_Superiore_Valge.jpg,,Valtellina Superiore,Nino Negri,"black fruit, red fruit, spices, earth, non oak, oak","Beef, Lamb, Game (deer, venison), Poultry",Nebbiolo
Domaine Pavelot - Jean-Marc et Hughes Savigny-les-Beaune 1er Cru 'Les Peuillets' 2016,France,42,4,images/Domaine_Pavelot_Jean_Marc_et_Hughes_Savigny_les_Be.png,images/bottle_Domaine_Pavelot_Jean_Marc_et_Hughes_Savigny.png,Savigny-lès-Beaune 1er Cru 'Les Peuillets',Domaine Pavelot - Jean-Marc et Hughes,"earth, red fruit, oak, non oak, spices, black fruit, microbio, dried fruit, vegetal","Beef, Veal, Game (deer, venison), Poultry",Pinot Noir
Nervi Vigna Molsino 2018,Italy,192,4.4,images/Nervi_Vigna_Molsino_2018.png,images/bottle_Nervi_Vigna_Molsino_2018.png,Gattinara,Nervi,"earth, oak, red fruit, non oak, spices, black fruit, microbio, floral, dried fruit, citrus fruit, vegetal, tree fruit, tropical fruit","Beef, Lamb, Game (deer, venison), Poultry",Nebbiolo
Telmo Rodriguez Pegaso Arrebatacapas 2021,Spain,109.99,4.2,images/Telmo_Rodriguez_Pegaso_Arrebatacapas_2021.png,images/bottle_Telmo_Rodriguez_Pegaso_Arrebatacapas_2021.png,Madrid,Telmo Rodriguez,"red fruit, spices, earth, black fruit, non oak, oak, dried fruit, floral, tree fruit, vegetal","Beef, Pasta, Lamb, Game (deer, venison), Poultry",Grenache
Domaine Loubejac Pinot Noir 2023,United States,21.97,3.9,images/Domaine_Loubejac_Pinot_Noir_2023.png,images/bottle_Domaine_Loubejac_Pinot_Noir_2023.png,Willamette Valley,Domaine Loubejac,"red fruit, earth, oak, non oak, spices, black fruit, microbio, dried fruit, floral, vegetal, citrus fruit, tree fruit","Beef, Veal, Game (deer, venison), Poultry",Pinot Noir
Hundred Suns Bednarik Vineyard Pinot Noir 2023,United States,68.99,4.4,images/Hundred_Suns_Bednarik_Vineyard_Pinot_Noir_2023.png,images/bottle_Hundred_Suns_Bednarik_Vineyard_Pinot_Noir_2.png,Willamette Valley,Hundred Suns,"red fruit, oak, black fruit, earth, microbio, spices, non oak, dried fruit, vegetal","Beef, Veal, Game (deer, venison), Poultry",Pinot Noir
Aurélien Verdet Nuits-Saint-Georges 2017,France,94.99,4.3,images/Aurlien_Verdet_Nuits_Saint_Georges_2017.png,images/bottle_Aurlien_Verdet_Nuits_Saint_Georges_2017.png,Nuits-Saint-Georges,Aurélien Verdet,"red fruit, earth, oak, spices, non oak, black fruit, microbio, dried fruit, floral, citrus fruit, vegetal","Beef, Veal, Game (deer, venison), Poultry",Pinot Noir
Señorío de Irati Tinto 2021,Spain,11.99,3.8,images/Seoro_de_Irati_Tinto_2021.png,images/bottle_Seoro_de_Irati_Tinto_2021.png,Navarra,Señorío de Irati,"red fruit, oak, earth, non oak, black fruit, spices, dried fruit, floral, vegetal, citrus fruit, microbio, tree fruit","Beef, Pasta, Lamb, Game (deer, venison), Poultry",Grenache
Philippe Pacalet Corton-Bressandes Grand Cru 2020,France,489,4.4,images/Philippe_Pacalet_Corton_Bressandes_Grand_Cru_2020.png,images/bottle_Philippe_Pacalet_Corton_Bressandes_Grand_Cr.png,Corton Grand Cru 'Les Bressandes',Philippe Pacalet,"red fruit, oak, spices, earth, non oak, black fruit, tree fruit, microbio, floral, vegetal","Beef, Veal, Game (deer, venison), Poultry",Pinot Noir
Gust Pinot Noir 2022,United States,35.99,4.1,images/Gust_Pinot_Noir_2022.jpg,,Petaluma Gap,Gust,"red fruit, earth, black fruit, oak, non oak, dried fruit, spices","Beef, Veal, Game (deer, venison), Poultry",Pinot Noir
Netofa Latour Netofa White 2020,Israel,29.99,3.5,images/Netofa_Latour_Netofa_White_2020.png,images/bottle_Netofa_Latour_Netofa_White_2020.png,Galilee,Netofa,"citrus fruit, microbio, oak, tree fruit, spices, earth, vegetal, non oak, tropical fruit, black fruit, red fruit, floral","Pasta, Vegetarian, Poultry, Appetizers and snacks, Lean fish, Goat's Milk Cheese",
Domaine Collotte Fixin Les Champstions 2022,France,59.99,3.9,images/Domaine_Collotte_Fixin_Les_Champstions_2022.png,images/bottle_Domaine_Collotte_Fixin_Les_Champstions_2022.png,Fixin,Domaine Collotte,"red fruit, earth, non oak, oak, microbio, spices, floral","Beef, Veal, Game (deer, venison), Poultry",Pinot Noir
August Briggs Pinot Noir 2006,United States,39.99,4.1,images/August_Briggs_Pinot_Noir_2006.jpg,,Russian River Valley,August Briggs,"red fruit, oak, non oak, earth, spices, black fruit, microbio, dried fruit, floral","Veal, Pork, Poultry, Mushrooms",Pinot Noir
Henri & Philippe Jouan Chambolle-Musigny Vieilles Vignes 2020,France,119.99,4.2,images/Henri_Philippe_Jouan_Chambolle_Musigny_Vieilles_Vi.png,images/bottle_Henri_Philippe_Jouan_Chambolle_Musigny_Viei.png,Chambolle-Musigny,Henri & Philippe Jouan,"red fruit, earth, oak, microbio, non oak, black fruit, spices","Beef, Veal, Game (deer, venison), Poultry",Pinot Noir
Talley Vineyards Estate Pinot Noir 2021,United States,36.99,4.2,images/Talley_Vineyards_Estate_Pinot_Noir_2021.png,images/bottle_Talley_Vineyards_Estate_Pinot_Noir_2021.png,Arroyo Grande Valley,Talley Vineyards,"red fruit, oak, earth, non oak, spices, black fruit, microbio, citrus fruit, floral, vegetal, dried fruit, tree fruit, tropical fruit","Beef, Veal, Game (deer, venison), Poultry",Pinot Noir
Modus Operandi Bacigalupi Vineyard Pinot Noir 2021,United States,85,4.3,images/Modus_Operandi_Bacigalupi_Vineyard_Pinot_Noir_2021.png,images/bottle_Modus_Operandi_Bacigalupi_Vineyard_Pinot_No.png,Russian River Valley,Modus Operandi,"red fruit, oak, earth, spices, non oak, black fruit, microbio, dried fruit","Veal, Pork, Poultry, Mushrooms",Pinot Noir
Clos du Mont-Olivet Châteauneuf-du-Pape La Cuvée du Papet 2009,France,98,4.1,images/Clos_du_Mont_Olivet_Chteauneuf_du_Pape_La_Cuve_du_.png,images/bottle_Clos_du_Mont_Olivet_Chteauneuf_du_Pape_La_C.png,Châteauneuf-du-Pape,Clos du Mont-Olivet,"earth, oak, black fruit, red fruit, non oak, spices, floral, microbio, dried fruit, vegetal, tree fruit, citrus fruit, tropical fruit","Lamb, Pork, Poultry","Shiraz/Syrah, Mourvedre, Counoise, Cinsaut, Vaccareze, Muscardin"
Brovia Barolo 2019,Italy,74.99,4.2,images/Brovia_Barolo_2019.png,images/bottle_Brovia_Barolo_2019.png,Barolo,Brovia,"red fruit, earth, oak, spices, non oak, black fruit, floral, microbio, dried fruit, vegetal, citrus fruit, tree fruit","Beef, Pasta, Lamb, Game (deer, venison)",Nebbiolo
Domaine Faiveley Mercurey 1er Cru Clos des Myglands 2022,France,57.99,4.2,images/Domaine_Faiveley_Mercurey_1er_Cru_Clos_des_Mygland.png,images/bottle_Domaine_Faiveley_Mercurey_1er_Cru_Clos_des_.png,Mercurey 1er Cru 'Clos des Myglands',Domaine Faiveley,"red fruit, earth, oak, non oak, spices, black fruit, microbio, floral, vegetal, dried fruit, citrus fruit, tree fruit","Beef, Veal, Game (deer, venison), Poultry",Pinot Noir
Domaine Carneros Estate Pinot Noir 2020,United States,36.99,4.1,images/Domaine_Carneros_Estate_Pinot_Noir_2020.png,images/bottle_Domaine_Carneros_Estate_Pinot_Noir_2020.png,Los Carneros,Domaine Carneros,"red fruit, oak, earth, non oak, black fruit, spices, microbio, vegetal, citrus fruit, floral, dried fruit, tree fruit","Veal, Pork, Poultry, Mushrooms",Pinot Noir
Gérard Mugneret Cuvée Quatrain Vosne-Romanée 2021,France,135,4.1,images/Grard_Mugneret_Cuve_Quatrain_Vosne_Romane_2021.png,images/bottle_Grard_Mugneret_Cuve_Quatrain_Vosne_Romane_2.png,Vosne-Romanée,Gérard Mugneret,"red fruit, floral, spices, earth, vegetal, non oak, oak","Beef, Veal, Game (deer, venison), Poultry",Pinot Noir
Leese-Fitch Pinot Noir 2020,United States,15.99,3.7,images/Leese_Fitch_Pinot_Noir_2020.png,images/bottle_Leese_Fitch_Pinot_Noir_2020.png,California,Leese-Fitch,"red fruit, oak, non oak, earth, spices, black fruit, microbio, dried fruit, vegetal, floral, tree fruit, citrus fruit, tropical fruit","Beef, Veal, Game (deer, venison), Poultry",Pinot Noir
Dupont-Tisserandot Gevrey-Chambertin 1er Cru 'Les Cazetiers' 2012,France,158,4.3,images/Dupont_Tisserandot_Gevrey_Chambertin_1er_Cru_Les_C.png,images/bottle_Dupont_Tisserandot_Gevrey_Chambertin_1er_Cr.png,Gevrey-Chambertin 1er Cru 'Les Cazetiers',Dupont-Tisserandot,"earth, oak, non oak, red fruit, microbio, black fruit, spices, floral, vegetal, citrus fruit","Beef, Veal, Game (deer, venison), Poultry",Pinot Noir
Harmonique Oppenlander Pinot Noir 2012,United States,52,3.9,images/Harmonique_Oppenlander_Pinot_Noir_2012.png,images/bottle_Harmonique_Oppenlander_Pinot_Noir_2012.png,Mendocino County,Harmonique,"red fruit, earth, black fruit, non oak, oak, spices, tree fruit","Beef, Veal, Game (deer, venison), Poultry",Pinot Noir
Azelia Barolo San Rocco 2010,Italy,95,4,images/Azelia_Barolo_San_Rocco_2010.png,images/bottle_Azelia_Barolo_San_Rocco_2010.png,Barolo,Azelia,"earth, oak, red fruit, non oak, spices, black fruit, microbio, floral, dried fruit, vegetal, citrus fruit, tree fruit, tropical fruit","Beef, Pasta, Lamb, Game (deer, venison)",Nebbiolo
Vena Cava Grenache Rosado 2023,Mexico,28.99,3.6,images/Vena_Cava_Grenache_Rosado_2023.jpg,,Valle de Guadalupe,Vena Cava,"red fruit, earth, tree fruit, citrus fruit, floral",,
Belle Pente Pinot Noir 2022,United States,34.99,4,images/Belle_Pente_Pinot_Noir_2022.png,images/bottle_Belle_Pente_Pinot_Noir_2022.png,Yamhill-Carlton District,Belle Pente,"red fruit, earth, oak, non oak, black fruit, spices, microbio, citrus fruit, vegetal","Beef, Veal, Game (deer, venison), Poultry",Pinot Noir
Littorai Les Larmes Pinot Noir 2021,United States,74.99,4.4,images/Littorai_Les_Larmes_Pinot_Noir_2021.png,images/bottle_Littorai_Les_Larmes_Pinot_Noir_2021.png,Anderson Valley,Littorai,"red fruit, oak, earth, non oak, spices, black fruit, floral, microbio, vegetal, citrus fruit, dried fruit, tree fruit, tropical fruit","Veal, Pork, Poultry, Mushrooms",Pinot Noir
Espelt Pla De Gates Negre 2021,Spain,34.99,4,images/Espelt_Pla_De_Gates_Negre_2021.png,images/bottle_Espelt_Pla_De_Gates_Negre_2021.png,Empordà,Espelt,"red fruit, black fruit, earth, spices, oak, vegetal, floral, non oak, microbio","Beef, Pasta, Lamb, Game (deer, venison), Poultry",Grenache
R. Parr & S. Moorman Sta. Rita Hills 2018,United States,143,3.7,images/R_Parr_S_Moorman_Sta_Rita_Hills_2018.jpg,,Sta. Rita Hills,R. Parr & S. Moorman,"earth, red fruit, oak, non oak, black fruit, tropical fruit, microbio","Veal, Pork, Poultry, Mushrooms",Pinot Noir
Roagna Langhe Rosso 2019,Italy,60,4.1,images/Roagna_Langhe_Rosso_2019.png,images/bottle_Roagna_Langhe_Rosso_2019.png,Langhe,Roagna,"earth, red fruit, oak, non oak, spices, black fruit, floral, microbio, dried fruit, citrus fruit, vegetal, tree fruit, tropical fruit","Beef, Lamb, Game (deer, venison), Poultry",Nebbiolo
Portola Los Trancos Creek Vineyard Pinot Noir 2021,United States,42,3.9,images/Portola_Los_Trancos_Creek_Vineyard_Pinot_Noir_2021.jpg,,Santa Clara Valley,Portola,"oak, red fruit, earth, black fruit, tree fruit, spices, microbio, non oak","Beef, Veal, Game (deer, venison), Poultry",Pinot Noir
Paradise Springs Pinot Noir 2019,United States,58,3.9,images/Paradise_Springs_Pinot_Noir_2019.jpg,,Sta. Rita Hills,Paradise Springs,"red fruit, earth, non oak, oak, black fruit, microbio, dried fruit, spices, vegetal, tree fruit, floral","Veal, Pork, Poultry, Mushrooms",Pinot Noir
Valravn Pinot Noir 2021,United States,21.99,4.1,images/Valravn_Pinot_Noir_2021.png,images/bottle_Valravn_Pinot_Noir_2021.png,Sonoma County,Valravn,"red fruit, oak, non oak, earth, spices, black fruit, dried fruit, microbio, citrus fruit, floral, vegetal, tree fruit, tropical fruit","Beef, Veal, Game (deer, venison), Poultry",Pinot Noir
Corino Giachini Barolo 2012,Italy,62.26,4.3,images/Corino_Giachini_Barolo_2012.png,images/bottle_Corino_Giachini_Barolo_2012.png,Barolo,Corino,"oak, earth, red fruit, non oak, black fruit, spices, floral, microbio, dried fruit, citrus fruit, vegetal, tree fruit","Beef, Pasta, Lamb, Game (deer, venison)",Nebbiolo
Lavinea Elton Vineyard Pinot Noir 2018,United States,49.99,4.1,images/Lavinea_Elton_Vineyard_Pinot_Noir_2018.png,images/bottle_Lavinea_Elton_Vineyard_Pinot_Noir_2018.png,Eola-Amity Hills,Lavinea,"red fruit, earth, non oak, oak, black fruit, spices, floral, citrus fruit, microbio, vegetal, dried fruit","Beef, Veal, Game (deer, venison), Poultry",Pinot Noir
The Language of Yes Grenache 2022,United States,40,4,images/The_Language_of_Yes_Grenache_2022.png,images/bottle_The_Language_of_Yes_Grenache_2022.png,Santa Maria Valley,The Language of Yes,"red fruit, spices, black fruit, floral, earth, non oak, dried fruit, oak, citrus fruit, vegetal, microbio","Beef, Lamb, Spicy food, Vegetarian, Poultry",Grenache
Ménage à Trois Luscious Pinot Noir 2022,United States,10.99,3.8,images/Mnage_Trois_Luscious_Pinot_Noir_2022.png,images/bottle_Mnage_Trois_Luscious_Pinot_Noir_2022.png,California,Ménage à Trois,"red fruit, oak, non oak, spices, black fruit, earth, microbio, dried fruit, vegetal, tree fruit, floral, citrus fruit","Beef, Veal, Game (deer, venison), Poultry",Pinot Noir
Malat Reserve Brut Rosé 2017,Austria,51.99,3.9,images/Malat_Reserve_Brut_Ros_2017.png,images/bottle_Malat_Reserve_Brut_Ros_2017.png,Kremstal,Malat,"red fruit, microbio, tree fruit, citrus fruit, earth, non oak, dried fruit, tropical fruit","Shellfish, Appetizers and snacks, Lean fish, Aperitif",
San Simeon Wines Grenache Rosé 2023,United States,18.95,3.7,images/San_Simeon_Wines_Grenache_Ros_2023.png,images/bottle_San_Simeon_Wines_Grenache_Ros_2023.png,Paso Robles,San Simeon Wines,"red fruit, tree fruit, citrus fruit, earth, black fruit, oak, spices","Shellfish, Spicy food, Appetizers and snacks, Fruity desserts, Aperitif","Shiraz/Syrah, Cabernet Sauvignon, Pinot Noir, Sangiovese, Zinfandel, Barbera"
Scarzello Barolo Sarmassa Vigna Merenda 2011,Italy,55.21,4.3,images/Scarzello_Barolo_Sarmassa_Vigna_Merenda_2011.png,images/bottle_Scarzello_Barolo_Sarmassa_Vigna_Merenda_201.png,Barolo,Scarzello,"earth, oak, red fruit, spices, non oak, black fruit, microbio, floral, vegetal, citrus fruit, dried fruit","Beef, Pasta, Lamb, Game (deer, venison)",Nebbiolo
Benoît Déhu Cuvée de L'Orme Champagne 2016,France,148,4.3,images/Benot_Dhu_Cuve_de_LOrme_Champagne_2016.jpg,,Champagne,Benoît Déhu,"tree fruit, earth, oak, citrus fruit, non oak, microbio, spices, red fruit, black fruit, tropical fruit, floral","Pork, Rich fish (salmon, tuna etc), Shellfish, Mild and soft cheese","Chardonnay, Pinot Noir, Pinot Meunier"
Lenz Winery Gewürztraminer 2022,United States,27,3.8,images/Lenz_Winery_Gewrztraminer_2022.png,images/bottle_Lenz_Winery_Gewrztraminer_2022.png,North Fork of Long Island,Lenz Winery,"tropical fruit, earth, citrus fruit, oak, tree fruit, spices, floral, vegetal, microbio, dried fruit, non oak",,
Domaine Rossignol-Trapet Gevrey-Chambertin Les Corbeaux 1er Cru 2021,France,263,4.2,images/Domaine_Rossignol_Trapet_Gevrey_Chambertin_Les_Cor.png,images/bottle_Domaine_Rossignol_Trapet_Gevrey_Chambertin_.png,Gevrey-Chambertin 1er Cru 'Les Crobeaux',Domaine Rossignol-Trapet,"red fruit, earth, oak, spices, non oak, microbio, black fruit, dried fruit, citrus fruit, floral","Beef, Veal, Game (deer, venison), Poultry",Pinot Noir
Lignier-Michelot Morey-Saint-Denis Premier Cru 'Aux Chezeaux' 2019,France,180,4.1,images/Lignier_Michelot_Morey_Saint_Denis_Premier_Cru_Aux.png,images/bottle_Lignier_Michelot_Morey_Saint_Denis_Premier_.png,Morey-Saint-Denis 1er Cru 'Aux Cheseaux',Lignier-Michelot,"red fruit, oak, earth, non oak, black fruit, spices, floral","Beef, Veal, Game (deer, venison), Poultry",Pinot Noir
Petri Pinot Noir 2022,Germany,23.99,3.6,images/Petri_Pinot_Noir_2022.jpg,,Pfalz,Petri,"red fruit, black fruit, earth, oak, dried fruit, citrus fruit, floral, non oak","Beef, Veal, Game (deer, venison), Poultry",Pinot Noir
Dugat-Py Vieilles Vignes Gevrey-Chambertin 1er Cru 'Petite Chapelle' 2019,France,434,4.3,images/Dugat_Py_Vieilles_Vignes_Gevrey_Chambertin_1er_Cru.png,images/bottle_Dugat_Py_Vieilles_Vignes_Gevrey_Chambertin_.png,Gevrey-Chambertin 1er Cru 'Petite Chapelle',Dugat-Py,"earth, black fruit, oak, red fruit, non oak, spices, floral, vegetal, microbio","Beef, Veal, Game (deer, venison), Poultry",Pinot Noir
Clos du Caillou Côtes du Rhône Le Caillou 2023,France,23.99,3.8,images/Clos_du_Caillou_Ctes_du_Rhne_Le_Caillou_2023.png,images/bottle_Clos_du_Caillou_Ctes_du_Rhne_Le_Caillou_202.png,Côtes-du-Rhône,Clos du Caillou,"red fruit, black fruit, spices, oak, earth, non oak, microbio, vegetal, tree fruit, dried fruit, floral, tropical fruit, citrus fruit","Beef, Lamb, Game (deer, venison)","Shiraz/Syrah, Grenache, Mourvedre"
Domaine Santa Duc Châteauneuf du Pape Habemus Papam 2020,France,74.97,4.3,images/Domaine_Santa_Duc_Chteauneuf_du_Pape_Habemus_Papam.png,images/bottle_Domaine_Santa_Duc_Chteauneuf_du_Pape_Habemu.png,Châteauneuf-du-Pape,Domaine Santa Duc,"oak, earth, black fruit, spices, red fruit, non oak, dried fruit, floral, vegetal, microbio, citrus fruit, tree fruit","Lamb, Pork, Poultry","Shiraz/Syrah, Mourvedre, Counoise, Cinsaut, Vaccareze, Muscardin"
Mount Eden Vineyards Domaine Eden Pinot Noir 2019,United States,45,4.1,images/Mount_Eden_Vineyards_Domaine_Eden_Pinot_Noir_2019.png,images/bottle_Mount_Eden_Vineyards_Domaine_Eden_Pinot_Noi.png,Santa Cruz Mountains,Mount Eden Vineyards,"red fruit, earth, oak, non oak, spices, black fruit, floral, microbio, vegetal, citrus fruit, dried fruit, tree fruit, tropical fruit","Beef, Veal, Game (deer, venison), Poultry",Pinot Noir
Dobbes Family Estate Griffin's Cuvée Pinot Noir 2021,United States,55,4.1,images/Dobbes_Family_Estate_Griffins_Cuve_Pinot_Noir_2021.png,images/bottle_Dobbes_Family_Estate_Griffins_Cuve_Pinot_No.png,Willamette Valley,Dobbes Family Estate,"red fruit, earth, black fruit, oak, spices, microbio, non oak","Beef, Veal, Game (deer, venison), Poultry",Pinot Noir
Cristom Paul Gerrie Vineyard Pinot Noir 2022,United States,86.99,4.2,images/Cristom_Paul_Gerrie_Vineyard_Pinot_Noir_2022.png,images/bottle_Cristom_Paul_Gerrie_Vineyard_Pinot_Noir_202.png,Eola-Amity Hills,Cristom,"red fruit, earth, oak, non oak, black fruit, floral, spices, microbio, vegetal","Beef, Veal, Game (deer, venison), Poultry",Pinot Noir
Nicolas Jay L'Ensemble Pinot Noir 2018,United States,70,4.2,images/Nicolas_Jay_LEnsemble_Pinot_Noir_2018.png,images/bottle_Nicolas_Jay_LEnsemble_Pinot_Noir_2018.png,Willamette Valley,Nicolas Jay,"red fruit, oak, spices, black fruit, earth, non oak, floral, microbio, vegetal, dried fruit, tree fruit","Beef, Veal, Game (deer, venison), Poultry",Pinot Noir
Pierre Labet - François Labet Vieilles Vignes Bourgogne Pinot Noir 2017,France,55.99,3.8,images/Pierre_Labet_Franois_Labet_Vieilles_Vignes_Bourgog.png,images/bottle_Pierre_Labet_Franois_Labet_Vieilles_Vignes_.png,Bourgogne,Pierre Labet - François Labet,"red fruit, oak, earth, spices, non oak, black fruit, microbio, floral, vegetal, dried fruit, tree fruit, citrus fruit, tropical fruit","Beef, Veal, Game (deer, venison), Poultry",Pinot Noir
Jean-Marc Vincent Gravité 2022,France,179.99,4.2,images/Jean_Marc_Vincent_Gravit_2022.png,images/bottle_Jean_Marc_Vincent_Gravit_2022.png,Côte de Beaune,Jean-Marc Vincent,"red fruit, oak, black fruit, earth, floral, non oak","Beef, Veal, Game (deer, venison), Poultry",Pinot Noir
Giovanni Montisci Barrosu Cannonau di Sardegna 2017,Italy,55.21,4.1,images/Giovanni_Montisci_Barrosu_Cannonau_di_Sardegna_201.png,images/bottle_Giovanni_Montisci_Barrosu_Cannonau_di_Sarde.png,Cannonau di Sardegna,Giovanni Montisci,"red fruit, oak, black fruit, spices, non oak, earth, floral, dried fruit, citrus fruit, vegetal, tree fruit, microbio, tropical fruit","Beef, Pasta, Lamb, Game (deer, venison), Poultry",Grenache
Ghislaine Barthod Chambolle-Musigny 1er Cru 'Les Véroilles' 2022,France,246,4.3,images/Ghislaine_Barthod_Chambolle_Musigny_1er_Cru_Les_Vr.png,images/bottle_Ghislaine_Barthod_Chambolle_Musigny_1er_Cru.png,Chambolle-Musigny 1er Cru 'Les Véroilles',Ghislaine Barthod,"red fruit, earth, oak, non oak, black fruit, citrus fruit, tree fruit, spices, vegetal, microbio","Beef, Veal, Game (deer, venison), Poultry",Pinot Noir
Roberto Voerzio Barolo del Comune di la Morra 2019,Italy,156.99,4.4,images/Roberto_Voerzio_Barolo_del_Comune_di_la_Morra_2019.png,images/bottle_Roberto_Voerzio_Barolo_del_Comune_di_la_Mor.png,Barolo,Roberto Voerzio,"red fruit, earth, oak, spices, non oak, floral, microbio, black fruit, dried fruit, citrus fruit, tree fruit, vegetal","Beef, Pasta, Lamb, Game (deer, venison)",Nebbiolo
Aldo Conterno Barolo Bussia Colonnello 2015,Italy,199.99,4.4,images/Aldo_Conterno_Barolo_Bussia_Colonnello_2015.png,images/bottle_Aldo_Conterno_Barolo_Bussia_Colonnello_2015.png,Barolo,Aldo Conterno,"oak, earth, red fruit, spices, black fruit, non oak, floral, microbio, vegetal, dried fruit, citrus fruit, tropical fruit, tree fruit","Beef, Pasta, Lamb, Game (deer, venison)",Nebbiolo
Chacra Barda Pinot Noir 2023,Argentina,34.99,4.1,images/Chacra_Barda_Pinot_Noir_2023.png,images/bottle_Chacra_Barda_Pinot_Noir_2023.png,Patagonia,Chacra,"red fruit, oak, earth, non oak, spices, black fruit, microbio, vegetal, floral, dried fruit, citrus fruit, tree fruit, tropical fruit","Beef, Veal, Game (deer, venison), Poultry",Pinot Noir
Paul Hobbs Pinot Noir 2022,United States,79.99,4.4,images/Paul_Hobbs_Pinot_Noir_2022.png,images/bottle_Paul_Hobbs_Pinot_Noir_2022.png,Sonoma Coast,Paul Hobbs,"red fruit, oak, black fruit, non oak, spices, tree fruit, earth, dried fruit","Veal, Pork, Poultry, Mushrooms",Pinot Noir
Hagafen Pinot Noir 2022,United States,39.99,3.6,images/Hagafen_Pinot_Noir_2022.png,images/bottle_Hagafen_Pinot_Noir_2022.png,Los Carneros,Hagafen,"red fruit, earth, oak, spices, black fruit, non oak, dried fruit, vegetal","Veal, Pork, Poultry, Mushrooms",Pinot Noir
Domaine Antonin Guyon Chambolle-Musigny 1991,France,165,4.1,images/Domaine_Antonin_Guyon_Chambolle_Musigny_1991.png,images/bottle_Domaine_Antonin_Guyon_Chambolle_Musigny_199.png,Chambolle-Musigny,Domaine Antonin Guyon,"red fruit, spices, earth, oak, black fruit, dried fruit, microbio, non oak, tree fruit, floral","Beef, Veal, Game (deer, venison), Poultry",Pinot Noir
Jean Bouchard Vosne-Romanée 1978,France,245,4,images/Jean_Bouchard_Vosne_Romane_1978.jpg,,Vosne-Romanée,Jean Bouchard,"earth, oak, red fruit, microbio","Beef, Veal, Game (deer, venison), Poultry",Pinot Noir
Chateau de l'Eperonniere Crémant de Loire 2021,France,29,4.1,images/Chateau_de_lEperonniere_Crmant_de_Loire_2021.png,images/bottle_Chateau_de_lEperonniere_Crmant_de_Loire_202.png,Crémant de Loire,Chateau de l'Eperonniere,"tree fruit, microbio, citrus fruit, non oak, earth, oak, spices, tropical fruit, floral","Shellfish, Poultry, Appetizers and snacks, Lean fish, Aperitif","Chardonnay, Pinot Gris, Pinot Noir, Roussanne, Pinot Blanc, Auxerrois"
Cameron Nebbiolo 2020,United States,41.99,3.9,images/Cameron_Nebbiolo_2020.png,images/bottle_Cameron_Nebbiolo_2020.png,Willamette Valley,Cameron,"red fruit, earth, oak, non oak, black fruit, spices, vegetal, floral, tree fruit","Vegetarian, Mushrooms",
Schloss Gobelsburg Pinot Noir Reserve 2018,Austria,61.99,4,images/Schloss_Gobelsburg_Pinot_Noir_Reserve_2018.png,images/bottle_Schloss_Gobelsburg_Pinot_Noir_Reserve_2018.png,Niederösterreich,Schloss Gobelsburg,"red fruit, oak, earth, non oak, spices, black fruit, vegetal, microbio, dried fruit, citrus fruit","Beef, Veal, Game (deer, venison), Poultry",Pinot Noir
Gusbourne Rosé 2019,United Kingdom,85,4.1,images/Gusbourne_Ros_2019.png,images/bottle_Gusbourne_Ros_2019.png,Kent,Gusbourne,"red fruit, microbio, citrus fruit, non oak, tree fruit, oak, earth, vegetal, spices, floral, black fruit, tropical fruit, dried fruit","Shellfish, Appetizers and snacks, Lean fish, Aperitif","Chardonnay, Pinot Noir, Pinot Meunier"
Bitouzet-Prieur Volnay 1er Cru 'Caillerets' 2017,France,134,4.1,images/Bitouzet_Prieur_Volnay_1er_Cru_Caillerets_2017.png,images/bottle_Bitouzet_Prieur_Volnay_1er_Cru_Caillerets_2.png,Volnay 1er Cru 'Les Caillerets',Bitouzet-Prieur,"red fruit, earth, spices, oak, black fruit, vegetal, non oak, dried fruit, floral, microbio","Beef, Veal, Game (deer, venison), Poultry",Pinot Noir
Daniele Conterno Barolo 2019,Italy,49.99,4.2,images/Daniele_Conterno_Barolo_2019.png,images/bottle_Daniele_Conterno_Barolo_2019.png,Barolo,Daniele Conterno,"earth, oak, red fruit, non oak, black fruit, microbio, spices, floral, vegetal","Beef, Pasta, Lamb, Game (deer, venison)",Nebbiolo
Trinity Vineyards Pinot Noir 2019,United States,45,3.8,images/Trinity_Vineyards_Pinot_Noir_2019.jpg,,Willamette Valley,Trinity Vineyards,"oak, red fruit, spices, non oak, black fruit, earth, dried fruit, citrus fruit, vegetal","Beef, Veal, Game (deer, venison), Poultry",Pinot Noir
Layer Cake Pinot Noir 2021,United States,14.99,3.7,images/Layer_Cake_Pinot_Noir_2021.png,images/bottle_Layer_Cake_Pinot_Noir_2021.png,Central Coast,Layer Cake,"oak, red fruit, earth, non oak, black fruit, spices, microbio, dried fruit, tree fruit, citrus fruit, floral, vegetal","Beef, Veal, Game (deer, venison), Poultry",Pinot Noir
Domaine Fourrier Bourgogne Pinot Noir 2021,France,75,4.1,images/Domaine_Fourrier_Bourgogne_Pinot_Noir_2021.png,images/bottle_Domaine_Fourrier_Bourgogne_Pinot_Noir_2021.png,Bourgogne,Domaine Fourrier,"red fruit, oak, earth, spices, non oak, black fruit, microbio, floral, vegetal, citrus fruit","Beef, Veal, Game (deer, venison), Poultry",Pinot Noir
Ernest Vineyards Edaphos Giving Tree Vineyard Pinot Noir 2020,United States,29.99,4,images/Ernest_Vineyards_Edaphos_Giving_Tree_Vineyard_Pino.png,images/bottle_Ernest_Vineyards_Edaphos_Giving_Tree_Vineya.png,Oregon,Ernest Vineyards,"red fruit, spices, earth, oak, black fruit, non oak, dried fruit, vegetal, microbio, floral","Beef, Veal, Game (deer, venison), Poultry",Pinot Noir
Moillard Volnay Premier Cru Clos Des Chênes 2010,France,145,4.1,images/Moillard_Volnay_Premier_Cru_Clos_Des_Chnes_2010.png,images/bottle_Moillard_Volnay_Premier_Cru_Clos_Des_Chnes_.png,Volnay Premier Cru,Moillard,"red fruit, earth, black fruit, spices, floral, microbio, non oak, oak","Beef, Veal, Game (deer, venison), Poultry",Pinot Noir
Domaine Berthaut-Gerbet Gevrey-Chambertin Premier Cru Les Cazetiers 2016,France,249,4.1,images/Domaine_Berthaut_Gerbet_Gevrey_Chambertin_Premier_.png,images/bottle_Domaine_Berthaut_Gerbet_Gevrey_Chambertin_P.png,Gevrey-Chambertin Premier Cru,Domaine Berthaut-Gerbet,"red fruit, earth, black fruit, floral","Beef, Veal, Game (deer, venison), Poultry",Pinot Noir
Tulocay Haynes Vineyard Pinot Noir 1985,United States,188,4,images/Tulocay_Haynes_Vineyard_Pinot_Noir_1985.png,images/bottle_Tulocay_Haynes_Vineyard_Pinot_Noir_1985.png,Napa Valley,Tulocay,"red fruit, oak, black fruit, floral, earth, non oak, dried fruit, citrus fruit, spices, vegetal, microbio","Beef, Veal, Game (deer, venison), Poultry",Pinot Noir
Vignerons de Buxy Mercurey Buissonnier Rouge 2022,France,24.99,3.8,images/Vignerons_de_Buxy_Mercurey_Buissonnier_Rouge_2022.png,images/bottle_Vignerons_de_Buxy_Mercurey_Buissonnier_Roug.png,Mercurey,Vignerons de Buxy,"red fruit, earth, microbio, oak, spices, non oak, black fruit, citrus fruit","Beef, Veal, Game (deer, venison), Poultry",Pinot Noir
Álvaro Palacios L'Ermita Velles Vinyes Priorat 2000,Spain,453,4.7,images/lvaro_Palacios_LErmita_Velles_Vinyes_Priorat_2000.png,images/bottle_lvaro_Palacios_LErmita_Velles_Vinyes_Priora.png,Priorat,Álvaro Palacios,"oak, black fruit, earth, red fruit, non oak, spices, dried fruit, floral, microbio, vegetal, citrus fruit, tree fruit","Beef, Lamb, Game (deer, venison), Poultry","Shiraz/Syrah, Cabernet Sauvignon, Grenache, Carignan"
Domenico Clerico Barolo Briccotto 2020,Italy,188,4.2,images/Domenico_Clerico_Barolo_Briccotto_2020.png,images/bottle_Domenico_Clerico_Barolo_Briccotto_2020.png,Barolo,Domenico Clerico,"oak, black fruit, earth, spices, non oak, red fruit, floral, dried fruit, microbio, citrus fruit","Beef, Pasta, Lamb, Game (deer, venison)",Nebbiolo
Château d'Esclans Rosé 2021,France,37,4.1,images/Chteau_dEsclans_Ros_2021.png,images/bottle_Chteau_dEsclans_Ros_2021.png,Côtes de Provence,Château d'Esclans,"red fruit, oak, citrus fruit, tree fruit, earth, spices, non oak, microbio, floral, vegetal, black fruit, tropical fruit, dried fruit","Pork, Shellfish, Vegetarian, Poultry","Shiraz/Syrah, Grenache, Cinsault"
Flowers Rosé 2019,United States,39.99,4.1,images/Flowers_Ros_2019.png,images/bottle_Flowers_Ros_2019.png,Sonoma Coast,Flowers,"red fruit, citrus fruit, tree fruit, earth, microbio, oak, vegetal, floral, tropical fruit, non oak, spices, black fruit, dried fruit","Shellfish, Spicy food, Appetizers and snacks, Fruity desserts, Aperitif","Shiraz/Syrah, Cabernet Sauvignon, Pinot Noir, Sangiovese, Zinfandel, Barbera"
Domaine La Manarine Côtes du Rhône Rouge 2021,France,19.99,3.8,images/Domaine_La_Manarine_Ctes_du_Rhne_Rouge_2021.png,images/bottle_Domaine_La_Manarine_Ctes_du_Rhne_Rouge_2021.png,Côtes-du-Rhône,Domaine La Manarine,"red fruit, earth, black fruit, oak, spices, non oak, vegetal, floral, microbio, tree fruit, dried fruit, citrus fruit, tropical fruit","Beef, Lamb, Game (deer, venison)","Shiraz/Syrah, Grenache, Mourvedre"
Elena Walch Gewürztraminer Vigna Kastelaz 2022,Italy,36.99,4.2,images/Elena_Walch_Gewrztraminer_Vigna_Kastelaz_2022.png,images/bottle_Elena_Walch_Gewrztraminer_Vigna_Kastelaz_20.png,Südtirol - Alto Adige,Elena Walch,"tropical fruit, tree fruit, earth, citrus fruit, microbio, spices, oak, floral, non oak, vegetal, dried fruit, red fruit, black fruit","Pork, Rich fish (salmon, tuna etc), Spicy food, Poultry, Mild and soft cheese",Gewürztraminer
Marcarini La Serra Barolo 2015,Italy,79.88,4,images/Marcarini_La_Serra_Barolo_2015.png,images/bottle_Marcarini_La_Serra_Barolo_2015.png,Barolo,Marcarini,"earth, oak, red fruit, non oak, spices, black fruit, microbio, floral, dried fruit, vegetal, citrus fruit, tree fruit, tropical fruit","Beef, Pasta, Lamb, Game (deer, venison)",Nebbiolo
Borell Diehl Gewürztraminer Kabinett 2024,Germany,16.99,3.9,images/Borell_Diehl_Gewrztraminer_Kabinett_2024.png,images/bottle_Borell_Diehl_Gewrztraminer_Kabinett_2024.png,Pfalz,Borell Diehl,"tropical fruit, earth, tree fruit, citrus fruit, spices, floral, non oak, oak, red fruit, vegetal, microbio","Pork, Rich fish (salmon, tuna etc), Spicy food, Poultry, Mild and soft cheese",Gewürztraminer
Château de la Tour Clos Vougeot Grand Cru 2013,France,184.99,4.3,images/Chteau_de_la_Tour_Clos_Vougeot_Grand_Cru_2013.png,images/bottle_Chteau_de_la_Tour_Clos_Vougeot_Grand_Cru_20.png,Clos Vougeot Grand Cru,Château de la Tour,"red fruit, earth, oak, non oak, black fruit, spices, microbio, floral, dried fruit, vegetal, tree fruit, citrus fruit","Beef, Veal, Game (deer, venison), Poultry",Pinot Noir
Lucien le Moine Griotte-Chambertin Grand Cru 2017,France,448,4.3,images/Lucien_le_Moine_Griotte_Chambertin_Grand_Cru_2017.png,images/bottle_Lucien_le_Moine_Griotte_Chambertin_Grand_Cr.png,Griotte-Chambertin Grand Cru,Lucien le Moine,"red fruit, floral, oak, spices, microbio, non oak, black fruit, vegetal, earth","Beef, Veal, Game (deer, venison), Poultry",Pinot Noir
Fresh Vine Pinot Noir 2020,United States,16.99,3.7,images/Fresh_Vine_Pinot_Noir_2020.png,images/bottle_Fresh_Vine_Pinot_Noir_2020.png,California,Fresh Vine,"red fruit, oak, black fruit, spices, non oak, earth, vegetal, floral, microbio","Beef, Veal, Game (deer, venison), Poultry",Pinot Noir
Rié et Hirofumi Shoji Pedres Blanques Rouge 2019,France,175,4.2,images/Ri_et_Hirofumi_Shoji_Pedres_Blanques_Rouge_2019.jpg,,Vin de France,Rié et Hirofumi Shoji,"red fruit, black fruit, spices, earth, oak, non oak, floral, microbio, dried fruit, tropical fruit, tree fruit",,
Gérard Mugneret Vosne-Romanée 1er Cru 'Les Brulées' 2022,France,429,4.2,images/Grard_Mugneret_Vosne_Romane_1er_Cru_Les_Brules_202.png,images/bottle_Grard_Mugneret_Vosne_Romane_1er_Cru_Les_Bru.png,Vosne-Romanée 1er Cru 'Aux Brulées',Gérard Mugneret,"black fruit, red fruit, earth, microbio, dried fruit, non oak, oak, spices, vegetal","Beef, Veal, Game (deer, venison), Poultry",Pinot Noir
Giovanni Rosso Barolo La Serra 2015,Italy,79,4.3,images/Giovanni_Rosso_Barolo_La_Serra_2015.png,images/bottle_Giovanni_Rosso_Barolo_La_Serra_2015.png,Barolo,Giovanni Rosso,"earth, red fruit, oak, non oak, spices, black fruit, floral, microbio, dried fruit, vegetal, tree fruit","Beef, Pasta, Lamb, Game (deer, venison)",Nebbiolo
Aston Estate Pinot Noir 2018,United States,87.99,4.3,images/Aston_Estate_Pinot_Noir_2018.png,images/bottle_Aston_Estate_Pinot_Noir_2018.png,Sonoma Coast,Aston Estate,"red fruit, oak, non oak, earth, spices, black fruit, floral, microbio, vegetal, citrus fruit, dried fruit, tropical fruit","Veal, Pork, Poultry, Mushrooms",Pinot Noir
Foxen Block 43 Pinot Noir (Bien Nacido Vineyard) 2020,United States,68,4.3,images/Foxen_Block_43_Pinot_Noir_Bien_Nacido_Vineyard_202.png,images/bottle_Foxen_Block_43_Pinot_Noir_Bien_Nacido_Viney.png,Santa Maria Valley,Foxen,"red fruit, earth, oak, spices, non oak, black fruit, dried fruit, floral, vegetal, microbio, tree fruit, citrus fruit","Veal, Pork, Poultry, Mushrooms",Pinot Noir
Jean Perrier Cuvée Gastronomie Pinot Noir 2021,France,21.99,3.5,images/Jean_Perrier_Cuve_Gastronomie_Pinot_Noir_2021.png,images/bottle_Jean_Perrier_Cuve_Gastronomie_Pinot_Noir_20.png,Savoie,Jean Perrier,"red fruit, oak, earth, black fruit, non oak, floral, microbio, spices, citrus fruit, dried fruit, tree fruit, vegetal","Beef, Game (deer, venison), Mature and hard cheese, Mild and soft cheese","Pinot Noir, Gamay, Mondeuse Noire"
Luigi Einaudi Nebbiolo Langhe 2023,Italy,24.99,4,images/Luigi_Einaudi_Nebbiolo_Langhe_2023.png,images/bottle_Luigi_Einaudi_Nebbiolo_Langhe_2023.png,Langhe,Luigi Einaudi,"red fruit, oak, earth, non oak, spices, black fruit, floral, microbio, dried fruit, citrus fruit, vegetal, tree fruit","Beef, Lamb, Game (deer, venison), Poultry",Nebbiolo
Mullineux Straw Wine 2021,South Africa,55.99,4.3,images/Mullineux_Straw_Wine_2021.png,images/bottle_Mullineux_Straw_Wine_2021.png,Swartland,Mullineux,"earth, tree fruit, citrus fruit, vegetal, dried fruit, non oak, oak, microbio, tropical fruit, spices, floral, red fruit, black fruit","Sweet desserts, Fruity desserts",
Arista Pinot Noir 2019,United States,69.99,4.4,images/Arista_Pinot_Noir_2019.png,images/bottle_Arista_Pinot_Noir_2019.png,Russian River Valley,Arista,"red fruit, oak, earth, black fruit, non oak, spices, microbio, floral, vegetal, citrus fruit, dried fruit, tree fruit, tropical fruit","Veal, Pork, Poultry, Mushrooms",Pinot Noir
Dawn's Dream Winery Alyssa Pinot Noir 2022,United States,48,3.9,images/Dawns_Dream_Winery_Alyssa_Pinot_Noir_2022.jpg,,Santa Lucia Highlands,Dawn's Dream Winery,"red fruit, oak, non oak, spices, black fruit, earth, citrus fruit, dried fruit, floral, vegetal, microbio","Veal, Pork, Poultry, Mushrooms",Pinot Noir
Gaja Sperss Barolo 2018,Italy,449.99,4.5,images/Gaja_Sperss_Barolo_2018.png,images/bottle_Gaja_Sperss_Barolo_2018.png,Barolo,Gaja,"earth, oak, red fruit, black fruit, non oak, spices, microbio, floral, dried fruit, vegetal, citrus fruit, tropical fruit, tree fruit","Beef, Pasta, Lamb, Game (deer, venison)",Nebbiolo
Domaine Glantenay Vieilles Vignes Volnay 2021,France,79.99,4.1,images/Domaine_Glantenay_Vieilles_Vignes_Volnay_2021.png,images/bottle_Domaine_Glantenay_Vieilles_Vignes_Volnay_20.png,Volnay,Domaine Glantenay,"red fruit, oak, spices, floral, non oak, earth, black fruit, microbio","Beef, Veal, Game (deer, venison), Poultry",Pinot Noir
B Cellars Calesa Vineyard Pinot Noir 2022,United States,87,4.4,images/B_Cellars_Calesa_Vineyard_Pinot_Noir_2022.jpg,,Petaluma Gap,B Cellars,"red fruit, earth, oak, spices, non oak, black fruit, vegetal, microbio","Beef, Veal, Game (deer, venison), Poultry",Pinot Noir
Cantina del Pino Barbaresco 2019,Italy,49.99,4,images/Cantina_del_Pino_Barbaresco_2019.png,images/bottle_Cantina_del_Pino_Barbaresco_2019.png,Barbaresco,Cantina del Pino,"red fruit, earth, oak, non oak, spices, black fruit, floral, microbio, citrus fruit, vegetal, dried fruit","Beef, Pasta, Lamb, Game (deer, venison)",Nebbiolo
Louis Jadot Griotte-Chambertin Grand Cru 1988,France,366,4.3,images/Louis_Jadot_Griotte_Chambertin_Grand_Cru_1988.png,images/bottle_Louis_Jadot_Griotte_Chambertin_Grand_Cru_19.png,Griotte-Chambertin Grand Cru,Louis Jadot,"earth, red fruit, black fruit, citrus fruit, floral, microbio, tree fruit, spices, oak","Beef, Veal, Game (deer, venison), Poultry",Pinot Noir
RoseRock Zéphirine Pinot Noir 2021,United States,188,4.3,images/RoseRock_Zphirine_Pinot_Noir_2021.png,images/bottle_RoseRock_Zphirine_Pinot_Noir_2021.png,Eola-Amity Hills,RoseRock,"red fruit, oak, earth, non oak, black fruit, spices, floral, microbio, vegetal, citrus fruit, dried fruit, tropical fruit, tree fruit","Beef, Veal, Game (deer, venison), Poultry",Pinot Noir
Nin-Ortiz Nit de Nin Mas d'en Caçador 2013,Spain,174,4.4,images/Nin_Ortiz_Nit_de_Nin_Mas_den_Caador_2013.png,images/bottle_Nin_Ortiz_Nit_de_Nin_Mas_den_Caador_2013.png,Priorat,Nin-Ortiz,"oak, non oak, black fruit, earth, red fruit, spices, microbio, floral, vegetal, citrus fruit, tree fruit, tropical fruit, dried fruit","Beef, Lamb, Game (deer, venison), Poultry","Shiraz/Syrah, Cabernet Sauvignon, Grenache, Carignan"
Domaine Éric Louis Sancerre Rouge 2019,France,59.99,4,images/Domaine_ric_Louis_Sancerre_Rouge_2019.png,images/bottle_Domaine_ric_Louis_Sancerre_Rouge_2019.png,Sancerre,Domaine Éric Louis,"red fruit, earth, spices, oak, non oak, vegetal, tree fruit, black fruit, dried fruit, citrus fruit, microbio, tropical fruit, floral","Veal, Game (deer, venison), Poultry","Cabernet Franc, Pinot Noir, Gamay, Grolleau"
Raats Original Chenin Blanc (Unwooded) 2023,South Africa,14.99,4,images/Raats_Original_Chenin_Blanc_Unwooded_2023.png,images/bottle_Raats_Original_Chenin_Blanc_Unwooded_2023.png,Stellenbosch,Raats,"tree fruit, citrus fruit, earth, tropical fruit, microbio, oak, vegetal, non oak, spices, floral, red fruit, dried fruit, black fruit","Shellfish, Spicy food, Lean fish, Mild and soft cheese",Chenin Blanc
Grounded Wine Co Landform Pinot Noir 2022,United States,24.99,4,images/Grounded_Wine_Co_Landform_Pinot_Noir_2022.png,images/bottle_Grounded_Wine_Co_Landform_Pinot_Noir_2022.png,Willamette Valley,Grounded Wine Co,"red fruit, oak, non oak, earth, spices, microbio, black fruit, vegetal, citrus fruit, floral, tree fruit, tropical fruit, dried fruit","Beef, Veal, Game (deer, venison), Poultry",Pinot Noir
Bouzereau-Gruère Bourgogne Rouge 2022,France,34.99,3.8,images/Bouzereau_Grure_Bourgogne_Rouge_2022.jpg,,Bourgogne,Bouzereau-Gruère,"red fruit, spices, earth, non oak, oak","Beef, Veal, Game (deer, venison), Poultry",Pinot Noir
Domaine Arnoux-Lachaux Vosne-Romanée 2012,France,225,3.9,images/Domaine_Arnoux_Lachaux_Vosne_Romane_2012.png,images/bottle_Domaine_Arnoux_Lachaux_Vosne_Romane_2012.png,Vosne-Romanée,Domaine Arnoux-Lachaux,"red fruit, oak, earth, non oak, spices, black fruit, floral, dried fruit, microbio, tree fruit, vegetal, citrus fruit","Beef, Veal, Game (deer, venison), Poultry",Pinot Noir
Ettore Germano Barolo Prapò 2018,Italy,79.99,4.2,images/Ettore_Germano_Barolo_Prap_2018.png,images/bottle_Ettore_Germano_Barolo_Prap_2018.png,Barolo,Ettore Germano,"oak, earth, red fruit, spices, non oak, black fruit, floral, microbio, dried fruit, citrus fruit, vegetal, tree fruit, tropical fruit","Beef, Pasta, Lamb, Game (deer, venison)",Nebbiolo
Dusoil Pinot Noir 2023,United States,15.99,3.9,images/Dusoil_Pinot_Noir_2023.png,images/bottle_Dusoil_Pinot_Noir_2023.png,Lodi,Dusoil,"red fruit, earth, black fruit, spices, vegetal, oak, non oak","Beef, Veal, Game (deer, venison), Poultry",Pinot Noir
Fontaine-Gagnard Chassagne-Montrachet 1er Cru 'Morgeot' Rouge 2010,France,94,4.2,images/Fontaine_Gagnard_Chassagne_Montrachet_1er_Cru_Morg.png,images/bottle_Fontaine_Gagnard_Chassagne_Montrachet_1er_C.png,Chassagne-Montrachet 1er Cru 'Morgeot',Fontaine-Gagnard,"red fruit, oak, spices, earth, citrus fruit, microbio","Beef, Veal, Game (deer, venison), Poultry",Pinot Noir
Pierre Boisson Bourgogne Rouge 2021,France,64.99,3.9,images/Pierre_Boisson_Bourgogne_Rouge_2021.png,images/bottle_Pierre_Boisson_Bourgogne_Rouge_2021.png,Bourgogne,Pierre Boisson,"tree fruit, earth, non oak, black fruit, citrus fruit, spices, oak","Beef, Veal, Game (deer, venison), Poultry",Pinot Noir
Pommery Cuvée Louise Brut Champagne 1990,France,360,4.4,images/Pommery_Cuve_Louise_Brut_Champagne_1990.png,images/bottle_Pommery_Cuve_Louise_Brut_Champagne_1990.png,Champagne,Pommery,"non oak, microbio, oak, tree fruit, citrus fruit, earth, vegetal, spices, tropical fruit, floral, red fruit, dried fruit, black fruit","Pork, Rich fish (salmon, tuna etc), Shellfish, Mild and soft cheese","Chardonnay, Pinot Noir, Pinot Meunier"
The Dreaming Tree Pinot Noir 2021,France,12.99,3.8,images/The_Dreaming_Tree_Pinot_Noir_2021.png,images/bottle_The_Dreaming_Tree_Pinot_Noir_2021.png,Vin de France,The Dreaming Tree,"oak, red fruit, non oak, earth, spices, black fruit, microbio, vegetal, dried fruit, citrus fruit, tree fruit, floral",,
Copain Edmeades Pinot Noir 2022,United States,85,4.3,images/Copain_Edmeades_Pinot_Noir_2022.png,images/bottle_Copain_Edmeades_Pinot_Noir_2022.png,Anderson Valley,Copain,"red fruit, black fruit, spices, dried fruit, earth, non oak, oak, microbio","Veal, Pork, Poultry, Mushrooms",Pinot Noir
Lucien Boillot & Fils Pommard 2022,France,122,4,images/Lucien_Boillot_Fils_Pommard_2022.png,images/bottle_Lucien_Boillot_Fils_Pommard_2022.png,Pommard,Lucien Boillot & Fils,"red fruit, earth, black fruit, spices, vegetal, non oak, oak","Beef, Veal, Game (deer, venison), Poultry",Pinot Noir
Domaine Pierre Prieur & Fils Domaine de Saint-Pierre Sancerre Rouge 2023,France,29.99,3.6,images/Domaine_Pierre_Prieur_Fils_Domaine_de_Saint_Pierre.png,images/bottle_Domaine_Pierre_Prieur_Fils_Domaine_de_Saint.png,Sancerre,Domaine Pierre Prieur & Fils,"red fruit, citrus fruit, spices, vegetal, non oak, oak","Veal, Game (deer, venison), Poultry","Cabernet Franc, Pinot Noir, Gamay, Grolleau"
José Dhondt Rosé de Saignée Brut Champagne Grand Cru 'Oger',France,97,4,images/Jos_Dhondt_Ros_de_Saigne_Brut_Champagne_Grand_Cru_.png,images/bottle_Jos_Dhondt_Ros_de_Saigne_Brut_Champagne_Gra.png,Champagne Grand Cru 'Oger',José Dhondt,"red fruit, non oak, oak, citrus fruit, earth, microbio, floral, vegetal","Pork, Rich fish (salmon, tuna etc), Shellfish, Mild and soft cheese","Chardonnay, Pinot Noir, Pinot Meunier"
Larson Family Winery Millerick Road Pinot Noir 2021,United States,32,3.6,images/Larson_Family_Winery_Millerick_Road_Pinot_Noir_202.jpg,,Sonoma County,Larson Family Winery,"oak, red fruit, earth, black fruit, non oak, spices","Beef, Veal, Game (deer, venison), Poultry",Pinot Noir
Bruno Colin Bourgogne Pinot Noir 2018,France,38.99,3.8,images/Bruno_Colin_Bourgogne_Pinot_Noir_2018.png,images/bottle_Bruno_Colin_Bourgogne_Pinot_Noir_2018.png,Bourgogne,Bruno Colin,"red fruit, earth, oak, non oak, black fruit, spices, microbio, floral, citrus fruit, vegetal, tree fruit, dried fruit, tropical fruit","Beef, Veal, Game (deer, venison), Poultry",Pinot Noir
Hess Select Pinot Noir 2021,United States,18.99,3.8,images/Hess_Select_Pinot_Noir_2021.png,images/bottle_Hess_Select_Pinot_Noir_2021.png,Central Coast,Hess Select,"red fruit, oak, black fruit, non oak, spices, earth, dried fruit, microbio, tree fruit, floral, vegetal, citrus fruit","Beef, Veal, Game (deer, venison), Poultry",Pinot Noir
Bouchard Aîné & Fils Santenay 1978,France,265,3.5,images/Bouchard_An_Fils_Santenay_1978.jpg,,Santenay,Bouchard Aîné & Fils,"earth, oak, red fruit, non oak, black fruit, microbio","Beef, Veal, Game (deer, venison), Poultry",Pinot Noir
Domaine Georges Mugneret-Gibourg La Colombière Vosne-Romanée 2021,France,559,4.5,images/Domaine_Georges_Mugneret_Gibourg_La_Colombire_Vosn.png,images/bottle_Domaine_Georges_Mugneret_Gibourg_La_Colombi.png,Vosne-Romanée,Domaine Georges Mugneret-Gibourg,"red fruit, black fruit, dried fruit, non oak, oak","Beef, Veal, Game (deer, venison), Poultry",Pinot Noir
Ferren Pinot Noir 2021,United States,100,4.4,images/Ferren_Pinot_Noir_2021.jpg,,Sonoma Coast,Ferren,"red fruit, black fruit, oak, spices, earth, microbio, non oak, floral, vegetal","Veal, Pork, Poultry, Mushrooms",Pinot Noir
Bow & Arrow Hughes Hollow Vineyard Pinot Noir 2021,United States,35,4.1,images/Bow_Arrow_Hughes_Hollow_Vineyard_Pinot_Noir_2021.png,images/bottle_Bow_Arrow_Hughes_Hollow_Vineyard_Pinot_Noir.png,Eola-Amity Hills,Bow & Arrow,"red fruit, oak, earth, non oak, spices, black fruit, citrus fruit, microbio","Beef, Veal, Game (deer, venison), Poultry",Pinot Noir
Domaine Drouhin-Laroze Musigny Grand Cru 2013,France,699,4.3,images/Domaine_Drouhin_Laroze_Musigny_Grand_Cru_2013.png,images/bottle_Domaine_Drouhin_Laroze_Musigny_Grand_Cru_20.png,Musigny Grand Cru,Domaine Drouhin-Laroze,"red fruit, oak, earth, microbio, black fruit, citrus fruit, spices, non oak","Beef, Veal, Game (deer, venison), Poultry",Pinot Noir
Domaine Les Pallières Gigondas Terrasse du Diable 2019,France,85,4.3,images/Domaine_Les_Pallires_Gigondas_Terrasse_du_Diable_2.png,images/bottle_Domaine_Les_Pallires_Gigondas_Terrasse_du_D.png,Gigondas,Domaine Les Pallières,"red fruit, oak, black fruit, spices, earth, non oak, floral, microbio, dried fruit, vegetal, citrus fruit, tree fruit","Beef, Lamb, Game (deer, venison)","Shiraz/Syrah, Grenache, Mourvedre"
Domaine Nico Grand Père Pinot Noir 2022,Argentina,34.99,4.3,images/Domaine_Nico_Grand_Pre_Pinot_Noir_2022.png,images/bottle_Domaine_Nico_Grand_Pre_Pinot_Noir_2022.png,Mendoza,Domaine Nico,"red fruit, earth, oak, microbio, non oak, black fruit, spices, citrus fruit, floral, vegetal, dried fruit","Beef, Veal, Game (deer, venison), Poultry",Pinot Noir
Alessandro e Gian Natale Fantino Rosso dei Dardi 2021,Italy,28,3.8,images/Alessandro_e_Gian_Natale_Fantino_Rosso_dei_Dardi_2.png,images/bottle_Alessandro_e_Gian_Natale_Fantino_Rosso_dei_.png,Piemonte,Alessandro e Gian Natale Fantino,"red fruit, earth, oak, non oak, black fruit, spices, floral, microbio, dried fruit, citrus fruit, vegetal, tree fruit, tropical fruit","Beef, Lamb, Game (deer, venison), Poultry",Nebbiolo
Giacomo Conterno Nebbiolo d'Alba Arione 2021,Italy,150,4.4,images/Giacomo_Conterno_Nebbiolo_dAlba_Arione_2021.jpg,,Nebbiolo d'Alba,Giacomo Conterno,"red fruit, earth, citrus fruit","Beef, Lamb, Game (deer, venison), Poultry",Nebbiolo
Presqu'ile Steiner Creek Vineyard Pinot Noir 2023,United States,28.99,4.3,images/Presquile_Steiner_Creek_Vineyard_Pinot_Noir_2023.png,images/bottle_Presquile_Steiner_Creek_Vineyard_Pinot_Noir.png,San Luis Obispo County,Presqu'ile,"red fruit, spices, non oak, oak, black fruit, earth, citrus fruit, vegetal","Beef, Veal, Game (deer, venison), Poultry",Pinot Noir
Burn Cottage Sauvage Vineyard Pinot Noir 2021,New Zealand,75,4.2,images/Burn_Cottage_Sauvage_Vineyard_Pinot_Noir_2021.png,images/bottle_Burn_Cottage_Sauvage_Vineyard_Pinot_Noir_20.png,Bannockburn,Burn Cottage,"red fruit, black fruit, oak, spices, earth, non oak, floral","Beef, Veal, Game (deer, venison), Mushrooms",Pinot Noir
Protea Chenin Blanc 2024,South Africa,12.99,3.9,images/Protea_Chenin_Blanc_2024.png,images/bottle_Protea_Chenin_Blanc_2024.png,Coastal Region,Protea,"tree fruit, citrus fruit, earth, floral, tropical fruit, microbio, vegetal, oak, non oak, spices, red fruit, black fruit, dried fruit","Shellfish, Spicy food, Lean fish, Mild and soft cheese",Chenin Blanc
Gaja Conteisa Langhe 2004,Italy,249,4.5,images/Gaja_Conteisa_Langhe_2004.png,images/bottle_Gaja_Conteisa_Langhe_2004.png,Langhe,Gaja,"oak, earth, non oak, red fruit, black fruit, spices, floral, microbio, dried fruit, vegetal, citrus fruit","Beef, Lamb, Game (deer, venison), Poultry",Nebbiolo
Nicolas Joly Les Vieux Clos 2021,France,65.99,4.3,images/Nicolas_Joly_Les_Vieux_Clos_2021.png,images/bottle_Nicolas_Joly_Les_Vieux_Clos_2021.png,Savennières,Nicolas Joly,"earth, tree fruit, citrus fruit, oak, non oak, microbio, spices, vegetal, tropical fruit, floral, dried fruit, red fruit, black fruit","Rich fish (salmon, tuna etc), Vegetarian, Poultry, Mild and soft cheese",Chenin Blanc
Big Basin Dune and Mountain Pinot Noir 2021,United States,35.99,4.2,images/Big_Basin_Dune_and_Mountain_Pinot_Noir_2021.jpg,,Monterey County,Big Basin,"earth, red fruit, non oak, oak, black fruit, spices, vegetal, microbio, tree fruit, floral","Beef, Veal, Game (deer, venison), Poultry",Pinot Noir
Clos de la Tech Domaine du Docteur Rodgers Pinot Noir 2017,United States,75,4.1,images/Clos_de_la_Tech_Domaine_du_Docteur_Rodgers_Pinot_N.png,images/bottle_Clos_de_la_Tech_Domaine_du_Docteur_Rodgers_.png,San Francisco Bay,Clos de la Tech,"oak, non oak, earth, spices, red fruit, black fruit, floral, microbio, dried fruit, citrus fruit","Beef, Veal, Game (deer, venison), Poultry",Pinot Noir
Louis Chenu Pere et Filles Chorey-Les-Beaune 'Les Beaumonts' 2022,France,39.99,3.8,images/Louis_Chenu_Pere_et_Filles_Chorey_Les_Beaune_Les_B.png,images/bottle_Louis_Chenu_Pere_et_Filles_Chorey_Les_Beaun.png,Chorey-lès-Beaune,Louis Chenu Pere et Filles,"red fruit, black fruit, earth","Beef, Veal, Game (deer, venison), Poultry",Pinot Noir
Giulia Negri La Tartufaia Barolo 2020,Italy,69.99,4.2,images/Giulia_Negri_La_Tartufaia_Barolo_2020.png,images/bottle_Giulia_Negri_La_Tartufaia_Barolo_2020.png,Barolo,Giulia Negri,"earth, oak, red fruit, non oak, spices, microbio, black fruit, floral, dried fruit, citrus fruit, vegetal, tree fruit","Beef, Pasta, Lamb, Game (deer, venison)",Nebbiolo
Bosquet des Papes A la Gloire de Mon Grand-Père Châteauneuf-du-Pape 2015,France,69.99,4.1,images/Bosquet_des_Papes_A_la_Gloire_de_Mon_Grand_Pre_Cht.png,images/bottle_Bosquet_des_Papes_A_la_Gloire_de_Mon_Grand_.png,Châteauneuf-du-Pape,Bosquet des Papes,"oak, black fruit, spices, earth, red fruit, non oak, dried fruit, floral, microbio, vegetal, tree fruit","Lamb, Pork, Poultry","Shiraz/Syrah, Mourvedre, Counoise, Cinsaut, Vaccareze, Muscardin"
Vietti Barolo Lazzarito 2017,Italy,196,4.4,images/Vietti_Barolo_Lazzarito_2017.png,images/bottle_Vietti_Barolo_Lazzarito_2017.png,Barolo,Vietti,"earth, oak, red fruit, non oak, spices, black fruit, floral, microbio, dried fruit, citrus fruit, vegetal, tree fruit, tropical fruit","Beef, Pasta, Lamb, Game (deer, venison)",Nebbiolo
Ricossa Langhe Nebbiolo 2021,Italy,24.99,3.8,images/Ricossa_Langhe_Nebbiolo_2021.png,images/bottle_Ricossa_Langhe_Nebbiolo_2021.png,Langhe,Ricossa,"red fruit, spices, oak, earth, non oak, black fruit, floral, vegetal, tree fruit, citrus fruit, microbio","Beef, Lamb, Game (deer, venison), Poultry",Nebbiolo
Crotta di Prado Pinot Noir 2015,Italy,12.92,3.3,images/Crotta_di_Prado_Pinot_Noir_2015.jpg,,Valle d'Aosta,Crotta di Prado,"red fruit, black fruit, spices, vegetal, earth","Beef, Veal, Game (deer, venison), Poultry",Pinot Noir
Cambria Pinot Noir Clone 115 2020,United States,52,4,images/Cambria_Pinot_Noir_Clone_115_2020.png,images/bottle_Cambria_Pinot_Noir_Clone_115_2020.png,Santa Maria Valley,Cambria,"oak, red fruit, non oak, spices, earth, black fruit, citrus fruit, vegetal, microbio","Veal, Pork, Poultry, Mushrooms",Pinot Noir
Bachelet-Monnot Maranges 1er Cru 'La Fussière' Rouge 2022,France,57,4.2,images/Bachelet_Monnot_Maranges_1er_Cru_La_Fussire_Rouge_.png,images/bottle_Bachelet_Monnot_Maranges_1er_Cru_La_Fussire.png,Maranges 1er Cru 'La Fussière',Bachelet-Monnot,"red fruit, earth, oak, non oak, spices, black fruit, microbio, floral, vegetal, citrus fruit, tree fruit, dried fruit, tropical fruit","Beef, Veal, Game (deer, venison), Poultry",Pinot Noir
Bodegas Aragonesas Fagus de Coto de Hayas Garnacha 2021,Spain,28.99,4.1,images/Bodegas_Aragonesas_Fagus_de_Coto_de_Hayas_Garnacha.png,images/bottle_Bodegas_Aragonesas_Fagus_de_Coto_de_Hayas_G.png,Aragón,Bodegas Aragonesas,"oak, non oak, earth, spices, red fruit, black fruit, microbio, dried fruit, floral, vegetal, tropical fruit, citrus fruit","Beef, Pasta, Lamb, Game (deer, venison), Poultry",Grenache
Andre Montessuy Bourgogne Pinot Noir 2023,France,29.99,3.8,images/Andre_Montessuy_Bourgogne_Pinot_Noir_2023.png,images/bottle_Andre_Montessuy_Bourgogne_Pinot_Noir_2023.png,Bourgogne,Andre Montessuy,"red fruit, oak, spices, non oak, black fruit, citrus fruit, earth","Beef, Veal, Game (deer, venison), Poultry",Pinot Noir
Barale Fratelli Sergio Barale Bussia Barolo 2010,Italy,45.81,4.3,images/Barale_Fratelli_Sergio_Barale_Bussia_Barolo_2010.png,images/bottle_Barale_Fratelli_Sergio_Barale_Bussia_Barolo.png,Barolo,Barale Fratelli,"earth, oak, red fruit, non oak, spices, black fruit, microbio, dried fruit, citrus fruit, floral, vegetal, tree fruit","Beef, Pasta, Lamb, Game (deer, venison)",Nebbiolo
Domaine Michel Lafarge Volnay 1er Cru 'Les Caillerets' 2022,France,270,4.2,images/Domaine_Michel_Lafarge_Volnay_1er_Cru_Les_Caillere.png,images/bottle_Domaine_Michel_Lafarge_Volnay_1er_Cru_Les_C.png,Volnay 1er Cru 'Les Caillerets',Domaine Michel Lafarge,"earth, red fruit, black fruit, oak, microbio, citrus fruit, spices, non oak, floral","Beef, Veal, Game (deer, venison), Poultry",Pinot Noir
Domaine Font Du Vent Cuvée Tradition Châteauneuf-du-Pape 2020,France,59.99,4.1,images/Domaine_Font_Du_Vent_Cuve_Tradition_Chteauneuf_du_.png,images/bottle_Domaine_Font_Du_Vent_Cuve_Tradition_Chteaun.png,Châteauneuf-du-Pape,Domaine Font Du Vent,"black fruit, earth, oak, spices, red fruit, non oak, floral, microbio, tree fruit, vegetal, dried fruit","Lamb, Pork, Poultry","Shiraz/Syrah, Mourvedre, Counoise, Cinsaut, Vaccareze, Muscardin"
Daniel Crochet Sancerre Rosé 2022,France,17,3.8,images/Daniel_Crochet_Sancerre_Ros_2022.png,images/bottle_Daniel_Crochet_Sancerre_Ros_2022.png,Sancerre,Daniel Crochet,"red fruit, citrus fruit, earth, tree fruit, floral, vegetal, microbio","Lamb, Rich fish (salmon, tuna etc), Poultry, Mild and soft cheese, Cured Meat",
Gramenon Contre Couleur 2022,France,57,3.9,images/Gramenon_Contre_Couleur_2022.png,images/bottle_Gramenon_Contre_Couleur_2022.png,Côtes-du-Rhône,Gramenon,"red fruit, black fruit, spices, floral, earth, non oak, oak","Beef, Lamb, Game (deer, venison)","Shiraz/Syrah, Grenache, Mourvedre"
Joseph Cattin Crémant d'Alsace Brut Rosé,France,17.99,3.8,images/Joseph_Cattin_Crmant_dAlsace_Brut_Ros.png,images/bottle_Joseph_Cattin_Crmant_dAlsace_Brut_Ros.png,Crémant d'Alsace,Joseph Cattin,"red fruit, citrus fruit, earth, tree fruit, non oak, spices, microbio, oak, floral, vegetal","Shellfish, Poultry, Appetizers and snacks, Lean fish, Aperitif","Chardonnay, Pinot Gris, Pinot Noir, Roussanne, Pinot Blanc, Auxerrois"
Laporte Les Grandmontains Sancerre Rosé 2023,France,29,3.8,images/Laporte_Les_Grandmontains_Sancerre_Ros_2023.png,images/bottle_Laporte_Les_Grandmontains_Sancerre_Ros_2023.png,Sancerre,Laporte,"red fruit, earth, black fruit, citrus fruit, tree fruit, spices, floral, microbio, non oak, oak","Lamb, Rich fish (salmon, tuna etc), Poultry, Mild and soft cheese, Cured Meat",
Cavallotto Barolo Riserva Bricco Boschis Vigna San Giuseppe 2017,Italy,223,4.3,images/Cavallotto_Barolo_Riserva_Bricco_Boschis_Vigna_San.png,images/bottle_Cavallotto_Barolo_Riserva_Bricco_Boschis_Vi.png,Barolo,Cavallotto,"earth, oak, red fruit, non oak, spices, black fruit, floral, microbio, dried fruit, vegetal, citrus fruit, tree fruit","Beef, Pasta, Lamb, Game (deer, venison)",Nebbiolo
Argyle Bloom House Pinot Noir 2023,United States,24.99,4,images/Argyle_Bloom_House_Pinot_Noir_2023.jpg,,Willamette Valley,Argyle,,"Beef, Veal, Game (deer, venison), Poultry",Pinot Noir
Produttori del Barbaresco Barbaresco Riserva Montestefano 2019,Italy,76,4.3,images/Produttori_del_Barbaresco_Barbaresco_Riserva_Monte.png,images/bottle_Produttori_del_Barbaresco_Barbaresco_Riserv.png,Barbaresco,Produttori del Barbaresco,"earth, oak, red fruit, non oak, spices, black fruit, microbio, floral, dried fruit, citrus fruit, vegetal, tree fruit, tropical fruit","Beef, Pasta, Lamb, Game (deer, venison)",Nebbiolo
Domaines Ott Château Romassan Rosé (Coeur de Grain) 2023,France,59.99,4.1,images/Domaines_Ott_Chteau_Romassan_Ros_Coeur_de_Grain_20.png,images/bottle_Domaines_Ott_Chteau_Romassan_Ros_Coeur_de_G.png,Bandol,Domaines Ott,"tree fruit, citrus fruit, red fruit, earth, spices, microbio, oak, floral, non oak, tropical fruit, vegetal, black fruit, dried fruit","Pork, Shellfish, Vegetarian, Poultry","Shiraz/Syrah, Grenache, Cinsault"
Moffett Pinot Noir 2022,United States,60,4.2,images/Moffett_Pinot_Noir_2022.jpg,,Yamhill-Carlton District,Moffett,"earth, red fruit, oak, spices, microbio, non oak, black fruit, floral","Beef, Veal, Game (deer, venison), Poultry",Pinot Noir
Serveau & Fils Chambolle-Musigny 1er Cru 'Les Chabiots' 1978,France,680,4,images/Serveau_Fils_Chambolle_Musigny_1er_Cru_Les_Chabiot.jpg,,Chambolle-Musigny 1er Cru 'Les Chabiots',Serveau & Fils,"red fruit, spices, non oak, oak","Beef, Veal, Game (deer, venison), Poultry",Pinot Noir
Ramon Cardova Garnacha 2022,Spain,18.99,3.8,images/Ramon_Cardova_Garnacha_2022.png,images/bottle_Ramon_Cardova_Garnacha_2022.png,Rioja,Ramon Cardova,"black fruit, red fruit, earth, dried fruit, spices, vegetal, microbio, non oak, oak","Beef, Lamb, Veal, Poultry","Tempranillo, Graciano, Garnacha"
Bruno Giacosa Falletto Barbaresco Asili 2014,Italy,385,4.5,images/Bruno_Giacosa_Falletto_Barbaresco_Asili_2014.png,images/bottle_Bruno_Giacosa_Falletto_Barbaresco_Asili_201.png,Barbaresco,Bruno Giacosa,"earth, red fruit, oak, spices, non oak, floral, black fruit, microbio, dried fruit, citrus fruit, vegetal, tree fruit, tropical fruit","Beef, Pasta, Lamb, Game (deer, venison)",Nebbiolo
Riverbench One Palm Pinot Noir 2020,United States,52,4,images/Riverbench_One_Palm_Pinot_Noir_2020.jpg,,Santa Maria Valley,Riverbench,"earth, oak, red fruit, non oak, spices, black fruit, microbio, tree fruit, dried fruit, floral, vegetal","Veal, Pork, Poultry, Mushrooms",Pinot Noir
Domaine Faiveley Clos De La Roche Grand Cru 2018,France,314,4.2,images/Domaine_Faiveley_Clos_De_La_Roche_Grand_Cru_2018.png,images/bottle_Domaine_Faiveley_Clos_De_La_Roche_Grand_Cru.png,Clos de la Roche Grand Cru,Domaine Faiveley,"red fruit, earth, oak, microbio, non oak, dried fruit, spices, floral","Beef, Veal, Game (deer, venison), Poultry",Pinot Noir
Domaine Denis Mortet Gevrey-Chambertin Au Dellé 1995,France,450,4.2,images/Domaine_Denis_Mortet_Gevrey_Chambertin_Au_Dell_199.jpg,,Gevrey-Chambertin,Domaine Denis Mortet,"red fruit, earth, microbio, oak, spices, floral, non oak","Beef, Veal, Game (deer, venison), Poultry",Pinot Noir
Kei Shiogai Pommard 2022,France,525,4.3,images/Kei_Shiogai_Pommard_2022.jpg,,Pommard,Kei Shiogai,"red fruit, earth, oak, black fruit, microbio, non oak","Beef, Veal, Game (deer, venison), Poultry",Pinot Noir
Maybach Family Vineyards Irmgard Pinot Noir 2021,United States,89.99,4.5,images/Maybach_Family_Vineyards_Irmgard_Pinot_Noir_2021.png,images/bottle_Maybach_Family_Vineyards_Irmgard_Pinot_Noir.png,Sonoma Coast,Maybach Family Vineyards,"red fruit, spices, oak, non oak, earth, black fruit, floral, vegetal, tree fruit","Veal, Pork, Poultry, Mushrooms",Pinot Noir
Martinelli Bella Vigna Pinot Noir 2021,United States,39.99,4.2,images/Martinelli_Bella_Vigna_Pinot_Noir_2021.png,images/bottle_Martinelli_Bella_Vigna_Pinot_Noir_2021.png,Russian River Valley,Martinelli,"red fruit, oak, non oak, earth, spices, black fruit, microbio, dried fruit, vegetal, floral, citrus fruit, tree fruit","Veal, Pork, Poultry, Mushrooms",Pinot Noir
Vietti Barolo Ravera 2014,Italy,469,4.3,images/Vietti_Barolo_Ravera_2014.png,images/bottle_Vietti_Barolo_Ravera_2014.png,Barolo,Vietti,"earth, red fruit, oak, non oak, spices, floral, black fruit, microbio, dried fruit, citrus fruit, vegetal, tree fruit, tropical fruit","Beef, Pasta, Lamb, Game (deer, venison)",Nebbiolo
Stefan Meyer Spätburgunder 2021,Germany,19.99,3.4,images/Stefan_Meyer_Sptburgunder_2021.jpg,,Pfalz,Stefan Meyer,"red fruit, earth, spices, black fruit, microbio, oak, floral, tree fruit, vegetal, non oak","Beef, Veal, Game (deer, venison), Poultry",Pinot Noir
Pascal Laboureau et Mathieu Volnay 1er Cru 'Les Lurets' 2019,France,75,4.1,images/Pascal_Laboureau_et_Mathieu_Volnay_1er_Cru_Les_Lur.jpg,,Volnay 1er Cru 'Les Lurets',Pascal Laboureau et Mathieu,"red fruit, earth, black fruit, oak, dried fruit, spices, floral, vegetal, microbio, non oak","Beef, Veal, Game (deer, venison), Poultry",Pinot Noir
Pio Cesare Barbaresco 2020,Italy,94.99,4.1,images/Pio_Cesare_Barbaresco_2020.png,images/bottle_Pio_Cesare_Barbaresco_2020.png,Barbaresco,Pio Cesare,"oak, earth, red fruit, non oak, spices, black fruit, microbio, floral, dried fruit, citrus fruit, vegetal, tree fruit, tropical fruit","Beef, Pasta, Lamb, Game (deer, venison)",Nebbiolo
Enderle & Moll Liaison Pinot Noir 2021,Germany,45,4.1,images/Enderle_Moll_Liaison_Pinot_Noir_2021.png,images/bottle_Enderle_Moll_Liaison_Pinot_Noir_2021.png,Baden,Enderle & Moll,"red fruit, earth, oak, spices, microbio, non oak, floral, black fruit, citrus fruit, vegetal, tree fruit, dried fruit, tropical fruit","Beef, Veal, Game (deer, venison), Poultry",Pinot Noir
Violet Hill Pinot Noir 2023,United States,24.99,4.1,images/Violet_Hill_Pinot_Noir_2023.jpg,,Rogue Valley,Violet Hill,"red fruit, earth, oak, non oak, black fruit, spices, floral","Beef, Veal, Game (deer, venison), Poultry",Pinot Noir
Brezza Barolo Castellero 2013,Italy,45.81,4,images/Brezza_Barolo_Castellero_2013.png,images/bottle_Brezza_Barolo_Castellero_2013.png,Barolo,Brezza,"oak, earth, red fruit, non oak, black fruit, spices, citrus fruit, microbio, floral, tropical fruit, vegetal","Beef, Pasta, Lamb, Game (deer, venison)",Nebbiolo
Henri Bonneau Chateauneuf-du-Pape Réserve des Célestins 2004,France,392,4.5,images/Henri_Bonneau_Chateauneuf_du_Pape_Rserve_des_Clest.png,images/bottle_Henri_Bonneau_Chateauneuf_du_Pape_Rserve_de.png,Châteauneuf-du-Pape,Henri Bonneau,"earth, oak, black fruit, red fruit, spices, non oak, microbio, floral, dried fruit, vegetal, tropical fruit, citrus fruit, tree fruit","Lamb, Pork, Poultry","Shiraz/Syrah, Mourvedre, Counoise, Cinsaut, Vaccareze, Muscardin"
Terroir Sense Fronteres Vèrtebra Montsant 2018,Spain,65,4,images/Terroir_Sense_Fronteres_Vrtebra_Montsant_2018.png,images/bottle_Terroir_Sense_Fronteres_Vrtebra_Montsant_20.png,Montsant,Terroir Sense Fronteres,"red fruit, earth, spices, microbio, oak, black fruit, floral, non oak, dried fruit","Beef, Pasta, Lamb","Shiraz/Syrah, Cabernet Sauvignon, Cariñena, Garnacha"
Barisal Pinot Noir 2019,Mexico,38.99,3.6,images/Barisal_Pinot_Noir_2019.jpg,,Baja California,Barisal,"red fruit, floral, earth, black fruit, tree fruit, spices, non oak, oak",,
Evodia Old Vines Garnacha 2021,Spain,13.99,3.7,images/Evodia_Old_Vines_Garnacha_2021.png,images/bottle_Evodia_Old_Vines_Garnacha_2021.png,Calatayud,Evodia,"red fruit, black fruit, oak, spices, earth, non oak, microbio, dried fruit, floral, citrus fruit, vegetal, tree fruit, tropical fruit","Beef, Pasta, Lamb, Game (deer, venison), Poultry",Grenache
Ferrari Carano Pinot Noir 2019,United States,32,4.1,images/Ferrari_Carano_Pinot_Noir_2019.png,images/bottle_Ferrari_Carano_Pinot_Noir_2019.png,Anderson Valley,Ferrari Carano,"red fruit, oak, non oak, black fruit, spices, earth, microbio, floral, dried fruit, vegetal, tree fruit, citrus fruit","Veal, Pork, Poultry, Mushrooms",Pinot Noir
Treveri Gewürztraminer,United States,16.99,3.8,images/Treveri_Gewrztraminer.png,images/bottle_Treveri_Gewrztraminer.png,Columbia Valley,Treveri,"tree fruit, earth, floral, citrus fruit, tropical fruit, dried fruit, vegetal, microbio","Shellfish, Any junk food will do, Appetizers and snacks, Lean fish, Aperitif",
Famille Bougrier Chenin Blanc 2023,France,12.97,3.9,images/Famille_Bougrier_Chenin_Blanc_2023.jpg,,Val de Loire,Famille Bougrier,"tree fruit, citrus fruit, earth, tropical fruit, microbio, oak, vegetal, floral, spices, non oak, red fruit, dried fruit","Rich fish (salmon, tuna etc), Vegetarian, Poultry, Mild and soft cheese",Chenin Blanc
Summer Dreams Golden Hour Pinot Noir 2020,United States,80,4.4,images/Summer_Dreams_Golden_Hour_Pinot_Noir_2020.png,images/bottle_Summer_Dreams_Golden_Hour_Pinot_Noir_2020.png,Sonoma Coast,Summer Dreams,"black fruit, dried fruit, red fruit, earth, microbio","Veal, Pork, Poultry, Mushrooms",Pinot Noir
Aldo Conterno Barolo Bussia 2019,Italy,99.99,4.3,images/Aldo_Conterno_Barolo_Bussia_2019.png,images/bottle_Aldo_Conterno_Barolo_Bussia_2019.png,Barolo,Aldo Conterno,"earth, oak, red fruit, non oak, spices, black fruit, microbio, floral, dried fruit, vegetal, tree fruit, citrus fruit, tropical fruit","Beef, Pasta, Lamb, Game (deer, venison)",Nebbiolo
Domaine Claude Vosgien Cuvée Tradition Côtes de Toul  Pinot Noir 2019,France,14,3.7,images/Domaine_Claude_Vosgien_Cuve_Tradition_Ctes_de_Toul.jpg,,Côtes de Toul,Domaine Claude Vosgien,"red fruit, spices, earth, non oak, oak, black fruit, tree fruit, vegetal, microbio",,
Shaw + Smith Pinot Noir 2016,Australia,13.99,3.8,images/Shaw_Smith_Pinot_Noir_2016.png,images/bottle_Shaw_Smith_Pinot_Noir_2016.png,Adelaide Hills,Shaw + Smith,"red fruit, earth, oak, non oak, spices, black fruit, microbio, floral, vegetal, citrus fruit, dried fruit, tree fruit, tropical fruit","Beef, Veal, Game (deer, venison), Poultry",Pinot Noir
Calera Pinot Noir Ryan Vineyard 2018,United States,69.99,4.3,images/Calera_Pinot_Noir_Ryan_Vineyard_2018.png,images/bottle_Calera_Pinot_Noir_Ryan_Vineyard_2018.png,Mount Harlan,Calera,"red fruit, oak, black fruit, non oak, earth, spices, floral, vegetal, microbio, dried fruit, tree fruit, citrus fruit","Beef, Veal, Game (deer, venison), Poultry",Pinot Noir
Parusso Barolo Bussia 2018,Italy,165,4.3,images/Parusso_Barolo_Bussia_2018.png,images/bottle_Parusso_Barolo_Bussia_2018.png,Barolo,Parusso,"oak, red fruit, earth, non oak, black fruit, spices, microbio, floral, dried fruit, tropical fruit, citrus fruit, vegetal, tree fruit","Beef, Pasta, Lamb, Game (deer, venison)",Nebbiolo
La Spinetta Vürsù Barbaresco Starderi 2019,Italy,186,4.4,images/La_Spinetta_Vrs_Barbaresco_Starderi_2019.png,images/bottle_La_Spinetta_Vrs_Barbaresco_Starderi_2019.png,Barbaresco,La Spinetta,"oak, earth, red fruit, non oak, black fruit, spices, microbio, floral, dried fruit, citrus fruit, vegetal, tree fruit","Beef, Pasta, Lamb, Game (deer, venison)",Nebbiolo
Chanterêves Bourgogne Hautes-Côtes de Beaune 'Paris l'Hopital' 2022,France,62.99,4.1,images/Chanterves_Bourgogne_Hautes_Ctes_de_Beaune_Paris_l.png,images/bottle_Chanterves_Bourgogne_Hautes_Ctes_de_Beaune_.png,Bourgogne Hautes-Côtes de Beaune,Chanterêves,"red fruit, black fruit, earth, dried fruit, spices, microbio","Beef, Veal, Game (deer, venison), Poultry",Pinot Noir
Albert Bichot Chambolle-Musigny Premier Cru Les Amoureuses 2017,France,465,4.3,images/Albert_Bichot_Chambolle_Musigny_Premier_Cru_Les_Am.png,images/bottle_Albert_Bichot_Chambolle_Musigny_Premier_Cru.png,Chambolle-Musigny 1er Cru 'Les Amoureuses',Albert Bichot,"red fruit, oak, spices, earth, floral, microbio, non oak, black fruit, dried fruit, vegetal","Beef, Veal, Game (deer, venison), Poultry",Pinot Noir
Jerome Galeyrand Fixin 'Champs de Vosger' 2021,France,89,4.2,images/Jerome_Galeyrand_Fixin_Champs_de_Vosger_2021.png,images/bottle_Jerome_Galeyrand_Fixin_Champs_de_Vosger_202.png,Fixin,Jerome Galeyrand,"black fruit, spices, red fruit, floral, vegetal, earth, microbio","Beef, Veal, Game (deer, venison), Poultry",Pinot Noir
Hartford Court Rosé of Pinot Noir 2023,United States,31.99,4.1,images/Hartford_Court_Ros_of_Pinot_Noir_2023.png,images/bottle_Hartford_Court_Ros_of_Pinot_Noir_2023.png,Russian River Valley,Hartford Court,"red fruit, citrus fruit, tree fruit, vegetal, earth, oak","Shellfish, Spicy food, Appetizers and snacks, Fruity desserts, Aperitif","Shiraz/Syrah, Cabernet Sauvignon, Pinot Noir, Sangiovese, Zinfandel, Barbera"
Dominique Lafon Volnay 1er Cru 'Les Lurets' 2021,France,148,4.4,images/Dominique_Lafon_Volnay_1er_Cru_Les_Lurets_2021.png,images/bottle_Dominique_Lafon_Volnay_1er_Cru_Les_Lurets_2.png,Volnay 1er Cru 'Les Lurets',Dominique Lafon,"red fruit, earth, microbio, oak, black fruit, spices, floral, non oak, dried fruit","Beef, Veal, Game (deer, venison), Poultry",Pinot Noir
Andretti Pinot Noir 2023,United States,72,3.9,images/Andretti_Pinot_Noir_2023.jpg,,Los Carneros,Andretti,"oak, spices, red fruit, earth, non oak, black fruit, citrus fruit","Veal, Pork, Poultry, Mushrooms",Pinot Noir
Nervi Vigna Valferana 2018,Italy,149.88,4.2,images/Nervi_Vigna_Valferana_2018.png,images/bottle_Nervi_Vigna_Valferana_2018.png,Gattinara,Nervi,"earth, red fruit, oak, non oak, spices, microbio, black fruit, citrus fruit, floral, vegetal","Beef, Lamb, Game (deer, venison), Poultry",Nebbiolo
Cappellano Otin Fiorin Barolo 2017,Italy,425,4.5,images/Cappellano_Otin_Fiorin_Barolo_2017.png,images/bottle_Cappellano_Otin_Fiorin_Barolo_2017.png,Barolo,Cappellano,"earth, oak, red fruit, spices, non oak, black fruit, floral, microbio, citrus fruit, dried fruit, vegetal, tree fruit, tropical fruit","Beef, Pasta, Lamb, Game (deer, venison)",Nebbiolo
Hope Well Pinot Noir 2019,United States,89.99,4.2,images/Hope_Well_Pinot_Noir_2019.png,images/bottle_Hope_Well_Pinot_Noir_2019.png,Eola-Amity Hills,Hope Well,"oak, red fruit, earth, non oak, microbio, black fruit, spices, floral, vegetal","Beef, Veal, Game (deer, venison), Poultry",Pinot Noir
Anne Amie Vineyards Winemaker's Selection Pinot Noir 2022,United States,21.99,4.2,images/Anne_Amie_Vineyards_Winemakers_Selection_Pinot_Noi.png,images/bottle_Anne_Amie_Vineyards_Winemakers_Selection_Pi.png,Willamette Valley,Anne Amie Vineyards,"red fruit, oak, earth, non oak, spices, black fruit, microbio, floral, tree fruit, dried fruit, citrus fruit, vegetal, tropical fruit","Beef, Veal, Game (deer, venison), Poultry",Pinot Noir
Laurent Pataille Marsannay Es Chezots 2021,France,89.99,4,images/Laurent_Pataille_Marsannay_Es_Chezots_2021.jpg,,Marsannay,Laurent Pataille,"red fruit, spices, floral, non oak, oak","Beef, Veal, Game (deer, venison), Poultry",Pinot Noir
Thibaud Boudignon Savennières La Vigne Cendrée 2022,France,135,4.2,images/Thibaud_Boudignon_Savennires_La_Vigne_Cendre_2022.png,images/bottle_Thibaud_Boudignon_Savennires_La_Vigne_Cendr.png,Savennières,Thibaud Boudignon,"tree fruit, citrus fruit, earth, microbio, vegetal, oak, black fruit, tropical fruit","Rich fish (salmon, tuna etc), Vegetarian, Poultry, Mild and soft cheese",Chenin Blanc
Domaine Drouhin Pinot Noir Édition Limitée 2023,United States,90,4.4,images/Domaine_Drouhin_Pinot_Noir_dition_Limite_2023.png,images/bottle_Domaine_Drouhin_Pinot_Noir_dition_Limite_20.png,Dundee Hills,Domaine Drouhin,"red fruit, oak, spices, non oak, earth, black fruit, citrus fruit, tree fruit, floral, vegetal, microbio","Beef, Veal, Game (deer, venison), Poultry",Pinot Noir
Cellier des Dames Mercurey Premier Cru 2022,France,45.99,4,images/Cellier_des_Dames_Mercurey_Premier_Cru_2022.png,images/bottle_Cellier_des_Dames_Mercurey_Premier_Cru_2022.png,Mercurey Premier Cru,Cellier des Dames,"red fruit, oak, non oak, spices, earth, microbio, black fruit, citrus fruit, floral, vegetal","Beef, Veal, Game (deer, venison), Poultry",Pinot Noir
Black Kite Redwoods’ Edge Pinot Noir 2019,United States,69.99,4.2,images/Black_Kite_Redwoods_Edge_Pinot_Noir_2019.png,images/bottle_Black_Kite_Redwoods_Edge_Pinot_Noir_2019.png,Anderson Valley,Black Kite,"oak, earth, red fruit, spices, non oak, black fruit, floral, microbio, citrus fruit","Veal, Pork, Poultry, Mushrooms",Pinot Noir
Château Yvonne Saumur Blanc 2022,France,60,4.2,images/Chteau_Yvonne_Saumur_Blanc_2022.png,images/bottle_Chteau_Yvonne_Saumur_Blanc_2022.png,Saumur,Château Yvonne,"tree fruit, earth, citrus fruit, oak, microbio, non oak, floral, spices, tropical fruit, vegetal, dried fruit, red fruit","Rich fish (salmon, tuna etc), Vegetarian, Poultry, Mild and soft cheese",Chenin Blanc
Domaine Dujac Morey-Saint-Denis 2006,France,475,4.3,images/Domaine_Dujac_Morey_Saint_Denis_2006.png,images/bottle_Domaine_Dujac_Morey_Saint_Denis_2006.png,Morey-Saint-Denis,Domaine Dujac,"red fruit, earth, oak, non oak, spices, black fruit, microbio, floral, citrus fruit, tree fruit, vegetal, dried fruit, tropical fruit","Beef, Veal, Game (deer, venison), Poultry",Pinot Noir
Cascina Roccalini Langhe Nebbiolo 2021,Italy,39,4,images/Cascina_Roccalini_Langhe_Nebbiolo_2021.png,images/bottle_Cascina_Roccalini_Langhe_Nebbiolo_2021.png,Langhe,Cascina Roccalini,"red fruit, earth, oak, black fruit, spices, floral, dried fruit, vegetal, non oak, microbio","Beef, Lamb, Game (deer, venison), Poultry",Nebbiolo
Paolo Scavino Barolo Carobric 2001,Italy,188,4.4,images/Paolo_Scavino_Barolo_Carobric_2001.png,images/bottle_Paolo_Scavino_Barolo_Carobric_2001.png,Barolo,Paolo Scavino,"earth, oak, red fruit, non oak, black fruit, spices, microbio, dried fruit, floral, vegetal, citrus fruit, tropical fruit, tree fruit","Beef, Pasta, Lamb, Game (deer, venison)",Nebbiolo
Paradise Springs Pink Ash Rosé 2023,United States,35,3.9,images/Paradise_Springs_Pink_Ash_Ros_2023.jpg,,Santa Barbara County,Paradise Springs,"red fruit, earth, black fruit, tree fruit, oak","Shellfish, Spicy food, Appetizers and snacks, Fruity desserts, Aperitif","Shiraz/Syrah, Cabernet Sauvignon, Pinot Noir, Sangiovese, Zinfandel, Barbera"
Jezreel Rose 2019,Israel,21.99,3.7,images/Jezreel_Rose_2019.png,images/bottle_Jezreel_Rose_2019.png,Lower Galilee,Jezreel,"red fruit, citrus fruit, oak, spices, black fruit, tree fruit, microbio, earth, non oak",,
Merry Edwards Sonoma Coast Pinot Noir 2020,United States,39.99,4.2,images/Merry_Edwards_Sonoma_Coast_Pinot_Noir_2020.png,images/bottle_Merry_Edwards_Sonoma_Coast_Pinot_Noir_2020.png,Sonoma Coast,Merry Edwards,"red fruit, oak, non oak, black fruit, earth, spices, microbio, vegetal, citrus fruit, floral, dried fruit, tree fruit, tropical fruit","Veal, Pork, Poultry, Mushrooms",Pinot Noir
Ancien Red Dog Vineyard Pinot Noir 2022,United States,70,4.1,images/Ancien_Red_Dog_Vineyard_Pinot_Noir_2022.png,images/bottle_Ancien_Red_Dog_Vineyard_Pinot_Noir_2022.png,Sonoma Mountain,Ancien,"red fruit, earth, oak, floral, spices, black fruit, non oak, tree fruit, citrus fruit, vegetal, tropical fruit, microbio, dried fruit","Beef, Veal, Game (deer, venison), Poultry",Pinot Noir
Fulcrum Wines Dry Gewürztraminer 2022,United States,19.99,3.9,images/Fulcrum_Wines_Dry_Gewrztraminer_2022.png,images/bottle_Fulcrum_Wines_Dry_Gewrztraminer_2022.png,Anderson Valley,Fulcrum Wines,"tree fruit, tropical fruit, earth, citrus fruit, spices, floral, oak, vegetal","Pork, Rich fish (salmon, tuna etc), Spicy food, Poultry, Mild and soft cheese",Gewürztraminer
Clos Frantin Chambertin Grand Cru 1978,France,630,4.3,images/Clos_Frantin_Chambertin_Grand_Cru_1978.png,images/bottle_Clos_Frantin_Chambertin_Grand_Cru_1978.png,Chambertin Grand Cru,Clos Frantin,"red fruit, earth, oak, spices, non oak, tree fruit, citrus fruit, microbio","Beef, Veal, Game (deer, venison), Poultry",Pinot Noir
Domaine De Cassiopée Les Plantes Maranges 2021,France,79,4,images/Domaine_De_Cassiope_Les_Plantes_Maranges_2021.jpg,,Maranges,Domaine De Cassiopée,,"Beef, Veal, Game (deer, venison), Poultry",Pinot Noir
Giuseppe Cortese Barbaresco 2021,Italy,39.99,4,images/Giuseppe_Cortese_Barbaresco_2021.png,images/bottle_Giuseppe_Cortese_Barbaresco_2021.png,Barbaresco,Giuseppe Cortese,"red fruit, oak, earth, non oak, black fruit, spices, floral, microbio, dried fruit, citrus fruit, vegetal","Beef, Pasta, Lamb, Game (deer, venison)",Nebbiolo
Amici Russian River Valley Reserve Pinot Noir 2023,United States,75,4.2,images/Amici_Russian_River_Valley_Reserve_Pinot_Noir_2023.png,images/bottle_Amici_Russian_River_Valley_Reserve_Pinot_No.png,Russian River Valley,Amici,"oak, red fruit, non oak, earth, spices, black fruit, floral, tree fruit, microbio","Veal, Pork, Poultry, Mushrooms",Pinot Noir
Chanterêves Nuits-Saint-Georges 'Les Tuyaux' 2022,France,118,4.1,images/Chanterves_Nuits_Saint_Georges_Les_Tuyaux_2022.jpg,,Nuits-Saint-Georges,Chanterêves,"oak, black fruit, red fruit, non oak, spices, earth, floral","Beef, Veal, Game (deer, venison), Poultry",Pinot Noir
Cristom Eileen Vineyard Pinot Noir 2019,United States,42.99,4.4,images/Cristom_Eileen_Vineyard_Pinot_Noir_2019.png,images/bottle_Cristom_Eileen_Vineyard_Pinot_Noir_2019.png,Eola-Amity Hills,Cristom,"red fruit, earth, oak, non oak, spices, black fruit, microbio, floral, vegetal, dried fruit, citrus fruit, tree fruit, tropical fruit","Beef, Veal, Game (deer, venison), Poultry",Pinot Noir
G.D. Vajra Barolo Coste di Rose 2020,Italy,69,4.3,images/GD_Vajra_Barolo_Coste_di_Rose_2020.png,images/bottle_GD_Vajra_Barolo_Coste_di_Rose_2020.png,Barolo,G.D. Vajra,"red fruit, earth, oak, spices, non oak, floral, black fruit, microbio, citrus fruit, tropical fruit, tree fruit, dried fruit","Beef, Pasta, Lamb, Game (deer, venison)",Nebbiolo
Rare Champagne Rare Brut Rosé Champagne (Millésimé) 2008,France,499.99,4.5,images/Rare_Champagne_Rare_Brut_Ros_Champagne_Millsim_200.png,images/bottle_Rare_Champagne_Rare_Brut_Ros_Champagne_Mill.png,Champagne,Rare Champagne,"red fruit, non oak, earth, microbio, oak, citrus fruit, tree fruit, spices, black fruit, tropical fruit, floral, vegetal","Pork, Rich fish (salmon, tuna etc), Shellfish, Mild and soft cheese","Chardonnay, Pinot Noir, Pinot Meunier"
Clos Rougeard Brézé Saumur Blanc 2014,France,295,4.6,images/Clos_Rougeard_Brz_Saumur_Blanc_2014.png,images/bottle_Clos_Rougeard_Brz_Saumur_Blanc_2014.png,Saumur,Clos Rougeard,"earth, oak, tree fruit, citrus fruit, microbio, non oak, spices, floral, vegetal, tropical fruit, dried fruit, black fruit, red fruit","Rich fish (salmon, tuna etc), Vegetarian, Poultry, Mild and soft cheese",Chenin Blanc
Harmonique Elegancé Pinot Noir 2011,United States,48,4.2,images/Harmonique_Eleganc_Pinot_Noir_2011.png,images/bottle_Harmonique_Eleganc_Pinot_Noir_2011.png,Anderson Valley,Harmonique,"red fruit, oak, spices, earth, non oak, black fruit, dried fruit, floral, microbio","Veal, Pork, Poultry, Mushrooms",Pinot Noir
Morca Garnacha 2022,Spain,47.99,4.4,images/Morca_Garnacha_2022.png,images/bottle_Morca_Garnacha_2022.png,Campo de Borja,Morca,"oak, black fruit, non oak, earth, spices, red fruit, microbio, floral, dried fruit, vegetal, tree fruit, citrus fruit","Beef, Pasta, Lamb, Game (deer, venison), Poultry",Grenache
Cascina Penna-Currado Bricco Lago Nebbiolo 2023,Italy,40,4,images/Cascina_Penna_Currado_Bricco_Lago_Nebbiolo_2023.png,images/bottle_Cascina_Penna_Currado_Bricco_Lago_Nebbiolo_.png,Langhe,Cascina Penna-Currado,,"Beef, Lamb, Game (deer, venison), Poultry",Nebbiolo
Chateau Ste. Michelle Rosé 2023,United States,10.99,3.7,images/Chateau_Ste_Michelle_Ros_2023.png,images/bottle_Chateau_Ste_Michelle_Ros_2023.png,Yakima Valley,Chateau Ste. Michelle,"red fruit, citrus fruit, tree fruit, earth, microbio, floral, tropical fruit, oak, spices, non oak, vegetal, black fruit, dried fruit","Shellfish, Spicy food, Mature and hard cheese, Appetizers and snacks, Lean fish, Cured Meat",
Bouchard Père & Fils Le Corton Grand Cru 2005,France,200,4.3,images/Bouchard_Pre_Fils_Le_Corton_Grand_Cru_2005.png,images/bottle_Bouchard_Pre_Fils_Le_Corton_Grand_Cru_2005.png,Corton Grand Cru,Bouchard Père & Fils,"earth, red fruit, oak, non oak, spices, microbio, black fruit, floral, dried fruit, vegetal, citrus fruit, tree fruit, tropical fruit","Beef, Veal, Game (deer, venison), Poultry",Pinot Noir
Domaine Denis Mortet Gevrey-Chambertin En Motrot Monopole 1995,France,480,4.3,images/Domaine_Denis_Mortet_Gevrey_Chambertin_En_Motrot_M.jpg,,Gevrey-Chambertin,Domaine Denis Mortet,"black fruit, red fruit, earth, microbio, oak","Beef, Veal, Game (deer, venison), Poultry",Pinot Noir
Paolo Scavino Rocche dell'Annunziata Barolo Riserva 2016,Italy,375,4.5,images/Paolo_Scavino_Rocche_dellAnnunziata_Barolo_Riserva.png,images/bottle_Paolo_Scavino_Rocche_dellAnnunziata_Barolo_.png,Barolo,Paolo Scavino,"earth, oak, red fruit, non oak, spices, black fruit, microbio, floral, dried fruit, vegetal, tree fruit, citrus fruit","Beef, Pasta, Lamb, Game (deer, venison)",Nebbiolo
Anne de Joyeuse Les Carabènes Pinot Noir 2021,France,17.98,3.4,images/Anne_de_Joyeuse_Les_Carabnes_Pinot_Noir_2021.png,images/bottle_Anne_de_Joyeuse_Les_Carabnes_Pinot_Noir_202.png,Pays d'Oc,Anne de Joyeuse,"red fruit, oak, black fruit, earth, non oak, spices, microbio, dried fruit, tree fruit, citrus fruit, floral","Beef, Pasta, Veal","Shiraz/Syrah, Grenache, Mourvedre"
Domaine Della Russian River Valley Pinot Noir 2019,United States,49.99,4.4,images/Domaine_Della_Russian_River_Valley_Pinot_Noir_2019.png,images/bottle_Domaine_Della_Russian_River_Valley_Pinot_No.png,Russian River Valley,Domaine Della,"red fruit, dried fruit","Veal, Pork, Poultry, Mushrooms",Pinot Noir
Domaine du Pavillon Pommard 'Clos des Ursulines' (Monopole) 2012,France,195,4.1,images/Domaine_du_Pavillon_Pommard_Clos_des_Ursulines_Mon.png,images/bottle_Domaine_du_Pavillon_Pommard_Clos_des_Ursuli.png,Pommard,Domaine du Pavillon,"red fruit, oak, earth, non oak, black fruit, microbio, spices, dried fruit, floral, tree fruit, vegetal, citrus fruit","Beef, Veal, Game (deer, venison), Poultry",Pinot Noir
Ceritas Cuvée Chloe Pinot Noir 2022,United States,99.99,4.5,images/Ceritas_Cuve_Chloe_Pinot_Noir_2022.png,images/bottle_Ceritas_Cuve_Chloe_Pinot_Noir_2022.png,Sonoma Coast,Ceritas,"red fruit, earth, citrus fruit, spices, vegetal, non oak, oak","Veal, Pork, Poultry, Mushrooms",Pinot Noir
Pierre Usseglio Châteauneuf-du-Pape Réserve des Deux Frères 2005,France,175,4.4,images/Pierre_Usseglio_Chteauneuf_du_Pape_Rserve_des_Deux.png,images/bottle_Pierre_Usseglio_Chteauneuf_du_Pape_Rserve_d.png,Châteauneuf-du-Pape,Pierre Usseglio,"black fruit, earth, oak, non oak, red fruit, spices, dried fruit, floral, vegetal, microbio, citrus fruit","Lamb, Pork, Poultry","Shiraz/Syrah, Mourvedre, Counoise, Cinsaut, Vaccareze, Muscardin"
Dial Tone Pinot Noir 2023,United States,32.99,4.1,images/Dial_Tone_Pinot_Noir_2023.jpg,,Santa Barbara County,Dial Tone,,"Beef, Veal, Game (deer, venison), Poultry",Pinot Noir
Marie-Noelle Ledru Cuvée du Goulté Blanc de Noirs Brut Champagne Grand Cru 'Ambonnay' 2010,France,399,4.2,images/Marie_Noelle_Ledru_Cuve_du_Goult_Blanc_de_Noirs_Br.png,images/bottle_Marie_Noelle_Ledru_Cuve_du_Goult_Blanc_de_N.png,Champagne Grand Cru 'Ambonnay',Marie-Noelle Ledru,"tree fruit, earth, microbio, oak, spices, non oak, red fruit, dried fruit, vegetal, black fruit, tropical fruit, citrus fruit","Pork, Rich fish (salmon, tuna etc), Shellfish, Mild and soft cheese","Chardonnay, Pinot Noir, Pinot Meunier"
Daniel Moine-Hudelot Chambolle-Musigny 1er Cru 'Les Feusselottes' 2001,France,168,4.1,images/Daniel_Moine_Hudelot_Chambolle_Musigny_1er_Cru_Les.jpg,,Chambolle-Musigny 1er Cru 'Les Feusselottes',Daniel Moine-Hudelot,"oak, red fruit, earth, spices, non oak, black fruit, dried fruit, tree fruit, floral","Beef, Veal, Game (deer, venison), Poultry",Pinot Noir
Laherte Freres Les Empreintes Extra-Brut Champagne 2013,France,125,4.3,images/Laherte_Freres_Les_Empreintes_Extra_Brut_Champagne.png,images/bottle_Laherte_Freres_Les_Empreintes_Extra_Brut_Ch.png,Champagne,Laherte Freres,"tree fruit, citrus fruit, earth, non oak, oak, microbio, spices, vegetal, floral, red fruit, tropical fruit, dried fruit","Pork, Rich fish (salmon, tuna etc), Shellfish, Mild and soft cheese","Chardonnay, Pinot Noir, Pinot Meunier"
Muller-Koeberle La Geiss Pinot Noir 2021,France,31.99,3.9,images/Muller_Koeberle_La_Geiss_Pinot_Noir_2021.jpg,,Alsace,Muller-Koeberle,"red fruit, oak, spices, earth, black fruit, non oak, citrus fruit, floral, dried fruit, vegetal, microbio","Veal, Game (deer, venison), Poultry, Mushrooms",Pinot Noir
Giovanni Rosso Barolo Cerretta 2012,Italy,88.1,4.1,images/Giovanni_Rosso_Barolo_Cerretta_2012.png,images/bottle_Giovanni_Rosso_Barolo_Cerretta_2012.png,Barolo,Giovanni Rosso,"red fruit, earth, oak, black fruit, spices, non oak, floral, microbio, dried fruit, vegetal, tree fruit, citrus fruit","Beef, Pasta, Lamb, Game (deer, venison)",Nebbiolo
Luca Bosio Barolo 2010,Italy,50,3.8,images/Luca_Bosio_Barolo_2010.png,images/bottle_Luca_Bosio_Barolo_2010.png,Barolo,Luca Bosio,"oak, earth, red fruit, non oak, spices, black fruit, dried fruit, citrus fruit, floral, microbio, tree fruit, vegetal","Beef, Pasta, Lamb, Game (deer, venison)",Nebbiolo
Las Bonitas Pinot Noir 2021,United States,80,4.2,images/Las_Bonitas_Pinot_Noir_2021.jpg,,Sonoma County,Las Bonitas,"red fruit, earth, oak, black fruit, non oak, spices, microbio, dried fruit, floral","Beef, Veal, Game (deer, venison), Poultry",Pinot Noir
Renato Corino Barolo 2011,Italy,41.11,4.1,images/Renato_Corino_Barolo_2011.png,images/bottle_Renato_Corino_Barolo_2011.png,Barolo,Renato Corino,"earth, oak, red fruit, non oak, black fruit, spices, floral, microbio, dried fruit, vegetal, tree fruit","Beef, Pasta, Lamb, Game (deer, venison)",Nebbiolo
Domaine Thiriet En La Place Bourgogne Pinot Noir 2023,France,55,4.1,images/Domaine_Thiriet_En_La_Place_Bourgogne_Pinot_Noir_2.png,images/bottle_Domaine_Thiriet_En_La_Place_Bourgogne_Pinot.png,Bourgogne,Domaine Thiriet,,"Beef, Veal, Game (deer, venison), Poultry",Pinot Noir
Ceretto Barolo Brunate 2000,Italy,82.23,4.2,images/Ceretto_Barolo_Brunate_2000.png,images/bottle_Ceretto_Barolo_Brunate_2000.png,Barolo,Ceretto,"earth, oak, red fruit, non oak, spices, black fruit, floral, microbio, dried fruit, vegetal, citrus fruit, tree fruit","Beef, Pasta, Lamb, Game (deer, venison)",Nebbiolo
Belle Pente Willamette Valley Pinot Noir 2019,United States,45,4.1,images/Belle_Pente_Willamette_Valley_Pinot_Noir_2019.png,images/bottle_Belle_Pente_Willamette_Valley_Pinot_Noir_20.png,Willamette Valley,Belle Pente,"red fruit, earth, oak, spices, non oak, black fruit, microbio, floral, tree fruit, vegetal, citrus fruit, dried fruit","Beef, Veal, Game (deer, venison), Poultry",Pinot Noir
Livia Fontana Fontanin Barolo 2015,Italy,41.11,4.1,images/Livia_Fontana_Fontanin_Barolo_2015.png,images/bottle_Livia_Fontana_Fontanin_Barolo_2015.png,Barolo,Livia Fontana,"earth, oak, red fruit, non oak, spices, black fruit, microbio, floral, dried fruit, tree fruit, citrus fruit, tropical fruit","Beef, Pasta, Lamb, Game (deer, venison)",Nebbiolo
Lachini Vineyards Rosé of Pinot Noir 2024,United States,32,3.9,images/Lachini_Vineyards_Ros_of_Pinot_Noir_2024.jpg,,Willamette Valley,Lachini Vineyards,"red fruit, tree fruit, earth, non oak",,Pinot Noir
Maison Bleue Bourgeois Grenache 2022,United States,60,4.2,images/Maison_Bleue_Bourgeois_Grenache_2022.jpg,,Walla Walla Valley,Maison Bleue,"oak, red fruit, non oak, spices, black fruit, earth, vegetal, floral, microbio, dried fruit, citrus fruit",,
Domaine Ponsot Clos de la Roche Grand Cru Cuvée Vieilles Vignes 2009,France,450,4.5,images/Domaine_Ponsot_Clos_de_la_Roche_Grand_Cru_Cuve_Vie.png,images/bottle_Domaine_Ponsot_Clos_de_la_Roche_Grand_Cru_C.png,Clos de la Roche Grand Cru,Domaine Ponsot,"red fruit, earth, oak, black fruit, non oak, spices, microbio, floral, citrus fruit, vegetal, dried fruit, tropical fruit","Beef, Veal, Game (deer, venison), Poultry",Pinot Noir
Ballot Millot Pommard 1er Cru 'Pézerolles' 2022,France,139,4,images/Ballot_Millot_Pommard_1er_Cru_Pzerolles_2022.png,images/bottle_Ballot_Millot_Pommard_1er_Cru_Pzerolles_202.png,Pommard 1er Cru 'Les Pézerolles',Ballot Millot,"red fruit, earth, oak, black fruit, spices, vegetal, microbio","Beef, Veal, Game (deer, venison), Poultry",Pinot Noir
Cantina Li Seddi Maistrali Cannonau di Sardegna Riserva 2012,Italy,19.38,4.1,images/Cantina_Li_Seddi_Maistrali_Cannonau_di_Sardegna_Ri.jpg,,Cannonau di Sardegna,Cantina Li Seddi,"black fruit, red fruit, spices, earth, oak, microbio, non oak","Beef, Pasta, Lamb, Game (deer, venison), Poultry",Grenache
Joseph Drouhin Bourgogne Pinot Noir 2022,France,39.99,3.8,images/Joseph_Drouhin_Bourgogne_Pinot_Noir_2022.png,images/bottle_Joseph_Drouhin_Bourgogne_Pinot_Noir_2022.png,Bourgogne,Joseph Drouhin,"red fruit, oak, earth, non oak, black fruit, spices, microbio, floral, vegetal, citrus fruit, dried fruit, tree fruit, tropical fruit","Beef, Veal, Game (deer, venison), Poultry",Pinot Noir
Husch Vineyards Chenin Blanc 2018,United States,22.31,4.1,images/Husch_Vineyards_Chenin_Blanc_2018.png,images/bottle_Husch_Vineyards_Chenin_Blanc_2018.png,Mendocino,Husch Vineyards,"tree fruit, earth, citrus fruit, microbio, tropical fruit, oak, floral, spices, vegetal, non oak, black fruit, red fruit, dried fruit","Shellfish, Spicy food, Lean fish, Mild and soft cheese",Chenin Blanc
La Ca' Növa Montestefano Barbaresco 2021,Italy,54.99,4.1,images/La_Ca_Nva_Montestefano_Barbaresco_2021.png,images/bottle_La_Ca_Nva_Montestefano_Barbaresco_2021.png,Barbaresco,La Ca' Növa,"earth, red fruit, oak, non oak, spices, black fruit, floral, microbio, dried fruit, citrus fruit, vegetal, tree fruit","Beef, Pasta, Lamb, Game (deer, venison)",Nebbiolo
El Pino Club High Haven Pinot Noir 2021,United States,40,4.2,images/El_Pino_Club_High_Haven_Pinot_Noir_2021.png,images/bottle_El_Pino_Club_High_Haven_Pinot_Noir_2021.png,Anderson Valley,El Pino Club,red fruit,"Veal, Pork, Poultry, Mushrooms",Pinot Noir
Hudelot-Noëllat Nuits-Saint-Georges 1er Cru 'Les Murgers' 2014,France,140,4.1,images/Hudelot_Nollat_Nuits_Saint_Georges_1er_Cru_Les_Mur.png,images/bottle_Hudelot_Nollat_Nuits_Saint_Georges_1er_Cru_.png,Nuits-Saint-Georges 1er Cru 'Aux Murgers',Hudelot-Noëllat,"red fruit, earth, oak, non oak, spices, floral, black fruit, microbio, vegetal, citrus fruit","Beef, Veal, Game (deer, venison), Poultry",Pinot Noir
Kistler Cuvée Natalie Silver Belt Vineyard Pinot Noir 2020,United States,93,4.4,images/Kistler_Cuve_Natalie_Silver_Belt_Vineyard_Pinot_No.png,images/bottle_Kistler_Cuve_Natalie_Silver_Belt_Vineyard_P.png,Sonoma Coast,Kistler,"red fruit, oak, non oak, black fruit, earth, spices, floral, dried fruit, citrus fruit, microbio, vegetal, tree fruit","Veal, Pork, Poultry, Mushrooms",Pinot Noir
Domaine Huet Vouvray Clos du Bourg Sec 2010,France,53,4.3,images/Domaine_Huet_Vouvray_Clos_du_Bourg_Sec_2010.png,images/bottle_Domaine_Huet_Vouvray_Clos_du_Bourg_Sec_2010.png,Vouvray,Domaine Huet,"tree fruit, earth, citrus fruit, microbio, oak, tropical fruit, non oak, vegetal, spices, floral, dried fruit, black fruit, red fruit","Rich fish (salmon, tuna etc), Vegetarian, Poultry, Mild and soft cheese",Chenin Blanc
Maysara Jamsheed Momtazi Vineyard Pinot Noir 2015,United States,36.99,4.1,images/Maysara_Jamsheed_Momtazi_Vineyard_Pinot_Noir_2015.png,images/bottle_Maysara_Jamsheed_Momtazi_Vineyard_Pinot_Noi.png,McMinnville,Maysara,"red fruit, earth, oak, black fruit, spices, non oak, microbio, vegetal, dried fruit, floral, citrus fruit, tree fruit, tropical fruit","Beef, Veal, Game (deer, venison), Poultry",Pinot Noir
Cascina Fontana Barolo 2019,Italy,175,4.3,images/Cascina_Fontana_Barolo_2019.png,images/bottle_Cascina_Fontana_Barolo_2019.png,Barolo,Cascina Fontana,"earth, red fruit, oak, non oak, black fruit, spices, floral, microbio, dried fruit, citrus fruit, vegetal, tree fruit","Beef, Pasta, Lamb, Game (deer, venison)",Nebbiolo
Comm. G.B. Burlotto Barolo Verduno Castelletto 2020,Italy,299,4.3,images/Comm_GB_Burlotto_Barolo_Verduno_Castelletto_2020.png,images/bottle_Comm_GB_Burlotto_Barolo_Verduno_Castelletto.png,Barolo,Comm. G.B. Burlotto,"red fruit, earth, floral, oak, non oak, black fruit, spices, microbio, dried fruit, citrus fruit","Beef, Pasta, Lamb, Game (deer, venison)",Nebbiolo
Domaine A. et P. de Villaine Rully 1er Cru 'Cloux' Rouge 2019,France,105,4.3,images/Domaine_A_et_P_de_Villaine_Rully_1er_Cru_Cloux_Rou.png,images/bottle_Domaine_A_et_P_de_Villaine_Rully_1er_Cru_Cl.png,Rully 1er Cru 'Cloux',Domaine A. et P. de Villaine,"oak, spices, earth, non oak, red fruit, microbio, black fruit, tree fruit, citrus fruit, tropical fruit, floral, vegetal","Beef, Veal, Game (deer, venison), Poultry",Pinot Noir
WillaKenzie Estate Pinot Noir 2021,United States,45,4.1,images/WillaKenzie_Estate_Pinot_Noir_2021.png,images/bottle_WillaKenzie_Estate_Pinot_Noir_2021.png,Willamette Valley,WillaKenzie Estate,"red fruit, oak, non oak, earth, spices, black fruit, microbio, citrus fruit, vegetal, floral, dried fruit, tree fruit","Beef, Veal, Game (deer, venison), Poultry",Pinot Noir
Hubert Lignier Gevrey-Chambertin 1er Cru 'Aux Combottes' 2020,France,799.99,4.3,images/Hubert_Lignier_Gevrey_Chambertin_1er_Cru_Aux_Combo.png,images/bottle_Hubert_Lignier_Gevrey_Chambertin_1er_Cru_Au.png,Gevrey-Chambertin 1er Cru 'Aux Combottes',Hubert Lignier,"red fruit, oak, earth, black fruit, spices, non oak, citrus fruit, floral, microbio","Beef, Veal, Game (deer, venison), Poultry",Pinot Noir
Domaine De Cassiopée En Gerlieus Bourgogne 2021,France,69,4,images/Domaine_De_Cassiope_En_Gerlieus_Bourgogne_2021.jpg,,Bourgogne,Domaine De Cassiopée,,"Beef, Veal, Game (deer, venison), Poultry",Pinot Noir
Pierre-Yves Colin-Morey Nuits-Saint-Georges Premier Cru 'Aux Boudots' 2021,France,187,4.5,images/Pierre_Yves_Colin_Morey_Nuits_Saint_Georges_Premie.png,images/bottle_Pierre_Yves_Colin_Morey_Nuits_Saint_Georges.png,Nuits-Saint-Georges 1er Cru 'Aux Boudots',Pierre-Yves Colin-Morey,"red fruit, tree fruit, floral, earth, microbio, oak, black fruit, dried fruit, spices, vegetal, non oak","Beef, Veal, Game (deer, venison), Poultry",Pinot Noir
Mauro Franchino Gattinara 2016,Italy,32.3,3.9,images/Mauro_Franchino_Gattinara_2016.png,images/bottle_Mauro_Franchino_Gattinara_2016.png,Gattinara,Mauro Franchino,"earth, oak, red fruit, non oak, spices, black fruit, floral, dried fruit, microbio, vegetal, citrus fruit, tropical fruit","Beef, Lamb, Game (deer, venison), Poultry",Nebbiolo
Evesham Wood Mahonia Vineyard Pinot Noir 2022,United States,50.99,4,images/Evesham_Wood_Mahonia_Vineyard_Pinot_Noir_2022.jpg,,Willamette Valley,Evesham Wood,"red fruit, earth, oak, non oak, spices, floral, black fruit, vegetal, microbio","Beef, Veal, Game (deer, venison), Poultry",Pinot Noir
Cordero di Montezemolo Barolo Bricco Gattera 2008,Italy,73.99,4.3,images/Cordero_di_Montezemolo_Barolo_Bricco_Gattera_2008.png,images/bottle_Cordero_di_Montezemolo_Barolo_Bricco_Gatter.png,Barolo,Cordero di Montezemolo,"oak, earth, red fruit, non oak, spices, black fruit, floral, microbio, dried fruit, vegetal, citrus fruit, tree fruit, tropical fruit","Beef, Pasta, Lamb, Game (deer, venison)",Nebbiolo
Yount Mill House Pinot Noir 2022,United States,22.99,3.7,images/Yount_Mill_House_Pinot_Noir_2022.png,images/bottle_Yount_Mill_House_Pinot_Noir_2022.png,Los Carneros,Yount Mill House,"red fruit, black fruit, spices, oak, microbio","Veal, Pork, Poultry, Mushrooms",Pinot Noir
Mount Riley Pinot Noir 2022,New Zealand,23,3.5,images/Mount_Riley_Pinot_Noir_2022.png,images/bottle_Mount_Riley_Pinot_Noir_2022.png,Marlborough,Mount Riley,"red fruit, oak, earth, spices, non oak, black fruit, microbio, vegetal, floral, dried fruit, tree fruit, citrus fruit, tropical fruit","Beef, Veal, Game (deer, venison), Poultry",Pinot Noir
Domaine Jean-Marc Bouley Thomas Bouley Bourgogne Pinot Noir 2022,France,69.99,3.6,images/Domaine_Jean_Marc_Bouley_Thomas_Bouley_Bourgogne_P.jpg,,Bourgogne,Domaine Jean-Marc Bouley,"red fruit, spices, earth, black fruit, dried fruit, floral, vegetal, microbio, non oak, oak","Beef, Veal, Game (deer, venison), Poultry",Pinot Noir
Domaine des Rouges Queues Vigne Blanche Maranges 2020,France,46.88,3.8,images/Domaine_des_Rouges_Queues_Vigne_Blanche_Maranges_2.png,images/bottle_Domaine_des_Rouges_Queues_Vigne_Blanche_Mar.png,Maranges,Domaine des Rouges Queues,,"Beef, Veal, Game (deer, venison), Poultry",Pinot Noir
Graton Ridge Cellars Pinot Noir 2021,United States,60,4.1,images/Graton_Ridge_Cellars_Pinot_Noir_2021.png,images/bottle_Graton_Ridge_Cellars_Pinot_Noir_2021.png,Russian River Valley,Graton Ridge Cellars,"red fruit, earth, black fruit, spices, oak","Veal, Pork, Poultry, Mushrooms",Pinot Noir
B Wise Pinot Noir 2020,United States,55,4.4,images/B_Wise_Pinot_Noir_2020.jpg,,Sonoma Coast,B Wise,"red fruit, earth, oak, black fruit, spices, non oak","Veal, Pork, Poultry, Mushrooms",Pinot Noir
Montinore Estate Pinot Noir (Red Cap) 2022,United States,25.99,3.8,images/Montinore_Estate_Pinot_Noir_Red_Cap_2022.png,images/bottle_Montinore_Estate_Pinot_Noir_Red_Cap_2022.png,Willamette Valley,Montinore Estate,"red fruit, oak, earth, non oak, spices, black fruit, microbio, vegetal, floral, tree fruit, citrus fruit, dried fruit, tropical fruit","Beef, Veal, Game (deer, venison), Poultry",Pinot Noir
Argot Estate Vineyard Pinot Noir 2018,United States,47.99,4.4,images/Argot_Estate_Vineyard_Pinot_Noir_2018.png,images/bottle_Argot_Estate_Vineyard_Pinot_Noir_2018.png,Sonoma Mountain,Argot,"black fruit, oak, red fruit, spices, earth, non oak, citrus fruit, floral, microbio","Beef, Veal, Game (deer, venison), Poultry",Pinot Noir
Philippe Foreau Vouvray Moelleux 2015,France,78.99,4.2,images/Philippe_Foreau_Vouvray_Moelleux_2015.png,images/bottle_Philippe_Foreau_Vouvray_Moelleux_2015.png,Vouvray,Philippe Foreau,"earth, tree fruit, citrus fruit, oak, microbio, non oak, spices, tropical fruit, vegetal, dried fruit, black fruit, red fruit, floral","Mature and hard cheese, Fruity desserts, Blue cheese",Chenin Blanc
Giuseppe Rinaldi Brunate - Le Coste Barolo 2004,Italy,616,4.5,images/Giuseppe_Rinaldi_Brunate_Le_Coste_Barolo_2004.png,images/bottle_Giuseppe_Rinaldi_Brunate_Le_Coste_Barolo_20.png,Barolo,Giuseppe Rinaldi,"earth, oak, red fruit, non oak, spices, black fruit, floral, microbio, dried fruit, vegetal, citrus fruit, tree fruit","Beef, Pasta, Lamb, Game (deer, venison)",Nebbiolo
Dawn's Dream Winery Rachael Pinot Noir 2022,United States,48,3.8,images/Dawns_Dream_Winery_Rachael_Pinot_Noir_2022.jpg,,Arroyo Seco,Dawn's Dream Winery,"red fruit, oak, non oak, spices, earth, black fruit, dried fruit, citrus fruit, floral, vegetal","Beef, Veal, Game (deer, venison), Poultry",Pinot Noir
Fulcrum Wines Wildcat Mountain Vineyard 2022,United States,49.99,4.2,images/Fulcrum_Wines_Wildcat_Mountain_Vineyard_2022.png,images/bottle_Fulcrum_Wines_Wildcat_Mountain_Vineyard_202.png,Los Carneros,Fulcrum Wines,"red fruit, black fruit, earth, oak, non oak, spices, dried fruit, tree fruit, citrus fruit, vegetal, microbio","Veal, Pork, Poultry, Mushrooms",Pinot Noir
Sandrone Barolo Le Vigne 2019,Italy,169.99,4.2,images/Sandrone_Barolo_Le_Vigne_2019.png,images/bottle_Sandrone_Barolo_Le_Vigne_2019.png,Barolo,Sandrone,"earth, oak, red fruit, non oak, spices, black fruit, floral, microbio, dried fruit, vegetal, citrus fruit, tree fruit","Beef, Pasta, Lamb, Game (deer, venison)",Nebbiolo
Josep Grau Viticultor La Florens 2020,Spain,50.99,4.1,images/Josep_Grau_Viticultor_La_Florens_2020.png,images/bottle_Josep_Grau_Viticultor_La_Florens_2020.png,Montsant,Josep Grau Viticultor,"red fruit, oak, spices, earth, non oak, black fruit, floral, citrus fruit, microbio","Beef, Pasta, Lamb","Shiraz/Syrah, Cabernet Sauvignon, Cariñena, Garnacha"
Santa Cruz Mountain Vineyard Hook Vineyard Grenache 2022,United States,28,3.9,images/Santa_Cruz_Mountain_Vineyard_Hook_Vineyard_Grenach.jpg,,Santa Lucia Highlands,Santa Cruz Mountain Vineyard,"red fruit, earth, oak, black fruit, spices, microbio","Beef, Lamb, Spicy food, Vegetarian, Poultry",Grenache
Robert Marcel Les Pouches Saumur 2022,France,14.99,3.7,images/Robert_Marcel_Les_Pouches_Saumur_2022.jpg,,Saumur,Robert Marcel,"tree fruit, earth, citrus fruit, black fruit, vegetal, microbio, oak","Rich fish (salmon, tuna etc), Vegetarian, Poultry, Mild and soft cheese",Chenin Blanc
La Compagnie des Vins d'Autrefois Pinot Noir 2023,France,15.97,3.7,images/La_Compagnie_des_Vins_dAutrefois_Pinot_Noir_2023.png,images/bottle_La_Compagnie_des_Vins_dAutrefois_Pinot_Noir.png,Pays d'Oc,La Compagnie des Vins d'Autrefois,"red fruit, oak, earth, black fruit, non oak, spices, microbio, dried fruit, tree fruit, vegetal, citrus fruit, floral, tropical fruit","Beef, Pasta, Veal","Shiraz/Syrah, Grenache, Mourvedre"
Domaine Henri & Gilles Buisson Bourgogne Rouge 2022,France,36.99,3.9,images/Domaine_Henri_Gilles_Buisson_Bourgogne_Rouge_2022.png,images/bottle_Domaine_Henri_Gilles_Buisson_Bourgogne_Roug.png,Bourgogne,Domaine Henri & Gilles Buisson,"red fruit, earth, oak, black fruit, non oak, microbio","Beef, Veal, Game (deer, venison), Poultry",Pinot Noir
Oddero Barolo Brunate 2010,Italy,103.37,4.4,images/Oddero_Barolo_Brunate_2010.png,images/bottle_Oddero_Barolo_Brunate_2010.png,Barolo,Oddero,"earth, oak, red fruit, non oak, black fruit, spices, floral, microbio, dried fruit, citrus fruit, vegetal, tree fruit","Beef, Pasta, Lamb, Game (deer, venison)",Nebbiolo
Windrun Santa Rita Hills Pinot Noir 2013,United States,19.99,3.9,images/Windrun_Santa_Rita_Hills_Pinot_Noir_2013.png,images/bottle_Windrun_Santa_Rita_Hills_Pinot_Noir_2013.png,Sta. Rita Hills,Windrun,"red fruit, earth, black fruit, microbio, oak, spices, non oak, dried fruit, citrus fruit","Veal, Pork, Poultry, Mushrooms",Pinot Noir
Guarachi Pinot Noir 2012,United States,49.99,4.3,images/Guarachi_Pinot_Noir_2012.png,images/bottle_Guarachi_Pinot_Noir_2012.png,Sonoma Coast,Guarachi,"red fruit, oak, non oak, earth, black fruit, spices, vegetal, microbio, dried fruit","Veal, Pork, Poultry, Mushrooms",Pinot Noir
Billecart-Salmon Clos Saint-Hilaire Brut Champagne 2007,France,599.99,4.5,images/Billecart_Salmon_Clos_Saint_Hilaire_Brut_Champagne.png,images/bottle_Billecart_Salmon_Clos_Saint_Hilaire_Brut_Ch.png,Champagne,Billecart-Salmon,"oak, non oak, earth, microbio, tree fruit, citrus fruit, spices, red fruit, vegetal, black fruit, dried fruit, floral, tropical fruit","Pork, Rich fish (salmon, tuna etc), Shellfish, Mild and soft cheese","Chardonnay, Pinot Noir, Pinot Meunier"
Cristom Jessie Vineyard Pinot Noir 2021,United States,86.99,4.3,images/Cristom_Jessie_Vineyard_Pinot_Noir_2021.png,images/bottle_Cristom_Jessie_Vineyard_Pinot_Noir_2021.png,Eola-Amity Hills,Cristom,"red fruit, earth, oak, non oak, black fruit, spices, microbio, floral, vegetal, dried fruit, citrus fruit, tree fruit","Beef, Veal, Game (deer, venison), Poultry",Pinot Noir
Domaine Cecile Tremblay Bourgogne La Fontaine 2020,France,250,4.3,images/Domaine_Cecile_Tremblay_Bourgogne_La_Fontaine_2020.png,images/bottle_Domaine_Cecile_Tremblay_Bourgogne_La_Fontai.png,Bourgogne,Domaine Cecile Tremblay,"oak, red fruit, non oak, earth, microbio","Beef, Veal, Game (deer, venison), Poultry",Pinot Noir
The Eyrie Vineyards Pinot Noir 2018,United States,99.99,4.2,images/The_Eyrie_Vineyards_Pinot_Noir_2018.png,images/bottle_The_Eyrie_Vineyards_Pinot_Noir_2018.png,Willamette Valley,The Eyrie Vineyards,"red fruit, earth, oak, non oak, spices, black fruit, microbio, vegetal, floral, dried fruit, citrus fruit, tree fruit","Beef, Veal, Game (deer, venison), Poultry",Pinot Noir
Alheit Vineyards Magnetic North Mountain Makstok 2019,South Africa,106,4.5,images/Alheit_Vineyards_Magnetic_North_Mountain_Makstok_2.png,images/bottle_Alheit_Vineyards_Magnetic_North_Mountain_Ma.png,Cape South Coast,Alheit Vineyards,"earth, tree fruit, citrus fruit, oak, non oak, microbio, tropical fruit, spices, floral, vegetal","Shellfish, Spicy food, Lean fish, Mild and soft cheese",Chenin Blanc
Cune (CVNE) Selección de Fincas Garnacha 2018,Spain,19.99,3.8,images/Cune_CVNE_Seleccin_de_Fincas_Garnacha_2018.png,images/bottle_Cune_CVNE_Seleccin_de_Fincas_Garnacha_2018.png,Rioja,Cune (CVNE),"red fruit, black fruit, oak, non oak, spices, earth, microbio, dried fruit, vegetal","Beef, Lamb, Veal, Poultry","Tempranillo, Graciano, Garnacha"
Domaine Berthaut-Gerbet Clos Vougeot Grand Cru 2017,France,324,4.3,images/Domaine_Berthaut_Gerbet_Clos_Vougeot_Grand_Cru_201.png,images/bottle_Domaine_Berthaut_Gerbet_Clos_Vougeot_Grand_.png,Clos Vougeot Grand Cru,Domaine Berthaut-Gerbet,"red fruit, black fruit, dried fruit, spices, microbio, oak","Beef, Veal, Game (deer, venison), Poultry",Pinot Noir
Hudelot-Noëllat Vosne-Romanée 1er Cru 'Les Malconsorts' 2018,France,950,4.1,images/Hudelot_Nollat_Vosne_Romane_1er_Cru_Les_Malconsort.png,images/bottle_Hudelot_Nollat_Vosne_Romane_1er_Cru_Les_Mal.png,Vosne-Romanée 1er Cru 'Malconsorts',Hudelot-Noëllat,"red fruit, earth, floral, spices, oak, black fruit, vegetal, microbio, non oak","Beef, Veal, Game (deer, venison), Poultry",Pinot Noir
JAX Vineyards Calesa Vineyard Pinot Noir 2021,United States,59.99,4.1,images/JAX_Vineyards_Calesa_Vineyard_Pinot_Noir_2021.png,images/bottle_JAX_Vineyards_Calesa_Vineyard_Pinot_Noir_20.png,Sonoma Coast,JAX Vineyards,"red fruit, spices, oak, black fruit, dried fruit, microbio, non oak","Veal, Pork, Poultry, Mushrooms",Pinot Noir
Hugel Classic Gewürztraminer 2022,France,18.99,4,images/Hugel_Classic_Gewrztraminer_2022.png,images/bottle_Hugel_Classic_Gewrztraminer_2022.png,Alsace,Hugel,"tropical fruit, tree fruit, earth, citrus fruit, floral, spices, microbio, oak, vegetal, non oak, dried fruit, red fruit, black fruit","Pork, Rich fish (salmon, tuna etc), Spicy food, Poultry, Mild and soft cheese",Gewürztraminer
Isotta Manzoni Cuvée Emilia Rosé,Italy,12.99,4.1,images/Isotta_Manzoni_Cuve_Emilia_Ros.png,images/bottle_Isotta_Manzoni_Cuve_Emilia_Ros.png,Emilia,Isotta Manzoni,"red fruit, microbio, tree fruit","Appetizers and snacks, Aperitif",
Swick Wines Pinot Noir 2022,United States,28.99,3.9,images/Swick_Wines_Pinot_Noir_2022.png,images/bottle_Swick_Wines_Pinot_Noir_2022.png,Willamette Valley,Swick Wines,"red fruit, earth, oak, black fruit, non oak, microbio, spices, floral, citrus fruit, vegetal, dried fruit, tree fruit, tropical fruit","Beef, Veal, Game (deer, venison), Poultry",Pinot Noir
Viña Zorzal Garnacha 2023,Spain,11.99,3.7,images/Via_Zorzal_Garnacha_2023.png,images/bottle_Via_Zorzal_Garnacha_2023.png,Navarra,Viña Zorzal,"red fruit, oak, earth, black fruit, spices, non oak, microbio, floral, citrus fruit, vegetal, dried fruit, tree fruit, tropical fruit","Beef, Pasta, Lamb, Game (deer, venison), Poultry",Grenache
Clos de la Tech Domaine Valeta Sunny Slope Pinot Noir 2017,United States,47.5,4.3,images/Clos_de_la_Tech_Domaine_Valeta_Sunny_Slope_Pinot_N.png,images/bottle_Clos_de_la_Tech_Domaine_Valeta_Sunny_Slope_.png,Santa Cruz Mountains,Clos de la Tech,"red fruit, earth, black fruit, spices, dried fruit, non oak, oak, vegetal, microbio","Beef, Veal, Game (deer, venison), Poultry",Pinot Noir
Barkan Classic Pinot Noir 2020,Israel,11.99,3.6,images/Barkan_Classic_Pinot_Noir_2020.png,images/bottle_Barkan_Classic_Pinot_Noir_2020.png,Negev,Barkan,"red fruit, earth, oak, black fruit, spices, non oak, microbio, floral, dried fruit, vegetal, citrus fruit","Beef, Lamb, Veal, Game (deer, venison), Poultry",
Vino de la Reina Nebbiolo 2014,Mexico,31.99,3.8,images/Vino_de_la_Reina_Nebbiolo_2014.jpg,,Baja California,Vino de la Reina,"oak, black fruit, earth, non oak, red fruit, spices, microbio, dried fruit, vegetal","Beef, Lamb, Game (deer, venison), Poultry",Nebbiolo
Icardi Barbaresco Starderi 2015,Italy,106.99,4,images/Icardi_Barbaresco_Starderi_2015.png,images/bottle_Icardi_Barbaresco_Starderi_2015.png,Barbaresco,Icardi,"oak, earth, red fruit, spices, non oak, black fruit, microbio, floral, dried fruit, citrus fruit","Beef, Pasta, Lamb, Game (deer, venison)",Nebbiolo
Arnot-Roberts Heaven Earth Vineyard Pinot Noir 2023,United States,69.99,3.9,images/Arnot_Roberts_Heaven_Earth_Vineyard_Pinot_Noir_202.png,images/bottle_Arnot_Roberts_Heaven_Earth_Vineyard_Pinot_N.png,Sonoma Coast,Arnot-Roberts,"red fruit, floral, spices, earth, non oak, oak, black fruit, vegetal","Veal, Pork, Poultry, Mushrooms",Pinot Noir
Capiaux Cellars Garys’ Vineyard Pinot Noir 2022,United States,54.99,4.1,images/Capiaux_Cellars_Garys_Vineyard_Pinot_Noir_2022.png,images/bottle_Capiaux_Cellars_Garys_Vineyard_Pinot_Noir_2.png,Santa Lucia Highlands,Capiaux Cellars,"red fruit, earth, black fruit, non oak, oak, spices, microbio, dried fruit, citrus fruit, vegetal","Veal, Pork, Poultry, Mushrooms",Pinot Noir
Hervé Villemade Le Domaine du Moulin Cheverny Rouge 2023,France,28,3.5,images/Herv_Villemade_Le_Domaine_du_Moulin_Cheverny_Rouge.png,images/bottle_Herv_Villemade_Le_Domaine_du_Moulin_Chevern.png,Cheverny,Hervé Villemade,"earth, oak, red fruit, black fruit, tropical fruit, citrus fruit, spices, non oak","Lamb, Pork, Poultry, Goat's Milk Cheese","Cabernet Sauvignon, Cabernet Franc, Pinot Noir, Gamay, Grolleau, Côt, Pineau D'Aunis"
Unorthodox Chenin Blanc 2022,South Africa,16.99,3.5,images/Unorthodox_Chenin_Blanc_2022.png,images/bottle_Unorthodox_Chenin_Blanc_2022.png,Paarl,Unorthodox,"tree fruit, citrus fruit, tropical fruit, floral, earth","Shellfish, Spicy food, Lean fish, Mild and soft cheese",Chenin Blanc
Domaine Berthaut-Gerbet Vosne-Romanée 2019,France,139,4.3,images/Domaine_Berthaut_Gerbet_Vosne_Romane_2019.png,images/bottle_Domaine_Berthaut_Gerbet_Vosne_Romane_2019.png,Vosne-Romanée,Domaine Berthaut-Gerbet,"red fruit, oak, earth, non oak, spices, black fruit, microbio, floral, citrus fruit","Beef, Veal, Game (deer, venison), Poultry",Pinot Noir
Pierre-Yves Colin-Morey Vosne-Romanée 2022,France,144,4.4,images/Pierre_Yves_Colin_Morey_Vosne_Romane_2022.png,images/bottle_Pierre_Yves_Colin_Morey_Vosne_Romane_2022.png,Vosne-Romanée,Pierre-Yves Colin-Morey,"red fruit, earth, black fruit, oak","Beef, Veal, Game (deer, venison), Poultry",Pinot Noir
Isabelle Suire Saumur Blanc 2022,France,24,3.8,images/Isabelle_Suire_Saumur_Blanc_2022.jpg,,Saumur,Isabelle Suire,"earth, tree fruit, spices","Rich fish (salmon, tuna etc), Vegetarian, Poultry, Mild and soft cheese",Chenin Blanc
Charles Audoin Cuvée Marie Ragonneau Marsannay 2015,France,40,4.1,images/Charles_Audoin_Cuve_Marie_Ragonneau_Marsannay_2015.png,images/bottle_Charles_Audoin_Cuve_Marie_Ragonneau_Marsann.png,Marsannay,Charles Audoin,"red fruit, earth, oak, non oak, microbio, spices, black fruit, floral, dried fruit, tree fruit, citrus fruit, tropical fruit","Beef, Veal, Game (deer, venison), Poultry",Pinot Noir
Tassajara Pinot Noir 2022,United States,15.99,3.6,images/Tassajara_Pinot_Noir_2022.png,images/bottle_Tassajara_Pinot_Noir_2022.png,Monterey,Tassajara,"red fruit, oak, earth, non oak, spices, black fruit, microbio, vegetal, dried fruit, citrus fruit, floral, tree fruit, tropical fruit","Beef, Veal, Game (deer, venison), Poultry",Pinot Noir
Cavallotto Barolo Bricco Boschis 2001,Italy,289,4.3,images/Cavallotto_Barolo_Bricco_Boschis_2001.png,images/bottle_Cavallotto_Barolo_Bricco_Boschis_2001.png,Barolo,Cavallotto,"earth, oak, red fruit, non oak, spices, black fruit, microbio, floral, dried fruit, vegetal, citrus fruit, tree fruit","Beef, Pasta, Lamb, Game (deer, venison)",Nebbiolo
Trediberri Langhe Nebbiolo 2024,Italy,34,3.9,images/Trediberri_Langhe_Nebbiolo_2024.png,images/bottle_Trediberri_Langhe_Nebbiolo_2024.png,Langhe,Trediberri,"red fruit, oak, earth, spices, non oak, black fruit, microbio, floral, vegetal, dried fruit, citrus fruit, tree fruit, tropical fruit","Beef, Lamb, Game (deer, venison), Poultry",Nebbiolo
Domaine Jacques Prieur Clos de la Feguine Beaune 1er Cru 2017,France,100,4.3,images/Domaine_Jacques_Prieur_Clos_de_la_Feguine_Beaune_1.png,images/bottle_Domaine_Jacques_Prieur_Clos_de_la_Feguine_B.png,Beaune Premier Cru,Domaine Jacques Prieur,"oak, earth, red fruit, black fruit, microbio, non oak, spices, citrus fruit, floral, vegetal, tree fruit, dried fruit, tropical fruit","Beef, Veal, Game (deer, venison), Poultry",Pinot Noir
Tardieu-Laurent Cuvée Spéciale Châteauneuf-du-Pape 2007,France,139,4.1,images/Tardieu_Laurent_Cuve_Spciale_Chteauneuf_du_Pape_20.png,images/bottle_Tardieu_Laurent_Cuve_Spciale_Chteauneuf_du_.png,Châteauneuf-du-Pape,Tardieu-Laurent,"oak, black fruit, earth, red fruit, non oak, spices, dried fruit, microbio, floral, citrus fruit, vegetal, tree fruit","Lamb, Pork, Poultry","Shiraz/Syrah, Mourvedre, Counoise, Cinsaut, Vaccareze, Muscardin"
Domaine Arnaud Lambert Clos de La Rue Saumur 2017,France,49.99,4.3,images/Domaine_Arnaud_Lambert_Clos_de_La_Rue_Saumur_2017.png,images/bottle_Domaine_Arnaud_Lambert_Clos_de_La_Rue_Saumu.png,Saumur,Domaine Arnaud Lambert,"tree fruit, citrus fruit, oak, non oak, spices, earth, microbio, tropical fruit, dried fruit, floral, vegetal","Rich fish (salmon, tuna etc), Vegetarian, Poultry, Mild and soft cheese",Chenin Blanc
Méo-Camuzet Marsannay 2010,France,136,3.8,images/Mo_Camuzet_Marsannay_2010.png,images/bottle_Mo_Camuzet_Marsannay_2010.png,Marsannay,Méo-Camuzet,"red fruit, earth, oak, spices, non oak, black fruit, microbio, floral, dried fruit, vegetal, tree fruit, citrus fruit","Beef, Veal, Game (deer, venison), Poultry",Pinot Noir
Andremily Wines Grenache 2021,United States,150,4.5,images/Andremily_Wines_Grenache_2021.png,images/bottle_Andremily_Wines_Grenache_2021.png,Santa Barbara County,Andremily Wines,"black fruit, red fruit, spices, oak, dried fruit, floral, non oak, earth","Beef, Lamb, Spicy food, Vegetarian, Poultry",Grenache
Korbel Pinot Noir 2023,United States,30,3.4,images/Korbel_Pinot_Noir_2023.jpg,,Russian River Valley,Korbel,"earth, oak, black fruit, spices, non oak, red fruit, floral","Veal, Pork, Poultry, Mushrooms",Pinot Noir
Bargemone Commanderie de la Bargemone Rosé 2023,France,18.99,4,images/Bargemone_Commanderie_de_la_Bargemone_Ros_2023.png,images/bottle_Bargemone_Commanderie_de_la_Bargemone_Ros_2.png,Coteaux d'Aix-en-Provence,Bargemone,"red fruit, citrus fruit, tree fruit, earth, microbio, vegetal, floral, spices, tropical fruit, oak, non oak, dried fruit, black fruit","Pork, Shellfish, Vegetarian, Poultry","Shiraz/Syrah, Grenache, Cinsault"
Beneduce Centerfold Pinot Noir 2021,United States,42,3.8,images/Beneduce_Centerfold_Pinot_Noir_2021.jpg,,New Jersey,Beneduce,"oak, red fruit, spices, black fruit, earth, non oak","Beef, Veal, Game (deer, venison), Cured Meat",
Gianfranco Alessandria Barolo 2020,Italy,43,4.1,images/Gianfranco_Alessandria_Barolo_2020.png,images/bottle_Gianfranco_Alessandria_Barolo_2020.png,Barolo,Gianfranco Alessandria,"oak, red fruit, earth, non oak, spices, black fruit, microbio, floral, dried fruit, vegetal, citrus fruit, tree fruit","Beef, Pasta, Lamb, Game (deer, venison)",Nebbiolo
Domaine Bernard Moreau et Fils Chassagne-Montrachet Vieilles Vignes 2012,France,76,4,images/Domaine_Bernard_Moreau_et_Fils_Chassagne_Montrache.png,images/bottle_Domaine_Bernard_Moreau_et_Fils_Chassagne_Mo.png,Chassagne-Montrachet,Domaine Bernard Moreau et Fils,"red fruit, earth, oak, microbio, non oak, spices, black fruit, citrus fruit, floral, vegetal, tree fruit, dried fruit","Beef, Veal, Game (deer, venison), Poultry",Pinot Noir
M. Chapoutier Châteauneuf-du-Pape Barbe Rac  1998,France,340,4.2,images/M_Chapoutier_Chteauneuf_du_Pape_Barbe_Rac_1998.png,images/bottle_M_Chapoutier_Chteauneuf_du_Pape_Barbe_Rac_1.png,Châteauneuf-du-Pape,M. Chapoutier,"oak, earth, black fruit, spices, red fruit, non oak, dried fruit, floral, microbio, citrus fruit, vegetal, tree fruit, tropical fruit","Lamb, Pork, Poultry","Shiraz/Syrah, Mourvedre, Counoise, Cinsaut, Vaccareze, Muscardin"
L'Umami Pinot Noir 2022,United States,14.99,3.8,images/LUmami_Pinot_Noir_2022.png,images/bottle_LUmami_Pinot_Noir_2022.png,Willamette Valley,L'Umami,"earth, red fruit, oak, microbio, spices, non oak, black fruit, dried fruit, floral, vegetal, tree fruit, citrus fruit","Beef, Veal, Game (deer, venison), Poultry",Pinot Noir
S.C. Pannell Nebbiolo 2016,Australia,61.99,3.8,images/SC_Pannell_Nebbiolo_2016.png,images/bottle_SC_Pannell_Nebbiolo_2016.png,Adelaide Hills,S.C. Pannell,"earth, oak, red fruit, non oak, spices, black fruit, citrus fruit, floral, vegetal, microbio, dried fruit, tree fruit","Pasta, Game (deer, venison), Mature and hard cheese, Vegetarian, Poultry, Mild and soft cheese",Nebbiolo
Dobbes Family Estate Symonette Vineyard Pinot Noir 2021,United States,68,4.2,images/Dobbes_Family_Estate_Symonette_Vineyard_Pinot_Noir.png,images/bottle_Dobbes_Family_Estate_Symonette_Vineyard_Pin.png,Eola-Amity Hills,Dobbes Family Estate,"red fruit, oak, earth, non oak, spices, black fruit, dried fruit, vegetal","Beef, Veal, Game (deer, venison), Poultry",Pinot Noir
Clos Saint Michel Domaine Guy Mousset Côtes du Rhône Rosé 2023,France,15.97,3.8,images/Clos_Saint_Michel_Domaine_Guy_Mousset_Ctes_du_Rhne.png,images/bottle_Clos_Saint_Michel_Domaine_Guy_Mousset_Ctes_.png,Côtes-du-Rhône,Clos Saint Michel,"red fruit, earth, citrus fruit, oak, tree fruit, spices, non oak, black fruit, microbio, floral, vegetal, tropical fruit, dried fruit","Pork, Rich fish (salmon, tuna etc), Shellfish, Poultry","Shiraz/Syrah, Grenache, Mourvedre"
Philipponnat Les Cintres Extra-Brut Champagne 2009,France,409,4.5,images/Philipponnat_Les_Cintres_Extra_Brut_Champagne_2009.png,images/bottle_Philipponnat_Les_Cintres_Extra_Brut_Champag.png,Champagne,Philipponnat,"non oak, oak, microbio, black fruit, red fruit, tree fruit, citrus fruit, spices, vegetal, earth","Pork, Rich fish (salmon, tuna etc), Shellfish, Mild and soft cheese","Chardonnay, Pinot Noir, Pinot Meunier"
Paolo Manzone Barolo Meriame 2019,Italy,83.99,4.2,images/Paolo_Manzone_Barolo_Meriame_2019.png,images/bottle_Paolo_Manzone_Barolo_Meriame_2019.png,Barolo,Paolo Manzone,"oak, earth, red fruit, non oak, spices, black fruit, microbio, floral, citrus fruit, vegetal, dried fruit, tropical fruit, tree fruit","Beef, Pasta, Lamb, Game (deer, venison)",Nebbiolo
Domaine François Gerbet Vosne-Romanée 1er Cru 'Les Suchots' 2016,France,299,4.3,images/Domaine_Franois_Gerbet_Vosne_Romane_1er_Cru_Les_Su.png,images/bottle_Domaine_Franois_Gerbet_Vosne_Romane_1er_Cru.png,Vosne-Romanée 1er Cru 'Les Suchots',Domaine François Gerbet,,"Beef, Veal, Game (deer, venison), Poultry",Pinot Noir
Vazart-Coquart & Fils Brut Rosé Champagne Premier Cru,France,79,3.8,images/Vazart_Coquart_Fils_Brut_Ros_Champagne_Premier_Cru.png,images/bottle_Vazart_Coquart_Fils_Brut_Ros_Champagne_Prem.png,Champagne Premier Cru,Vazart-Coquart & Fils,"red fruit, tree fruit, citrus fruit, non oak, oak, earth, black fruit, floral, vegetal, microbio","Pork, Rich fish (salmon, tuna etc), Shellfish, Mild and soft cheese","Chardonnay, Pinot Noir, Pinot Meunier"
Domaine Dujac Gevrey Chambertin 1er Cru 'Aux Combottes' 2009,France,450,4.5,images/Domaine_Dujac_Gevrey_Chambertin_1er_Cru_Aux_Combot.png,images/bottle_Domaine_Dujac_Gevrey_Chambertin_1er_Cru_Aux.png,Gevrey-Chambertin 1er Cru 'Aux Combottes',Domaine Dujac,"oak, earth, red fruit, non oak, spices, black fruit, microbio, floral, dried fruit, vegetal, tree fruit, citrus fruit","Beef, Veal, Game (deer, venison), Poultry",Pinot Noir
Emmanuel Rouget Vosne-Romanée 2018,France,368,4.4,images/Emmanuel_Rouget_Vosne_Romane_2018.png,images/bottle_Emmanuel_Rouget_Vosne_Romane_2018.png,Vosne-Romanée,Emmanuel Rouget,"red fruit, oak, earth, non oak, spices, microbio, floral, black fruit, vegetal, dried fruit","Beef, Veal, Game (deer, venison), Poultry",Pinot Noir
Ferdinando Principiano Barolo 2020,Italy,59.99,4.2,images/Ferdinando_Principiano_Barolo_2020.jpg,,Barolo,Ferdinando Principiano,,"Beef, Pasta, Lamb, Game (deer, venison)",Nebbiolo
Gian Luca Colombo Barolo 2019,Italy,79.99,4.1,images/Gian_Luca_Colombo_Barolo_2019.jpg,,Barolo,Gian Luca Colombo,"red fruit, spices, oak, earth, non oak, black fruit, microbio","Beef, Pasta, Lamb, Game (deer, venison)",Nebbiolo
Fontaine-Gagnard Chassagne-Montrachet 1er Cru 'Clos Saint Jean' Rouge 2010,France,94,4.1,images/Fontaine_Gagnard_Chassagne_Montrachet_1er_Cru_Clos.png,images/bottle_Fontaine_Gagnard_Chassagne_Montrachet_1er_C.png,Chassagne-Montrachet 1er Cru 'Clos Saint Jean',Fontaine-Gagnard,"red fruit, oak, earth, non oak, spices, floral, tree fruit","Beef, Veal, Game (deer, venison), Poultry",Pinot Noir
Gramenon Poignée de Raisins 2023,France,33,3.9,images/Gramenon_Poigne_de_Raisins_2023.png,images/bottle_Gramenon_Poigne_de_Raisins_2023.png,Côtes-du-Rhône,Gramenon,"black fruit, earth, red fruit, oak, spices, non oak, dried fruit, microbio, floral, vegetal, citrus fruit, tree fruit, tropical fruit","Beef, Lamb, Game (deer, venison)","Shiraz/Syrah, Grenache, Mourvedre"
David Hill Blackjack Pinot Noir 2022,United States,65,4.2,images/David_Hill_Blackjack_Pinot_Noir_2022.jpg,,Willamette Valley,David Hill,"oak, red fruit, earth, non oak, black fruit, spices, microbio","Beef, Veal, Game (deer, venison), Poultry",Pinot Noir
Martin Woods Bednarik Vineyard Pinot Noir 2022,United States,61.99,4.2,images/Martin_Woods_Bednarik_Vineyard_Pinot_Noir_2022.png,images/bottle_Martin_Woods_Bednarik_Vineyard_Pinot_Noir_2.png,Willamette Valley,Martin Woods,"earth, red fruit, oak, non oak, black fruit, spices, floral, microbio","Beef, Veal, Game (deer, venison), Poultry",Pinot Noir
Domaine Michel Lafarge Pommard 1er Cru 'Les Pézerolles' 2017,France,224,4.2,images/Domaine_Michel_Lafarge_Pommard_1er_Cru_Les_Pzeroll.jpg,,Pommard 1er Cru 'Les Pézerolles',Domaine Michel Lafarge,"red fruit, earth, oak, spices, black fruit, microbio, non oak","Beef, Veal, Game (deer, venison), Poultry",Pinot Noir
Dobbes Family Estate Amelia Rose Cuvée Pinot Noir 2021,United States,55,4.2,images/Dobbes_Family_Estate_Amelia_Rose_Cuve_Pinot_Noir_2.png,images/bottle_Dobbes_Family_Estate_Amelia_Rose_Cuve_Pinot.png,Willamette Valley,Dobbes Family Estate,"red fruit, oak, earth, non oak, spices, vegetal, dried fruit, black fruit, microbio","Beef, Veal, Game (deer, venison), Poultry",Pinot Noir
Domaine Henri Boillot Volnay 1er Cru Clos de La Rougeotte 2005,France,277,4.4,images/Domaine_Henri_Boillot_Volnay_1er_Cru_Clos_de_La_Ro.png,images/bottle_Domaine_Henri_Boillot_Volnay_1er_Cru_Clos_d.png,Volnay 1er Cru 'Clos de la Rougeotte',Domaine Henri Boillot,"oak, earth, non oak, spices, microbio, vegetal, black fruit, dried fruit, red fruit, tropical fruit, tree fruit, floral","Beef, Veal, Game (deer, venison), Poultry",Pinot Noir
Clos du Caillou La Réserve Châteauneuf-du-Pape 2015,France,162,4.3,images/Clos_du_Caillou_La_Rserve_Chteauneuf_du_Pape_2015.png,images/bottle_Clos_du_Caillou_La_Rserve_Chteauneuf_du_Pap.png,Châteauneuf-du-Pape,Clos du Caillou,"spices, red fruit, black fruit, oak, earth, non oak, dried fruit, floral, microbio, citrus fruit, tree fruit, vegetal, tropical fruit","Lamb, Pork, Poultry","Shiraz/Syrah, Mourvedre, Counoise, Cinsaut, Vaccareze, Muscardin"
Luli Pinot Noir (Highlands Ranch) 2021,United States,32.99,4.1,images/Luli_Pinot_Noir_Highlands_Ranch_2021.png,images/bottle_Luli_Pinot_Noir_Highlands_Ranch_2021.png,Santa Lucia Highlands,Luli,"red fruit, oak, earth, non oak, black fruit, spices, microbio, floral, dried fruit, citrus fruit, vegetal, tree fruit, tropical fruit","Veal, Pork, Poultry, Mushrooms",Pinot Noir
Chanin Sanford & Benedict Vineyard Pinot Noir 2021,United States,70,4.3,images/Chanin_Sanford_Benedict_Vineyard_Pinot_Noir_2021.png,images/bottle_Chanin_Sanford_Benedict_Vineyard_Pinot_Noir.png,Sta. Rita Hills,Chanin,"red fruit, oak, earth, non oak, spices, black fruit, microbio, floral, dried fruit, vegetal, tree fruit, citrus fruit","Veal, Pork, Poultry, Mushrooms",Pinot Noir
Hudelot-Noëllat Vougeot 1er Cru 'Les Petits Vougeots' 2014,France,140,4.1,images/Hudelot_Nollat_Vougeot_1er_Cru_Les_Petits_Vougeots.png,images/bottle_Hudelot_Nollat_Vougeot_1er_Cru_Les_Petits_V.png,Vougeot 1er Cru 'Les Petits Vougeots',Hudelot-Noëllat,"red fruit, earth, oak, spices, floral, black fruit, non oak, vegetal, microbio, citrus fruit, tree fruit","Beef, Veal, Game (deer, venison), Poultry",Pinot Noir
De Forville Langhe Nebbiolo 2023,Italy,22.99,4,images/De_Forville_Langhe_Nebbiolo_2023.png,images/bottle_De_Forville_Langhe_Nebbiolo_2023.png,Langhe,De Forville,"red fruit, oak, earth, black fruit, non oak, spices, microbio, floral, dried fruit, vegetal, tree fruit, citrus fruit","Beef, Lamb, Game (deer, venison), Poultry",Nebbiolo
Firesteed Pinot Noir Oregon 2022,United States,17.99,3.5,images/Firesteed_Pinot_Noir_Oregon_2022.png,images/bottle_Firesteed_Pinot_Noir_Oregon_2022.png,Oregon,Firesteed,"red fruit, earth, oak, non oak, spices, black fruit, microbio, tree fruit, citrus fruit, vegetal, dried fruit, floral, tropical fruit","Beef, Veal, Game (deer, venison), Poultry",Pinot Noir
Louis Boillot & Fils Pommard 2017,France,131,3.6,images/Louis_Boillot_Fils_Pommard_2017.png,images/bottle_Louis_Boillot_Fils_Pommard_2017.png,Pommard,Louis Boillot & Fils,"red fruit, earth, oak, black fruit, spices, microbio, non oak, floral","Beef, Veal, Game (deer, venison), Poultry",Pinot Noir
Emeritus Vineyards Hallberg Ranch 2020,United States,44.99,4.4,images/Emeritus_Vineyards_Hallberg_Ranch_2020.png,images/bottle_Emeritus_Vineyards_Hallberg_Ranch_2020.png,Russian River Valley,Emeritus Vineyards,"red fruit, oak, earth, black fruit, non oak, spices, microbio, dried fruit, citrus fruit, vegetal, floral, tree fruit, tropical fruit","Veal, Pork, Poultry, Mushrooms",Pinot Noir
Bergström Silice Pinot Noir 2018,United States,99.99,4.3,images/Bergstrm_Silice_Pinot_Noir_2018.png,images/bottle_Bergstrm_Silice_Pinot_Noir_2018.png,Chehalem Mountains,Bergström,"red fruit, earth, oak, non oak, black fruit, spices, microbio, floral, vegetal, citrus fruit, dried fruit, tree fruit, tropical fruit","Beef, Veal, Game (deer, venison), Poultry",Pinot Noir
Domaine Comte Georges de Vogüé Chambolle-Musigny Premier Cru 2013,France,395,4.4,images/Domaine_Comte_Georges_de_Vog_Chambolle_Musigny_Pre.png,images/bottle_Domaine_Comte_Georges_de_Vog_Chambolle_Musi.png,Chambolle-Musigny Premier Cru,Domaine Comte Georges de Vogüé,"red fruit, earth, oak, black fruit, spices, non oak, floral, microbio, dried fruit, vegetal, citrus fruit, tree fruit, tropical fruit","Beef, Veal, Game (deer, venison), Poultry",Pinot Noir
Schumann (Šuman) Modri Pinot 2019,Slovenia,58,3.8,images/Schumann_uman_Modri_Pinot_2019.jpg,,Podravje,Schumann (Šuman),"black fruit, dried fruit, red fruit, citrus fruit, earth","Veal, Game (deer, venison), Poultry, Mushrooms",Pinot Noir
Giuseppe Rinaldi Nebbiolo 2021,Italy,119,4.2,images/Giuseppe_Rinaldi_Nebbiolo_2021.png,images/bottle_Giuseppe_Rinaldi_Nebbiolo_2021.png,Langhe,Giuseppe Rinaldi,"red fruit, earth, oak, non oak, black fruit, floral, microbio, spices, citrus fruit, dried fruit, vegetal, tropical fruit","Beef, Lamb, Game (deer, venison), Poultry",Nebbiolo
Albert Boxler Vendanges Tardives Gewürztraminer 2015,France,69.99,4.3,images/Albert_Boxler_Vendanges_Tardives_Gewrztraminer_201.jpg,,Alsace,Albert Boxler,"earth, tropical fruit, black fruit, citrus fruit, spices, floral, microbio, non oak, oak","Mature and hard cheese, Fruity desserts, Blue cheese",Gewürztraminer
Monte Xanic Grenache Rosé 2023,Mexico,18.99,3.9,images/Monte_Xanic_Grenache_Ros_2023.png,images/bottle_Monte_Xanic_Grenache_Ros_2023.png,Valle de Guadalupe,Monte Xanic,"red fruit, citrus fruit, tree fruit, spices, non oak, oak, floral, earth, microbio, tropical fruit, vegetal, black fruit",,
Alex Gambal Pommard 2017,France,75,4.1,images/Alex_Gambal_Pommard_2017.png,images/bottle_Alex_Gambal_Pommard_2017.png,Pommard,Alex Gambal,"red fruit, earth, spices, non oak, oak","Beef, Veal, Game (deer, venison), Poultry",Pinot Noir
Henri Bourgeois Sancerre Pinot Noir 2022,France,29.99,3.9,images/Henri_Bourgeois_Sancerre_Pinot_Noir_2022.jpg,,Sancerre,Henri Bourgeois,,"Veal, Game (deer, venison), Poultry","Cabernet Franc, Pinot Noir, Gamay, Grolleau"
Jacquesson Dizy-Terres Rouges Blanc de Noirs Extra Brut Champagne 2013,France,209,4.4,images/Jacquesson_Dizy_Terres_Rouges_Blanc_de_Noirs_Extra.png,images/bottle_Jacquesson_Dizy_Terres_Rouges_Blanc_de_Noir.png,Champagne,Jacquesson,"non oak, oak, tree fruit, citrus fruit, earth, spices, microbio, black fruit, red fruit, floral","Pork, Rich fish (salmon, tuna etc), Shellfish, Mild and soft cheese","Chardonnay, Pinot Noir, Pinot Meunier"
Cigliuti Serraboella Barbaresco 2020,Italy,84.99,4.2,images/Cigliuti_Serraboella_Barbaresco_2020.png,images/bottle_Cigliuti_Serraboella_Barbaresco_2020.png,Barbaresco,Cigliuti,"earth, oak, red fruit, non oak, spices, black fruit, floral, microbio, dried fruit, vegetal, citrus fruit, tree fruit, tropical fruit","Beef, Pasta, Lamb, Game (deer, venison)",Nebbiolo
Kosta Browne Sta. Rita Hills Pinot Noir 2022,United States,118,4.4,images/Kosta_Browne_Sta_Rita_Hills_Pinot_Noir_2022.png,images/bottle_Kosta_Browne_Sta_Rita_Hills_Pinot_Noir_2022.png,Sta. Rita Hills,Kosta Browne,"red fruit, oak, non oak, spices, earth, black fruit, floral, vegetal, dried fruit, citrus fruit, microbio, tropical fruit","Veal, Pork, Poultry, Mushrooms",Pinot Noir
Bezel Pinot Noir 2023,United States,28.99,3.8,images/Bezel_Pinot_Noir_2023.png,images/bottle_Bezel_Pinot_Noir_2023.png,Edna Valley,Bezel,"red fruit, earth, oak, microbio, non oak, black fruit, spices","Beef, Veal, Game (deer, venison), Poultry",Pinot Noir
Donum Single Vineyard Year of The Ox Home Ranch Pinot Noir 2021,United States,95,4.3,images/Donum_Single_Vineyard_Year_of_The_Ox_Home_Ranch_Pi.jpg,,Los Carneros,Donum,,"Veal, Pork, Poultry, Mushrooms",Pinot Noir
Marchesi di Gresy Barbaresco Gaiun Martinenga 2018,Italy,70,4.3,images/Marchesi_di_Gresy_Barbaresco_Gaiun_Martinenga_2018.png,images/bottle_Marchesi_di_Gresy_Barbaresco_Gaiun_Martinen.png,Barbaresco,Marchesi di Gresy,"oak, red fruit, earth, non oak, spices, black fruit, floral, dried fruit, vegetal, microbio, citrus fruit, tree fruit","Beef, Pasta, Lamb, Game (deer, venison)",Nebbiolo
Villadoria Barbaresco 2020,Italy,32.99,4,images/Villadoria_Barbaresco_2020.png,images/bottle_Villadoria_Barbaresco_2020.png,Barbaresco,Villadoria,"earth, red fruit, oak, black fruit, spices, non oak, floral, microbio, dried fruit, citrus fruit, tree fruit, vegetal","Beef, Pasta, Lamb, Game (deer, venison)",Nebbiolo
Wasenhaus Kanzel 2022,Germany,125,4.3,images/Wasenhaus_Kanzel_2022.png,images/bottle_Wasenhaus_Kanzel_2022.png,Baden,Wasenhaus,"red fruit, spices, non oak, oak, earth, microbio, black fruit, floral","Beef, Veal, Game (deer, venison), Poultry",Pinot Noir
Bénédicte et Stéphane Tissot Sous la Tour Pinot Noir 2020,France,72,4.2,images/Bndicte_et_Stphane_Tissot_Sous_la_Tour_Pinot_Noir_.png,images/bottle_Bndicte_et_Stphane_Tissot_Sous_la_Tour_Pino.png,Arbois,Bénédicte et Stéphane Tissot,"red fruit, earth, spices, oak, black fruit, non oak, microbio, dried fruit, floral, vegetal, tree fruit","Game (deer, venison), Appetizers and snacks, Mushrooms, Mild and soft cheese, Cured Meat","Pinot Noir, Trousseau, Poulsard"
Donum Single Vineyard Pinot Noir Rosé 2024,United States,50,4.4,images/Donum_Single_Vineyard_Pinot_Noir_Ros_2024.png,images/bottle_Donum_Single_Vineyard_Pinot_Noir_Ros_2024.png,Los Carneros,Donum,"red fruit, earth, tree fruit, citrus fruit, floral, vegetal, microbio, non oak, oak","Shellfish, Spicy food, Appetizers and snacks, Fruity desserts, Aperitif","Shiraz/Syrah, Cabernet Sauvignon, Pinot Noir, Sangiovese, Zinfandel, Barbera"
Pray Tell Pinot Noir 2021,United States,37.88,4.4,images/Pray_Tell_Pinot_Noir_2021.png,images/bottle_Pray_Tell_Pinot_Noir_2021.png,Willamette Valley,Pray Tell,"black fruit, red fruit, floral","Beef, Veal, Game (deer, venison), Poultry",Pinot Noir
Shea Wine Cellars Estate Pinot Noir 2021,United States,50,4,images/Shea_Wine_Cellars_Estate_Pinot_Noir_2021.png,images/bottle_Shea_Wine_Cellars_Estate_Pinot_Noir_2021.png,Willamette Valley,Shea Wine Cellars,"red fruit, oak, earth, non oak, spices, black fruit, microbio, dried fruit, floral, vegetal, tree fruit, citrus fruit, tropical fruit","Beef, Veal, Game (deer, venison), Poultry",Pinot Noir
Merry Edwards Warrens’ Hill Pinot Noir 2022,United States,70,4.2,images/Merry_Edwards_Warrens_Hill_Pinot_Noir_2022.jpg,,Russian River Valley,Merry Edwards,"red fruit, earth, oak, black fruit, spices, floral, non oak, vegetal, dried fruit, microbio","Veal, Pork, Poultry, Mushrooms",Pinot Noir
Moulin Touchais Réserve du Fondateur Anjou Blanc 1959,France,325,3.9,images/Moulin_Touchais_Rserve_du_Fondateur_Anjou_Blanc_19.jpg,,Anjou,Moulin Touchais,"tree fruit, dried fruit, citrus fruit, earth, microbio, non oak, oak","Rich fish (salmon, tuna etc), Vegetarian, Poultry, Mild and soft cheese",Chenin Blanc
Van Duzer Bieze Vineyard Pinot Noir 2021,United States,67.99,4.3,images/Van_Duzer_Bieze_Vineyard_Pinot_Noir_2021.png,images/bottle_Van_Duzer_Bieze_Vineyard_Pinot_Noir_2021.png,Eola-Amity Hills,Van Duzer,"red fruit, oak, earth, non oak, spices, black fruit, citrus fruit, tropical fruit, tree fruit, microbio","Beef, Veal, Game (deer, venison), Poultry",Pinot Noir
Georges Lignier et Fils Gevrey-Chambertin 2018,France,79.99,4.2,images/Georges_Lignier_et_Fils_Gevrey_Chambertin_2018.jpg,,Gevrey-Chambertin,Georges Lignier et Fils,"red fruit, oak, non oak, earth, spices, black fruit, vegetal, microbio, dried fruit, citrus fruit","Beef, Veal, Game (deer, venison), Poultry",Pinot Noir
Domaine Bernard Thierry Glantenay Volnay 1er Cru 'Les Caillerets' 2018,France,80,4.2,images/Domaine_Bernard_Thierry_Glantenay_Volnay_1er_Cru_L.png,images/bottle_Domaine_Bernard_Thierry_Glantenay_Volnay_1e.png,Volnay 1er Cru 'Les Caillerets',Domaine Bernard Thierry Glantenay,"red fruit, earth, non oak, oak, black fruit, dried fruit, spices, microbio","Beef, Veal, Game (deer, venison), Poultry",Pinot Noir
Barisal Nebbiolo 2019,Mexico,32.99,3.7,images/Barisal_Nebbiolo_2019.jpg,,Baja California,Barisal,"red fruit, oak, microbio, non oak, black fruit, spices, vegetal, earth","Beef, Lamb, Game (deer, venison), Poultry",Nebbiolo
Clos du Caillou Châteauneuf-du-Pape Les Safres 2022,France,69.99,4.1,images/Clos_du_Caillou_Chteauneuf_du_Pape_Les_Safres_2022.png,images/bottle_Clos_du_Caillou_Chteauneuf_du_Pape_Les_Safr.png,Châteauneuf-du-Pape,Clos du Caillou,"oak, spices, red fruit, black fruit, non oak, earth, dried fruit, microbio, vegetal, tree fruit, citrus fruit, floral, tropical fruit","Lamb, Pork, Poultry","Shiraz/Syrah, Mourvedre, Counoise, Cinsaut, Vaccareze, Muscardin"
Walt Blue Jay Pinot Noir 2022,United States,39.99,4.2,images/Walt_Blue_Jay_Pinot_Noir_2022.png,images/bottle_Walt_Blue_Jay_Pinot_Noir_2022.png,Anderson Valley,Walt,"red fruit, oak, black fruit, non oak, spices, earth, microbio, floral, dried fruit, vegetal, citrus fruit, tree fruit, tropical fruit","Veal, Pork, Poultry, Mushrooms",Pinot Noir
Dante Pinot Noir 2021,United States,10.99,3.8,images/Dante_Pinot_Noir_2021.png,images/bottle_Dante_Pinot_Noir_2021.png,Sonoma County,Dante,"red fruit, oak, earth, non oak, spices, black fruit, floral, dried fruit, vegetal, citrus fruit, microbio, tree fruit","Beef, Veal, Game (deer, venison), Poultry",Pinot Noir
Domaine Armand Rousseau Gevrey-Chambertin 1er Cru Lavaux St. Jacques 2017,France,849.99,4.6,images/Domaine_Armand_Rousseau_Gevrey_Chambertin_1er_Cru_.png,images/bottle_Domaine_Armand_Rousseau_Gevrey_Chambertin_1.png,Gevrey-Chambertin Premier Cru,Domaine Armand Rousseau,"red fruit, oak, earth, spices, non oak, black fruit, floral, microbio, vegetal, dried fruit, citrus fruit","Beef, Veal, Game (deer, venison), Poultry",Pinot Noir
EIEIO & Company Swine Wine Pinot Noir 2020,United States,39.99,3.9,images/EIEIO_Company_Swine_Wine_Pinot_Noir_2020.png,images/bottle_EIEIO_Company_Swine_Wine_Pinot_Noir_2020.png,Willamette Valley,EIEIO & Company,"red fruit, earth, non oak, black fruit, oak, spices, microbio, dried fruit, citrus fruit, floral","Beef, Veal, Game (deer, venison), Poultry",Pinot Noir
Renato Ratti Serradenari Barolo 2019,Italy,117.75,4.3,images/Renato_Ratti_Serradenari_Barolo_2019.png,images/bottle_Renato_Ratti_Serradenari_Barolo_2019.png,Barolo,Renato Ratti,"black fruit, red fruit, spices, earth","Beef, Pasta, Lamb, Game (deer, venison)",Nebbiolo
Preston Farm & Winery Grenache 2022,United States,42,4.2,images/Preston_Farm_Winery_Grenache_2022.jpg,,Dry Creek Valley,Preston Farm & Winery,"red fruit, earth, oak, black fruit, microbio, dried fruit, spices, non oak, floral","Beef, Lamb, Spicy food, Vegetarian, Poultry",Grenache
Giovanni Canonica Barolo del Comune di Grinzane Cavour 2016,Italy,343,4.3,images/Giovanni_Canonica_Barolo_del_Comune_di_Grinzane_Ca.png,images/bottle_Giovanni_Canonica_Barolo_del_Comune_di_Grin.png,Barolo,Giovanni Canonica,"red fruit, earth, spices, oak, floral, non oak, black fruit, dried fruit, microbio, citrus fruit, vegetal","Beef, Pasta, Lamb, Game (deer, venison)",Nebbiolo
Domaine Girard Pinot Noir 2022,France,19.99,3.8,images/Domaine_Girard_Pinot_Noir_2022.png,images/bottle_Domaine_Girard_Pinot_Noir_2022.png,Pays d'Oc,Domaine Girard,"red fruit, earth, oak, spices, non oak, black fruit, microbio, floral, vegetal, dried fruit, tropical fruit, citrus fruit","Beef, Pasta, Veal","Shiraz/Syrah, Grenache, Mourvedre"
Ceritas Annabelle Pinot Noir 2022,United States,107,4.3,images/Ceritas_Annabelle_Pinot_Noir_2022.jpg,,Sonoma Coast,Ceritas,"earth, red fruit, microbio, non oak, oak, spices, vegetal, tree fruit, citrus fruit","Veal, Pork, Poultry, Mushrooms",Pinot Noir
Clos Saint Jean Chateauneuf-du-Pape La Combe Des Fous 2006,France,199,4.4,images/Clos_Saint_Jean_Chateauneuf_du_Pape_La_Combe_Des_F.png,images/bottle_Clos_Saint_Jean_Chateauneuf_du_Pape_La_Comb.png,Châteauneuf-du-Pape,Clos Saint Jean,"black fruit, spices, earth, oak, red fruit, non oak, floral, dried fruit, microbio, vegetal, tree fruit, citrus fruit","Lamb, Pork, Poultry","Shiraz/Syrah, Mourvedre, Counoise, Cinsaut, Vaccareze, Muscardin"
Clarice Rosella’s Vineyard Pinot Noir 2021,United States,95,4.2,images/Clarice_Rosellas_Vineyard_Pinot_Noir_2021.jpg,,Santa Lucia Highlands,Clarice,"red fruit, spices, non oak, oak, black fruit, earth","Veal, Pork, Poultry, Mushrooms",Pinot Noir
Barale Fratelli Serraboella Barbaresco 2011,Italy,92.8,4.1,images/Barale_Fratelli_Serraboella_Barbaresco_2011.png,images/bottle_Barale_Fratelli_Serraboella_Barbaresco_2011.png,Barbaresco,Barale Fratelli,"red fruit, earth, oak, spices, black fruit, non oak, microbio, floral, dried fruit, tropical fruit, citrus fruit","Beef, Pasta, Lamb, Game (deer, venison)",Nebbiolo
Comte Armand Pommard 1er Cru 'Clos des Epeneaux' Monopole 2001,France,780,4.2,images/Comte_Armand_Pommard_1er_Cru_Clos_des_Epeneaux_Mon.png,images/bottle_Comte_Armand_Pommard_1er_Cru_Clos_des_Epene.png,Pommard 1er Cru 'Clos des Epeneaux',Comte Armand,"earth, red fruit, oak, non oak, black fruit, microbio, spices, floral, dried fruit, vegetal, citrus fruit, tree fruit","Beef, Veal, Game (deer, venison), Poultry",Pinot Noir
Alpasión Grand Pinot Noir 2021,Argentina,34.99,4.2,images/Alpasin_Grand_Pinot_Noir_2021.png,images/bottle_Alpasin_Grand_Pinot_Noir_2021.png,Uco Valley,Alpasión,"red fruit, oak, earth, non oak, black fruit, spices, microbio, citrus fruit, floral, dried fruit, tropical fruit","Beef, Veal, Game (deer, venison), Poultry",Pinot Noir
By Farr RP Pinot Noir 2020,Australia,112,4.3,images/By_Farr_RP_Pinot_Noir_2020.png,images/bottle_By_Farr_RP_Pinot_Noir_2020.png,Geelong,By Farr,"oak, red fruit, earth, microbio, spices, non oak, black fruit, citrus fruit, vegetal","Beef, Veal, Game (deer, venison), Poultry",Pinot Noir
Nebbiolo di Carema Carema Riserva 2019,Italy,36.99,3.9,images/Nebbiolo_di_Carema_Carema_Riserva_2019.png,images/bottle_Nebbiolo_di_Carema_Carema_Riserva_2019.png,Carema,Nebbiolo di Carema,"earth, oak, red fruit, non oak, spices, floral, microbio, vegetal, black fruit, citrus fruit, dried fruit","Beef, Lamb, Game (deer, venison), Poultry",Nebbiolo
Ghostwriter Amaya Ridge Vineyard Pinot Noir 2022,United States,50,4.1,images/Ghostwriter_Amaya_Ridge_Vineyard_Pinot_Noir_2022.png,images/bottle_Ghostwriter_Amaya_Ridge_Vineyard_Pinot_Noir.png,Santa Cruz Mountains,Ghostwriter,"red fruit, oak, spices, earth, black fruit, vegetal, non oak","Beef, Veal, Game (deer, venison), Poultry",Pinot Noir
B Cellars Brown Ranch Pinot Noir 2023,United States,87,4.5,images/B_Cellars_Brown_Ranch_Pinot_Noir_2023.jpg,,Los Carneros,B Cellars,"oak, red fruit, non oak, spices, earth, black fruit, tree fruit","Veal, Pork, Poultry, Mushrooms",Pinot Noir
Lucien le Moine Romanée-Saint-Vivant Grand Cru 2005,France,800,4.5,images/Lucien_le_Moine_Romane_Saint_Vivant_Grand_Cru_2005.jpg,,Romanée-Saint-Vivant Grand Cru,Lucien le Moine,"oak, red fruit, spices, non oak","Beef, Veal, Game (deer, venison), Poultry",Pinot Noir
Mauro Veglio Barolo 2020,Italy,39.99,4.1,images/Mauro_Veglio_Barolo_2020.png,images/bottle_Mauro_Veglio_Barolo_2020.png,Barolo,Mauro Veglio,"oak, red fruit, earth, spices, non oak, black fruit, floral, microbio, vegetal, dried fruit, citrus fruit, tree fruit, tropical fruit","Beef, Pasta, Lamb, Game (deer, venison)",Nebbiolo
Remoissenet Père & Fils Les Charmes Chambolle-Musigny 1er Cru 1978,France,785,4.3,images/Remoissenet_Pre_Fils_Les_Charmes_Chambolle_Musigny.jpg,,Chambolle-Musigny Premier Cru,Remoissenet Père & Fils,"earth, red fruit, oak, black fruit, dried fruit, non oak","Beef, Veal, Game (deer, venison), Poultry",Pinot Noir
Fenocchio Renato Spetacol Langhe Nebbiolo 2022,Italy,24.99,4,images/Fenocchio_Renato_Spetacol_Langhe_Nebbiolo_2022.png,images/bottle_Fenocchio_Renato_Spetacol_Langhe_Nebbiolo_2.png,Langhe,Fenocchio Renato,"red fruit, earth, oak, non oak, black fruit, spices, floral, dried fruit, citrus fruit, tree fruit, vegetal, microbio","Beef, Lamb, Game (deer, venison), Poultry",Nebbiolo
Granville Basalt Pinot Noir 2022,United States,50,4.2,images/Granville_Basalt_Pinot_Noir_2022.jpg,,Willamette Valley,Granville,,"Beef, Veal, Game (deer, venison), Poultry",Pinot Noir
Nervi Il Rosato 2023,Italy,32.99,4,images/Nervi_Il_Rosato_2023.png,images/bottle_Nervi_Il_Rosato_2023.png,Piemonte,Nervi,"red fruit, tree fruit, citrus fruit, earth, floral, microbio, vegetal, oak, non oak, spices, tropical fruit","Shellfish, Mature and hard cheese, Appetizers and snacks, Lean fish, Mild and soft cheese, Cured Meat",
Louis Jadot - Domaine Gagey Santenay Clos des Gatsulards Monopole 2020,France,49,4.1,images/Louis_Jadot_Domaine_Gagey_Santenay_Clos_des_Gatsul.png,images/bottle_Louis_Jadot_Domaine_Gagey_Santenay_Clos_des.png,Santenay,Louis Jadot - Domaine Gagey,"red fruit, earth, oak, non oak, spices, black fruit, floral, microbio, tree fruit, citrus fruit","Beef, Veal, Game (deer, venison), Poultry",Pinot Noir
Covalli Barolo 2019,Italy,22.99,4.2,images/Covalli_Barolo_2019.png,images/bottle_Covalli_Barolo_2019.png,Barolo,Covalli,"red fruit, earth, oak, non oak, spices, black fruit, citrus fruit, microbio, dried fruit, floral, vegetal, tree fruit","Beef, Pasta, Lamb, Game (deer, venison)",Nebbiolo
Ceritas Trout Gulch Vineyard Pinot Noir 2022,United States,99.99,4.3,images/Ceritas_Trout_Gulch_Vineyard_Pinot_Noir_2022.png,images/bottle_Ceritas_Trout_Gulch_Vineyard_Pinot_Noir_202.png,Santa Cruz Mountains,Ceritas,"red fruit, earth, oak, black fruit, spices, non oak, dried fruit, microbio","Beef, Veal, Game (deer, venison), Poultry",Pinot Noir
Domaine Joseph Roty Mazy-Chambertin Grand Cru 1997,France,679,4.3,images/Domaine_Joseph_Roty_Mazy_Chambertin_Grand_Cru_1997.png,images/bottle_Domaine_Joseph_Roty_Mazy_Chambertin_Grand_C.png,Mazis-Chambertin Grand Cru,Domaine Joseph Roty,"oak, earth, black fruit, red fruit, non oak, dried fruit, spices, floral, vegetal, microbio","Beef, Veal, Game (deer, venison), Poultry",Pinot Noir
Domaine d'Eugénie Vosne-Romanée 2018,France,119.99,4.3,images/Domaine_dEugnie_Vosne_Romane_2018.png,images/bottle_Domaine_dEugnie_Vosne_Romane_2018.png,Vosne-Romanée,Domaine d'Eugénie,"red fruit, oak, earth, non oak, spices, microbio, black fruit, floral, dried fruit, vegetal, citrus fruit, tree fruit","Beef, Veal, Game (deer, venison), Poultry",Pinot Noir
Domaine Georges Mugneret-Gibourg Vosne-Romanée 2016,France,300,4.2,images/Domaine_Georges_Mugneret_Gibourg_Vosne_Romane_2016.png,images/bottle_Domaine_Georges_Mugneret_Gibourg_Vosne_Roma.png,Vosne-Romanée,Domaine Georges Mugneret-Gibourg,"red fruit, earth, oak, non oak, black fruit, spices, floral, microbio, vegetal, citrus fruit, dried fruit","Beef, Veal, Game (deer, venison), Poultry",Pinot Noir
David Hill Estate Gewürztraminer 2022,United States,29,3.7,images/David_Hill_Estate_Gewrztraminer_2022.png,images/bottle_David_Hill_Estate_Gewrztraminer_2022.png,Willamette Valley,David Hill,"tree fruit, microbio, citrus fruit, tropical fruit, spices, floral, earth, oak","Pork, Rich fish (salmon, tuna etc), Spicy food, Poultry, Mild and soft cheese",Gewürztraminer
Avalon Pinot Noir 2021,United States,10.99,3.6,images/Avalon_Pinot_Noir_2021.png,images/bottle_Avalon_Pinot_Noir_2021.png,Edna Valley,Avalon,"red fruit, oak, earth, non oak, black fruit, spices, microbio, tropical fruit, dried fruit, vegetal","Beef, Veal, Game (deer, venison), Poultry",Pinot Noir
Aldo Conterno Langhe Quartetto Rosso 2019,Italy,70.99,3.9,images/Aldo_Conterno_Langhe_Quartetto_Rosso_2019.png,images/bottle_Aldo_Conterno_Langhe_Quartetto_Rosso_2019.png,Langhe,Aldo Conterno,"oak, black fruit, red fruit, earth, spices, dried fruit, non oak","Beef, Lamb, Game (deer, venison), Poultry",Nebbiolo
Poderi Colla Roncaglie Barbaresco 2020,Italy,50,4,images/Poderi_Colla_Roncaglie_Barbaresco_2020.png,images/bottle_Poderi_Colla_Roncaglie_Barbaresco_2020.png,Barbaresco,Poderi Colla,"earth, red fruit, oak, non oak, spices, floral, microbio, black fruit, dried fruit, citrus fruit, vegetal, tree fruit","Beef, Pasta, Lamb, Game (deer, venison)",Nebbiolo
Brovia Villero Barolo 2017,Italy,113,4.3,images/Brovia_Villero_Barolo_2017.png,images/bottle_Brovia_Villero_Barolo_2017.png,Barolo,Brovia,"earth, red fruit, spices, oak, black fruit, non oak, floral, microbio, citrus fruit, dried fruit, tree fruit, vegetal","Beef, Pasta, Lamb, Game (deer, venison)",Nebbiolo
Aleth Girardin Pommard Charmots Premier Cru 1996,France,309,4,images/Aleth_Girardin_Pommard_Charmots_Premier_Cru_1996.jpg,,Pommard 1er Cru 'Les Charmots',Aleth Girardin,"red fruit, spices, oak, black fruit, dried fruit, earth, non oak","Beef, Veal, Game (deer, venison), Poultry",Pinot Noir
Alheit Vineyards Nautical Dawn 2022,South Africa,64.99,4.3,images/Alheit_Vineyards_Nautical_Dawn_2022.png,images/bottle_Alheit_Vineyards_Nautical_Dawn_2022.png,Stellenbosch,Alheit Vineyards,"earth, tree fruit, citrus fruit, oak, microbio, non oak, spices, vegetal, tropical fruit, floral, black fruit","Shellfish, Spicy food, Lean fish, Mild and soft cheese",Chenin Blanc
Williams Selyem Westside Road Neighbors Pinot Noir 2022,United States,195,4.6,images/Williams_Selyem_Westside_Road_Neighbors_Pinot_Noir.png,images/bottle_Williams_Selyem_Westside_Road_Neighbors_Pin.png,Russian River Valley,Williams Selyem,"red fruit, oak, non oak, earth, spices, black fruit, floral, vegetal, microbio, dried fruit, citrus fruit, tropical fruit, tree fruit","Veal, Pork, Poultry, Mushrooms",Pinot Noir
Louis Jadot Romanée-Saint-Vivant Grand Cru 1996,France,740,4.3,images/Louis_Jadot_Romane_Saint_Vivant_Grand_Cru_1996.png,images/bottle_Louis_Jadot_Romane_Saint_Vivant_Grand_Cru_1.png,Romanée-Saint-Vivant Grand Cru,Louis Jadot,"earth, red fruit, black fruit, microbio, oak, dried fruit, floral, non oak","Beef, Veal, Game (deer, venison), Poultry",Pinot Noir
Pudding River Pinot Noir 2016,United States,50,3.8,images/Pudding_River_Pinot_Noir_2016.jpg,,Willamette Valley,Pudding River,"red fruit, oak, earth, non oak, black fruit, floral, tree fruit, spices, vegetal, microbio","Beef, Veal, Game (deer, venison), Poultry",Pinot Noir
Seehof Pinot Noir Rosé Trocken 2020,Germany,23,3.8,images/Seehof_Pinot_Noir_Ros_Trocken_2020.png,images/bottle_Seehof_Pinot_Noir_Ros_Trocken_2020.png,Rheinhessen,Seehof,"citrus fruit, red fruit, tree fruit, earth, microbio, vegetal, tropical fruit","Shellfish, Poultry, Appetizers and snacks, Mild and soft cheese",Pinot Noir
The Calling Pinot Noir 2021,United States,16.99,4.1,images/The_Calling_Pinot_Noir_2021.jpg,,Monterey County,The Calling,"red fruit, oak, non oak, black fruit, spices, earth, microbio","Beef, Veal, Game (deer, venison), Poultry",Pinot Noir
Domaine du Meix-Foulot Mercurey 1er Cru 2018,France,49.99,4.1,images/Domaine_du_Meix_Foulot_Mercurey_1er_Cru_2018.png,images/bottle_Domaine_du_Meix_Foulot_Mercurey_1er_Cru_201.png,Mercurey Premier Cru,Domaine du Meix-Foulot,"red fruit, earth, black fruit, spices, microbio, oak, non oak, floral, dried fruit, tropical fruit, citrus fruit","Beef, Veal, Game (deer, venison), Poultry",Pinot Noir
Luigi Einaudi Barolo Ludo 2020,Italy,62.99,4.1,images/Luigi_Einaudi_Barolo_Ludo_2020.png,images/bottle_Luigi_Einaudi_Barolo_Ludo_2020.png,Barolo,Luigi Einaudi,"earth, oak, red fruit, non oak, spices, black fruit, microbio, floral, dried fruit, vegetal, citrus fruit, tree fruit","Beef, Pasta, Lamb, Game (deer, venison)",Nebbiolo
Brovia Brea Vigna Ca'Mia Barolo 2017,Italy,113,4.3,images/Brovia_Brea_Vigna_CaMia_Barolo_2017.png,images/bottle_Brovia_Brea_Vigna_CaMia_Barolo_2017.png,Barolo,Brovia,"earth, oak, spices, red fruit, non oak, black fruit, floral, dried fruit, microbio, vegetal, tropical fruit, citrus fruit, tree fruit","Beef, Pasta, Lamb, Game (deer, venison)",Nebbiolo
Domaine Glantenay Pommard 1er Cru 'Les Rugiens Hauts' 2018,France,120,4.2,images/Domaine_Glantenay_Pommard_1er_Cru_Les_Rugiens_Haut.png,images/bottle_Domaine_Glantenay_Pommard_1er_Cru_Les_Rugie.png,Pommard 1er Cru 'Les Rugiens',Domaine Glantenay,"red fruit, non oak, oak, spices, earth, floral, microbio","Beef, Veal, Game (deer, venison), Poultry",Pinot Noir
Seguin-Manuel Clos de Vougeot Grand Cru 2012,France,150,4.1,images/Seguin_Manuel_Clos_de_Vougeot_Grand_Cru_2012.png,images/bottle_Seguin_Manuel_Clos_de_Vougeot_Grand_Cru_201.png,Clos Vougeot Grand Cru,Seguin-Manuel,"red fruit, earth, oak, non oak","Beef, Veal, Game (deer, venison), Poultry",Pinot Noir
Martin Ray Sonoma County Pinot Noir 2021,United States,19.99,3.8,images/Martin_Ray_Sonoma_County_Pinot_Noir_2021.png,images/bottle_Martin_Ray_Sonoma_County_Pinot_Noir_2021.png,Sonoma County,Martin Ray,"red fruit, oak, earth, non oak, spices, black fruit, tree fruit, microbio, vegetal, dried fruit, citrus fruit, floral, tropical fruit","Beef, Veal, Game (deer, venison), Poultry",Pinot Noir
Domaine Faiveley Givry Champ Lalot Rouge 2022,France,49.99,4.1,images/Domaine_Faiveley_Givry_Champ_Lalot_Rouge_2022.png,images/bottle_Domaine_Faiveley_Givry_Champ_Lalot_Rouge_20.png,Givry,Domaine Faiveley,"red fruit, earth, oak, black fruit, citrus fruit, spices, microbio","Beef, Veal, Game (deer, venison), Poultry",Pinot Noir
Wasenhaus Möhlin Pinot Noir 2022,Germany,125,4.2,images/Wasenhaus_Mhlin_Pinot_Noir_2022.jpg,,Baden,Wasenhaus,"red fruit, black fruit, spices, vegetal, earth, oak","Beef, Veal, Game (deer, venison), Poultry",Pinot Noir
Domaine Arnoux-Lachaux Échezeaux Grand Cru 'Les Rouges' 2013,France,499,4.3,images/Domaine_Arnoux_Lachaux_chezeaux_Grand_Cru_Les_Roug.png,images/bottle_Domaine_Arnoux_Lachaux_chezeaux_Grand_Cru_L.png,Échezeaux Grand Cru,Domaine Arnoux-Lachaux,"red fruit, earth, oak, black fruit, non oak, spices, floral, vegetal, microbio, tropical fruit, tree fruit","Beef, Veal, Game (deer, venison), Poultry",Pinot Noir
Cantina del Pino Barbaresco Ovello 2018,Italy,54,4.3,images/Cantina_del_Pino_Barbaresco_Ovello_2018.png,images/bottle_Cantina_del_Pino_Barbaresco_Ovello_2018.png,Barbaresco,Cantina del Pino,"red fruit, earth, oak, spices, non oak, black fruit, floral, microbio, dried fruit, citrus fruit, vegetal, tree fruit","Beef, Pasta, Lamb, Game (deer, venison)",Nebbiolo
Louis Jadot Charmes Chambertin Grand Cru 2007,France,208,4.3,images/Louis_Jadot_Charmes_Chambertin_Grand_Cru_2007.png,images/bottle_Louis_Jadot_Charmes_Chambertin_Grand_Cru_20.png,Charmes-Chambertin Grand Cru,Louis Jadot,"red fruit, oak, earth, black fruit, spices, non oak, microbio, dried fruit, tree fruit, citrus fruit, floral, vegetal","Beef, Veal, Game (deer, venison), Poultry",Pinot Noir
Storm Point Chenin Blanc 2022,South Africa,14.99,3.7,images/Storm_Point_Chenin_Blanc_2022.png,images/bottle_Storm_Point_Chenin_Blanc_2022.png,Western Cape,Storm Point,"citrus fruit, tree fruit, earth, microbio, tropical fruit, oak, vegetal, spices, red fruit, floral, non oak, black fruit","Shellfish, Spicy food, Lean fish, Mild and soft cheese",Chenin Blanc
Dobbes Family Estate Momtazi Vineyard Pinot Noir 2021,United States,68,4.1,images/Dobbes_Family_Estate_Momtazi_Vineyard_Pinot_Noir_2.png,images/bottle_Dobbes_Family_Estate_Momtazi_Vineyard_Pinot.png,McMinnville,Dobbes Family Estate,"earth, red fruit, black fruit, spices, floral, vegetal, oak","Beef, Veal, Game (deer, venison), Poultry",Pinot Noir
Francesco Rinaldi & Figli Barolo Cannubi 2019,Italy,104,4.2,images/Francesco_Rinaldi_Figli_Barolo_Cannubi_2019.png,images/bottle_Francesco_Rinaldi_Figli_Barolo_Cannubi_2019.png,Barolo,Francesco Rinaldi & Figli,"red fruit, earth, oak, spices, non oak, black fruit, floral, dried fruit, vegetal, microbio, citrus fruit, tree fruit, tropical fruit","Beef, Pasta, Lamb, Game (deer, venison)",Nebbiolo
Sandrone Barolo Aleste 2019,Italy,219.99,4.3,images/Sandrone_Barolo_Aleste_2019.png,images/bottle_Sandrone_Barolo_Aleste_2019.png,Barolo,Sandrone,"oak, earth, red fruit, non oak, spices, black fruit, floral, microbio, dried fruit, vegetal, citrus fruit","Beef, Pasta, Lamb, Game (deer, venison)",Nebbiolo
Kistler Russian River Valley Pinot Noir 2022,United States,89.99,4.3,images/Kistler_Russian_River_Valley_Pinot_Noir_2022.png,images/bottle_Kistler_Russian_River_Valley_Pinot_Noir_202.png,Russian River Valley,Kistler,"red fruit, oak, earth, non oak, black fruit, spices, dried fruit, floral, microbio, citrus fruit, vegetal, tree fruit, tropical fruit","Veal, Pork, Poultry, Mushrooms",Pinot Noir
Laurent Pataille Fixin Rouge 2021,France,109.99,4.1,images/Laurent_Pataille_Fixin_Rouge_2021.jpg,,Fixin,Laurent Pataille,,"Beef, Veal, Game (deer, venison), Poultry",Pinot Noir
Hartford Court Truly Rita Pinot Noir 2022,United States,78,4.3,images/Hartford_Court_Truly_Rita_Pinot_Noir_2022.png,images/bottle_Hartford_Court_Truly_Rita_Pinot_Noir_2022.png,Sta. Rita Hills,Hartford Court,"red fruit, oak, black fruit, spices, earth, non oak","Veal, Pork, Poultry, Mushrooms",Pinot Noir
Silvio Grasso Langhe Nebbiolo 2023,Italy,21.99,3.9,images/Silvio_Grasso_Langhe_Nebbiolo_2023.png,images/bottle_Silvio_Grasso_Langhe_Nebbiolo_2023.png,Langhe,Silvio Grasso,"red fruit, earth, oak, non oak, spices, black fruit, floral, microbio, dried fruit, vegetal, tree fruit","Beef, Lamb, Game (deer, venison), Poultry",Nebbiolo
Pierre Boisson Pommard 2021,France,72,4.2,images/Pierre_Boisson_Pommard_2021.png,images/bottle_Pierre_Boisson_Pommard_2021.png,Pommard,Pierre Boisson,"red fruit, earth, oak, non oak, dried fruit, spices, microbio","Beef, Veal, Game (deer, venison), Poultry",Pinot Noir
Luigi Einaudi Monvigliero 2019,Italy,114.99,4.2,images/Luigi_Einaudi_Monvigliero_2019.png,images/bottle_Luigi_Einaudi_Monvigliero_2019.png,Barolo,Luigi Einaudi,"red fruit, black fruit, dried fruit, spices, earth, floral, non oak, oak","Beef, Pasta, Lamb, Game (deer, venison)",Nebbiolo
Dawn's Dream Winery Nicole Pinot Noir 2022,United States,59,4,images/Dawns_Dream_Winery_Nicole_Pinot_Noir_2022.jpg,,Monterey,Dawn's Dream Winery,"oak, red fruit, non oak, spices, earth, black fruit, microbio","Beef, Veal, Game (deer, venison), Poultry",Pinot Noir
Campo Viejo Rosado 2020,Spain,11.99,3.7,images/Campo_Viejo_Rosado_2020.png,images/bottle_Campo_Viejo_Rosado_2020.png,Rioja,Campo Viejo,"red fruit, oak, spices, non oak, black fruit, earth, microbio, dried fruit, citrus fruit, tropical fruit, tree fruit, vegetal","Spicy food, Poultry, Appetizers and snacks",Grenache
Domaine Edmond Cornu & Fils Vieille Vignes Ladoix Rouge 2018,France,49.99,4.1,images/Domaine_Edmond_Cornu_Fils_Vieille_Vignes_Ladoix_Ro.png,images/bottle_Domaine_Edmond_Cornu_Fils_Vieille_Vignes_La.png,Ladoix,Domaine Edmond Cornu & Fils,"red fruit, earth, oak, non oak, black fruit, spices, microbio, floral, vegetal, dried fruit","Beef, Veal, Game (deer, venison), Poultry",Pinot Noir
Beaux Frères Pinot Noir 2021,United States,85,4.2,images/Beaux_Frres_Pinot_Noir_2021.png,images/bottle_Beaux_Frres_Pinot_Noir_2021.png,Willamette Valley,Beaux Frères,"red fruit, earth, oak, non oak, spices, black fruit, microbio, floral, vegetal, dried fruit, citrus fruit","Beef, Veal, Game (deer, venison), Poultry",Pinot Noir
Cobb Pinot Noir 2022,United States,69.99,4.1,images/Cobb_Pinot_Noir_2022.jpg,,Sonoma Coast,Cobb,,"Veal, Pork, Poultry, Mushrooms",Pinot Noir
Domaine Boris Champy Pommard 2021,France,110,4.1,images/Domaine_Boris_Champy_Pommard_2021.png,images/bottle_Domaine_Boris_Champy_Pommard_2021.png,Pommard,Domaine Boris Champy,"red fruit, earth, oak, spices, non oak","Beef, Veal, Game (deer, venison), Poultry",Pinot Noir
Maison Leroy Santenay La Comme 1er Cru 2013,France,325,4.3,images/Maison_Leroy_Santenay_La_Comme_1er_Cru_2013.png,images/bottle_Maison_Leroy_Santenay_La_Comme_1er_Cru_2013.png,Santenay 1er Cru 'La Comme',Maison Leroy,"red fruit, non oak, oak, black fruit, microbio, spices, earth, citrus fruit","Beef, Veal, Game (deer, venison), Poultry",Pinot Noir
Nebbiolo di Carema Carema 2020,Italy,29.99,3.9,images/Nebbiolo_di_Carema_Carema_2020.png,images/bottle_Nebbiolo_di_Carema_Carema_2020.png,Carema,Nebbiolo di Carema,"red fruit, earth, oak, non oak, spices, black fruit, floral, microbio, citrus fruit, vegetal, dried fruit, tree fruit","Beef, Lamb, Game (deer, venison), Poultry",Nebbiolo
Colombera & Garella Pizzaguerra Lessona 2014,Italy,34.07,3.8,images/Colombera_Garella_Pizzaguerra_Lessona_2014.png,images/bottle_Colombera_Garella_Pizzaguerra_Lessona_2014.png,Lessona,Colombera & Garella,"earth, oak, red fruit, non oak, spices, black fruit, floral, microbio, citrus fruit, vegetal, dried fruit, tree fruit","Beef, Lamb, Game (deer, venison), Poultry",Nebbiolo
Roagna Montefico Barbaresco Vecchie Viti 2008,Italy,339,4.4,images/Roagna_Montefico_Barbaresco_Vecchie_Viti_2008.png,images/bottle_Roagna_Montefico_Barbaresco_Vecchie_Viti_20.png,Barbaresco,Roagna,"earth, red fruit, oak, spices, floral, black fruit, non oak, microbio, dried fruit, citrus fruit, vegetal","Beef, Pasta, Lamb, Game (deer, venison)",Nebbiolo
Malvirà Renesio Roero Riserva 2008,Italy,57.99,4.1,images/Malvir_Renesio_Roero_Riserva_2008.png,images/bottle_Malvir_Renesio_Roero_Riserva_2008.png,Roero,Malvirà,"oak, earth, red fruit, non oak, black fruit, spices, citrus fruit, microbio, dried fruit, floral, vegetal","Beef, Lamb, Game (deer, venison), Poultry",Nebbiolo
Ceretto Barolo Grignore 1997,Italy,93.98,4.2,images/Ceretto_Barolo_Grignore_1997.png,images/bottle_Ceretto_Barolo_Grignore_1997.png,Barolo,Ceretto,"red fruit, earth, non oak, oak, dried fruit","Beef, Pasta, Lamb, Game (deer, venison)",Nebbiolo
LDV Winery Grenache 2017,United States,30,3.4,images/LDV_Winery_Grenache_2017.jpg,,Arizona,LDV Winery,"oak, red fruit, non oak, spices, earth, black fruit, microbio, dried fruit, vegetal, floral","Beef, Veal, Pork, Game (deer, venison), Vegetarian, Mushrooms",
Ruggeri Corsini Langhe Nebbiolo 2021,Italy,22.99,3.8,images/Ruggeri_Corsini_Langhe_Nebbiolo_2021.png,images/bottle_Ruggeri_Corsini_Langhe_Nebbiolo_2021.png,Langhe,Ruggeri Corsini,"earth, oak, red fruit, non oak, spices, floral, black fruit, microbio, dried fruit, vegetal, citrus fruit, tree fruit","Beef, Lamb, Game (deer, venison), Poultry",Nebbiolo
Domaine Dujac Clos Saint-Denis Grand Cru 2011,France,995,4.3,images/Domaine_Dujac_Clos_Saint_Denis_Grand_Cru_2011.png,images/bottle_Domaine_Dujac_Clos_Saint_Denis_Grand_Cru_20.png,Clos Saint-Denis Grand Cru,Domaine Dujac,"red fruit, earth, oak, black fruit, spices, non oak, citrus fruit, floral, vegetal, dried fruit, microbio, tree fruit","Beef, Veal, Game (deer, venison), Poultry",Pinot Noir
Produttori del Barbaresco Barbaresco Riserva Muncagota 2019,Italy,76,4.2,images/Produttori_del_Barbaresco_Barbaresco_Riserva_Munca.png,images/bottle_Produttori_del_Barbaresco_Barbaresco_Riserv.png,Barbaresco,Produttori del Barbaresco,"earth, red fruit, oak, non oak, spices, black fruit, floral, microbio, vegetal, citrus fruit, dried fruit, tree fruit","Beef, Pasta, Lamb, Game (deer, venison)",Nebbiolo
Lucien Albrecht Gewürztraminer Alsace Grand Cru 'Spiegel' 2017,France,25,4.2,images/Lucien_Albrecht_Gewrztraminer_Alsace_Grand_Cru_Spi.png,images/bottle_Lucien_Albrecht_Gewrztraminer_Alsace_Grand_.png,Alsace Grand Cru 'Spiegel',Lucien Albrecht,"tropical fruit, tree fruit, earth, floral, citrus fruit, microbio, non oak, red fruit, spices, oak","Pork, Rich fish (salmon, tuna etc), Spicy food, Poultry, Mild and soft cheese",Gewürztraminer
Ferrando White Label Carema 2018,Italy,96,4.3,images/Ferrando_White_Label_Carema_2018.png,images/bottle_Ferrando_White_Label_Carema_2018.png,Carema,Ferrando,"red fruit, earth, oak, spices, non oak, floral, black fruit, microbio, dried fruit, citrus fruit, vegetal, tree fruit, tropical fruit","Beef, Lamb, Game (deer, venison), Poultry",Nebbiolo
Dominio del Challao Garnacha 2021,Spain,70,4,images/Dominio_del_Challao_Garnacha_2021.png,images/bottle_Dominio_del_Challao_Garnacha_2021.png,Rioja Alavesa,Dominio del Challao,"red fruit, non oak, oak","Beef, Lamb, Veal, Poultry","Tempranillo, Graciano, Garnacha"
Domaine Hoffmann-Jayer Bourgogne Hautes-Côtes de Nuits Rouge 2019,France,49.99,4.1,images/Domaine_Hoffmann_Jayer_Bourgogne_Hautes_Ctes_de_Nu.png,images/bottle_Domaine_Hoffmann_Jayer_Bourgogne_Hautes_Cte.png,Bourgogne Hautes-Côtes de Nuits,Domaine Hoffmann-Jayer,"red fruit, oak, earth, non oak, spices, microbio, black fruit, floral, citrus fruit","Beef, Veal, Game (deer, venison), Poultry",Pinot Noir
Laurent Ponsot Cuvée du Saule Griotte-Chambertin Grand Cru 2019,France,799.99,4.4,images/Laurent_Ponsot_Cuve_du_Saule_Griotte_Chambertin_Gr.png,images/bottle_Laurent_Ponsot_Cuve_du_Saule_Griotte_Chambe.png,Griotte-Chambertin Grand Cru,Laurent Ponsot,"red fruit, black fruit, earth, oak, spices, floral, non oak, tropical fruit","Beef, Veal, Game (deer, venison), Poultry",Pinot Noir
